NEFT_Ref,igst_amount,cgst_amount,sgst_amount,MRP,customer_paid_amt,Commission,IGST_TCS,CGST_TCS,SGST_TCS,Payment_Type,TDS,Shipping_Fee,pick_and_pack_fee,fixed_fee,Payment_Gateway_Fee,Logistics_Commission,Settled_Amount,NOD_Comment,Store_Order_id,Payment_Date,order_line_id,seller_order_id,return_id,Order_Type,order_release_id,Packet_Id,Seller_Id,taxable_amount,Tax_Rate,seller_discount,platform_discount,total_discount,comments,fwdAdditionalCharges,rvsAdditionalCharges,techEnablement,airLogistics,royaltyCharges,royaltyPercent,marketingCharges,marketingPercent,marketingContribution,commission_discount,sale_Total_Customer_Paid
NFT-/XUTR/DEUTH02611333684X,27.19,0.0,0.0,1799.0,571.0,148.232,2.719,0.0,0.0,prepaid,0.544,0.0,0.0,27.0,0.0,31.86,387.645,"",'132730076382583064901,2026-04-23,11078850263,81457f20-0d8e-4a25-af4c-4fcc8dd17650,"",Forward,100024121377,100024121377,11504,543.81,5.0,1134.0,0.0,1134.0,packet_delivered,0.0,0.0,0.0,0.0,0.0,0.0,0.0,0.0,NA,0,665.0
NFT-/XUTR/DEUTH02611333684X,97.29,0.0,0.0,4499.0,2043.0,482.148,9.729,0.0,0.0,prepaid,1.946,167.0,0.0,0.0,0.0,197.06,-1746.237,"",'132733366842436939001,2026-04-23,11079239575,08f8a650-70af-415a-8701-ace7bd74728d,11079239575,Reverse,100024510674,100024510674,11504,1945.71,5.0,2250.0,0.0,2250.0,exchange,0.0,0.0,0.0,0.0,0.0,0.0,0.0,0.0,NA,0,2249.0
NFT-/XUTR/DEUTH02611333684X,33.57,0.0,0.0,1599.0,705.0,183.018,3.357,0.0,0.0,prepaid,0.671,0.0,0.0,27.0,0.0,31.86,486.094,"",'132741071977836988101,2026-04-23,11080907614,c0291274-b050-4f21-b608-2565a1d52a25,"",Forward,100026178706,100026178706,11504,671.43,5.0,800.0,0.0,800.0,packet_delivered,0.0,0.0,0.0,0.0,0.0,0.0,0.0,0.0,NA,0,799.0
NFT-/XUTR/DEUTH02611333684X,70.38,0.0,0.0,3299.0,1478.0,366.248,7.038,0.0,0.0,prepaid,1.408,0.0,0.0,45.0,0.0,53.1,1050.206,"",'132726416937343500603,2026-04-23,11077695584,9d9161de-838c-428f-a120-4f8b1f0e509a,"",Forward,100022966702,1000006781600,11504,1407.62,5.0,1650.0,0.0,1650.0,packet_delivered,0.0,0.0,0.0,0.0,0.0,0.0,0.0,0.0,NA,0,1649.0
NFT-/XUTR/DEUTH02611333684X,33.52,0.0,0.0,1699.0,704.0,182.758,3.352,0.0,0.0,prepaid,0.67,0.0,0.0,27.0,0.0,31.86,485.36,"",'132721406976080415603,2026-04-23,11076674139,1f10a4cd-9d47-408d-bc4b-eb6e3c6c1156,"",Forward,100021945270,100021945270,11504,670.48,5.0,901.0,0.0,901.0,packet_delivered,0.0,0.0,0.0,0.0,0.0,0.0,0.0,0.0,NA,0,798.0
NFT-/XUTR/DEUTH02611333684X,79.91,0.0,0.0,3699.0,1678.0,376.208,7.99,0.0,0.0,prepaid,1.598,0.0,0.0,45.0,0.0,53.1,1239.104,"",'132720311688497931703,2026-04-23,11076391219,af8eb460-3c64-46a0-a842-10914d409afb,"",Forward,100021662350,100021662350,11504,1598.1,5.0,1850.0,0.0,1850.0,packet_delivered,0.0,0.0,0.0,0.0,0.0,0.0,0.0,0.0,NA,0,1849.01
NFT-/XUTR/DEUTH02611333684X,77.52,0.0,0.0,1799.0,1628.0,384.208,7.752,0.0,0.0,prepaid,1.55,0.0,0.0,45.0,0.0,53.1,1181.39,"",'132716770268114790301,2026-04-23,11075321251,408a0564-2cc2-42cd-bf8d-5ac446b5e860,"",Forward,100020592386,100020592386,11504,1550.48,5.0,0.0,0.0,0.0,packet_delivered,0.0,0.0,0.0,0.0,0.0,0.0,0.0,0.0,NA,0,1799.0
NFT-/XUTR/DEUTH02611333684X,28.81,0.0,0.0,1999.0,605.0,42.834,2.881,0.0,0.0,prepaid,0.576,0.0,0.0,27.0,0.0,31.86,526.849,"",'132721075749330388103,2026-04-23,11076624568,86ff3b16-c95e-423c-b341-052a7448ef2c,"",Forward,100021895699,100021895699,11504,576.19,5.0,1300.0,0.0,1300.0,packet_delivered,0.0,0.0,0.0,0.0,0.0,0.0,0.0,0.0,NA,0,699.0
NFT-/XUTR/DEUTH02611333684X,537.26,0.0,0.0,7999.0,3522.0,831.192,14.924,0.0,0.0,prepaid,2.985,167.0,0.0,0.0,0.0,197.06,-2869.959,"",'132661004299465066201,2026-04-23,11063700634,3b98183e-5ac8-443e-bedf-057b58331fd6,100153163358,Reverse,100008972036,100008972036,11504,2984.75,18.0,4271.0,0.0,4271.0,return_refund,0.0,0.0,0.0,0.0,0.0,0.0,0.0,0.0,NA,0,3728.01
NFT-/XUTR/DEUTH02611333684X,0.0,36.38,36.38,3399.0,1528.0,378.638,0.0,3.638,3.638,prepaid,1.455,0.0,0.0,45.0,0.0,53.1,1087.531,"",'132743155073219703903,2026-04-23,11081487686,006e5d06-14bc-4a84-8a36-e7672774092b,"",Forward,100026758778,100026758778,11504,1455.24,5.0,1700.0,0.0,1700.0,packet_delivered,0.0,0.0,0.0,0.0,0.0,0.0,0.0,0.0,NA,0,1699.0000000000002
NFT-/XUTR/DEUTH02611333684X,40.24,0.0,0.0,1999.0,845.0,219.362,4.024,0.0,0.0,prepaid,0.805,167.0,0.0,0.0,0.0,197.06,-817.869,"",'132718519625188448303,2026-04-23,11075840485,a889bdd0-fdd6-4c72-9178-f37c692971ce,100149551318,Reverse,100021111617,100021111617,11504,804.76,5.0,1060.0,0.0,1060.0,return_refund,0.0,0.0,0.0,0.0,0.0,0.0,0.0,0.0,NA,0,939.0
NFT-/XUTR/DEUTH02611333684X,58.95,0.0,0.0,2999.0,1238.0,306.776,5.895,0.0,0.0,prepaid,1.179,0.0,0.0,45.0,0.0,53.1,871.05,"",'132720785134114688001,2026-04-23,11076552958,582e3a9d-20dd-4e90-a14f-7ad88ce60e32,"",Forward,100021824089,1000006172371,11504,1179.05,5.0,1590.0,0.0,1590.0,packet_delivered,0.0,0.0,0.0,0.0,0.0,0.0,0.0,0.0,NA,0,1409.0
NFT-/XUTR/DEUTH02611333684X,18.95,0.0,0.0,1699.0,398.0,18.786,1.895,0.0,0.0,prepaid,0.379,0.0,0.0,0.0,0.0,0.0,376.94,"",'132719550987650989201,2026-04-23,11076135060,f0eda02d-fbe0-40f0-bc3b-522557405662,"",Forward,100021406192,100021406192,11504,379.05,5.0,1207.0,0.0,1207.0,packet_delivered,0.0,0.0,0.0,0.0,0.0,0.0,0.0,0.0,NA,0,492.0
NFT-/XUTR/DEUTH02611333684X,38.33,0.0,0.0,1799.0,805.0,208.978,3.833,0.0,0.0,prepaid,0.767,0.0,0.0,27.0,0.0,31.86,559.562,"",'132736052613997652003,2026-04-23,11079978636,97c13e58-6fe3-4ab0-bf11-f3f1d02cb373,"",Forward,100025249728,1000006968577,11504,766.67,5.0,900.0,0.0,900.0,packet_delivered,0.0,0.0,0.0,0.0,0.0,0.0,0.0,0.0,NA,0,899.0
NFT-/XUTR/DEUTH02611333684X,75.14,0.0,0.0,3499.0,1578.0,391.028,7.514,0.0,0.0,prepaid,1.503,167.0,0.0,0.0,0.0,197.06,-1375.015,"",'132729589245392178303,2026-04-23,11078780917,718442af-36d0-4cdc-bec1-276380ac3978,11078780917,Reverse,100024052031,1000006800895,11504,1502.86,5.0,1750.0,0.0,1750.0,exchange,0.0,0.0,0.0,0.0,0.0,0.0,0.0,0.0,NA,0,1749.0
NFT-/XUTR/DEUTH02611333684X,19.29,0.0,0.0,1999.0,405.0,19.116,1.929,0.0,0.0,prepaid,0.386,0.0,0.0,15.0,0.0,17.7,365.869,"",'132720769952575906303,2026-04-23,11076548167,bb1a2d53-aef1-4537-b031-2914c892a4b0,"",Forward,100021819298,100021819298,11504,385.71,5.0,1500.0,0.0,1500.0,packet_delivered,0.0,0.0,0.0,0.0,0.0,0.0,0.0,0.0,NA,0,499.0
NFT-/XUTR/DEUTH02611333684X,45.14,0.0,0.0,2799.0,948.0,246.101,4.514,0.0,0.0,prepaid,0.903,167.0,0.0,0.0,0.0,197.06,-893.542,"",'132716938218468190401,2026-04-23,11075374529,373a9abf-24ff-435e-9b49-d1766026f3f5,100149564398,Reverse,100020645664,1000006150758,11504,902.86,5.0,1680.0,0.0,1680.0,return_refund,0.0,0.0,0.0,0.0,0.0,0.0,0.0,0.0,NA,0,1119.0
NFT-/XUTR/DEUTH02611333684X,23.67,0.0,0.0,1599.0,496.99999999999994,23.458,2.367,0.0,0.0,prepaid,0.473,167.0,0.0,0.0,0.0,197.06,-667.762,"",'132729088738260327901,2026-04-23,11078617838,b04cec49-129d-4efb-bfb7-a3c1d9fe1047,100152927795,Reverse,100023888953,1000006474832,11504,473.33,5.0,1008.0,0.0,1008.0,return_refund,0.0,0.0,0.0,0.0,0.0,0.0,0.0,0.0,NA,0,591.0
NFT-/XUTR/DEUTH02611333684X,65.67,0.0,0.0,3299.0,1379.0,341.716,6.567,0.0,0.0,prepaid,1.313,0.0,0.0,45.0,0.0,53.1,976.304,"",'132729589245392178303,2026-04-23,11078780919,718442af-36d0-4cdc-bec1-276380ac3978,"",Forward,100024052033,1000006800895,11504,1313.33,5.0,1749.0,0.0,1749.0,packet_delivered,0.0,0.0,0.0,0.0,0.0,0.0,0.0,0.0,NA,0,1550.0
NFT-/XUTR/DEUTH02611333684X,42.62,0.0,0.0,2999.0,895.0,232.342,4.262,0.0,0.0,prepaid,0.852,167.0,0.0,0.0,0.0,197.06,-854.604,"",'132720447733805921903,2026-04-23,11076439188,0af65608-2e4d-46d9-a989-4bbf9202bee2,100150590824,Reverse,100021710319,100021710319,11504,852.38,5.0,2010.0,0.0,2010.0,return_refund,0.0,0.0,0.0,0.0,0.0,0.0,0.0,0.0,NA,0,989.0
NFT-/XUTR/DEUTH02611333684X,0.0,9.48,9.48,1699.0,398.0,18.786,0.0,0.9475,0.9475,prepaid,0.379,91.0,0.0,0.0,0.0,107.38,-484.32,"",'132750219677313802801,2026-04-23,11082990135,7a725145-b203-4ef8-badb-f87da286c18e,100151499991,Reverse,100028261197,100028261197,11504,379.04,5.0,1207.0,0.0,1207.0,return_refund,0.0,0.0,0.0,0.0,0.0,0.0,0.0,0.0,NA,0,492.00000000000006
NFT-/XUTR/DEUTH02611333684X,19.67,0.0,0.0,1750.0,413.0,19.494,1.967,0.0,0.0,prepaid,0.393,0.0,0.0,15.0,0.0,17.7,373.446,"",'132729088738260327901,2026-04-23,11078617842,b04cec49-129d-4efb-bfb7-a3c1d9fe1047,"",Forward,100023888957,1000006474832,11504,393.33,5.0,1243.0,0.0,1243.0,packet_delivered,0.0,0.0,0.0,0.0,0.0,0.0,0.0,0.0,NA,0,507.0
NFT-/XUTR/DEUTH02611333684X,38.33,0.0,0.0,1799.0,805.0,208.978,3.833,0.0,0.0,prepaid,0.767,112.0,0.0,0.0,0.0,132.16,-723.582,"",'132736052613997652003,2026-04-23,11079978636,97c13e58-6fe3-4ab0-bf11-f3f1d02cb373,100149779468,Reverse,100025249728,1000006968577,11504,766.67,5.0,900.0,0.0,900.0,return_refund,0.0,0.0,0.0,0.0,0.0,0.0,0.0,0.0,NA,0,899.0
NFT-/XUTR/DEUTH02611333684X,0.0,11.83,11.83,1599.0,497.0,23.458,0.0,1.1835,1.1835,prepaid,0.473,91.0,0.0,0.0,0.0,107.38,-578.082,"",'132747788935834605401,2026-04-23,11082720573,f3bb134e-54ef-4622-a7f7-cbe1ecb6db45,11082720573,Reverse,100027991639,100027991639,11504,473.34,5.0,1008.0,0.0,1008.0,exchange,0.0,0.0,0.0,0.0,0.0,0.0,0.0,0.0,NA,0,591.0
NFT-/XUTR/DEUTH02611333684X,34.05,0.0,0.0,1799.0,715.0,185.614,3.405,0.0,0.0,prepaid,0.681,0.0,0.0,27.0,0.0,31.86,493.44,"",'132720461262367305803,2026-04-23,11076443904,e50fd3c4-f460-41fe-9e75-b84ad3602c9e,"",Forward,100021715035,100021715035,11504,680.95,5.0,990.0,0.0,990.0,packet_delivered,0.0,0.0,0.0,0.0,0.0,0.0,0.0,0.0,NA,0,809.0
NFT-/XUTR/DEUTH02611333684X,106.81,0.0,0.0,3499.0,2243.0,529.348,10.681,0.0,0.0,prepaid,2.136,0.0,0.0,61.0,0.0,71.98,1628.855,"",'132720571670877576701,2026-04-23,11076481192,17003349-a35f-41f3-994b-5e97be335fc8,"",Forward,100021752323,1000006177106,11504,2136.19,5.0,1050.0,0.0,1050.0,packet_delivered,0.0,0.0,0.0,0.0,0.0,0.0,0.0,0.0,NA,0,2449.0
NFT-/XUTR/DEUTH02611333684X,56.71,0.0,0.0,2899.0,1191.0,295.13,5.671,0.0,0.0,prepaid,1.134,167.0,0.0,0.0,0.0,197.06,-1086.125,"",'132717345361176741401,2026-04-23,11075500443,fc6afde2-ff02-45ee-a659-565fecafeae0,100149404704,Reverse,100020771578,100020771578,11504,1134.29,5.0,1537.0,0.0,1537.0,return_refund,0.0,0.0,0.0,0.0,0.0,0.0,0.0,0.0,NA,0,1362.0
NFT-/XUTR/DEUTH02611333684X,56.86,0.0,0.0,1950.0,866.587,204.515,4.127,0.0,0.0,prepaid,0.825,0.0,0.0,32.66,0.0,38.5388,618.581,"",'132732632234821437601,2026-04-23,11079052794,0c19f5ae-805a-44f4-bd88-ed88b02a791b,"",Forward,100024323906,100024323906,11504,1137.14,5.0,585.0,0.0,585.0,packet_delivered,0.0,0.0,0.0,0.0,0.0,0.0,0.0,0.0,NA,0,1365.01
NFT-/XUTR/DEUTH02611333684X,63.24,0.0,0.0,2999.0,1328.0,329.078,6.324,0.0,0.0,prepaid,1.265,0.0,0.0,45.0,0.0,53.1,938.233,"",'132745506613112536403,2026-04-23,11082173123,b722339f-7369-4a42-9859-edc94e9cbe09,"",Forward,100027444189,100027444189,11504,1264.76,5.0,1500.0,0.0,1500.0,packet_delivered,0.0,0.0,0.0,0.0,0.0,0.0,0.0,0.0,NA,0,1498.98
NFT-/XUTR/DEUTH02611333684X,44.67,0.0,0.0,2999.0,938.0,243.505,4.467,0.0,0.0,prepaid,0.893,0.0,0.0,27.0,0.0,31.86,657.275,"",'132725261044504788503,2026-04-23,11077287016,e8401c90-71c5-457d-b9b3-dfcf58c416dd,"",Forward,100022558145,100022558145,11504,893.33,5.0,1890.0,0.0,1890.0,packet_delivered,0.0,0.0,0.0,0.0,0.0,0.0,0.0,0.0,NA,0,1109.0
NFT-/XUTR/DEUTH02611333684X,502.32,0.0,0.0,4999.0,3293.0,777.148,13.953,0.0,0.0,prepaid,2.791,91.0,0.0,0.0,0.0,107.38,-2606.488,"",'132749584724656351303,2026-04-23,11082846089,65377c6c-ea56-4a68-979f-1504da463822,11082846089,Reverse,100028117154,100028117154,11504,2790.68,18.0,1500.0,0.0,1500.0,exchange,0.0,0.0,0.0,0.0,0.0,0.0,0.0,0.0,NA,0,3499.0
NFT-/XUTR/DEUTH02611333684X,51.81,0.0,0.0,1799.0,1088.0,256.768,5.181,0.0,0.0,prepaid,1.036,0.0,0.0,45.0,0.0,53.1,771.915,"",'132745407713239852101,2026-04-23,11082142246,feccc827-6735-4b66-b198-39aee83041ee,"",Forward,100027413312,1000007596124,11504,1036.19,5.0,540.0,0.0,540.0,packet_delivered,0.0,0.0,0.0,0.0,0.0,0.0,0.0,0.0,NA,0,1259.0
NFT-/XUTR/DEUTH02611333684X,41.95,0.0,0.0,2499.0,881.0,239.103,4.195,0.0,0.0,prepaid,0.839,0.0,0.0,27.0,0.0,31.86,605.003,"",'132708612993245242301,2026-04-23,11073458192,68575882-4aa2-43cf-9c23-675992c07386,"",Forward,100018729338,100018729338,11504,839.05,5.0,1500.0,0.0,1500.0,packet_delivered,0.0,0.0,0.0,0.0,0.0,0.0,0.0,0.0,NA,0,999.0
NFT-/XUTR/DEUTH02611333684X,34.81,0.0,0.0,1650.0,731.0,189.768,3.481,0.0,0.0,prepaid,0.696,167.0,0.0,0.0,0.0,197.06,-734.115,"",'132724510617878112303,2026-04-23,11077020755,c181de82-4af3-41e3-8efb-5de40a92fbc6,11077020755,Reverse,100022291884,100022291884,11504,696.19,5.0,825.0,0.0,825.0,exchange,0.0,0.0,0.0,0.0,0.0,0.0,0.0,0.0,NA,0,824.99
NFT-/XUTR/DEUTH02611333684X,35.14,0.0,0.0,1799.0,738.0,191.585,3.514,0.0,0.0,prepaid,0.703,167.0,0.0,0.0,0.0,197.06,-739.258,"",'132667433657181880203,2026-04-23,11064866778,86eb826a-7694-4eb1-b3e6-28fadf2a63d4,100152868133,Reverse,100010138038,100010138038,11504,702.86,5.0,967.0,0.0,967.0,return_refund,0.0,0.0,0.0,0.0,0.0,0.0,0.0,0.0,NA,0,832.0
NFT-/XUTR/DEUTH02611333684X,35.95,0.0,0.0,1699.0,755.0,195.998,3.595,0.0,0.0,prepaid,0.719,167.0,0.0,0.0,0.0,197.06,-751.748,"",'132720345079296369503,2026-04-23,11076402904,d34d9002-2346-44d3-afd4-fe425c81a621,11076402904,Reverse,100021674035,100021674035,11504,719.05,5.0,850.0,0.0,850.0,exchange,0.0,0.0,0.0,0.0,0.0,0.0,0.0,0.0,NA,0,849.0
NFT-/XUTR/DEUTH02611333684X,27.19,0.0,0.0,1799.0,571.0,148.232,2.719,0.0,0.0,prepaid,0.544,0.0,0.0,27.0,0.0,31.86,387.645,"",'132738034245021115203,2026-04-23,11080625303,4f79e966-bfa8-4b43-8e89-cd78fe0142ea,"",Forward,100025896395,100025896395,11504,543.81,5.0,1134.0,0.0,1134.0,packet_delivered,0.0,0.0,0.0,0.0,0.0,0.0,0.0,0.0,NA,0,665.0
NFT-/XUTR/DEUTH02611333684X,79.91,0.0,0.0,3699.0,1678.0,376.208,7.99,0.0,0.0,prepaid,1.598,167.0,0.0,0.0,0.0,197.06,-1489.264,"",'132720311688497931703,2026-04-23,11076391219,af8eb460-3c64-46a0-a842-10914d409afb,100149647080,Reverse,100021662350,100021662350,11504,1598.1,5.0,1850.0,0.0,1850.0,return_refund,0.0,0.0,0.0,0.0,0.0,0.0,0.0,0.0,NA,0,1849.01
NFT-/XUTR/DEUTH02611333684X,58.95,0.0,0.0,2999.0,1238.0,306.776,5.895,0.0,0.0,prepaid,1.179,167.0,0.0,0.0,0.0,197.06,-1121.21,"",'132724464056823725301,2026-04-23,11077005952,d8c34439-951e-4e32-aabe-5198ef491549,100149827547,Reverse,100022277081,100022277081,11504,1179.05,5.0,1590.0,0.0,1590.0,return_refund,0.0,0.0,0.0,0.0,0.0,0.0,0.0,0.0,NA,0,1409.0
NFT-/XUTR/DEUTH02611333684X,90.14,0.0,0.0,2999.0,1893.0,469.085,9.014,0.0,0.0,prepaid,1.803,167.0,0.0,0.0,0.0,197.06,-1610.158,"",'132719931572284382403,2026-04-23,11076257648,c6e0d210-08d3-4fa0-ae51-a77fbed4d68b,100152887233,Reverse,100021528780,100021528780,11504,1802.86,5.0,900.0,0.0,900.0,return_refund,0.0,0.0,0.0,0.0,0.0,0.0,0.0,0.0,NA,0,2099.0
NFT-/XUTR/DEUTH02611333684X,100.14,0.0,0.0,3299.0,2103.0,496.308,10.014,0.0,0.0,prepaid,2.003,91.0,0.0,0.0,0.0,107.38,-1702.055,"",'132735433020449255401,2026-04-23,11079813841,4bdca93b-5dbe-4ab8-bddc-c11fdfed32d4,100150820768,Reverse,100025084937,1000007399762,11504,2002.86,5.0,990.0,0.0,990.0,return_refund,0.0,0.0,0.0,0.0,0.0,0.0,0.0,0.0,NA,0,2309.0
NFT-/XUTR/DEUTH02611333684X,43.1,0.0,0.0,1999.0,905.0,234.938,4.31,0.0,0.0,prepaid,0.862,0.0,0.0,27.0,0.0,31.86,633.03,"",'132717107966518543501,2026-04-23,11075427524,f9f4c8ef-3020-4ba9-9200-2bddf3e3c986,"",Forward,100020698659,100020698659,11504,861.9,5.0,1000.0,0.0,1000.0,packet_delivered,0.0,0.0,0.0,0.0,0.0,0.0,0.0,0.0,NA,0,999.0
NFT-/XUTR/DEUTH02611333684X,63.24,0.0,0.0,2999.0,1328.0,329.078,6.324,0.0,0.0,prepaid,1.265,0.0,0.0,45.0,0.0,53.1,938.233,"",'132718093795062913101,2026-04-23,11075720061,f7355763-016d-409b-b050-671525595cc3,"",Forward,100020991194,100020991194,11504,1264.76,5.0,1500.0,0.0,1500.0,packet_delivered,0.0,0.0,0.0,0.0,0.0,0.0,0.0,0.0,NA,0,1498.99
NFT-/XUTR/DEUTH02611333684X,42.52,0.0,0.0,2599.0,893.0,231.823,4.252,0.0,0.0,prepaid,0.85,0.0,0.0,27.0,0.0,31.86,624.215,"",'132727792927407828101,2026-04-23,11078135791,db02ad93-6de7-4e33-9f7c-e5d7d87f6606,"",Forward,100023406906,100023406906,11504,850.48,5.0,1612.0,0.0,1612.0,packet_delivered,0.0,0.0,0.0,0.0,0.0,0.0,0.0,0.0,NA,0,987.0
NFT-/XUTR/DEUTH02611333684X,75.14,0.0,0.0,3499.0,1578.0,391.028,7.514,0.0,0.0,prepaid,1.503,0.0,0.0,45.0,0.0,53.1,1124.855,"",'132729589245392178303,2026-04-23,11078780917,718442af-36d0-4cdc-bec1-276380ac3978,"",Forward,100024052031,1000006800895,11504,1502.86,5.0,1750.0,0.0,1750.0,packet_delivered,0.0,0.0,0.0,0.0,0.0,0.0,0.0,0.0,NA,0,1749.0
NFT-/XUTR/DEUTH02611333684X,35.29,0.0,0.0,3499.0,741.0,34.97500000000001,3.529,0.0,0.0,prepaid,0.706,0.0,0.0,27.0,0.0,31.86,669.93,"",'132716643676273742103,2026-04-23,11075279568,b441a0dd-74ab-44d2-82ec-ba4435a34764,"",Forward,100020550703,1000006148895,11504,705.71,5.0,2587.0,0.0,2587.0,packet_delivered,0.0,0.0,0.0,0.0,0.0,0.0,0.0,0.0,NA,0,912.01
NFT-/XUTR/DEUTH02611333684X,34.05,0.0,0.0,1799.0,715.0,185.614,3.405,0.0,0.0,prepaid,0.681,0.0,0.0,27.0,0.0,31.86,493.44,"",'132728823169072341601,2026-04-23,11078510415,124a1c09-4447-445b-9ad9-0e8ce3dab673,"",Forward,100023781530,100023781530,11504,680.95,5.0,990.0,0.0,990.0,packet_delivered,0.0,0.0,0.0,0.0,0.0,0.0,0.0,0.0,NA,0,809.0
NFT-/XUTR/DEUTH02611333684X,63.24,0.0,0.0,2999.0,1328.0,329.078,6.324,0.0,0.0,prepaid,1.265,0.0,0.0,45.0,0.0,53.1,938.233,"",'132742603080317524201,2026-04-23,11081329364,485e7b90-c2fd-42bd-bc73-0206f874e5e5,"",Forward,100026600456,100026600456,11504,1264.76,5.0,1500.0,0.0,1500.0,packet_delivered,0.0,0.0,0.0,0.0,0.0,0.0,0.0,0.0,NA,0,1499.0
NFT-/XUTR/DEUTH02611333684X,35.76,0.0,0.0,1799.0,751.0,194.96,3.576,0.0,0.0,prepaid,0.715,0.0,0.0,27.0,0.0,31.86,519.889,"",'132726463693433241301,2026-04-23,11077710496,e674829c-1897-4780-8f4d-b58276d02b02,"",Forward,100022981614,1000006271909,11504,715.24,5.0,954.0,0.0,954.0,packet_delivered,0.0,0.0,0.0,0.0,0.0,0.0,0.0,0.0,NA,0,845.0
NFT-/XUTR/DEUTH02611333684X,25.43,0.0,0.0,1699.0,534.0,138.626,2.543,0.0,0.0,prepaid,0.509,0.0,0.0,27.0,0.0,31.86,360.462,"",'132746463989742404501,2026-04-23,11082519197,fb161e27-3994-4baa-9693-799459601bae,"",Forward,100027790263,100027790263,11504,508.57,5.0,1071.0,0.0,1071.0,packet_delivered,0.0,0.0,0.0,0.0,0.0,0.0,0.0,0.0,NA,0,628.0
NFT-/XUTR/DEUTH02611333684X,26.33,0.0,0.0,1850.0,6.58,1.708,0.031,0.0,0.0,prepaid,0.006,0.0,0.0,0.321,0.0,0.37878,4.456,"",'132718049934009559503,2026-04-23,11075707962,e7d46f48-59c5-476c-8c0e-e83bfa8f2dd3,"",Forward,100020979095,1000005693669,11504,526.67,5.0,1203.0,0.0,1203.0,packet_delivered,0.0,0.0,0.0,0.0,0.0,0.0,0.0,0.0,NA,0,647.0
NFT-/XUTR/DEUTH02611333684X,81.33,0.0,0.0,3999.0,1708.0,443.397,8.133,0.0,0.0,prepaid,1.627,0.0,0.0,45.0,0.0,53.1,1201.743,"",'132717893055134376401,2026-04-23,11075662491,053a8684-330a-4469-87c9-3640e227c157,"",Forward,100020933625,100020933625,11504,1626.67,5.0,2120.0,0.0,2120.0,packet_delivered,0.0,0.0,0.0,0.0,0.0,0.0,0.0,0.0,NA,0,1878.99
NFT-/XUTR/DEUTH02611333684X,87.05,0.0,0.0,1999.0,1828.0,431.408,8.705,0.0,0.0,prepaid,1.741,0.0,0.0,45.0,0.0,53.1,1333.046,"",'132724760016065685603,2026-04-23,11077103734,89b979c6-f4b0-4c2e-8592-0d76e17da705,"",Forward,100022374863,1000006090429,11504,1740.95,5.0,0.0,0.0,0.0,packet_delivered,0.0,0.0,0.0,0.0,0.0,0.0,0.0,0.0,NA,0,1999.0
NFT-/XUTR/DEUTH02611333684X,0.0,20.52,20.52,2899.0,862.0,223.775,0.0,2.0525,2.0525,prepaid,0.821,0.0,0.0,27.0,0.0,31.86,601.439,"",'132732587711469534603,2026-04-23,11079043265,14806703-a0e4-47ad-b6c7-741d705e443e,"",Forward,100024314378,100024314378,11504,820.96,5.0,1943.0,0.0,1943.0,packet_delivered,0.0,0.0,0.0,0.0,0.0,0.0,0.0,0.0,NA,0,956.0
NFT-/XUTR/DEUTH02611333684X,48.48,0.0,0.0,1699.0,1018.0,240.248,4.848,0.0,0.0,prepaid,0.97,0.0,0.0,45.0,0.0,53.1,718.834,"",'132726524093030084603,2026-04-23,11077730126,5a67988b-9319-4b16-99bc-ac4c579853bc,"",Forward,100023001244,100023001244,11504,969.52,5.0,510.0,0.0,510.0,packet_delivered,0.0,0.0,0.0,0.0,0.0,0.0,0.0,0.0,NA,0,1189.0
NFT-/XUTR/DEUTH02611333684X,42.43,0.0,0.0,3399.0,891.0,231.304,4.243,0.0,0.0,prepaid,0.849,167.0,0.0,0.0,0.0,197.06,-851.664,"",'132728602133676717901,2026-04-23,11078419497,c304fdaa-3e76-4a65-a445-ba6d64a992e5,100150185277,Reverse,100023690612,1000006804535,11504,848.57,5.0,2414.0,0.0,2414.0,return_refund,0.0,0.0,0.0,0.0,0.0,0.0,0.0,0.0,NA,0,985.0
NFT-/XUTR/DEUTH02611333684X,81.81,0.0,0.0,2699.0,1718.0,425.72,8.181,0.0,0.0,prepaid,1.636,0.0,0.0,45.0,0.0,53.1,1229.363,"",'132720571670877576701,2026-04-23,11076481186,17003349-a35f-41f3-994b-5e97be335fc8,"",Forward,100021752317,1000006177106,11504,1636.19,5.0,810.0,0.0,810.0,packet_delivered,0.0,0.0,0.0,0.0,0.0,0.0,0.0,0.0,NA,0,1889.0
NFT-/XUTR/DEUTH02611333684X,32.43,0.0,0.0,1650.0,681.0,176.788,3.243,0.0,0.0,prepaid,0.649,0.0,0.0,27.0,0.0,31.86,468.46,"",'132720451241367947703,2026-04-23,11076440405,cf96ad8c-6aa8-4c21-8331-932fb00688b8,"",Forward,100021711536,1000006178541,11504,648.57,5.0,875.0,0.0,875.0,packet_delivered,0.0,0.0,0.0,0.0,0.0,0.0,0.0,0.0,NA,0,775.0
NFT-/XUTR/DEUTH02611333684X,19.05,0.0,0.0,1499.0,400.0,18.88,1.905,0.0,0.0,prepaid,0.381,0.0,0.0,0.0,0.0,0.0,378.834,"",'132729088738260327901,2026-04-23,11078617837,b04cec49-129d-4efb-bfb7-a3c1d9fe1047,"",Forward,100023888952,1000006474832,11504,380.95,5.0,1005.0,0.0,1005.0,packet_delivered,0.0,0.0,0.0,0.0,0.0,0.0,0.0,0.0,NA,0,494.0
NFT-/XUTR/DEUTH02611333684X,502.32,0.0,0.0,4999.0,3293.0,777.148,13.953,0.0,0.0,prepaid,2.791,0.0,0.0,61.0,0.0,71.98,2427.128,"",'132749584724656351303,2026-04-23,11082846089,65377c6c-ea56-4a68-979f-1504da463822,"",Forward,100028117154,100028117154,11504,2790.68,18.0,1500.0,0.0,1500.0,packet_delivered,0.0,0.0,0.0,0.0,0.0,0.0,0.0,0.0,NA,0,3499.0
NFT-/XUTR/DEUTH02611333684X,37.19,0.0,0.0,1750.0,781.0,202.748,3.719,0.0,0.0,prepaid,0.744,0.0,0.0,27.0,0.0,31.86,541.929,"",'132718124648096493803,2026-04-23,11075728587,c9723abd-0265-4f4c-a113-ef7dea60ee3f,"",Forward,100020999720,100020999720,11504,743.81,5.0,875.0,0.0,875.0,packet_delivered,0.0,0.0,0.0,0.0,0.0,0.0,0.0,0.0,NA,0,875.0
NFT-/XUTR/DEUTH02611333684X,58.48,0.0,0.0,2799.0,1228.0,304.298,5.848,0.0,0.0,prepaid,1.17,167.0,0.0,0.0,0.0,197.06,-1113.744,"",'132728551224817641001,2026-04-23,11078399973,803bb48a-dd7f-4a32-88ff-ab9be9792efc,100149484005,Reverse,100023671088,100023671088,11504,1169.52,5.0,1400.0,0.0,1400.0,return_refund,0.0,0.0,0.0,0.0,0.0,0.0,0.0,0.0,NA,0,1398.99
NFT-/XUTR/DEUTH02611333684X,106.81,0.0,0.0,3499.0,2243.0,529.348,10.681,0.0,0.0,prepaid,2.136,0.0,0.0,61.0,0.0,71.98,1628.855,"",'132746844223660944601,2026-04-23,11082627328,71d5d94f-b680-4220-866f-fc041fb18783,"",Forward,100027898394,100027898394,11504,2136.19,5.0,1050.0,0.0,1050.0,packet_delivered,0.0,0.0,0.0,0.0,0.0,0.0,0.0,0.0,NA,0,2449.0
NFT-/XUTR/DEUTH02611333684X,60.86,0.0,0.0,2899.0,1278.0,316.688,6.086,0.0,0.0,prepaid,1.217,0.0,0.0,45.0,0.0,53.1,900.909,"",'132717415311273577401,2026-04-23,11075521865,f372c9c5-32f0-4458-af06-ba3ce58320ff,"",Forward,100020793000,1000006162971,11504,1217.14,5.0,1450.0,0.0,1450.0,packet_delivered,0.0,0.0,0.0,0.0,0.0,0.0,0.0,0.0,NA,0,1449.0
NFT-/XUTR/DEUTH02611333684X,63.24,0.0,0.0,2999.0,1328.0,329.078,6.324,0.0,0.0,prepaid,1.265,167.0,0.0,0.0,0.0,197.06,-1188.393,"",'132724769706072133101,2026-04-23,11077107159,b819cd93-86a1-4bb9-86ee-cc3d7aafe1aa,100149570605,Reverse,100022378289,1000006177855,11504,1264.76,5.0,1500.0,0.0,1500.0,return_refund,0.0,0.0,0.0,0.0,0.0,0.0,0.0,0.0,NA,0,1499.0
NFT-/XUTR/DEUTH02611333684X,38.33,0.0,0.0,1799.0,805.0,208.978,3.833,0.0,0.0,prepaid,0.767,0.0,0.0,27.0,0.0,31.86,559.562,"",'132726240922002657901,2026-04-23,11077637196,dbeef990-173a-4ed3-a98d-4afd7bad0568,"",Forward,100022908321,1000006244865,11504,766.67,5.0,900.0,0.0,900.0,packet_delivered,0.0,0.0,0.0,0.0,0.0,0.0,0.0,0.0,NA,0,899.0
NFT-/XUTR/DEUTH02611333684X,43.1,0.0,0.0,1999.0,905.0,234.938,4.31,0.0,0.0,prepaid,0.862,0.0,0.0,27.0,0.0,31.86,633.03,"",'132724209071140212603,2026-04-23,11076935330,5bc54a76-e308-410a-8e83-975b4b9469b3,"",Forward,100022206460,100022206460,11504,861.9,5.0,1000.0,0.0,1000.0,packet_delivered,0.0,0.0,0.0,0.0,0.0,0.0,0.0,0.0,NA,0,999.0
NFT-/XUTR/DEUTH02611333684X,41.19,0.0,0.0,2999.0,865.0,224.554,4.119,0.0,0.0,prepaid,0.824,0.0,0.0,27.0,0.0,31.86,603.643,"",'132720425619484288903,2026-04-23,11076431494,8789a368-d8d0-45f1-aecd-a9a53cc2723b,"",Forward,100021702625,100021702625,11504,823.81,5.0,2040.0,0.0,2040.0,packet_delivered,0.0,0.0,0.0,0.0,0.0,0.0,0.0,0.0,NA,0,959.0
NFT-/XUTR/DEUTH02611333684X,16.71,0.0,0.0,1599.0,351.0,16.567,1.671,0.0,0.0,prepaid,0.334,0.0,0.0,0.0,0.0,0.0,332.428,"",'132710801961610352801,2026-04-23,11074108406,41592628-8c4d-4920-b703-29b6f6b840e0,"",Forward,100019379546,100019379546,11504,334.29,5.0,1154.0,0.0,1154.0,packet_delivered,0.0,0.0,0.0,0.0,0.0,0.0,0.0,0.0,NA,0,445.0
NFT-/XUTR/DEUTH02611333684X,58.48,0.0,0.0,2799.0,1228.0,304.298,5.848,0.0,0.0,prepaid,1.17,0.0,0.0,45.0,0.0,53.1,863.584,"",'132717968741003427301,2026-04-23,11075684673,2abb723e-223b-4052-8aa9-fe63372e0db8,"",Forward,100020955807,100020955807,11504,1169.52,5.0,1400.0,0.0,1400.0,packet_delivered,0.0,0.0,0.0,0.0,0.0,0.0,0.0,0.0,NA,0,1399.0
NFT-/XUTR/DEUTH02611333684X,35.76,0.0,0.0,1799.0,751.0,194.96,3.576,0.0,0.0,prepaid,0.715,0.0,0.0,27.0,0.0,31.86,519.889,"",'132735615179222734601,2026-04-23,11079862113,0576ddce-ec27-4021-915c-9830ab8639f4,"",Forward,100025133207,100025133207,11504,715.24,5.0,954.0,0.0,954.0,packet_delivered,0.0,0.0,0.0,0.0,0.0,0.0,0.0,0.0,NA,0,845.0
NFT-/XUTR/DEUTH02611333684X,90.14,0.0,0.0,2999.0,1893.0,469.085,9.014,0.0,0.0,prepaid,1.803,0.0,0.0,45.0,0.0,53.1,1359.998,"",'132719931572284382403,2026-04-23,11076257648,c6e0d210-08d3-4fa0-ae51-a77fbed4d68b,"",Forward,100021528780,100021528780,11504,1802.86,5.0,900.0,0.0,900.0,packet_delivered,0.0,0.0,0.0,0.0,0.0,0.0,0.0,0.0,NA,0,2099.0
NFT-/XUTR/DEUTH02611333684X,0.0,45.07,45.07,2999.0,1893.0,469.085,0.0,4.507,4.507,prepaid,1.803,91.0,0.0,0.0,0.0,107.38,-1520.478,"",'132737324224803140801,2026-04-23,11080375145,06360a5b-84a7-4311-a01d-4504969ce8f0,11080375145,Reverse,100025646237,100025646237,11504,1802.86,5.0,900.0,0.0,900.0,exchange,0.0,0.0,0.0,0.0,0.0,0.0,0.0,0.0,NA,0,2099.0
NFT-/XUTR/DEUTH02611333684X,29.05,0.0,0.0,1499.0,610.0,158.356,2.905,0.0,0.0,prepaid,0.581,91.0,0.0,0.0,0.0,107.38,-555.538,"",'132749069514926051203,2026-04-23,11082771494,21735661-b964-4cbd-8a6b-8ed62add78d7,100149568424,Reverse,100028042560,1000007812078,11504,580.95,5.0,795.0,0.0,795.0,return_refund,0.0,0.0,0.0,0.0,0.0,0.0,0.0,0.0,NA,0,704.0
NFT-/XUTR/DEUTH02611333684X,75.14,0.0,0.0,2499.0,1578.0,372.408,7.514,0.0,0.0,prepaid,1.503,0.0,0.0,45.0,0.0,53.1,1143.475,"",'132720760699408692101,2026-04-23,11076545192,30e8ecfc-bdc2-489d-bb5d-b39c432c2123,"",Forward,100021816323,100021816323,11504,1502.86,5.0,750.0,0.0,750.0,packet_delivered,0.0,0.0,0.0,0.0,0.0,0.0,0.0,0.0,NA,0,1748.98
NFT-/XUTR/DEUTH02611333684X,103.48,0.0,0.0,3399.0,2173.0,512.828,10.348,0.0,0.0,prepaid,2.07,167.0,0.0,0.0,0.0,197.06,-1844.814,"",'132718050394273418003,2026-04-23,11075708074,b646ed0d-0dfd-41d5-b843-d57cbd1d7bc3,11075708074,Reverse,100020979207,100020979207,11504,2069.52,5.0,1020.0,0.0,1020.0,exchange,0.0,0.0,0.0,0.0,0.0,0.0,0.0,0.0,NA,0,2379.0
NFT-/XUTR/DEUTH02611333684X,41.19,0.0,0.0,2999.0,865.0,224.554,4.119,0.0,0.0,prepaid,0.824,167.0,0.0,0.0,0.0,197.06,-832.563,"",'132720425619484288903,2026-04-23,11076431494,8789a368-d8d0-45f1-aecd-a9a53cc2723b,100150336518,Reverse,100021702625,100021702625,11504,823.81,5.0,2040.0,0.0,2040.0,return_refund,0.0,0.0,0.0,0.0,0.0,0.0,0.0,0.0,NA,0,959.0
NFT-/XUTR/DEUTH02611333684X,37.19,0.0,0.0,1750.0,781.0,202.748,3.719,0.0,0.0,prepaid,0.744,0.0,0.0,27.0,0.0,31.86,541.929,"",'132724943406710016001,2026-04-23,11077169412,4354e131-9bb4-490d-9343-826883b4f6c5,"",Forward,100022440541,1000006111786,11504,743.81,5.0,875.0,0.0,875.0,packet_delivered,0.0,0.0,0.0,0.0,0.0,0.0,0.0,0.0,NA,0,875.0
NFT-/XUTR/DEUTH02611333684X,42.62,0.0,0.0,2999.0,895.0,232.342,4.262,0.0,0.0,prepaid,0.852,167.0,0.0,0.0,0.0,197.06,-854.604,"",'132726305863367771501,2026-04-23,11077658713,c3f1e428-d7a4-4b72-826a-f3a14689700e,100149553249,Reverse,100022929835,100022929835,11504,852.38,5.0,2010.0,0.0,2010.0,return_refund,0.0,0.0,0.0,0.0,0.0,0.0,0.0,0.0,NA,0,989.0
NFT-/XUTR/DEUTH02611333684X,34.81,0.0,0.0,1650.0,731.0,189.768,3.481,0.0,0.0,prepaid,0.696,0.0,0.0,27.0,0.0,31.86,505.195,"",'132724510617878112303,2026-04-23,11077020755,c181de82-4af3-41e3-8efb-5de40a92fbc6,"",Forward,100022291884,100022291884,11504,696.19,5.0,825.0,0.0,825.0,packet_delivered,0.0,0.0,0.0,0.0,0.0,0.0,0.0,0.0,NA,0,824.99
NFT-/XUTR/DEUTH02611333684X,34.05,0.0,0.0,1799.0,715.0,185.614,3.405,0.0,0.0,prepaid,0.681,167.0,0.0,0.0,0.0,197.06,-722.36,"",'132728823169072341601,2026-04-23,11078510415,124a1c09-4447-445b-9ad9-0e8ce3dab673,100150001914,Reverse,100023781530,100023781530,11504,680.95,5.0,990.0,0.0,990.0,return_refund,0.0,0.0,0.0,0.0,0.0,0.0,0.0,0.0,NA,0,809.0
NFT-/XUTR/DEUTH02611333684X,18.38,0.0,0.0,1650.0,385.99999999999994,18.219,1.838,0.0,0.0,prepaid,0.368,167.0,0.0,0.0,0.0,197.06,-562.635,"",'132727428621842135503,2026-04-23,11078016629,8f490017-fe4a-48f8-b778-098923cd756d,11078016629,Reverse,100023287744,100023287744,11504,367.62,5.0,1205.0,0.0,1205.0,exchange,0.0,0.0,0.0,0.0,0.0,0.0,0.0,0.0,NA,0,445.0
NFT-/XUTR/DEUTH02611333684X,471.81,0.0,0.0,3299.0,3093.0,729.948,13.106,0.0,0.0,prepaid,2.621,0.0,0.0,61.0,0.0,71.98,2275.345,"",'132735433020449255401,2026-04-23,11079813843,4bdca93b-5dbe-4ab8-bddc-c11fdfed32d4,"",Forward,100025084939,1000007399762,11504,2621.19,18.0,0.0,0.0,0.0,packet_delivered,0.0,0.0,0.0,0.0,0.0,0.0,0.0,0.0,NA,0,3299.0
NFT-/XUTR/DEUTH02611333684X,24.57,0.0,0.0,1650.0,516.0,133.954,2.457,0.0,0.0,prepaid,0.491,0.0,0.0,27.0,0.0,31.86,347.238,"",'132708931629775473401,2026-04-23,11073561410,9c2be0ae-804f-4150-8fa0-c5e98faa5e48,"",Forward,100018832554,100018832554,11504,491.43,5.0,1040.0,0.0,1040.0,packet_delivered,0.0,0.0,0.0,0.0,0.0,0.0,0.0,0.0,NA,0,610.0
NFT-/XUTR/DEUTH02611333684X,0.0,9.48,9.48,1699.0,398.0,18.786,0.0,0.9475,0.9475,prepaid,0.379,0.0,0.0,0.0,0.0,0.0,376.94,"",'132750219677313802801,2026-04-23,11082990135,7a725145-b203-4ef8-badb-f87da286c18e,"",Forward,100028261197,100028261197,11504,379.04,5.0,1207.0,0.0,1207.0,packet_delivered,0.0,0.0,0.0,0.0,0.0,0.0,0.0,0.0,NA,0,492.00000000000006
NFT-/XUTR/DEUTH02611333684X,426.05,0.0,0.0,2999.0,2793.0,659.148,11.835,0.0,0.0,prepaid,2.367,0.0,0.0,61.0,0.0,71.98,2047.67,"",'132732189117891603001,2026-04-23,11078971776,0007242d-4872-4b2f-9427-a75ca0a52789,"",Forward,100024242889,100024242889,11504,2366.95,18.0,0.0,0.0,0.0,packet_delivered,0.0,0.0,0.0,0.0,0.0,0.0,0.0,0.0,NA,0,2999.0
NFT-/XUTR/DEUTH02611333684X,0.0,40.67,40.67,3999.0,1708.0,423.242,0.0,4.0665,4.0665,prepaid,1.627,0.0,0.0,45.0,0.0,53.1,1221.898,"",'132744964017139547101,2026-04-23,11082001552,f61f739f-2f43-44ad-ab9b-fdab1a4c469a,"",Forward,100027272619,100027272619,11504,1626.66,5.0,2120.0,0.0,2120.0,packet_delivered,0.0,0.0,0.0,0.0,0.0,0.0,0.0,0.0,NA,0,1879.0100000000002
NFT-/XUTR/DEUTH02611333684X,103.48,0.0,0.0,3399.0,2173.0,487.187,10.348,0.0,0.0,prepaid,2.07,0.0,0.0,61.0,0.0,71.98,1601.415,"",'132744956270996571903,2026-04-23,11081999210,357824d2-6004-4fde-aa1d-dc1e4abc03a0,"",Forward,100027270277,100027270277,11504,2069.52,5.0,1020.0,0.0,1020.0,packet_delivered,0.0,0.0,0.0,0.0,0.0,0.0,0.0,0.0,NA,0,2379.0
NFT-/XUTR/DEUTH02611333684X,27.19,0.0,0.0,1799.0,571.0,148.232,2.719,0.0,0.0,prepaid,0.544,112.0,0.0,0.0,0.0,132.16,-551.665,"",'132738034245021115203,2026-04-23,11080625303,4f79e966-bfa8-4b43-8e89-cd78fe0142ea,11080625303,Reverse,100025896395,100025896395,11504,543.81,5.0,1134.0,0.0,1134.0,exchange,0.0,0.0,0.0,0.0,0.0,0.0,0.0,0.0,NA,0,665.0
NFT-/XUTR/DEUTH02611333684X,471.81,0.0,0.0,3299.0,3093.0,729.948,13.106,0.0,0.0,prepaid,2.621,91.0,0.0,0.0,0.0,107.38,-2454.705,"",'132735433020449255401,2026-04-23,11079813843,4bdca93b-5dbe-4ab8-bddc-c11fdfed32d4,100149412794,Reverse,100025084939,1000007399762,11504,2621.19,18.0,0.0,0.0,0.0,return_refund,0.0,0.0,0.0,0.0,0.0,0.0,0.0,0.0,NA,0,3299.0
NFT-/XUTR/DEUTH02611333684X,51.81,0.0,0.0,1799.0,1088.0,256.768,5.181,0.0,0.0,prepaid,1.036,0.0,0.0,45.0,0.0,53.1,771.915,"",'132741966691208029801,2026-04-23,11081137625,4a8af9bb-41fa-44de-b10a-3ecf875e79fa,"",Forward,100026408717,1000007324165,11504,1036.19,5.0,540.0,0.0,540.0,packet_delivered,0.0,0.0,0.0,0.0,0.0,0.0,0.0,0.0,NA,0,1259.0
NFT-/XUTR/DEUTH02611333684X,43.48,0.0,0.0,3099.0,913.0,237.015,4.348,0.0,0.0,prepaid,0.87,167.0,0.0,0.0,0.0,197.06,-867.827,"",'132717415311273577401,2026-04-23,11075521867,f372c9c5-32f0-4458-af06-ba3ce58320ff,100150122257,Reverse,100020793002,1000006162971,11504,869.52,5.0,2015.0,0.0,2015.0,return_refund,0.0,0.0,0.0,0.0,0.0,0.0,0.0,0.0,NA,0,1084.0
NFT-/XUTR/DEUTH02611333684X,90.14,0.0,0.0,2999.0,1893.0,469.085,9.014,0.0,0.0,prepaid,1.803,0.0,0.0,45.0,0.0,53.1,1359.998,"",'132744892859090395503,2026-04-23,11081980964,f8169757-f562-4c77-a88c-cc28cc779ddd,"",Forward,100027252031,100027252031,11504,1802.86,5.0,900.0,0.0,900.0,packet_delivered,0.0,0.0,0.0,0.0,0.0,0.0,0.0,0.0,NA,0,2099.0
NFT-/XUTR/DEUTH02611333684X,36.0,0.0,0.0,2299.0,756.0,196.258,3.6,0.0,0.0,prepaid,0.72,0.0,0.0,27.0,0.0,31.86,523.562,"",'132749069514926051203,2026-04-23,11082771493,21735661-b964-4cbd-8a6b-8ed62add78d7,"",Forward,100028042559,1000007812078,11504,720,5.0,1449.0,0.0,1449.0,packet_delivered,0.0,0.0,0.0,0.0,0.0,0.0,0.0,0.0,NA,0,850.0
NFT-/XUTR/DEUTH02611333684X,87.05,0.0,0.0,3999.0,1828.0,474.549,8.705,0.0,0.0,prepaid,1.741,0.0,0.0,45.0,0.0,53.1,1289.905,"",'132709035719502497403,2026-04-23,11073593746,02377397-8a56-4b08-995c-ecf6c5297dbe,"",Forward,100018864889,1000005009410,11504,1740.95,5.0,2000.0,0.0,2000.0,packet_delivered,0.0,0.0,0.0,0.0,0.0,0.0,0.0,0.0,NA,0,1999.0
NFT-/XUTR/DEUTH02611333684X,58.95,0.0,0.0,2999.0,1238.0,306.776,5.895,0.0,0.0,prepaid,1.179,0.0,0.0,45.0,0.0,53.1,871.05,"",'132724464056823725301,2026-04-23,11077005952,d8c34439-951e-4e32-aabe-5198ef491549,"",Forward,100022277081,100022277081,11504,1179.05,5.0,1590.0,0.0,1590.0,packet_delivered,0.0,0.0,0.0,0.0,0.0,0.0,0.0,0.0,NA,0,1409.0
NFT-/XUTR/DEUTH02611333684X,63.24,0.0,0.0,2999.0,1328.0,329.078,6.324,0.0,0.0,prepaid,1.265,0.0,0.0,45.0,0.0,53.1,938.233,"",'132741572504331016601,2026-04-23,11081024605,075f4ffa-bfa5-4c82-83b5-1f9aa6c202fb,"",Forward,100026295697,100026295697,11504,1264.76,5.0,1500.0,0.0,1500.0,packet_delivered,0.0,0.0,0.0,0.0,0.0,0.0,0.0,0.0,NA,0,1499.0
NFT-/XUTR/DEUTH02611333684X,0.0,45.07,45.07,2999.0,1893.0,469.085,0.0,4.507,4.507,prepaid,1.803,0.0,0.0,45.0,0.0,53.1,1359.998,"",'132737324224803140801,2026-04-23,11080375145,06360a5b-84a7-4311-a01d-4504969ce8f0,"",Forward,100025646237,100025646237,11504,1802.86,5.0,900.0,0.0,900.0,packet_delivered,0.0,0.0,0.0,0.0,0.0,0.0,0.0,0.0,NA,0,2099.0
NFT-/XUTR/DEUTH02611333684X,51.81,0.0,0.0,1799.0,1088.0,256.768,5.181,0.0,0.0,prepaid,1.036,112.0,0.0,0.0,0.0,132.16,-957.175,"",'132741966691208029801,2026-04-23,11081137625,4a8af9bb-41fa-44de-b10a-3ecf875e79fa,100149935564,Reverse,100026408717,1000007324165,11504,1036.19,5.0,540.0,0.0,540.0,return_refund,0.0,0.0,0.0,0.0,0.0,0.0,0.0,0.0,NA,0,1259.0
NFT-/XUTR/DEUTH02611333684X,111.57,0.0,0.0,2999.0,2343.0,552.948,11.157,0.0,0.0,prepaid,2.231,0.0,0.0,61.0,0.0,71.98,1704.684,"",'132708960231210776901,2026-04-23,11073570659,ee326624-4aef-471a-9a3d-ab8f0b111b78,"",Forward,100018841803,1000005526560,11504,2231.43,5.0,450.0,0.0,450.0,packet_delivered,0.0,0.0,0.0,0.0,0.0,0.0,0.0,0.0,NA,0,2549.0
NFT-/XUTR/DEUTH02611333684X,51.71,0.0,0.0,3399.0,1086.0,269.111,5.171,0.0,0.0,prepaid,1.034,0.0,0.0,45.0,0.0,53.1,757.584,"",'132718856588783641803,2026-04-23,11075933356,f7473766-3e33-462b-92c0-74e936d9c74d,"",Forward,100021204488,100021204488,11504,1034.29,5.0,2142.0,0.0,2142.0,packet_delivered,0.0,0.0,0.0,0.0,0.0,0.0,0.0,0.0,NA,0,1257.0
NFT-/XUTR/DEUTH02611333684X,37.19,0.0,0.0,1750.0,781.0,202.748,3.719,0.0,0.0,prepaid,0.744,0.0,0.0,27.0,0.0,31.86,541.929,"",'132737800548631934903,2026-04-23,11080548197,c21a9d25-a937-4941-9727-cce1aea4aed0,"",Forward,100025819289,100025819289,11504,743.81,5.0,875.0,0.0,875.0,packet_delivered,0.0,0.0,0.0,0.0,0.0,0.0,0.0,0.0,NA,0,875.0
NFT-/XUTR/DEUTH02611333684X,0.0,27.57,27.57,1899.0,1158.0,273.288,0.0,2.757,2.757,prepaid,1.103,0.0,0.0,45.0,0.0,53.1,824.995,"",'132742575852072787801,2026-04-23,11081321303,0b74ff21-21f0-4dc4-8abc-b0db5683aa61,"",Forward,100026592395,1000007381899,11504,1102.86,5.0,570.0,0.0,570.0,packet_delivered,0.0,0.0,0.0,0.0,0.0,0.0,0.0,0.0,NA,0,1328.9999999999998
NFT-/XUTR/DEUTH02611333684X,103.48,0.0,0.0,3399.0,2173.0,512.828,10.348,0.0,0.0,prepaid,2.07,0.0,0.0,61.0,0.0,71.98,1575.774,"",'132708960231210776901,2026-04-23,11073570661,ee326624-4aef-471a-9a3d-ab8f0b111b78,"",Forward,100018841805,1000005526560,11504,2069.52,5.0,1020.0,0.0,1020.0,packet_delivered,0.0,0.0,0.0,0.0,0.0,0.0,0.0,0.0,NA,0,2379.0
NFT-/XUTR/DEUTH02611333684X,65.67,0.0,0.0,3299.0,1379.0,341.716,6.567,0.0,0.0,prepaid,1.313,167.0,0.0,0.0,0.0,197.06,-1226.464,"",'132729589245392178303,2026-04-23,11078780919,718442af-36d0-4cdc-bec1-276380ac3978,100150487036,Reverse,100024052033,1000006800895,11504,1313.33,5.0,1749.0,0.0,1749.0,return_refund,0.0,0.0,0.0,0.0,0.0,0.0,0.0,0.0,NA,0,1550.0
NFT-/XUTR/DEUTH02611333684X,114.0,0.0,0.0,2600.0,2394.0,564.984,11.4,0.0,0.0,prepaid,2.28,167.0,0.0,0.0,0.0,197.06,-2012.396,"",'132723135430438073403,2026-04-23,11076755732,d85da029-7248-4898-89b1-b60185a435d6,100149701652,Reverse,100022026863,1000006180849,11504,2280,5.0,0.0,0.0,0.0,return_refund,0.0,0.0,0.0,0.0,0.0,0.0,0.0,0.0,NA,0,2600.0
NFT-/XUTR/DEUTH02611333684X,51.33,0.0,0.0,2499.0,1078.0,267.128,5.133,0.0,0.0,prepaid,1.027,0.0,0.0,45.0,0.0,53.1,751.612,"",'132717415311273577401,2026-04-23,11075521863,f372c9c5-32f0-4458-af06-ba3ce58320ff,"",Forward,100020792998,1000006162971,11504,1026.67,5.0,1250.0,0.0,1250.0,packet_delivered,0.0,0.0,0.0,0.0,0.0,0.0,0.0,0.0,NA,0,1249.0
NFT-/XUTR/DEUTH02611333684X,51.81,0.0,0.0,1799.0,1088.0,256.768,5.181,0.0,0.0,prepaid,1.036,0.0,0.0,45.0,0.0,53.1,771.915,"",'132749069514926051203,2026-04-23,11082771492,21735661-b964-4cbd-8a6b-8ed62add78d7,"",Forward,100028042558,1000007812078,11504,1036.19,5.0,540.0,0.0,540.0,packet_delivered,0.0,0.0,0.0,0.0,0.0,0.0,0.0,0.0,NA,0,1259.0
NFT-/XUTR/DEUTH02611333684X,35.76,0.0,0.0,1799.0,751.0,194.96,3.576,0.0,0.0,prepaid,0.715,0.0,0.0,27.0,0.0,31.86,519.889,"",'132728473346784770201,2026-04-23,11078370036,a26d3f5f-da8c-4f7c-a6ec-3a88d22fee24,"",Forward,100023641151,100023641151,11504,715.24,5.0,954.0,0.0,954.0,packet_delivered,0.0,0.0,0.0,0.0,0.0,0.0,0.0,0.0,NA,0,845.0
NFT-/XUTR/DEUTH02611333684X,48.48,0.0,0.0,1699.0,1018.0000000000001,240.248,4.848,0.0,0.0,prepaid,0.97,91.0,0.0,0.0,0.0,107.38,-879.314,"",'132750863353305920303,2026-04-23,11083177183,804f57ba-c904-44ae-a0f3-cc64112c65e4,11083177183,Reverse,100028448245,100028448245,11504,969.52,5.0,510.0,0.0,510.0,exchange,0.0,0.0,0.0,0.0,0.0,0.0,0.0,0.0,NA,0,1189.0
NFT-/XUTR/DEUTH02611333684X,106.81,0.0,0.0,3499.0,2243.0,529.348,10.681,0.0,0.0,prepaid,2.136,167.0,0.0,0.0,0.0,197.06,-1897.895,"",'132720571670877576701,2026-04-23,11076481192,17003349-a35f-41f3-994b-5e97be335fc8,100149446635,Reverse,100021752323,1000006177106,11504,2136.19,5.0,1050.0,0.0,1050.0,return_refund,0.0,0.0,0.0,0.0,0.0,0.0,0.0,0.0,NA,0,2449.0
NFT-/XUTR/DEUTH02611333684X,32.43,0.0,0.0,1650.0,681.0,176.788,3.243,0.0,0.0,prepaid,0.649,167.0,0.0,0.0,0.0,197.06,-697.38,"",'132720451241367947703,2026-04-23,11076440405,cf96ad8c-6aa8-4c21-8331-932fb00688b8,11076440405,Reverse,100021711536,1000006178541,11504,648.57,5.0,875.0,0.0,875.0,exchange,0.0,0.0,0.0,0.0,0.0,0.0,0.0,0.0,NA,0,775.0
NFT-/XUTR/DEUTH02611333684X,0.0,12.29,12.29,1650.0,516.0,133.954,0.0,1.2285,1.2285,prepaid,0.491,91.0,0.0,0.0,0.0,107.38,-486.478,"",'132745966451350884601,2026-04-23,11082335860,914d8820-1c15-413c-b1b8-6a4f7bd57ebe,100152385678,Reverse,100027606926,100027606926,11504,491.42,5.0,1040.0,0.0,1040.0,return_refund,0.0,0.0,0.0,0.0,0.0,0.0,0.0,0.0,NA,0,610.0
NFT-/XUTR/DEUTH02611333684X,20.14,0.0,0.0,1799.0,423.0,19.966,2.014,0.0,0.0,prepaid,0.403,0.0,0.0,19.0,0.0,22.42,378.197,"",'132737252886385888303,2026-04-23,11080348882,f9ee25aa-ad5b-4bfb-b979-c64309e8df37,"",Forward,100025619974,100025619974,11504,402.86,5.0,1317.0,0.0,1317.0,packet_delivered,0.0,0.0,0.0,0.0,0.0,0.0,0.0,0.0,NA,0,482.0
NFT-/XUTR/DEUTH02611333684X,114.95,0.0,0.0,2620.0,2414.0,569.704,11.495,0.0,0.0,prepaid,2.299,0.0,0.0,61.0,0.0,71.98,1758.522,"",'132718090635135964603,2026-04-23,11075719215,e6f07be2-6d87-49ce-93ad-d3fed55bd301,"",Forward,100020990348,100020990348,11504,2299.05,5.0,0.0,0.0,0.0,packet_delivered,0.0,0.0,0.0,0.0,0.0,0.0,0.0,0.0,NA,0,2620.01
NFT-/XUTR/DEUTH02611333684X,44.67,0.0,0.0,2999.0,135.343,35.135,0.644,0.0,0.0,prepaid,0.129,0.0,0.0,3.896,0.0,4.59728,94.838,"",'132724507700389259203,2026-04-23,11077019833,3606fc7f-c882-4f28-b54a-06a5050b01ef,"",Forward,100022290962,100022290962,11504,893.33,5.0,1890.0,0.0,1890.0,packet_delivered,0.0,0.0,0.0,0.0,0.0,0.0,0.0,0.0,NA,0,1108.98
NFT-/XUTR/DEUTH02611333684X,0.0,19.91,19.91,2099.0,836.0,207.161,0.0,1.9905,1.9905,prepaid,0.796,91.0,0.0,0.0,0.0,107.38,-731.442,"",'132750922236674057103,2026-04-23,11083195344,66643e22-383a-4a3a-81e0-29c8e7e7b909,100149674894,Reverse,100028466406,100028466406,11504,796.2,5.0,1092.0,0.0,1092.0,return_refund,0.0,0.0,0.0,0.0,0.0,0.0,0.0,0.0,NA,0,1007.02
NFT-/XUTR/DEUTH02611333684X,64.67,0.0,0.0,3399.0,1358.0,336.512,6.467,0.0,0.0,prepaid,1.293,0.0,0.0,45.0,0.0,53.1,960.628,"",'132728602133676717901,2026-04-23,11078419499,c304fdaa-3e76-4a65-a445-ba6d64a992e5,"",Forward,100023690614,1000006804535,11504,1293.33,5.0,1870.0,0.0,1870.0,packet_delivered,0.0,0.0,0.0,0.0,0.0,0.0,0.0,0.0,NA,0,1529.0
NFT-/XUTR/DEUTH02611333684X,0.0,40.67,40.67,3999.0,1708.0,423.242,0.0,4.0665,4.0665,prepaid,1.627,0.0,0.0,45.0,0.0,53.1,1221.898,"",'132746675239174644203,2026-04-23,11082586234,0c5e586a-81f6-424d-b152-7bba3e4be0f6,"",Forward,100027857300,100027857300,11504,1626.66,5.0,2120.0,0.0,2120.0,packet_delivered,0.0,0.0,0.0,0.0,0.0,0.0,0.0,0.0,NA,0,1879.0000000000002
NFT-/XUTR/DEUTH02611333684X,0.0,19.91,19.91,2099.0,836.0,207.161,0.0,1.9905,1.9905,prepaid,0.796,0.0,0.0,27.0,0.0,31.86,592.202,"",'132750922236674057103,2026-04-23,11083195344,66643e22-383a-4a3a-81e0-29c8e7e7b909,"",Forward,100028466406,100028466406,11504,796.2,5.0,1092.0,0.0,1092.0,packet_delivered,0.0,0.0,0.0,0.0,0.0,0.0,0.0,0.0,NA,0,1007.02
NFT-/XUTR/DEUTH02611333684X,28.95,0.0,0.0,1899.0,608.0,157.837,2.895,0.0,0.0,prepaid,0.579,0.0,0.0,27.0,0.0,31.86,414.829,"",'132746588614673495701,2026-04-23,11082560982,d63de028-11c8-4641-aa77-a207cf49be29,"",Forward,100027832048,100027832048,11504,579.05,5.0,1197.0,0.0,1197.0,packet_delivered,0.0,0.0,0.0,0.0,0.0,0.0,0.0,0.0,NA,0,702.0
NFT-/XUTR/DEUTH02611333684X,43.24,0.0,0.0,2399.0,908.0,235.717,4.324,0.0,0.0,prepaid,0.865,0.0,0.0,27.0,0.0,31.86,635.234,"",'132750077728713712501,2026-04-23,11082953917,87de2faf-ba18-4738-a358-eed72c831601,"",Forward,100028224979,1000007975787,11504,864.76,5.0,1320.0,0.0,1320.0,packet_delivered,0.0,0.0,0.0,0.0,0.0,0.0,0.0,0.0,NA,0,1079.0
NFT-/XUTR/DEUTH02611333684X,60.86,0.0,0.0,2899.0,1278.0,316.688,6.086,0.0,0.0,prepaid,1.217,91.0,0.0,0.0,0.0,107.38,-1061.389,"",'132750128102976014501,2026-04-23,11082966518,ae546b1b-7666-440e-aa07-0bfef773d3f9,100150971543,Reverse,100028237580,100028237580,11504,1217.14,5.0,1450.0,0.0,1450.0,return_refund,0.0,0.0,0.0,0.0,0.0,0.0,0.0,0.0,NA,0,1449.0
NFT-/XUTR/DEUTH02611333684X,25.43,0.0,0.0,1699.0,534.0,138.626,2.543,0.0,0.0,prepaid,0.509,0.0,0.0,27.0,0.0,31.86,360.462,"",'132749069514926051203,2026-04-23,11082771490,21735661-b964-4cbd-8a6b-8ed62add78d7,"",Forward,100028042556,1000007812078,11504,508.57,5.0,1071.0,0.0,1071.0,packet_delivered,0.0,0.0,0.0,0.0,0.0,0.0,0.0,0.0,NA,0,628.0
NFT-/XUTR/DEUTH02611333684X,34.05,0.0,0.0,1799.0,715.0,185.614,3.405,0.0,0.0,prepaid,0.681,91.0,0.0,0.0,0.0,107.38,-632.68,"",'132745488856422496401,2026-04-23,11082167772,ca9a1c97-7b9e-46c5-9492-2cf979d51433,100149656787,Reverse,100027438838,100027438838,11504,680.95,5.0,990.0,0.0,990.0,return_refund,0.0,0.0,0.0,0.0,0.0,0.0,0.0,0.0,NA,0,809.0
NFT-/XUTR/DEUTH02611333684X,62.29,0.0,0.0,3999.0,1308.0,324.122,6.229,0.0,0.0,prepaid,1.246,0.0,0.0,45.0,0.0,53.1,923.303,"",'132718489506222887701,2026-04-23,11075831968,4e1bc532-12c4-4960-9c2d-053d2c005dea,"",Forward,100021103100,100021103100,11504,1245.71,5.0,2520.0,0.0,2520.0,packet_delivered,0.0,0.0,0.0,0.0,0.0,0.0,0.0,0.0,NA,0,1479.0
NFT-/XUTR/DEUTH02611333684X,114.95,0.0,0.0,2620.0,2414.0,569.704,11.495,0.0,0.0,prepaid,2.299,167.0,0.0,0.0,0.0,197.06,-2027.562,"",'132718090635135964603,2026-04-23,11075719215,e6f07be2-6d87-49ce-93ad-d3fed55bd301,100149582462,Reverse,100020990348,100020990348,11504,2299.05,5.0,0.0,0.0,0.0,return_refund,0.0,0.0,0.0,0.0,0.0,0.0,0.0,0.0,NA,0,2620.01
NFT-/XUTR/DEUTH02611333684X,44.67,0.0,0.0,2999.0,938.0,243.505,4.467,0.0,0.0,prepaid,0.893,0.0,0.0,27.0,0.0,31.86,657.275,"",'132727037418481230603,2026-04-23,11077893970,f63d8c1c-c00e-4b96-8d7a-742277ae3969,"",Forward,100023165087,100023165087,11504,893.33,5.0,1890.0,0.0,1890.0,packet_delivered,0.0,0.0,0.0,0.0,0.0,0.0,0.0,0.0,NA,0,1109.0
NFT-/XUTR/DEUTH02611333684X,37.19,0.0,0.0,1750.0,781.0,202.748,3.719,0.0,0.0,prepaid,0.744,0.0,0.0,27.0,0.0,31.86,541.929,"",'132718115182747130703,2026-04-23,11075725913,756ad9dc-c695-48de-a2f5-b680040cb6af,"",Forward,100020997046,1000006158018,11504,743.81,5.0,875.0,0.0,875.0,packet_delivered,0.0,0.0,0.0,0.0,0.0,0.0,0.0,0.0,NA,0,875.0
NFT-/XUTR/DEUTH02611333684X,100.14,0.0,0.0,3299.0,2103.0,496.308,10.014,0.0,0.0,prepaid,2.003,0.0,0.0,61.0,0.0,71.98,1522.695,"",'132740759470350620701,2026-04-23,11080849807,dc0f7b13-ed5c-4dd8-ac64-0e582834492d,"",Forward,100026120899,100026120899,11504,2002.86,5.0,990.0,0.0,990.0,packet_delivered,0.0,0.0,0.0,0.0,0.0,0.0,0.0,0.0,NA,0,2309.0
NFT-/XUTR/DEUTH02611333684X,18.38,0.0,0.0,1650.0,386.0,18.219,1.838,0.0,0.0,prepaid,0.368,0.0,0.0,0.0,0.0,0.0,365.575,"",'132727428621842135503,2026-04-23,11078016629,8f490017-fe4a-48f8-b778-098923cd756d,"",Forward,100023287744,100023287744,11504,367.62,5.0,1205.0,0.0,1205.0,packet_delivered,0.0,0.0,0.0,0.0,0.0,0.0,0.0,0.0,NA,0,445.0
NFT-/XUTR/DEUTH02611333684X,78.48,0.0,0.0,2600.0,1648.0,408.374,7.848,0.0,0.0,prepaid,1.57,0.0,0.0,45.0,0.0,53.1,1177.108,"",'132723135430438073403,2026-04-23,11076755735,d85da029-7248-4898-89b1-b60185a435d6,"",Forward,100022026866,1000006180849,11504,1569.52,5.0,781.0,0.0,781.0,packet_delivered,0.0,0.0,0.0,0.0,0.0,0.0,0.0,0.0,NA,0,1819.0
NFT-/XUTR/DEUTH02611333684X,0.0,40.67,40.67,3999.0,1708.0,423.242,0.0,4.0665,4.0665,prepaid,1.627,91.0,0.0,0.0,0.0,107.38,-1382.378,"",'132744964017139547101,2026-04-23,11082001552,f61f739f-2f43-44ad-ab9b-fdab1a4c469a,100149743986,Reverse,100027272619,100027272619,11504,1626.66,5.0,2120.0,0.0,2120.0,return_refund,0.0,0.0,0.0,0.0,0.0,0.0,0.0,0.0,NA,0,1879.0100000000002
NFT-/XUTR/DEUTH02611333684X,58.95,0.0,0.0,2999.0,1238.0,306.776,5.895,0.0,0.0,prepaid,1.179,0.0,0.0,45.0,0.0,53.1,871.05,"",'132717009754174760103,2026-04-23,11075396882,f1feabbc-4140-4f1a-a9a4-1b2dce3411d1,"",Forward,100020668017,100020668017,11504,1179.05,5.0,1590.0,0.0,1590.0,packet_delivered,0.0,0.0,0.0,0.0,0.0,0.0,0.0,0.0,NA,0,1409.0
NFT-/XUTR/DEUTH02611333684X,23.67,0.0,0.0,1599.0,497.0,23.458,2.367,0.0,0.0,prepaid,0.473,0.0,0.0,27.0,0.0,31.86,438.842,"",'132729088738260327901,2026-04-23,11078617838,b04cec49-129d-4efb-bfb7-a3c1d9fe1047,"",Forward,100023888953,1000006474832,11504,473.33,5.0,1008.0,0.0,1008.0,packet_delivered,0.0,0.0,0.0,0.0,0.0,0.0,0.0,0.0,NA,0,591.0
NFT-/XUTR/DEUTH02611333684X,37.19,0.0,0.0,1750.0,781.0,202.748,3.719,0.0,0.0,prepaid,0.744,0.0,0.0,27.0,0.0,31.86,541.929,"",'132732488211712185103,2026-04-23,11079023779,2076daf6-22dd-4a2d-8cec-cfc7b00e9fe3,"",Forward,100024294892,100024294892,11504,743.81,5.0,875.0,0.0,875.0,packet_delivered,0.0,0.0,0.0,0.0,0.0,0.0,0.0,0.0,NA,0,875.0
NFT-/XUTR/DEUTH02611333684X,50.19,0.0,0.0,1750.0,1054.0,248.744,5.019,0.0,0.0,prepaid,1.004,0.0,0.0,45.0,0.0,53.1,746.133,"",'132723799021827204001,2026-04-23,11076842961,42259f08-2a89-4448-82bd-f3aff8474160,"",Forward,100022114091,1000005992742,11504,1003.81,5.0,525.0,0.0,525.0,packet_delivered,0.0,0.0,0.0,0.0,0.0,0.0,0.0,0.0,NA,0,1225.0
NFT-/XUTR/DEUTH02611333684X,106.81,0.0,0.0,3499.0,2243.0,529.348,10.681,0.0,0.0,prepaid,2.136,91.0,0.0,0.0,0.0,107.38,-1808.215,"",'132751154377233892301,2026-04-23,11083266774,6b00b013-ab29-42c7-80d0-b6c1cd6f1f84,100149976400,Reverse,100028537836,1000007977305,11504,2136.19,5.0,1050.0,0.0,1050.0,return_refund,0.0,0.0,0.0,0.0,0.0,0.0,0.0,0.0,NA,0,2449.0
NFT-/XUTR/DEUTH02611333684X,43.81,0.0,0.0,2950.0,920.0,238.832,4.381,0.0,0.0,prepaid,0.876,0.0,0.0,27.0,0.0,31.86,644.051,"",'132711336153315862101,2026-04-23,11074281910,69fbe13a-67cd-4b0b-bac4-c3e6d3664c6c,"",Forward,100019553048,100019553048,11504,876.19,5.0,1859.0,0.0,1859.0,packet_delivered,0.0,0.0,0.0,0.0,0.0,0.0,0.0,0.0,NA,0,1091.0
NFT-/XUTR/DEUTH02611333684X,20.71,0.0,0.0,1499.0,434.99999999999994,20.532,2.071,0.0,0.0,prepaid,0.414,167.0,0.0,0.0,0.0,197.06,-609.043,"",'132718115182747130703,2026-04-23,11075725911,756ad9dc-c695-48de-a2f5-b680040cb6af,100151166824,Reverse,100020997044,1000006158018,11504,414.29,5.0,1005.0,0.0,1005.0,return_refund,0.0,0.0,0.0,0.0,0.0,0.0,0.0,0.0,NA,0,494.0
NFT-/XUTR/DEUTH02611333684X,38.33,0.0,0.0,1799.0,805.0,208.978,3.833,0.0,0.0,prepaid,0.767,0.0,0.0,27.0,0.0,31.86,559.562,"",'132724680073826209001,2026-04-23,11077076850,beafa079-a5a0-4230-99b3-b04319d95557,"",Forward,100022347979,1000006079006,11504,766.67,5.0,900.0,0.0,900.0,packet_delivered,0.0,0.0,0.0,0.0,0.0,0.0,0.0,0.0,NA,0,899.0
NFT-/XUTR/DEUTH02611333684X,63.24,0.0,0.0,2999.0,1328.0,329.078,6.324,0.0,0.0,prepaid,1.265,91.0,0.0,0.0,0.0,107.38,-1098.713,"",'132751154377233892301,2026-04-23,11083266770,6b00b013-ab29-42c7-80d0-b6c1cd6f1f84,100149976041,Reverse,100028537832,1000007977305,11504,1264.76,5.0,1500.0,0.0,1500.0,return_refund,0.0,0.0,0.0,0.0,0.0,0.0,0.0,0.0,NA,0,1499.0
NFT-/XUTR/DEUTH02611333684X,0.0,29.48,29.48,2999.0,1238.0,306.776,0.0,2.9475,2.9475,prepaid,1.179,0.0,0.0,45.0,0.0,53.1,871.05,"",'132740689827078947801,2026-04-23,11080839248,41eb8338-6580-49b7-acd5-42ea5d9577a8,"",Forward,100026110340,100026110340,11504,1179.04,5.0,1590.0,0.0,1590.0,packet_delivered,0.0,0.0,0.0,0.0,0.0,0.0,0.0,0.0,NA,0,1409.0
NFT-/XUTR/DEUTH02611333684X,43.05,0.0,0.0,2699.0,904.0,234.678,4.305,0.0,0.0,prepaid,0.861,0.0,0.0,27.0,0.0,31.86,632.296,"",'132745438441116556403,2026-04-23,11082151844,c12beaad-bd5e-42ea-966e-9d453531f651,"",Forward,100027422910,100027422910,11504,860.95,5.0,1701.0,0.0,1701.0,packet_delivered,0.0,0.0,0.0,0.0,0.0,0.0,0.0,0.0,NA,0,998.0
NFT-/XUTR/DEUTH02611333684X,25.43,0.0,0.0,1699.0,534.0,138.626,2.543,0.0,0.0,prepaid,0.509,91.0,0.0,0.0,0.0,107.38,-499.702,"",'132746463989742404501,2026-04-23,11082519197,fb161e27-3994-4baa-9693-799459601bae,100150137646,Reverse,100027790263,100027790263,11504,508.57,5.0,1071.0,0.0,1071.0,return_refund,0.0,0.0,0.0,0.0,0.0,0.0,0.0,0.0,NA,0,628.0
NFT-/XUTR/DEUTH02611333684X,43.1,0.0,0.0,1999.0,905.0,234.938,4.31,0.0,0.0,prepaid,0.862,91.0,0.0,0.0,0.0,107.38,-772.27,"",'132745423136391818003,2026-04-23,11082146826,acbc032c-22be-4caf-bbcf-dbfec3b95937,100150302694,Reverse,100027417892,100027417892,11504,861.9,5.0,1000.0,0.0,1000.0,return_refund,0.0,0.0,0.0,0.0,0.0,0.0,0.0,0.0,NA,0,998.99
NFT-/XUTR/DEUTH02611333684X,40.24,0.0,0.0,1999.0,845.0,219.362,4.024,0.0,0.0,prepaid,0.805,91.0,0.0,0.0,0.0,107.38,-728.189,"",'132743669931300501703,2026-04-23,11081636244,dcd465f3-360c-4568-abde-fd7ef3020cf2,100153942910,Reverse,100026907323,100026907323,11504,804.76,5.0,1060.0,0.0,1060.0,return_refund,0.0,0.0,0.0,0.0,0.0,0.0,0.0,0.0,NA,0,939.0
NFT-/XUTR/DEUTH02611333684X,33.52,0.0,0.0,1699.0,8.379999999999999,2.175,0.04,0.0,0.0,prepaid,0.008,1.988,0.0,0.0,0.0,2.34584,-8.503,"",'132718049934009559503,2026-04-23,11075707961,e7d46f48-59c5-476c-8c0e-e83bfa8f2dd3,100150732143,Reverse,100020979094,1000005693669,11504,670.48,5.0,901.0,0.0,901.0,return_refund,0.0,0.0,0.0,0.0,0.0,0.0,0.0,0.0,NA,0,798.0
NFT-/XUTR/DEUTH02611333684X,51.81,0.0,0.0,1799.0,1088.0,256.768,5.181,0.0,0.0,prepaid,1.036,112.0,0.0,0.0,0.0,132.16,-957.175,"",'132741966691208029801,2026-04-23,11081137627,4a8af9bb-41fa-44de-b10a-3ecf875e79fa,100149935357,Reverse,100026408719,1000007324165,11504,1036.19,5.0,540.0,0.0,540.0,return_refund,0.0,0.0,0.0,0.0,0.0,0.0,0.0,0.0,NA,0,1259.0
NFT-/XUTR/DEUTH02611333684X,39.52,0.0,0.0,2499.0,830.0,215.468,3.952,0.0,0.0,prepaid,0.79,0.0,0.0,27.0,0.0,31.86,577.93,"",'132719816719612478203,2026-04-23,11076218943,3d2902df-7d96-469a-9fe1-b44b24c79af0,"",Forward,100021490075,100021490075,11504,790.48,5.0,1575.0,0.0,1575.0,packet_delivered,0.0,0.0,0.0,0.0,0.0,0.0,0.0,0.0,NA,0,924.0
NFT-/XUTR/DEUTH02611333684X,75.14,0.0,0.0,2499.0,1578.0,372.408,7.514,0.0,0.0,prepaid,1.503,167.0,0.0,0.0,0.0,197.06,-1393.635,"",'132720760699408692101,2026-04-23,11076545192,30e8ecfc-bdc2-489d-bb5d-b39c432c2123,11076545192,Reverse,100021816323,100021816323,11504,1502.86,5.0,750.0,0.0,750.0,exchange,0.0,0.0,0.0,0.0,0.0,0.0,0.0,0.0,NA,0,1748.98
NFT-/XUTR/DEUTH02611333684X,20.71,0.0,0.0,1499.0,434.99999999999994,20.532,2.071,0.0,0.0,prepaid,0.414,167.0,0.0,0.0,0.0,197.06,-609.043,"",'132727708183231724401,2026-04-23,11078107670,6999812e-96d1-4368-bdfc-a1cd40966d1c,11078107670,Reverse,100023378785,100023378785,11504,414.29,5.0,1005.0,0.0,1005.0,exchange,0.0,0.0,0.0,0.0,0.0,0.0,0.0,0.0,NA,0,494.0
NFT-/XUTR/DEUTH02611333684X,19.67,0.0,0.0,1750.0,263.444,12.435,1.254,0.0,0.0,prepaid,0.251,0.0,0.0,12.12,0.0,14.3016,235.202,"",'132733800001118371701,2026-04-23,11079364549,0025b75a-6d01-45e4-8f35-45740274479d,"",Forward,100024635647,100024635647,11504,393.33,5.0,1243.0,0.0,1243.0,packet_delivered,0.0,0.0,0.0,0.0,0.0,0.0,0.0,0.0,NA,0,506.99
NFT-/XUTR/DEUTH02611333684X,56.86,0.0,0.0,1950.0,1194.0,281.784,5.686,0.0,0.0,prepaid,1.137,91.0,0.0,0.0,0.0,107.38,-1012.773,"",'132743560906201885001,2026-04-23,11081604452,5fb64672-b83f-4cea-913c-e641974008b1,11081604452,Reverse,100026875538,100026875538,11504,1137.14,5.0,585.0,0.0,585.0,exchange,0.0,0.0,0.0,0.0,0.0,0.0,0.0,0.0,NA,0,1365.0
NFT-/XUTR/DEUTH02611333684X,40.71,0.0,0.0,1899.0,855.0,221.958,4.071,0.0,0.0,prepaid,0.814,0.0,0.0,27.0,0.0,31.86,596.297,"",'132693360036470707801,2026-04-23,11069981654,f6d47833-3fc3-477d-a253-73b18e9dcbe8,"",Forward,100015252826,100015252826,11504,814.29,5.0,950.0,0.0,950.0,packet_delivered,0.0,0.0,0.0,0.0,0.0,0.0,0.0,0.0,NA,0,949.0
NFT-/XUTR/DEUTH02611333684X,19.1,0.0,0.0,1599.0,401.0,18.927,1.91,0.0,0.0,prepaid,0.382,0.0,0.0,15.0,0.0,17.7,362.081,"",'132719870228015642003,2026-04-23,11076236892,afd875c9-8ef0-4525-929e-efb4c1dc4785,"",Forward,100021508024,100021508024,11504,381.9,5.0,1104.0,0.0,1104.0,packet_delivered,0.0,0.0,0.0,0.0,0.0,0.0,0.0,0.0,NA,0,495.0
NFT-/XUTR/DEUTH02611333684X,39.52,0.0,0.0,2499.0,830.0,215.468,3.952,0.0,0.0,prepaid,0.79,0.0,0.0,27.0,0.0,31.86,577.93,"",'132736842220570825001,2026-04-23,11080208391,5b5e2b2c-0b1b-494f-86f3-154c27ee4a20,"",Forward,100025479482,100025479482,11504,790.48,5.0,1575.0,0.0,1575.0,packet_delivered,0.0,0.0,0.0,0.0,0.0,0.0,0.0,0.0,NA,0,924.0
NFT-/XUTR/DEUTH02611333684X,19.1,0.0,0.0,1599.0,401.0,18.927,1.91,0.0,0.0,prepaid,0.382,112.0,0.0,0.0,0.0,132.16,-511.941,"",'132711011648252788401,2026-04-23,11074172732,fb2ccba8-ca85-41f9-92d1-2e808418d480,100153527731,Reverse,100019443870,100019443870,11504,381.9,5.0,1104.0,0.0,1104.0,return_refund,0.0,0.0,0.0,0.0,0.0,0.0,0.0,0.0,NA,0,495.0
NFT-/XUTR/DEUTH02611333684X,58.48,0.0,0.0,2799.0,1228.0,304.298,5.848,0.0,0.0,prepaid,1.17,0.0,0.0,45.0,0.0,53.1,863.584,"",'132724045468270566203,2026-04-23,11076895333,e07a3d3a-8055-4a34-8f04-ee13c180e222,"",Forward,100022166463,100022166463,11504,1169.52,5.0,1400.0,0.0,1400.0,packet_delivered,0.0,0.0,0.0,0.0,0.0,0.0,0.0,0.0,NA,0,1399.0
NFT-/XUTR/DEUTH02611333684X,20.71,0.0,0.0,1499.0,435.0,20.532,2.071,0.0,0.0,prepaid,0.414,0.0,0.0,19.0,0.0,22.42,389.563,"",'132718115182747130703,2026-04-23,11075725911,756ad9dc-c695-48de-a2f5-b680040cb6af,"",Forward,100020997044,1000006158018,11504,414.29,5.0,1005.0,0.0,1005.0,packet_delivered,0.0,0.0,0.0,0.0,0.0,0.0,0.0,0.0,NA,0,494.0
NFT-/XUTR/DEUTH02611333684X,63.24,0.0,0.0,2999.0,1328.0,329.078,6.324,0.0,0.0,prepaid,1.265,0.0,0.0,45.0,0.0,53.1,938.233,"",'132710218860305685003,2026-04-23,11073938386,27c740ad-3b96-4bce-97f5-0b6cf198098f,"",Forward,100019209527,100019209527,11504,1264.76,5.0,1500.0,0.0,1500.0,packet_delivered,0.0,0.0,0.0,0.0,0.0,0.0,0.0,0.0,NA,0,1499.0
NFT-/XUTR/DEUTH02611333684X,33.52,0.0,0.0,1699.0,704.0,182.758,3.352,0.0,0.0,prepaid,0.67,0.0,0.0,27.0,0.0,31.86,485.36,"",'132725484144753741003,2026-04-23,11077369705,1cba79a1-92a6-4cb6-b5c5-571e69b4dd69,"",Forward,100022640834,100022640834,11504,670.48,5.0,901.0,0.0,901.0,packet_delivered,0.0,0.0,0.0,0.0,0.0,0.0,0.0,0.0,NA,0,798.0
NFT-/XUTR/DEUTH02611333684X,70.14,0.0,0.0,3499.0,85.78999999999999,21.259,0.409,0.0,0.0,prepaid,0.082,6.523,0.0,0.0,0.0,7.69714,-71.737,"",'132718941583259815001,2026-04-23,11075957352,cabc9b50-ad69-4de1-9939-d49368ea17c3,100150173008,Reverse,100021228484,100021228484,11504,1402.86,5.0,1855.0,0.0,1855.0,return_refund,0.0,0.0,0.0,0.0,0.0,0.0,0.0,0.0,NA,0,1644.0
NFT-/XUTR/DEUTH02611333684X,42.62,0.0,0.0,2999.0,895.0,232.342,4.262,0.0,0.0,prepaid,0.852,0.0,0.0,27.0,0.0,31.86,625.684,"",'132726305863367771501,2026-04-23,11077658713,c3f1e428-d7a4-4b72-826a-f3a14689700e,"",Forward,100022929835,100022929835,11504,852.38,5.0,2010.0,0.0,2010.0,packet_delivered,0.0,0.0,0.0,0.0,0.0,0.0,0.0,0.0,NA,0,989.0
NFT-/XUTR/DEUTH02611333684X,39.52,0.0,0.0,2499.0,830.0,215.468,3.952,0.0,0.0,prepaid,0.79,0.0,0.0,27.0,0.0,31.86,577.93,"",'132720376965851857103,2026-04-23,11076413842,9616a884-6ae8-4eed-8ceb-3f3c2e223c0f,"",Forward,100021684973,100021684973,11504,790.48,5.0,1575.0,0.0,1575.0,packet_delivered,0.0,0.0,0.0,0.0,0.0,0.0,0.0,0.0,NA,0,924.0
NFT-/XUTR/DEUTH02611333684X,55.14,0.0,0.0,1899.0,1158.0,273.288,5.514,0.0,0.0,prepaid,1.103,0.0,0.0,45.0,0.0,53.1,824.995,"",'132709798645608427003,2026-04-23,11073817914,13939eee-8d60-4724-9bde-927c97bdbdc3,"",Forward,100019089055,1000005078881,11504,1102.86,5.0,570.0,0.0,570.0,packet_delivered,0.0,0.0,0.0,0.0,0.0,0.0,0.0,0.0,NA,0,1329.0
NFT-/XUTR/DEUTH02611333684X,23.67,0.0,0.0,1599.0,497.0,23.458,2.367,0.0,0.0,prepaid,0.473,0.0,0.0,27.0,0.0,31.86,438.842,"",'132708580433934078003,2026-04-23,11073447650,144a1247-841b-4cd2-91ff-64754a913cac,"",Forward,100018718795,100018718795,11504,473.33,5.0,1008.0,0.0,1008.0,packet_delivered,0.0,0.0,0.0,0.0,0.0,0.0,0.0,0.0,NA,0,591.0
NFT-/XUTR/DEUTH02611333684X,0.0,21.55,21.55,2499.0,905.0,234.938,0.0,2.155,2.155,prepaid,0.862,0.0,0.0,27.0,0.0,31.86,633.03,"",'132750622652259617101,2026-04-23,11083103617,ac8cb4c5-32c5-4a72-9885-11d747950e73,"",Forward,100028374679,100028374679,11504,861.9,5.0,1500.0,0.0,1500.0,packet_delivered,0.0,0.0,0.0,0.0,0.0,0.0,0.0,0.0,NA,0,998.9999999999999
NFT-/XUTR/DEUTH02611333684X,18.57,0.0,0.0,1799.0,390.0,18.408,1.857,0.0,0.0,prepaid,0.371,0.0,0.0,17.0,0.0,20.06,349.304,"",'132726877628125687303,2026-04-23,11077842453,4598312f-2fd5-43c5-a3e9-1df173e93276,"",Forward,100023113571,100023113571,11504,371.43,5.0,1350.0,0.0,1350.0,packet_delivered,0.0,0.0,0.0,0.0,0.0,0.0,0.0,0.0,NA,0,449.0
NFT-/XUTR/DEUTH02611333684X,35.95,0.0,0.0,1699.0,755.0,195.998,3.595,0.0,0.0,prepaid,0.719,167.0,0.0,0.0,0.0,197.06,-751.748,"",'132717313494457166601,2026-04-23,11075490513,9dbaf111-d004-49c8-a32d-fee119a2bfe8,100152511524,Reverse,100020761648,100020761648,11504,719.05,5.0,850.0,0.0,850.0,return_refund,0.0,0.0,0.0,0.0,0.0,0.0,0.0,0.0,NA,0,849.0
NFT-/XUTR/DEUTH02611333684X,75.14,0.0,0.0,3499.0,1578.0,391.028,7.514,0.0,0.0,prepaid,1.503,0.0,0.0,45.0,0.0,53.1,1124.855,"",'132746312004816304501,2026-04-23,11082465619,37e9f2dc-ee52-49ce-b65d-b4c31cb698c3,"",Forward,100027736685,100027736685,11504,1502.86,5.0,1750.0,0.0,1750.0,packet_delivered,0.0,0.0,0.0,0.0,0.0,0.0,0.0,0.0,NA,0,1749.0
NFT-/XUTR/DEUTH02611333684X,66.86,0.0,0.0,2250.0,1404.0,331.344,6.686,0.0,0.0,prepaid,1.337,0.0,0.0,45.0,0.0,53.1,1011.533,"",'132723303225738508303,2026-04-23,11076769961,91e1436f-d668-4727-8712-d1075c618308,"",Forward,100022041092,100022041092,11504,1337.14,5.0,675.0,0.0,675.0,packet_delivered,0.0,0.0,0.0,0.0,0.0,0.0,0.0,0.0,NA,0,1575.0
NFT-/XUTR/DEUTH02611333684X,55.14,0.0,0.0,1899.0,1158.0,273.288,5.514,0.0,0.0,prepaid,1.103,0.0,0.0,45.0,0.0,53.1,824.995,"",'132725798628601096203,2026-04-23,11077477384,a62f51fe-2826-431e-857b-1f4dfc8888d2,"",Forward,100022748513,100022748513,11504,1102.86,5.0,570.0,0.0,570.0,packet_delivered,0.0,0.0,0.0,0.0,0.0,0.0,0.0,0.0,NA,0,1329.0
NFT-/XUTR/DEUTH02611333684X,24.57,0.0,0.0,1650.0,516.0,133.954,2.457,0.0,0.0,prepaid,0.491,91.0,0.0,0.0,0.0,107.38,-486.478,"",'132750077728713712501,2026-04-23,11082953920,87de2faf-ba18-4738-a358-eed72c831601,100149570812,Reverse,100028224982,1000007975787,11504,491.43,5.0,1040.0,0.0,1040.0,return_refund,0.0,0.0,0.0,0.0,0.0,0.0,0.0,0.0,NA,0,610.0
NFT-/XUTR/DEUTH02611333684X,37.19,0.0,0.0,1750.0,781.0,202.748,3.719,0.0,0.0,prepaid,0.744,112.0,0.0,0.0,0.0,132.16,-705.949,"",'132737800548631934903,2026-04-23,11080548197,c21a9d25-a937-4941-9727-cce1aea4aed0,100149416625,Reverse,100025819289,100025819289,11504,743.81,5.0,875.0,0.0,875.0,return_refund,0.0,0.0,0.0,0.0,0.0,0.0,0.0,0.0,NA,0,875.0
NFT-/XUTR/DEUTH02611333684X,18.95,0.0,0.0,1699.0,398.0,18.786,1.895,0.0,0.0,prepaid,0.379,91.0,0.0,0.0,0.0,107.38,-484.32,"",'132749069514926051203,2026-04-23,11082771491,21735661-b964-4cbd-8a6b-8ed62add78d7,100149579822,Reverse,100028042557,1000007812078,11504,379.05,5.0,1207.0,0.0,1207.0,return_refund,0.0,0.0,0.0,0.0,0.0,0.0,0.0,0.0,NA,0,492.0
NFT-/XUTR/DEUTH02611333684X,0.0,18.6,18.6,1750.0,781.0,202.748,0.0,1.8595,1.8595,prepaid,0.744,0.0,0.0,27.0,0.0,31.86,541.929,"",'132750676272888893701,2026-04-23,11083119713,0c0360bd-98d6-473b-9f4b-53934a67b9ae,"",Forward,100028390775,1000007920251,11504,743.8,5.0,875.0,0.0,875.0,packet_delivered,0.0,0.0,0.0,0.0,0.0,0.0,0.0,0.0,NA,0,875.0
NFT-/XUTR/DEUTH02611333684X,40.71,0.0,0.0,1899.0,855.0,221.958,4.071,0.0,0.0,prepaid,0.814,91.0,0.0,0.0,0.0,107.38,-735.537,"",'132745394449002602201,2026-04-23,11082138219,7941fa98-a93f-43b4-9f05-bed495cc221e,100149929956,Reverse,100027409285,100027409285,11504,814.29,5.0,950.0,0.0,950.0,return_refund,0.0,0.0,0.0,0.0,0.0,0.0,0.0,0.0,NA,0,949.0
NFT-/XUTR/DEUTH02611333684X,56.1,0.0,0.0,2699.0,1178.0,291.908,5.61,0.0,0.0,prepaid,1.122,0.0,0.0,45.0,0.0,53.1,826.26,"",'132751154377233892301,2026-04-23,11083266777,6b00b013-ab29-42c7-80d0-b6c1cd6f1f84,"",Forward,100028537839,1000007977305,11504,1121.9,5.0,1350.0,0.0,1350.0,packet_delivered,0.0,0.0,0.0,0.0,0.0,0.0,0.0,0.0,NA,0,1349.0
NFT-/XUTR/DEUTH02611333684X,63.24,0.0,0.0,2999.0,1328.0,329.078,6.324,0.0,0.0,prepaid,1.265,0.0,0.0,45.0,0.0,53.1,938.233,"",'132745355670845157303,2026-04-23,11082126261,0b5b33dc-b871-491e-9064-74e9c03576ce,"",Forward,100027397327,100027397327,11504,1264.76,5.0,1500.0,0.0,1500.0,packet_delivered,0.0,0.0,0.0,0.0,0.0,0.0,0.0,0.0,NA,0,1499.0
NFT-/XUTR/DEUTH02611333684X,40.29,0.0,0.0,2750.0,846.0,219.622,4.029,0.0,0.0,prepaid,0.806,0.0,0.0,27.0,0.0,31.86,589.683,"",'132719987550636546101,2026-04-23,11076276645,41b67c1c-354d-4215-8aaa-a3682cb79a45,"",Forward,100021547777,100021547777,11504,805.71,5.0,1733.0,0.0,1733.0,packet_delivered,0.0,0.0,0.0,0.0,0.0,0.0,0.0,0.0,NA,0,1017.0
NFT-/XUTR/DEUTH02611333684X,0.0,21.55,21.55,2499.0,905.0,234.938,0.0,2.155,2.155,prepaid,0.862,91.0,0.0,0.0,0.0,107.38,-772.27,"",'132750622652259617101,2026-04-23,11083103617,ac8cb4c5-32c5-4a72-9885-11d747950e73,11083103617,Reverse,100028374679,100028374679,11504,861.9,5.0,1500.0,0.0,1500.0,exchange,0.0,0.0,0.0,0.0,0.0,0.0,0.0,0.0,NA,0,998.9999999999999
NFT-/XUTR/DEUTH02611333684X,106.81,0.0,0.0,3499.0,2243.0,529.348,10.681,0.0,0.0,prepaid,2.136,0.0,0.0,61.0,0.0,71.98,1628.855,"",'132717720803825640403,2026-04-23,11075612179,ca90dc50-8b73-4dc3-8a4c-673a02085d51,"",Forward,100020883313,100020883313,11504,2136.19,5.0,1050.0,0.0,1050.0,packet_delivered,0.0,0.0,0.0,0.0,0.0,0.0,0.0,0.0,NA,0,2449.01
NFT-/XUTR/DEUTH02611333684X,34.05,0.0,0.0,1799.0,715.0,185.614,3.405,0.0,0.0,prepaid,0.681,0.0,0.0,27.0,0.0,31.86,493.44,"",'132720340388421988201,2026-04-23,11076401260,a2ecd44a-3000-45c9-9c50-ba974e91ad0c,"",Forward,100021672391,100021672391,11504,680.95,5.0,990.0,0.0,990.0,packet_delivered,0.0,0.0,0.0,0.0,0.0,0.0,0.0,0.0,NA,0,809.0
NFT-/XUTR/DEUTH02611333684X,0.0,31.62,31.62,2999.0,1328.0,329.078,0.0,3.162,3.162,prepaid,1.265,91.0,0.0,0.0,0.0,107.38,-1098.713,"",'132742948603413509203,2026-04-23,11081428636,8b4170ae-5015-452a-bbe2-be1f833f37c1,100149597861,Reverse,100026699728,100026699728,11504,1264.76,5.0,1500.0,0.0,1500.0,return_refund,0.0,0.0,0.0,0.0,0.0,0.0,0.0,0.0,NA,0,1498.9999999999998
NFT-/XUTR/DEUTH02611333684X,43.1,0.0,0.0,1999.0,905.0,234.938,4.31,0.0,0.0,prepaid,0.862,167.0,0.0,0.0,0.0,197.06,-861.95,"",'132724209071140212603,2026-04-23,11076935330,5bc54a76-e308-410a-8e83-975b4b9469b3,100150497348,Reverse,100022206460,100022206460,11504,861.9,5.0,1000.0,0.0,1000.0,return_refund,0.0,0.0,0.0,0.0,0.0,0.0,0.0,0.0,NA,0,999.0
NFT-/XUTR/DEUTH02611333684X,35.95,0.0,0.0,1699.0,755.0,195.998,3.595,0.0,0.0,prepaid,0.719,167.0,0.0,0.0,0.0,197.06,-751.748,"",'132717232230621808101,2026-04-23,11075465131,2b24d218-4d6b-425c-b55c-6a4e0ddcd406,100149666693,Reverse,100020736266,100020736266,11504,719.05,5.0,850.0,0.0,850.0,return_refund,0.0,0.0,0.0,0.0,0.0,0.0,0.0,0.0,NA,0,849.0
NFT-/XUTR/DEUTH02611333684X,55.14,0.0,0.0,1899.0,1158.0,273.288,5.514,0.0,0.0,prepaid,1.103,167.0,0.0,0.0,0.0,197.06,-1075.155,"",'132725798628601096203,2026-04-23,11077477384,a62f51fe-2826-431e-857b-1f4dfc8888d2,11077477384,Reverse,100022748513,100022748513,11504,1102.86,5.0,570.0,0.0,570.0,exchange,0.0,0.0,0.0,0.0,0.0,0.0,0.0,0.0,NA,0,1329.0
NFT-/XUTR/DEUTH02611333684X,30.71,0.0,0.0,1999.0,645.0,30.443999999999996,3.071,0.0,0.0,prepaid,0.614,0.0,0.0,27.0,0.0,31.86,579.011,"",'132749328056985401201,2026-04-23,11082802912,9463f543-2667-4e03-922a-408b5c2397e6,"",Forward,100028073977,100028073977,11504,614.29,5.0,1260.0,0.0,1260.0,packet_delivered,0.0,0.0,0.0,0.0,0.0,0.0,0.0,0.0,NA,0,739.0
NFT-/XUTR/DEUTH02611333684X,27.62,0.0,0.0,1499.0,580.0,150.568,2.762,0.0,0.0,prepaid,0.552,0.0,0.0,27.0,0.0,31.86,394.258,"",'132743062282006430003,2026-04-23,11081461061,0cc9284a-6b46-4d40-9405-e14e304688be,"",Forward,100026732153,100026732153,11504,552.38,5.0,825.0,0.0,825.0,packet_delivered,0.0,0.0,0.0,0.0,0.0,0.0,0.0,0.0,NA,0,674.0
NFT-/XUTR/DEUTH02611333684X,63.24,0.0,0.0,2999.0,1328.0,329.078,6.324,0.0,0.0,prepaid,1.265,167.0,0.0,0.0,0.0,197.06,-1188.393,"",'132718601357203806803,2026-04-23,11075862979,0f4e476f-6d3d-485a-a0d6-73d9316ab67f,100149591255,Reverse,100021134111,1000006185084,11504,1264.76,5.0,1500.0,0.0,1500.0,return_refund,0.0,0.0,0.0,0.0,0.0,0.0,0.0,0.0,NA,0,1499.0
NFT-/XUTR/DEUTH02611333684X,41.33,0.0,0.0,2599.0,868.0,225.333,4.133,0.0,0.0,prepaid,0.827,0.0,0.0,27.0,0.0,31.86,605.847,"",'132725344238582420501,2026-04-23,11077318577,feef6ece-8248-42e8-869e-8a044ce33420,"",Forward,100022589706,100022589706,11504,826.67,5.0,1560.0,0.0,1560.0,packet_delivered,0.0,0.0,0.0,0.0,0.0,0.0,0.0,0.0,NA,0,1038.99
NFT-/XUTR/DEUTH02611333684X,24.05,0.0,0.0,1499.0,505.0,131.098,2.405,0.0,0.0,prepaid,0.481,0.0,0.0,27.0,0.0,31.86,339.156,"",'132719048489179632701,2026-04-23,11075987788,bf7cf65c-27b0-4cc8-97d2-d4ad5d66b16f,"",Forward,100021258920,1000005742837,11504,480.95,5.0,900.0,0.0,900.0,packet_delivered,0.0,0.0,0.0,0.0,0.0,0.0,0.0,0.0,NA,0,599.0
NFT-/XUTR/DEUTH02611333684X,70.38,0.0,0.0,3299.0,1478.0,366.248,7.038,0.0,0.0,prepaid,1.408,91.0,0.0,0.0,0.0,107.38,-1210.686,"",'132745028864030687003,2026-04-23,11082021581,40481a22-e214-4654-ada2-092a8d7c102f,100149696384,Reverse,100027292647,100027292647,11504,1407.62,5.0,1650.0,0.0,1650.0,return_refund,0.0,0.0,0.0,0.0,0.0,0.0,0.0,0.0,NA,0,1649.0
NFT-/XUTR/DEUTH02611333684X,37.19,0.0,0.0,1750.0,781.0,202.748,3.719,0.0,0.0,prepaid,0.744,0.0,0.0,27.0,0.0,31.86,541.929,"",'132709035719502497403,2026-04-23,11073593745,02377397-8a56-4b08-995c-ecf6c5297dbe,"",Forward,100018864888,1000005009410,11504,743.81,5.0,875.0,0.0,875.0,packet_delivered,0.0,0.0,0.0,0.0,0.0,0.0,0.0,0.0,NA,0,875.0
NFT-/XUTR/DEUTH02611333684X,40.71,0.0,0.0,1899.0,855.0,221.958,4.071,0.0,0.0,prepaid,0.814,0.0,0.0,27.0,0.0,31.86,596.297,"",'132726773174713331101,2026-04-23,11077809343,743ac14e-f549-41ea-9282-e7b169f5dff5,"",Forward,100023080461,100023080461,11504,814.29,5.0,950.0,0.0,950.0,packet_delivered,0.0,0.0,0.0,0.0,0.0,0.0,0.0,0.0,NA,0,949.0
NFT-/XUTR/DEUTH02611333684X,55.14,0.0,0.0,1899.0,1158.0,273.288,5.514,0.0,0.0,prepaid,1.103,91.0,0.0,0.0,0.0,107.38,-985.475,"",'132747327246778548801,2026-04-23,11082694355,b3927280-b9f9-4e40-84ec-bf2976167589,100149548841,Reverse,100027965421,100027965421,11504,1102.86,5.0,570.0,0.0,570.0,return_refund,0.0,0.0,0.0,0.0,0.0,0.0,0.0,0.0,NA,0,1329.0
NFT-/XUTR/DEUTH02611333684X,56.86,0.0,0.0,1950.0,1194.0,281.784,5.686,0.0,0.0,prepaid,1.137,167.0,0.0,0.0,0.0,197.06,-1102.453,"",'132728459664465553303,2026-04-23,11078365021,d5f77606-9963-4fd8-ad53-ac4ca3d839ab,11078365021,Reverse,100023636136,100023636136,11504,1137.14,5.0,585.0,0.0,585.0,exchange,0.0,0.0,0.0,0.0,0.0,0.0,0.0,0.0,NA,0,1365.0
NFT-/XUTR/DEUTH02611333684X,60.86,0.0,0.0,2899.0,1278.0,316.688,6.086,0.0,0.0,prepaid,1.217,0.0,0.0,45.0,0.0,53.1,900.909,"",'132750128102976014501,2026-04-23,11082966518,ae546b1b-7666-440e-aa07-0bfef773d3f9,"",Forward,100028237580,100028237580,11504,1217.14,5.0,1450.0,0.0,1450.0,packet_delivered,0.0,0.0,0.0,0.0,0.0,0.0,0.0,0.0,NA,0,1449.0
NFT-/XUTR/DEUTH02611333684X,63.24,0.0,0.0,2999.0,1328.0,329.078,6.324,0.0,0.0,prepaid,1.265,0.0,0.0,45.0,0.0,53.1,938.233,"",'132732122137231433301,2026-04-23,11078962057,8c49602f-c6f4-49c3-a6e2-ca6d6bdae203,"",Forward,100024233170,100024233170,11504,1264.76,5.0,1500.0,0.0,1500.0,packet_delivered,0.0,0.0,0.0,0.0,0.0,0.0,0.0,0.0,NA,0,1499.0
NFT-/XUTR/DEUTH02611333684X,45.14,0.0,0.0,1599.0,948.0,246.101,4.514,0.0,0.0,prepaid,0.903,0.0,0.0,27.0,0.0,31.86,664.622,"",'132742048409466324603,2026-04-23,11081162289,c4e0fb2e-5557-445e-8f30-d30fb884617d,"",Forward,100026433381,100026433381,11504,902.86,5.0,480.0,0.0,480.0,packet_delivered,0.0,0.0,0.0,0.0,0.0,0.0,0.0,0.0,NA,0,1119.0
NFT-/XUTR/DEUTH02611333684X,33.57,0.0,0.0,1599.0,705.0,183.018,3.357,0.0,0.0,prepaid,0.671,167.0,0.0,0.0,0.0,197.06,-715.014,"",'132728454377149591203,2026-04-23,11078363031,35089a77-b057-460a-a68e-9842594e83b8,100149836339,Reverse,100023634146,1000006810428,11504,671.43,5.0,800.0,0.0,800.0,return_refund,0.0,0.0,0.0,0.0,0.0,0.0,0.0,0.0,NA,0,799.0
NFT-/XUTR/DEUTH02611333684X,81.33,0.0,0.0,3999.0,1708.0,443.397,8.133,0.0,0.0,prepaid,1.627,167.0,0.0,0.0,0.0,197.06,-1451.903,"",'132717893055134376401,2026-04-23,11075662491,053a8684-330a-4469-87c9-3640e227c157,11075662491,Reverse,100020933625,100020933625,11504,1626.67,5.0,2120.0,0.0,2120.0,exchange,0.0,0.0,0.0,0.0,0.0,0.0,0.0,0.0,NA,0,1878.99
NFT-/XUTR/DEUTH02611333684X,24.57,0.0,0.0,1650.0,516.0,133.954,2.457,0.0,0.0,prepaid,0.491,0.0,0.0,27.0,0.0,31.86,347.238,"",'132750077728713712501,2026-04-23,11082953920,87de2faf-ba18-4738-a358-eed72c831601,"",Forward,100028224982,1000007975787,11504,491.43,5.0,1040.0,0.0,1040.0,packet_delivered,0.0,0.0,0.0,0.0,0.0,0.0,0.0,0.0,NA,0,610.0
NFT-/XUTR/DEUTH02611333684X,35.95,0.0,0.0,1699.0,755.0,195.998,3.595,0.0,0.0,prepaid,0.719,0.0,0.0,27.0,0.0,31.86,522.828,"",'132717313494457166601,2026-04-23,11075490513,9dbaf111-d004-49c8-a32d-fee119a2bfe8,"",Forward,100020761648,100020761648,11504,719.05,5.0,850.0,0.0,850.0,packet_delivered,0.0,0.0,0.0,0.0,0.0,0.0,0.0,0.0,NA,0,849.0
NFT-/XUTR/DEUTH02611333684X,19.67,0.0,0.0,1750.0,263.44399999999996,12.435,1.254,0.0,0.0,prepaid,0.251,106.526,0.0,0.0,0.0,125.70068,-375.205,"",'132733800001118371701,2026-04-23,11079364549,0025b75a-6d01-45e4-8f35-45740274479d,11079364549,Reverse,100024635647,100024635647,11504,393.33,5.0,1243.0,0.0,1243.0,exchange,0.0,0.0,0.0,0.0,0.0,0.0,0.0,0.0,NA,0,506.99
NFT-/XUTR/DEUTH02611333684X,23.67,0.0,0.0,1599.0,497.0,23.458,2.367,0.0,0.0,prepaid,0.473,0.0,0.0,27.0,0.0,31.86,438.842,"",'132711493209628975601,2026-04-23,11074339796,b18f9021-ae28-421e-a9ce-0e6a70923774,"",Forward,100019610934,100019610934,11504,473.33,5.0,1008.0,0.0,1008.0,packet_delivered,0.0,0.0,0.0,0.0,0.0,0.0,0.0,0.0,NA,0,591.0
NFT-/XUTR/DEUTH02611333684X,18.95,0.0,0.0,1699.0,398.0,18.786,1.895,0.0,0.0,prepaid,0.379,0.0,0.0,0.0,0.0,0.0,376.94,"",'132724709437176186603,2026-04-23,11077086795,4ca5a4e7-c3c4-43dd-aa53-f8edb40f1194,"",Forward,100022357924,100022357924,11504,379.05,5.0,1207.0,0.0,1207.0,packet_delivered,0.0,0.0,0.0,0.0,0.0,0.0,0.0,0.0,NA,0,492.0
NFT-/XUTR/DEUTH02611333684X,70.38,0.0,0.0,3299.0,1478.0,366.248,7.038,0.0,0.0,prepaid,1.408,0.0,0.0,45.0,0.0,53.1,1050.206,"",'132724728586140107201,2026-04-23,11077093502,f43cfb5c-aa96-460e-af7b-503c6fe1012a,"",Forward,100022364631,100022364631,11504,1407.62,5.0,1650.0,0.0,1650.0,packet_delivered,0.0,0.0,0.0,0.0,0.0,0.0,0.0,0.0,NA,0,1649.0
NFT-/XUTR/DEUTH02611333684X,63.24,0.0,0.0,2999.0,1328.0,329.078,6.324,0.0,0.0,prepaid,1.265,91.0,0.0,0.0,0.0,107.38,-1098.713,"",'132743136224078639903,2026-04-23,11081482167,21f517d1-9f1b-444b-8422-1e9c0f43f503,100149631180,Reverse,100026753259,100026753259,11504,1264.76,5.0,1500.0,0.0,1500.0,return_refund,0.0,0.0,0.0,0.0,0.0,0.0,0.0,0.0,NA,0,1499.0
NFT-/XUTR/DEUTH02611333684X,51.81,0.0,0.0,1799.0,1088.0,256.768,5.181,0.0,0.0,prepaid,1.036,0.0,0.0,45.0,0.0,53.1,771.915,"",'132741966691208029801,2026-04-23,11081137627,4a8af9bb-41fa-44de-b10a-3ecf875e79fa,"",Forward,100026408719,1000007324165,11504,1036.19,5.0,540.0,0.0,540.0,packet_delivered,0.0,0.0,0.0,0.0,0.0,0.0,0.0,0.0,NA,0,1259.0
NFT-/XUTR/DEUTH02611333684X,19.1,0.0,0.0,1599.0,36.94,1.744,0.176,0.0,0.0,prepaid,0.035,0.0,0.0,1.382,0.0,1.63076,33.354,"",'132745689582419978103,2026-04-23,11082233132,ced624c2-1a0d-4d1d-832b-ab01805445e0,"",Forward,100027504198,100027504198,11504,381.9,5.0,1104.0,0.0,1104.0,packet_delivered,0.0,0.0,0.0,0.0,0.0,0.0,0.0,0.0,NA,0,494.98
NFT-/XUTR/DEUTH02611333684X,28.1,0.0,0.0,1850.0,590.0,153.164,2.81,0.0,0.0,prepaid,0.562,167.0,0.0,0.0,0.0,197.06,-630.524,"",'132728537584066577501,2026-04-23,11078394743,f06148b5-9f8d-4cca-bf99-dfc16d544467,11078394743,Reverse,100023665858,100023665858,11504,561.9,5.0,1166.0,0.0,1166.0,exchange,0.0,0.0,0.0,0.0,0.0,0.0,0.0,0.0,NA,0,684.0
NFT-/XUTR/DEUTH02611333684X,0.0,35.19,35.19,3299.0,1478.0,366.248,0.0,3.519,3.519,prepaid,1.408,91.0,0.0,0.0,0.0,107.38,-1210.686,"",'132744997930989007701,2026-04-23,11082012159,6d6ffb9a-9885-42f0-851f-ccf7ad5070ac,100149554112,Reverse,100027283226,100027283226,11504,1407.62,5.0,1650.0,0.0,1650.0,return_refund,0.0,0.0,0.0,0.0,0.0,0.0,0.0,0.0,NA,0,1649.0
NFT-/XUTR/DEUTH02611333684X,45.14,0.0,0.0,2799.0,948.0,246.101,4.514,0.0,0.0,prepaid,0.903,0.0,0.0,27.0,0.0,31.86,664.622,"",'132716938218468190401,2026-04-23,11075374529,373a9abf-24ff-435e-9b49-d1766026f3f5,"",Forward,100020645664,1000006150758,11504,902.86,5.0,1680.0,0.0,1680.0,packet_delivered,0.0,0.0,0.0,0.0,0.0,0.0,0.0,0.0,NA,0,1119.0
NFT-/XUTR/DEUTH02611333684X,78.48,0.0,0.0,2600.0,1648.0,408.374,7.848,0.0,0.0,prepaid,1.57,167.0,0.0,0.0,0.0,197.06,-1427.268,"",'132723135430438073403,2026-04-23,11076755735,d85da029-7248-4898-89b1-b60185a435d6,100149701764,Reverse,100022026866,1000006180849,11504,1569.52,5.0,781.0,0.0,781.0,return_refund,0.0,0.0,0.0,0.0,0.0,0.0,0.0,0.0,NA,0,1819.0
NFT-/XUTR/DEUTH02611333684X,72.76,0.0,0.0,1699.0,1528.0,360.608,7.276,0.0,0.0,prepaid,1.455,0.0,0.0,45.0,0.0,53.1,1105.561,"",'132719610147338190703,2026-04-23,11076153145,c9fd435a-af99-48d2-8f5f-9e394055bef1,"",Forward,100021424277,100021424277,11504,1455.24,5.0,0.0,0.0,0.0,packet_delivered,0.0,0.0,0.0,0.0,0.0,0.0,0.0,0.0,NA,0,1699.0
NFT-/XUTR/DEUTH02611333684X,43.05,0.0,0.0,2699.0,904.0,234.678,4.305,0.0,0.0,prepaid,0.861,91.0,0.0,0.0,0.0,107.38,-771.536,"",'132745438441116556403,2026-04-23,11082151844,c12beaad-bd5e-42ea-966e-9d453531f651,100150756426,Reverse,100027422910,100027422910,11504,860.95,5.0,1701.0,0.0,1701.0,return_refund,0.0,0.0,0.0,0.0,0.0,0.0,0.0,0.0,NA,0,998.0
NFT-/XUTR/DEUTH02611333684X,30.48,0.0,0.0,2099.0,640.0,30.208,3.048,0.0,0.0,prepaid,0.61,167.0,0.0,0.0,0.0,197.06,-803.194,"",'132718351693778817401,2026-04-23,11075792627,cf1f47a5-7bc4-4076-8430-7d213775b5d7,100149465001,Reverse,100021063759,100021063759,11504,609.52,5.0,1365.0,0.0,1365.0,return_refund,0.0,0.0,0.0,0.0,0.0,0.0,0.0,0.0,NA,0,734.0
NFT-/XUTR/DEUTH02611333684X,46.86,0.0,0.0,1650.0,984.0,255.44600000000003,4.686,0.0,0.0,prepaid,0.937,0.0,0.0,27.0,0.0,31.86,691.071,"",'132729224914213356003,2026-04-23,11078672424,5fb08791-6223-4a6c-b833-1cc5a96c8e7b,"",Forward,100023943539,1000006789318,11504,937.14,5.0,495.0,0.0,495.0,packet_delivered,0.0,0.0,0.0,0.0,0.0,0.0,0.0,0.0,NA,0,1155.0
NFT-/XUTR/DEUTH02611333684X,63.24,0.0,0.0,2999.0,1328.0,329.078,6.324,0.0,0.0,prepaid,1.265,0.0,0.0,45.0,0.0,53.1,938.233,"",'132725493412810755101,2026-04-23,11077373075,1e829b28-8e67-48f2-be18-e1b84a4751a4,"",Forward,100022644204,100022644204,11504,1264.76,5.0,1500.0,0.0,1500.0,packet_delivered,0.0,0.0,0.0,0.0,0.0,0.0,0.0,0.0,NA,0,1499.0
NFT-/XUTR/DEUTH02611333684X,34.81,0.0,0.0,1650.0,731.0,189.768,3.481,0.0,0.0,prepaid,0.696,0.0,0.0,27.0,0.0,31.86,505.195,"",'132719429889431635703,2026-04-23,11076098095,73a4f3b9-d3d0-47b9-8de1-aa1f31566538,"",Forward,100021369227,100021369227,11504,696.19,5.0,825.0,0.0,825.0,packet_delivered,0.0,0.0,0.0,0.0,0.0,0.0,0.0,0.0,NA,0,825.0
NFT-/XUTR/DEUTH02611333684X,55.14,0.0,0.0,1899.0,1158.0,273.288,5.514,0.0,0.0,prepaid,1.103,0.0,0.0,45.0,0.0,53.1,824.995,"",'132726938817034147801,2026-04-23,11077862306,a455804d-84f4-423a-a17a-5eed640eee2c,"",Forward,100023133425,1000006322383,11504,1102.86,5.0,570.0,0.0,570.0,packet_delivered,0.0,0.0,0.0,0.0,0.0,0.0,0.0,0.0,NA,0,1329.0
NFT-/XUTR/DEUTH02611333684X,37.91,0.0,0.0,2999.0,796.0,37.571,3.79,0.0,0.0,prepaid,0.758,0.0,0.0,27.0,0.0,31.86,722.021,"",'132716643676273742103,2026-04-23,11075279571,b441a0dd-74ab-44d2-82ec-ba4435a34764,"",Forward,100020550706,1000006148895,11504,758.1,5.0,2109.0,0.0,2109.0,packet_delivered,0.0,0.0,0.0,0.0,0.0,0.0,0.0,0.0,NA,0,890.02
NFT-/XUTR/DEUTH02611333684X,20.71,0.0,0.0,1499.0,435.0,20.532,2.071,0.0,0.0,prepaid,0.414,0.0,0.0,19.0,0.0,22.42,389.563,"",'132727708183231724401,2026-04-23,11078107670,6999812e-96d1-4368-bdfc-a1cd40966d1c,"",Forward,100023378785,100023378785,11504,414.29,5.0,1005.0,0.0,1005.0,packet_delivered,0.0,0.0,0.0,0.0,0.0,0.0,0.0,0.0,NA,0,494.0
NFT-/XUTR/DEUTH02611333684X,24.57,0.0,0.0,1650.0,516.0,133.954,2.457,0.0,0.0,prepaid,0.491,167.0,0.0,0.0,0.0,197.06,-576.158,"",'132708931629775473401,2026-04-23,11073561410,9c2be0ae-804f-4150-8fa0-c5e98faa5e48,100150617515,Reverse,100018832554,100018832554,11504,491.43,5.0,1040.0,0.0,1040.0,return_refund,0.0,0.0,0.0,0.0,0.0,0.0,0.0,0.0,NA,0,610.0
NFT-/XUTR/DEUTH02611333684X,34.05,0.0,0.0,1799.0,715.0,185.614,3.405,0.0,0.0,prepaid,0.681,0.0,0.0,27.0,0.0,31.86,493.44,"",'132745488856422496401,2026-04-23,11082167772,ca9a1c97-7b9e-46c5-9492-2cf979d51433,"",Forward,100027438838,100027438838,11504,680.95,5.0,990.0,0.0,990.0,packet_delivered,0.0,0.0,0.0,0.0,0.0,0.0,0.0,0.0,NA,0,809.0
NFT-/XUTR/DEUTH02611333684X,19.05,0.0,0.0,1499.0,400.0,18.88,1.905,0.0,0.0,prepaid,0.381,91.0,0.0,0.0,0.0,107.38,-486.214,"",'132747915515423721801,2026-04-23,11082724896,d15a9d4b-b114-4647-82cb-09f461552923,100149832643,Reverse,100027995962,100027995962,11504,380.95,5.0,1005.0,0.0,1005.0,return_refund,0.0,0.0,0.0,0.0,0.0,0.0,0.0,0.0,NA,0,494.0
NFT-/XUTR/DEUTH02611333684X,40.29,0.0,0.0,2750.0,846.0,219.622,4.029,0.0,0.0,prepaid,0.806,167.0,0.0,0.0,0.0,197.06,-818.603,"",'132719987550636546101,2026-04-23,11076276645,41b67c1c-354d-4215-8aaa-a3682cb79a45,11076276645,Reverse,100021547777,100021547777,11504,805.71,5.0,1733.0,0.0,1733.0,exchange,0.0,0.0,0.0,0.0,0.0,0.0,0.0,0.0,NA,0,1017.0
NFT-/XUTR/DEUTH02611333684X,33.57,0.0,0.0,1599.0,705.0,183.018,3.357,0.0,0.0,prepaid,0.671,0.0,0.0,27.0,0.0,31.86,486.094,"",'132728454377149591203,2026-04-23,11078363031,35089a77-b057-460a-a68e-9842594e83b8,"",Forward,100023634146,1000006810428,11504,671.43,5.0,800.0,0.0,800.0,packet_delivered,0.0,0.0,0.0,0.0,0.0,0.0,0.0,0.0,NA,0,799.0
NFT-/XUTR/DEUTH02611333684X,40.81,0.0,0.0,2799.0,857.0,222.477,4.081,0.0,0.0,prepaid,0.816,0.0,0.0,27.0,0.0,31.86,597.766,"",'132744766316025428903,2026-04-23,11081944190,b25b5546-d5d2-4f5b-892b-053b7ce52012,"",Forward,100027215257,100027215257,11504,816.19,5.0,1848.0,0.0,1848.0,packet_delivered,0.0,0.0,0.0,0.0,0.0,0.0,0.0,0.0,NA,0,950.98
NFT-/XUTR/DEUTH02611333684X,63.24,0.0,0.0,2999.0,1328.0,329.078,6.324,0.0,0.0,prepaid,1.265,0.0,0.0,45.0,0.0,53.1,938.233,"",'132724769706072133101,2026-04-23,11077107159,b819cd93-86a1-4bb9-86ee-cc3d7aafe1aa,"",Forward,100022378289,1000006177855,11504,1264.76,5.0,1500.0,0.0,1500.0,packet_delivered,0.0,0.0,0.0,0.0,0.0,0.0,0.0,0.0,NA,0,1499.0
NFT-/XUTR/DEUTH02611333684X,72.76,0.0,0.0,1699.0,1528.0,360.608,7.276,0.0,0.0,prepaid,1.455,0.0,0.0,45.0,0.0,53.1,1105.561,"",'132749862050617980101,2026-04-23,11082903584,1c2608b6-0b2c-40e5-8e76-927fc9a5e859,"",Forward,100028174649,100028174649,11504,1455.24,5.0,0.0,0.0,0.0,packet_delivered,0.0,0.0,0.0,0.0,0.0,0.0,0.0,0.0,NA,0,1699.01
NFT-/XUTR/DEUTH02611333684X,63.24,0.0,0.0,2999.0,1328.0,329.078,6.324,0.0,0.0,prepaid,1.265,0.0,0.0,45.0,0.0,53.1,938.233,"",'132718601357203806803,2026-04-23,11075862978,0f4e476f-6d3d-485a-a0d6-73d9316ab67f,"",Forward,100021134110,1000006185084,11504,1264.76,5.0,1500.0,0.0,1500.0,packet_delivered,0.0,0.0,0.0,0.0,0.0,0.0,0.0,0.0,NA,0,1499.0
NFT-/XUTR/DEUTH02611333684X,35.95,0.0,0.0,1699.0,755.0,195.998,3.595,0.0,0.0,prepaid,0.719,0.0,0.0,27.0,0.0,31.86,522.828,"",'132720345079296369503,2026-04-23,11076402904,d34d9002-2346-44d3-afd4-fe425c81a621,"",Forward,100021674035,100021674035,11504,719.05,5.0,850.0,0.0,850.0,packet_delivered,0.0,0.0,0.0,0.0,0.0,0.0,0.0,0.0,NA,0,849.0
NFT-/XUTR/DEUTH02611333684X,56.86,0.0,0.0,1950.0,1194.0,281.784,5.686,0.0,0.0,prepaid,1.137,0.0,0.0,45.0,0.0,53.1,852.293,"",'132728459664465553303,2026-04-23,11078365021,d5f77606-9963-4fd8-ad53-ac4ca3d839ab,"",Forward,100023636136,100023636136,11504,1137.14,5.0,585.0,0.0,585.0,packet_delivered,0.0,0.0,0.0,0.0,0.0,0.0,0.0,0.0,NA,0,1365.0
NFT-/XUTR/DEUTH02611333684X,63.24,0.0,0.0,2999.0,1328.0,329.078,6.324,0.0,0.0,prepaid,1.265,0.0,0.0,45.0,0.0,53.1,938.233,"",'132751154377233892301,2026-04-23,11083266770,6b00b013-ab29-42c7-80d0-b6c1cd6f1f84,"",Forward,100028537832,1000007977305,11504,1264.76,5.0,1500.0,0.0,1500.0,packet_delivered,0.0,0.0,0.0,0.0,0.0,0.0,0.0,0.0,NA,0,1499.0
NFT-/XUTR/DEUTH02611333684X,50.19,0.0,0.0,1750.0,1054.0,248.744,5.019,0.0,0.0,prepaid,1.004,167.0,0.0,0.0,0.0,197.06,-996.293,"",'132723799021827204001,2026-04-23,11076842961,42259f08-2a89-4448-82bd-f3aff8474160,100150750038,Reverse,100022114091,1000005992742,11504,1003.81,5.0,525.0,0.0,525.0,return_refund,0.0,0.0,0.0,0.0,0.0,0.0,0.0,0.0,NA,0,1225.0
NFT-/XUTR/DEUTH02611333684X,38.33,0.0,0.0,1799.0,805.0,208.978,3.833,0.0,0.0,prepaid,0.767,0.0,0.0,27.0,0.0,31.86,559.562,"",'132717397196847839901,2026-04-23,11075516575,eeeb777c-e316-4fe1-8eef-44a40850b107,"",Forward,100020787710,1000005613716,11504,766.67,5.0,900.0,0.0,900.0,packet_delivered,0.0,0.0,0.0,0.0,0.0,0.0,0.0,0.0,NA,0,899.0
NFT-/XUTR/DEUTH02611333684X,35.95,0.0,0.0,1699.0,755.0,195.998,3.595,0.0,0.0,prepaid,0.719,0.0,0.0,27.0,0.0,31.86,522.828,"",'132717415311273577401,2026-04-23,11075521869,f372c9c5-32f0-4458-af06-ba3ce58320ff,"",Forward,100020793004,1000006162971,11504,719.05,5.0,850.0,0.0,850.0,packet_delivered,0.0,0.0,0.0,0.0,0.0,0.0,0.0,0.0,NA,0,849.0
NFT-/XUTR/DEUTH02611333684X,35.95,0.0,0.0,1699.0,755.0,195.998,3.595,0.0,0.0,prepaid,0.719,0.0,0.0,27.0,0.0,31.86,522.828,"",'132724680073826209001,2026-04-23,11077076849,beafa079-a5a0-4230-99b3-b04319d95557,"",Forward,100022347978,1000006079006,11504,719.05,5.0,850.0,0.0,850.0,packet_delivered,0.0,0.0,0.0,0.0,0.0,0.0,0.0,0.0,NA,0,849.0
NFT-/XUTR/DEUTH02611333684X,63.24,0.0,0.0,2999.0,1328.0,329.078,6.324,0.0,0.0,prepaid,1.265,0.0,0.0,45.0,0.0,53.1,938.233,"",'132737005240540478401,2026-04-23,11080261803,f6252622-bb16-4498-9c81-41d4a75d4f57,"",Forward,100025532895,100025532895,11504,1264.76,5.0,1500.0,0.0,1500.0,packet_delivered,0.0,0.0,0.0,0.0,0.0,0.0,0.0,0.0,NA,0,1499.0
NFT-/XUTR/DEUTH02611333684X,58.29,0.0,0.0,3100.0,1224.0,303.307,5.829,0.0,0.0,prepaid,1.166,91.0,0.0,0.0,0.0,107.38,-1021.078,"",'132746300980891882601,2026-04-23,11082461768,abfcc842-3b79-4860-9836-19a27377b9f3,100149608370,Reverse,100027732834,100027732834,11504,1165.71,5.0,1705.0,0.0,1705.0,return_refund,0.0,0.0,0.0,0.0,0.0,0.0,0.0,0.0,NA,0,1395.0
NFT-/XUTR/DEUTH02611333684X,70.38,0.0,0.0,3299.0,1478.0,366.248,7.038,0.0,0.0,prepaid,1.408,0.0,0.0,45.0,0.0,53.1,1050.206,"",'132745028864030687003,2026-04-23,11082021581,40481a22-e214-4654-ada2-092a8d7c102f,"",Forward,100027292647,100027292647,11504,1407.62,5.0,1650.0,0.0,1650.0,packet_delivered,0.0,0.0,0.0,0.0,0.0,0.0,0.0,0.0,NA,0,1649.0
NFT-/XUTR/DEUTH02611333684X,58.95,0.0,0.0,2999.0,290.9,72.085,1.385,0.0,0.0,prepaid,0.277,0.0,0.0,10.574,0.0,12.47732,204.676,"",'132724417681350442301,2026-04-23,11076992425,eb8aa559-3611-4121-9ce6-1085e455eb4f,"",Forward,100022263554,1000006176561,11504,1179.05,5.0,1590.0,0.0,1590.0,packet_delivered,0.0,0.0,0.0,0.0,0.0,0.0,0.0,0.0,NA,0,1409.0
NFT-/XUTR/DEUTH02611333684X,62.29,0.0,0.0,3999.0,1308.0,324.122,6.229,0.0,0.0,prepaid,1.246,167.0,0.0,0.0,0.0,197.06,-1173.463,"",'132718489506222887701,2026-04-23,11075831968,4e1bc532-12c4-4960-9c2d-053d2c005dea,100149893095,Reverse,100021103100,100021103100,11504,1245.71,5.0,2520.0,0.0,2520.0,return_refund,0.0,0.0,0.0,0.0,0.0,0.0,0.0,0.0,NA,0,1479.0
NFT-/XUTR/DEUTH02611333684X,39.57,0.0,0.0,1850.0,831.0,215.728,3.957,0.0,0.0,prepaid,0.791,0.0,0.0,27.0,0.0,31.86,578.664,"",'132724760016065685603,2026-04-23,11077103735,89b979c6-f4b0-4c2e-8592-0d76e17da705,"",Forward,100022374864,1000006090429,11504,791.43,5.0,925.0,0.0,925.0,packet_delivered,0.0,0.0,0.0,0.0,0.0,0.0,0.0,0.0,NA,0,925.0
NFT-/XUTR/DEUTH02611333684X,97.29,0.0,0.0,4499.0,2043.0,482.148,9.729,0.0,0.0,prepaid,1.946,0.0,0.0,61.0,0.0,71.98,1477.197,"",'132733366842436939001,2026-04-23,11079239575,08f8a650-70af-415a-8701-ace7bd74728d,"",Forward,100024510674,100024510674,11504,1945.71,5.0,2250.0,0.0,2250.0,packet_delivered,0.0,0.0,0.0,0.0,0.0,0.0,0.0,0.0,NA,0,2249.0
NFT-/XUTR/DEUTH02611333684X,19.05,0.0,0.0,1499.0,400.0,18.88,1.905,0.0,0.0,prepaid,0.381,0.0,0.0,0.0,0.0,0.0,378.834,"",'132747915515423721801,2026-04-23,11082724896,d15a9d4b-b114-4647-82cb-09f461552923,"",Forward,100027995962,100027995962,11504,380.95,5.0,1005.0,0.0,1005.0,packet_delivered,0.0,0.0,0.0,0.0,0.0,0.0,0.0,0.0,NA,0,494.0
NFT-/XUTR/DEUTH02611333684X,37.19,0.0,0.0,1750.0,781.0,202.748,3.719,0.0,0.0,prepaid,0.744,167.0,0.0,0.0,0.0,197.06,-770.849,"",'132729224914213356003,2026-04-23,11078672423,5fb08791-6223-4a6c-b833-1cc5a96c8e7b,11078672423,Reverse,100023943538,1000006789318,11504,743.81,5.0,875.0,0.0,875.0,exchange,0.0,0.0,0.0,0.0,0.0,0.0,0.0,0.0,NA,0,875.0
NFT-/XUTR/DEUTH02611333684X,33.52,0.0,0.0,1699.0,8.38,2.175,0.04,0.0,0.0,prepaid,0.008,0.0,0.0,0.321,0.0,0.37878,5.778,"",'132718049934009559503,2026-04-23,11075707961,e7d46f48-59c5-476c-8c0e-e83bfa8f2dd3,"",Forward,100020979094,1000005693669,11504,670.48,5.0,901.0,0.0,901.0,packet_delivered,0.0,0.0,0.0,0.0,0.0,0.0,0.0,0.0,NA,0,798.0
NFT-/XUTR/DEUTH02611333684X,70.38,0.0,0.0,3299.0,1478.0,366.248,7.038,0.0,0.0,prepaid,1.408,167.0,0.0,0.0,0.0,197.06,-1300.366,"",'132726416937343500603,2026-04-23,11077695584,9d9161de-838c-428f-a120-4f8b1f0e509a,100150913512,Reverse,100022966702,1000006781600,11504,1407.62,5.0,1650.0,0.0,1650.0,return_refund,0.0,0.0,0.0,0.0,0.0,0.0,0.0,0.0,NA,0,1649.0
NFT-/XUTR/DEUTH02611333684X,24.57,0.0,0.0,1650.0,516.0,133.954,2.457,0.0,0.0,prepaid,0.491,0.0,0.0,27.0,0.0,31.86,347.238,"",'132716728664878970001,2026-04-23,11075308111,cb44d433-3a7f-4100-bfdb-f9e0fd6ccc88,"",Forward,100020579246,100020579246,11504,491.43,5.0,1040.0,0.0,1040.0,packet_delivered,0.0,0.0,0.0,0.0,0.0,0.0,0.0,0.0,NA,0,610.0
NFT-/XUTR/DEUTH02611333684X,37.19,0.0,0.0,1750.0,9.3,2.414,0.044,0.0,0.0,prepaid,0.009,0.0,0.0,0.322,0.0,0.37996,6.453,"",'132718049934009559503,2026-04-23,11075707960,e7d46f48-59c5-476c-8c0e-e83bfa8f2dd3,"",Forward,100020979093,1000005693669,11504,743.81,5.0,875.0,0.0,875.0,packet_delivered,0.0,0.0,0.0,0.0,0.0,0.0,0.0,0.0,NA,0,875.0
NFT-/XUTR/DEUTH02611333684X,63.24,0.0,0.0,2999.0,1328.0,329.078,6.324,0.0,0.0,prepaid,1.265,167.0,0.0,0.0,0.0,197.06,-1188.393,"",'132732122137231433301,2026-04-23,11078962057,8c49602f-c6f4-49c3-a6e2-ca6d6bdae203,100151406554,Reverse,100024233170,100024233170,11504,1264.76,5.0,1500.0,0.0,1500.0,return_refund,0.0,0.0,0.0,0.0,0.0,0.0,0.0,0.0,NA,0,1499.0
NFT-/XUTR/DEUTH02611333684X,33.57,0.0,0.0,1599.0,705.0,183.018,3.357,0.0,0.0,prepaid,0.671,0.0,0.0,27.0,0.0,31.86,486.094,"",'132717824311984260001,2026-04-23,11075642295,bfb4ee03-6ddf-46b3-9ded-b793f2f04e51,"",Forward,100020913429,100020913429,11504,671.43,5.0,800.0,0.0,800.0,packet_delivered,0.0,0.0,0.0,0.0,0.0,0.0,0.0,0.0,NA,0,799.0
NFT-/XUTR/DEUTH02611333684X,63.24,0.0,0.0,2999.0,1328.0,329.078,6.324,0.0,0.0,prepaid,1.265,0.0,0.0,45.0,0.0,53.1,938.233,"",'132724769706072133101,2026-04-23,11077107163,b819cd93-86a1-4bb9-86ee-cc3d7aafe1aa,"",Forward,100022378292,1000006177855,11504,1264.76,5.0,1500.0,0.0,1500.0,packet_delivered,0.0,0.0,0.0,0.0,0.0,0.0,0.0,0.0,NA,0,1499.0
NFT-/XUTR/DEUTH02611333684X,0.0,29.48,29.48,2999.0,1238.0,306.776,0.0,2.9475,2.9475,prepaid,1.179,91.0,0.0,0.0,0.0,107.38,-1031.53,"",'132740689827078947801,2026-04-23,11080839248,41eb8338-6580-49b7-acd5-42ea5d9577a8,100151043209,Reverse,100026110340,100026110340,11504,1179.04,5.0,1590.0,0.0,1590.0,return_refund,0.0,0.0,0.0,0.0,0.0,0.0,0.0,0.0,NA,0,1409.0
NFT-/XUTR/DEUTH02611333684X,45.52,0.0,0.0,2399.0,956.0,248.178,4.552,0.0,0.0,prepaid,0.91,0.0,0.0,27.0,0.0,31.86,670.5,"",'132728825786184544103,2026-04-23,11078511502,9cec6468-5722-40ad-a42c-9797b3523a0d,"",Forward,100023782617,100023782617,11504,910.48,5.0,1272.0,0.0,1272.0,packet_delivered,0.0,0.0,0.0,0.0,0.0,0.0,0.0,0.0,NA,0,1127.0
NFT-/XUTR/DEUTH02611333684X,53.48,0.0,0.0,3499.0,1123.0,278.279,5.348,0.0,0.0,prepaid,1.07,0.0,0.0,45.0,0.0,53.1,785.203,"",'132728885474604780501,2026-04-23,11078536057,791c2547-e8e1-45d3-bcfd-0b1ff10abe9e,"",Forward,100023807172,100023807172,11504,1069.52,5.0,2205.0,0.0,2205.0,packet_delivered,0.0,0.0,0.0,0.0,0.0,0.0,0.0,0.0,NA,0,1294.0
NFT-/XUTR/DEUTH02611333684X,19.05,0.0,0.0,1499.0,399.99999999999994,18.88,1.905,0.0,0.0,prepaid,0.381,167.0,0.0,0.0,0.0,197.06,-575.894,"",'132719048489179632701,2026-04-23,11075987786,bf7cf65c-27b0-4cc8-97d2-d4ad5d66b16f,100149504372,Reverse,100021258918,1000005742837,11504,380.95,5.0,1005.0,0.0,1005.0,return_refund,0.0,0.0,0.0,0.0,0.0,0.0,0.0,0.0,NA,0,494.0
NFT-/XUTR/DEUTH02611333684X,55.14,0.0,0.0,1899.0,1158.0,273.288,5.514,0.0,0.0,prepaid,1.103,0.0,0.0,45.0,0.0,53.1,824.995,"",'132719521732595005203,2026-04-23,11076126251,b045cd4f-dec6-45e4-be4d-867d0b5a38df,"",Forward,100021397383,100021397383,11504,1102.86,5.0,570.0,0.0,570.0,packet_delivered,0.0,0.0,0.0,0.0,0.0,0.0,0.0,0.0,NA,0,1329.0
NFT-/XUTR/DEUTH02611333684X,31.29,0.0,0.0,1599.0,657.0,170.557,3.129,0.0,0.0,prepaid,0.626,0.0,0.0,27.0,0.0,31.86,450.828,"",'132709798645608427003,2026-04-23,11073817915,13939eee-8d60-4724-9bde-927c97bdbdc3,"",Forward,100019089056,1000005078881,11504,625.71,5.0,848.0,0.0,848.0,packet_delivered,0.0,0.0,0.0,0.0,0.0,0.0,0.0,0.0,NA,0,751.0
NFT-/XUTR/DEUTH02611333684X,36.0,0.0,0.0,2299.0,756.0,196.258,3.6,0.0,0.0,prepaid,0.72,91.0,0.0,0.0,0.0,107.38,-662.802,"",'132749069514926051203,2026-04-23,11082771493,21735661-b964-4cbd-8a6b-8ed62add78d7,100149568698,Reverse,100028042559,1000007812078,11504,720,5.0,1449.0,0.0,1449.0,return_refund,0.0,0.0,0.0,0.0,0.0,0.0,0.0,0.0,NA,0,850.0
NFT-/XUTR/DEUTH02611333684X,55.14,0.0,0.0,1899.0,1158.0,273.288,5.514,0.0,0.0,prepaid,1.103,0.0,0.0,45.0,0.0,53.1,824.995,"",'132747327246778548801,2026-04-23,11082694355,b3927280-b9f9-4e40-84ec-bf2976167589,"",Forward,100027965421,100027965421,11504,1102.86,5.0,570.0,0.0,570.0,packet_delivered,0.0,0.0,0.0,0.0,0.0,0.0,0.0,0.0,NA,0,1329.0
NFT-/XUTR/DEUTH02611333684X,58.95,0.0,0.0,2999.0,290.90000000000003,72.085,1.385,0.0,0.0,prepaid,0.277,39.241,0.0,0.0,0.0,46.30438,-263.457,"",'132724417681350442301,2026-04-23,11076992425,eb8aa559-3611-4121-9ce6-1085e455eb4f,11076992425,Reverse,100022263554,1000006176561,11504,1179.05,5.0,1590.0,0.0,1590.0,exchange,0.0,0.0,0.0,0.0,0.0,0.0,0.0,0.0,NA,0,1409.0
NFT-/XUTR/DEUTH02611333684X,30.48,0.0,0.0,2099.0,640.0,30.208,3.048,0.0,0.0,prepaid,0.61,0.0,0.0,27.0,0.0,31.86,574.274,"",'132718351693778817401,2026-04-23,11075792627,cf1f47a5-7bc4-4076-8430-7d213775b5d7,"",Forward,100021063759,100021063759,11504,609.52,5.0,1365.0,0.0,1365.0,packet_delivered,0.0,0.0,0.0,0.0,0.0,0.0,0.0,0.0,NA,0,734.0
NFT-/XUTR/DEUTH02611333684X,45.14,0.0,0.0,1599.0,948.0,246.101,4.514,0.0,0.0,prepaid,0.903,167.0,0.0,0.0,0.0,197.06,-893.542,"",'132726938817034147801,2026-04-23,11077862309,a455804d-84f4-423a-a17a-5eed640eee2c,100149666927,Reverse,100023133427,1000006322383,11504,902.86,5.0,480.0,0.0,480.0,return_refund,0.0,0.0,0.0,0.0,0.0,0.0,0.0,0.0,NA,0,1119.0
NFT-/XUTR/DEUTH02611333684X,39.52,0.0,0.0,2499.0,830.0,215.468,3.952,0.0,0.0,prepaid,0.79,91.0,0.0,0.0,0.0,107.38,-717.17,"",'132736842220570825001,2026-04-23,11080208391,5b5e2b2c-0b1b-494f-86f3-154c27ee4a20,11080208391,Reverse,100025479482,100025479482,11504,790.48,5.0,1575.0,0.0,1575.0,exchange,0.0,0.0,0.0,0.0,0.0,0.0,0.0,0.0,NA,0,924.0
NFT-/XUTR/DEUTH02611333684X,28.67,0.0,0.0,1699.0,602.0,156.279,2.867,0.0,0.0,prepaid,0.573,0.0,0.0,27.0,0.0,31.86,410.421,"",'132726463693433241301,2026-04-23,11077710490,e674829c-1897-4780-8f4d-b58276d02b02,"",Forward,100022981608,1000006271909,11504,573.33,5.0,1003.0,0.0,1003.0,packet_delivered,0.0,0.0,0.0,0.0,0.0,0.0,0.0,0.0,NA,0,696.0
NFT-/XUTR/DEUTH02611333684X,106.81,0.0,0.0,3499.0,2243.0,529.348,10.681,0.0,0.0,prepaid,2.136,0.0,0.0,61.0,0.0,71.98,1628.855,"",'132751154377233892301,2026-04-23,11083266774,6b00b013-ab29-42c7-80d0-b6c1cd6f1f84,"",Forward,100028537836,1000007977305,11504,2136.19,5.0,1050.0,0.0,1050.0,packet_delivered,0.0,0.0,0.0,0.0,0.0,0.0,0.0,0.0,NA,0,2449.0
NFT-/XUTR/DEUTH02611333684X,39.81,0.0,0.0,2799.0,836.0,217.026,3.981,0.0,0.0,prepaid,0.796,0.0,0.0,27.0,0.0,31.86,582.337,"",'132716938218468190401,2026-04-23,11075374528,373a9abf-24ff-435e-9b49-d1766026f3f5,"",Forward,100020645663,1000006150758,11504,796.19,5.0,1792.0,0.0,1792.0,packet_delivered,0.0,0.0,0.0,0.0,0.0,0.0,0.0,0.0,NA,0,1007.0
NFT-/XUTR/DEUTH02611333684X,19.67,0.0,0.0,1750.0,412.99999999999994,19.494,1.967,0.0,0.0,prepaid,0.393,167.0,0.0,0.0,0.0,197.06,-588.206,"",'132729088738260327901,2026-04-23,11078617842,b04cec49-129d-4efb-bfb7-a3c1d9fe1047,100152927490,Reverse,100023888957,1000006474832,11504,393.33,5.0,1243.0,0.0,1243.0,return_refund,0.0,0.0,0.0,0.0,0.0,0.0,0.0,0.0,NA,0,507.0
NFT-/XUTR/DEUTH02611333684X,41.95,0.0,0.0,1950.0,881.0,228.708,4.195,0.0,0.0,prepaid,0.839,0.0,0.0,27.0,0.0,31.86,615.398,"",'132745407713239852101,2026-04-23,11082142243,feccc827-6735-4b66-b198-39aee83041ee,"",Forward,100027413309,1000007596124,11504,839.05,5.0,975.0,0.0,975.0,packet_delivered,0.0,0.0,0.0,0.0,0.0,0.0,0.0,0.0,NA,0,975.0
NFT-/XUTR/DEUTH02611333684X,42.05,0.0,0.0,2850.0,883.0,229.227,4.205,0.0,0.0,prepaid,0.841,0.0,0.0,27.0,0.0,31.86,616.867,"",'132724539053509060703,2026-04-23,11077029954,9bb60966-e889-417d-906c-449d02b9f13f,"",Forward,100022301083,1000006173557,11504,840.95,5.0,1796.0,0.0,1796.0,packet_delivered,0.0,0.0,0.0,0.0,0.0,0.0,0.0,0.0,NA,0,1054.0
NFT-/XUTR/DEUTH02611333684X,56.1,0.0,0.0,2699.0,1178.0,291.908,5.61,0.0,0.0,prepaid,1.122,0.0,0.0,45.0,0.0,53.1,826.26,"",'132725234856041371603,2026-04-23,11077276935,a9bcd480-1656-45c8-985c-c5e62896ca9f,"",Forward,100022548064,1000006178864,11504,1121.9,5.0,1350.0,0.0,1350.0,packet_delivered,0.0,0.0,0.0,0.0,0.0,0.0,0.0,0.0,NA,0,1349.0
NFT-/XUTR/DEUTH02611333684X,29.05,0.0,0.0,1499.0,610.0,158.356,2.905,0.0,0.0,prepaid,0.581,0.0,0.0,27.0,0.0,31.86,416.298,"",'132749069514926051203,2026-04-23,11082771494,21735661-b964-4cbd-8a6b-8ed62add78d7,"",Forward,100028042560,1000007812078,11504,580.95,5.0,795.0,0.0,795.0,packet_delivered,0.0,0.0,0.0,0.0,0.0,0.0,0.0,0.0,NA,0,704.0
NFT-/XUTR/DEUTH02611333684X,90.14,0.0,0.0,2999.0,1893.0,469.085,9.014,0.0,0.0,prepaid,1.803,91.0,0.0,0.0,0.0,107.38,-1520.478,"",'132744892859090395503,2026-04-23,11081980964,f8169757-f562-4c77-a88c-cc28cc779ddd,100149695585,Reverse,100027252031,100027252031,11504,1802.86,5.0,900.0,0.0,900.0,return_refund,0.0,0.0,0.0,0.0,0.0,0.0,0.0,0.0,NA,0,2099.0
NFT-/XUTR/DEUTH02611333684X,19.52,0.0,0.0,1999.0,410.0,19.352000000000004,1.952,0.0,0.0,prepaid,0.39,0.0,0.0,6.0,0.0,7.08,381.226,"",'132735209999844414103,2026-04-23,11079754628,1d978e79-ca50-4c73-ae26-fcb0eb3c13a0,"",Forward,100025025725,100025025725,11504,390.48,5.0,1500.0,0.0,1500.0,packet_delivered,0.0,0.0,0.0,0.0,0.0,0.0,0.0,0.0,NA,0,499.0
NFT-/XUTR/DEUTH02611333684X,86.81,0.0,0.0,2899.0,1823.0,451.739,8.681,0.0,0.0,prepaid,1.736,0.0,0.0,45.0,0.0,53.1,1307.744,"",'132726416937343500603,2026-04-23,11077695581,9d9161de-838c-428f-a120-4f8b1f0e509a,"",Forward,100022966699,1000006781600,11504,1736.19,5.0,870.0,0.0,870.0,packet_delivered,0.0,0.0,0.0,0.0,0.0,0.0,0.0,0.0,NA,0,2029.0
NFT-/XUTR/DEUTH02611333684X,48.95,0.0,0.0,2399.0,1028.0,242.608,4.895,0.0,0.0,prepaid,0.979,0.0,0.0,45.0,0.0,53.1,726.418,"",'132719949419917269703,2026-04-23,11076263497,4c6e2bcb-2976-456f-80d8-e00df6e3cbeb,"",Forward,100021534629,100021534629,11504,979.05,5.0,1200.0,0.0,1200.0,packet_delivered,0.0,0.0,0.0,0.0,0.0,0.0,0.0,0.0,NA,0,1199.0
NFT-/XUTR/DEUTH02611333684X,42.43,0.0,0.0,2899.0,891.0,231.304,4.243,0.0,0.0,prepaid,0.849,0.0,0.0,27.0,0.0,31.86,622.744,"",'132728602133676717901,2026-04-23,11078419496,c304fdaa-3e76-4a65-a445-ba6d64a992e5,"",Forward,100023690611,1000006804535,11504,848.57,5.0,1914.0,0.0,1914.0,packet_delivered,0.0,0.0,0.0,0.0,0.0,0.0,0.0,0.0,NA,0,985.0
NFT-/XUTR/DEUTH02611333684X,33.57,0.0,0.0,1599.0,705.0,183.018,3.357,0.0,0.0,prepaid,0.671,0.0,0.0,27.0,0.0,31.86,486.094,"",'132717071865727797601,2026-04-23,11075416481,6c1d439c-5f7e-4ef2-a92b-5639f0f43137,"",Forward,100020687616,100020687616,11504,671.43,5.0,800.0,0.0,800.0,packet_delivered,0.0,0.0,0.0,0.0,0.0,0.0,0.0,0.0,NA,0,799.0
NFT-/XUTR/DEUTH02611333684X,0.0,11.83,11.83,1599.0,190.34,8.984,0.0,0.453,0.453,prepaid,0.181,0.0,0.0,10.34,0.0,12.2012,168.068,"",'132736472000010965703,2026-04-23,11080095968,b65c8d1d-39b1-4e22-90ea-e71486a19057,"",Forward,100025367060,100025367060,11504,473.34,5.0,1008.0,0.0,1008.0,packet_delivered,0.0,0.0,0.0,0.0,0.0,0.0,0.0,0.0,NA,0,591.0
NFT-/XUTR/DEUTH02611333684X,56.71,0.0,0.0,2899.0,1191.0,295.13,5.671,0.0,0.0,prepaid,1.134,0.0,0.0,45.0,0.0,53.1,835.965,"",'132717345361176741401,2026-04-23,11075500443,fc6afde2-ff02-45ee-a659-565fecafeae0,"",Forward,100020771578,100020771578,11504,1134.29,5.0,1537.0,0.0,1537.0,packet_delivered,0.0,0.0,0.0,0.0,0.0,0.0,0.0,0.0,NA,0,1362.0
NFT-/XUTR/DEUTH02611333684X,42.43,0.0,0.0,2899.0,891.0,231.304,4.243,0.0,0.0,prepaid,0.849,0.0,0.0,27.0,0.0,31.86,622.744,"",'132724400652540766403,2026-04-23,11076987451,0070e133-bfff-421c-b835-70206f4eb525,"",Forward,100022258580,100022258580,11504,848.57,5.0,1914.0,0.0,1914.0,packet_delivered,0.0,0.0,0.0,0.0,0.0,0.0,0.0,0.0,NA,0,985.0
NFT-/XUTR/DEUTH02611333684X,0.0,20.36,20.36,1899.0,855.0,221.958,0.0,2.0355,2.0355,prepaid,0.814,0.0,0.0,27.0,0.0,31.86,596.297,"",'132750676272888893701,2026-04-23,11083119715,0c0360bd-98d6-473b-9f4b-53934a67b9ae,"",Forward,100028390777,1000007920251,11504,814.28,5.0,950.0,0.0,950.0,packet_delivered,0.0,0.0,0.0,0.0,0.0,0.0,0.0,0.0,NA,0,949.0
NFT-/XUTR/DEUTH02611333684X,33.57,0.0,0.0,1599.0,705.0,183.018,3.357,0.0,0.0,prepaid,0.671,0.0,0.0,27.0,0.0,31.86,486.094,"",'132728454377149591203,2026-04-23,11078363032,35089a77-b057-460a-a68e-9842594e83b8,"",Forward,100023634147,1000006810428,11504,671.43,5.0,800.0,0.0,800.0,packet_delivered,0.0,0.0,0.0,0.0,0.0,0.0,0.0,0.0,NA,0,799.0
NFT-/XUTR/DEUTH02611333684X,36.0,0.0,0.0,2299.0,613.582,28.961,2.922,0.0,0.0,prepaid,0.584,135.54,0.0,0.0,0.0,159.9372,-741.052,"",'132691249656204342503,2026-04-23,11069322109,b619230b-9fe7-4f39-aff3-eb69859082d7,11069322109,Reverse,100014593287,100014593287,11504,720,5.0,1449.0,0.0,1449.0,exchange,0.0,0.0,0.0,0.0,0.0,0.0,0.0,0.0,NA,0,849.99
NFT-/XUTR/DEUTH02611333684X,53.48,0.0,0.0,3499.0,1123.0,278.279,5.348,0.0,0.0,prepaid,1.07,167.0,0.0,0.0,0.0,197.06,-1035.363,"",'132728885474604780501,2026-04-23,11078536057,791c2547-e8e1-45d3-bcfd-0b1ff10abe9e,100149468569,Reverse,100023807172,100023807172,11504,1069.52,5.0,2205.0,0.0,2205.0,return_refund,0.0,0.0,0.0,0.0,0.0,0.0,0.0,0.0,NA,0,1294.0
NFT-/XUTR/DEUTH02611333684X,37.19,0.0,0.0,1750.0,781.0,202.748,3.719,0.0,0.0,prepaid,0.744,0.0,0.0,27.0,0.0,31.86,541.929,"",'132729224914213356003,2026-04-23,11078672423,5fb08791-6223-4a6c-b833-1cc5a96c8e7b,"",Forward,100023943538,1000006789318,11504,743.81,5.0,875.0,0.0,875.0,packet_delivered,0.0,0.0,0.0,0.0,0.0,0.0,0.0,0.0,NA,0,875.0
NFT-/XUTR/DEUTH02611333684X,40.24,0.0,0.0,1999.0,845.0,219.362,4.024,0.0,0.0,prepaid,0.805,0.0,0.0,27.0,0.0,31.86,588.949,"",'132718519625188448303,2026-04-23,11075840485,a889bdd0-fdd6-4c72-9178-f37c692971ce,"",Forward,100021111617,100021111617,11504,804.76,5.0,1060.0,0.0,1060.0,packet_delivered,0.0,0.0,0.0,0.0,0.0,0.0,0.0,0.0,NA,0,939.0
NFT-/XUTR/DEUTH02611333684X,86.81,0.0,0.0,2899.0,1823.0,451.739,8.681,0.0,0.0,prepaid,1.736,167.0,0.0,0.0,0.0,197.06,-1557.904,"",'132726416937343500603,2026-04-23,11077695581,9d9161de-838c-428f-a120-4f8b1f0e509a,100150913686,Reverse,100022966699,1000006781600,11504,1736.19,5.0,870.0,0.0,870.0,return_refund,0.0,0.0,0.0,0.0,0.0,0.0,0.0,0.0,NA,0,2029.0
NFT-/XUTR/DEUTH02611333684X,0.0,23.52,23.52,2899.0,988.0,256.485,0.0,2.3525,2.3525,prepaid,0.941,0.0,0.0,27.0,0.0,31.86,694.009,"",'132745866007060053903,2026-04-23,11082298871,a30d6945-eb8b-4155-86e8-8718e27da6ca,"",Forward,100027569937,100027569937,11504,940.96,5.0,1740.0,0.0,1740.0,packet_delivered,0.0,0.0,0.0,0.0,0.0,0.0,0.0,0.0,NA,0,1159.0
NFT-/XUTR/DEUTH02611333684X,35.95,0.0,0.0,1699.0,755.0,195.998,3.595,0.0,0.0,prepaid,0.719,167.0,0.0,0.0,0.0,197.06,-751.748,"",'132724680073826209001,2026-04-23,11077076849,beafa079-a5a0-4230-99b3-b04319d95557,100149504667,Reverse,100022347978,1000006079006,11504,719.05,5.0,850.0,0.0,850.0,return_refund,0.0,0.0,0.0,0.0,0.0,0.0,0.0,0.0,NA,0,849.0
NFT-/XUTR/DEUTH02611333684X,35.95,0.0,0.0,1699.0,755.0,195.998,3.595,0.0,0.0,prepaid,0.719,0.0,0.0,27.0,0.0,31.86,522.828,"",'132717232230621808101,2026-04-23,11075465131,2b24d218-4d6b-425c-b55c-6a4e0ddcd406,"",Forward,100020736266,100020736266,11504,719.05,5.0,850.0,0.0,850.0,packet_delivered,0.0,0.0,0.0,0.0,0.0,0.0,0.0,0.0,NA,0,849.0
NFT-/XUTR/DEUTH02611333684X,70.38,0.0,0.0,3299.0,1478.0,366.248,7.038,0.0,0.0,prepaid,1.408,167.0,0.0,0.0,0.0,197.06,-1300.366,"",'132724728586140107201,2026-04-23,11077093502,f43cfb5c-aa96-460e-af7b-503c6fe1012a,100150434703,Reverse,100022364631,100022364631,11504,1407.62,5.0,1650.0,0.0,1650.0,return_refund,0.0,0.0,0.0,0.0,0.0,0.0,0.0,0.0,NA,0,1649.0
NFT-/XUTR/DEUTH02611333684X,48.48,0.0,0.0,1699.0,1018.0,240.248,4.848,0.0,0.0,prepaid,0.97,0.0,0.0,45.0,0.0,53.1,718.834,"",'132750863353305920303,2026-04-23,11083177183,804f57ba-c904-44ae-a0f3-cc64112c65e4,"",Forward,100028448245,100028448245,11504,969.52,5.0,510.0,0.0,510.0,packet_delivered,0.0,0.0,0.0,0.0,0.0,0.0,0.0,0.0,NA,0,1189.0
NFT-/XUTR/DEUTH02611333684X,0.0,23.52,23.52,2899.0,988.0000000000001,256.485,0.0,2.3525,2.3525,prepaid,0.941,91.0,0.0,0.0,0.0,107.38,-833.249,"",'132745866007060053903,2026-04-23,11082298871,a30d6945-eb8b-4155-86e8-8718e27da6ca,100149518073,Reverse,100027569937,100027569937,11504,940.96,5.0,1740.0,0.0,1740.0,return_refund,0.0,0.0,0.0,0.0,0.0,0.0,0.0,0.0,NA,0,1159.0
NFT-/XUTR/DEUTH02611333684X,0.0,12.29,12.29,1650.0,516.0,133.954,0.0,1.2285,1.2285,prepaid,0.491,0.0,0.0,27.0,0.0,31.86,347.238,"",'132745966451350884601,2026-04-23,11082335860,914d8820-1c15-413c-b1b8-6a4f7bd57ebe,"",Forward,100027606926,100027606926,11504,491.42,5.0,1040.0,0.0,1040.0,packet_delivered,0.0,0.0,0.0,0.0,0.0,0.0,0.0,0.0,NA,0,610.0
NFT-/XUTR/DEUTH02611333684X,43.24,0.0,0.0,2399.0,908.0,235.717,4.324,0.0,0.0,prepaid,0.865,91.0,0.0,0.0,0.0,107.38,-774.474,"",'132750077728713712501,2026-04-23,11082953917,87de2faf-ba18-4738-a358-eed72c831601,11082953917,Reverse,100028224979,1000007975787,11504,864.76,5.0,1320.0,0.0,1320.0,exchange,0.0,0.0,0.0,0.0,0.0,0.0,0.0,0.0,NA,0,1079.0
NFT-/XUTR/DEUTH02611333684X,63.24,0.0,0.0,2999.0,1328.0,329.078,6.324,0.0,0.0,prepaid,1.265,0.0,0.0,45.0,0.0,53.1,938.233,"",'132718601357203806803,2026-04-23,11075862979,0f4e476f-6d3d-485a-a0d6-73d9316ab67f,"",Forward,100021134111,1000006185084,11504,1264.76,5.0,1500.0,0.0,1500.0,packet_delivered,0.0,0.0,0.0,0.0,0.0,0.0,0.0,0.0,NA,0,1499.0
NFT-/XUTR/DEUTH02611333684X,403.93,0.0,0.0,6299.0,2648.0,624.928,11.22,0.0,0.0,prepaid,2.244,0.0,0.0,61.0,0.0,71.98,1937.628,"",'132718935323706300501,2026-04-23,11075955438,2afdee2a-10ec-438e-b51a-703bd40b8bad,"",Forward,100021226570,100021226570,11504,2244.07,18.0,3339.0,0.0,3339.0,packet_delivered,0.0,0.0,0.0,0.0,0.0,0.0,0.0,0.0,NA,0,2960.0
NFT-/XUTR/DEUTH02611333684X,35.95,0.0,0.0,1699.0,755.0,195.998,3.595,0.0,0.0,prepaid,0.719,167.0,0.0,0.0,0.0,197.06,-751.748,"",'132717415311273577401,2026-04-23,11075521869,f372c9c5-32f0-4458-af06-ba3ce58320ff,100149476647,Reverse,100020793004,1000006162971,11504,719.05,5.0,850.0,0.0,850.0,return_refund,0.0,0.0,0.0,0.0,0.0,0.0,0.0,0.0,NA,0,849.0
NFT-/XUTR/DEUTH02611333684X,33.57,0.0,0.0,1599.0,705.0,183.018,3.357,0.0,0.0,prepaid,0.671,167.0,0.0,0.0,0.0,197.06,-715.014,"",'132717824311984260001,2026-04-23,11075642295,bfb4ee03-6ddf-46b3-9ded-b793f2f04e51,100153209621,Reverse,100020913429,100020913429,11504,671.43,5.0,800.0,0.0,800.0,return_refund,0.0,0.0,0.0,0.0,0.0,0.0,0.0,0.0,NA,0,799.0
NFT-/XUTR/DEUTH02611333684X,60.86,0.0,0.0,2899.0,1278.0,316.688,6.086,0.0,0.0,prepaid,1.217,167.0,0.0,0.0,0.0,197.06,-1151.069,"",'132717415311273577401,2026-04-23,11075521865,f372c9c5-32f0-4458-af06-ba3ce58320ff,100149476817,Reverse,100020793000,1000006162971,11504,1217.14,5.0,1450.0,0.0,1450.0,return_refund,0.0,0.0,0.0,0.0,0.0,0.0,0.0,0.0,NA,0,1449.0
NFT-/XUTR/DEUTH02611333684X,63.24,0.0,0.0,2999.0,1328.0,329.078,6.324,0.0,0.0,prepaid,1.265,0.0,0.0,45.0,0.0,53.1,938.233,"",'132743136224078639903,2026-04-23,11081482167,21f517d1-9f1b-444b-8422-1e9c0f43f503,"",Forward,100026753259,100026753259,11504,1264.76,5.0,1500.0,0.0,1500.0,packet_delivered,0.0,0.0,0.0,0.0,0.0,0.0,0.0,0.0,NA,0,1499.0
NFT-/XUTR/DEUTH02611333684X,56.86,0.0,0.0,1950.0,1194.0,281.784,5.686,0.0,0.0,prepaid,1.137,0.0,0.0,45.0,0.0,53.1,852.293,"",'132743560906201885001,2026-04-23,11081604452,5fb64672-b83f-4cea-913c-e641974008b1,"",Forward,100026875538,100026875538,11504,1137.14,5.0,585.0,0.0,585.0,packet_delivered,0.0,0.0,0.0,0.0,0.0,0.0,0.0,0.0,NA,0,1365.0
NFT-/XUTR/DEUTH02611333684X,27.57,0.0,0.0,2999.0,579.0,27.329,2.757,0.0,0.0,prepaid,0.551,0.0,0.0,3.0,0.0,3.54,544.823,"",'132727245140413839403,2026-04-23,11077958694,3d157a42-ea6e-42ca-ad65-26aeaa80bf3d,"",Forward,100023229809,100023229809,11504,551.43,5.0,2326.0,0.0,2326.0,packet_delivered,0.0,0.0,0.0,0.0,0.0,0.0,0.0,0.0,NA,0,673.0
NFT-/XUTR/DEUTH02611333684X,16.33,0.0,0.0,1599.0,343.0,16.19,1.633,0.0,0.0,prepaid,0.327,0.0,0.0,0.0,0.0,0.0,324.85,"",'132746243570268384803,2026-04-23,11082440881,cfb5920a-c22a-4ded-bfaa-6c6b612e38b7,"",Forward,100027711947,100027711947,11504,326.67,5.0,1197.0,0.0,1197.0,packet_delivered,0.0,0.0,0.0,0.0,0.0,0.0,0.0,0.0,NA,0,401.99
NFT-/XUTR/DEUTH02611333684X,31.19,0.0,0.0,1499.0,655.0,170.038,3.119,0.0,0.0,prepaid,0.624,0.0,0.0,27.0,0.0,31.86,449.359,"",'132724943406710016001,2026-04-23,11077169410,4354e131-9bb4-490d-9343-826883b4f6c5,"",Forward,100022440539,1000006111786,11504,623.81,5.0,750.0,0.0,750.0,packet_delivered,0.0,0.0,0.0,0.0,0.0,0.0,0.0,0.0,NA,0,749.0
NFT-/XUTR/DEUTH02611333684X,6.41,0.0,0.0,399.0,220.0,33.748,1.068,0.0,0.0,prepaid,0.214,0.0,0.0,27.0,0.0,31.86,153.11,"",'132719136824323425203,2026-04-23,11076012806,60b85471-dc37-4e6b-947d-5da123462f7b,"",Forward,100021283938,100021283938,11504,213.59,3.0,120.0,0.0,120.0,packet_delivered,0.0,0.0,0.0,0.0,0.0,0.0,0.0,0.0,NA,0,279.0
NFT-/XUTR/DEUTH02611333684X,0.0,18.6,18.6,1750.0,781.0,202.748,0.0,1.8595,1.8595,prepaid,0.744,0.0,0.0,27.0,0.0,31.86,541.929,"",'132737343833932173001,2026-04-23,11080382538,3914e803-0a54-4ede-a0c5-f7d6edf5bf95,"",Forward,100025653630,100025653630,11504,743.8,5.0,875.0,0.0,875.0,packet_delivered,0.0,0.0,0.0,0.0,0.0,0.0,0.0,0.0,NA,0,875.0
NFT-/XUTR/DEUTH02611333684X,28.95,0.0,0.0,1899.0,608.0,157.837,2.895,0.0,0.0,prepaid,0.579,91.0,0.0,0.0,0.0,107.38,-554.069,"",'132746588614673495701,2026-04-23,11082560982,d63de028-11c8-4641-aa77-a207cf49be29,100150954823,Reverse,100027832048,100027832048,11504,579.05,5.0,1197.0,0.0,1197.0,return_refund,0.0,0.0,0.0,0.0,0.0,0.0,0.0,0.0,NA,0,702.0
NFT-/XUTR/DEUTH02611333684X,58.29,0.0,0.0,3100.0,1224.0,303.307,5.829,0.0,0.0,prepaid,1.166,0.0,0.0,45.0,0.0,53.1,860.598,"",'132746300980891882601,2026-04-23,11082461768,abfcc842-3b79-4860-9836-19a27377b9f3,"",Forward,100027732834,100027732834,11504,1165.71,5.0,1705.0,0.0,1705.0,packet_delivered,0.0,0.0,0.0,0.0,0.0,0.0,0.0,0.0,NA,0,1395.0
NFT-/XUTR/DEUTH02611333684X,56.1,0.0,0.0,2699.0,1178.0,291.908,5.61,0.0,0.0,prepaid,1.122,0.0,0.0,45.0,0.0,53.1,826.26,"",'132720099336203786201,2026-04-23,11076315828,6ea87334-6d24-4f1a-ab44-7a70fcc3b116,"",Forward,100021586959,100021586959,11504,1121.9,5.0,1350.0,0.0,1350.0,packet_delivered,0.0,0.0,0.0,0.0,0.0,0.0,0.0,0.0,NA,0,1349.0
NFT-/XUTR/DEUTH02611333684X,43.48,0.0,0.0,3099.0,913.0,237.015,4.348,0.0,0.0,prepaid,0.87,0.0,0.0,27.0,0.0,31.86,638.907,"",'132717415311273577401,2026-04-23,11075521867,f372c9c5-32f0-4458-af06-ba3ce58320ff,"",Forward,100020793002,1000006162971,11504,869.52,5.0,2015.0,0.0,2015.0,packet_delivered,0.0,0.0,0.0,0.0,0.0,0.0,0.0,0.0,NA,0,1084.0
NFT-/XUTR/DEUTH02611333684X,39.81,0.0,0.0,2799.0,836.0,217.026,3.981,0.0,0.0,prepaid,0.796,0.0,0.0,27.0,0.0,31.86,582.337,"",'132720785134114688001,2026-04-23,11076552957,582e3a9d-20dd-4e90-a14f-7ad88ce60e32,"",Forward,100021824088,1000006172371,11504,796.19,5.0,1792.0,0.0,1792.0,packet_delivered,0.0,0.0,0.0,0.0,0.0,0.0,0.0,0.0,NA,0,1007.0
NFT-/XUTR/DEUTH02611333684X,18.95,0.0,0.0,1699.0,397.99999999999994,18.786,1.895,0.0,0.0,prepaid,0.379,167.0,0.0,0.0,0.0,197.06,-574.0,"",'132724709437176186603,2026-04-23,11077086795,4ca5a4e7-c3c4-43dd-aa53-f8edb40f1194,100149682994,Reverse,100022357924,100022357924,11504,379.05,5.0,1207.0,0.0,1207.0,return_refund,0.0,0.0,0.0,0.0,0.0,0.0,0.0,0.0,NA,0,492.0
NFT-/XUTR/DEUTH02611333684X,40.71,0.0,0.0,1899.0,855.0,221.958,4.071,0.0,0.0,prepaid,0.814,112.0,0.0,0.0,0.0,132.16,-760.317,"",'132711664275380852603,2026-04-23,11074403413,ff2e16a0-e96f-4f9f-9f80-ffd18b52bbd3,11074403413,Reverse,100019674551,100019674551,11504,814.29,5.0,950.0,0.0,950.0,exchange,0.0,0.0,0.0,0.0,0.0,0.0,0.0,0.0,NA,0,948.98
NFT-/XUTR/DEUTH02611333684X,41.19,0.0,0.0,2999.0,865.0,224.554,4.119,0.0,0.0,prepaid,0.824,0.0,0.0,27.0,0.0,31.86,603.643,"",'132710756342740612103,2026-04-23,11074094738,b5ccfd7f-c52f-4c3d-8c87-a26b59f5425f,"",Forward,100019365879,100019365879,11504,823.81,5.0,2040.0,0.0,2040.0,packet_delivered,0.0,0.0,0.0,0.0,0.0,0.0,0.0,0.0,NA,0,959.0
NFT-/XUTR/DEUTH02611333684X,80.95,0.0,0.0,1999.0,1700.0,401.2,8.095,0.0,0.0,prepaid,1.619,0.0,0.0,45.0,0.0,53.1,1235.986,"",'132729224914213356003,2026-04-23,11078672427,5fb08791-6223-4a6c-b833-1cc5a96c8e7b,"",Forward,100023943542,1000006789318,11504,1619.05,5.0,128.0,0.0,128.0,packet_delivered,0.0,0.0,0.0,0.0,0.0,0.0,0.0,0.0,NA,0,1871.0
NFT-/XUTR/DEUTH02611333684X,63.24,0.0,0.0,2999.0,1328.0,329.078,6.324,0.0,0.0,prepaid,1.265,0.0,0.0,45.0,0.0,53.1,938.233,"",'132734531755435548601,2026-04-23,11079569250,36e97238-f6a9-48ff-9156-025f86819a45,"",Forward,100024840348,100024840348,11504,1264.76,5.0,1500.0,0.0,1500.0,packet_delivered,0.0,0.0,0.0,0.0,0.0,0.0,0.0,0.0,NA,0,1499.0
NFT-/XUTR/DEUTH02611333684X,18.95,0.0,0.0,1699.0,397.99999999999994,18.786,1.895,0.0,0.0,prepaid,0.379,167.0,0.0,0.0,0.0,197.06,-574.0,"",'132692733221035160001,2026-04-23,11069784518,dc308e67-fd23-4ec5-b434-88d217778254,100153443956,Reverse,100015055691,100015055691,11504,379.05,5.0,1207.0,0.0,1207.0,return_refund,0.0,0.0,0.0,0.0,0.0,0.0,0.0,0.0,NA,0,492.0
NFT-/XUTR/DEUTH02611333684X,44.67,0.0,0.0,2999.0,220.41,57.219,1.05,0.0,0.0,prepaid,0.21,0.0,0.0,6.344,0.0,7.48592,154.445,"",'132724417681350442301,2026-04-23,11076992428,eb8aa559-3611-4121-9ce6-1085e455eb4f,"",Forward,100022263557,1000006176561,11504,893.33,5.0,1890.0,0.0,1890.0,packet_delivered,0.0,0.0,0.0,0.0,0.0,0.0,0.0,0.0,NA,0,1109.0
NFT-/XUTR/DEUTH02611333684X,33.52,0.0,0.0,1699.0,704.0,182.758,3.352,0.0,0.0,prepaid,0.67,0.0,0.0,27.0,0.0,31.86,485.36,"",'132735525559116419301,2026-04-23,11079838491,bd6f13d2-49a8-4f4a-ab19-ee0008feef27,"",Forward,100025109585,100025109585,11504,670.48,5.0,901.0,0.0,901.0,packet_delivered,0.0,0.0,0.0,0.0,0.0,0.0,0.0,0.0,NA,0,798.0
NFT-/XUTR/DEUTH02611333684X,40.71,0.0,0.0,1899.0,855.0,221.958,4.071,0.0,0.0,prepaid,0.814,0.0,0.0,27.0,0.0,31.86,596.297,"",'132745394449002602201,2026-04-23,11082138219,7941fa98-a93f-43b4-9f05-bed495cc221e,"",Forward,100027409285,100027409285,11504,814.29,5.0,950.0,0.0,950.0,packet_delivered,0.0,0.0,0.0,0.0,0.0,0.0,0.0,0.0,NA,0,949.0
NFT-/XUTR/DEUTH02611333684X,63.24,0.0,0.0,2999.0,1328.0,329.078,6.324,0.0,0.0,prepaid,1.265,167.0,0.0,0.0,0.0,197.06,-1188.393,"",'132718601357203806803,2026-04-23,11075862978,0f4e476f-6d3d-485a-a0d6-73d9316ab67f,100149592494,Reverse,100021134110,1000006185084,11504,1264.76,5.0,1500.0,0.0,1500.0,return_refund,0.0,0.0,0.0,0.0,0.0,0.0,0.0,0.0,NA,0,1499.0
NFT-/XUTR/DEUTH02611333684X,19.05,0.0,0.0,1499.0,400.0,18.88,1.905,0.0,0.0,prepaid,0.381,0.0,0.0,0.0,0.0,0.0,378.834,"",'132745421786821894801,2026-04-23,11082146329,c4170563-281c-433a-82a8-71f79364a605,"",Forward,100027417395,100027417395,11504,380.95,5.0,1005.0,0.0,1005.0,packet_delivered,0.0,0.0,0.0,0.0,0.0,0.0,0.0,0.0,NA,0,494.0
NFT-/XUTR/DEUTH02611333684X,56.86,0.0,0.0,1950.0,1194.0,281.784,5.686,0.0,0.0,prepaid,1.137,0.0,0.0,45.0,0.0,53.1,852.293,"",'132718020441156984901,2026-04-23,11075699884,5f31c33f-6206-4792-a0f6-f97287d5e410,"",Forward,100020971017,1000005693611,11504,1137.14,5.0,585.0,0.0,585.0,packet_delivered,0.0,0.0,0.0,0.0,0.0,0.0,0.0,0.0,NA,0,1365.0
NFT-/XUTR/DEUTH02611333684X,43.1,0.0,0.0,1999.0,905.0,234.938,4.31,0.0,0.0,prepaid,0.862,0.0,0.0,27.0,0.0,31.86,633.03,"",'132745423136391818003,2026-04-23,11082146826,acbc032c-22be-4caf-bbcf-dbfec3b95937,"",Forward,100027417892,100027417892,11504,861.9,5.0,1000.0,0.0,1000.0,packet_delivered,0.0,0.0,0.0,0.0,0.0,0.0,0.0,0.0,NA,0,998.99
NFT-/XUTR/DEUTH02611333684X,20.14,0.0,0.0,1799.0,423.0,19.966,2.014,0.0,0.0,prepaid,0.403,91.0,0.0,0.0,0.0,107.38,-507.997,"",'132737252886385888303,2026-04-23,11080348882,f9ee25aa-ad5b-4bfb-b979-c64309e8df37,100153409151,Reverse,100025619974,100025619974,11504,402.86,5.0,1317.0,0.0,1317.0,return_refund,0.0,0.0,0.0,0.0,0.0,0.0,0.0,0.0,NA,0,482.0
NFT-/XUTR/DEUTH02611333684X,43.1,0.0,0.0,1999.0,722.998,187.69,3.443,0.0,0.0,prepaid,0.689,0.0,0.0,21.57,0.0,25.4526,505.723,"",'132737368452295577303,2026-04-23,11080391652,dfbab5f2-6643-4b9c-a027-129cc222bc8c,"",Forward,100025662744,100025662744,11504,861.9,5.0,1000.0,0.0,1000.0,packet_delivered,0.0,0.0,0.0,0.0,0.0,0.0,0.0,0.0,NA,0,999.01
NFT-/XUTR/DEUTH02611333684X,58.95,0.0,0.0,2999.0,1238.0,306.776,5.895,0.0,0.0,prepaid,1.179,91.0,0.0,0.0,0.0,107.38,-1031.53,"",'132749612989974768401,2026-04-23,11082851731,e3a866c6-1f28-423b-8ff4-c088021f60bb,100149668254,Reverse,100028122796,100028122796,11504,1179.05,5.0,1590.0,0.0,1590.0,return_refund,0.0,0.0,0.0,0.0,0.0,0.0,0.0,0.0,NA,0,1409.0
NFT-/XUTR/DEUTH02611333684X,62.29,0.0,0.0,3999.0,184.55,45.731,0.879,0.0,0.0,prepaid,0.176,0.0,0.0,6.349,0.0,7.49182,130.272,"",'132700891581783932703,2026-04-23,11071716748,cd9ba1e6-cacf-4487-9012-cde3aaeb6077,"",Forward,100016987900,100016987900,11504,1245.71,5.0,2520.0,0.0,2520.0,packet_delivered,0.0,0.0,0.0,0.0,0.0,0.0,0.0,0.0,NA,0,1479.0
NFT-/XUTR/DEUTH02611333684X,42.43,0.0,0.0,3399.0,891.0,231.304,4.243,0.0,0.0,prepaid,0.849,0.0,0.0,27.0,0.0,31.86,622.744,"",'132728602133676717901,2026-04-23,11078419497,c304fdaa-3e76-4a65-a445-ba6d64a992e5,"",Forward,100023690612,1000006804535,11504,848.57,5.0,2414.0,0.0,2414.0,packet_delivered,0.0,0.0,0.0,0.0,0.0,0.0,0.0,0.0,NA,0,985.0
NFT-/XUTR/DEUTH02611333684X,31.19,0.0,0.0,1499.0,655.0,170.038,3.119,0.0,0.0,prepaid,0.624,167.0,0.0,0.0,0.0,197.06,-678.279,"",'132724943406710016001,2026-04-23,11077169410,4354e131-9bb4-490d-9343-826883b4f6c5,100149600660,Reverse,100022440539,1000006111786,11504,623.81,5.0,750.0,0.0,750.0,return_refund,0.0,0.0,0.0,0.0,0.0,0.0,0.0,0.0,NA,0,749.0
NFT-/XUTR/DEUTH02611333684X,81.33,0.0,0.0,3999.0,1708.0,423.242,8.133,0.0,0.0,prepaid,1.627,0.0,0.0,45.0,0.0,53.1,1221.898,"",'132716659865537640703,2026-04-23,11075285020,cf0c9e6c-585f-4f5c-810d-870cc3200de7,"",Forward,100020556154,100020556154,11504,1626.67,5.0,2120.0,0.0,2120.0,packet_delivered,0.0,0.0,0.0,0.0,0.0,0.0,0.0,0.0,NA,0,1879.0
NFT-/XUTR/DEUTH02611333684X,24.33,0.0,0.0,2999.0,511.0,24.119,2.433,0.0,0.0,prepaid,0.487,0.0,0.0,3.0,0.0,3.54,480.421,"",'132716643676273742103,2026-04-23,11075279570,b441a0dd-74ab-44d2-82ec-ba4435a34764,"",Forward,100020550705,1000006148895,11504,486.67,5.0,2394.0,0.0,2394.0,packet_delivered,0.0,0.0,0.0,0.0,0.0,0.0,0.0,0.0,NA,0,604.99
NFT-/XUTR/DEUTH02611333684X,43.48,0.0,0.0,3099.0,913.0,237.015,4.348,0.0,0.0,prepaid,0.87,0.0,0.0,27.0,0.0,31.86,638.907,"",'132701456660838600601,2026-04-23,11071866863,7388851f-cee8-473f-92a2-b5216bf93f39,"",Forward,100017138011,100017138011,11504,869.52,5.0,2015.0,0.0,2015.0,packet_delivered,0.0,0.0,0.0,0.0,0.0,0.0,0.0,0.0,NA,0,1083.99
NFT-/XUTR/DEUTH02611333684X,58.95,0.0,0.0,2999.0,1238.0,306.776,5.895,0.0,0.0,prepaid,1.179,167.0,0.0,0.0,0.0,197.06,-1121.21,"",'132720785134114688001,2026-04-23,11076552958,582e3a9d-20dd-4e90-a14f-7ad88ce60e32,100149625862,Reverse,100021824089,1000006172371,11504,1179.05,5.0,1590.0,0.0,1590.0,return_refund,0.0,0.0,0.0,0.0,0.0,0.0,0.0,0.0,NA,0,1409.0
NFT-/XUTR/DEUTH02611333684X,0.0,20.52,20.52,2899.0,862.0,223.775,0.0,2.0525,2.0525,prepaid,0.821,112.0,0.0,0.0,0.0,132.16,-765.459,"",'132732587711469534603,2026-04-23,11079043265,14806703-a0e4-47ad-b6c7-741d705e443e,100151931313,Reverse,100024314378,100024314378,11504,820.96,5.0,1943.0,0.0,1943.0,return_refund,0.0,0.0,0.0,0.0,0.0,0.0,0.0,0.0,NA,0,956.0
NFT-/XUTR/DEUTH02611333684X,36.0,0.0,0.0,2299.0,613.582,28.961,2.922,0.0,0.0,prepaid,0.584,0.0,0.0,21.914,0.0,25.85852,555.256,"",'132691249656204342503,2026-04-23,11069322109,b619230b-9fe7-4f39-aff3-eb69859082d7,"",Forward,100014593287,100014593287,11504,720,5.0,1449.0,0.0,1449.0,packet_delivered,0.0,0.0,0.0,0.0,0.0,0.0,0.0,0.0,NA,0,849.99
NFT-/XUTR/DEUTH02611333684X,43.1,0.0,0.0,2499.0,905.0,234.938,4.31,0.0,0.0,prepaid,0.862,0.0,0.0,27.0,0.0,31.86,633.03,"",'132725234856041371603,2026-04-23,11077276933,a9bcd480-1656-45c8-985c-c5e62896ca9f,"",Forward,100022548062,1000006178864,11504,861.9,5.0,1500.0,0.0,1500.0,packet_delivered,0.0,0.0,0.0,0.0,0.0,0.0,0.0,0.0,NA,0,999.0
NFT-/XUTR/DEUTH02611333684X,100.14,0.0,0.0,3299.0,2103.0,496.308,10.014,0.0,0.0,prepaid,2.003,0.0,0.0,61.0,0.0,71.98,1522.695,"",'132735433020449255401,2026-04-23,11079813841,4bdca93b-5dbe-4ab8-bddc-c11fdfed32d4,"",Forward,100025084937,1000007399762,11504,2002.86,5.0,990.0,0.0,990.0,packet_delivered,0.0,0.0,0.0,0.0,0.0,0.0,0.0,0.0,NA,0,2309.0
NFT-/XUTR/DEUTH02611333684X,0.0,12.71,12.71,1699.0,534.0,138.626,0.0,1.2715,1.2715,prepaid,0.509,0.0,0.0,27.0,0.0,31.86,360.462,"",'132750492411471902803,2026-04-23,11083064889,203d2dd9-9034-4768-b5b6-3baf4f16b1ba,"",Forward,100028335951,100028335951,11504,508.58,5.0,1071.0,0.0,1071.0,packet_delivered,0.0,0.0,0.0,0.0,0.0,0.0,0.0,0.0,NA,0,628.0
NFT-/XUTR/DEUTH02611333684X,40.24,0.0,0.0,1999.0,845.0,219.362,4.024,0.0,0.0,prepaid,0.805,0.0,0.0,27.0,0.0,31.86,588.949,"",'132726697467066512301,2026-04-23,11077785463,2324ecf5-9782-44b8-b5f6-aa57a05a8c41,"",Forward,100023056581,100023056581,11504,804.76,5.0,1060.0,0.0,1060.0,packet_delivered,0.0,0.0,0.0,0.0,0.0,0.0,0.0,0.0,NA,0,939.0
NFT-/XUTR/DEUTH02611333684X,0.0,31.62,31.62,2999.0,1328.0,329.078,0.0,3.162,3.162,prepaid,1.265,0.0,0.0,45.0,0.0,53.1,938.233,"",'132742948603413509203,2026-04-23,11081428636,8b4170ae-5015-452a-bbe2-be1f833f37c1,"",Forward,100026699728,100026699728,11504,1264.76,5.0,1500.0,0.0,1500.0,packet_delivered,0.0,0.0,0.0,0.0,0.0,0.0,0.0,0.0,NA,0,1498.9999999999998
NFT-/XUTR/DEUTH02611333684X,0.0,27.57,27.57,1899.0,1158.0,273.288,0.0,2.757,2.757,prepaid,1.103,91.0,0.0,0.0,0.0,107.38,-985.475,"",'132742575852072787801,2026-04-23,11081321303,0b74ff21-21f0-4dc4-8abc-b0db5683aa61,11081321303,Reverse,100026592395,1000007381899,11504,1102.86,5.0,570.0,0.0,570.0,exchange,0.0,0.0,0.0,0.0,0.0,0.0,0.0,0.0,NA,0,1328.9999999999998
NFT-/XUTR/DEUTH02611333684X,46.86,0.0,0.0,1650.0,984.0,255.44600000000003,4.686,0.0,0.0,prepaid,0.937,167.0,0.0,0.0,0.0,197.06,-919.991,"",'132729224914213356003,2026-04-23,11078672424,5fb08791-6223-4a6c-b833-1cc5a96c8e7b,100149512368,Reverse,100023943539,1000006789318,11504,937.14,5.0,495.0,0.0,495.0,return_refund,0.0,0.0,0.0,0.0,0.0,0.0,0.0,0.0,NA,0,1155.0
NFT-/XUTR/DEUTH02611333684X,0.0,18.6,18.6,1750.0,781.0,202.748,0.0,1.8595,1.8595,prepaid,0.744,112.0,0.0,0.0,0.0,132.16,-705.949,"",'132737343833932173001,2026-04-23,11080382538,3914e803-0a54-4ede-a0c5-f7d6edf5bf95,100150248798,Reverse,100025653630,100025653630,11504,743.8,5.0,875.0,0.0,875.0,return_refund,0.0,0.0,0.0,0.0,0.0,0.0,0.0,0.0,NA,0,875.0
NFT-/XUTR/DEUTH02611333684X,56.1,0.0,0.0,2699.0,1178.0,291.908,5.61,0.0,0.0,prepaid,1.122,91.0,0.0,0.0,0.0,107.38,-986.74,"",'132751154377233892301,2026-04-23,11083266777,6b00b013-ab29-42c7-80d0-b6c1cd6f1f84,100150482315,Reverse,100028537839,1000007977305,11504,1121.9,5.0,1350.0,0.0,1350.0,return_refund,0.0,0.0,0.0,0.0,0.0,0.0,0.0,0.0,NA,0,1349.0
NFT-/XUTR/DEUTH02611333684X,70.14,0.0,0.0,3499.0,85.79,21.259,0.409,0.0,0.0,prepaid,0.082,0.0,0.0,2.621,0.0,3.09278,60.947,"",'132718941583259815001,2026-04-23,11075957352,cabc9b50-ad69-4de1-9939-d49368ea17c3,"",Forward,100021228484,100021228484,11504,1402.86,5.0,1855.0,0.0,1855.0,packet_delivered,0.0,0.0,0.0,0.0,0.0,0.0,0.0,0.0,NA,0,1644.0
NFT-/XUTR/DEUTH02611333684X,111.57,0.0,0.0,2999.0,2343.0,552.948,11.157,0.0,0.0,prepaid,2.231,112.0,0.0,0.0,0.0,132.16,-1908.824,"",'132708960231210776901,2026-04-23,11073570659,ee326624-4aef-471a-9a3d-ab8f0b111b78,11073570659,Reverse,100018841803,1000005526560,11504,2231.43,5.0,450.0,0.0,450.0,exchange,0.0,0.0,0.0,0.0,0.0,0.0,0.0,0.0,NA,0,2549.0
NFT-/XUTR/DEUTH02611333684X,33.52,0.0,0.0,1699.0,704.0,182.758,3.352,0.0,0.0,prepaid,0.67,167.0,0.0,0.0,0.0,197.06,-714.28,"",'132725484144753741003,2026-04-23,11077369705,1cba79a1-92a6-4cb6-b5c5-571e69b4dd69,100151003730,Reverse,100022640834,100022640834,11504,670.48,5.0,901.0,0.0,901.0,return_refund,0.0,0.0,0.0,0.0,0.0,0.0,0.0,0.0,NA,0,798.0
NFT-/XUTR/DEUTH02611333684X,409.88,0.0,0.0,5999.0,2687.0,634.132,11.386,0.0,0.0,prepaid,2.277,0.0,0.0,61.0,0.0,71.98,1967.225,"",'132718184513562895703,2026-04-23,11075745238,143d327b-1931-4f98-b128-d61def201247,"",Forward,100021016371,100021016371,11504,2277.12,18.0,3000.0,0.0,3000.0,packet_delivered,0.0,0.0,0.0,0.0,0.0,0.0,0.0,0.0,NA,0,2999.0
NFT-/XUTR/DEUTH02611333684X,90.14,0.0,0.0,2999.0,1893.0,469.085,9.014,0.0,0.0,prepaid,1.803,0.0,0.0,45.0,0.0,53.1,1359.998,"",'132720259926567930103,2026-04-23,11076373168,a7a7a37b-4554-49b5-b98c-bdfae03cf05d,"",Forward,100021644299,100021644299,11504,1802.86,5.0,900.0,0.0,900.0,packet_delivered,0.0,0.0,0.0,0.0,0.0,0.0,0.0,0.0,NA,0,2099.0
NFT-/XUTR/DEUTH02611333684X,33.57,0.0,0.0,1599.0,705.0,183.018,3.357,0.0,0.0,prepaid,0.671,167.0,0.0,0.0,0.0,197.06,-715.014,"",'132728454377149591203,2026-04-23,11078363032,35089a77-b057-460a-a68e-9842594e83b8,11078363032,Reverse,100023634147,1000006810428,11504,671.43,5.0,800.0,0.0,800.0,exchange,0.0,0.0,0.0,0.0,0.0,0.0,0.0,0.0,NA,0,799.0
NFT-/XUTR/DEUTH02611333684X,103.48,0.0,0.0,3399.0,2173.0,512.828,10.348,0.0,0.0,prepaid,2.07,0.0,0.0,61.0,0.0,71.98,1575.774,"",'132718050394273418003,2026-04-23,11075708074,b646ed0d-0dfd-41d5-b843-d57cbd1d7bc3,"",Forward,100020979207,100020979207,11504,2069.52,5.0,1020.0,0.0,1020.0,packet_delivered,0.0,0.0,0.0,0.0,0.0,0.0,0.0,0.0,NA,0,2379.0
NFT-/XUTR/DEUTH02611333684X,0.0,35.19,35.19,3299.0,1478.0,366.248,0.0,3.519,3.519,prepaid,1.408,0.0,0.0,45.0,0.0,53.1,1050.206,"",'132744997930989007701,2026-04-23,11082012159,6d6ffb9a-9885-42f0-851f-ccf7ad5070ac,"",Forward,100027283226,100027283226,11504,1407.62,5.0,1650.0,0.0,1650.0,packet_delivered,0.0,0.0,0.0,0.0,0.0,0.0,0.0,0.0,NA,0,1649.0
NFT-/XUTR/DEUTH02611333684X,72.76,0.0,0.0,3399.0,1528.0,378.638,7.276,0.0,0.0,prepaid,1.455,0.0,0.0,45.0,0.0,53.1,1087.531,"",'132734751660695621103,2026-04-23,11079629871,59c19b33-4518-4ddd-9b31-c2c166b78cfc,"",Forward,100024900969,100024900969,11504,1455.24,5.0,1700.0,0.0,1700.0,packet_delivered,0.0,0.0,0.0,0.0,0.0,0.0,0.0,0.0,NA,0,1699.0
NFT-/XUTR/DEUTH02611333684X,18.95,0.0,0.0,1699.0,398.0,18.786,1.895,0.0,0.0,prepaid,0.379,0.0,0.0,0.0,0.0,0.0,376.94,"",'132749069514926051203,2026-04-23,11082771491,21735661-b964-4cbd-8a6b-8ed62add78d7,"",Forward,100028042557,1000007812078,11504,379.05,5.0,1207.0,0.0,1207.0,packet_delivered,0.0,0.0,0.0,0.0,0.0,0.0,0.0,0.0,NA,0,492.0
NFT-/XUTR/DEUTH02611333684X,42.62,0.0,0.0,2999.0,895.0,232.342,4.262,0.0,0.0,prepaid,0.852,0.0,0.0,27.0,0.0,31.86,625.684,"",'132720447733805921903,2026-04-23,11076439188,0af65608-2e4d-46d9-a989-4bbf9202bee2,"",Forward,100021710319,100021710319,11504,852.38,5.0,2010.0,0.0,2010.0,packet_delivered,0.0,0.0,0.0,0.0,0.0,0.0,0.0,0.0,NA,0,989.0
NFT-/XUTR/DEUTH02611333684X,56.1,0.0,0.0,2999.0,1178.0,291.908,5.61,0.0,0.0,prepaid,1.122,0.0,0.0,45.0,0.0,53.1,826.26,"",'132723532623009398201,2026-04-23,11076798227,97b9377c-484d-474d-97f6-1f45e94a2731,"",Forward,100022069358,100022069358,11504,1121.9,5.0,1650.0,0.0,1650.0,packet_delivered,0.0,0.0,0.0,0.0,0.0,0.0,0.0,0.0,NA,0,1349.0
NFT-/XUTR/DEUTH02611333684X,34.05,0.0,0.0,1799.0,715.0,185.614,3.405,0.0,0.0,prepaid,0.681,167.0,0.0,0.0,0.0,197.06,-722.36,"",'132720340388421988201,2026-04-23,11076401260,a2ecd44a-3000-45c9-9c50-ba974e91ad0c,11076401260,Reverse,100021672391,100021672391,11504,680.95,5.0,990.0,0.0,990.0,exchange,0.0,0.0,0.0,0.0,0.0,0.0,0.0,0.0,NA,0,809.0
NFT-/XUTR/DEUTH02611333684X,50.19,0.0,0.0,1750.0,1054.0,248.744,5.019,0.0,0.0,prepaid,1.004,0.0,0.0,45.0,0.0,53.1,746.133,"",'132723799021827204001,2026-04-23,11076842960,42259f08-2a89-4448-82bd-f3aff8474160,"",Forward,100022114090,1000005992742,11504,1003.81,5.0,525.0,0.0,525.0,packet_delivered,0.0,0.0,0.0,0.0,0.0,0.0,0.0,0.0,NA,0,1225.0
NFT-/XUTR/DEUTH02611333684X,34.81,0.0,0.0,1650.0,731.0,189.768,3.481,0.0,0.0,prepaid,0.696,167.0,0.0,0.0,0.0,197.06,-734.115,"",'132719429889431635703,2026-04-23,11076098095,73a4f3b9-d3d0-47b9-8de1-aa1f31566538,100149687947,Reverse,100021369227,100021369227,11504,696.19,5.0,825.0,0.0,825.0,return_refund,0.0,0.0,0.0,0.0,0.0,0.0,0.0,0.0,NA,0,825.0
NFT-/XUTR/DEUTH02611333684X,0.0,20.36,20.36,1899.0,855.0,221.958,0.0,2.0355,2.0355,prepaid,0.814,0.0,0.0,27.0,0.0,31.86,596.297,"",'132750676272888893701,2026-04-23,11083119714,0c0360bd-98d6-473b-9f4b-53934a67b9ae,"",Forward,100028390776,1000007920251,11504,814.28,5.0,950.0,0.0,950.0,packet_delivered,0.0,0.0,0.0,0.0,0.0,0.0,0.0,0.0,NA,0,949.0
NFT-/XUTR/DEUTH02611333684X,25.43,0.0,0.0,1699.0,534.0,138.626,2.543,0.0,0.0,prepaid,0.509,91.0,0.0,0.0,0.0,107.38,-499.702,"",'132749069514926051203,2026-04-23,11082771490,21735661-b964-4cbd-8a6b-8ed62add78d7,100149580338,Reverse,100028042556,1000007812078,11504,508.57,5.0,1071.0,0.0,1071.0,return_refund,0.0,0.0,0.0,0.0,0.0,0.0,0.0,0.0,NA,0,628.0
NFT-/XUTR/DEUTH02611333684X,24.57,0.0,0.0,1650.0,516.0,36.533,2.457,0.0,0.0,prepaid,0.491,91.0,0.0,0.0,0.0,107.38,-583.899,"",'132741484102235786903,2026-04-23,11081001826,f24721f7-722c-443a-8eaa-2a6203f5aa36,11081001826,Reverse,100026272917,100026272917,11504,491.43,5.0,1040.0,0.0,1040.0,exchange,0.0,0.0,0.0,0.0,0.0,0.0,0.0,0.0,NA,0,609.99
NFT-/XUTR/DEUTH02611333684X,19.05,0.0,0.0,1499.0,400.0,18.88,1.905,0.0,0.0,prepaid,0.381,0.0,0.0,0.0,0.0,0.0,378.834,"",'132724766851255494203,2026-04-23,11077106195,099fc4eb-f83c-4d32-9211-c18047eb95cc,"",Forward,100022377324,100022377324,11504,380.95,5.0,1005.0,0.0,1005.0,packet_delivered,0.0,0.0,0.0,0.0,0.0,0.0,0.0,0.0,NA,0,494.0
NFT-/XUTR/DEUTH02611333684X,100.14,0.0,0.0,3299.0,288.81,68.159,1.375,0.0,0.0,prepaid,0.275,0.0,0.0,8.377,0.0,9.88486,209.116,"",'132718723815187039903,2026-04-23,11075896403,c3b7d32f-5bee-42e6-b8bc-be6ea0eb5a66,"",Forward,100021167535,100021167535,11504,2002.86,5.0,990.0,0.0,990.0,packet_delivered,0.0,0.0,0.0,0.0,0.0,0.0,0.0,0.0,NA,0,2309.0
NFT-/XUTR/DEUTH02611333684X,48.48,0.0,0.0,1699.0,1018.0,240.248,4.848,0.0,0.0,prepaid,0.97,0.0,0.0,45.0,0.0,53.1,718.834,"",'132720438930626878703,2026-04-23,11076436142,301ccb55-3a1a-4551-90f9-d13f218db74a,"",Forward,100021707273,100021707273,11504,969.52,5.0,510.0,0.0,510.0,packet_delivered,0.0,0.0,0.0,0.0,0.0,0.0,0.0,0.0,NA,0,1189.0
NFT-/XUTR/DEUTH02611333684X,70.14,0.0,0.0,3499.0,1473.0,365.009,7.014,0.0,0.0,prepaid,1.403,167.0,0.0,0.0,0.0,197.06,-1296.634,"",'132720518054092155303,2026-04-23,11076463107,53eee0f4-96d7-4822-9b9c-401f0575f75f,100149658169,Reverse,100021734238,100021734238,11504,1402.86,5.0,1855.0,0.0,1855.0,return_refund,0.0,0.0,0.0,0.0,0.0,0.0,0.0,0.0,NA,0,1644.01
NFT-/XUTR/DEUTH02611333684X,33.24,0.0,0.0,1899.0,698.0,32.946,3.324,0.0,0.0,prepaid,0.665,0.0,0.0,27.0,0.0,31.86,629.205,"",'132719891900887051403,2026-04-23,11076244597,41069a51-d888-487c-afcf-f499966db4d9,"",Forward,100021515729,100021515729,11504,664.76,5.0,1107.0,0.0,1107.0,packet_delivered,0.0,0.0,0.0,0.0,0.0,0.0,0.0,0.0,NA,0,792.01
NFT-/XUTR/DEUTH02611333684X,79.38,0.0,0.0,2625.0,1667.0,413.083,7.938,0.0,0.0,prepaid,1.588,0.0,0.0,45.0,0.0,53.1,1191.291,"",'132751048164363334701,2026-04-23,11083233997,714dfa8c-cdb2-4f12-9051-7fb99e7f8e32,"",Forward,100028505059,100028505059,11504,1587.62,5.0,787.0,0.0,787.0,packet_delivered,0.0,0.0,0.0,0.0,0.0,0.0,0.0,0.0,NA,0,1838.0
NFT-/XUTR/DEUTH02611333684X,48.48,0.0,0.0,1699.0,1018.0,240.248,4.848,0.0,0.0,prepaid,0.97,0.0,0.0,45.0,0.0,53.1,718.834,"",'132711441767955022603,2026-04-23,11074320955,0440c533-cbcc-484a-b71e-401e4ea189eb,"",Forward,100019592093,100019592093,11504,969.52,5.0,510.0,0.0,510.0,packet_delivered,0.0,0.0,0.0,0.0,0.0,0.0,0.0,0.0,NA,0,1189.0
NFT-/XUTR/DEUTH02611333684X,42.62,0.0,0.0,2999.0,895.0,232.342,4.262,0.0,0.0,prepaid,0.852,0.0,0.0,27.0,0.0,31.86,625.684,"",'132717033606896455303,2026-04-23,11075404617,28d98f27-1c3f-40fa-8646-77c842c69137,"",Forward,100020675752,100020675752,11504,852.38,5.0,2010.0,0.0,2010.0,packet_delivered,0.0,0.0,0.0,0.0,0.0,0.0,0.0,0.0,NA,0,989.0
NFT-/XUTR/DEUTH02611333684X,35.76,0.0,0.0,1799.0,751.0,194.96,3.576,0.0,0.0,prepaid,0.715,0.0,0.0,27.0,0.0,31.86,519.889,"",'132718020441156984901,2026-04-23,11075699886,5f31c33f-6206-4792-a0f6-f97287d5e410,"",Forward,100020971019,1000005693611,11504,715.24,5.0,954.0,0.0,954.0,packet_delivered,0.0,0.0,0.0,0.0,0.0,0.0,0.0,0.0,NA,0,845.0
NFT-/XUTR/DEUTH02611333684X,40.24,0.0,0.0,1999.0,845.0,219.362,4.024,0.0,0.0,prepaid,0.805,0.0,0.0,27.0,0.0,31.86,588.949,"",'132743669931300501703,2026-04-23,11081636244,dcd465f3-360c-4568-abde-fd7ef3020cf2,"",Forward,100026907323,100026907323,11504,804.76,5.0,1060.0,0.0,1060.0,packet_delivered,0.0,0.0,0.0,0.0,0.0,0.0,0.0,0.0,NA,0,939.0
NFT-/XUTR/DEUTH02611333684X,37.19,0.0,0.0,1750.0,781.0,202.748,3.719,0.0,0.0,prepaid,0.744,167.0,0.0,0.0,0.0,197.06,-770.849,"",'132718124648096493803,2026-04-23,11075728587,c9723abd-0265-4f4c-a113-ef7dea60ee3f,11075728587,Reverse,100020999720,100020999720,11504,743.81,5.0,875.0,0.0,875.0,exchange,0.0,0.0,0.0,0.0,0.0,0.0,0.0,0.0,NA,0,875.0
NFT-/XUTR/DEUTH02611333684X,70.14,0.0,0.0,3499.0,1473.0,365.009,7.014,0.0,0.0,prepaid,1.403,0.0,0.0,45.0,0.0,53.1,1046.474,"",'132720518054092155303,2026-04-23,11076463107,53eee0f4-96d7-4822-9b9c-401f0575f75f,"",Forward,100021734238,100021734238,11504,1402.86,5.0,1855.0,0.0,1855.0,packet_delivered,0.0,0.0,0.0,0.0,0.0,0.0,0.0,0.0,NA,0,1644.01
NFT-/XUTR/DEUTH02611333684X,426.05,0.0,0.0,2999.0,2793.0,659.148,11.835,0.0,0.0,prepaid,2.367,167.0,0.0,0.0,0.0,197.06,-2316.71,"",'132632656398532225503,2026-04-23,11058770345,5906272c-6764-4c99-ad3f-d95656526519,11058770345,Reverse,100004041873,100004041873,11504,2366.95,18.0,0.0,0.0,0.0,exchange,0.0,0.0,0.0,0.0,0.0,0.0,0.0,0.0,NA,0,2998.99
NFT-/XUTR/DEUTH02611333684X,63.24,0.0,0.0,2999.0,1328.0,329.078,6.324,0.0,0.0,prepaid,1.265,112.0,0.0,0.0,0.0,132.16,-1123.493,"",'132725718593681592403,2026-04-23,11077450394,f05e7aff-0b59-4669-a27e-96955d89c89d,100149707262,Reverse,100022721523,100022721523,11504,1264.76,5.0,1500.0,0.0,1500.0,return_refund,0.0,0.0,0.0,0.0,0.0,0.0,0.0,0.0,NA,0,1499.0
NFT-/XUTR/DEUTH02611333684X,409.88,0.0,0.0,5999.0,2687.0,634.132,11.386,0.0,0.0,prepaid,2.277,331.0,0.0,0.0,0.0,390.58,-2429.785,"",'132718184513562895703,2026-04-23,11075745238,143d327b-1931-4f98-b128-d61def201247,100149613527,Reverse,100021016371,100021016371,11504,2277.12,18.0,3000.0,0.0,3000.0,return_refund,0.0,0.0,0.0,0.0,0.0,0.0,0.0,0.0,NA,0,2999.0
NFT-/XUTR/DEUTH02611333684X,19.05,0.0,0.0,1499.0,400.0,18.88,1.905,0.0,0.0,prepaid,0.381,0.0,0.0,0.0,0.0,0.0,378.834,"",'132719048489179632701,2026-04-23,11075987786,bf7cf65c-27b0-4cc8-97d2-d4ad5d66b16f,"",Forward,100021258918,1000005742837,11504,380.95,5.0,1005.0,0.0,1005.0,packet_delivered,0.0,0.0,0.0,0.0,0.0,0.0,0.0,0.0,NA,0,494.0
NFT-/XUTR/DEUTH02611333684X,20.14,0.0,0.0,1799.0,423.0,19.966,2.014,0.0,0.0,prepaid,0.403,0.0,0.0,19.0,0.0,22.42,378.197,"",'132720451241367947703,2026-04-23,11076440404,cf96ad8c-6aa8-4c21-8331-932fb00688b8,"",Forward,100021711535,1000006178541,11504,402.86,5.0,1317.0,0.0,1317.0,packet_delivered,0.0,0.0,0.0,0.0,0.0,0.0,0.0,0.0,NA,0,482.0
NFT-/XUTR/DEUTH02611333684X,58.48,0.0,0.0,2799.0,1228.0,304.298,5.848,0.0,0.0,prepaid,1.17,0.0,0.0,45.0,0.0,53.1,863.584,"",'132728551224817641001,2026-04-23,11078399973,803bb48a-dd7f-4a32-88ff-ab9be9792efc,"",Forward,100023671088,100023671088,11504,1169.52,5.0,1400.0,0.0,1400.0,packet_delivered,0.0,0.0,0.0,0.0,0.0,0.0,0.0,0.0,NA,0,1398.99
NFT-/XUTR/DEUTH02611333684X,106.81,0.0,0.0,3499.0,2243.0,529.348,10.681,0.0,0.0,prepaid,2.136,0.0,0.0,61.0,0.0,71.98,1628.855,"",'132745302800791227001,2026-04-23,11082109854,2ee63373-4ef3-42b8-9ca5-bee4fb4e16a9,"",Forward,100027380920,100027380920,11504,2136.19,5.0,1050.0,0.0,1050.0,packet_delivered,0.0,0.0,0.0,0.0,0.0,0.0,0.0,0.0,NA,0,2449.0
NFT-/XUTR/DEUTH02611333684X,45.14,0.0,0.0,1599.0,948.0,246.101,4.514,0.0,0.0,prepaid,0.903,0.0,0.0,27.0,0.0,31.86,664.622,"",'132726938817034147801,2026-04-23,11077862309,a455804d-84f4-423a-a17a-5eed640eee2c,"",Forward,100023133427,1000006322383,11504,902.86,5.0,480.0,0.0,480.0,packet_delivered,0.0,0.0,0.0,0.0,0.0,0.0,0.0,0.0,NA,0,1119.0
NFT-/XUTR/DEUTH02611333684X,41.19,0.0,0.0,2999.0,865.0,224.554,4.119,0.0,0.0,prepaid,0.824,167.0,0.0,0.0,0.0,197.06,-832.563,"",'132710756342740612103,2026-04-23,11074094738,b5ccfd7f-c52f-4c3d-8c87-a26b59f5425f,100149620777,Reverse,100019365879,100019365879,11504,823.81,5.0,2040.0,0.0,2040.0,return_refund,0.0,0.0,0.0,0.0,0.0,0.0,0.0,0.0,NA,0,959.0
NFT-/XUTR/DEUTH02611333684X,36.0,0.0,0.0,2299.0,756.0,35.683,3.6,0.0,0.0,prepaid,0.72,91.0,0.0,0.0,0.0,107.38,-823.377,"",'132745319093229844503,2026-04-23,11082115061,9c466bca-293a-44e0-95f1-27424866e1d1,100150994910,Reverse,100027386127,100027386127,11504,720,5.0,1449.0,0.0,1449.0,return_refund,0.0,0.0,0.0,0.0,0.0,0.0,0.0,0.0,NA,0,850.0
NFT-/XUTR/DEUTH02611333684X,63.24,0.0,0.0,2999.0,1328.0,329.078,6.324,0.0,0.0,prepaid,1.265,0.0,0.0,45.0,0.0,53.1,938.233,"",'132725718593681592403,2026-04-23,11077450394,f05e7aff-0b59-4669-a27e-96955d89c89d,"",Forward,100022721523,100022721523,11504,1264.76,5.0,1500.0,0.0,1500.0,packet_delivered,0.0,0.0,0.0,0.0,0.0,0.0,0.0,0.0,NA,0,1499.0
NFT-/XUTR/DEUTH02611333684X,0.0,18.6,18.6,1750.0,781.0,202.748,0.0,1.8595,1.8595,prepaid,0.744,0.0,0.0,27.0,0.0,31.86,541.929,"",'132742575852072787801,2026-04-23,11081321301,0b74ff21-21f0-4dc4-8abc-b0db5683aa61,"",Forward,100026592393,1000007381899,11504,743.8,5.0,875.0,0.0,875.0,packet_delivered,0.0,0.0,0.0,0.0,0.0,0.0,0.0,0.0,NA,0,874.99
NFT-/XUTR/DEUTH02611333684X,103.48,0.0,0.0,3399.0,2173.0,512.828,10.348,0.0,0.0,prepaid,2.07,112.0,0.0,0.0,0.0,132.16,-1779.914,"",'132708960231210776901,2026-04-23,11073570661,ee326624-4aef-471a-9a3d-ab8f0b111b78,11073570661,Reverse,100018841805,1000005526560,11504,2069.52,5.0,1020.0,0.0,1020.0,exchange,0.0,0.0,0.0,0.0,0.0,0.0,0.0,0.0,NA,0,2379.0
NFT-/XUTR/DEUTH02611333684X,44.67,0.0,0.0,2999.0,220.41,57.219,1.05,0.0,0.0,prepaid,0.21,39.241,0.0,0.0,0.0,46.30438,-208.235,"",'132724417681350442301,2026-04-23,11076992428,eb8aa559-3611-4121-9ce6-1085e455eb4f,11076992428,Reverse,100022263557,1000006176561,11504,893.33,5.0,1890.0,0.0,1890.0,exchange,0.0,0.0,0.0,0.0,0.0,0.0,0.0,0.0,NA,0,1109.0
NFT-/XUTR/DEUTH02611333684X,0.0,21.31,21.31,2999.0,895.0,232.342,0.0,2.131,2.131,prepaid,0.852,0.0,0.0,27.0,0.0,31.86,625.684,"",'132751061228311111103,2026-04-23,11083237939,10450058-3794-4b00-8b7f-1d85a8f80261,"",Forward,100028509001,100028509001,11504,852.38,5.0,2010.0,0.0,2010.0,packet_delivered,0.0,0.0,0.0,0.0,0.0,0.0,0.0,0.0,NA,0,988.9999999999999
NFT-/XUTR/DEUTH02611333684X,70.38,0.0,0.0,3299.0,1478.0,366.248,7.038,0.0,0.0,prepaid,1.408,0.0,0.0,45.0,0.0,53.1,1050.206,"",'132724539053509060703,2026-04-23,11077029953,9bb60966-e889-417d-906c-449d02b9f13f,"",Forward,100022301081,1000006173557,11504,1407.62,5.0,1650.0,0.0,1650.0,packet_delivered,0.0,0.0,0.0,0.0,0.0,0.0,0.0,0.0,NA,0,1649.0
NFT-/XUTR/DEUTH02611333684X,49.95,0.0,0.0,3299.0,1049.0,259.942,4.995,0.0,0.0,prepaid,0.999,0.0,0.0,45.0,0.0,53.1,729.964,"",'132725234856041371603,2026-04-23,11077276930,a9bcd480-1656-45c8-985c-c5e62896ca9f,"",Forward,100022548059,1000006178864,11504,999.05,5.0,2079.0,0.0,2079.0,packet_delivered,0.0,0.0,0.0,0.0,0.0,0.0,0.0,0.0,NA,0,1220.0
NFT-/XUTR/DEUTH02611333684X,43.1,0.0,0.0,2499.0,905.0,234.938,4.31,0.0,0.0,prepaid,0.862,167.0,0.0,0.0,0.0,197.06,-861.95,"",'132725234856041371603,2026-04-23,11077276933,a9bcd480-1656-45c8-985c-c5e62896ca9f,100149395327,Reverse,100022548062,1000006178864,11504,861.9,5.0,1500.0,0.0,1500.0,return_refund,0.0,0.0,0.0,0.0,0.0,0.0,0.0,0.0,NA,0,999.0
NFT-/XUTR/DEUTH02611333684X,27.19,0.0,0.0,1799.0,571.0,148.232,2.719,0.0,0.0,prepaid,0.544,0.0,0.0,27.0,0.0,31.86,387.645,"",'132718756802698273901,2026-04-23,11075905306,4c9d3eeb-d474-4d67-9a3e-36835a489064,"",Forward,100021176438,100021176438,11504,543.81,5.0,1134.0,0.0,1134.0,packet_delivered,0.0,0.0,0.0,0.0,0.0,0.0,0.0,0.0,NA,0,665.0
NFT-/XUTR/DEUTH02611333684X,39.57,0.0,0.0,1850.0,831.0,215.728,3.957,0.0,0.0,prepaid,0.791,0.0,0.0,27.0,0.0,31.86,578.664,"",'132726240922002657901,2026-04-23,11077637200,dbeef990-173a-4ed3-a98d-4afd7bad0568,"",Forward,100022908325,1000006244865,11504,791.43,5.0,925.0,0.0,925.0,packet_delivered,0.0,0.0,0.0,0.0,0.0,0.0,0.0,0.0,NA,0,925.0
NFT-/XUTR/DEUTH02611333684X,60.86,0.0,0.0,2899.0,1278.0,316.688,6.086,0.0,0.0,prepaid,1.217,0.0,0.0,45.0,0.0,53.1,900.909,"",'132741839012305254603,2026-04-23,11081098749,a9595e57-8742-420d-8ad2-45905d2a19e1,"",Forward,100026369841,100026369841,11504,1217.14,5.0,1450.0,0.0,1450.0,packet_delivered,0.0,0.0,0.0,0.0,0.0,0.0,0.0,0.0,NA,0,1449.0
NFT-/XUTR/DEUTH02611333684X,19.05,0.0,0.0,1499.0,400.0,18.88,1.905,0.0,0.0,prepaid,0.381,0.0,0.0,0.0,0.0,0.0,378.834,"",'132716857713111630103,2026-04-23,11075349039,07f13f55-9bb9-4fad-8504-14625b1311b5,"",Forward,100020620175,100020620175,11504,380.95,5.0,1005.0,0.0,1005.0,packet_delivered,0.0,0.0,0.0,0.0,0.0,0.0,0.0,0.0,NA,0,494.0
NFT-/XUTR/DEUTH02611333684X,90.14,0.0,0.0,2999.0,1893.0,469.085,9.014,0.0,0.0,prepaid,1.803,167.0,0.0,0.0,0.0,197.06,-1610.158,"",'132720259926567930103,2026-04-23,11076373168,a7a7a37b-4554-49b5-b98c-bdfae03cf05d,100149711065,Reverse,100021644299,100021644299,11504,1802.86,5.0,900.0,0.0,900.0,return_refund,0.0,0.0,0.0,0.0,0.0,0.0,0.0,0.0,NA,0,2099.0
NFT-/XUTR/DEUTH02611333684X,24.57,0.0,0.0,1650.0,516.0,36.533,2.457,0.0,0.0,prepaid,0.491,0.0,0.0,27.0,0.0,31.86,444.659,"",'132741484102235786903,2026-04-23,11081001826,f24721f7-722c-443a-8eaa-2a6203f5aa36,"",Forward,100026272917,100026272917,11504,491.43,5.0,1040.0,0.0,1040.0,packet_delivered,0.0,0.0,0.0,0.0,0.0,0.0,0.0,0.0,NA,0,609.99
NFT-/XUTR/DEUTH02611333684X,38.33,0.0,0.0,1799.0,805.0,208.978,3.833,0.0,0.0,prepaid,0.767,112.0,0.0,0.0,0.0,132.16,-723.582,"",'132736052613997652003,2026-04-23,11079978637,97c13e58-6fe3-4ab0-bf11-f3f1d02cb373,100149779045,Reverse,100025249729,1000006968577,11504,766.67,5.0,900.0,0.0,900.0,return_refund,0.0,0.0,0.0,0.0,0.0,0.0,0.0,0.0,NA,0,899.0
NFT-/XUTR/DEUTH02611333684X,114.0,0.0,0.0,2600.0,2394.0,564.984,11.4,0.0,0.0,prepaid,2.28,0.0,0.0,61.0,0.0,71.98,1743.356,"",'132723135430438073403,2026-04-23,11076755732,d85da029-7248-4898-89b1-b60185a435d6,"",Forward,100022026863,1000006180849,11504,2280,5.0,0.0,0.0,0.0,packet_delivered,0.0,0.0,0.0,0.0,0.0,0.0,0.0,0.0,NA,0,2600.0
NFT-/XUTR/DEUTH02611333684X,53.52,0.0,0.0,1850.0,1124.0,265.264,5.352,0.0,0.0,prepaid,1.07,0.0,0.0,45.0,0.0,53.1,799.214,"",'132726737055382559201,2026-04-23,11077798160,ee1f70cf-d3c9-40c7-9525-d6e84943f886,"",Forward,100023069278,100023069278,11504,1070.48,5.0,555.0,0.0,555.0,packet_delivered,0.0,0.0,0.0,0.0,0.0,0.0,0.0,0.0,NA,0,1295.0
NFT-/XUTR/DEUTH02611333684X,0.0,11.83,11.83,1599.0,497.0,23.458,0.0,1.1835,1.1835,prepaid,0.473,0.0,0.0,27.0,0.0,31.86,438.842,"",'132747788935834605401,2026-04-23,11082720573,f3bb134e-54ef-4622-a7f7-cbe1ecb6db45,"",Forward,100027991639,100027991639,11504,473.34,5.0,1008.0,0.0,1008.0,packet_delivered,0.0,0.0,0.0,0.0,0.0,0.0,0.0,0.0,NA,0,591.0
NFT-/XUTR/DEUTH02611333684X,63.24,0.0,0.0,2999.0,1328.0,329.078,6.324,0.0,0.0,prepaid,1.265,91.0,0.0,0.0,0.0,107.38,-1098.713,"",'132742603080317524201,2026-04-23,11081329364,485e7b90-c2fd-42bd-bc73-0206f874e5e5,100150178214,Reverse,100026600456,100026600456,11504,1264.76,5.0,1500.0,0.0,1500.0,return_refund,0.0,0.0,0.0,0.0,0.0,0.0,0.0,0.0,NA,0,1499.0
NFT-/XUTR/DEUTH02611333684X,42.43,0.0,0.0,2899.0,891.0,231.304,4.243,0.0,0.0,prepaid,0.849,0.0,0.0,27.0,0.0,31.86,622.744,"",'132726716727496788203,2026-04-23,11077791797,676e02e8-008e-410b-b951-580090a94387,"",Forward,100023062915,100023062915,11504,848.57,5.0,1914.0,0.0,1914.0,packet_delivered,0.0,0.0,0.0,0.0,0.0,0.0,0.0,0.0,NA,0,985.0
NFT-/XUTR/DEUTH02611333684X,56.71,0.0,0.0,2899.0,1191.0,295.13,5.671,0.0,0.0,prepaid,1.134,0.0,0.0,45.0,0.0,53.1,835.965,"",'132717415311273577401,2026-04-23,11075521870,f372c9c5-32f0-4458-af06-ba3ce58320ff,"",Forward,100020793005,1000006162971,11504,1134.29,5.0,1537.0,0.0,1537.0,packet_delivered,0.0,0.0,0.0,0.0,0.0,0.0,0.0,0.0,NA,0,1362.0
NFT-/XUTR/DEUTH02611333684X,79.57,0.0,0.0,1999.0,1671.0,394.356,7.957,0.0,0.0,prepaid,1.591,0.0,0.0,45.0,0.0,53.1,1213.996,"",'132729224914213356003,2026-04-23,11078672429,5fb08791-6223-4a6c-b833-1cc5a96c8e7b,"",Forward,100023943544,1000006789318,11504,1591.43,5.0,157.0,0.0,157.0,packet_delivered,0.0,0.0,0.0,0.0,0.0,0.0,0.0,0.0,NA,0,1842.0
NFT-/XUTR/DEUTH02611333684X,85.05,0.0,0.0,1999.0,1786.0,421.496,8.505,0.0,0.0,prepaid,1.701,0.0,0.0,45.0,0.0,53.1,1301.198,"",'132743944744852357701,2026-04-23,11081713731,2cc13574-4b54-4f0d-bc00-3105979584e8,"",Forward,100026984806,100026984806,11504,1700.95,5.0,42.0,0.0,42.0,packet_delivered,0.0,0.0,0.0,0.0,0.0,0.0,0.0,0.0,NA,0,1957.0
NFT-/XUTR/DEUTH02611333684X,50.19,0.0,0.0,1750.0,1054.0,248.744,5.019,0.0,0.0,prepaid,1.004,0.0,0.0,45.0,0.0,53.1,746.133,"",'132717397196847839901,2026-04-23,11075516573,eeeb777c-e316-4fe1-8eef-44a40850b107,"",Forward,100020787708,1000005613716,11504,1003.81,5.0,525.0,0.0,525.0,packet_delivered,0.0,0.0,0.0,0.0,0.0,0.0,0.0,0.0,NA,0,1225.0
NFT-/XUTR/DEUTH02611333684X,42.43,0.0,0.0,3399.0,891.0,231.304,4.243,0.0,0.0,prepaid,0.849,0.0,0.0,27.0,0.0,31.86,622.744,"",'132724049471239416403,2026-04-23,11076896257,3b90b0ce-2b60-4619-b7ad-a37201e15780,"",Forward,100022167387,100022167387,11504,848.57,5.0,2414.0,0.0,2414.0,packet_delivered,0.0,0.0,0.0,0.0,0.0,0.0,0.0,0.0,NA,0,985.0
NFT-/XUTR/DEUTH02611333684X,0.0,40.67,40.67,3999.0,1708.0,423.242,0.0,4.0665,4.0665,prepaid,1.627,91.0,0.0,0.0,0.0,107.38,-1382.378,"",'132746675239174644203,2026-04-23,11082586234,0c5e586a-81f6-424d-b152-7bba3e4be0f6,11082586234,Reverse,100027857300,100027857300,11504,1626.66,5.0,2120.0,0.0,2120.0,exchange,0.0,0.0,0.0,0.0,0.0,0.0,0.0,0.0,NA,0,1879.0000000000002
NFT-/XUTR/DEUTH02611333684X,63.24,0.0,0.0,2999.0,1328.0,329.078,6.324,0.0,0.0,prepaid,1.265,0.0,0.0,45.0,0.0,53.1,938.233,"",'132718176379872134701,2026-04-23,11075742995,eaaafeca-b019-4055-a2ea-f04d910597ec,"",Forward,100021014128,100021014128,11504,1264.76,5.0,1500.0,0.0,1500.0,packet_delivered,0.0,0.0,0.0,0.0,0.0,0.0,0.0,0.0,NA,0,1499.0
NFT-/XUTR/DEUTH02611333684X,19.05,0.0,0.0,1499.0,400.0,18.88,1.905,0.0,0.0,prepaid,0.381,91.0,0.0,0.0,0.0,107.38,-486.214,"",'132745421786821894801,2026-04-23,11082146329,c4170563-281c-433a-82a8-71f79364a605,11082146329,Reverse,100027417395,100027417395,11504,380.95,5.0,1005.0,0.0,1005.0,exchange,0.0,0.0,0.0,0.0,0.0,0.0,0.0,0.0,NA,0,494.0
NFT-/XUTR/DEUTH02611333684X,28.1,0.0,0.0,1850.0,590.0,153.164,2.81,0.0,0.0,prepaid,0.562,0.0,0.0,27.0,0.0,31.86,401.604,"",'132728537584066577501,2026-04-23,11078394743,f06148b5-9f8d-4cca-bf99-dfc16d544467,"",Forward,100023665858,100023665858,11504,561.9,5.0,1166.0,0.0,1166.0,packet_delivered,0.0,0.0,0.0,0.0,0.0,0.0,0.0,0.0,NA,0,684.0
NFT-/XUTR/DEUTH02611333684X,33.24,0.0,0.0,1899.0,698.0,32.946,3.324,0.0,0.0,prepaid,0.665,167.0,0.0,0.0,0.0,197.06,-858.125,"",'132719891900887051403,2026-04-23,11076244597,41069a51-d888-487c-afcf-f499966db4d9,11076244597,Reverse,100021515729,100021515729,11504,664.76,5.0,1107.0,0.0,1107.0,exchange,0.0,0.0,0.0,0.0,0.0,0.0,0.0,0.0,NA,0,792.01
NFT-/XUTR/DEUTH02611333684X,38.33,0.0,0.0,1799.0,805.0,208.978,3.833,0.0,0.0,prepaid,0.767,0.0,0.0,27.0,0.0,31.86,559.562,"",'132729224914213356003,2026-04-23,11078672421,5fb08791-6223-4a6c-b833-1cc5a96c8e7b,"",Forward,100023943536,1000006789318,11504,766.67,5.0,900.0,0.0,900.0,packet_delivered,0.0,0.0,0.0,0.0,0.0,0.0,0.0,0.0,NA,0,899.0
NFT-/XUTR/DEUTH02611333684X,37.19,0.0,0.0,1750.0,9.299999999999999,2.414,0.044,0.0,0.0,prepaid,0.009,1.989,0.0,0.0,0.0,2.34702,-9.18,"",'132718049934009559503,2026-04-23,11075707960,e7d46f48-59c5-476c-8c0e-e83bfa8f2dd3,11075707960,Reverse,100020979093,1000005693669,11504,743.81,5.0,875.0,0.0,875.0,exchange,0.0,0.0,0.0,0.0,0.0,0.0,0.0,0.0,NA,0,875.0
NFT-/XUTR/DEUTH02611333684X,31.19,0.0,0.0,1499.0,655.0,170.038,3.119,0.0,0.0,prepaid,0.624,0.0,0.0,27.0,0.0,31.86,449.359,"",'132724680073826209001,2026-04-23,11077076852,beafa079-a5a0-4230-99b3-b04319d95557,"",Forward,100022347981,1000006079006,11504,623.81,5.0,750.0,0.0,750.0,packet_delivered,0.0,0.0,0.0,0.0,0.0,0.0,0.0,0.0,NA,0,749.0
NFT-/XUTR/DEUTH02611333684X,58.95,0.0,0.0,2999.0,1238.0,306.776,5.895,0.0,0.0,prepaid,1.179,0.0,0.0,45.0,0.0,53.1,871.05,"",'132749612989974768401,2026-04-23,11082851731,e3a866c6-1f28-423b-8ff4-c088021f60bb,"",Forward,100028122796,100028122796,11504,1179.05,5.0,1590.0,0.0,1590.0,packet_delivered,0.0,0.0,0.0,0.0,0.0,0.0,0.0,0.0,NA,0,1409.0
NFT-/XUTR/DEUTH02611333684X,36.0,0.0,0.0,2299.0,756.0,35.683,3.6,0.0,0.0,prepaid,0.72,0.0,0.0,27.0,0.0,31.86,684.137,"",'132745319093229844503,2026-04-23,11082115061,9c466bca-293a-44e0-95f1-27424866e1d1,"",Forward,100027386127,100027386127,11504,720,5.0,1449.0,0.0,1449.0,packet_delivered,0.0,0.0,0.0,0.0,0.0,0.0,0.0,0.0,NA,0,850.0
NFT-/XUTR/DEUTH02611333684X,63.24,0.0,0.0,2999.0,1328.0,329.078,6.324,0.0,0.0,prepaid,1.265,0.0,0.0,45.0,0.0,53.1,938.233,"",'132726320877807937601,2026-04-23,11077663747,ea1db741-4678-489c-bce8-62aa233f1c21,"",Forward,100022934867,100022934867,11504,1264.76,5.0,1500.0,0.0,1500.0,packet_delivered,0.0,0.0,0.0,0.0,0.0,0.0,0.0,0.0,NA,0,1498.97
NFT-/XUTR/DEUTH02611333684X,31.29,0.0,0.0,1599.0,657.0,170.557,3.129,0.0,0.0,prepaid,0.626,0.0,0.0,27.0,0.0,31.86,450.828,"",'132709798645608427003,2026-04-23,11073817918,13939eee-8d60-4724-9bde-927c97bdbdc3,"",Forward,100019089059,1000005078881,11504,625.71,5.0,848.0,0.0,848.0,packet_delivered,0.0,0.0,0.0,0.0,0.0,0.0,0.0,0.0,NA,0,751.0
NFT-/XUTR/DEUTH02611333684X,38.33,0.0,0.0,1799.0,805.0,208.978,3.833,0.0,0.0,prepaid,0.767,0.0,0.0,27.0,0.0,31.86,559.562,"",'132736052613997652003,2026-04-23,11079978637,97c13e58-6fe3-4ab0-bf11-f3f1d02cb373,"",Forward,100025249729,1000006968577,11504,766.67,5.0,900.0,0.0,900.0,packet_delivered,0.0,0.0,0.0,0.0,0.0,0.0,0.0,0.0,NA,0,899.0
NFT-/XUTR/DEUTH02611333684X,87.05,0.0,0.0,3999.0,1828.0,474.549,8.705,0.0,0.0,prepaid,1.741,167.0,0.0,0.0,0.0,197.06,-1540.065,"",'132709035719502497403,2026-04-23,11073593746,02377397-8a56-4b08-995c-ecf6c5297dbe,100149564883,Reverse,100018864889,1000005009410,11504,1740.95,5.0,2000.0,0.0,2000.0,return_refund,0.0,0.0,0.0,0.0,0.0,0.0,0.0,0.0,NA,0,1999.0
NFT-/XUTR/DEUTH02611333684X,43.1,0.0,0.0,1999.0,905.0,234.938,4.31,0.0,0.0,prepaid,0.862,167.0,0.0,0.0,0.0,197.06,-861.95,"",'132717107966518543501,2026-04-23,11075427524,f9f4c8ef-3020-4ba9-9200-2bddf3e3c986,11075427524,Reverse,100020698659,100020698659,11504,861.9,5.0,1000.0,0.0,1000.0,exchange,0.0,0.0,0.0,0.0,0.0,0.0,0.0,0.0,NA,0,999.0
NFT-/XUTR/DEUTH02611333684X,45.14,0.0,0.0,1599.0,948.0,246.101,4.514,0.0,0.0,prepaid,0.903,0.0,0.0,27.0,0.0,31.86,664.622,"",'132726912585577807701,2026-04-23,11077853676,9af8c0c2-82df-4b99-8707-e92deafd1255,"",Forward,100023124794,100023124794,11504,902.86,5.0,480.0,0.0,480.0,packet_delivered,0.0,0.0,0.0,0.0,0.0,0.0,0.0,0.0,NA,0,1119.0
NFT-/XUTR/DEUTH02611333684X,16.33,0.0,0.0,1599.0,343.0,16.19,1.633,0.0,0.0,prepaid,0.327,91.0,0.0,0.0,0.0,107.38,-432.23,"",'132746243570268384803,2026-04-23,11082440881,cfb5920a-c22a-4ded-bfaa-6c6b612e38b7,100149500651,Reverse,100027711947,100027711947,11504,326.67,5.0,1197.0,0.0,1197.0,return_refund,0.0,0.0,0.0,0.0,0.0,0.0,0.0,0.0,NA,0,401.99
