NEFT_Ref,igst_amount,cgst_amount,sgst_amount,MRP,customer_paid_amt,Commission,IGST_TCS,CGST_TCS,SGST_TCS,Payment_Type,TDS,Shipping_Fee,pick_and_pack_fee,fixed_fee,Payment_Gateway_Fee,Logistics_Commission,Settled_Amount,NOD_Comment,Store_Order_id,Payment_Date,order_line_id,seller_order_id,return_id,Order_Type,order_release_id,Packet_Id,Seller_Id,taxable_amount,Tax_Rate,seller_discount,platform_discount,total_discount,comments,fwdAdditionalCharges,rvsAdditionalCharges,techEnablement,airLogistics,royaltyCharges,royaltyPercent,marketingCharges,marketingPercent,marketingContribution,commission_discount,sale_Total_Customer_Paid
NFT-/XUTR/DEUTH02611488925X,37.19,0.0,0.0,1750.0,781.0,202.748,3.719,0.0,0.0,prepaid,0.744,167.0,0.0,0.0,0.0,197.06,-770.849,"",'132727697196060522401,2026-04-24,11078104185,35f0c230-b092-43d8-8490-e939ebe7bf15,100150287545,Reverse,100023375300,100023375300,11504,743.81,5.0,875.0,0.0,875.0,return_refund,0.0,0.0,0.0,0.0,0.0,0.0,0.0,0.0,NA,0,875.0
NFT-/XUTR/DEUTH02611488925X,56.1,0.0,0.0,2699.0,1178.0,291.908,5.61,0.0,0.0,prepaid,1.122,0.0,0.0,45.0,0.0,53.1,826.26,"",'132726412050835081803,2026-04-24,11077693995,c6afa4b9-570f-48a0-8db6-664166e27c1c,"",Forward,100022965113,100022965113,11504,1121.9,5.0,1350.0,0.0,1350.0,packet_delivered,0.0,0.0,0.0,0.0,0.0,0.0,0.0,0.0,NA,0,1349.0
NFT-/XUTR/DEUTH02611488925X,23.67,0.0,0.0,1599.0,497.0,23.458,2.367,0.0,0.0,prepaid,0.473,91.0,0.0,0.0,0.0,107.38,-578.082,"",'132752895779740554103,2026-04-24,11083766540,d2370901-f3da-44fa-a1bf-e7bae53570e8,11083766540,Reverse,100029037600,1000008146799,11504,473.33,5.0,1008.0,0.0,1008.0,exchange,0.0,0.0,0.0,0.0,0.0,0.0,0.0,0.0,NA,0,591.0
NFT-/XUTR/DEUTH02611488925X,86.81,0.0,0.0,2899.0,1823.0,451.739,8.681,0.0,0.0,prepaid,1.736,0.0,0.0,45.0,0.0,53.1,1307.744,"",'132741543458630969203,2026-04-24,11081017045,fbeb1877-758d-4b9e-8ea5-09eac1fa792a,"",Forward,100026288137,100026288137,11504,1736.19,5.0,870.0,0.0,870.0,packet_delivered,0.0,0.0,0.0,0.0,0.0,0.0,0.0,0.0,NA,0,2029.0
NFT-/XUTR/DEUTH02611488925X,42.43,0.0,0.0,3399.0,891.0,231.304,4.243,0.0,0.0,prepaid,0.849,0.0,0.0,27.0,0.0,31.86,622.744,"",'132732759469796392403,2026-04-24,11079080376,79413e38-0984-4987-9d47-e3fde995f89e,"",Forward,100024351479,100024351479,11504,848.57,5.0,2414.0,0.0,2414.0,packet_delivered,0.0,0.0,0.0,0.0,0.0,0.0,0.0,0.0,NA,0,985.0
NFT-/XUTR/DEUTH02611488925X,23.67,0.0,0.0,1599.0,496.99999999999994,23.458,2.367,0.0,0.0,prepaid,0.473,167.0,0.0,0.0,0.0,197.06,-667.762,"",'132732588740018128701,2026-04-24,11079043483,6c1f6b26-d88d-4233-a33e-173992088aeb,100150340829,Reverse,100024314596,100024314596,11504,473.33,5.0,1008.0,0.0,1008.0,return_refund,0.0,0.0,0.0,0.0,0.0,0.0,0.0,0.0,NA,0,591.0
NFT-/XUTR/DEUTH02611488925X,63.24,0.0,0.0,2999.0,311.37,77.157,1.483,0.0,0.0,prepaid,0.297,0.0,0.0,10.551,0.0,12.45018,219.983,"",'132724999141738501101,2026-04-24,11077189569,89f0ec9e-d3c5-4a3f-ac00-58de7518bbee,"",Forward,100022460698,100022460698,11504,1264.76,5.0,1500.0,0.0,1500.0,packet_delivered,0.0,0.0,0.0,0.0,0.0,0.0,0.0,0.0,NA,0,1499.0
NFT-/XUTR/DEUTH02611488925X,33.52,0.0,0.0,1699.0,704.0,182.758,3.352,0.0,0.0,prepaid,0.67,0.0,0.0,27.0,0.0,31.86,485.36,"",'132727344697961639201,2026-04-24,11077989961,1c8a4de9-4236-4951-ad87-2d513b7d834e,"",Forward,100023261076,1000006790295,11504,670.48,5.0,901.0,0.0,901.0,packet_delivered,0.0,0.0,0.0,0.0,0.0,0.0,0.0,0.0,NA,0,798.0
NFT-/XUTR/DEUTH02611488925X,42.43,0.0,0.0,2899.0,891.0,231.304,4.243,0.0,0.0,prepaid,0.849,91.0,0.0,0.0,0.0,107.38,-761.984,"",'132759721936013494603,2026-04-24,11085230518,a48e2a95-fd6b-40a1-aa58-54da1a009b65,100149908276,Reverse,100030501574,100030501574,11504,848.57,5.0,1914.0,0.0,1914.0,return_refund,0.0,0.0,0.0,0.0,0.0,0.0,0.0,0.0,NA,0,985.0
NFT-/XUTR/DEUTH02611488925X,0.0,15.64,15.64,1599.0,657.0,170.557,0.0,1.5645,1.5645,prepaid,0.626,0.0,0.0,27.0,0.0,31.86,450.828,"",'132755413625800458901,2026-04-24,11084576240,0af17657-645a-402b-ab24-ac87f7f01d31,"",Forward,100029847297,100029847297,11504,625.72,5.0,848.0,0.0,848.0,packet_delivered,0.0,0.0,0.0,0.0,0.0,0.0,0.0,0.0,NA,0,751.0
NFT-/XUTR/DEUTH02611488925X,31.19,0.0,0.0,1499.0,655.0,170.038,3.119,0.0,0.0,prepaid,0.624,0.0,0.0,27.0,0.0,31.86,449.359,"",'132727910306878601401,2026-04-24,11078175517,6ef8cf13-6a8e-4abe-b181-e4ae6e4d5864,"",Forward,100023446632,1000006797712,11504,623.81,5.0,750.0,0.0,750.0,packet_delivered,0.0,0.0,0.0,0.0,0.0,0.0,0.0,0.0,NA,0,749.0
NFT-/XUTR/DEUTH02611488925X,85.0,0.0,0.0,4499.0,1785.0,463.386,8.5,0.0,0.0,prepaid,1.7,0.0,0.0,45.0,0.0,53.1,1258.314,"",'132727835048610362501,2026-04-24,11078149806,542c5bb6-0aa4-479f-ac2c-ae358faa117f,"",Forward,100023420921,100023420921,11504,1700,5.0,2520.0,0.0,2520.0,packet_delivered,0.0,0.0,0.0,0.0,0.0,0.0,0.0,0.0,NA,0,1979.0
NFT-/XUTR/DEUTH02611488925X,55.14,0.0,0.0,1899.0,1158.0,273.288,5.514,0.0,0.0,prepaid,1.103,0.0,0.0,45.0,0.0,53.1,824.995,"",'132732587866499020903,2026-04-24,11079043292,d31d41e1-a39a-4e6d-837f-0e14ac090829,"",Forward,100024314405,100024314405,11504,1102.86,5.0,570.0,0.0,570.0,packet_delivered,0.0,0.0,0.0,0.0,0.0,0.0,0.0,0.0,NA,0,1329.0
NFT-/XUTR/DEUTH02611488925X,31.91,0.0,0.0,1699.0,670.0,173.932,3.19,0.0,0.0,prepaid,0.638,0.0,0.0,27.0,0.0,31.86,460.38,"",'132729529075670288203,2026-04-24,11078767272,c471db8f-ec3b-4b2a-814a-0745d39156e3,"",Forward,100024038386,100024038386,11504,638.1,5.0,935.0,0.0,935.0,packet_delivered,0.0,0.0,0.0,0.0,0.0,0.0,0.0,0.0,NA,0,764.01
NFT-/XUTR/DEUTH02611488925X,37.19,0.0,0.0,1750.0,781.0,202.748,3.719,0.0,0.0,prepaid,0.744,0.0,0.0,27.0,0.0,31.86,541.929,"",'132719187724687287701,2026-04-24,11076027435,343b636f-b018-4d10-878e-a75d42612e1d,"",Forward,100021298567,1000005748298,11504,743.81,5.0,875.0,0.0,875.0,packet_delivered,0.0,0.0,0.0,0.0,0.0,0.0,0.0,0.0,NA,0,875.01
NFT-/XUTR/DEUTH02611488925X,63.24,0.0,0.0,2999.0,1328.0,329.078,6.324,0.0,0.0,prepaid,1.265,167.0,0.0,0.0,0.0,197.06,-1188.393,"",'132728826946778566901,2026-04-24,11078511889,258f398f-3830-4979-8f7d-835a52505bb0,100149856529,Reverse,100023783004,1000006806982,11504,1264.76,5.0,1500.0,0.0,1500.0,return_refund,0.0,0.0,0.0,0.0,0.0,0.0,0.0,0.0,NA,0,1499.0
NFT-/XUTR/DEUTH02611488925X,68.0,0.0,0.0,3199.0,1428.0,353.858,6.8,0.0,0.0,prepaid,1.36,0.0,0.0,45.0,0.0,53.1,1012.882,"",'132728495365405496301,2026-04-24,11078378347,7a8d040c-c8d3-4c49-94a8-8d31f6046f37,"",Forward,100023649462,100023649462,11504,1360,5.0,1600.0,0.0,1600.0,packet_delivered,0.0,0.0,0.0,0.0,0.0,0.0,0.0,0.0,NA,0,1599.0
NFT-/XUTR/DEUTH02611488925X,72.76,0.0,0.0,3399.0,1528.0,378.638,7.276,0.0,0.0,prepaid,1.455,0.0,0.0,45.0,0.0,53.1,1087.531,"",'132733753685887029501,2026-04-24,11079350709,4ac4ef76-dbc5-4419-bdd3-d64f7fe01a6a,"",Forward,100024621807,1000006808224,11504,1455.24,5.0,1700.0,0.0,1700.0,packet_delivered,0.0,0.0,0.0,0.0,0.0,0.0,0.0,0.0,NA,0,1699.0
NFT-/XUTR/DEUTH02611488925X,60.86,0.0,0.0,2899.0,1278.0,316.688,6.086,0.0,0.0,prepaid,1.217,0.0,0.0,45.0,0.0,53.1,900.909,"",'132721234239748455301,2026-04-24,11076651720,12f647b1-cb2b-40d1-bc1f-27a7ff807d1a,"",Forward,100021922851,100021922851,11504,1217.14,5.0,1450.0,0.0,1450.0,packet_delivered,0.0,0.0,0.0,0.0,0.0,0.0,0.0,0.0,NA,0,1448.99
NFT-/XUTR/DEUTH02611488925X,42.43,0.0,0.0,3399.0,891.0,231.304,4.243,0.0,0.0,prepaid,0.849,167.0,0.0,0.0,0.0,197.06,-851.664,"",'132732759469796392403,2026-04-24,11079080376,79413e38-0984-4987-9d47-e3fde995f89e,100150165120,Reverse,100024351479,100024351479,11504,848.57,5.0,2414.0,0.0,2414.0,return_refund,0.0,0.0,0.0,0.0,0.0,0.0,0.0,0.0,NA,0,985.0
NFT-/XUTR/DEUTH02611488925X,31.91,0.0,0.0,1699.0,670.0,173.932,3.19,0.0,0.0,prepaid,0.638,0.0,0.0,27.0,0.0,31.86,460.38,"",'132755515071023775303,2026-04-24,11084599508,b47d0d54-0de7-4926-8b2d-cb95bc075aa2,"",Forward,100029870565,1000008307687,11504,638.1,5.0,935.0,0.0,935.0,packet_delivered,0.0,0.0,0.0,0.0,0.0,0.0,0.0,0.0,NA,0,764.01
NFT-/XUTR/DEUTH02611488925X,18.95,0.0,0.0,1699.0,398.0,18.786,1.895,0.0,0.0,prepaid,0.379,0.0,0.0,0.0,0.0,0.0,376.94,"",'132750457964054609801,2026-04-24,11083054879,23b2a934-8ebf-4914-993e-02a85d42421a,"",Forward,100028325941,100028325941,11504,379.05,5.0,1207.0,0.0,1207.0,packet_delivered,0.0,0.0,0.0,0.0,0.0,0.0,0.0,0.0,NA,0,492.0
NFT-/XUTR/DEUTH02611488925X,38.33,0.0,0.0,1799.0,805.0,208.978,3.833,0.0,0.0,prepaid,0.767,0.0,0.0,27.0,0.0,31.86,559.562,"",'132733845740199474403,2026-04-24,11079377814,063fcd94-ed8f-4a89-89a0-75ab8d8bd72a,"",Forward,100024648912,100024648912,11504,766.67,5.0,900.0,0.0,900.0,packet_delivered,0.0,0.0,0.0,0.0,0.0,0.0,0.0,0.0,NA,0,899.0
NFT-/XUTR/DEUTH02611488925X,63.24,0.0,0.0,2999.0,1328.0,329.078,6.324,0.0,0.0,prepaid,1.265,167.0,0.0,0.0,0.0,197.06,-1188.393,"",'132730698604437644403,2026-04-24,11078882082,b92b62d6-0028-4ed3-a6b4-7f894c9c4fc3,100150052291,Reverse,100024153196,1000006804491,11504,1264.76,5.0,1500.0,0.0,1500.0,return_refund,0.0,0.0,0.0,0.0,0.0,0.0,0.0,0.0,NA,0,1498.99
NFT-/XUTR/DEUTH02611488925X,70.38,0.0,0.0,3299.0,1478.0,366.248,7.038,0.0,0.0,prepaid,1.408,0.0,0.0,45.0,0.0,53.1,1050.206,"",'132729346829457705101,2026-04-24,11078716644,04dfa62f-6087-4793-b6f0-42f81759834d,"",Forward,100023987758,1000006793128,11504,1407.62,5.0,1650.0,0.0,1650.0,packet_delivered,0.0,0.0,0.0,0.0,0.0,0.0,0.0,0.0,NA,0,1649.0
NFT-/XUTR/DEUTH02611488925X,29.76,0.0,0.0,1599.0,625.0,162.25,2.976,0.0,0.0,prepaid,0.595,167.0,0.0,0.0,0.0,197.06,-656.239,"",'132717535757879882503,2026-04-24,11075558230,f9f501a2-d6f4-4f91-b1fb-793fa74e03d9,100152482549,Reverse,100020829365,100020829365,11504,595.24,5.0,880.0,0.0,880.0,return_refund,0.0,0.0,0.0,0.0,0.0,0.0,0.0,0.0,NA,0,719.0
NFT-/XUTR/DEUTH02611488925X,30.57,0.0,0.0,1699.0,642.0,45.454,3.057,0.0,0.0,prepaid,0.611,0.0,0.0,27.0,0.0,31.86,561.018,"",'132725540209994886301,2026-04-24,11077389133,9d3b8fd7-723e-48f2-959f-137ca8cab84e,"",Forward,100022660262,100022660262,11504,611.43,5.0,963.0,0.0,963.0,packet_delivered,0.0,0.0,0.0,0.0,0.0,0.0,0.0,0.0,NA,0,736.0
NFT-/XUTR/DEUTH02611488925X,35.29,0.0,0.0,2799.0,741.0,34.97500000000001,3.529,0.0,0.0,prepaid,0.706,0.0,0.0,27.0,0.0,31.86,669.93,"",'132729913505273223201,2026-04-24,11078833968,67830f10-4441-4edc-9526-8770f254bb9d,"",Forward,100024105082,100024105082,11504,705.71,5.0,1964.0,0.0,1964.0,packet_delivered,0.0,0.0,0.0,0.0,0.0,0.0,0.0,0.0,NA,0,835.0
NFT-/XUTR/DEUTH02611488925X,58.95,0.0,0.0,2999.0,1238.0,306.776,5.895,0.0,0.0,prepaid,1.179,167.0,0.0,0.0,0.0,197.06,-1121.21,"",'132701666248692947903,2026-04-24,11071922827,f3b402cf-76f9-499d-ae3e-306999598bf4,11071922827,Reverse,100017193975,100017193975,11504,1179.05,5.0,1590.0,0.0,1590.0,exchange,0.0,0.0,0.0,0.0,0.0,0.0,0.0,0.0,NA,0,1409.0
NFT-/XUTR/DEUTH02611488925X,56.86,0.0,0.0,1950.0,1194.0,281.784,5.686,0.0,0.0,prepaid,1.137,0.0,0.0,45.0,0.0,53.1,852.293,"",'132732493091036850301,2026-04-24,11079024699,d91124f6-7869-454a-b2d7-6b0b087517d6,"",Forward,100024295812,100024295812,11504,1137.14,5.0,585.0,0.0,585.0,packet_delivered,0.0,0.0,0.0,0.0,0.0,0.0,0.0,0.0,NA,0,1365.0
NFT-/XUTR/DEUTH02611488925X,44.67,0.0,0.0,2999.0,9.43,2.448,0.045,0.0,0.0,prepaid,0.009,1.679,0.0,0.0,0.0,1.98122,-8.909,"",'132732546522236833303,2026-04-24,11079035140,ffc015ef-4939-4bad-8ce5-8edce353569c,100150732445,Reverse,100024306253,1000006806121,11504,893.33,5.0,1890.0,0.0,1890.0,return_refund,0.0,0.0,0.0,0.0,0.0,0.0,0.0,0.0,NA,0,1109.0
NFT-/XUTR/DEUTH02611488925X,31.29,0.0,0.0,1599.0,657.0,170.557,3.129,0.0,0.0,prepaid,0.626,0.0,0.0,27.0,0.0,31.86,450.828,"",'132728051988895077701,2026-04-24,11078222523,857cb70a-a295-4fcd-87e3-3ec21aed82c5,"",Forward,100023493638,100023493638,11504,625.71,5.0,848.0,0.0,848.0,packet_delivered,0.0,0.0,0.0,0.0,0.0,0.0,0.0,0.0,NA,0,751.0
NFT-/XUTR/DEUTH02611488925X,62.52,0.0,0.0,3299.0,1313.0,325.361,6.252,0.0,0.0,prepaid,1.25,0.0,0.0,45.0,0.0,53.1,927.037,"",'132735523323010333103,2026-04-24,11079837881,293b706b-6841-459f-84bb-ea85b072955e,"",Forward,100025108975,1000007419163,11504,1250.48,5.0,1815.0,0.0,1815.0,packet_delivered,0.0,0.0,0.0,0.0,0.0,0.0,0.0,0.0,NA,0,1484.0
NFT-/XUTR/DEUTH02611488925X,51.81,0.0,0.0,1799.0,1088.0,256.768,5.181,0.0,0.0,prepaid,1.036,167.0,0.0,0.0,0.0,197.06,-1022.075,"",'132740734600955375603,2026-04-24,11080845972,2a75066f-3fa4-4856-95a2-525e096d639f,100151573115,Reverse,100026117064,100026117064,11504,1036.19,5.0,540.0,0.0,540.0,return_refund,0.0,0.0,0.0,0.0,0.0,0.0,0.0,0.0,NA,0,1259.0
NFT-/XUTR/DEUTH02611488925X,63.24,0.0,0.0,2999.0,1328.0,329.078,6.324,0.0,0.0,prepaid,1.265,0.0,0.0,45.0,0.0,53.1,938.233,"",'132757270685957885301,2026-04-24,11084717808,dd2dac46-e719-4f02-a66e-7d422c3598f6,"",Forward,100029988865,100029988865,11504,1264.76,5.0,1500.0,0.0,1500.0,packet_delivered,0.0,0.0,0.0,0.0,0.0,0.0,0.0,0.0,NA,0,1499.0
NFT-/XUTR/DEUTH02611488925X,42.62,0.0,0.0,2999.0,895.0,232.342,4.262,0.0,0.0,prepaid,0.852,167.0,0.0,0.0,0.0,197.06,-854.604,"",'132725482233632536503,2026-04-24,11077369007,043ca4f1-3271-4be1-b32a-0027cb84d34b,100150468707,Reverse,100022640136,100022640136,11504,852.38,5.0,2010.0,0.0,2010.0,return_refund,0.0,0.0,0.0,0.0,0.0,0.0,0.0,0.0,NA,0,989.0
NFT-/XUTR/DEUTH02611488925X,18.95,0.0,0.0,1699.0,397.99999999999994,18.786,1.895,0.0,0.0,prepaid,0.379,167.0,0.0,0.0,0.0,197.06,-574.0,"",'132726442736958151101,2026-04-24,11077703897,d3421bb8-4318-4d29-acc5-7c06fd2b4445,100150003491,Reverse,100022975014,100022975014,11504,379.05,5.0,1207.0,0.0,1207.0,return_refund,0.0,0.0,0.0,0.0,0.0,0.0,0.0,0.0,NA,0,492.0
NFT-/XUTR/DEUTH02611488925X,48.48,0.0,0.0,1699.0,1018.0,240.248,4.848,0.0,0.0,prepaid,0.97,0.0,0.0,45.0,0.0,53.1,718.834,"",'132728780355710167001,2026-04-24,11078492611,69b54b74-f803-4827-aaf5-9e98207f1952,"",Forward,100023763726,1000006452780,11504,969.52,5.0,510.0,0.0,510.0,packet_delivered,0.0,0.0,0.0,0.0,0.0,0.0,0.0,0.0,NA,0,1189.0
NFT-/XUTR/DEUTH02611488925X,33.57,0.0,0.0,1599.0,705.0,183.018,3.357,0.0,0.0,prepaid,0.671,167.0,0.0,0.0,0.0,197.06,-715.014,"",'132726650920002697201,2026-04-24,11077770619,729e8b1a-29aa-4413-b7ed-0f9bcb451e23,100149852177,Reverse,100023041737,1000006293446,11504,671.43,5.0,800.0,0.0,800.0,return_refund,0.0,0.0,0.0,0.0,0.0,0.0,0.0,0.0,NA,0,799.0
NFT-/XUTR/DEUTH02611488925X,0.0,21.21,21.21,2899.0,891.0,231.304,0.0,2.1215,2.1215,prepaid,0.849,0.0,0.0,27.0,0.0,31.86,622.744,"",'132754803537945658101,2026-04-24,11084374641,8a89cb4f-b120-4c64-8ced-09534abe1731,"",Forward,100029645698,100029645698,11504,848.58,5.0,1914.0,0.0,1914.0,packet_delivered,0.0,0.0,0.0,0.0,0.0,0.0,0.0,0.0,NA,0,985.0000000000001
NFT-/XUTR/DEUTH02611488925X,0.0,10.36,10.36,1499.0,10.36,0.48900000000000005,0.0,0.0245,0.0245,prepaid,0.01,0.0,0.0,0.453,0.0,0.53454,9.277,"",'132757351940027052201,2026-04-24,11084721153,4f81292e-2472-4a04-b62b-7e468cd34485,"",Forward,100029992210,100029992210,11504,414.28,5.0,1005.0,0.0,1005.0,packet_delivered,0.0,0.0,0.0,0.0,0.0,0.0,0.0,0.0,NA,0,494.0
NFT-/XUTR/DEUTH02611488925X,23.67,0.0,0.0,1599.0,497.0,23.458,2.367,0.0,0.0,prepaid,0.473,0.0,0.0,27.0,0.0,31.86,438.842,"",'132727745716277211303,2026-04-24,11078120046,29388502-af16-468c-b286-019d7c1c7e57,"",Forward,100023391161,100023391161,11504,473.33,5.0,1008.0,0.0,1008.0,packet_delivered,0.0,0.0,0.0,0.0,0.0,0.0,0.0,0.0,NA,0,591.0
NFT-/XUTR/DEUTH02611488925X,51.33,0.0,0.0,2499.0,1078.0,254.408,5.133,0.0,0.0,prepaid,1.027,112.0,0.0,0.0,0.0,132.16,-949.592,"",'132747109454271612503,2026-04-24,11082671423,16f35d84-9911-4839-95cf-848d2a3c4803,100149911218,Reverse,100027942489,100027942489,11504,1026.67,5.0,1250.0,0.0,1250.0,return_refund,0.0,0.0,0.0,0.0,0.0,0.0,0.0,0.0,NA,0,1249.0
NFT-/XUTR/DEUTH02611488925X,19.1,0.0,0.0,1599.0,401.0,18.927,1.91,0.0,0.0,prepaid,0.382,0.0,0.0,15.0,0.0,17.7,362.081,"",'132750512881244629601,2026-04-24,11083070615,f809f18d-0594-4f0d-8b3c-741cf858cd7f,"",Forward,100028341677,1000007900668,11504,381.9,5.0,1104.0,0.0,1104.0,packet_delivered,0.0,0.0,0.0,0.0,0.0,0.0,0.0,0.0,NA,0,495.0
NFT-/XUTR/DEUTH02611488925X,37.19,0.0,0.0,1750.0,781.0,202.748,3.719,0.0,0.0,prepaid,0.744,167.0,0.0,0.0,0.0,197.06,-770.849,"",'132728936804117664701,2026-04-24,11078557374,c7a96f74-a1c9-45aa-9f34-f5a00588c56e,11078557374,Reverse,100023828489,100023828489,11504,743.81,5.0,875.0,0.0,875.0,exchange,0.0,0.0,0.0,0.0,0.0,0.0,0.0,0.0,NA,0,875.0
NFT-/XUTR/DEUTH02611488925X,70.14,0.0,0.0,3499.0,14.81,3.67,0.071,0.0,0.0,prepaid,0.014,0.0,0.0,0.452,0.0,0.53336,10.522,"",'132732546522236833303,2026-04-24,11079035141,ffc015ef-4939-4bad-8ce5-8edce353569c,"",Forward,100024306254,1000006806121,11504,1402.86,5.0,1855.0,0.0,1855.0,packet_delivered,0.0,0.0,0.0,0.0,0.0,0.0,0.0,0.0,NA,0,1644.0
NFT-/XUTR/DEUTH02611488925X,45.38,0.0,0.0,2499.0,953.0000000000001,247.399,4.538,0.0,0.0,prepaid,0.908,91.0,0.0,0.0,0.0,107.38,-807.535,"",'132754148531995091003,2026-04-24,11084133618,f450cfd1-ef7b-429d-a993-29dbbd0d19d0,100149998148,Reverse,100029404676,100029404676,11504,907.62,5.0,1375.0,0.0,1375.0,return_refund,0.0,0.0,0.0,0.0,0.0,0.0,0.0,0.0,NA,0,1124.0
NFT-/XUTR/DEUTH02611488925X,34.81,0.0,0.0,1650.0,731.0,189.768,3.481,0.0,0.0,prepaid,0.696,0.0,0.0,27.0,0.0,31.86,505.195,"",'132718523292103428901,2026-04-24,11075841526,83b3c6f2-08f7-4462-a4d9-ffca125cb86d,"",Forward,100021112658,1000005728115,11504,696.19,5.0,825.0,0.0,825.0,packet_delivered,0.0,0.0,0.0,0.0,0.0,0.0,0.0,0.0,NA,0,825.0
NFT-/XUTR/DEUTH02611488925X,0.0,27.57,27.57,1899.0,1158.0,273.288,0.0,2.757,2.757,prepaid,1.103,0.0,0.0,45.0,0.0,53.1,824.995,"",'132755011517109525801,2026-04-24,11084448920,d2e4537e-7868-404b-a9d0-7c24f49f3198,"",Forward,100029719977,100029719977,11504,1102.86,5.0,570.0,0.0,570.0,packet_delivered,0.0,0.0,0.0,0.0,0.0,0.0,0.0,0.0,NA,0,1328.9999999999998
NFT-/XUTR/DEUTH02611488925X,23.67,0.0,0.0,1599.0,497.0,23.458,2.367,0.0,0.0,prepaid,0.473,0.0,0.0,27.0,0.0,31.86,438.842,"",'132711221281335877501,2026-04-24,11074242636,df897bc4-afbe-4ab0-a951-a60d2e5670b8,"",Forward,100019513774,1000005164917,11504,473.33,5.0,1008.0,0.0,1008.0,packet_delivered,0.0,0.0,0.0,0.0,0.0,0.0,0.0,0.0,NA,0,591.0
NFT-/XUTR/DEUTH02611488925X,23.67,0.0,0.0,1599.0,496.99999999999994,23.458,2.367,0.0,0.0,prepaid,0.473,167.0,0.0,0.0,0.0,197.06,-667.762,"",'132711221281335877501,2026-04-24,11074242636,df897bc4-afbe-4ab0-a951-a60d2e5670b8,100149992241,Reverse,100019513774,1000005164917,11504,473.33,5.0,1008.0,0.0,1008.0,return_refund,0.0,0.0,0.0,0.0,0.0,0.0,0.0,0.0,NA,0,591.0
NFT-/XUTR/DEUTH02611488925X,39.81,0.0,0.0,2799.0,836.0,217.026,3.981,0.0,0.0,prepaid,0.796,0.0,0.0,27.0,0.0,31.86,582.337,"",'132757651295937042201,2026-04-24,11084740065,415bdd6b-4425-4c93-ba03-40e6cdae5529,"",Forward,100030011122,1000008512667,11504,796.19,5.0,1792.0,0.0,1792.0,packet_delivered,0.0,0.0,0.0,0.0,0.0,0.0,0.0,0.0,NA,0,1006.99
NFT-/XUTR/DEUTH02611488925X,75.19,0.0,0.0,1750.0,1579.0,372.644,7.519,0.0,0.0,prepaid,1.504,0.0,0.0,45.0,0.0,53.1,1144.233,"",'132727550479304354201,2026-04-24,11078056279,768cc22b-80cc-4dc0-b723-f4c323142652,"",Forward,100023327394,1000006351797,11504,1503.81,5.0,0.0,0.0,0.0,packet_delivered,0.0,0.0,0.0,0.0,0.0,0.0,0.0,0.0,NA,0,1750.0
NFT-/XUTR/DEUTH02611488925X,30.71,0.0,0.0,1999.0,645.0,45.666,3.071,0.0,0.0,prepaid,0.614,0.0,0.0,27.0,0.0,31.86,563.789,"",'132717624659580207201,2026-04-24,11075584638,d0630cda-322e-4695-b01c-51fdd1356693,"",Forward,100020855772,1000006160408,11504,614.29,5.0,1260.0,0.0,1260.0,packet_delivered,0.0,0.0,0.0,0.0,0.0,0.0,0.0,0.0,NA,0,739.0
NFT-/XUTR/DEUTH02611488925X,34.81,0.0,0.0,1650.0,731.0,189.768,3.481,0.0,0.0,prepaid,0.696,167.0,0.0,0.0,0.0,197.06,-734.115,"",'132727344697961639201,2026-04-24,11077989962,1c8a4de9-4236-4951-ad87-2d513b7d834e,100150050152,Reverse,100023261077,1000006790295,11504,696.19,5.0,825.0,0.0,825.0,return_refund,0.0,0.0,0.0,0.0,0.0,0.0,0.0,0.0,NA,0,825.0
NFT-/XUTR/DEUTH02611488925X,60.86,0.0,0.0,2899.0,34.49,8.547,0.164,0.0,0.0,prepaid,0.033,0.0,0.0,1.214,0.0,1.43252,24.313,"",'132752789207106460903,2026-04-24,11083738113,7e2490fe-d0b2-4f8d-9233-54f9d506667d,"",Forward,100029009173,100029009173,11504,1217.14,5.0,1450.0,0.0,1450.0,packet_delivered,0.0,0.0,0.0,0.0,0.0,0.0,0.0,0.0,NA,0,1449.01
NFT-/XUTR/DEUTH02611488925X,64.67,0.0,0.0,1799.0,1358.0,320.488,6.467,0.0,0.0,prepaid,1.293,167.0,0.0,0.0,0.0,197.06,-1226.812,"",'132698561225424297201,2026-04-24,11071000610,cb6b2823-bc55-44f8-9812-3e0891f9b4fe,100150870127,Reverse,100016271774,100016271774,11504,1293.33,5.0,270.0,0.0,270.0,return_refund,0.0,0.0,0.0,0.0,0.0,0.0,0.0,0.0,NA,0,1529.0
NFT-/XUTR/DEUTH02611488925X,28.1,0.0,0.0,1850.0,590.0,153.164,2.81,0.0,0.0,prepaid,0.562,167.0,0.0,0.0,0.0,197.06,-630.524,"",'132727344697961639201,2026-04-24,11077989955,1c8a4de9-4236-4951-ad87-2d513b7d834e,100150050097,Reverse,100023261070,1000006790295,11504,561.9,5.0,1166.0,0.0,1166.0,return_refund,0.0,0.0,0.0,0.0,0.0,0.0,0.0,0.0,NA,0,684.0
NFT-/XUTR/DEUTH02611488925X,58.95,0.0,0.0,2999.0,1238.0,306.776,5.895,0.0,0.0,prepaid,1.179,167.0,0.0,0.0,0.0,197.06,-1121.21,"",'132733570538769833801,2026-04-24,11079298362,a1d5f6ac-b658-466c-a91e-c6eb5651d6af,100150094864,Reverse,100024569460,100024569460,11504,1179.05,5.0,1590.0,0.0,1590.0,return_refund,0.0,0.0,0.0,0.0,0.0,0.0,0.0,0.0,NA,0,1409.0
NFT-/XUTR/DEUTH02611488925X,76.86,0.0,0.0,1999.0,1614.0,380.904,7.686,0.0,0.0,prepaid,1.537,0.0,0.0,45.0,0.0,53.1,1170.773,"",'132729093455925563403,2026-04-24,11078619582,8d69fe08-1405-4bb4-acfb-bb965f2dc5b3,"",Forward,100023890697,100023890697,11504,1537.14,5.0,214.0,0.0,214.0,packet_delivered,0.0,0.0,0.0,0.0,0.0,0.0,0.0,0.0,NA,0,1785.0
NFT-/XUTR/DEUTH02611488925X,38.33,0.0,0.0,1799.0,805.0,208.978,3.833,0.0,0.0,prepaid,0.767,0.0,0.0,27.0,0.0,31.86,559.562,"",'132742328210555195901,2026-04-24,11081247731,537fc3c3-5ed8-4187-868f-1da522c6ba86,"",Forward,100026518823,100026518823,11504,766.67,5.0,900.0,0.0,900.0,packet_delivered,0.0,0.0,0.0,0.0,0.0,0.0,0.0,0.0,NA,0,899.0
NFT-/XUTR/DEUTH02611488925X,34.81,0.0,0.0,1650.0,731.0,189.768,3.481,0.0,0.0,prepaid,0.696,0.0,0.0,27.0,0.0,31.86,505.195,"",'132727344697961639201,2026-04-24,11077989962,1c8a4de9-4236-4951-ad87-2d513b7d834e,"",Forward,100023261077,1000006790295,11504,696.19,5.0,825.0,0.0,825.0,packet_delivered,0.0,0.0,0.0,0.0,0.0,0.0,0.0,0.0,NA,0,825.0
NFT-/XUTR/DEUTH02611488925X,55.14,0.0,0.0,1899.0,1158.0,273.288,5.514,0.0,0.0,prepaid,1.103,0.0,0.0,45.0,0.0,53.1,824.995,"",'132718932579031014901,2026-04-24,11075954673,c9869a30-1642-4992-9a3a-3c76fb5279ba,"",Forward,100021225805,100021225805,11504,1102.86,5.0,570.0,0.0,570.0,packet_delivered,0.0,0.0,0.0,0.0,0.0,0.0,0.0,0.0,NA,0,1329.0
NFT-/XUTR/DEUTH02611488925X,0.0,10.36,10.36,1499.0,10.36,0.48900000000000005,0.0,0.0245,0.0245,prepaid,0.01,2.167,0.0,0.0,0.0,2.55706,-12.369,"",'132757351940027052201,2026-04-24,11084721153,4f81292e-2472-4a04-b62b-7e468cd34485,100150675854,Reverse,100029992210,100029992210,11504,414.28,5.0,1005.0,0.0,1005.0,return_refund,0.0,0.0,0.0,0.0,0.0,0.0,0.0,0.0,NA,0,494.0
NFT-/XUTR/DEUTH02611488925X,70.38,0.0,0.0,3299.0,1478.0,366.248,7.038,0.0,0.0,prepaid,1.408,91.0,0.0,0.0,0.0,107.38,-1210.686,"",'132757651295937042201,2026-04-24,11084740066,415bdd6b-4425-4c93-ba03-40e6cdae5529,100150138626,Reverse,100030011123,1000008512667,11504,1407.62,5.0,1650.0,0.0,1650.0,return_refund,0.0,0.0,0.0,0.0,0.0,0.0,0.0,0.0,NA,0,1649.0
NFT-/XUTR/DEUTH02611488925X,63.24,0.0,0.0,2999.0,1328.0,329.078,6.324,0.0,0.0,prepaid,1.265,167.0,0.0,0.0,0.0,197.06,-1188.393,"",'132728201092486344201,2026-04-24,11078271706,6674fd05-7b42-4d72-8bc6-79aaba99c5ee,100152834530,Reverse,100023542821,100023542821,11504,1264.76,5.0,1500.0,0.0,1500.0,return_refund,0.0,0.0,0.0,0.0,0.0,0.0,0.0,0.0,NA,0,1499.0
NFT-/XUTR/DEUTH02611488925X,23.67,0.0,0.0,1599.0,497.0,23.458,2.367,0.0,0.0,prepaid,0.473,0.0,0.0,27.0,0.0,31.86,438.842,"",'132718523292103428901,2026-04-24,11075841527,83b3c6f2-08f7-4462-a4d9-ffca125cb86d,"",Forward,100021112659,1000005728115,11504,473.33,5.0,1008.0,0.0,1008.0,packet_delivered,0.0,0.0,0.0,0.0,0.0,0.0,0.0,0.0,NA,0,591.0
NFT-/XUTR/DEUTH02611488925X,37.19,0.0,0.0,1750.0,781.0,202.748,3.719,0.0,0.0,prepaid,0.744,0.0,0.0,27.0,0.0,31.86,541.929,"",'132725820177646826201,2026-04-24,11077484458,4ac252cf-29b6-454f-b3a2-02a6876029c5,"",Forward,100022755587,1000006193835,11504,743.81,5.0,875.0,0.0,875.0,packet_delivered,0.0,0.0,0.0,0.0,0.0,0.0,0.0,0.0,NA,0,875.0
NFT-/XUTR/DEUTH02611488925X,48.48,0.0,0.0,1699.0,1018.0,240.248,4.848,0.0,0.0,prepaid,0.97,167.0,0.0,0.0,0.0,197.06,-968.994,"",'132727344697961639201,2026-04-24,11077989957,1c8a4de9-4236-4951-ad87-2d513b7d834e,100150050354,Reverse,100023261072,1000006790295,11504,969.52,5.0,510.0,0.0,510.0,return_refund,0.0,0.0,0.0,0.0,0.0,0.0,0.0,0.0,NA,0,1189.0
NFT-/XUTR/DEUTH02611488925X,37.19,0.0,0.0,1750.0,781.0,202.748,3.719,0.0,0.0,prepaid,0.744,112.0,0.0,0.0,0.0,132.16,-705.949,"",'132751164071159101803,2026-04-24,11083269806,bccaa009-ddd0-4fad-8189-406a7ec757a2,100150256154,Reverse,100028540869,100028540869,11504,743.81,5.0,875.0,0.0,875.0,return_refund,0.0,0.0,0.0,0.0,0.0,0.0,0.0,0.0,NA,0,875.0
NFT-/XUTR/DEUTH02611488925X,0.0,35.19,35.19,3299.0,1478.0,366.248,0.0,3.519,3.519,prepaid,1.408,91.0,0.0,0.0,0.0,107.38,-1210.686,"",'132753508865260822103,2026-04-24,11083937672,de9c21ac-fb20-4a18-b999-6d31b9b016dd,100150377103,Reverse,100029208730,100029208730,11504,1407.62,5.0,1650.0,0.0,1650.0,return_refund,0.0,0.0,0.0,0.0,0.0,0.0,0.0,0.0,NA,0,1649.01
NFT-/XUTR/DEUTH02611488925X,19.1,0.0,0.0,1599.0,401.0,18.927,1.91,0.0,0.0,prepaid,0.382,91.0,0.0,0.0,0.0,107.38,-487.161,"",'132754359231009839001,2026-04-24,11084205546,a4bad674-f863-425d-90e2-ed0f0ec41e1b,11084205546,Reverse,100029476604,100029476604,11504,381.9,5.0,1104.0,0.0,1104.0,exchange,0.0,0.0,0.0,0.0,0.0,0.0,0.0,0.0,NA,0,495.0
NFT-/XUTR/DEUTH02611488925X,29.76,0.0,0.0,1599.0,625.0,162.25,2.976,0.0,0.0,prepaid,0.595,0.0,0.0,27.0,0.0,31.86,427.319,"",'132726650920002697201,2026-04-24,11077770620,729e8b1a-29aa-4413-b7ed-0f9bcb451e23,"",Forward,100023041738,1000006293446,11504,595.24,5.0,880.0,0.0,880.0,packet_delivered,0.0,0.0,0.0,0.0,0.0,0.0,0.0,0.0,NA,0,719.0
NFT-/XUTR/DEUTH02611488925X,34.81,0.0,0.0,1650.0,731.0,189.768,3.481,0.0,0.0,prepaid,0.696,0.0,0.0,27.0,0.0,31.86,505.195,"",'132708013987256336701,2026-04-24,11073259298,e689e00b-36bf-44fb-a8ab-bd71a3b141f9,"",Forward,100018530443,100018530443,11504,696.19,5.0,825.0,0.0,825.0,packet_delivered,0.0,0.0,0.0,0.0,0.0,0.0,0.0,0.0,NA,0,825.0
NFT-/XUTR/DEUTH02611488925X,28.1,0.0,0.0,1850.0,590.0,153.164,2.81,0.0,0.0,prepaid,0.562,0.0,0.0,27.0,0.0,31.86,401.604,"",'132719220797400212701,2026-04-24,11076036995,0f999118-d70d-4b38-b1f0-cad554b7349a,"",Forward,100021308127,100021308127,11504,561.9,5.0,1166.0,0.0,1166.0,packet_delivered,0.0,0.0,0.0,0.0,0.0,0.0,0.0,0.0,NA,0,683.99
NFT-/XUTR/DEUTH02611488925X,118.81,0.0,0.0,5799.0,2495.0,618.261,11.881,0.0,0.0,prepaid,2.376,259.0,0.0,0.0,0.0,305.62,-2168.102,"",'132728837057263296001,2026-04-24,11078516053,3e70c2ea-c239-4db1-a2b8-0654016ce843,100150331864,Reverse,100023787168,100023787168,11504,2376.19,5.0,3074.0,0.0,3074.0,return_refund,0.0,0.0,0.0,0.0,0.0,0.0,0.0,0.0,NA,0,2725.0
NFT-/XUTR/DEUTH02611488925X,100.14,0.0,0.0,3299.0,143.381,33.838,0.683,0.0,0.0,prepaid,0.137,0.0,0.0,4.159,0.0,4.90762,103.815,"",'132727672598423374603,2026-04-24,11078095966,5d5c2eaf-ee51-4bdb-8aed-cbdf30d5a8c3,"",Forward,100023367081,100023367081,11504,2002.86,5.0,990.0,0.0,990.0,packet_delivered,0.0,0.0,0.0,0.0,0.0,0.0,0.0,0.0,NA,0,2309.01
NFT-/XUTR/DEUTH02611488925X,43.1,0.0,0.0,2499.0,905.0,234.938,4.31,0.0,0.0,prepaid,0.862,0.0,0.0,27.0,0.0,31.86,633.03,"",'132743725876681098101,2026-04-24,11081651848,872d12d7-b3d9-47d3-9814-fb5190c96dcd,"",Forward,100026922927,1000007957113,11504,861.9,5.0,1500.0,0.0,1500.0,packet_delivered,0.0,0.0,0.0,0.0,0.0,0.0,0.0,0.0,NA,0,999.0
NFT-/XUTR/DEUTH02611488925X,24.57,0.0,0.0,1650.0,516.0,133.954,2.457,0.0,0.0,prepaid,0.491,167.0,0.0,0.0,0.0,197.06,-576.158,"",'132728685506515584903,2026-04-24,11078452954,3e0c4fcd-bd7e-47f6-a6b4-1d6d9ffd6f08,100150154145,Reverse,100023724069,100023724069,11504,491.43,5.0,1040.0,0.0,1040.0,return_refund,0.0,0.0,0.0,0.0,0.0,0.0,0.0,0.0,NA,0,610.0
NFT-/XUTR/DEUTH02611488925X,45.14,0.0,0.0,1599.0,948.0,246.101,4.514,0.0,0.0,prepaid,0.903,167.0,0.0,0.0,0.0,197.06,-893.542,"",'132727004546310333901,2026-04-24,11077883174,0f733e71-bdca-4360-9ae9-a14a16cf50cb,100150018748,Reverse,100023154291,100023154291,11504,902.86,5.0,480.0,0.0,480.0,return_refund,0.0,0.0,0.0,0.0,0.0,0.0,0.0,0.0,NA,0,1119.0
NFT-/XUTR/DEUTH02611488925X,43.1,0.0,0.0,2499.0,905.0,234.938,4.31,0.0,0.0,prepaid,0.862,0.0,0.0,27.0,0.0,31.86,633.03,"",'132749586367878293203,2026-04-24,11082846370,b8b6ffc8-3d7d-47f3-9391-c3ea057a7b91,"",Forward,100028117435,1000007973873,11504,861.9,5.0,1500.0,0.0,1500.0,packet_delivered,0.0,0.0,0.0,0.0,0.0,0.0,0.0,0.0,NA,0,999.0
NFT-/XUTR/DEUTH02611488925X,75.19,0.0,0.0,1750.0,1579.0,372.644,7.519,0.0,0.0,prepaid,1.504,167.0,0.0,0.0,0.0,197.06,-1394.393,"",'132727550479304354201,2026-04-24,11078056277,768cc22b-80cc-4dc0-b723-f4c323142652,100149919936,Reverse,100023327392,1000006351797,11504,1503.81,5.0,0.0,0.0,0.0,return_refund,0.0,0.0,0.0,0.0,0.0,0.0,0.0,0.0,NA,0,1750.0
NFT-/XUTR/DEUTH02611488925X,55.14,0.0,0.0,1899.0,1158.0,273.288,5.514,0.0,0.0,prepaid,1.103,167.0,0.0,0.0,0.0,197.06,-1075.155,"",'132727550479304354201,2026-04-24,11078056269,768cc22b-80cc-4dc0-b723-f4c323142652,100149920299,Reverse,100023327384,1000006351797,11504,1102.86,5.0,570.0,0.0,570.0,return_refund,0.0,0.0,0.0,0.0,0.0,0.0,0.0,0.0,NA,0,1329.0
NFT-/XUTR/DEUTH02611488925X,23.67,0.0,0.0,1599.0,497.0,23.458,2.367,0.0,0.0,prepaid,0.473,91.0,0.0,0.0,0.0,107.38,-578.082,"",'132754462634911498101,2026-04-24,11084242129,5782a0cd-f0e6-45b1-b07e-48e6c3933eba,100151051164,Reverse,100029513186,100029513186,11504,473.33,5.0,1008.0,0.0,1008.0,return_refund,0.0,0.0,0.0,0.0,0.0,0.0,0.0,0.0,NA,0,591.0
NFT-/XUTR/DEUTH02611488925X,24.57,0.0,0.0,1650.0,516.0,133.954,2.457,0.0,0.0,prepaid,0.491,0.0,0.0,27.0,0.0,31.86,347.238,"",'132728685506515584903,2026-04-24,11078452954,3e0c4fcd-bd7e-47f6-a6b4-1d6d9ffd6f08,"",Forward,100023724069,100023724069,11504,491.43,5.0,1040.0,0.0,1040.0,packet_delivered,0.0,0.0,0.0,0.0,0.0,0.0,0.0,0.0,NA,0,610.0
NFT-/XUTR/DEUTH02611488925X,0.0,18.0,18.0,2299.0,756.0,196.258,0.0,1.8,1.8,prepaid,0.72,91.0,0.0,0.0,0.0,107.38,-662.802,"",'132751406336076314003,2026-04-24,11083343540,e8da75f1-8a06-4096-b55f-20e085ba95f7,100150043343,Reverse,100028614601,100028614601,11504,720,5.0,1449.0,0.0,1449.0,return_refund,0.0,0.0,0.0,0.0,0.0,0.0,0.0,0.0,NA,0,850.0
NFT-/XUTR/DEUTH02611488925X,70.38,0.0,0.0,3299.0,1478.0,366.248,7.038,0.0,0.0,prepaid,1.408,0.0,0.0,45.0,0.0,53.1,1050.206,"",'132754377629901170101,2026-04-24,11084211814,f7ebfd8d-ac98-44b3-b737-fef42d965569,"",Forward,100029482872,100029482872,11504,1407.62,5.0,1650.0,0.0,1650.0,packet_delivered,0.0,0.0,0.0,0.0,0.0,0.0,0.0,0.0,NA,0,1649.0
NFT-/XUTR/DEUTH02611488925X,31.29,0.0,0.0,1599.0,657.0,170.557,3.129,0.0,0.0,prepaid,0.626,167.0,0.0,0.0,0.0,197.06,-679.748,"",'132727344697961639201,2026-04-24,11077989964,1c8a4de9-4236-4951-ad87-2d513b7d834e,100150050053,Reverse,100023261079,1000006790295,11504,625.71,5.0,848.0,0.0,848.0,return_refund,0.0,0.0,0.0,0.0,0.0,0.0,0.0,0.0,NA,0,751.0
NFT-/XUTR/DEUTH02611488925X,63.24,0.0,0.0,2999.0,1328.0,329.078,6.324,0.0,0.0,prepaid,1.265,0.0,0.0,45.0,0.0,53.1,938.233,"",'132725300075637299903,2026-04-24,11077302300,370812f0-a624-4d9c-8ccd-b956a30c5673,"",Forward,100022573429,100022573429,11504,1264.76,5.0,1500.0,0.0,1500.0,packet_delivered,0.0,0.0,0.0,0.0,0.0,0.0,0.0,0.0,NA,0,1499.0
NFT-/XUTR/DEUTH02611488925X,56.71,0.0,0.0,2899.0,1191.0,295.13,5.671,0.0,0.0,prepaid,1.134,167.0,0.0,0.0,0.0,197.06,-1086.125,"",'132726906328197655201,2026-04-24,11077851647,8b0ec7c5-7ec3-400c-bb11-e3a5fc368de9,100149774272,Reverse,100023122765,100023122765,11504,1134.29,5.0,1537.0,0.0,1537.0,return_refund,0.0,0.0,0.0,0.0,0.0,0.0,0.0,0.0,NA,0,1362.0
NFT-/XUTR/DEUTH02611488925X,87.05,0.0,0.0,3999.0,1828.0,452.978,8.705,0.0,0.0,prepaid,1.741,0.0,0.0,45.0,0.0,53.1,1311.476,"",'132757601674747442803,2026-04-24,11084736114,675d0339-518f-4227-abc8-7ed682ab5ed9,"",Forward,100030007171,1000008539288,11504,1740.95,5.0,2000.0,0.0,2000.0,packet_delivered,0.0,0.0,0.0,0.0,0.0,0.0,0.0,0.0,NA,0,1999.0
NFT-/XUTR/DEUTH02611488925X,0.0,10.38,10.38,1599.0,436.0,20.579,0.0,1.038,1.038,prepaid,0.415,0.0,0.0,19.0,0.0,22.42,390.51,"",'132744823743823295303,2026-04-24,11081960926,6fefd9dd-87ec-43b8-b6de-1c0ff2996fb5,"",Forward,100027231993,100027231993,11504,415.24,5.0,1104.0,0.0,1104.0,packet_delivered,0.0,0.0,0.0,0.0,0.0,0.0,0.0,0.0,NA,0,495.0
NFT-/XUTR/DEUTH02611488925X,63.24,0.0,0.0,2999.0,1328.0,329.078,6.324,0.0,0.0,prepaid,1.265,167.0,0.0,0.0,0.0,197.06,-1188.393,"",'132694300939737136203,2026-04-24,11070329722,a555267c-a87f-44e6-aca2-47c8cbbae961,100151716451,Reverse,100015600894,100015600894,11504,1264.76,5.0,1500.0,0.0,1500.0,return_refund,0.0,0.0,0.0,0.0,0.0,0.0,0.0,0.0,NA,0,1499.0
NFT-/XUTR/DEUTH02611488925X,104.43,0.0,0.0,2399.0,2193.0,491.671,10.443,0.0,0.0,prepaid,2.089,0.0,0.0,61.0,0.0,71.98,1616.817,"",'132726841103104362001,2026-04-24,11077830990,4644f02a-e833-4382-adf1-d13aae779ff9,"",Forward,100023102108,100023102108,11504,2088.57,5.0,0.0,0.0,0.0,packet_delivered,0.0,0.0,0.0,0.0,0.0,0.0,0.0,0.0,NA,0,2398.99
NFT-/XUTR/DEUTH02611488925X,34.67,0.0,0.0,1750.0,728.0,188.989,3.467,0.0,0.0,prepaid,0.693,0.0,0.0,27.0,0.0,31.86,502.991,"",'132726924689624231803,2026-04-24,11077857643,1d112326-8769-4ddf-b3c5-487b55928f3a,"",Forward,100023128761,100023128761,11504,693.33,5.0,928.0,0.0,928.0,packet_delivered,0.0,0.0,0.0,0.0,0.0,0.0,0.0,0.0,NA,0,822.0
NFT-/XUTR/DEUTH02611488925X,42.91,0.0,0.0,2899.0,901.0,233.9,4.29,0.0,0.0,prepaid,0.858,0.0,0.0,27.0,0.0,31.86,630.092,"",'132758319159795377201,2026-04-24,11084840216,e25317ae-6ee4-454e-ad3b-452c566309fb,"",Forward,100030111273,1000008515001,11504,858.1,5.0,1827.0,0.0,1827.0,packet_delivered,0.0,0.0,0.0,0.0,0.0,0.0,0.0,0.0,NA,0,1072.01
NFT-/XUTR/DEUTH02611488925X,63.24,0.0,0.0,2999.0,1328.0,329.078,6.324,0.0,0.0,prepaid,1.265,0.0,0.0,45.0,0.0,53.1,938.233,"",'132726004733668697001,2026-04-24,11077547556,7b848ab3-f3eb-4301-b4ec-cd602315ff64,"",Forward,100022818685,100022818685,11504,1264.76,5.0,1500.0,0.0,1500.0,packet_delivered,0.0,0.0,0.0,0.0,0.0,0.0,0.0,0.0,NA,0,1499.0
NFT-/XUTR/DEUTH02611488925X,18.95,0.0,0.0,1699.0,398.0,18.786,1.895,0.0,0.0,prepaid,0.379,0.0,0.0,0.0,0.0,0.0,376.94,"",'132716757039595549303,2026-04-24,11075317058,f4c8257a-2185-4aa4-8ab6-0c314d116961,"",Forward,100020588193,100020588193,11504,379.05,5.0,1207.0,0.0,1207.0,packet_delivered,0.0,0.0,0.0,0.0,0.0,0.0,0.0,0.0,NA,0,492.0
NFT-/XUTR/DEUTH02611488925X,55.14,0.0,0.0,1899.0,1158.0,273.288,5.514,0.0,0.0,prepaid,1.103,0.0,0.0,45.0,0.0,53.1,824.995,"",'132751829594466840001,2026-04-24,11083467842,74dfb349-a50a-4bee-b79b-4b67fe193186,"",Forward,100028738902,100028738902,11504,1102.86,5.0,570.0,0.0,570.0,packet_delivered,0.0,0.0,0.0,0.0,0.0,0.0,0.0,0.0,NA,0,1329.0
NFT-/XUTR/DEUTH02611488925X,42.62,0.0,0.0,2999.0,895.0,232.342,4.262,0.0,0.0,prepaid,0.852,91.0,0.0,0.0,0.0,107.38,-764.924,"",'132749586367878293203,2026-04-24,11082846369,b8b6ffc8-3d7d-47f3-9391-c3ea057a7b91,100151220065,Reverse,100028117434,1000007973873,11504,852.38,5.0,2010.0,0.0,2010.0,return_refund,0.0,0.0,0.0,0.0,0.0,0.0,0.0,0.0,NA,0,989.0
NFT-/XUTR/DEUTH02611488925X,38.33,0.0,0.0,1799.0,805.0,208.978,3.833,0.0,0.0,prepaid,0.767,0.0,0.0,27.0,0.0,31.86,559.562,"",'132737948623679440803,2026-04-24,11080599237,bcb59738-0cdc-4895-afaf-bb706d06c2db,"",Forward,100025870329,1000007097477,11504,766.67,5.0,900.0,0.0,900.0,packet_delivered,0.0,0.0,0.0,0.0,0.0,0.0,0.0,0.0,NA,0,899.0
NFT-/XUTR/DEUTH02611488925X,58.95,0.0,0.0,2999.0,1238.0,306.776,5.895,0.0,0.0,prepaid,1.179,0.0,0.0,45.0,0.0,53.1,871.05,"",'132755764694379382201,2026-04-24,11084641512,1722b73d-138a-4b16-9f85-cabe9db9840e,"",Forward,100029912570,1000008515571,11504,1179.05,5.0,1590.0,0.0,1590.0,packet_delivered,0.0,0.0,0.0,0.0,0.0,0.0,0.0,0.0,NA,0,1409.0
NFT-/XUTR/DEUTH02611488925X,63.24,0.0,0.0,2999.0,1328.0,329.078,6.324,0.0,0.0,prepaid,1.265,0.0,0.0,45.0,0.0,53.1,938.233,"",'132759100137163430901,2026-04-24,11085039231,cb273747-770f-47f2-9a6c-8ee185a76327,"",Forward,100030310287,100030310287,11504,1264.76,5.0,1500.0,0.0,1500.0,packet_delivered,0.0,0.0,0.0,0.0,0.0,0.0,0.0,0.0,NA,0,1499.0
NFT-/XUTR/DEUTH02611488925X,40.29,0.0,0.0,2750.0,846.0,219.622,4.029,0.0,0.0,prepaid,0.806,0.0,0.0,27.0,0.0,31.86,589.683,"",'132732864350225408503,2026-04-24,11079104839,a02f7c09-fffe-4f36-88bf-5f2c61230a8b,"",Forward,100024375938,100024375938,11504,805.71,5.0,1733.0,0.0,1733.0,packet_delivered,0.0,0.0,0.0,0.0,0.0,0.0,0.0,0.0,NA,0,1017.0
NFT-/XUTR/DEUTH02611488925X,42.62,0.0,0.0,2999.0,895.0,232.342,4.262,0.0,0.0,prepaid,0.852,167.0,0.0,0.0,0.0,197.06,-854.604,"",'132728023359355459003,2026-04-24,11078212958,92fc28e7-b822-40dc-ad72-35135252b158,100149956035,Reverse,100023484073,100023484073,11504,852.38,5.0,2010.0,0.0,2010.0,return_refund,0.0,0.0,0.0,0.0,0.0,0.0,0.0,0.0,NA,0,989.0
NFT-/XUTR/DEUTH02611488925X,28.0,0.0,0.0,2299.0,588.0,27.754,2.8,0.0,0.0,prepaid,0.56,0.0,0.0,7.0,0.0,8.26,548.626,"",'132725196087101354401,2026-04-24,11077262594,6ab515d1-3e63-4bcd-9ed0-20dae20c3e22,"",Forward,100022533723,100022533723,11504,560,5.0,1617.0,0.0,1617.0,packet_delivered,0.0,0.0,0.0,0.0,0.0,0.0,0.0,0.0,NA,0,682.0
NFT-/XUTR/DEUTH02611488925X,37.19,0.0,0.0,1750.0,781.0,147.453,3.719,0.0,0.0,prepaid,0.744,0.0,0.0,27.0,0.0,31.86,597.224,"",'132737800207688515003,2026-04-24,11080548069,c5fb7f25-6ebc-46cd-a288-92e1920f9070,"",Forward,100025819161,100025819161,11504,743.81,5.0,875.0,0.0,875.0,packet_delivered,0.0,0.0,0.0,0.0,0.0,0.0,0.0,0.0,NA,0,875.0
NFT-/XUTR/DEUTH02611488925X,36.0,0.0,0.0,2299.0,756.0,35.683,3.6,0.0,0.0,prepaid,0.72,0.0,0.0,27.0,0.0,31.86,684.137,"",'132746319039441315101,2026-04-24,11082468123,b951c088-f5ff-47e1-bfc0-f832411b4458,"",Forward,100027739189,100027739189,11504,720,5.0,1449.0,0.0,1449.0,packet_delivered,0.0,0.0,0.0,0.0,0.0,0.0,0.0,0.0,NA,0,850.0
NFT-/XUTR/DEUTH02611488925X,87.05,0.0,0.0,3999.0,1828.0,452.978,8.705,0.0,0.0,prepaid,1.741,91.0,0.0,0.0,0.0,107.38,-1471.956,"",'132757601674747442803,2026-04-24,11084736114,675d0339-518f-4227-abc8-7ed682ab5ed9,100150436784,Reverse,100030007171,1000008539288,11504,1740.95,5.0,2000.0,0.0,2000.0,return_refund,0.0,0.0,0.0,0.0,0.0,0.0,0.0,0.0,NA,0,1999.0
NFT-/XUTR/DEUTH02611488925X,70.38,0.0,0.0,3299.0,1478.0,366.248,7.038,0.0,0.0,prepaid,1.408,0.0,0.0,45.0,0.0,53.1,1050.206,"",'132757651295937042201,2026-04-24,11084740066,415bdd6b-4425-4c93-ba03-40e6cdae5529,"",Forward,100030011123,1000008512667,11504,1407.62,5.0,1650.0,0.0,1650.0,packet_delivered,0.0,0.0,0.0,0.0,0.0,0.0,0.0,0.0,NA,0,1649.0
NFT-/XUTR/DEUTH02611488925X,63.24,0.0,0.0,2999.0,1328.0,329.078,6.324,0.0,0.0,prepaid,1.265,0.0,0.0,45.0,0.0,53.1,938.233,"",'132720225226418199001,2026-04-24,11076360938,a3ff72b8-3538-4397-965b-915f8ba70b6a,"",Forward,100021632069,100021632069,11504,1264.76,5.0,1500.0,0.0,1500.0,packet_delivered,0.0,0.0,0.0,0.0,0.0,0.0,0.0,0.0,NA,0,1499.0
NFT-/XUTR/DEUTH02611488925X,81.33,0.0,0.0,3999.0,1708.0,423.242,8.133,0.0,0.0,prepaid,1.627,0.0,0.0,45.0,0.0,53.1,1221.898,"",'132725344918818260903,2026-04-24,11077318819,96d96ac1-fa15-4a7c-925a-eb54ca188207,"",Forward,100022589948,100022589948,11504,1626.67,5.0,2120.0,0.0,2120.0,packet_delivered,0.0,0.0,0.0,0.0,0.0,0.0,0.0,0.0,NA,0,1879.0
NFT-/XUTR/DEUTH02611488925X,24.57,0.0,0.0,1650.0,516.0,133.954,2.457,0.0,0.0,prepaid,0.491,0.0,0.0,27.0,0.0,31.86,347.238,"",'132738763473484642801,2026-04-24,11080739865,11634744-3168-4dbb-9b51-0074eab327cc,"",Forward,100026010957,1000007160632,11504,491.43,5.0,1040.0,0.0,1040.0,packet_delivered,0.0,0.0,0.0,0.0,0.0,0.0,0.0,0.0,NA,0,610.0
NFT-/XUTR/DEUTH02611488925X,0.0,15.95,15.95,1699.0,670.0,173.932,0.0,1.595,1.595,prepaid,0.638,0.0,0.0,27.0,0.0,31.86,460.38,"",'132743032065867330201,2026-04-24,11081452360,c4ed12bc-736f-4395-b769-afb39483ee76,"",Forward,100026723453,100026723453,11504,638.1,5.0,935.0,0.0,935.0,packet_delivered,0.0,0.0,0.0,0.0,0.0,0.0,0.0,0.0,NA,0,764.0000000000001
NFT-/XUTR/DEUTH02611488925X,40.38,0.0,0.0,2299.0,848.0,220.141,4.038,0.0,0.0,prepaid,0.808,91.0,0.0,0.0,0.0,107.38,-730.393,"",'132754529501863309603,2026-04-24,11084267829,bc747942-71eb-4af7-a3eb-050d3174955e,100150007446,Reverse,100029538884,100029538884,11504,807.62,5.0,1357.0,0.0,1357.0,return_refund,0.0,0.0,0.0,0.0,0.0,0.0,0.0,0.0,NA,0,942.0
NFT-/XUTR/DEUTH02611488925X,81.33,0.0,0.0,3999.0,1708.0,423.242,8.133,0.0,0.0,prepaid,1.627,0.0,0.0,45.0,0.0,53.1,1221.898,"",'132732061777190052701,2026-04-24,11078953890,7ec388ee-4390-40a5-a578-099981083c45,"",Forward,100024225003,100024225003,11504,1626.67,5.0,2120.0,0.0,2120.0,packet_delivered,0.0,0.0,0.0,0.0,0.0,0.0,0.0,0.0,NA,0,1879.0
NFT-/XUTR/DEUTH02611488925X,0.0,32.83,32.83,3299.0,845.58,209.535,0.0,2.0135,2.0135,prepaid,0.805,0.0,0.0,27.593,0.0,32.55974,598.653,"",'132746786433761473001,2026-04-24,11082614368,d212ccd7-5ea8-4880-9f26-5d90d5a9dfa2,"",Forward,100027885434,100027885434,11504,1313.34,5.0,1749.0,0.0,1749.0,packet_delivered,0.0,0.0,0.0,0.0,0.0,0.0,0.0,0.0,NA,0,1549.9999999999998
NFT-/XUTR/DEUTH02611488925X,72.76,0.0,0.0,3399.0,1528.0,378.638,7.276,0.0,0.0,prepaid,1.455,167.0,0.0,0.0,0.0,197.06,-1337.691,"",'132733753685887029501,2026-04-24,11079350709,4ac4ef76-dbc5-4419-bdd3-d64f7fe01a6a,100150285050,Reverse,100024621807,1000006808224,11504,1455.24,5.0,1700.0,0.0,1700.0,return_refund,0.0,0.0,0.0,0.0,0.0,0.0,0.0,0.0,NA,0,1699.0
NFT-/XUTR/DEUTH02611488925X,82.29,0.0,0.0,1899.0,1728.0,407.808,8.229,0.0,0.0,prepaid,1.646,167.0,0.0,0.0,0.0,197.06,-1507.377,"",'132741999246844459703,2026-04-24,11081147509,0ead4df6-5856-414a-bcaf-1edd364477fb,100150466471,Reverse,100026418601,100026418601,11504,1645.71,5.0,0.0,0.0,0.0,return_refund,0.0,0.0,0.0,0.0,0.0,0.0,0.0,0.0,NA,0,1899.0
NFT-/XUTR/DEUTH02611488925X,103.48,0.0,0.0,3399.0,2173.0,512.828,10.348,0.0,0.0,prepaid,2.07,91.0,0.0,0.0,0.0,107.38,-1755.134,"",'132757601674747442803,2026-04-24,11084736116,675d0339-518f-4227-abc8-7ed682ab5ed9,100150436701,Reverse,100030007173,1000008539288,11504,2069.52,5.0,1020.0,0.0,1020.0,return_refund,0.0,0.0,0.0,0.0,0.0,0.0,0.0,0.0,NA,0,2379.0
NFT-/XUTR/DEUTH02611488925X,51.86,0.0,0.0,1799.0,1089.0,257.004,5.186,0.0,0.0,prepaid,1.037,91.0,0.0,0.0,0.0,107.38,-933.153,"",'132754513787886662901,2026-04-24,11084261733,9ec9a6c8-7fda-469a-974d-8346e90bf7fa,100149917630,Reverse,100029532790,100029532790,11504,1037.14,5.0,539.0,0.0,539.0,return_refund,0.0,0.0,0.0,0.0,0.0,0.0,0.0,0.0,NA,0,1260.0
NFT-/XUTR/DEUTH02611488925X,75.19,0.0,0.0,1750.0,1579.0,372.644,7.519,0.0,0.0,prepaid,1.504,0.0,0.0,45.0,0.0,53.1,1144.233,"",'132726422121527707501,2026-04-24,11077697185,e5144c76-00d4-4dac-84d5-3a419964690b,"",Forward,100022968303,100022968303,11504,1503.81,5.0,0.0,0.0,0.0,packet_delivered,0.0,0.0,0.0,0.0,0.0,0.0,0.0,0.0,NA,0,1750.0
NFT-/XUTR/DEUTH02611488925X,34.05,0.0,0.0,1799.0,715.0,185.614,3.405,0.0,0.0,prepaid,0.681,0.0,0.0,27.0,0.0,31.86,493.44,"",'132753894873479225203,2026-04-24,11084054052,a9a22ff0-562b-40ff-a8ae-21422e27413f,"",Forward,100029325110,100029325110,11504,680.95,5.0,990.0,0.0,990.0,packet_delivered,0.0,0.0,0.0,0.0,0.0,0.0,0.0,0.0,NA,0,809.0
NFT-/XUTR/DEUTH02611488925X,0.0,12.29,12.29,1650.0,1.66,0.431,0.0,0.004,0.004,prepaid,0.002,0.0,0.0,0.087,0.0,0.10266,1.116,"",'132754198416019740603,2026-04-24,11084150340,138a5ca7-5f08-4796-a211-82dbfef15658,"",Forward,100029421398,100029421398,11504,491.42,5.0,1040.0,0.0,1040.0,packet_delivered,0.0,0.0,0.0,0.0,0.0,0.0,0.0,0.0,NA,0,610.0
NFT-/XUTR/DEUTH02611488925X,75.19,0.0,0.0,1750.0,1579.0,372.644,7.519,0.0,0.0,prepaid,1.504,0.0,0.0,45.0,0.0,53.1,1144.233,"",'132727550479304354201,2026-04-24,11078056277,768cc22b-80cc-4dc0-b723-f4c323142652,"",Forward,100023327392,1000006351797,11504,1503.81,5.0,0.0,0.0,0.0,packet_delivered,0.0,0.0,0.0,0.0,0.0,0.0,0.0,0.0,NA,0,1750.0
NFT-/XUTR/DEUTH02611488925X,29.05,0.0,0.0,1499.0,610.0,158.356,2.905,0.0,0.0,prepaid,0.581,0.0,0.0,27.0,0.0,31.86,416.298,"",'132751414642453249501,2026-04-24,11083346065,accd271f-2b77-4117-857a-79eb82062881,"",Forward,100028617126,100028617126,11504,580.95,5.0,795.0,0.0,795.0,packet_delivered,0.0,0.0,0.0,0.0,0.0,0.0,0.0,0.0,NA,0,704.0
NFT-/XUTR/DEUTH02611488925X,90.14,0.0,0.0,2999.0,1893.0,469.085,9.014,0.0,0.0,prepaid,1.803,0.0,0.0,45.0,0.0,53.1,1359.998,"",'132718794434175215201,2026-04-24,11075915567,b4c081a7-4dab-471d-b387-3f39b3236e8e,"",Forward,100021186699,100021186699,11504,1802.86,5.0,900.0,0.0,900.0,packet_delivered,0.0,0.0,0.0,0.0,0.0,0.0,0.0,0.0,NA,0,2099.0
NFT-/XUTR/DEUTH02611488925X,42.62,0.0,0.0,2999.0,895.0,232.342,4.262,0.0,0.0,prepaid,0.852,0.0,0.0,27.0,0.0,31.86,625.684,"",'132749586367878293203,2026-04-24,11082846369,b8b6ffc8-3d7d-47f3-9391-c3ea057a7b91,"",Forward,100028117434,1000007973873,11504,852.38,5.0,2010.0,0.0,2010.0,packet_delivered,0.0,0.0,0.0,0.0,0.0,0.0,0.0,0.0,NA,0,989.0
NFT-/XUTR/DEUTH02611488925X,31.91,0.0,0.0,1699.0,670.0,173.932,3.19,0.0,0.0,prepaid,0.638,0.0,0.0,27.0,0.0,31.86,460.38,"",'132729540510073713203,2026-04-24,11078769988,d80bb6e2-a347-44c4-a088-a8c5440cf5f9,"",Forward,100024041102,100024041102,11504,638.1,5.0,935.0,0.0,935.0,packet_delivered,0.0,0.0,0.0,0.0,0.0,0.0,0.0,0.0,NA,0,764.01
NFT-/XUTR/DEUTH02611488925X,33.57,0.0,0.0,1599.0,705.0,183.018,3.357,0.0,0.0,prepaid,0.671,0.0,0.0,27.0,0.0,31.86,486.094,"",'132757619390644181803,2026-04-24,11084737496,0cae4707-5ef2-4e47-a1ed-f697727fa45d,"",Forward,100030008553,1000008543946,11504,671.43,5.0,800.0,0.0,800.0,packet_delivered,0.0,0.0,0.0,0.0,0.0,0.0,0.0,0.0,NA,0,799.0
NFT-/XUTR/DEUTH02611488925X,37.19,0.0,0.0,1750.0,781.0,202.748,3.719,0.0,0.0,prepaid,0.744,0.0,0.0,27.0,0.0,31.86,541.929,"",'132718523292103428901,2026-04-24,11075841524,83b3c6f2-08f7-4462-a4d9-ffca125cb86d,"",Forward,100021112656,1000005728115,11504,743.81,5.0,875.0,0.0,875.0,packet_delivered,0.0,0.0,0.0,0.0,0.0,0.0,0.0,0.0,NA,0,875.0
NFT-/XUTR/DEUTH02611488925X,43.24,0.0,0.0,2699.0,317.49,82.421,1.512,0.0,0.0,prepaid,0.302,39.162,0.0,0.0,0.0,46.21116,-279.466,"",'132738413853330271001,2026-04-24,11080705156,156239e4-ebee-4693-9c5a-30d32feacff0,100151372637,Reverse,100025976248,100025976248,11504,864.76,5.0,1620.0,0.0,1620.0,return_refund,0.0,0.0,0.0,0.0,0.0,0.0,0.0,0.0,NA,0,1079.0
NFT-/XUTR/DEUTH02611488925X,24.57,0.0,0.0,1650.0,516.0,133.954,2.457,0.0,0.0,prepaid,0.491,167.0,0.0,0.0,0.0,197.06,-576.158,"",'132738763473484642801,2026-04-24,11080739864,11634744-3168-4dbb-9b51-0074eab327cc,100150378199,Reverse,100026010956,1000007160632,11504,491.43,5.0,1040.0,0.0,1040.0,return_refund,0.0,0.0,0.0,0.0,0.0,0.0,0.0,0.0,NA,0,610.0
NFT-/XUTR/DEUTH02611488925X,0.0,15.64,15.64,1599.0,657.0,170.557,0.0,1.5645,1.5645,prepaid,0.626,91.0,0.0,0.0,0.0,107.38,-590.068,"",'132754710965218283401,2026-04-24,11084339405,b18f1470-1b94-4f75-8057-d9c025dfc1a6,100149981767,Reverse,100029610462,100029610462,11504,625.72,5.0,848.0,0.0,848.0,return_refund,0.0,0.0,0.0,0.0,0.0,0.0,0.0,0.0,NA,0,751.0
NFT-/XUTR/DEUTH02611488925X,37.19,0.0,0.0,1750.0,781.0,202.748,3.719,0.0,0.0,prepaid,0.744,0.0,0.0,27.0,0.0,31.86,541.929,"",'132729487087180896103,2026-04-24,11078756780,ab566fbd-b51c-4ae9-8a53-692645fd3955,"",Forward,100024027894,100024027894,11504,743.81,5.0,875.0,0.0,875.0,packet_delivered,0.0,0.0,0.0,0.0,0.0,0.0,0.0,0.0,NA,0,875.0
NFT-/XUTR/DEUTH02611488925X,63.24,0.0,0.0,2999.0,1328.0,329.078,6.324,0.0,0.0,prepaid,1.265,112.0,0.0,0.0,0.0,132.16,-1123.493,"",'132737222772055758501,2026-04-24,11080338033,062cc1a7-ace1-472f-9c10-cd1efd939ef4,11080338033,Reverse,100025609125,100025609125,11504,1264.76,5.0,1500.0,0.0,1500.0,exchange,0.0,0.0,0.0,0.0,0.0,0.0,0.0,0.0,NA,0,1498.97
NFT-/XUTR/DEUTH02611488925X,55.14,0.0,0.0,1899.0,1158.0,273.288,5.514,0.0,0.0,prepaid,1.103,0.0,0.0,45.0,0.0,53.1,824.995,"",'132757091745279986803,2026-04-24,11084711989,12858dff-322d-4549-bed4-af33763ae6ba,"",Forward,100029983046,1000008414340,11504,1102.86,5.0,570.0,0.0,570.0,packet_delivered,0.0,0.0,0.0,0.0,0.0,0.0,0.0,0.0,NA,0,1329.0
NFT-/XUTR/DEUTH02611488925X,51.71,0.0,0.0,3399.0,1086.0,269.111,5.171,0.0,0.0,prepaid,1.034,0.0,0.0,45.0,0.0,53.1,757.584,"",'132732485699100595503,2026-04-24,11079023350,f182b9a7-3cf4-4fac-827a-063b505691f3,"",Forward,100024294463,100024294463,11504,1034.29,5.0,2142.0,0.0,2142.0,packet_delivered,0.0,0.0,0.0,0.0,0.0,0.0,0.0,0.0,NA,0,1257.0
NFT-/XUTR/DEUTH02611488925X,44.67,0.0,0.0,2999.0,938.0000000000001,243.505,4.467,0.0,0.0,prepaid,0.893,91.0,0.0,0.0,0.0,107.38,-796.515,"",'132758266876721841003,2026-04-24,11084829555,81bc98cf-58c8-4120-aa38-4b27841231b8,100149900824,Reverse,100030100612,100030100612,11504,893.33,5.0,1890.0,0.0,1890.0,return_refund,0.0,0.0,0.0,0.0,0.0,0.0,0.0,0.0,NA,0,1109.0
NFT-/XUTR/DEUTH02611488925X,53.48,0.0,0.0,3499.0,1123.0,278.279,5.348,0.0,0.0,prepaid,1.07,0.0,0.0,45.0,0.0,53.1,785.203,"",'132754702544224051701,2026-04-24,11084336008,134513d6-8564-4c1d-b867-eec8a35c3950,"",Forward,100029607065,100029607065,11504,1069.52,5.0,2205.0,0.0,2205.0,packet_delivered,0.0,0.0,0.0,0.0,0.0,0.0,0.0,0.0,NA,0,1294.01
NFT-/XUTR/DEUTH02611488925X,20.14,0.0,0.0,1399.0,423.0,19.966,2.014,0.0,0.0,prepaid,0.403,91.0,0.0,0.0,0.0,107.38,-507.997,"",'132754125847284920503,2026-04-24,11084126193,da111a66-b234-44e5-9842-42edce821da6,100149932712,Reverse,100029397251,100029397251,11504,402.86,5.0,882.0,0.0,882.0,return_refund,0.0,0.0,0.0,0.0,0.0,0.0,0.0,0.0,NA,0,517.0
NFT-/XUTR/DEUTH02611488925X,75.14,0.0,0.0,3499.0,1578.0,391.028,7.514,0.0,0.0,prepaid,1.503,0.0,0.0,45.0,0.0,53.1,1124.855,"",'132730698604437644403,2026-04-24,11078882083,b92b62d6-0028-4ed3-a6b4-7f894c9c4fc3,"",Forward,100024153197,1000006804491,11504,1502.86,5.0,1750.0,0.0,1750.0,packet_delivered,0.0,0.0,0.0,0.0,0.0,0.0,0.0,0.0,NA,0,1749.0
NFT-/XUTR/DEUTH02611488925X,19.1,0.0,0.0,1650.0,401.0,18.927,1.91,0.0,0.0,prepaid,0.382,0.0,0.0,15.0,0.0,17.7,362.081,"",'132728737612823578101,2026-04-24,11078474880,c20be022-8132-4b34-b025-e2e428a0e0bf,"",Forward,100023745995,1000006447324,11504,381.9,5.0,1155.0,0.0,1155.0,packet_delivered,0.0,0.0,0.0,0.0,0.0,0.0,0.0,0.0,NA,0,495.0
NFT-/XUTR/DEUTH02611488925X,23.67,0.0,0.0,1599.0,497.0,23.458,2.367,0.0,0.0,prepaid,0.473,0.0,0.0,27.0,0.0,31.86,438.842,"",'132754462634911498101,2026-04-24,11084242129,5782a0cd-f0e6-45b1-b07e-48e6c3933eba,"",Forward,100029513186,100029513186,11504,473.33,5.0,1008.0,0.0,1008.0,packet_delivered,0.0,0.0,0.0,0.0,0.0,0.0,0.0,0.0,NA,0,591.0
NFT-/XUTR/DEUTH02611488925X,42.62,0.0,0.0,3299.0,895.0,232.342,4.262,0.0,0.0,prepaid,0.852,0.0,0.0,27.0,0.0,31.86,625.684,"",'132730347891852514401,2026-04-24,11078868549,d355297b-a3b6-4d51-b233-ce48f5e1c79f,"",Forward,100024139663,100024139663,11504,852.38,5.0,2310.0,0.0,2310.0,packet_delivered,0.0,0.0,0.0,0.0,0.0,0.0,0.0,0.0,NA,0,989.0
NFT-/XUTR/DEUTH02611488925X,23.67,0.0,0.0,1599.0,497.0,23.458,2.367,0.0,0.0,prepaid,0.473,0.0,0.0,27.0,0.0,31.86,438.842,"",'132752895779740554103,2026-04-24,11083766540,d2370901-f3da-44fa-a1bf-e7bae53570e8,"",Forward,100029037600,1000008146799,11504,473.33,5.0,1008.0,0.0,1008.0,packet_delivered,0.0,0.0,0.0,0.0,0.0,0.0,0.0,0.0,NA,0,591.0
NFT-/XUTR/DEUTH02611488925X,72.76,0.0,0.0,3399.0,1528.0,378.638,7.276,0.0,0.0,prepaid,1.455,0.0,0.0,45.0,0.0,53.1,1087.531,"",'132733753685887029501,2026-04-24,11079350706,4ac4ef76-dbc5-4419-bdd3-d64f7fe01a6a,"",Forward,100024621804,1000006808224,11504,1455.24,5.0,1700.0,0.0,1700.0,packet_delivered,0.0,0.0,0.0,0.0,0.0,0.0,0.0,0.0,NA,0,1699.0
NFT-/XUTR/DEUTH02611488925X,90.14,0.0,0.0,2999.0,1893.0,469.085,9.014,0.0,0.0,prepaid,1.803,0.0,0.0,45.0,0.0,53.1,1359.998,"",'132755091511665741103,2026-04-24,11084476202,38aa593e-91f3-4658-883b-0853863497cb,"",Forward,100029747259,100029747259,11504,1802.86,5.0,900.0,0.0,900.0,packet_delivered,0.0,0.0,0.0,0.0,0.0,0.0,0.0,0.0,NA,0,2099.0
NFT-/XUTR/DEUTH02611488925X,104.43,0.0,0.0,2399.0,2193.0,491.671,10.443,0.0,0.0,prepaid,2.089,167.0,0.0,0.0,0.0,197.06,-1885.857,"",'132726841103104362001,2026-04-24,11077830990,4644f02a-e833-4382-adf1-d13aae779ff9,100151124170,Reverse,100023102108,100023102108,11504,2088.57,5.0,0.0,0.0,0.0,return_refund,0.0,0.0,0.0,0.0,0.0,0.0,0.0,0.0,NA,0,2398.99
NFT-/XUTR/DEUTH02611488925X,51.81,0.0,0.0,1799.0,1088.0,256.768,5.181,0.0,0.0,prepaid,1.036,0.0,0.0,45.0,0.0,53.1,771.915,"",'132750512881244629601,2026-04-24,11083070616,f809f18d-0594-4f0d-8b3c-741cf858cd7f,"",Forward,100028341678,1000007900668,11504,1036.19,5.0,540.0,0.0,540.0,packet_delivered,0.0,0.0,0.0,0.0,0.0,0.0,0.0,0.0,NA,0,1259.0
NFT-/XUTR/DEUTH02611488925X,53.48,0.0,0.0,3499.0,1123.0,278.279,5.348,0.0,0.0,prepaid,1.07,91.0,0.0,0.0,0.0,107.38,-945.683,"",'132754702544224051701,2026-04-24,11084336008,134513d6-8564-4c1d-b867-eec8a35c3950,100150006729,Reverse,100029607065,100029607065,11504,1069.52,5.0,2205.0,0.0,2205.0,return_refund,0.0,0.0,0.0,0.0,0.0,0.0,0.0,0.0,NA,0,1294.01
NFT-/XUTR/DEUTH02611488925X,37.19,0.0,0.0,1750.0,781.0,202.748,3.719,0.0,0.0,prepaid,0.744,0.0,0.0,27.0,0.0,31.86,541.929,"",'132730239415923981203,2026-04-24,11078862559,d9ef4123-bd65-47c3-9bdc-eb5afb762ad5,"",Forward,100024133673,1000006568573,11504,743.81,5.0,875.0,0.0,875.0,packet_delivered,0.0,0.0,0.0,0.0,0.0,0.0,0.0,0.0,NA,0,875.0
NFT-/XUTR/DEUTH02611488925X,33.52,0.0,0.0,1699.0,704.0,182.758,3.352,0.0,0.0,prepaid,0.67,0.0,0.0,27.0,0.0,31.86,485.36,"",'132737223639338947801,2026-04-24,11080338321,6bd791ef-e9ba-4378-8c78-38b358fc1c48,"",Forward,100025609413,1000007407393,11504,670.48,5.0,901.0,0.0,901.0,packet_delivered,0.0,0.0,0.0,0.0,0.0,0.0,0.0,0.0,NA,0,798.0
NFT-/XUTR/DEUTH02611488925X,27.19,0.0,0.0,1799.0,571.0,148.232,2.719,0.0,0.0,prepaid,0.544,167.0,0.0,0.0,0.0,197.06,-616.565,"",'132718756802698273901,2026-04-24,11075905306,4c9d3eeb-d474-4d67-9a3e-36835a489064,11075905306,Reverse,100021176438,100021176438,11504,543.81,5.0,1134.0,0.0,1134.0,exchange,0.0,0.0,0.0,0.0,0.0,0.0,0.0,0.0,NA,0,665.0
NFT-/XUTR/DEUTH02611488925X,103.48,0.0,0.0,3399.0,2173.0,512.828,10.348,0.0,0.0,prepaid,2.07,167.0,0.0,0.0,0.0,197.06,-1844.814,"",'132729231838497935703,2026-04-24,11078675069,7e21ebe2-b0d4-4202-bf6c-0ccd364be557,100150386621,Reverse,100023946184,100023946184,11504,2069.52,5.0,1020.0,0.0,1020.0,return_refund,0.0,0.0,0.0,0.0,0.0,0.0,0.0,0.0,NA,0,2379.0
NFT-/XUTR/DEUTH02611488925X,23.67,0.0,0.0,1599.0,496.99999999999994,23.458,2.367,0.0,0.0,prepaid,0.473,167.0,0.0,0.0,0.0,197.06,-667.762,"",'132728721108726414701,2026-04-24,11078467765,5d8ce211-2822-42ea-9dd4-7d53e9b7ed4c,100152272998,Reverse,100023738880,100023738880,11504,473.33,5.0,1008.0,0.0,1008.0,return_refund,0.0,0.0,0.0,0.0,0.0,0.0,0.0,0.0,NA,0,591.0
NFT-/XUTR/DEUTH02611488925X,0.0,18.0,18.0,2299.0,756.0,196.258,0.0,1.8,1.8,prepaid,0.72,0.0,0.0,27.0,0.0,31.86,523.562,"",'132751406336076314003,2026-04-24,11083343540,e8da75f1-8a06-4096-b55f-20e085ba95f7,"",Forward,100028614601,100028614601,11504,720,5.0,1449.0,0.0,1449.0,packet_delivered,0.0,0.0,0.0,0.0,0.0,0.0,0.0,0.0,NA,0,850.0
NFT-/XUTR/DEUTH02611488925X,75.14,0.0,0.0,3499.0,1578.0,391.028,7.514,0.0,0.0,prepaid,1.503,167.0,0.0,0.0,0.0,197.06,-1375.015,"",'132730698604437644403,2026-04-24,11078882083,b92b62d6-0028-4ed3-a6b4-7f894c9c4fc3,100150052170,Reverse,100024153197,1000006804491,11504,1502.86,5.0,1750.0,0.0,1750.0,return_refund,0.0,0.0,0.0,0.0,0.0,0.0,0.0,0.0,NA,0,1749.0
NFT-/XUTR/DEUTH02611488925X,42.91,0.0,0.0,2899.0,901.0,233.9,4.29,0.0,0.0,prepaid,0.858,91.0,0.0,0.0,0.0,107.38,-769.332,"",'132758319159795377201,2026-04-24,11084840215,e25317ae-6ee4-454e-ad3b-452c566309fb,100150945994,Reverse,100030111272,1000008515001,11504,858.1,5.0,1827.0,0.0,1827.0,return_refund,0.0,0.0,0.0,0.0,0.0,0.0,0.0,0.0,NA,0,1072.01
NFT-/XUTR/DEUTH02611488925X,34.67,0.0,0.0,1750.0,728.0,188.989,3.467,0.0,0.0,prepaid,0.693,167.0,0.0,0.0,0.0,197.06,-731.911,"",'132726924689624231803,2026-04-24,11077857643,1d112326-8769-4ddf-b3c5-487b55928f3a,100151351125,Reverse,100023128761,100023128761,11504,693.33,5.0,928.0,0.0,928.0,return_refund,0.0,0.0,0.0,0.0,0.0,0.0,0.0,0.0,NA,0,822.0
NFT-/XUTR/DEUTH02611488925X,64.67,0.0,0.0,1799.0,1358.0,320.488,6.467,0.0,0.0,prepaid,1.293,0.0,0.0,45.0,0.0,53.1,976.652,"",'132698561225424297201,2026-04-24,11071000610,cb6b2823-bc55-44f8-9812-3e0891f9b4fe,"",Forward,100016271774,100016271774,11504,1293.33,5.0,270.0,0.0,270.0,packet_delivered,0.0,0.0,0.0,0.0,0.0,0.0,0.0,0.0,NA,0,1529.0
NFT-/XUTR/DEUTH02611488925X,35.95,0.0,0.0,1699.0,755.0,195.998,3.595,0.0,0.0,prepaid,0.719,0.0,0.0,27.0,0.0,31.86,522.828,"",'132727344697961639201,2026-04-24,11077989963,1c8a4de9-4236-4951-ad87-2d513b7d834e,"",Forward,100023261078,1000006790295,11504,719.05,5.0,850.0,0.0,850.0,packet_delivered,0.0,0.0,0.0,0.0,0.0,0.0,0.0,0.0,NA,0,849.0
NFT-/XUTR/DEUTH02611488925X,79.38,0.0,0.0,2625.0,1667.0,413.083,7.938,0.0,0.0,prepaid,1.588,167.0,0.0,0.0,0.0,197.06,-1441.451,"",'132727625958940214803,2026-04-24,11078080941,9944e3fa-72b8-4d97-8d62-14592fdb8614,100150068176,Reverse,100023352056,1000006794946,11504,1587.62,5.0,787.0,0.0,787.0,return_refund,0.0,0.0,0.0,0.0,0.0,0.0,0.0,0.0,NA,0,1838.01
NFT-/XUTR/DEUTH02611488925X,40.05,0.0,0.0,1990.0,841.0,218.324,4.005,0.0,0.0,prepaid,0.801,112.0,0.0,0.0,0.0,132.16,-750.03,"",'132742948483046708901,2026-04-24,11081428607,e9f88c44-e482-4ff2-946e-2769e8dc5579,100151477307,Reverse,100026699699,100026699699,11504,800.95,5.0,1055.0,0.0,1055.0,return_refund,0.0,0.0,0.0,0.0,0.0,0.0,0.0,0.0,NA,0,935.0
NFT-/XUTR/DEUTH02611488925X,58.95,0.0,0.0,2999.0,1238.0,306.776,5.895,0.0,0.0,prepaid,1.179,167.0,0.0,0.0,0.0,197.06,-1121.21,"",'132735523323010333103,2026-04-24,11079837882,293b706b-6841-459f-84bb-ea85b072955e,100150050680,Reverse,100025108976,1000007419163,11504,1179.05,5.0,1590.0,0.0,1590.0,return_refund,0.0,0.0,0.0,0.0,0.0,0.0,0.0,0.0,NA,0,1409.0
NFT-/XUTR/DEUTH02611488925X,40.05,0.0,0.0,1990.0,841.0,218.324,4.005,0.0,0.0,prepaid,0.801,0.0,0.0,27.0,0.0,31.86,586.01,"",'132742948483046708901,2026-04-24,11081428607,e9f88c44-e482-4ff2-946e-2769e8dc5579,"",Forward,100026699699,100026699699,11504,800.95,5.0,1055.0,0.0,1055.0,packet_delivered,0.0,0.0,0.0,0.0,0.0,0.0,0.0,0.0,NA,0,935.0
NFT-/XUTR/DEUTH02611488925X,63.24,0.0,0.0,2999.0,1328.0,329.078,6.324,0.0,0.0,prepaid,1.265,0.0,0.0,45.0,0.0,53.1,938.233,"",'132742641933571414901,2026-04-24,11081340534,b81c085d-0f3c-4081-90fd-5b9b27f2d3ee,"",Forward,100026611626,100026611626,11504,1264.76,5.0,1500.0,0.0,1500.0,packet_delivered,0.0,0.0,0.0,0.0,0.0,0.0,0.0,0.0,NA,0,1499.01
NFT-/XUTR/DEUTH02611488925X,40.29,0.0,0.0,2750.0,846.0,219.622,4.029,0.0,0.0,prepaid,0.806,167.0,0.0,0.0,0.0,197.06,-818.603,"",'132729915239668106601,2026-04-24,11078834193,3a9b009d-aba2-4272-aaa0-16fa98cb208b,100150029326,Reverse,100024105307,1000006792243,11504,805.71,5.0,1733.0,0.0,1733.0,return_refund,0.0,0.0,0.0,0.0,0.0,0.0,0.0,0.0,NA,0,1017.0
NFT-/XUTR/DEUTH02611488925X,63.24,0.0,0.0,2999.0,1328.0,329.078,6.324,0.0,0.0,prepaid,1.265,91.0,0.0,0.0,0.0,107.38,-1098.713,"",'132757270685957885301,2026-04-24,11084717808,dd2dac46-e719-4f02-a66e-7d422c3598f6,100150288613,Reverse,100029988865,100029988865,11504,1264.76,5.0,1500.0,0.0,1500.0,return_refund,0.0,0.0,0.0,0.0,0.0,0.0,0.0,0.0,NA,0,1499.0
NFT-/XUTR/DEUTH02611488925X,31.29,0.0,0.0,1599.0,657.0,170.557,3.129,0.0,0.0,prepaid,0.626,0.0,0.0,27.0,0.0,31.86,450.828,"",'132728229154950776701,2026-04-24,11078281229,56647c4d-eae6-42e5-a5aa-851f07dd0249,"",Forward,100023552344,100023552344,11504,625.71,5.0,848.0,0.0,848.0,packet_delivered,0.0,0.0,0.0,0.0,0.0,0.0,0.0,0.0,NA,0,751.0
NFT-/XUTR/DEUTH02611488925X,40.38,0.0,0.0,2299.0,848.0,220.141,4.038,0.0,0.0,prepaid,0.808,0.0,0.0,27.0,0.0,31.86,591.153,"",'132754529501863309603,2026-04-24,11084267829,bc747942-71eb-4af7-a3eb-050d3174955e,"",Forward,100029538884,100029538884,11504,807.62,5.0,1357.0,0.0,1357.0,packet_delivered,0.0,0.0,0.0,0.0,0.0,0.0,0.0,0.0,NA,0,942.0
NFT-/XUTR/DEUTH02611488925X,56.71,0.0,0.0,2899.0,1191.0,295.13,5.671,0.0,0.0,prepaid,1.134,0.0,0.0,45.0,0.0,53.1,835.965,"",'132720832525299848601,2026-04-24,11076566961,59d690e7-8b68-474e-84e5-f653b668869d,"",Forward,100021838092,100021838092,11504,1134.29,5.0,1537.0,0.0,1537.0,packet_delivered,0.0,0.0,0.0,0.0,0.0,0.0,0.0,0.0,NA,0,1362.0
NFT-/XUTR/DEUTH02611488925X,38.33,0.0,0.0,1799.0,805.0,208.978,3.833,0.0,0.0,prepaid,0.767,0.0,0.0,27.0,0.0,31.86,559.562,"",'132729716295096975903,2026-04-24,11078805928,6869dd16-72ea-4de7-949b-e5e2db36b5d8,"",Forward,100024077042,100024077042,11504,766.67,5.0,900.0,0.0,900.0,packet_delivered,0.0,0.0,0.0,0.0,0.0,0.0,0.0,0.0,NA,0,899.0
NFT-/XUTR/DEUTH02611488925X,23.67,0.0,0.0,1599.0,497.0,23.458,2.367,0.0,0.0,prepaid,0.473,0.0,0.0,27.0,0.0,31.86,438.842,"",'132719187724687287701,2026-04-24,11076027436,343b636f-b018-4d10-878e-a75d42612e1d,"",Forward,100021298568,1000005748298,11504,473.33,5.0,1008.0,0.0,1008.0,packet_delivered,0.0,0.0,0.0,0.0,0.0,0.0,0.0,0.0,NA,0,591.0
NFT-/XUTR/DEUTH02611488925X,51.81,0.0,0.0,1799.0,1088.0,256.768,5.181,0.0,0.0,prepaid,1.036,0.0,0.0,45.0,0.0,53.1,771.915,"",'132719303931225029303,2026-04-24,11076061479,5267ffa1-af94-416e-a70a-d972931489fe,"",Forward,100021332611,100021332611,11504,1036.19,5.0,540.0,0.0,540.0,packet_delivered,0.0,0.0,0.0,0.0,0.0,0.0,0.0,0.0,NA,0,1259.0
NFT-/XUTR/DEUTH02611488925X,55.14,0.0,0.0,1899.0,1158.0,273.288,5.514,0.0,0.0,prepaid,1.103,167.0,0.0,0.0,0.0,197.06,-1075.155,"",'132738503612428549303,2026-04-24,11080716630,fd51b913-c543-4e7d-a005-66b9b2807037,100151381688,Reverse,100025987722,100025987722,11504,1102.86,5.0,570.0,0.0,570.0,return_refund,0.0,0.0,0.0,0.0,0.0,0.0,0.0,0.0,NA,0,1329.0
NFT-/XUTR/DEUTH02611488925X,34.81,0.0,0.0,1650.0,301.84799999999996,78.36,1.437,0.0,0.0,prepaid,0.287,68.958,0.0,0.0,0.0,81.37044,-303.134,"",'132729097898198640403,2026-04-24,11078621494,c5e9cf37-26f9-413d-9bb6-675b86e2eb78,100152735003,Reverse,100023892609,100023892609,11504,696.19,5.0,825.0,0.0,825.0,return_refund,0.0,0.0,0.0,0.0,0.0,0.0,0.0,0.0,NA,0,825.02
NFT-/XUTR/DEUTH02611488925X,42.62,0.0,0.0,2999.0,895.0,232.342,4.262,0.0,0.0,prepaid,0.852,0.0,0.0,27.0,0.0,31.86,625.684,"",'132725482233632536503,2026-04-24,11077369007,043ca4f1-3271-4be1-b32a-0027cb84d34b,"",Forward,100022640136,100022640136,11504,852.38,5.0,2010.0,0.0,2010.0,packet_delivered,0.0,0.0,0.0,0.0,0.0,0.0,0.0,0.0,NA,0,989.0
NFT-/XUTR/DEUTH02611488925X,33.57,0.0,0.0,1599.0,705.0,183.018,3.357,0.0,0.0,prepaid,0.671,0.0,0.0,27.0,0.0,31.86,486.094,"",'132737948623679440803,2026-04-24,11080599236,bcb59738-0cdc-4895-afaf-bb706d06c2db,"",Forward,100025870328,1000007097477,11504,671.43,5.0,800.0,0.0,800.0,packet_delivered,0.0,0.0,0.0,0.0,0.0,0.0,0.0,0.0,NA,0,799.0
NFT-/XUTR/DEUTH02611488925X,33.52,0.0,0.0,1699.0,704.0,182.758,3.352,0.0,0.0,prepaid,0.67,167.0,0.0,0.0,0.0,197.06,-714.28,"",'132727344697961639201,2026-04-24,11077989961,1c8a4de9-4236-4951-ad87-2d513b7d834e,100150050282,Reverse,100023261076,1000006790295,11504,670.48,5.0,901.0,0.0,901.0,return_refund,0.0,0.0,0.0,0.0,0.0,0.0,0.0,0.0,NA,0,798.0
NFT-/XUTR/DEUTH02611488925X,18.19,0.0,0.0,1699.0,382.0,18.03,1.819,0.0,0.0,prepaid,0.364,0.0,0.0,0.0,0.0,0.0,361.787,"",'132702179306266250401,2026-04-24,11072066121,9015a0a3-591f-49ec-aad7-aaf204dfddf3,"",Forward,100017337269,100017337269,11504,363.81,5.0,1258.0,0.0,1258.0,packet_delivered,0.0,0.0,0.0,0.0,0.0,0.0,0.0,0.0,NA,0,441.0
NFT-/XUTR/DEUTH02611488925X,75.14,0.0,0.0,3499.0,1578.0,391.028,7.514,0.0,0.0,prepaid,1.503,0.0,0.0,45.0,0.0,53.1,1124.855,"",'132741407834714864103,2026-04-24,11080982908,185c5de6-3b03-4b8f-a89b-89262ae11539,"",Forward,100026254000,1000007413892,11504,1502.86,5.0,1750.0,0.0,1750.0,packet_delivered,0.0,0.0,0.0,0.0,0.0,0.0,0.0,0.0,NA,0,1749.0
NFT-/XUTR/DEUTH02611488925X,38.33,0.0,0.0,1799.0,805.0,208.978,3.833,0.0,0.0,prepaid,0.767,167.0,0.0,0.0,0.0,197.06,-788.482,"",'132742328210555195901,2026-04-24,11081247731,537fc3c3-5ed8-4187-868f-1da522c6ba86,100150061045,Reverse,100026518823,100026518823,11504,766.67,5.0,900.0,0.0,900.0,return_refund,0.0,0.0,0.0,0.0,0.0,0.0,0.0,0.0,NA,0,899.0
NFT-/XUTR/DEUTH02611488925X,51.81,0.0,0.0,1799.0,1088.0,256.768,5.181,0.0,0.0,prepaid,1.036,0.0,0.0,45.0,0.0,53.1,771.915,"",'132726650920002697201,2026-04-24,11077770618,729e8b1a-29aa-4413-b7ed-0f9bcb451e23,"",Forward,100023041736,1000006293446,11504,1036.19,5.0,540.0,0.0,540.0,packet_delivered,0.0,0.0,0.0,0.0,0.0,0.0,0.0,0.0,NA,0,1259.0
NFT-/XUTR/DEUTH02611488925X,43.24,0.0,0.0,2699.0,317.49,82.421,1.512,0.0,0.0,prepaid,0.302,0.0,0.0,9.441,0.0,11.14038,222.115,"",'132738413853330271001,2026-04-24,11080705156,156239e4-ebee-4693-9c5a-30d32feacff0,"",Forward,100025976248,100025976248,11504,864.76,5.0,1620.0,0.0,1620.0,packet_delivered,0.0,0.0,0.0,0.0,0.0,0.0,0.0,0.0,NA,0,1079.0
NFT-/XUTR/DEUTH02611488925X,18.95,0.0,0.0,1699.0,398.0,18.786,1.895,0.0,0.0,prepaid,0.379,0.0,0.0,0.0,0.0,0.0,376.94,"",'132759482690185244903,2026-04-24,11085156549,5ca466ea-1da5-4eb6-bb4f-9038b8411e21,"",Forward,100030427605,100030427605,11504,379.05,5.0,1207.0,0.0,1207.0,packet_delivered,0.0,0.0,0.0,0.0,0.0,0.0,0.0,0.0,NA,0,491.97
NFT-/XUTR/DEUTH02611488925X,63.24,0.0,0.0,2999.0,1328.0,329.078,6.324,0.0,0.0,prepaid,1.265,0.0,0.0,45.0,0.0,53.1,938.233,"",'132737222772055758501,2026-04-24,11080338033,062cc1a7-ace1-472f-9c10-cd1efd939ef4,"",Forward,100025609125,100025609125,11504,1264.76,5.0,1500.0,0.0,1500.0,packet_delivered,0.0,0.0,0.0,0.0,0.0,0.0,0.0,0.0,NA,0,1498.97
NFT-/XUTR/DEUTH02611488925X,19.1,0.0,0.0,1599.0,401.0,18.927,1.91,0.0,0.0,prepaid,0.382,0.0,0.0,15.0,0.0,17.7,362.081,"",'132702294108773367201,2026-04-24,11072100287,e23eb6a5-ff06-4c82-8719-89a4abb665bc,"",Forward,100017371435,100017371435,11504,381.9,5.0,1104.0,0.0,1104.0,packet_delivered,0.0,0.0,0.0,0.0,0.0,0.0,0.0,0.0,NA,0,495.0
NFT-/XUTR/DEUTH02611488925X,79.38,0.0,0.0,2625.0,1667.0,413.083,7.938,0.0,0.0,prepaid,1.588,0.0,0.0,45.0,0.0,53.1,1191.291,"",'132727625958940214803,2026-04-24,11078080941,9944e3fa-72b8-4d97-8d62-14592fdb8614,"",Forward,100023352056,1000006794946,11504,1587.62,5.0,787.0,0.0,787.0,packet_delivered,0.0,0.0,0.0,0.0,0.0,0.0,0.0,0.0,NA,0,1838.01
NFT-/XUTR/DEUTH02611488925X,19.1,0.0,0.0,1650.0,401.0,18.927,1.91,0.0,0.0,prepaid,0.382,0.0,0.0,15.0,0.0,17.7,362.081,"",'132717624659580207201,2026-04-24,11075584640,d0630cda-322e-4695-b01c-51fdd1356693,"",Forward,100020855774,1000006160408,11504,381.9,5.0,1155.0,0.0,1155.0,packet_delivered,0.0,0.0,0.0,0.0,0.0,0.0,0.0,0.0,NA,0,495.0
NFT-/XUTR/DEUTH02611488925X,42.62,0.0,0.0,2999.0,895.0,232.342,4.262,0.0,0.0,prepaid,0.852,0.0,0.0,27.0,0.0,31.86,625.684,"",'132728023359355459003,2026-04-24,11078212958,92fc28e7-b822-40dc-ad72-35135252b158,"",Forward,100023484073,100023484073,11504,852.38,5.0,2010.0,0.0,2010.0,packet_delivered,0.0,0.0,0.0,0.0,0.0,0.0,0.0,0.0,NA,0,989.0
NFT-/XUTR/DEUTH02611488925X,63.24,0.0,0.0,2999.0,1328.0,329.078,6.324,0.0,0.0,prepaid,1.265,0.0,0.0,45.0,0.0,53.1,938.233,"",'132694300939737136203,2026-04-24,11070329722,a555267c-a87f-44e6-aca2-47c8cbbae961,"",Forward,100015600894,100015600894,11504,1264.76,5.0,1500.0,0.0,1500.0,packet_delivered,0.0,0.0,0.0,0.0,0.0,0.0,0.0,0.0,NA,0,1499.0
NFT-/XUTR/DEUTH02611488925X,55.14,0.0,0.0,1899.0,1158.0,273.288,5.514,0.0,0.0,prepaid,1.103,0.0,0.0,45.0,0.0,53.1,824.995,"",'132727550479304354201,2026-04-24,11078056269,768cc22b-80cc-4dc0-b723-f4c323142652,"",Forward,100023327384,1000006351797,11504,1102.86,5.0,570.0,0.0,570.0,packet_delivered,0.0,0.0,0.0,0.0,0.0,0.0,0.0,0.0,NA,0,1329.0
NFT-/XUTR/DEUTH02611488925X,0.0,21.21,21.21,2899.0,891.0,231.304,0.0,2.1215,2.1215,prepaid,0.849,91.0,0.0,0.0,0.0,107.38,-761.984,"",'132754803537945658101,2026-04-24,11084374641,8a89cb4f-b120-4c64-8ced-09534abe1731,100150148566,Reverse,100029645698,100029645698,11504,848.58,5.0,1914.0,0.0,1914.0,return_refund,0.0,0.0,0.0,0.0,0.0,0.0,0.0,0.0,NA,0,985.0000000000001
NFT-/XUTR/DEUTH02611488925X,75.19,0.0,0.0,1750.0,1579.0,372.644,7.519,0.0,0.0,prepaid,1.504,167.0,0.0,0.0,0.0,197.06,-1394.393,"",'132727550479304354201,2026-04-24,11078056279,768cc22b-80cc-4dc0-b723-f4c323142652,100149919831,Reverse,100023327394,1000006351797,11504,1503.81,5.0,0.0,0.0,0.0,return_refund,0.0,0.0,0.0,0.0,0.0,0.0,0.0,0.0,NA,0,1750.0
NFT-/XUTR/DEUTH02611488925X,63.24,0.0,0.0,2999.0,1328.0,329.078,6.324,0.0,0.0,prepaid,1.265,0.0,0.0,45.0,0.0,53.1,938.233,"",'132726774254182804801,2026-04-24,11077809686,700859d3-4b0f-4bed-9318-9446ee8387f2,"",Forward,100023080804,100023080804,11504,1264.76,5.0,1500.0,0.0,1500.0,packet_delivered,0.0,0.0,0.0,0.0,0.0,0.0,0.0,0.0,NA,0,1499.0
NFT-/XUTR/DEUTH02611488925X,44.67,0.0,0.0,2999.0,938.0,243.505,4.467,0.0,0.0,prepaid,0.893,0.0,0.0,27.0,0.0,31.86,657.275,"",'132732369832841418103,2026-04-24,11079001945,ca7fc69b-69b9-4cdf-ba21-82608d3fb553,"",Forward,100024273058,100024273058,11504,893.33,5.0,1890.0,0.0,1890.0,packet_delivered,0.0,0.0,0.0,0.0,0.0,0.0,0.0,0.0,NA,0,1109.0
NFT-/XUTR/DEUTH02611488925X,75.14,0.0,0.0,3499.0,1578.0,391.028,7.514,0.0,0.0,prepaid,1.503,167.0,0.0,0.0,0.0,197.06,-1375.015,"",'132741407834714864103,2026-04-24,11080982908,185c5de6-3b03-4b8f-a89b-89262ae11539,100150056729,Reverse,100026254000,1000007413892,11504,1502.86,5.0,1750.0,0.0,1750.0,return_refund,0.0,0.0,0.0,0.0,0.0,0.0,0.0,0.0,NA,0,1749.0
NFT-/XUTR/DEUTH02611488925X,46.86,0.0,0.0,1650.0,984.0,255.44600000000003,4.686,0.0,0.0,prepaid,0.937,0.0,0.0,27.0,0.0,31.86,691.071,"",'132727344697961639201,2026-04-24,11077989959,1c8a4de9-4236-4951-ad87-2d513b7d834e,"",Forward,100023261074,1000006790295,11504,937.14,5.0,495.0,0.0,495.0,packet_delivered,0.0,0.0,0.0,0.0,0.0,0.0,0.0,0.0,NA,0,1155.0
NFT-/XUTR/DEUTH02611488925X,63.24,0.0,0.0,2999.0,1328.0,329.078,6.324,0.0,0.0,prepaid,1.265,167.0,0.0,0.0,0.0,197.06,-1188.393,"",'132720225226418199001,2026-04-24,11076360938,a3ff72b8-3538-4397-965b-915f8ba70b6a,100149971068,Reverse,100021632069,100021632069,11504,1264.76,5.0,1500.0,0.0,1500.0,return_refund,0.0,0.0,0.0,0.0,0.0,0.0,0.0,0.0,NA,0,1499.0
NFT-/XUTR/DEUTH02611488925X,31.91,0.0,0.0,1699.0,670.0,173.932,3.19,0.0,0.0,prepaid,0.638,91.0,0.0,0.0,0.0,107.38,-599.62,"",'132755515071023775303,2026-04-24,11084599508,b47d0d54-0de7-4926-8b2d-cb95bc075aa2,100150085058,Reverse,100029870565,1000008307687,11504,638.1,5.0,935.0,0.0,935.0,return_refund,0.0,0.0,0.0,0.0,0.0,0.0,0.0,0.0,NA,0,764.01
NFT-/XUTR/DEUTH02611488925X,46.86,0.0,0.0,1650.0,984.0,255.44600000000003,4.686,0.0,0.0,prepaid,0.937,167.0,0.0,0.0,0.0,197.06,-919.991,"",'132727344697961639201,2026-04-24,11077989959,1c8a4de9-4236-4951-ad87-2d513b7d834e,100150050379,Reverse,100023261074,1000006790295,11504,937.14,5.0,495.0,0.0,495.0,return_refund,0.0,0.0,0.0,0.0,0.0,0.0,0.0,0.0,NA,0,1155.0
NFT-/XUTR/DEUTH02611488925X,46.86,0.0,0.0,1650.0,984.0,255.44600000000003,4.686,0.0,0.0,prepaid,0.937,167.0,0.0,0.0,0.0,197.06,-919.991,"",'132729220228807998903,2026-04-24,11078670446,7d127805-e660-4dd6-97da-907517881050,100150702669,Reverse,100023941561,100023941561,11504,937.14,5.0,495.0,0.0,495.0,return_refund,0.0,0.0,0.0,0.0,0.0,0.0,0.0,0.0,NA,0,1155.0
NFT-/XUTR/DEUTH02611488925X,20.71,0.0,0.0,1499.0,435.0,20.532,2.071,0.0,0.0,prepaid,0.414,0.0,0.0,19.0,0.0,22.42,389.563,"",'132728045417886620103,2026-04-24,11078220246,ee5fe079-8cb6-49fe-b255-8319eeea8ca4,"",Forward,100023491361,1000006799559,11504,414.29,5.0,1005.0,0.0,1005.0,packet_delivered,0.0,0.0,0.0,0.0,0.0,0.0,0.0,0.0,NA,0,494.0
NFT-/XUTR/DEUTH02611488925X,52.24,0.0,0.0,2699.0,1097.0,271.837,5.224,0.0,0.0,prepaid,1.045,0.0,0.0,45.0,0.0,53.1,765.794,"",'132729787037708390703,2026-04-24,11078817320,ab46cb08-89f2-4dfa-b099-086bf9644098,"",Forward,100024088434,100024088434,11504,1044.76,5.0,1431.0,0.0,1431.0,packet_delivered,0.0,0.0,0.0,0.0,0.0,0.0,0.0,0.0,NA,0,1268.0
NFT-/XUTR/DEUTH02611488925X,72.76,0.0,0.0,3399.0,1528.0,378.638,7.276,0.0,0.0,prepaid,1.455,167.0,0.0,0.0,0.0,197.06,-1337.691,"",'132733753685887029501,2026-04-24,11079350706,4ac4ef76-dbc5-4419-bdd3-d64f7fe01a6a,100149948268,Reverse,100024621804,1000006808224,11504,1455.24,5.0,1700.0,0.0,1700.0,return_refund,0.0,0.0,0.0,0.0,0.0,0.0,0.0,0.0,NA,0,1699.0
NFT-/XUTR/DEUTH02611488925X,58.48,0.0,0.0,1999.0,1228.0,289.808,5.848,0.0,0.0,prepaid,1.17,0.0,0.0,45.0,0.0,53.1,878.074,"",'132728037244533975701,2026-04-24,11078217599,9a563612-eec4-4d6e-af00-b03ebcceee2e,"",Forward,100023488714,100023488714,11504,1169.52,5.0,600.0,0.0,600.0,packet_delivered,0.0,0.0,0.0,0.0,0.0,0.0,0.0,0.0,NA,0,1399.0
NFT-/XUTR/DEUTH02611488925X,51.33,0.0,0.0,2499.0,1078.0,267.128,5.133,0.0,0.0,prepaid,1.027,91.0,0.0,0.0,0.0,107.38,-912.092,"",'132758791535791322303,2026-04-24,11084951795,05dea901-698a-42f9-aa27-325ee2aa2b78,11084951795,Reverse,100030222852,1000008522195,11504,1026.67,5.0,1250.0,0.0,1250.0,exchange,0.0,0.0,0.0,0.0,0.0,0.0,0.0,0.0,NA,0,1249.0
NFT-/XUTR/DEUTH02611488925X,37.19,0.0,0.0,1750.0,781.0,202.748,3.719,0.0,0.0,prepaid,0.744,0.0,0.0,27.0,0.0,31.86,541.929,"",'132732242754994958903,2026-04-24,11078980056,3ffc477c-0f18-4fc6-8d6a-cff024e3bf6f,"",Forward,100024251169,100024251169,11504,743.81,5.0,875.0,0.0,875.0,packet_delivered,0.0,0.0,0.0,0.0,0.0,0.0,0.0,0.0,NA,0,875.01
NFT-/XUTR/DEUTH02611488925X,63.24,0.0,0.0,2999.0,1328.0,329.078,6.324,0.0,0.0,prepaid,1.265,0.0,0.0,45.0,0.0,53.1,938.233,"",'132730191309777426601,2026-04-24,11078859243,61196f26-6596-4e3b-a44f-9f6d69e73e28,"",Forward,100024130357,100024130357,11504,1264.76,5.0,1500.0,0.0,1500.0,packet_delivered,0.0,0.0,0.0,0.0,0.0,0.0,0.0,0.0,NA,0,1499.01
NFT-/XUTR/DEUTH02611488925X,44.67,0.0,0.0,2999.0,9.43,2.448,0.045,0.0,0.0,prepaid,0.009,0.0,0.0,0.271,0.0,0.31978,6.608,"",'132732546522236833303,2026-04-24,11079035140,ffc015ef-4939-4bad-8ce5-8edce353569c,"",Forward,100024306253,1000006806121,11504,893.33,5.0,1890.0,0.0,1890.0,packet_delivered,0.0,0.0,0.0,0.0,0.0,0.0,0.0,0.0,NA,0,1109.0
NFT-/XUTR/DEUTH02611488925X,37.19,0.0,0.0,1750.0,781.0,202.748,3.719,0.0,0.0,prepaid,0.744,167.0,0.0,0.0,0.0,197.06,-770.849,"",'132730239415923981203,2026-04-24,11078862559,d9ef4123-bd65-47c3-9bdc-eb5afb762ad5,11078862559,Reverse,100024133673,1000006568573,11504,743.81,5.0,875.0,0.0,875.0,exchange,0.0,0.0,0.0,0.0,0.0,0.0,0.0,0.0,NA,0,875.0
NFT-/XUTR/DEUTH02611488925X,60.91,0.0,0.0,2899.0,1279.0,316.936,6.09,0.0,0.0,prepaid,1.218,0.0,0.0,45.0,0.0,53.1,901.656,"",'132729667399322898003,2026-04-24,11078796931,b91806c4-172e-4ddd-bfc4-8c82d6a05edd,"",Forward,100024068044,100024068044,11504,1218.1,5.0,1449.0,0.0,1449.0,packet_delivered,0.0,0.0,0.0,0.0,0.0,0.0,0.0,0.0,NA,0,1450.01
NFT-/XUTR/DEUTH02611488925X,30.86,0.0,0.0,1999.0,648.0,45.878,3.086,0.0,0.0,prepaid,0.617,0.0,0.0,27.0,0.0,31.86,566.559,"",'132724237134713978301,2026-04-24,11076942754,5d1a1004-5446-489c-8561-b70cb9aab62f,"",Forward,100022213884,100022213884,11504,617.14,5.0,1257.0,0.0,1257.0,packet_delivered,0.0,0.0,0.0,0.0,0.0,0.0,0.0,0.0,NA,0,742.0
NFT-/XUTR/DEUTH02611488925X,0.0,15.64,15.64,1599.0,657.0,170.557,0.0,1.5645,1.5645,prepaid,0.626,0.0,0.0,27.0,0.0,31.86,450.828,"",'132754710965218283401,2026-04-24,11084339405,b18f1470-1b94-4f75-8057-d9c025dfc1a6,"",Forward,100029610462,100029610462,11504,625.72,5.0,848.0,0.0,848.0,packet_delivered,0.0,0.0,0.0,0.0,0.0,0.0,0.0,0.0,NA,0,751.0
NFT-/XUTR/DEUTH02611488925X,54.48,0.0,0.0,2799.0,1144.0,283.483,5.448,0.0,0.0,prepaid,1.09,0.0,0.0,45.0,0.0,53.1,800.879,"",'132755764694379382201,2026-04-24,11084641514,1722b73d-138a-4b16-9f85-cabe9db9840e,"",Forward,100029912571,1000008515571,11504,1089.52,5.0,1484.0,0.0,1484.0,packet_delivered,0.0,0.0,0.0,0.0,0.0,0.0,0.0,0.0,NA,0,1315.0
NFT-/XUTR/DEUTH02611488925X,55.14,0.0,0.0,1899.0,1158.0,273.288,5.514,0.0,0.0,prepaid,1.103,0.0,0.0,45.0,0.0,53.1,824.995,"",'132726901222097729203,2026-04-24,11077849820,bba88f09-ea6a-45c8-bce3-4c5f3f219400,"",Forward,100023120938,1000006784543,11504,1102.86,5.0,570.0,0.0,570.0,packet_delivered,0.0,0.0,0.0,0.0,0.0,0.0,0.0,0.0,NA,0,1329.01
NFT-/XUTR/DEUTH02611488925X,62.52,0.0,0.0,3299.0,1313.0,325.361,6.252,0.0,0.0,prepaid,1.25,167.0,0.0,0.0,0.0,197.06,-1177.197,"",'132729438942459295101,2026-04-24,11078744445,2abb9e57-e9c1-427a-bbac-35349de9503f,100150330282,Reverse,100024015559,100024015559,11504,1250.48,5.0,1815.0,0.0,1815.0,return_refund,0.0,0.0,0.0,0.0,0.0,0.0,0.0,0.0,NA,0,1484.0
NFT-/XUTR/DEUTH02611488925X,48.48,0.0,0.0,1699.0,1018.0,240.248,4.848,0.0,0.0,prepaid,0.97,167.0,0.0,0.0,0.0,197.06,-968.994,"",'132728780355710167001,2026-04-24,11078492611,69b54b74-f803-4827-aaf5-9e98207f1952,11078492611,Reverse,100023763726,1000006452780,11504,969.52,5.0,510.0,0.0,510.0,exchange,0.0,0.0,0.0,0.0,0.0,0.0,0.0,0.0,NA,0,1189.0
NFT-/XUTR/DEUTH02611488925X,38.0,0.0,0.0,1899.0,798.0,207.161,3.8,0.0,0.0,prepaid,0.76,0.0,0.0,27.0,0.0,31.86,554.419,"",'132736482025850740903,2026-04-24,11080098813,b008112f-6d8f-4375-854c-ee59c68d4272,"",Forward,100025369905,100025369905,11504,760,5.0,1007.0,0.0,1007.0,packet_delivered,0.0,0.0,0.0,0.0,0.0,0.0,0.0,0.0,NA,0,891.99
NFT-/XUTR/DEUTH02611488925X,58.95,0.0,0.0,2999.0,1238.0,306.776,5.895,0.0,0.0,prepaid,1.179,91.0,0.0,0.0,0.0,107.38,-1031.53,"",'132759104337738537101,2026-04-24,11085040552,347ac340-8bc0-4198-8bb4-bfe02316bd6e,100150071813,Reverse,100030311609,100030311609,11504,1179.05,5.0,1590.0,0.0,1590.0,return_refund,0.0,0.0,0.0,0.0,0.0,0.0,0.0,0.0,NA,0,1409.0
NFT-/XUTR/DEUTH02611488925X,60.86,0.0,0.0,2899.0,1278.0,316.688,6.086,0.0,0.0,prepaid,1.217,0.0,0.0,45.0,0.0,53.1,900.909,"",'132731694166734237603,2026-04-24,11078916575,5f235fb5-fcb9-4c33-a1fd-3c78a9c966e7,"",Forward,100024187688,100024187688,11504,1217.14,5.0,1450.0,0.0,1450.0,packet_delivered,0.0,0.0,0.0,0.0,0.0,0.0,0.0,0.0,NA,0,1449.0
NFT-/XUTR/DEUTH02611488925X,35.29,0.0,0.0,2799.0,741.0,34.97500000000001,3.529,0.0,0.0,prepaid,0.706,167.0,0.0,0.0,0.0,197.06,-898.85,"",'132729913505273223201,2026-04-24,11078833968,67830f10-4441-4edc-9526-8770f254bb9d,100149999417,Reverse,100024105082,100024105082,11504,705.71,5.0,1964.0,0.0,1964.0,return_refund,0.0,0.0,0.0,0.0,0.0,0.0,0.0,0.0,NA,0,835.0
NFT-/XUTR/DEUTH02611488925X,0.0,27.57,27.57,1899.0,1158.0,273.288,0.0,2.757,2.757,prepaid,1.103,91.0,0.0,0.0,0.0,107.38,-985.475,"",'132755011517109525801,2026-04-24,11084448920,d2e4537e-7868-404b-a9d0-7c24f49f3198,100150676416,Reverse,100029719977,100029719977,11504,1102.86,5.0,570.0,0.0,570.0,return_refund,0.0,0.0,0.0,0.0,0.0,0.0,0.0,0.0,NA,0,1328.9999999999998
NFT-/XUTR/DEUTH02611488925X,70.38,0.0,0.0,3299.0,1478.0,366.248,7.038,0.0,0.0,prepaid,1.408,0.0,0.0,45.0,0.0,53.1,1050.206,"",'132749990934360040103,2026-04-24,11082933015,2ab7eb63-076f-44d2-8102-012691b7a959,"",Forward,100028204077,100028204077,11504,1407.62,5.0,1650.0,0.0,1650.0,packet_delivered,0.0,0.0,0.0,0.0,0.0,0.0,0.0,0.0,NA,0,1649.0
NFT-/XUTR/DEUTH02611488925X,28.81,0.0,0.0,1999.0,605.0,42.834,2.881,0.0,0.0,prepaid,0.576,0.0,0.0,27.0,0.0,31.86,526.849,"",'132737989541489506103,2026-04-24,11080612208,1f2c2e5b-68bd-4369-86ff-322762686319,"",Forward,100025883300,100025883300,11504,576.19,5.0,1300.0,0.0,1300.0,packet_delivered,0.0,0.0,0.0,0.0,0.0,0.0,0.0,0.0,NA,0,699.0
NFT-/XUTR/DEUTH02611488925X,35.76,0.0,0.0,1799.0,751.0,194.96,3.576,0.0,0.0,prepaid,0.715,91.0,0.0,0.0,0.0,107.38,-659.129,"",'132757619390644181803,2026-04-24,11084737495,0cae4707-5ef2-4e47-a1ed-f697727fa45d,100150190206,Reverse,100030008552,1000008543946,11504,715.24,5.0,954.0,0.0,954.0,return_refund,0.0,0.0,0.0,0.0,0.0,0.0,0.0,0.0,NA,0,845.0
NFT-/XUTR/DEUTH02611488925X,39.81,0.0,0.0,2799.0,836.0,217.026,3.981,0.0,0.0,prepaid,0.796,167.0,0.0,0.0,0.0,197.06,-811.257,"",'132732513174431728803,2026-04-24,11079028661,470cbe2e-f751-4951-a499-e878cca4064e,100151547577,Reverse,100024299774,100024299774,11504,796.19,5.0,1792.0,0.0,1792.0,return_refund,0.0,0.0,0.0,0.0,0.0,0.0,0.0,0.0,NA,0,1007.0
NFT-/XUTR/DEUTH02611488925X,50.19,0.0,0.0,1750.0,1054.0,248.744,5.019,0.0,0.0,prepaid,1.004,0.0,0.0,45.0,0.0,53.1,746.133,"",'132727344697961639201,2026-04-24,11077989960,1c8a4de9-4236-4951-ad87-2d513b7d834e,"",Forward,100023261075,1000006790295,11504,1003.81,5.0,525.0,0.0,525.0,packet_delivered,0.0,0.0,0.0,0.0,0.0,0.0,0.0,0.0,NA,0,1225.0
NFT-/XUTR/DEUTH02611488925X,40.29,0.0,0.0,2750.0,846.0,219.622,4.029,0.0,0.0,prepaid,0.806,0.0,0.0,27.0,0.0,31.86,589.683,"",'132725832650117648003,2026-04-24,11077488636,5b1805eb-d174-4ad7-8ea7-0d99f00feca5,"",Forward,100022759765,100022759765,11504,805.71,5.0,1733.0,0.0,1733.0,packet_delivered,0.0,0.0,0.0,0.0,0.0,0.0,0.0,0.0,NA,0,1017.0
NFT-/XUTR/DEUTH02611488925X,38.33,0.0,0.0,1799.0,805.0,208.978,3.833,0.0,0.0,prepaid,0.767,167.0,0.0,0.0,0.0,197.06,-788.482,"",'132733845740199474403,2026-04-24,11079377814,063fcd94-ed8f-4a89-89a0-75ab8d8bd72a,100149865794,Reverse,100024648912,100024648912,11504,766.67,5.0,900.0,0.0,900.0,return_refund,0.0,0.0,0.0,0.0,0.0,0.0,0.0,0.0,NA,0,899.0
NFT-/XUTR/DEUTH02611488925X,44.67,0.0,0.0,2999.0,938.0,243.505,4.467,0.0,0.0,prepaid,0.893,0.0,0.0,27.0,0.0,31.86,657.275,"",'132758266876721841003,2026-04-24,11084829555,81bc98cf-58c8-4120-aa38-4b27841231b8,"",Forward,100030100612,100030100612,11504,893.33,5.0,1890.0,0.0,1890.0,packet_delivered,0.0,0.0,0.0,0.0,0.0,0.0,0.0,0.0,NA,0,1109.0
NFT-/XUTR/DEUTH02611488925X,29.76,0.0,0.0,1599.0,625.0,44.25,2.976,0.0,0.0,prepaid,0.595,0.0,0.0,27.0,0.0,31.86,545.319,"",'132728700202616804201,2026-04-24,11078459114,2231f942-5f16-4f75-aef4-1f1fc4b15018,"",Forward,100023730229,100023730229,11504,595.24,5.0,880.0,0.0,880.0,packet_delivered,0.0,0.0,0.0,0.0,0.0,0.0,0.0,0.0,NA,0,719.0
NFT-/XUTR/DEUTH02611488925X,72.76,0.0,0.0,1699.0,1528.0,360.608,7.276,0.0,0.0,prepaid,1.455,0.0,0.0,45.0,0.0,53.1,1105.561,"",'132733841242343844703,2026-04-24,11079376347,329a3a9d-8686-4857-8218-54a9324791a2,"",Forward,100024647445,100024647445,11504,1455.24,5.0,0.0,0.0,0.0,packet_delivered,0.0,0.0,0.0,0.0,0.0,0.0,0.0,0.0,NA,0,1699.0
NFT-/XUTR/DEUTH02611488925X,30.71,0.0,0.0,1999.0,645.0,45.666,3.071,0.0,0.0,prepaid,0.614,167.0,0.0,0.0,0.0,197.06,-792.709,"",'132717624659580207201,2026-04-24,11075584638,d0630cda-322e-4695-b01c-51fdd1356693,100149964234,Reverse,100020855772,1000006160408,11504,614.29,5.0,1260.0,0.0,1260.0,return_refund,0.0,0.0,0.0,0.0,0.0,0.0,0.0,0.0,NA,0,739.0
NFT-/XUTR/DEUTH02611488925X,76.29,0.0,0.0,3999.0,1602.0,396.976,7.629,0.0,0.0,prepaid,1.526,0.0,0.0,45.0,0.0,53.1,1142.769,"",'132716970053956692303,2026-04-24,11075384608,f5492c72-a948-4af8-91a2-8f39489fd844,"",Forward,100020655743,100020655743,11504,1525.71,5.0,2120.0,0.0,2120.0,packet_delivered,0.0,0.0,0.0,0.0,0.0,0.0,0.0,0.0,NA,0,1878.99
NFT-/XUTR/DEUTH02611488925X,62.52,0.0,0.0,3299.0,1313.0,325.361,6.252,0.0,0.0,prepaid,1.25,0.0,0.0,45.0,0.0,53.1,927.037,"",'132729438942459295101,2026-04-24,11078744445,2abb9e57-e9c1-427a-bbac-35349de9503f,"",Forward,100024015559,100024015559,11504,1250.48,5.0,1815.0,0.0,1815.0,packet_delivered,0.0,0.0,0.0,0.0,0.0,0.0,0.0,0.0,NA,0,1484.0
NFT-/XUTR/DEUTH02611488925X,24.57,0.0,0.0,1650.0,516.0,133.954,2.457,0.0,0.0,prepaid,0.491,0.0,0.0,27.0,0.0,31.86,347.238,"",'132738763473484642801,2026-04-24,11080739864,11634744-3168-4dbb-9b51-0074eab327cc,"",Forward,100026010956,1000007160632,11504,491.43,5.0,1040.0,0.0,1040.0,packet_delivered,0.0,0.0,0.0,0.0,0.0,0.0,0.0,0.0,NA,0,610.0
NFT-/XUTR/DEUTH02611488925X,63.24,0.0,0.0,2999.0,1328.0,329.078,6.324,0.0,0.0,prepaid,1.265,167.0,0.0,0.0,0.0,197.06,-1188.393,"",'132726774254182804801,2026-04-24,11077809686,700859d3-4b0f-4bed-9318-9446ee8387f2,100149897899,Reverse,100023080804,100023080804,11504,1264.76,5.0,1500.0,0.0,1500.0,return_refund,0.0,0.0,0.0,0.0,0.0,0.0,0.0,0.0,NA,0,1499.0
NFT-/XUTR/DEUTH02611488925X,42.43,0.0,0.0,2899.0,891.0,231.304,4.243,0.0,0.0,prepaid,0.849,0.0,0.0,27.0,0.0,31.86,622.744,"",'132759721936013494603,2026-04-24,11085230518,a48e2a95-fd6b-40a1-aa58-54da1a009b65,"",Forward,100030501574,100030501574,11504,848.57,5.0,1914.0,0.0,1914.0,packet_delivered,0.0,0.0,0.0,0.0,0.0,0.0,0.0,0.0,NA,0,985.0
NFT-/XUTR/DEUTH02611488925X,0.0,25.91,25.91,2799.0,1088.0,269.606,0.0,2.5905,2.5905,prepaid,1.036,0.0,0.0,45.0,0.0,53.1,759.077,"",'132757190641778827603,2026-04-24,11084715080,2ca4f18d-297d-4346-81cc-711873e6007f,"",Forward,100029986137,100029986137,11504,1036.2,5.0,1540.0,0.0,1540.0,packet_delivered,0.0,0.0,0.0,0.0,0.0,0.0,0.0,0.0,NA,0,1259.0100000000002
NFT-/XUTR/DEUTH02611488925X,50.19,0.0,0.0,1750.0,1054.0,248.744,5.019,0.0,0.0,prepaid,1.004,0.0,0.0,45.0,0.0,53.1,746.133,"",'132759713653598398303,2026-04-24,11085227780,953c3b7a-1a4d-4be9-89c9-ca8096b4d2c5,"",Forward,100030498836,100030498836,11504,1003.81,5.0,525.0,0.0,525.0,packet_delivered,0.0,0.0,0.0,0.0,0.0,0.0,0.0,0.0,NA,0,1225.0
NFT-/XUTR/DEUTH02611488925X,99.67,0.0,0.0,2299.0,2093.0,493.948,9.967,0.0,0.0,prepaid,1.993,0.0,0.0,61.0,0.0,71.98,1515.112,"",'132757619390644181803,2026-04-24,11084737494,0cae4707-5ef2-4e47-a1ed-f697727fa45d,"",Forward,100030008551,1000008543946,11504,1993.33,5.0,0.0,0.0,0.0,packet_delivered,0.0,0.0,0.0,0.0,0.0,0.0,0.0,0.0,NA,0,2299.0
NFT-/XUTR/DEUTH02611488925X,42.62,0.0,0.0,2999.0,895.0,232.342,4.262,0.0,0.0,prepaid,0.852,167.0,0.0,0.0,0.0,197.06,-854.604,"",'132729580969224482603,2026-04-24,11078779197,148c824f-6988-4a4f-b463-6bcb397905c9,100151577778,Reverse,100024050311,100024050311,11504,852.38,5.0,2010.0,0.0,2010.0,return_refund,0.0,0.0,0.0,0.0,0.0,0.0,0.0,0.0,NA,0,989.0
NFT-/XUTR/DEUTH02611488925X,31.91,0.0,0.0,1699.0,670.0,173.932,3.19,0.0,0.0,prepaid,0.638,0.0,0.0,27.0,0.0,31.86,460.38,"",'132726736379365014801,2026-04-24,11077797988,5e6a54d5-a0cd-41eb-9125-74d2c860e915,"",Forward,100023069106,100023069106,11504,638.1,5.0,935.0,0.0,935.0,packet_delivered,0.0,0.0,0.0,0.0,0.0,0.0,0.0,0.0,NA,0,764.0
NFT-/XUTR/DEUTH02611488925X,45.14,0.0,0.0,1599.0,948.0,246.101,4.514,0.0,0.0,prepaid,0.903,0.0,0.0,27.0,0.0,31.86,664.622,"",'132727004546310333901,2026-04-24,11077883174,0f733e71-bdca-4360-9ae9-a14a16cf50cb,"",Forward,100023154291,100023154291,11504,902.86,5.0,480.0,0.0,480.0,packet_delivered,0.0,0.0,0.0,0.0,0.0,0.0,0.0,0.0,NA,0,1119.0
NFT-/XUTR/DEUTH02611488925X,33.57,0.0,0.0,1599.0,705.0,183.018,3.357,0.0,0.0,prepaid,0.671,0.0,0.0,27.0,0.0,31.86,486.094,"",'132726650920002697201,2026-04-24,11077770619,729e8b1a-29aa-4413-b7ed-0f9bcb451e23,"",Forward,100023041737,1000006293446,11504,671.43,5.0,800.0,0.0,800.0,packet_delivered,0.0,0.0,0.0,0.0,0.0,0.0,0.0,0.0,NA,0,799.0
NFT-/XUTR/DEUTH02611488925X,44.43,0.0,0.0,1699.0,933.0,242.207,4.443,0.0,0.0,prepaid,0.889,0.0,0.0,27.0,0.0,31.86,653.601,"",'132758801250830179603,2026-04-24,11084954208,6787beb5-5f7c-42d3-aeaa-93218282b9ae,"",Forward,100030225265,1000008523800,11504,888.57,5.0,595.0,0.0,595.0,packet_delivered,0.0,0.0,0.0,0.0,0.0,0.0,0.0,0.0,NA,0,1104.0
NFT-/XUTR/DEUTH02611488925X,86.81,0.0,0.0,2899.0,1823.0,451.739,8.681,0.0,0.0,prepaid,1.736,167.0,0.0,0.0,0.0,197.06,-1557.904,"",'132741543458630969203,2026-04-24,11081017045,fbeb1877-758d-4b9e-8ea5-09eac1fa792a,100150424870,Reverse,100026288137,100026288137,11504,1736.19,5.0,870.0,0.0,870.0,return_refund,0.0,0.0,0.0,0.0,0.0,0.0,0.0,0.0,NA,0,2029.0
NFT-/XUTR/DEUTH02611488925X,104.43,0.0,0.0,2399.0,2193.0,491.671,10.443,0.0,0.0,prepaid,2.089,91.0,0.0,0.0,0.0,107.38,-1796.177,"",'132751205486320580003,2026-04-24,11083282714,bfe85360-9acb-4a15-b6dc-08e0d7b48d1a,100150119755,Reverse,100028553776,100028553776,11504,2088.57,5.0,0.0,0.0,0.0,return_refund,0.0,0.0,0.0,0.0,0.0,0.0,0.0,0.0,NA,0,2399.0
NFT-/XUTR/DEUTH02611488925X,72.76,0.0,0.0,1699.0,1528.0,360.608,7.276,0.0,0.0,prepaid,1.455,0.0,0.0,45.0,0.0,53.1,1105.561,"",'132727632178507677503,2026-04-24,11078082984,5cb3052c-6397-4946-8f35-e59c57680be6,"",Forward,100023354099,100023354099,11504,1455.24,5.0,0.0,0.0,0.0,packet_delivered,0.0,0.0,0.0,0.0,0.0,0.0,0.0,0.0,NA,0,1699.0
NFT-/XUTR/DEUTH02611488925X,43.1,0.0,0.0,1999.0,905.0,234.938,4.31,0.0,0.0,prepaid,0.862,0.0,0.0,27.0,0.0,31.86,633.03,"",'132751357389960988603,2026-04-24,11083328933,278c9863-f2b2-42cf-9058-730c5e94d188,"",Forward,100028599994,100028599994,11504,861.9,5.0,1000.0,0.0,1000.0,packet_delivered,0.0,0.0,0.0,0.0,0.0,0.0,0.0,0.0,NA,0,999.0
NFT-/XUTR/DEUTH02611488925X,56.71,0.0,0.0,2899.0,1191.0,295.13,5.671,0.0,0.0,prepaid,1.134,0.0,0.0,45.0,0.0,53.1,835.965,"",'132726901222097729203,2026-04-24,11077849823,bba88f09-ea6a-45c8-bce3-4c5f3f219400,"",Forward,100023120941,1000006784543,11504,1134.29,5.0,1537.0,0.0,1537.0,packet_delivered,0.0,0.0,0.0,0.0,0.0,0.0,0.0,0.0,NA,0,1362.01
NFT-/XUTR/DEUTH02611488925X,37.19,0.0,0.0,1750.0,781.0,202.748,3.719,0.0,0.0,prepaid,0.744,167.0,0.0,0.0,0.0,197.06,-770.849,"",'132737205473771348001,2026-04-24,11080331548,08538622-c65d-4623-9051-9f195b288604,11080331548,Reverse,100025602640,100025602640,11504,743.81,5.0,875.0,0.0,875.0,exchange,0.0,0.0,0.0,0.0,0.0,0.0,0.0,0.0,NA,0,875.0
NFT-/XUTR/DEUTH02611488925X,51.33,0.0,0.0,2499.0,1078.0,267.128,5.133,0.0,0.0,prepaid,1.027,0.0,0.0,45.0,0.0,53.1,751.612,"",'132758791535791322303,2026-04-24,11084951795,05dea901-698a-42f9-aa27-325ee2aa2b78,"",Forward,100030222852,1000008522195,11504,1026.67,5.0,1250.0,0.0,1250.0,packet_delivered,0.0,0.0,0.0,0.0,0.0,0.0,0.0,0.0,NA,0,1249.0
NFT-/XUTR/DEUTH02611488925X,60.86,0.0,0.0,2899.0,1278.0,316.688,6.086,0.0,0.0,prepaid,1.217,0.0,0.0,45.0,0.0,53.1,900.909,"",'132729915239668106601,2026-04-24,11078834194,3a9b009d-aba2-4272-aaa0-16fa98cb208b,"",Forward,100024105308,1000006792243,11504,1217.14,5.0,1450.0,0.0,1450.0,packet_delivered,0.0,0.0,0.0,0.0,0.0,0.0,0.0,0.0,NA,0,1449.0
NFT-/XUTR/DEUTH02611488925X,63.24,0.0,0.0,2999.0,1328.0,329.078,6.324,0.0,0.0,prepaid,1.265,0.0,0.0,45.0,0.0,53.1,938.233,"",'132728201092486344201,2026-04-24,11078271706,6674fd05-7b42-4d72-8bc6-79aaba99c5ee,"",Forward,100023542821,100023542821,11504,1264.76,5.0,1500.0,0.0,1500.0,packet_delivered,0.0,0.0,0.0,0.0,0.0,0.0,0.0,0.0,NA,0,1499.0
NFT-/XUTR/DEUTH02611488925X,70.38,0.0,0.0,3299.0,1478.0,366.248,7.038,0.0,0.0,prepaid,1.408,0.0,0.0,45.0,0.0,53.1,1050.206,"",'132729915239668106601,2026-04-24,11078834192,3a9b009d-aba2-4272-aaa0-16fa98cb208b,"",Forward,100024105306,1000006792243,11504,1407.62,5.0,1650.0,0.0,1650.0,packet_delivered,0.0,0.0,0.0,0.0,0.0,0.0,0.0,0.0,NA,0,1649.0
NFT-/XUTR/DEUTH02611488925X,37.19,0.0,0.0,1750.0,781.0,147.453,3.719,0.0,0.0,prepaid,0.744,112.0,0.0,0.0,0.0,132.16,-761.244,"",'132737800207688515003,2026-04-24,11080548069,c5fb7f25-6ebc-46cd-a288-92e1920f9070,100149782729,Reverse,100025819161,100025819161,11504,743.81,5.0,875.0,0.0,875.0,return_refund,0.0,0.0,0.0,0.0,0.0,0.0,0.0,0.0,NA,0,875.0
NFT-/XUTR/DEUTH02611488925X,64.67,0.0,0.0,3399.0,1358.0,336.512,6.467,0.0,0.0,prepaid,1.293,167.0,0.0,0.0,0.0,197.06,-1210.788,"",'132700938015191065701,2026-04-24,11071729460,e48be552-ae9a-413e-bad1-eecaf870f3c2,100153845549,Reverse,100017000612,100017000612,11504,1293.33,5.0,1870.0,0.0,1870.0,return_refund,0.0,0.0,0.0,0.0,0.0,0.0,0.0,0.0,NA,0,1529.0
NFT-/XUTR/DEUTH02611488925X,43.81,0.0,0.0,2950.0,920.0,238.832,4.381,0.0,0.0,prepaid,0.876,0.0,0.0,27.0,0.0,31.86,644.051,"",'132720683848440054203,2026-04-24,11076520414,46e90f40-41c2-4007-94ff-4e6a5a2cbf12,"",Forward,100021791545,100021791545,11504,876.19,5.0,1859.0,0.0,1859.0,packet_delivered,0.0,0.0,0.0,0.0,0.0,0.0,0.0,0.0,NA,0,1091.0
NFT-/XUTR/DEUTH02611488925X,43.1,0.0,0.0,2499.0,905.0,234.938,4.31,0.0,0.0,prepaid,0.862,91.0,0.0,0.0,0.0,107.38,-772.27,"",'132749586367878293203,2026-04-24,11082846370,b8b6ffc8-3d7d-47f3-9391-c3ea057a7b91,100150282339,Reverse,100028117435,1000007973873,11504,861.9,5.0,1500.0,0.0,1500.0,return_refund,0.0,0.0,0.0,0.0,0.0,0.0,0.0,0.0,NA,0,999.0
NFT-/XUTR/DEUTH02611488925X,82.29,0.0,0.0,1899.0,1728.0,407.808,8.229,0.0,0.0,prepaid,1.646,0.0,0.0,45.0,0.0,53.1,1257.217,"",'132741999246844459703,2026-04-24,11081147509,0ead4df6-5856-414a-bcaf-1edd364477fb,"",Forward,100026418601,100026418601,11504,1645.71,5.0,0.0,0.0,0.0,packet_delivered,0.0,0.0,0.0,0.0,0.0,0.0,0.0,0.0,NA,0,1899.0
NFT-/XUTR/DEUTH02611488925X,18.95,0.0,0.0,1699.0,398.0,18.786,1.895,0.0,0.0,prepaid,0.379,91.0,0.0,0.0,0.0,107.38,-484.32,"",'132750457964054609801,2026-04-24,11083054879,23b2a934-8ebf-4914-993e-02a85d42421a,11083054879,Reverse,100028325941,100028325941,11504,379.05,5.0,1207.0,0.0,1207.0,exchange,0.0,0.0,0.0,0.0,0.0,0.0,0.0,0.0,NA,0,492.0
NFT-/XUTR/DEUTH02611488925X,99.67,0.0,0.0,2299.0,2093.0,493.948,9.967,0.0,0.0,prepaid,1.993,91.0,0.0,0.0,0.0,107.38,-1694.472,"",'132757619390644181803,2026-04-24,11084737494,0cae4707-5ef2-4e47-a1ed-f697727fa45d,100150190580,Reverse,100030008551,1000008543946,11504,1993.33,5.0,0.0,0.0,0.0,return_refund,0.0,0.0,0.0,0.0,0.0,0.0,0.0,0.0,NA,0,2299.0
NFT-/XUTR/DEUTH02611488925X,58.95,0.0,0.0,2999.0,1238.0,306.776,5.895,0.0,0.0,prepaid,1.179,91.0,0.0,0.0,0.0,107.38,-1031.53,"",'132755764694379382201,2026-04-24,11084641512,1722b73d-138a-4b16-9f85-cabe9db9840e,100149978364,Reverse,100029912570,1000008515571,11504,1179.05,5.0,1590.0,0.0,1590.0,return_refund,0.0,0.0,0.0,0.0,0.0,0.0,0.0,0.0,NA,0,1409.0
NFT-/XUTR/DEUTH02611488925X,45.38,0.0,0.0,2499.0,953.0,247.399,4.538,0.0,0.0,prepaid,0.908,0.0,0.0,27.0,0.0,31.86,668.295,"",'132754148531995091003,2026-04-24,11084133618,f450cfd1-ef7b-429d-a993-29dbbd0d19d0,"",Forward,100029404676,100029404676,11504,907.62,5.0,1375.0,0.0,1375.0,packet_delivered,0.0,0.0,0.0,0.0,0.0,0.0,0.0,0.0,NA,0,1124.0
NFT-/XUTR/DEUTH02611488925X,21.91,0.0,0.0,1499.0,460.0,21.712,2.19,0.0,0.0,prepaid,0.438,0.0,0.0,27.0,0.0,31.86,403.8,"",'132752895779740554103,2026-04-24,11083766541,d2370901-f3da-44fa-a1bf-e7bae53570e8,"",Forward,100029037601,1000008146799,11504,438.1,5.0,945.0,0.0,945.0,packet_delivered,0.0,0.0,0.0,0.0,0.0,0.0,0.0,0.0,NA,0,554.01
NFT-/XUTR/DEUTH02611488925X,0.0,35.19,35.19,3299.0,1478.0,366.248,0.0,3.519,3.519,prepaid,1.408,0.0,0.0,45.0,0.0,53.1,1050.206,"",'132753508865260822103,2026-04-24,11083937672,de9c21ac-fb20-4a18-b999-6d31b9b016dd,"",Forward,100029208730,100029208730,11504,1407.62,5.0,1650.0,0.0,1650.0,packet_delivered,0.0,0.0,0.0,0.0,0.0,0.0,0.0,0.0,NA,0,1649.01
NFT-/XUTR/DEUTH02611488925X,65.67,0.0,0.0,3299.0,1379.0,341.716,6.567,0.0,0.0,prepaid,1.313,167.0,0.0,0.0,0.0,197.06,-1226.464,"",'132729346829457705101,2026-04-24,11078716643,04dfa62f-6087-4793-b6f0-42f81759834d,100150070479,Reverse,100023987757,1000006793128,11504,1313.33,5.0,1749.0,0.0,1749.0,return_refund,0.0,0.0,0.0,0.0,0.0,0.0,0.0,0.0,NA,0,1550.0
NFT-/XUTR/DEUTH02611488925X,58.95,0.0,0.0,2999.0,1238.0,306.776,5.895,0.0,0.0,prepaid,1.179,0.0,0.0,45.0,0.0,53.1,871.05,"",'132733570538769833801,2026-04-24,11079298362,a1d5f6ac-b658-466c-a91e-c6eb5651d6af,"",Forward,100024569460,100024569460,11504,1179.05,5.0,1590.0,0.0,1590.0,packet_delivered,0.0,0.0,0.0,0.0,0.0,0.0,0.0,0.0,NA,0,1409.0
NFT-/XUTR/DEUTH02611488925X,34.05,0.0,0.0,1799.0,715.0,185.614,3.405,0.0,0.0,prepaid,0.681,91.0,0.0,0.0,0.0,107.38,-632.68,"",'132753894873479225203,2026-04-24,11084054052,a9a22ff0-562b-40ff-a8ae-21422e27413f,100149947759,Reverse,100029325110,100029325110,11504,680.95,5.0,990.0,0.0,990.0,return_refund,0.0,0.0,0.0,0.0,0.0,0.0,0.0,0.0,NA,0,809.0
NFT-/XUTR/DEUTH02611488925X,70.38,0.0,0.0,3299.0,1478.0,366.248,7.038,0.0,0.0,prepaid,1.408,167.0,0.0,0.0,0.0,197.06,-1300.366,"",'132729915239668106601,2026-04-24,11078834192,3a9b009d-aba2-4272-aaa0-16fa98cb208b,100150029282,Reverse,100024105306,1000006792243,11504,1407.62,5.0,1650.0,0.0,1650.0,return_refund,0.0,0.0,0.0,0.0,0.0,0.0,0.0,0.0,NA,0,1649.0
NFT-/XUTR/DEUTH02611488925X,42.62,0.0,0.0,2999.0,895.0,232.342,4.262,0.0,0.0,prepaid,0.852,0.0,0.0,27.0,0.0,31.86,625.684,"",'132729580969224482603,2026-04-24,11078779197,148c824f-6988-4a4f-b463-6bcb397905c9,"",Forward,100024050311,100024050311,11504,852.38,5.0,2010.0,0.0,2010.0,packet_delivered,0.0,0.0,0.0,0.0,0.0,0.0,0.0,0.0,NA,0,989.0
NFT-/XUTR/DEUTH02611488925X,81.05,0.0,0.0,5499.0,1231.667,305.207,5.865,0.0,0.0,prepaid,1.173,0.0,0.0,32.565,0.0,38.4267,880.995,"",'132728315573040091701,2026-04-24,11078310950,19fea486-5295-4788-9aa2-10cf2eb38f6e,"",Forward,100023582065,100023582065,11504,1620.95,5.0,3520.0,0.0,3520.0,packet_delivered,0.0,0.0,0.0,0.0,0.0,0.0,0.0,0.0,NA,0,1979.01
NFT-/XUTR/DEUTH02611488925X,29.76,0.0,0.0,1599.0,625.0,162.25,2.976,0.0,0.0,prepaid,0.595,0.0,0.0,27.0,0.0,31.86,427.319,"",'132717535757879882503,2026-04-24,11075558230,f9f501a2-d6f4-4f91-b1fb-793fa74e03d9,"",Forward,100020829365,100020829365,11504,595.24,5.0,880.0,0.0,880.0,packet_delivered,0.0,0.0,0.0,0.0,0.0,0.0,0.0,0.0,NA,0,719.0
NFT-/XUTR/DEUTH02611488925X,40.71,0.0,0.0,1899.0,855.0,211.869,4.071,0.0,0.0,prepaid,0.814,167.0,0.0,0.0,0.0,197.06,-835.306,"",'132729309912776695303,2026-04-24,11078704551,2859ae39-cca5-4bb8-a524-4621abba9fa2,11078704551,Reverse,100023975665,100023975665,11504,814.29,5.0,950.0,0.0,950.0,exchange,0.0,0.0,0.0,0.0,0.0,0.0,0.0,0.0,NA,0,949.0
NFT-/XUTR/DEUTH02611488925X,42.91,0.0,0.0,2899.0,901.0,233.9,4.29,0.0,0.0,prepaid,0.858,0.0,0.0,27.0,0.0,31.86,630.092,"",'132758319159795377201,2026-04-24,11084840215,e25317ae-6ee4-454e-ad3b-452c566309fb,"",Forward,100030111272,1000008515001,11504,858.1,5.0,1827.0,0.0,1827.0,packet_delivered,0.0,0.0,0.0,0.0,0.0,0.0,0.0,0.0,NA,0,1072.01
NFT-/XUTR/DEUTH02611488925X,0.0,18.45,18.45,1850.0,775.0,201.19,0.0,1.845,1.845,prepaid,0.738,0.0,0.0,27.0,0.0,31.86,537.522,"",'132753048619713375303,2026-04-24,11083808490,42e9381a-9e56-44d4-9a2f-018c8a264581,"",Forward,100029079548,100029079548,11504,738.1,5.0,981.0,0.0,981.0,packet_delivered,0.0,0.0,0.0,0.0,0.0,0.0,0.0,0.0,NA,0,869.0000000000001
NFT-/XUTR/DEUTH02611488925X,90.14,0.0,0.0,2999.0,1893.0,469.085,9.014,0.0,0.0,prepaid,1.803,112.0,0.0,0.0,0.0,132.16,-1545.258,"",'132749992985072405301,2026-04-24,11082933512,c4d087ba-41b5-44a9-818e-c75bc71f5da9,100153192946,Reverse,100028204574,100028204574,11504,1802.86,5.0,900.0,0.0,900.0,return_refund,0.0,0.0,0.0,0.0,0.0,0.0,0.0,0.0,NA,0,2099.0
NFT-/XUTR/DEUTH02611488925X,28.95,0.0,0.0,1899.0,608.0,157.837,2.895,0.0,0.0,prepaid,0.579,0.0,0.0,27.0,0.0,31.86,414.829,"",'132754234058863705201,2026-04-24,11084162691,5df5f735-84cd-4eb0-8234-39c93a0c6e1d,"",Forward,100029433749,100029433749,11504,579.05,5.0,1197.0,0.0,1197.0,packet_delivered,0.0,0.0,0.0,0.0,0.0,0.0,0.0,0.0,NA,0,702.0
NFT-/XUTR/DEUTH02611488925X,100.14,0.0,0.0,3299.0,167.681,39.573,0.798,0.0,0.0,prepaid,0.16,8.93,0.0,0.0,0.0,10.5374,-137.687,"",'132746178818141494801,2026-04-24,11082415380,1a87d25e-c464-45b1-8cf6-cf3ec484088b,100150893771,Reverse,100027686446,100027686446,11504,2002.86,5.0,990.0,0.0,990.0,return_refund,0.0,0.0,0.0,0.0,0.0,0.0,0.0,0.0,NA,0,2309.01
NFT-/XUTR/DEUTH02611488925X,63.24,0.0,0.0,2999.0,1328.0,329.078,6.324,0.0,0.0,prepaid,1.265,167.0,0.0,0.0,0.0,197.06,-1188.393,"",'132727625958940214803,2026-04-24,11078080942,9944e3fa-72b8-4d97-8d62-14592fdb8614,100150067970,Reverse,100023352057,1000006794946,11504,1264.76,5.0,1500.0,0.0,1500.0,return_refund,0.0,0.0,0.0,0.0,0.0,0.0,0.0,0.0,NA,0,1499.0
NFT-/XUTR/DEUTH02611488925X,60.91,0.0,0.0,2899.0,1279.0,316.936,6.09,0.0,0.0,prepaid,1.218,167.0,0.0,0.0,0.0,197.06,-1151.816,"",'132729667399322898003,2026-04-24,11078796931,b91806c4-172e-4ddd-bfc4-8c82d6a05edd,100152852647,Reverse,100024068044,100024068044,11504,1218.1,5.0,1449.0,0.0,1449.0,return_refund,0.0,0.0,0.0,0.0,0.0,0.0,0.0,0.0,NA,0,1450.01
NFT-/XUTR/DEUTH02611488925X,48.48,0.0,0.0,1699.0,1018.0,240.248,4.848,0.0,0.0,prepaid,0.97,0.0,0.0,45.0,0.0,53.1,718.834,"",'132725820177646826201,2026-04-24,11077484459,4ac252cf-29b6-454f-b3a2-02a6876029c5,"",Forward,100022755588,1000006193835,11504,969.52,5.0,510.0,0.0,510.0,packet_delivered,0.0,0.0,0.0,0.0,0.0,0.0,0.0,0.0,NA,0,1189.0
NFT-/XUTR/DEUTH02611488925X,28.1,0.0,0.0,1850.0,590.0,153.164,2.81,0.0,0.0,prepaid,0.562,0.0,0.0,27.0,0.0,31.86,401.604,"",'132727344697961639201,2026-04-24,11077989955,1c8a4de9-4236-4951-ad87-2d513b7d834e,"",Forward,100023261070,1000006790295,11504,561.9,5.0,1166.0,0.0,1166.0,packet_delivered,0.0,0.0,0.0,0.0,0.0,0.0,0.0,0.0,NA,0,684.0
NFT-/XUTR/DEUTH02611488925X,0.0,20.98,20.98,1950.0,881.0,228.708,0.0,2.0975,2.0975,prepaid,0.839,0.0,0.0,27.0,0.0,31.86,615.398,"",'132754746857442868401,2026-04-24,11084353395,f3c8bde8-5a56-46ac-85ae-734cc45c70b3,"",Forward,100029624452,100029624452,11504,839.04,5.0,975.0,0.0,975.0,packet_delivered,0.0,0.0,0.0,0.0,0.0,0.0,0.0,0.0,NA,0,975.0
NFT-/XUTR/DEUTH02611488925X,18.95,0.0,0.0,1699.0,397.99999999999994,18.786,1.895,0.0,0.0,prepaid,0.379,167.0,0.0,0.0,0.0,197.06,-574.0,"",'132716757039595549303,2026-04-24,11075317058,f4c8257a-2185-4aa4-8ab6-0c314d116961,100152204417,Reverse,100020588193,100020588193,11504,379.05,5.0,1207.0,0.0,1207.0,return_refund,0.0,0.0,0.0,0.0,0.0,0.0,0.0,0.0,NA,0,492.0
NFT-/XUTR/DEUTH02611488925X,68.71,0.0,0.0,1899.0,1443.0,340.548,6.871,0.0,0.0,prepaid,1.374,0.0,0.0,45.0,0.0,53.1,1041.107,"",'132715747931191800503,2026-04-24,11074993188,9bfe4ab9-59bb-4e5c-a335-31fe95e87029,"",Forward,100020264325,100020264325,11504,1374.29,5.0,285.0,0.0,285.0,packet_delivered,0.0,0.0,0.0,0.0,0.0,0.0,0.0,0.0,NA,0,1614.0
NFT-/XUTR/DEUTH02611488925X,21.91,0.0,0.0,1499.0,460.0,21.712,2.19,0.0,0.0,prepaid,0.438,0.0,0.0,27.0,0.0,31.86,403.8,"",'132734006355511320001,2026-04-24,11079424216,6dd9eacc-7ca4-4d6e-b4e7-3df902c4b127,"",Forward,100024695314,100024695314,11504,438.1,5.0,945.0,0.0,945.0,packet_delivered,0.0,0.0,0.0,0.0,0.0,0.0,0.0,0.0,NA,0,554.01
NFT-/XUTR/DEUTH02611488925X,63.24,0.0,0.0,2999.0,1328.0,329.078,6.324,0.0,0.0,prepaid,1.265,0.0,0.0,45.0,0.0,53.1,938.233,"",'132737223639338947801,2026-04-24,11080338314,6bd791ef-e9ba-4378-8c78-38b358fc1c48,"",Forward,100025609406,1000007407393,11504,1264.76,5.0,1500.0,0.0,1500.0,packet_delivered,0.0,0.0,0.0,0.0,0.0,0.0,0.0,0.0,NA,0,1499.0
NFT-/XUTR/DEUTH02611488925X,23.67,0.0,0.0,1599.0,497.0,23.458,2.367,0.0,0.0,prepaid,0.473,0.0,0.0,19.0,0.0,22.42,448.282,"",'132727483643995541701,2026-04-24,11078034804,b129566d-bbb2-4eab-b587-9de072542090,"",Forward,100023305919,100023305919,11504,473.33,5.0,1008.0,0.0,1008.0,packet_delivered,0.0,0.0,0.0,0.0,0.0,0.0,0.0,0.0,NA,0,591.0
NFT-/XUTR/DEUTH02611488925X,75.14,0.0,0.0,3499.0,1578.0,391.028,7.514,0.0,0.0,prepaid,1.503,0.0,0.0,45.0,0.0,53.1,1124.855,"",'132741407834714864103,2026-04-24,11080982909,185c5de6-3b03-4b8f-a89b-89262ae11539,"",Forward,100026254001,1000007413892,11504,1502.86,5.0,1750.0,0.0,1750.0,packet_delivered,0.0,0.0,0.0,0.0,0.0,0.0,0.0,0.0,NA,0,1749.0
NFT-/XUTR/DEUTH02611488925X,487.07,0.0,0.0,3399.0,3193.0,753.548,13.53,0.0,0.0,prepaid,2.706,0.0,0.0,61.0,0.0,71.98,2351.236,"",'132728826946778566901,2026-04-24,11078511892,258f398f-3830-4979-8f7d-835a52505bb0,"",Forward,100023783007,1000006806982,11504,2705.93,18.0,0.0,0.0,0.0,packet_delivered,0.0,0.0,0.0,0.0,0.0,0.0,0.0,0.0,NA,0,3399.0
NFT-/XUTR/DEUTH02611488925X,56.71,0.0,0.0,2899.0,1191.0,295.13,5.671,0.0,0.0,prepaid,1.134,0.0,0.0,45.0,0.0,53.1,835.965,"",'132758791535791322303,2026-04-24,11084951792,05dea901-698a-42f9-aa27-325ee2aa2b78,"",Forward,100030222849,1000008522195,11504,1134.29,5.0,1537.0,0.0,1537.0,packet_delivered,0.0,0.0,0.0,0.0,0.0,0.0,0.0,0.0,NA,0,1362.0
NFT-/XUTR/DEUTH02611488925X,104.43,0.0,0.0,2399.0,2193.0,491.671,10.443,0.0,0.0,prepaid,2.089,0.0,0.0,61.0,0.0,71.98,1616.817,"",'132751205486320580003,2026-04-24,11083282714,bfe85360-9acb-4a15-b6dc-08e0d7b48d1a,"",Forward,100028553776,100028553776,11504,2088.57,5.0,0.0,0.0,0.0,packet_delivered,0.0,0.0,0.0,0.0,0.0,0.0,0.0,0.0,NA,0,2399.0
NFT-/XUTR/DEUTH02611488925X,41.95,0.0,0.0,1950.0,881.0,228.708,4.195,0.0,0.0,prepaid,0.839,0.0,0.0,27.0,0.0,31.86,615.398,"",'132708695539611100003,2026-04-24,11073486787,cfa6cb62-ed3e-470c-81ce-26b6e2b514eb,"",Forward,100018757932,100018757932,11504,839.05,5.0,975.0,0.0,975.0,packet_delivered,0.0,0.0,0.0,0.0,0.0,0.0,0.0,0.0,NA,0,975.0
NFT-/XUTR/DEUTH02611488925X,48.48,0.0,0.0,1699.0,1018.0,240.248,4.848,0.0,0.0,prepaid,0.97,0.0,0.0,45.0,0.0,53.1,718.834,"",'132727344697961639201,2026-04-24,11077989957,1c8a4de9-4236-4951-ad87-2d513b7d834e,"",Forward,100023261072,1000006790295,11504,969.52,5.0,510.0,0.0,510.0,packet_delivered,0.0,0.0,0.0,0.0,0.0,0.0,0.0,0.0,NA,0,1189.0
NFT-/XUTR/DEUTH02611488925X,37.19,0.0,0.0,1750.0,781.0,202.748,3.719,0.0,0.0,prepaid,0.744,0.0,0.0,27.0,0.0,31.86,541.929,"",'132727697196060522401,2026-04-24,11078104185,35f0c230-b092-43d8-8490-e939ebe7bf15,"",Forward,100023375300,100023375300,11504,743.81,5.0,875.0,0.0,875.0,packet_delivered,0.0,0.0,0.0,0.0,0.0,0.0,0.0,0.0,NA,0,875.0
NFT-/XUTR/DEUTH02611488925X,103.48,0.0,0.0,3399.0,2173.0,512.828,10.348,0.0,0.0,prepaid,2.07,0.0,0.0,61.0,0.0,71.98,1575.774,"",'132729231838497935703,2026-04-24,11078675069,7e21ebe2-b0d4-4202-bf6c-0ccd364be557,"",Forward,100023946184,100023946184,11504,2069.52,5.0,1020.0,0.0,1020.0,packet_delivered,0.0,0.0,0.0,0.0,0.0,0.0,0.0,0.0,NA,0,2379.0
NFT-/XUTR/DEUTH02611488925X,90.14,0.0,0.0,2999.0,1893.0,469.085,9.014,0.0,0.0,prepaid,1.803,0.0,0.0,45.0,0.0,53.1,1359.998,"",'132749992985072405301,2026-04-24,11082933512,c4d087ba-41b5-44a9-818e-c75bc71f5da9,"",Forward,100028204574,100028204574,11504,1802.86,5.0,900.0,0.0,900.0,packet_delivered,0.0,0.0,0.0,0.0,0.0,0.0,0.0,0.0,NA,0,2099.0
NFT-/XUTR/DEUTH02611488925X,63.24,0.0,0.0,2999.0,1328.0,329.078,6.324,0.0,0.0,prepaid,1.265,0.0,0.0,45.0,0.0,53.1,938.233,"",'132729346829457705101,2026-04-24,11078716645,04dfa62f-6087-4793-b6f0-42f81759834d,"",Forward,100023987759,1000006793128,11504,1264.76,5.0,1500.0,0.0,1500.0,packet_delivered,0.0,0.0,0.0,0.0,0.0,0.0,0.0,0.0,NA,0,1499.0
NFT-/XUTR/DEUTH02611488925X,51.81,0.0,0.0,1799.0,1088.0,256.768,5.181,0.0,0.0,prepaid,1.036,167.0,0.0,0.0,0.0,197.06,-1022.075,"",'132719303931225029303,2026-04-24,11076061479,5267ffa1-af94-416e-a70a-d972931489fe,100150295676,Reverse,100021332611,100021332611,11504,1036.19,5.0,540.0,0.0,540.0,return_refund,0.0,0.0,0.0,0.0,0.0,0.0,0.0,0.0,NA,0,1259.0
NFT-/XUTR/DEUTH02611488925X,118.81,0.0,0.0,5799.0,2495.0,618.261,11.881,0.0,0.0,prepaid,2.376,0.0,0.0,61.0,0.0,71.98,1790.502,"",'132728837057263296001,2026-04-24,11078516053,3e70c2ea-c239-4db1-a2b8-0654016ce843,"",Forward,100023787168,100023787168,11504,2376.19,5.0,3074.0,0.0,3074.0,packet_delivered,0.0,0.0,0.0,0.0,0.0,0.0,0.0,0.0,NA,0,2725.0
NFT-/XUTR/DEUTH02611488925X,40.14,0.0,0.0,3499.0,385.29,100.021,1.835,0.0,0.0,prepaid,0.367,0.0,0.0,12.34,0.0,14.5612,268.506,"",'132733863640858713903,2026-04-24,11079383123,1b1b10e1-d6aa-4aeb-a469-b245f2f4be1a,"",Forward,100024654221,100024654221,11504,802.86,5.0,2485.0,0.0,2485.0,packet_delivered,0.0,0.0,0.0,0.0,0.0,0.0,0.0,0.0,NA,0,1014.0
NFT-/XUTR/DEUTH02611488925X,0.0,31.62,31.62,2999.0,1328.0,329.078,0.0,3.162,3.162,prepaid,1.265,0.0,0.0,45.0,0.0,53.1,938.233,"",'132754930822561519403,2026-04-24,11084421845,d9223f46-0247-4b75-b44d-dd5642a5ff25,"",Forward,100029692902,100029692902,11504,1264.76,5.0,1500.0,0.0,1500.0,packet_delivered,0.0,0.0,0.0,0.0,0.0,0.0,0.0,0.0,NA,0,1498.9999999999998
NFT-/XUTR/DEUTH02611488925X,53.48,0.0,0.0,3499.0,1038.57,257.358,4.946,0.0,0.0,prepaid,0.989,0.0,0.0,41.617,0.0,49.10806,726.169,"",'132718204080482544001,2026-04-24,11075750776,590f3085-7726-43f7-95fb-119cf9ee48f1,"",Forward,100021021909,100021021909,11504,1069.52,5.0,2205.0,0.0,2205.0,packet_delivered,0.0,0.0,0.0,0.0,0.0,0.0,0.0,0.0,NA,0,1294.0
NFT-/XUTR/DEUTH02611488925X,19.1,0.0,0.0,1599.0,401.0,18.927,1.91,0.0,0.0,prepaid,0.382,0.0,0.0,15.0,0.0,17.7,362.081,"",'132753656810558837003,2026-04-24,11083981537,ec04d6b1-0f68-4071-b300-d1515fd4a1bf,"",Forward,100029252595,100029252595,11504,381.9,5.0,1104.0,0.0,1104.0,packet_delivered,0.0,0.0,0.0,0.0,0.0,0.0,0.0,0.0,NA,0,495.0
NFT-/XUTR/DEUTH02611488925X,103.48,0.0,0.0,3399.0,2173.0,512.828,10.348,0.0,0.0,prepaid,2.07,0.0,0.0,61.0,0.0,71.98,1575.774,"",'132757601674747442803,2026-04-24,11084736116,675d0339-518f-4227-abc8-7ed682ab5ed9,"",Forward,100030007173,1000008539288,11504,2069.52,5.0,1020.0,0.0,1020.0,packet_delivered,0.0,0.0,0.0,0.0,0.0,0.0,0.0,0.0,NA,0,2379.0
NFT-/XUTR/DEUTH02611488925X,51.86,0.0,0.0,1799.0,1089.0,257.004,5.186,0.0,0.0,prepaid,1.037,0.0,0.0,45.0,0.0,53.1,772.673,"",'132754513787886662901,2026-04-24,11084261733,9ec9a6c8-7fda-469a-974d-8346e90bf7fa,"",Forward,100029532790,100029532790,11504,1037.14,5.0,539.0,0.0,539.0,packet_delivered,0.0,0.0,0.0,0.0,0.0,0.0,0.0,0.0,NA,0,1260.0
NFT-/XUTR/DEUTH02611488925X,40.71,0.0,0.0,1899.0,855.0,211.869,4.071,0.0,0.0,prepaid,0.814,0.0,0.0,27.0,0.0,31.86,606.386,"",'132729309912776695303,2026-04-24,11078704551,2859ae39-cca5-4bb8-a524-4621abba9fa2,"",Forward,100023975665,100023975665,11504,814.29,5.0,950.0,0.0,950.0,packet_delivered,0.0,0.0,0.0,0.0,0.0,0.0,0.0,0.0,NA,0,949.0
NFT-/XUTR/DEUTH02611488925X,76.52,0.0,0.0,3499.0,1607.0,398.215,7.652,0.0,0.0,prepaid,1.53,0.0,0.0,45.0,0.0,53.1,1146.503,"",'132729582668919558601,2026-04-24,11078779531,e85c1e49-a522-4e7e-b548-84c5e82ba5b7,"",Forward,100024050645,100024050645,11504,1530.48,5.0,1721.0,0.0,1721.0,packet_delivered,0.0,0.0,0.0,0.0,0.0,0.0,0.0,0.0,NA,0,1778.0
NFT-/XUTR/DEUTH02611488925X,55.14,0.0,0.0,1899.0,1158.0,273.288,5.514,0.0,0.0,prepaid,1.103,167.0,0.0,0.0,0.0,197.06,-1075.155,"",'132727344697961639201,2026-04-24,11077989966,1c8a4de9-4236-4951-ad87-2d513b7d834e,100152877255,Reverse,100023261081,1000006790295,11504,1102.86,5.0,570.0,0.0,570.0,return_refund,0.0,0.0,0.0,0.0,0.0,0.0,0.0,0.0,NA,0,1329.0
NFT-/XUTR/DEUTH02611488925X,448.93,0.0,0.0,4499.0,2943.0,694.548,12.47,0.0,0.0,prepaid,2.494,0.0,0.0,61.0,0.0,71.98,2161.508,"",'132737759743842883301,2026-04-24,11080534354,f0d9006f-1904-4158-a556-be61a862610a,"",Forward,100025805446,100025805446,11504,2494.07,18.0,1350.0,0.0,1350.0,packet_delivered,0.0,0.0,0.0,0.0,0.0,0.0,0.0,0.0,NA,0,3149.01
NFT-/XUTR/DEUTH02611488925X,38.0,0.0,0.0,1899.0,798.0,207.161,3.8,0.0,0.0,prepaid,0.76,112.0,0.0,0.0,0.0,132.16,-718.439,"",'132736482025850740903,2026-04-24,11080098813,b008112f-6d8f-4375-854c-ee59c68d4272,100150787734,Reverse,100025369905,100025369905,11504,760,5.0,1007.0,0.0,1007.0,return_refund,0.0,0.0,0.0,0.0,0.0,0.0,0.0,0.0,NA,0,891.99
NFT-/XUTR/DEUTH02611488925X,50.19,0.0,0.0,1750.0,1054.0,248.744,5.019,0.0,0.0,prepaid,1.004,0.0,0.0,45.0,0.0,53.1,746.133,"",'132732687504882522503,2026-04-24,11079064589,82dc5c8c-d8f5-4357-8ef5-94ed51140fdc,"",Forward,100024335697,100024335697,11504,1003.81,5.0,525.0,0.0,525.0,packet_delivered,0.0,0.0,0.0,0.0,0.0,0.0,0.0,0.0,NA,0,1224.99
NFT-/XUTR/DEUTH02611488925X,37.19,0.0,0.0,1750.0,781.0,202.748,3.719,0.0,0.0,prepaid,0.744,0.0,0.0,27.0,0.0,31.86,541.929,"",'132737205473771348001,2026-04-24,11080331548,08538622-c65d-4623-9051-9f195b288604,"",Forward,100025602640,100025602640,11504,743.81,5.0,875.0,0.0,875.0,packet_delivered,0.0,0.0,0.0,0.0,0.0,0.0,0.0,0.0,NA,0,875.0
NFT-/XUTR/DEUTH02611488925X,70.38,0.0,0.0,3299.0,1478.0,366.248,7.038,0.0,0.0,prepaid,1.408,167.0,0.0,0.0,0.0,197.06,-1300.366,"",'132729346829457705101,2026-04-24,11078716644,04dfa62f-6087-4793-b6f0-42f81759834d,100150070593,Reverse,100023987758,1000006793128,11504,1407.62,5.0,1650.0,0.0,1650.0,return_refund,0.0,0.0,0.0,0.0,0.0,0.0,0.0,0.0,NA,0,1649.0
NFT-/XUTR/DEUTH02611488925X,38.33,0.0,0.0,1799.0,805.0,208.978,3.833,0.0,0.0,prepaid,0.767,167.0,0.0,0.0,0.0,197.06,-788.482,"",'132729716295096975903,2026-04-24,11078805928,6869dd16-72ea-4de7-949b-e5e2db36b5d8,11078805928,Reverse,100024077042,100024077042,11504,766.67,5.0,900.0,0.0,900.0,exchange,0.0,0.0,0.0,0.0,0.0,0.0,0.0,0.0,NA,0,899.0
NFT-/XUTR/DEUTH02611488925X,51.81,0.0,0.0,1799.0,1088.0,256.768,5.181,0.0,0.0,prepaid,1.036,0.0,0.0,45.0,0.0,53.1,771.915,"",'132740734600955375603,2026-04-24,11080845972,2a75066f-3fa4-4856-95a2-525e096d639f,"",Forward,100026117064,100026117064,11504,1036.19,5.0,540.0,0.0,540.0,packet_delivered,0.0,0.0,0.0,0.0,0.0,0.0,0.0,0.0,NA,0,1259.0
NFT-/XUTR/DEUTH02611488925X,41.19,0.0,0.0,2999.0,865.0,224.554,4.119,0.0,0.0,prepaid,0.824,0.0,0.0,27.0,0.0,31.86,603.643,"",'132740988859918529603,2026-04-24,11080891043,11e75013-cb31-41c4-965d-025e07c1e0fe,"",Forward,100026162135,100026162135,11504,823.81,5.0,2040.0,0.0,2040.0,packet_delivered,0.0,0.0,0.0,0.0,0.0,0.0,0.0,0.0,NA,0,959.0
NFT-/XUTR/DEUTH02611488925X,23.67,0.0,0.0,1599.0,496.99999999999994,23.458,2.367,0.0,0.0,prepaid,0.473,167.0,0.0,0.0,0.0,197.06,-667.762,"",'132727745716277211303,2026-04-24,11078120046,29388502-af16-468c-b286-019d7c1c7e57,100151122999,Reverse,100023391161,100023391161,11504,473.33,5.0,1008.0,0.0,1008.0,return_refund,0.0,0.0,0.0,0.0,0.0,0.0,0.0,0.0,NA,0,591.0
NFT-/XUTR/DEUTH02611488925X,52.24,0.0,0.0,2699.0,1097.0,271.837,5.224,0.0,0.0,prepaid,1.045,167.0,0.0,0.0,0.0,197.06,-1015.954,"",'132729787037708390703,2026-04-24,11078817320,ab46cb08-89f2-4dfa-b099-086bf9644098,100151519837,Reverse,100024088434,100024088434,11504,1044.76,5.0,1431.0,0.0,1431.0,return_refund,0.0,0.0,0.0,0.0,0.0,0.0,0.0,0.0,NA,0,1268.0
NFT-/XUTR/DEUTH02611488925X,19.1,0.0,0.0,1599.0,401.0,18.927,1.91,0.0,0.0,prepaid,0.382,0.0,0.0,15.0,0.0,17.7,362.081,"",'132728737612823578101,2026-04-24,11078474878,c20be022-8132-4b34-b025-e2e428a0e0bf,"",Forward,100023745994,1000006447324,11504,381.9,5.0,1104.0,0.0,1104.0,packet_delivered,0.0,0.0,0.0,0.0,0.0,0.0,0.0,0.0,NA,0,495.0
NFT-/XUTR/DEUTH02611488925X,34.24,0.0,0.0,2199.0,719.0,33.937,3.424,0.0,0.0,prepaid,0.685,0.0,0.0,27.0,0.0,31.86,649.094,"",'132735910122728778803,2026-04-24,11079940259,c3794444-0b72-43b8-a770-70480155645e,"",Forward,100025211351,100025211351,11504,684.76,5.0,1386.0,0.0,1386.0,packet_delivered,0.0,0.0,0.0,0.0,0.0,0.0,0.0,0.0,NA,0,813.0
NFT-/XUTR/DEUTH02611488925X,60.86,0.0,0.0,2899.0,1278.0,316.688,6.086,0.0,0.0,prepaid,1.217,167.0,0.0,0.0,0.0,197.06,-1151.069,"",'132729915239668106601,2026-04-24,11078834194,3a9b009d-aba2-4272-aaa0-16fa98cb208b,100150029241,Reverse,100024105308,1000006792243,11504,1217.14,5.0,1450.0,0.0,1450.0,return_refund,0.0,0.0,0.0,0.0,0.0,0.0,0.0,0.0,NA,0,1449.0
NFT-/XUTR/DEUTH02611488925X,34.81,0.0,0.0,1650.0,301.848,78.36,1.437,0.0,0.0,prepaid,0.287,0.0,0.0,11.149,0.0,13.15582,208.608,"",'132729097898198640403,2026-04-24,11078621494,c5e9cf37-26f9-413d-9bb6-675b86e2eb78,"",Forward,100023892609,100023892609,11504,696.19,5.0,825.0,0.0,825.0,packet_delivered,0.0,0.0,0.0,0.0,0.0,0.0,0.0,0.0,NA,0,825.02
NFT-/XUTR/DEUTH02611488925X,39.52,0.0,0.0,2499.0,830.0,215.468,3.952,0.0,0.0,prepaid,0.79,0.0,0.0,27.0,0.0,31.86,577.93,"",'132753938682641741201,2026-04-24,11084067467,26926d40-35b1-48d0-b18b-f9a9a44d346b,"",Forward,100029338526,100029338526,11504,790.48,5.0,1575.0,0.0,1575.0,packet_delivered,0.0,0.0,0.0,0.0,0.0,0.0,0.0,0.0,NA,0,924.0
NFT-/XUTR/DEUTH02611488925X,63.24,0.0,0.0,2999.0,1328.0,329.078,6.324,0.0,0.0,prepaid,1.265,91.0,0.0,0.0,0.0,107.38,-1098.713,"",'132755128605256052901,2026-04-24,11084488821,e92aa0ad-712f-42b7-a879-3cf3436da62b,100150170993,Reverse,100029759878,100029759878,11504,1264.76,5.0,1500.0,0.0,1500.0,return_refund,0.0,0.0,0.0,0.0,0.0,0.0,0.0,0.0,NA,0,1499.01
NFT-/XUTR/DEUTH02611488925X,19.1,0.0,0.0,1650.0,401.0,18.927,1.91,0.0,0.0,prepaid,0.382,0.0,0.0,15.0,0.0,17.7,362.081,"",'132727910306878601401,2026-04-24,11078175518,6ef8cf13-6a8e-4abe-b181-e4ae6e4d5864,"",Forward,100023446633,1000006797712,11504,381.9,5.0,1155.0,0.0,1155.0,packet_delivered,0.0,0.0,0.0,0.0,0.0,0.0,0.0,0.0,NA,0,495.0
NFT-/XUTR/DEUTH02611488925X,35.95,0.0,0.0,1699.0,755.0,195.998,3.595,0.0,0.0,prepaid,0.719,167.0,0.0,0.0,0.0,197.06,-751.748,"",'132727014219297640603,2026-04-24,11077886397,0036db20-e92f-4966-88fe-31b7b2ff071e,100149988789,Reverse,100023157514,100023157514,11504,719.05,5.0,850.0,0.0,850.0,return_refund,0.0,0.0,0.0,0.0,0.0,0.0,0.0,0.0,NA,0,849.0
NFT-/XUTR/DEUTH02611488925X,45.14,0.0,0.0,1599.0,948.0,246.101,4.514,0.0,0.0,prepaid,0.903,0.0,0.0,27.0,0.0,31.86,664.622,"",'132729246274468430601,2026-04-24,11078681064,6578c8d8-0b1b-4abd-b03e-3fae1ee540a4,"",Forward,100023952178,100023952178,11504,902.86,5.0,480.0,0.0,480.0,packet_delivered,0.0,0.0,0.0,0.0,0.0,0.0,0.0,0.0,NA,0,1119.0
NFT-/XUTR/DEUTH02611488925X,33.57,0.0,0.0,1599.0,705.0,183.018,3.357,0.0,0.0,prepaid,0.671,91.0,0.0,0.0,0.0,107.38,-625.334,"",'132757619390644181803,2026-04-24,11084737496,0cae4707-5ef2-4e47-a1ed-f697727fa45d,100150189973,Reverse,100030008553,1000008543946,11504,671.43,5.0,800.0,0.0,800.0,return_refund,0.0,0.0,0.0,0.0,0.0,0.0,0.0,0.0,NA,0,799.0
NFT-/XUTR/DEUTH02611488925X,425.9,0.0,0.0,2999.0,2792.0,658.912,11.831,0.0,0.0,prepaid,2.366,0.0,0.0,61.0,0.0,71.98,2046.911,"",'132731780585722231001,2026-04-24,11078923221,c294b1ce-fa1e-4022-a2cf-f84749c4f6d6,"",Forward,100024194334,100024194334,11504,2366.1,18.0,1.0,0.0,1.0,packet_delivered,0.0,0.0,0.0,0.0,0.0,0.0,0.0,0.0,NA,0,2998.0
NFT-/XUTR/DEUTH02611488925X,37.19,0.0,0.0,1750.0,781.0,202.748,3.719,0.0,0.0,prepaid,0.744,0.0,0.0,27.0,0.0,31.86,541.929,"",'132751164071159101803,2026-04-24,11083269806,bccaa009-ddd0-4fad-8189-406a7ec757a2,"",Forward,100028540869,100028540869,11504,743.81,5.0,875.0,0.0,875.0,packet_delivered,0.0,0.0,0.0,0.0,0.0,0.0,0.0,0.0,NA,0,875.0
NFT-/XUTR/DEUTH02611488925X,35.76,0.0,0.0,1799.0,751.0,194.96,3.576,0.0,0.0,prepaid,0.715,0.0,0.0,27.0,0.0,31.86,519.889,"",'132757619390644181803,2026-04-24,11084737495,0cae4707-5ef2-4e47-a1ed-f697727fa45d,"",Forward,100030008552,1000008543946,11504,715.24,5.0,954.0,0.0,954.0,packet_delivered,0.0,0.0,0.0,0.0,0.0,0.0,0.0,0.0,NA,0,845.0
NFT-/XUTR/DEUTH02611488925X,6.41,0.0,0.0,399.0,220.0,33.748,1.068,0.0,0.0,prepaid,0.214,0.0,0.0,27.0,0.0,31.86,153.11,"",'132733047758553877601,2026-04-24,11079151255,eb30adc0-4fd5-430d-9219-b602fb6b7f48,"",Forward,100024422354,100024422354,11504,213.59,3.0,120.0,0.0,120.0,packet_delivered,0.0,0.0,0.0,0.0,0.0,0.0,0.0,0.0,NA,0,279.0
NFT-/XUTR/DEUTH02611488925X,19.1,0.0,0.0,1599.0,401.0,18.927,1.91,0.0,0.0,prepaid,0.382,0.0,0.0,15.0,0.0,17.7,362.081,"",'132754359231009839001,2026-04-24,11084205546,a4bad674-f863-425d-90e2-ed0f0ec41e1b,"",Forward,100029476604,100029476604,11504,381.9,5.0,1104.0,0.0,1104.0,packet_delivered,0.0,0.0,0.0,0.0,0.0,0.0,0.0,0.0,NA,0,495.0
NFT-/XUTR/DEUTH02611488925X,40.29,0.0,0.0,2750.0,846.0,219.622,4.029,0.0,0.0,prepaid,0.806,0.0,0.0,27.0,0.0,31.86,589.683,"",'132729915239668106601,2026-04-24,11078834193,3a9b009d-aba2-4272-aaa0-16fa98cb208b,"",Forward,100024105307,1000006792243,11504,805.71,5.0,1733.0,0.0,1733.0,packet_delivered,0.0,0.0,0.0,0.0,0.0,0.0,0.0,0.0,NA,0,1017.0
NFT-/XUTR/DEUTH02611488925X,51.81,0.0,0.0,1799.0,1088.0,256.768,5.181,0.0,0.0,prepaid,1.036,112.0,0.0,0.0,0.0,132.16,-957.175,"",'132746125937238988403,2026-04-24,11082395426,951d2502-7d17-4309-b42b-3a71fffc63bf,100150855999,Reverse,100027666492,100027666492,11504,1036.19,5.0,540.0,0.0,540.0,return_refund,0.0,0.0,0.0,0.0,0.0,0.0,0.0,0.0,NA,0,1259.0
NFT-/XUTR/DEUTH02611488925X,448.93,0.0,0.0,4499.0,2943.0,694.548,12.47,0.0,0.0,prepaid,2.494,167.0,0.0,0.0,0.0,197.06,-2430.548,"",'132737759743842883301,2026-04-24,11080534354,f0d9006f-1904-4158-a556-be61a862610a,100151296771,Reverse,100025805446,100025805446,11504,2494.07,18.0,1350.0,0.0,1350.0,return_refund,0.0,0.0,0.0,0.0,0.0,0.0,0.0,0.0,NA,0,3149.01
NFT-/XUTR/DEUTH02611488925X,25.43,0.0,0.0,1699.0,534.0,37.807,2.543,0.0,0.0,prepaid,0.509,167.0,0.0,0.0,0.0,197.06,-690.201,"",'132728045417886620103,2026-04-24,11078220245,ee5fe079-8cb6-49fe-b255-8319eeea8ca4,100151472287,Reverse,100023491360,1000006799559,11504,508.57,5.0,1071.0,0.0,1071.0,return_refund,0.0,0.0,0.0,0.0,0.0,0.0,0.0,0.0,NA,0,628.0
NFT-/XUTR/DEUTH02611488925X,62.29,0.0,0.0,3999.0,1308.0,324.122,6.229,0.0,0.0,prepaid,1.246,167.0,0.0,0.0,0.0,197.06,-1173.463,"",'132732472475832143803,2026-04-24,11079020951,0ea2f6ef-f236-4521-9536-af89ee4b50cc,100149977397,Reverse,100024292064,100024292064,11504,1245.71,5.0,2520.0,0.0,2520.0,return_refund,0.0,0.0,0.0,0.0,0.0,0.0,0.0,0.0,NA,0,1479.0
NFT-/XUTR/DEUTH02611488925X,34.24,0.0,0.0,2199.0,719.0,33.937,3.424,0.0,0.0,prepaid,0.685,91.0,0.0,0.0,0.0,107.38,-788.334,"",'132755198563605271803,2026-04-24,11084513823,23792ab5-a845-4ee0-a6a6-06efe30d4c5b,100150790654,Reverse,100029784880,100029784880,11504,684.76,5.0,1386.0,0.0,1386.0,return_refund,0.0,0.0,0.0,0.0,0.0,0.0,0.0,0.0,NA,0,813.0
NFT-/XUTR/DEUTH02611488925X,48.95,0.0,0.0,2399.0,1028.0,242.608,4.895,0.0,0.0,prepaid,0.979,167.0,0.0,0.0,0.0,197.06,-976.578,"",'132727344697961639201,2026-04-24,11077989967,1c8a4de9-4236-4951-ad87-2d513b7d834e,11077989967,Reverse,100023261082,1000006790295,11504,979.05,5.0,1200.0,0.0,1200.0,exchange,0.0,0.0,0.0,0.0,0.0,0.0,0.0,0.0,NA,0,1199.0
NFT-/XUTR/DEUTH02611488925X,43.05,0.0,0.0,2699.0,904.0,234.678,4.305,0.0,0.0,prepaid,0.861,0.0,0.0,27.0,0.0,31.86,632.296,"",'132733156811763487401,2026-04-24,11079180703,0aa5df6a-ec39-4165-be21-3bcfe145427b,"",Forward,100024451802,100024451802,11504,860.95,5.0,1701.0,0.0,1701.0,packet_delivered,0.0,0.0,0.0,0.0,0.0,0.0,0.0,0.0,NA,0,998.0
NFT-/XUTR/DEUTH02611488925X,40.81,0.0,0.0,2799.0,857.0,222.477,4.081,0.0,0.0,prepaid,0.816,0.0,0.0,27.0,0.0,31.86,597.766,"",'132757969870674088003,2026-04-24,11084777549,5c35a133-0ca9-4319-a00c-58c91f579d50,"",Forward,100030048606,100030048606,11504,816.19,5.0,1848.0,0.0,1848.0,packet_delivered,0.0,0.0,0.0,0.0,0.0,0.0,0.0,0.0,NA,0,951.0
NFT-/XUTR/DEUTH02611488925X,56.71,0.0,0.0,2899.0,1191.0,295.13,5.671,0.0,0.0,prepaid,1.134,167.0,0.0,0.0,0.0,197.06,-1086.125,"",'132726901222097729203,2026-04-24,11077849823,bba88f09-ea6a-45c8-bce3-4c5f3f219400,100150319135,Reverse,100023120941,1000006784543,11504,1134.29,5.0,1537.0,0.0,1537.0,return_refund,0.0,0.0,0.0,0.0,0.0,0.0,0.0,0.0,NA,0,1362.01
NFT-/XUTR/DEUTH02611488925X,19.1,0.0,0.0,1599.0,401.0,18.927,1.91,0.0,0.0,prepaid,0.382,91.0,0.0,0.0,0.0,107.38,-487.161,"",'132750512881244629601,2026-04-24,11083070615,f809f18d-0594-4f0d-8b3c-741cf858cd7f,100149817610,Reverse,100028341677,1000007900668,11504,381.9,5.0,1104.0,0.0,1104.0,return_refund,0.0,0.0,0.0,0.0,0.0,0.0,0.0,0.0,NA,0,495.0
NFT-/XUTR/DEUTH02611488925X,90.14,0.0,0.0,2999.0,1593.0,394.745,7.586,0.0,0.0,prepaid,1.517,0.0,0.0,37.868,0.0,44.68424,1144.468,"",'132727559106240348403,2026-04-24,11078059144,80f92fce-c8fe-4508-aaa9-7cdebba8cf31,"",Forward,100023330259,100023330259,11504,1802.86,5.0,900.0,300.0,1200.0,packet_delivered,0.0,0.0,0.0,0.0,0.0,0.0,0.0,0.0,NA,0,2099.0
NFT-/XUTR/DEUTH02611488925X,24.57,0.0,0.0,1650.0,516.0,133.954,2.457,0.0,0.0,prepaid,0.491,0.0,0.0,27.0,0.0,31.86,347.238,"",'132725901679092609801,2026-04-24,11077512213,e3e16ba5-3969-40c3-8ba9-94c184a0beff,"",Forward,100022783342,100022783342,11504,491.43,5.0,1040.0,0.0,1040.0,packet_delivered,0.0,0.0,0.0,0.0,0.0,0.0,0.0,0.0,NA,0,610.0
NFT-/XUTR/DEUTH02611488925X,38.33,0.0,0.0,1799.0,805.0,208.978,3.833,0.0,0.0,prepaid,0.767,0.0,0.0,27.0,0.0,31.86,559.562,"",'132728751329718733403,2026-04-24,11078480604,2ff0e26c-b578-4771-93da-d776e83e18a6,"",Forward,100023751720,100023751720,11504,766.67,5.0,900.0,0.0,900.0,packet_delivered,0.0,0.0,0.0,0.0,0.0,0.0,0.0,0.0,NA,0,899.0
NFT-/XUTR/DEUTH02611488925X,63.24,0.0,0.0,2999.0,1328.0,329.078,6.324,0.0,0.0,prepaid,1.265,0.0,0.0,45.0,0.0,53.1,938.233,"",'132718558603991005303,2026-04-24,11075851465,058e6ada-cefe-4f04-843b-cca62c15f978,"",Forward,100021122597,100021122597,11504,1264.76,5.0,1500.0,0.0,1500.0,packet_delivered,0.0,0.0,0.0,0.0,0.0,0.0,0.0,0.0,NA,0,1499.0
NFT-/XUTR/DEUTH02611488925X,75.14,0.0,0.0,3499.0,1578.0,391.028,7.514,0.0,0.0,prepaid,1.503,0.0,0.0,45.0,0.0,53.1,1124.855,"",'132737568182943921901,2026-04-24,11080467386,b3e1cee6-3971-4894-92a4-3e90b4371c95,"",Forward,100025738478,100025738478,11504,1502.86,5.0,1750.0,0.0,1750.0,packet_delivered,0.0,0.0,0.0,0.0,0.0,0.0,0.0,0.0,NA,0,1749.0
NFT-/XUTR/DEUTH02611488925X,58.95,0.0,0.0,2999.0,1238.0,306.776,5.895,0.0,0.0,prepaid,1.179,167.0,0.0,0.0,0.0,197.06,-1121.21,"",'132737527261413597503,2026-04-24,11080452008,d304d171-1cba-431f-8f64-bb96c2ac53ed,100150357929,Reverse,100025723100,100025723100,11504,1179.05,5.0,1590.0,0.0,1590.0,return_refund,0.0,0.0,0.0,0.0,0.0,0.0,0.0,0.0,NA,0,1409.0
NFT-/XUTR/DEUTH02611488925X,58.95,0.0,0.0,2999.0,1238.0,306.776,5.895,0.0,0.0,prepaid,1.179,0.0,0.0,45.0,0.0,53.1,871.05,"",'132735523323010333103,2026-04-24,11079837883,293b706b-6841-459f-84bb-ea85b072955e,"",Forward,100025108977,1000007419163,11504,1179.05,5.0,1590.0,0.0,1590.0,packet_delivered,0.0,0.0,0.0,0.0,0.0,0.0,0.0,0.0,NA,0,1409.0
NFT-/XUTR/DEUTH02611488925X,55.14,0.0,0.0,1899.0,1158.0,273.288,5.514,0.0,0.0,prepaid,1.103,0.0,0.0,45.0,0.0,53.1,824.995,"",'132727344697961639201,2026-04-24,11077989966,1c8a4de9-4236-4951-ad87-2d513b7d834e,"",Forward,100023261081,1000006790295,11504,1102.86,5.0,570.0,0.0,570.0,packet_delivered,0.0,0.0,0.0,0.0,0.0,0.0,0.0,0.0,NA,0,1329.0
NFT-/XUTR/DEUTH02611488925X,40.29,0.0,0.0,2750.0,846.0,219.622,4.029,0.0,0.0,prepaid,0.806,0.0,0.0,27.0,0.0,31.86,589.683,"",'132753101578352798703,2026-04-24,11083822986,f388ff4f-fd8e-44e2-b3ff-fe20639ebdf9,"",Forward,100029094044,100029094044,11504,805.71,5.0,1733.0,0.0,1733.0,packet_delivered,0.0,0.0,0.0,0.0,0.0,0.0,0.0,0.0,NA,0,1017.0
NFT-/XUTR/DEUTH02611488925X,43.1,0.0,0.0,1999.0,905.0,234.938,4.31,0.0,0.0,prepaid,0.862,91.0,0.0,0.0,0.0,107.38,-772.27,"",'132751357389960988603,2026-04-24,11083328933,278c9863-f2b2-42cf-9058-730c5e94d188,11083328933,Reverse,100028599994,100028599994,11504,861.9,5.0,1000.0,0.0,1000.0,exchange,0.0,0.0,0.0,0.0,0.0,0.0,0.0,0.0,NA,0,999.0
NFT-/XUTR/DEUTH02611488925X,34.24,0.0,0.0,2199.0,719.0,33.937,3.424,0.0,0.0,prepaid,0.685,167.0,0.0,0.0,0.0,197.06,-878.014,"",'132735910122728778803,2026-04-24,11079940259,c3794444-0b72-43b8-a770-70480155645e,100152592662,Reverse,100025211351,100025211351,11504,684.76,5.0,1386.0,0.0,1386.0,return_refund,0.0,0.0,0.0,0.0,0.0,0.0,0.0,0.0,NA,0,813.0
NFT-/XUTR/DEUTH02611488925X,63.24,0.0,0.0,2999.0,1328.0,329.078,6.324,0.0,0.0,prepaid,1.265,0.0,0.0,45.0,0.0,53.1,938.233,"",'132727625958940214803,2026-04-24,11078080942,9944e3fa-72b8-4d97-8d62-14592fdb8614,"",Forward,100023352057,1000006794946,11504,1264.76,5.0,1500.0,0.0,1500.0,packet_delivered,0.0,0.0,0.0,0.0,0.0,0.0,0.0,0.0,NA,0,1499.0
NFT-/XUTR/DEUTH02611488925X,21.91,0.0,0.0,1499.0,459.99999999999994,21.712,2.19,0.0,0.0,prepaid,0.438,167.0,0.0,0.0,0.0,197.06,-632.72,"",'132734006355511320001,2026-04-24,11079424216,6dd9eacc-7ca4-4d6e-b4e7-3df902c4b127,100149857825,Reverse,100024695314,100024695314,11504,438.1,5.0,945.0,0.0,945.0,return_refund,0.0,0.0,0.0,0.0,0.0,0.0,0.0,0.0,NA,0,554.01
NFT-/XUTR/DEUTH02611488925X,35.95,0.0,0.0,1699.0,755.0,195.998,3.595,0.0,0.0,prepaid,0.719,167.0,0.0,0.0,0.0,197.06,-751.748,"",'132727344697961639201,2026-04-24,11077989963,1c8a4de9-4236-4951-ad87-2d513b7d834e,100152877332,Reverse,100023261078,1000006790295,11504,719.05,5.0,850.0,0.0,850.0,return_refund,0.0,0.0,0.0,0.0,0.0,0.0,0.0,0.0,NA,0,849.0
NFT-/XUTR/DEUTH02611488925X,47.52,0.0,0.0,1799.0,998.0,259.081,4.752,0.0,0.0,prepaid,0.95,167.0,0.0,0.0,0.0,197.06,-930.277,"",'132727550479304354201,2026-04-24,11078056274,768cc22b-80cc-4dc0-b723-f4c323142652,100149920070,Reverse,100023327389,1000006351797,11504,950.48,5.0,630.0,0.0,630.0,return_refund,0.0,0.0,0.0,0.0,0.0,0.0,0.0,0.0,NA,0,1169.0
NFT-/XUTR/DEUTH02611488925X,46.86,0.0,0.0,1650.0,984.0,255.44600000000003,4.686,0.0,0.0,prepaid,0.937,0.0,0.0,27.0,0.0,31.86,691.071,"",'132729220228807998903,2026-04-24,11078670446,7d127805-e660-4dd6-97da-907517881050,"",Forward,100023941561,100023941561,11504,937.14,5.0,495.0,0.0,495.0,packet_delivered,0.0,0.0,0.0,0.0,0.0,0.0,0.0,0.0,NA,0,1155.0
NFT-/XUTR/DEUTH02611488925X,51.33,0.0,0.0,2499.0,1078.0,254.408,5.133,0.0,0.0,prepaid,1.027,0.0,0.0,45.0,0.0,53.1,764.332,"",'132747109454271612503,2026-04-24,11082671423,16f35d84-9911-4839-95cf-848d2a3c4803,"",Forward,100027942489,100027942489,11504,1026.67,5.0,1250.0,0.0,1250.0,packet_delivered,0.0,0.0,0.0,0.0,0.0,0.0,0.0,0.0,NA,0,1249.0
NFT-/XUTR/DEUTH02611488925X,58.95,0.0,0.0,2999.0,1238.0,306.776,5.895,0.0,0.0,prepaid,1.179,0.0,0.0,45.0,0.0,53.1,871.05,"",'132759104337738537101,2026-04-24,11085040552,347ac340-8bc0-4198-8bb4-bfe02316bd6e,"",Forward,100030311609,100030311609,11504,1179.05,5.0,1590.0,0.0,1590.0,packet_delivered,0.0,0.0,0.0,0.0,0.0,0.0,0.0,0.0,NA,0,1409.0
NFT-/XUTR/DEUTH02611488925X,25.43,0.0,0.0,1699.0,534.0,37.807,2.543,0.0,0.0,prepaid,0.509,0.0,0.0,27.0,0.0,31.86,461.281,"",'132728045417886620103,2026-04-24,11078220245,ee5fe079-8cb6-49fe-b255-8319eeea8ca4,"",Forward,100023491360,1000006799559,11504,508.57,5.0,1071.0,0.0,1071.0,packet_delivered,0.0,0.0,0.0,0.0,0.0,0.0,0.0,0.0,NA,0,628.0
NFT-/XUTR/DEUTH02611488925X,23.67,0.0,0.0,1599.0,497.0,23.458,2.367,0.0,0.0,prepaid,0.473,0.0,0.0,19.0,0.0,22.42,448.282,"",'132732588740018128701,2026-04-24,11079043483,6c1f6b26-d88d-4233-a33e-173992088aeb,"",Forward,100024314596,100024314596,11504,473.33,5.0,1008.0,0.0,1008.0,packet_delivered,0.0,0.0,0.0,0.0,0.0,0.0,0.0,0.0,NA,0,591.0
NFT-/XUTR/DEUTH02611488925X,75.14,0.0,0.0,3499.0,1578.0,391.028,7.514,0.0,0.0,prepaid,1.503,167.0,0.0,0.0,0.0,197.06,-1375.015,"",'132741407834714864103,2026-04-24,11080982909,185c5de6-3b03-4b8f-a89b-89262ae11539,11080982909,Reverse,100026254001,1000007413892,11504,1502.86,5.0,1750.0,0.0,1750.0,exchange,0.0,0.0,0.0,0.0,0.0,0.0,0.0,0.0,NA,0,1749.0
NFT-/XUTR/DEUTH02611488925X,23.67,0.0,0.0,1599.0,497.0,23.458,2.367,0.0,0.0,prepaid,0.473,0.0,0.0,27.0,0.0,31.86,438.842,"",'132711221281335877501,2026-04-24,11074242626,df897bc4-afbe-4ab0-a951-a60d2e5670b8,"",Forward,100019513764,1000005164917,11504,473.33,5.0,1008.0,0.0,1008.0,packet_delivered,0.0,0.0,0.0,0.0,0.0,0.0,0.0,0.0,NA,0,591.0
NFT-/XUTR/DEUTH02611488925X,27.62,0.0,0.0,1499.0,580.0,150.568,2.762,0.0,0.0,prepaid,0.552,0.0,0.0,27.0,0.0,31.86,394.258,"",'132755515071023775303,2026-04-24,11084599509,b47d0d54-0de7-4926-8b2d-cb95bc075aa2,"",Forward,100029870566,1000008307687,11504,552.38,5.0,825.0,0.0,825.0,packet_delivered,0.0,0.0,0.0,0.0,0.0,0.0,0.0,0.0,NA,0,674.0
NFT-/XUTR/DEUTH02611488925X,100.14,0.0,0.0,3299.0,167.681,39.573,0.798,0.0,0.0,prepaid,0.16,0.0,0.0,4.864,0.0,5.73952,121.41,"",'132746178818141494801,2026-04-24,11082415380,1a87d25e-c464-45b1-8cf6-cf3ec484088b,"",Forward,100027686446,100027686446,11504,2002.86,5.0,990.0,0.0,990.0,packet_delivered,0.0,0.0,0.0,0.0,0.0,0.0,0.0,0.0,NA,0,2309.01
NFT-/XUTR/DEUTH02611488925X,33.52,0.0,0.0,1699.0,704.0,182.758,3.352,0.0,0.0,prepaid,0.67,0.0,0.0,27.0,0.0,31.86,485.36,"",'132752201299897065901,2026-04-24,11083578280,a54a9cdf-5cc2-46a7-b2ce-8490abbdcdc8,"",Forward,100028849340,100028849340,11504,670.48,5.0,901.0,0.0,901.0,packet_delivered,0.0,0.0,0.0,0.0,0.0,0.0,0.0,0.0,NA,0,798.0
NFT-/XUTR/DEUTH02611488925X,63.24,0.0,0.0,2999.0,1328.0,329.078,6.324,0.0,0.0,prepaid,1.265,0.0,0.0,45.0,0.0,53.1,938.233,"",'132730698604437644403,2026-04-24,11078882082,b92b62d6-0028-4ed3-a6b4-7f894c9c4fc3,"",Forward,100024153196,1000006804491,11504,1264.76,5.0,1500.0,0.0,1500.0,packet_delivered,0.0,0.0,0.0,0.0,0.0,0.0,0.0,0.0,NA,0,1498.99
NFT-/XUTR/DEUTH02611488925X,51.81,0.0,0.0,1799.0,1088.0,256.768,5.181,0.0,0.0,prepaid,1.036,0.0,0.0,45.0,0.0,53.1,771.915,"",'132746125937238988403,2026-04-24,11082395426,951d2502-7d17-4309-b42b-3a71fffc63bf,"",Forward,100027666492,100027666492,11504,1036.19,5.0,540.0,0.0,540.0,packet_delivered,0.0,0.0,0.0,0.0,0.0,0.0,0.0,0.0,NA,0,1259.0
NFT-/XUTR/DEUTH02611488925X,41.38,0.0,0.0,1899.0,869.0,225.592,4.138,0.0,0.0,prepaid,0.828,167.0,0.0,0.0,0.0,197.06,-835.502,"",'132732450611474918701,2026-04-24,11079016932,7ad4342f-adf3-42ca-b1e2-eb1b107b7d97,11079016932,Reverse,100024288045,100024288045,11504,827.62,5.0,936.0,0.0,936.0,exchange,0.0,0.0,0.0,0.0,0.0,0.0,0.0,0.0,NA,0,963.0
NFT-/XUTR/DEUTH02611488925X,55.14,0.0,0.0,1899.0,1158.0,273.288,5.514,0.0,0.0,prepaid,1.103,167.0,0.0,0.0,0.0,197.06,-1075.155,"",'132732587866499020903,2026-04-24,11079043292,d31d41e1-a39a-4e6d-837f-0e14ac090829,100149797875,Reverse,100024314405,100024314405,11504,1102.86,5.0,570.0,0.0,570.0,return_refund,0.0,0.0,0.0,0.0,0.0,0.0,0.0,0.0,NA,0,1329.0
NFT-/XUTR/DEUTH02611488925X,62.29,0.0,0.0,3999.0,1308.0,324.122,6.229,0.0,0.0,prepaid,1.246,0.0,0.0,45.0,0.0,53.1,923.303,"",'132732472475832143803,2026-04-24,11079020951,0ea2f6ef-f236-4521-9536-af89ee4b50cc,"",Forward,100024292064,100024292064,11504,1245.71,5.0,2520.0,0.0,2520.0,packet_delivered,0.0,0.0,0.0,0.0,0.0,0.0,0.0,0.0,NA,0,1479.0
NFT-/XUTR/DEUTH02611488925X,40.71,0.0,0.0,1899.0,855.0,211.869,4.071,0.0,0.0,prepaid,0.814,0.0,0.0,27.0,0.0,31.86,606.386,"",'132754459767421351903,2026-04-24,11084241156,a27eefc2-0dd9-4b21-a0a5-fd457d3fb12d,"",Forward,100029512212,100029512212,11504,814.29,5.0,950.0,0.0,950.0,packet_delivered,0.0,0.0,0.0,0.0,0.0,0.0,0.0,0.0,NA,0,949.0
NFT-/XUTR/DEUTH02611488925X,63.24,0.0,0.0,2999.0,1328.0,329.078,6.324,0.0,0.0,prepaid,1.265,0.0,0.0,45.0,0.0,53.1,938.233,"",'132755128605256052901,2026-04-24,11084488821,e92aa0ad-712f-42b7-a879-3cf3436da62b,"",Forward,100029759878,100029759878,11504,1264.76,5.0,1500.0,0.0,1500.0,packet_delivered,0.0,0.0,0.0,0.0,0.0,0.0,0.0,0.0,NA,0,1499.01
NFT-/XUTR/DEUTH02611488925X,41.19,0.0,0.0,2999.0,865.0,224.554,4.119,0.0,0.0,prepaid,0.824,167.0,0.0,0.0,0.0,197.06,-832.563,"",'132740988859918529603,2026-04-24,11080891043,11e75013-cb31-41c4-965d-025e07c1e0fe,100149810237,Reverse,100026162135,100026162135,11504,823.81,5.0,2040.0,0.0,2040.0,return_refund,0.0,0.0,0.0,0.0,0.0,0.0,0.0,0.0,NA,0,959.0
NFT-/XUTR/DEUTH02611488925X,0.0,12.29,12.29,1650.0,1.66,0.431,0.0,0.004,0.004,prepaid,0.002,0.293,0.0,0.0,0.0,0.34574,-1.565,"",'132754198416019740603,2026-04-24,11084150340,138a5ca7-5f08-4796-a211-82dbfef15658,100149975082,Reverse,100029421398,100029421398,11504,491.42,5.0,1040.0,0.0,1040.0,return_refund,0.0,0.0,0.0,0.0,0.0,0.0,0.0,0.0,NA,0,610.0
NFT-/XUTR/DEUTH02611488925X,23.67,0.0,0.0,1599.0,497.0,23.458,2.367,0.0,0.0,prepaid,0.473,0.0,0.0,27.0,0.0,31.86,438.842,"",'132728721108726414701,2026-04-24,11078467765,5d8ce211-2822-42ea-9dd4-7d53e9b7ed4c,"",Forward,100023738880,100023738880,11504,473.33,5.0,1008.0,0.0,1008.0,packet_delivered,0.0,0.0,0.0,0.0,0.0,0.0,0.0,0.0,NA,0,591.0
NFT-/XUTR/DEUTH02611488925X,38.33,0.0,0.0,1999.0,805.0,208.978,3.833,0.0,0.0,prepaid,0.767,0.0,0.0,27.0,0.0,31.86,559.562,"",'132746208288380973901,2026-04-24,11082426913,7e30e265-1ec7-4b48-9aa6-07413493b39c,"",Forward,100027697979,100027697979,11504,766.67,5.0,1100.0,0.0,1100.0,packet_delivered,0.0,0.0,0.0,0.0,0.0,0.0,0.0,0.0,NA,0,899.0
NFT-/XUTR/DEUTH02611488925X,33.52,0.0,0.0,1699.0,704.0,182.758,3.352,0.0,0.0,prepaid,0.67,0.0,0.0,27.0,0.0,31.86,485.36,"",'132757091745279986803,2026-04-24,11084711990,12858dff-322d-4549-bed4-af33763ae6ba,"",Forward,100029983047,1000008414340,11504,670.48,5.0,901.0,0.0,901.0,packet_delivered,0.0,0.0,0.0,0.0,0.0,0.0,0.0,0.0,NA,0,798.0
NFT-/XUTR/DEUTH02611488925X,63.24,0.0,0.0,2999.0,1328.0,329.078,6.324,0.0,0.0,prepaid,1.265,0.0,0.0,45.0,0.0,53.1,938.233,"",'132733854466499786203,2026-04-24,11079380417,fe33faa5-dd5b-46a2-b331-0273b6d3a243,"",Forward,100024651515,100024651515,11504,1264.76,5.0,1500.0,0.0,1500.0,packet_delivered,0.0,0.0,0.0,0.0,0.0,0.0,0.0,0.0,NA,0,1499.0
NFT-/XUTR/DEUTH02611488925X,35.95,0.0,0.0,1699.0,755.0,195.998,3.595,0.0,0.0,prepaid,0.719,0.0,0.0,27.0,0.0,31.86,522.828,"",'132727014219297640603,2026-04-24,11077886397,0036db20-e92f-4966-88fe-31b7b2ff071e,"",Forward,100023157514,100023157514,11504,719.05,5.0,850.0,0.0,850.0,packet_delivered,0.0,0.0,0.0,0.0,0.0,0.0,0.0,0.0,NA,0,849.0
NFT-/XUTR/DEUTH02611488925X,20.14,0.0,0.0,1399.0,423.0,19.966,2.014,0.0,0.0,prepaid,0.403,0.0,0.0,15.0,0.0,17.7,382.917,"",'132754125847284920503,2026-04-24,11084126193,da111a66-b234-44e5-9842-42edce821da6,"",Forward,100029397251,100029397251,11504,402.86,5.0,882.0,0.0,882.0,packet_delivered,0.0,0.0,0.0,0.0,0.0,0.0,0.0,0.0,NA,0,517.0
NFT-/XUTR/DEUTH02611488925X,32.43,0.0,0.0,1650.0,681.0,176.788,3.243,0.0,0.0,prepaid,0.649,0.0,0.0,27.0,0.0,31.86,468.46,"",'132719187724687287701,2026-04-24,11076027437,343b636f-b018-4d10-878e-a75d42612e1d,"",Forward,100021298569,1000005748298,11504,648.57,5.0,875.0,0.0,875.0,packet_delivered,0.0,0.0,0.0,0.0,0.0,0.0,0.0,0.0,NA,0,775.01
NFT-/XUTR/DEUTH02611488925X,104.43,0.0,0.0,2399.0,2193.0,517.548,10.443,0.0,0.0,prepaid,2.089,0.0,0.0,61.0,0.0,71.98,1590.94,"",'132727192949006654101,2026-04-24,11077942803,3ec09eb8-c108-48ef-8d9a-050c230ef3a3,"",Forward,100023213918,100023213918,11504,2088.57,5.0,0.0,0.0,0.0,packet_delivered,0.0,0.0,0.0,0.0,0.0,0.0,0.0,0.0,NA,0,2399.01
NFT-/XUTR/DEUTH02611488925X,51.86,0.0,0.0,1799.0,1089.0,257.004,5.186,0.0,0.0,prepaid,1.037,0.0,0.0,45.0,0.0,53.1,772.673,"",'132725567293674735401,2026-04-24,11077398535,87e1e2c2-d8d7-4cb4-9a38-c2d88c9d6c88,"",Forward,100022669664,100022669664,11504,1037.14,5.0,539.0,0.0,539.0,packet_delivered,0.0,0.0,0.0,0.0,0.0,0.0,0.0,0.0,NA,0,1260.0
NFT-/XUTR/DEUTH02611488925X,18.95,0.0,0.0,1699.0,398.0,18.786,1.895,0.0,0.0,prepaid,0.379,91.0,0.0,0.0,0.0,107.38,-484.32,"",'132758489890497063501,2026-04-24,11084877645,ff40f816-632c-4594-8d73-a9738b923830,100149893876,Reverse,100030148702,100030148702,11504,379.05,5.0,1207.0,0.0,1207.0,return_refund,0.0,0.0,0.0,0.0,0.0,0.0,0.0,0.0,NA,0,492.0
NFT-/XUTR/DEUTH02611488925X,66.86,0.0,0.0,2250.0,1404.0,331.344,6.686,0.0,0.0,prepaid,1.337,167.0,0.0,0.0,0.0,197.06,-1261.693,"",'132730239415923981203,2026-04-24,11078862561,d9ef4123-bd65-47c3-9bdc-eb5afb762ad5,11078862561,Reverse,100024133675,1000006568573,11504,1337.14,5.0,675.0,0.0,675.0,exchange,0.0,0.0,0.0,0.0,0.0,0.0,0.0,0.0,NA,0,1575.0
NFT-/XUTR/DEUTH02611488925X,63.43,0.0,0.0,3199.0,1332.0,330.07,6.343,0.0,0.0,prepaid,1.269,0.0,0.0,45.0,0.0,53.1,941.218,"",'132727031076589263103,2026-04-24,11077891966,c1b779ed-ba69-4fb5-a110-ec972ff3dd5e,"",Forward,100023163083,100023163083,11504,1268.57,5.0,1696.0,0.0,1696.0,packet_delivered,0.0,0.0,0.0,0.0,0.0,0.0,0.0,0.0,NA,0,1503.0
NFT-/XUTR/DEUTH02611488925X,70.38,0.0,0.0,3299.0,1478.0,366.248,7.038,0.0,0.0,prepaid,1.408,112.0,0.0,0.0,0.0,132.16,-1235.466,"",'132749990934360040103,2026-04-24,11082933015,2ab7eb63-076f-44d2-8102-012691b7a959,100150001847,Reverse,100028204077,100028204077,11504,1407.62,5.0,1650.0,0.0,1650.0,return_refund,0.0,0.0,0.0,0.0,0.0,0.0,0.0,0.0,NA,0,1649.0
NFT-/XUTR/DEUTH02611488925X,42.91,0.0,0.0,2899.0,901.0,233.9,4.29,0.0,0.0,prepaid,0.858,91.0,0.0,0.0,0.0,107.38,-769.332,"",'132758319159795377201,2026-04-24,11084840216,e25317ae-6ee4-454e-ad3b-452c566309fb,100150945895,Reverse,100030111273,1000008515001,11504,858.1,5.0,1827.0,0.0,1827.0,return_refund,0.0,0.0,0.0,0.0,0.0,0.0,0.0,0.0,NA,0,1072.01
NFT-/XUTR/DEUTH02611488925X,75.19,0.0,0.0,1750.0,1579.0,372.644,7.519,0.0,0.0,prepaid,1.504,0.0,0.0,45.0,0.0,53.1,1144.233,"",'132758801250830179603,2026-04-24,11084954210,6787beb5-5f7c-42d3-aeaa-93218282b9ae,"",Forward,100030225267,1000008523800,11504,1503.81,5.0,0.0,0.0,0.0,packet_delivered,0.0,0.0,0.0,0.0,0.0,0.0,0.0,0.0,NA,0,1750.0
NFT-/XUTR/DEUTH02611488925X,62.52,0.0,0.0,3299.0,1313.0,325.361,6.252,0.0,0.0,prepaid,1.25,167.0,0.0,0.0,0.0,197.06,-1177.197,"",'132735523323010333103,2026-04-24,11079837881,293b706b-6841-459f-84bb-ea85b072955e,100150050755,Reverse,100025108975,1000007419163,11504,1250.48,5.0,1815.0,0.0,1815.0,return_refund,0.0,0.0,0.0,0.0,0.0,0.0,0.0,0.0,NA,0,1484.0
NFT-/XUTR/DEUTH02611488925X,58.95,0.0,0.0,2999.0,1238.0,306.776,5.895,0.0,0.0,prepaid,1.179,0.0,0.0,45.0,0.0,53.1,871.05,"",'132737527261413597503,2026-04-24,11080452008,d304d171-1cba-431f-8f64-bb96c2ac53ed,"",Forward,100025723100,100025723100,11504,1179.05,5.0,1590.0,0.0,1590.0,packet_delivered,0.0,0.0,0.0,0.0,0.0,0.0,0.0,0.0,NA,0,1409.0
NFT-/XUTR/DEUTH02611488925X,44.67,0.0,0.0,2999.0,938.0,243.505,4.467,0.0,0.0,prepaid,0.893,167.0,0.0,0.0,0.0,197.06,-886.195,"",'132732369832841418103,2026-04-24,11079001945,ca7fc69b-69b9-4cdf-ba21-82608d3fb553,11079001945,Reverse,100024273058,100024273058,11504,893.33,5.0,1890.0,0.0,1890.0,exchange,0.0,0.0,0.0,0.0,0.0,0.0,0.0,0.0,NA,0,1109.0
NFT-/XUTR/DEUTH02611488925X,19.1,0.0,0.0,1599.0,20.51,0.9680000000000001,0.098,0.0,0.0,prepaid,0.02,0.0,0.0,0.767,0.0,0.90506,18.519,"",'132743805932718301301,2026-04-24,11081674574,b1c8818e-fdca-48cd-bb77-25dabe1777c0,"",Forward,100026945650,100026945650,11504,381.9,5.0,1104.0,0.0,1104.0,packet_delivered,0.0,0.0,0.0,0.0,0.0,0.0,0.0,0.0,NA,0,495.0
NFT-/XUTR/DEUTH02611488925X,20.71,0.0,0.0,1499.0,434.99999999999994,20.532,2.071,0.0,0.0,prepaid,0.414,167.0,0.0,0.0,0.0,197.06,-609.043,"",'132728045417886620103,2026-04-24,11078220246,ee5fe079-8cb6-49fe-b255-8319eeea8ca4,100151472057,Reverse,100023491361,1000006799559,11504,414.29,5.0,1005.0,0.0,1005.0,return_refund,0.0,0.0,0.0,0.0,0.0,0.0,0.0,0.0,NA,0,494.0
NFT-/XUTR/DEUTH02611488925X,40.24,0.0,0.0,1999.0,845.0,219.362,4.024,0.0,0.0,prepaid,0.805,0.0,0.0,27.0,0.0,31.86,588.949,"",'132720841168664542103,2026-04-24,11076569441,da47d8de-8740-47b5-83a9-54f51875a792,"",Forward,100021840572,100021840572,11504,804.76,5.0,1060.0,0.0,1060.0,packet_delivered,0.0,0.0,0.0,0.0,0.0,0.0,0.0,0.0,NA,0,939.0
NFT-/XUTR/DEUTH02611488925X,42.43,0.0,0.0,2899.0,891.0,231.304,4.243,0.0,0.0,prepaid,0.849,0.0,0.0,27.0,0.0,31.86,622.744,"",'132718060458402255203,2026-04-24,11075710815,ce184ef3-5029-4f67-9333-b827332ca146,"",Forward,100020981948,100020981948,11504,848.57,5.0,1914.0,0.0,1914.0,packet_delivered,0.0,0.0,0.0,0.0,0.0,0.0,0.0,0.0,NA,0,985.0
NFT-/XUTR/DEUTH02611488925X,63.24,0.0,0.0,2999.0,1328.0,329.078,6.324,0.0,0.0,prepaid,1.265,0.0,0.0,45.0,0.0,53.1,938.233,"",'132728826946778566901,2026-04-24,11078511889,258f398f-3830-4979-8f7d-835a52505bb0,"",Forward,100023783004,1000006806982,11504,1264.76,5.0,1500.0,0.0,1500.0,packet_delivered,0.0,0.0,0.0,0.0,0.0,0.0,0.0,0.0,NA,0,1499.0
NFT-/XUTR/DEUTH02611488925X,0.0,15.95,15.95,1699.0,670.0,173.932,0.0,1.595,1.595,prepaid,0.638,91.0,0.0,0.0,0.0,107.38,-599.62,"",'132743032065867330201,2026-04-24,11081452360,c4ed12bc-736f-4395-b769-afb39483ee76,100151331845,Reverse,100026723453,100026723453,11504,638.1,5.0,935.0,0.0,935.0,return_refund,0.0,0.0,0.0,0.0,0.0,0.0,0.0,0.0,NA,0,764.0000000000001
NFT-/XUTR/DEUTH02611488925X,41.38,0.0,0.0,1899.0,869.0,225.592,4.138,0.0,0.0,prepaid,0.828,0.0,0.0,27.0,0.0,31.86,606.582,"",'132732450611474918701,2026-04-24,11079016932,7ad4342f-adf3-42ca-b1e2-eb1b107b7d97,"",Forward,100024288045,100024288045,11504,827.62,5.0,936.0,0.0,936.0,packet_delivered,0.0,0.0,0.0,0.0,0.0,0.0,0.0,0.0,NA,0,963.0
NFT-/XUTR/DEUTH02611488925X,18.95,0.0,0.0,1699.0,398.0,18.786,1.895,0.0,0.0,prepaid,0.379,0.0,0.0,0.0,0.0,0.0,376.94,"",'132758489890497063501,2026-04-24,11084877645,ff40f816-632c-4594-8d73-a9738b923830,"",Forward,100030148702,100030148702,11504,379.05,5.0,1207.0,0.0,1207.0,packet_delivered,0.0,0.0,0.0,0.0,0.0,0.0,0.0,0.0,NA,0,492.0
NFT-/XUTR/DEUTH02611488925X,38.33,0.0,0.0,1799.0,805.0,208.978,3.833,0.0,0.0,prepaid,0.767,0.0,0.0,27.0,0.0,31.86,559.562,"",'132727286039502437301,2026-04-24,11077971290,a9267ae6-dc59-4b1c-b317-c5e57d2de359,"",Forward,100023242405,100023242405,11504,766.67,5.0,900.0,0.0,900.0,packet_delivered,0.0,0.0,0.0,0.0,0.0,0.0,0.0,0.0,NA,0,899.0
NFT-/XUTR/DEUTH02611488925X,52.24,0.0,0.0,2699.0,1097.0,271.837,5.224,0.0,0.0,prepaid,1.045,0.0,0.0,45.0,0.0,53.1,765.794,"",'132749586367878293203,2026-04-24,11082846367,b8b6ffc8-3d7d-47f3-9391-c3ea057a7b91,"",Forward,100028117432,1000007973873,11504,1044.76,5.0,1431.0,0.0,1431.0,packet_delivered,0.0,0.0,0.0,0.0,0.0,0.0,0.0,0.0,NA,0,1268.0
NFT-/XUTR/DEUTH02611488925X,28.81,0.0,0.0,1999.0,605.0,42.834,2.881,0.0,0.0,prepaid,0.576,167.0,0.0,0.0,0.0,197.06,-755.769,"",'132737989541489506103,2026-04-24,11080612208,1f2c2e5b-68bd-4369-86ff-322762686319,11080612208,Reverse,100025883300,100025883300,11504,576.19,5.0,1300.0,0.0,1300.0,exchange,0.0,0.0,0.0,0.0,0.0,0.0,0.0,0.0,NA,0,699.0
NFT-/XUTR/DEUTH02611488925X,58.95,0.0,0.0,2999.0,1238.0,306.776,5.895,0.0,0.0,prepaid,1.179,0.0,0.0,45.0,0.0,53.1,871.05,"",'132735523323010333103,2026-04-24,11079837882,293b706b-6841-459f-84bb-ea85b072955e,"",Forward,100025108976,1000007419163,11504,1179.05,5.0,1590.0,0.0,1590.0,packet_delivered,0.0,0.0,0.0,0.0,0.0,0.0,0.0,0.0,NA,0,1409.0
NFT-/XUTR/DEUTH02611488925X,23.67,0.0,0.0,1599.0,497.0,23.458,2.367,0.0,0.0,prepaid,0.473,0.0,0.0,27.0,0.0,31.86,438.842,"",'132742032998679868201,2026-04-24,11081157700,3d0c6a2f-180a-43d6-babe-b896acd9d27d,"",Forward,100026428792,100026428792,11504,473.33,5.0,1008.0,0.0,1008.0,packet_delivered,0.0,0.0,0.0,0.0,0.0,0.0,0.0,0.0,NA,0,591.0
NFT-/XUTR/DEUTH02611488925X,47.52,0.0,0.0,1799.0,998.0,259.081,4.752,0.0,0.0,prepaid,0.95,0.0,0.0,27.0,0.0,31.86,701.357,"",'132727550479304354201,2026-04-24,11078056274,768cc22b-80cc-4dc0-b723-f4c323142652,"",Forward,100023327389,1000006351797,11504,950.48,5.0,630.0,0.0,630.0,packet_delivered,0.0,0.0,0.0,0.0,0.0,0.0,0.0,0.0,NA,0,1169.0
NFT-/XUTR/DEUTH02611488925X,37.19,0.0,0.0,1750.0,781.0,202.748,3.719,0.0,0.0,prepaid,0.744,0.0,0.0,27.0,0.0,31.86,541.929,"",'132728936804117664701,2026-04-24,11078557374,c7a96f74-a1c9-45aa-9f34-f5a00588c56e,"",Forward,100023828489,100023828489,11504,743.81,5.0,875.0,0.0,875.0,packet_delivered,0.0,0.0,0.0,0.0,0.0,0.0,0.0,0.0,NA,0,875.0
NFT-/XUTR/DEUTH02611488925X,39.81,0.0,0.0,2799.0,836.0,217.026,3.981,0.0,0.0,prepaid,0.796,0.0,0.0,27.0,0.0,31.86,582.337,"",'132732513174431728803,2026-04-24,11079028661,470cbe2e-f751-4951-a499-e878cca4064e,"",Forward,100024299774,100024299774,11504,796.19,5.0,1792.0,0.0,1792.0,packet_delivered,0.0,0.0,0.0,0.0,0.0,0.0,0.0,0.0,NA,0,1007.0
NFT-/XUTR/DEUTH02611488925X,63.24,0.0,0.0,2999.0,1328.0,329.078,6.324,0.0,0.0,prepaid,1.265,91.0,0.0,0.0,0.0,107.38,-1098.713,"",'132742641933571414901,2026-04-24,11081340534,b81c085d-0f3c-4081-90fd-5b9b27f2d3ee,100150037080,Reverse,100026611626,100026611626,11504,1264.76,5.0,1500.0,0.0,1500.0,return_refund,0.0,0.0,0.0,0.0,0.0,0.0,0.0,0.0,NA,0,1499.01
NFT-/XUTR/DEUTH02611488925X,90.14,0.0,0.0,2999.0,1893.0,469.085,9.014,0.0,0.0,prepaid,1.803,91.0,0.0,0.0,0.0,107.38,-1520.478,"",'132755091511665741103,2026-04-24,11084476202,38aa593e-91f3-4658-883b-0853863497cb,100150427350,Reverse,100029747259,100029747259,11504,1802.86,5.0,900.0,0.0,900.0,return_refund,0.0,0.0,0.0,0.0,0.0,0.0,0.0,0.0,NA,0,2099.0
NFT-/XUTR/DEUTH02611488925X,43.05,0.0,0.0,2699.0,904.0,234.678,4.305,0.0,0.0,prepaid,0.861,167.0,0.0,0.0,0.0,197.06,-861.216,"",'132733156811763487401,2026-04-24,11079180703,0aa5df6a-ec39-4165-be21-3bcfe145427b,11079180703,Reverse,100024451802,100024451802,11504,860.95,5.0,1701.0,0.0,1701.0,exchange,0.0,0.0,0.0,0.0,0.0,0.0,0.0,0.0,NA,0,998.0
NFT-/XUTR/DEUTH02611488925X,34.24,0.0,0.0,2199.0,719.0,33.937,3.424,0.0,0.0,prepaid,0.685,0.0,0.0,27.0,0.0,31.86,649.094,"",'132755198563605271803,2026-04-24,11084513823,23792ab5-a845-4ee0-a6a6-06efe30d4c5b,"",Forward,100029784880,100029784880,11504,684.76,5.0,1386.0,0.0,1386.0,packet_delivered,0.0,0.0,0.0,0.0,0.0,0.0,0.0,0.0,NA,0,813.0
NFT-/XUTR/DEUTH02611488925X,58.95,0.0,0.0,2999.0,1238.0,306.776,5.895,0.0,0.0,prepaid,1.179,167.0,0.0,0.0,0.0,197.06,-1121.21,"",'132735523323010333103,2026-04-24,11079837883,293b706b-6841-459f-84bb-ea85b072955e,100150050614,Reverse,100025108977,1000007419163,11504,1179.05,5.0,1590.0,0.0,1590.0,return_refund,0.0,0.0,0.0,0.0,0.0,0.0,0.0,0.0,NA,0,1409.0
NFT-/XUTR/DEUTH02611488925X,37.19,0.0,0.0,1750.0,781.0,202.748,3.719,0.0,0.0,prepaid,0.744,0.0,0.0,27.0,0.0,31.86,541.929,"",'132728780355710167001,2026-04-24,11078492609,69b54b74-f803-4827-aaf5-9e98207f1952,"",Forward,100023763724,1000006452780,11504,743.81,5.0,875.0,0.0,875.0,packet_delivered,0.0,0.0,0.0,0.0,0.0,0.0,0.0,0.0,NA,0,875.0
NFT-/XUTR/DEUTH02611488925X,63.24,0.0,0.0,2999.0,1328.0,329.078,6.324,0.0,0.0,prepaid,1.265,0.0,0.0,45.0,0.0,53.1,938.233,"",'132725486401173394901,2026-04-24,11077370537,797583b8-d91a-4b89-a99d-5f3d8fa3fb14,"",Forward,100022641666,100022641666,11504,1264.76,5.0,1500.0,0.0,1500.0,packet_delivered,0.0,0.0,0.0,0.0,0.0,0.0,0.0,0.0,NA,0,1499.0
NFT-/XUTR/DEUTH02611488925X,40.48,0.0,0.0,3499.0,850.0,220.66,4.048,0.0,0.0,prepaid,0.81,0.0,0.0,27.0,0.0,31.86,592.622,"",'132729066825283564701,2026-04-24,11078609442,2f758d7b-cefb-4e3e-923d-fc72a45ecce6,"",Forward,100023880558,100023880558,11504,809.52,5.0,2555.0,0.0,2555.0,packet_delivered,0.0,0.0,0.0,0.0,0.0,0.0,0.0,0.0,NA,0,944.0
NFT-/XUTR/DEUTH02611488925X,55.14,0.0,0.0,1899.0,1158.0,273.288,5.514,0.0,0.0,prepaid,1.103,0.0,0.0,45.0,0.0,53.1,824.995,"",'132738503612428549303,2026-04-24,11080716630,fd51b913-c543-4e7d-a005-66b9b2807037,"",Forward,100025987722,100025987722,11504,1102.86,5.0,570.0,0.0,570.0,packet_delivered,0.0,0.0,0.0,0.0,0.0,0.0,0.0,0.0,NA,0,1329.0
NFT-/XUTR/DEUTH02611488925X,66.86,0.0,0.0,2250.0,1404.0,331.344,6.686,0.0,0.0,prepaid,1.337,0.0,0.0,45.0,0.0,53.1,1011.533,"",'132730239415923981203,2026-04-24,11078862561,d9ef4123-bd65-47c3-9bdc-eb5afb762ad5,"",Forward,100024133675,1000006568573,11504,1337.14,5.0,675.0,0.0,675.0,packet_delivered,0.0,0.0,0.0,0.0,0.0,0.0,0.0,0.0,NA,0,1575.0
NFT-/XUTR/DEUTH02611488925X,60.86,0.0,0.0,2899.0,1278.0,316.688,6.086,0.0,0.0,prepaid,1.217,0.0,0.0,45.0,0.0,53.1,900.909,"",'132729596049268208503,2026-04-24,11078782507,bc86cca6-9074-4d42-8fa1-75fd6033b132,"",Forward,100024053621,100024053621,11504,1217.14,5.0,1450.0,0.0,1450.0,packet_delivered,0.0,0.0,0.0,0.0,0.0,0.0,0.0,0.0,NA,0,1449.0
NFT-/XUTR/DEUTH02611488925X,23.67,0.0,0.0,1599.0,496.99999999999994,23.458,2.367,0.0,0.0,prepaid,0.473,167.0,0.0,0.0,0.0,197.06,-667.762,"",'132711221281335877501,2026-04-24,11074242626,df897bc4-afbe-4ab0-a951-a60d2e5670b8,100149992008,Reverse,100019513764,1000005164917,11504,473.33,5.0,1008.0,0.0,1008.0,return_refund,0.0,0.0,0.0,0.0,0.0,0.0,0.0,0.0,NA,0,591.0
NFT-/XUTR/DEUTH02611488925X,18.95,0.0,0.0,1699.0,398.0,18.786,1.895,0.0,0.0,prepaid,0.379,0.0,0.0,0.0,0.0,0.0,376.94,"",'132726442736958151101,2026-04-24,11077703897,d3421bb8-4318-4d29-acc5-7c06fd2b4445,"",Forward,100022975014,100022975014,11504,379.05,5.0,1207.0,0.0,1207.0,packet_delivered,0.0,0.0,0.0,0.0,0.0,0.0,0.0,0.0,NA,0,492.0
NFT-/XUTR/DEUTH02611488925X,48.95,0.0,0.0,2399.0,1028.0,242.608,4.895,0.0,0.0,prepaid,0.979,0.0,0.0,45.0,0.0,53.1,726.418,"",'132727344697961639201,2026-04-24,11077989967,1c8a4de9-4236-4951-ad87-2d513b7d834e,"",Forward,100023261082,1000006790295,11504,979.05,5.0,1200.0,0.0,1200.0,packet_delivered,0.0,0.0,0.0,0.0,0.0,0.0,0.0,0.0,NA,0,1199.0
NFT-/XUTR/DEUTH02611488925X,39.81,0.0,0.0,2799.0,836.0,217.026,3.981,0.0,0.0,prepaid,0.796,0.0,0.0,27.0,0.0,31.86,582.337,"",'132743725876681098101,2026-04-24,11081651847,872d12d7-b3d9-47d3-9814-fb5190c96dcd,"",Forward,100026922926,1000007957113,11504,796.19,5.0,1792.0,0.0,1792.0,packet_delivered,0.0,0.0,0.0,0.0,0.0,0.0,0.0,0.0,NA,0,1007.0
NFT-/XUTR/DEUTH02611488925X,50.19,0.0,0.0,1750.0,1054.0,248.744,5.019,0.0,0.0,prepaid,1.004,167.0,0.0,0.0,0.0,197.06,-996.293,"",'132727344697961639201,2026-04-24,11077989960,1c8a4de9-4236-4951-ad87-2d513b7d834e,100150050191,Reverse,100023261075,1000006790295,11504,1003.81,5.0,525.0,0.0,525.0,return_refund,0.0,0.0,0.0,0.0,0.0,0.0,0.0,0.0,NA,0,1225.0
NFT-/XUTR/DEUTH02611488925X,38.33,0.0,0.0,1799.0,805.0,208.978,3.833,0.0,0.0,prepaid,0.767,167.0,0.0,0.0,0.0,197.06,-788.482,"",'132728751329718733403,2026-04-24,11078480604,2ff0e26c-b578-4771-93da-d776e83e18a6,100149899428,Reverse,100023751720,100023751720,11504,766.67,5.0,900.0,0.0,900.0,return_refund,0.0,0.0,0.0,0.0,0.0,0.0,0.0,0.0,NA,0,899.0
NFT-/XUTR/DEUTH02611488925X,0.0,35.07,35.07,3499.0,1473.0,365.009,0.0,3.507,3.507,prepaid,1.403,0.0,0.0,45.0,0.0,53.1,1046.474,"",'132753992505835038703,2026-04-24,11084084185,40e69685-c936-40d1-8e56-2812b6097a2d,"",Forward,100029355243,100029355243,11504,1402.86,5.0,1855.0,0.0,1855.0,packet_delivered,0.0,0.0,0.0,0.0,0.0,0.0,0.0,0.0,NA,0,1643.9999999999998
NFT-/XUTR/DEUTH02611488925X,81.05,0.0,0.0,5499.0,1231.667,305.207,5.865,0.0,0.0,prepaid,1.173,239.531,0.0,0.0,0.0,282.64658,-1202.069,"",'132728315573040091701,2026-04-24,11078310950,19fea486-5295-4788-9aa2-10cf2eb38f6e,100150840648,Reverse,100023582065,100023582065,11504,1620.95,5.0,3520.0,0.0,3520.0,return_refund,0.0,0.0,0.0,0.0,0.0,0.0,0.0,0.0,NA,0,1979.01
NFT-/XUTR/DEUTH02611488925X,0.0,32.83,32.83,3299.0,845.5799999999999,209.535,0.0,2.0135,2.0135,prepaid,0.805,55.8,0.0,0.0,0.0,65.844,-697.057,"",'132746786433761473001,2026-04-24,11082614368,d212ccd7-5ea8-4880-9f26-5d90d5a9dfa2,11082614368,Reverse,100027885434,100027885434,11504,1313.34,5.0,1749.0,0.0,1749.0,exchange,0.0,0.0,0.0,0.0,0.0,0.0,0.0,0.0,NA,0,1549.9999999999998
NFT-/XUTR/DEUTH02611488925X,56.71,0.0,0.0,2899.0,1191.0,295.13,5.671,0.0,0.0,prepaid,1.134,0.0,0.0,45.0,0.0,53.1,835.965,"",'132726906328197655201,2026-04-24,11077851647,8b0ec7c5-7ec3-400c-bb11-e3a5fc368de9,"",Forward,100023122765,100023122765,11504,1134.29,5.0,1537.0,0.0,1537.0,packet_delivered,0.0,0.0,0.0,0.0,0.0,0.0,0.0,0.0,NA,0,1362.0
NFT-/XUTR/DEUTH02611488925X,18.38,0.0,0.0,1650.0,117.293,5.536,0.559,0.0,0.0,prepaid,0.112,0.0,0.0,0.0,0.0,0.0,111.086,"",'132733267598924156603,2026-04-24,11079211369,9b7319f0-65e0-45f0-ba7a-4b676244492c,"",Forward,100024482468,100024482468,11504,367.62,5.0,1205.0,0.0,1205.0,packet_delivered,0.0,0.0,0.0,0.0,0.0,0.0,0.0,0.0,NA,0,445.01
NFT-/XUTR/DEUTH02611488925X,48.48,0.0,0.0,1699.0,1018.0,240.248,4.848,0.0,0.0,prepaid,0.97,0.0,0.0,45.0,0.0,53.1,718.834,"",'132743035818043577001,2026-04-24,11081453463,2cf0b1a5-edf4-42bd-ab18-f85307526dd2,"",Forward,100026724555,100026724555,11504,969.52,5.0,510.0,0.0,510.0,packet_delivered,0.0,0.0,0.0,0.0,0.0,0.0,0.0,0.0,NA,0,1189.0
NFT-/XUTR/DEUTH02611488925X,38.33,0.0,0.0,1799.0,805.0,208.978,3.833,0.0,0.0,prepaid,0.767,0.0,0.0,27.0,0.0,31.86,559.562,"",'132728629840911963803,2026-04-24,11078430691,f5418a17-d3bb-4289-b8a3-202215dfecbd,"",Forward,100023701806,100023701806,11504,766.67,5.0,900.0,0.0,900.0,packet_delivered,0.0,0.0,0.0,0.0,0.0,0.0,0.0,0.0,NA,0,899.0
NFT-/XUTR/DEUTH02611488925X,72.76,0.0,0.0,1699.0,1528.0,360.608,7.276,0.0,0.0,prepaid,1.455,0.0,0.0,45.0,0.0,53.1,1105.561,"",'132757091745279986803,2026-04-24,11084711991,12858dff-322d-4549-bed4-af33763ae6ba,"",Forward,100029983048,1000008414340,11504,1455.24,5.0,0.0,0.0,0.0,packet_delivered,0.0,0.0,0.0,0.0,0.0,0.0,0.0,0.0,NA,0,1699.0
NFT-/XUTR/DEUTH02611488925X,0.0,27.24,27.24,2799.0,1144.0,283.483,0.0,2.724,2.724,prepaid,1.09,0.0,0.0,45.0,0.0,53.1,800.879,"",'132754339178404298803,2026-04-24,11084198482,ac9f8e21-6b62-4e5a-ae01-093f66ac2d88,"",Forward,100029469540,100029469540,11504,1089.52,5.0,1484.0,0.0,1484.0,packet_delivered,0.0,0.0,0.0,0.0,0.0,0.0,0.0,0.0,NA,0,1315.0
NFT-/XUTR/DEUTH02611488925X,55.14,0.0,0.0,1899.0,1158.0,273.288,5.514,0.0,0.0,prepaid,1.103,91.0,0.0,0.0,0.0,107.38,-985.475,"",'132751829594466840001,2026-04-24,11083467842,74dfb349-a50a-4bee-b79b-4b67fe193186,11083467842,Reverse,100028738902,100028738902,11504,1102.86,5.0,570.0,0.0,570.0,exchange,0.0,0.0,0.0,0.0,0.0,0.0,0.0,0.0,NA,0,1329.0
NFT-/XUTR/DEUTH02611488925X,19.05,0.0,0.0,1499.0,400.0,18.88,1.905,0.0,0.0,prepaid,0.381,0.0,0.0,0.0,0.0,0.0,378.834,"",'132728737612823578101,2026-04-24,11078474876,c20be022-8132-4b34-b025-e2e428a0e0bf,"",Forward,100023745991,1000006447324,11504,380.95,5.0,1005.0,0.0,1005.0,packet_delivered,0.0,0.0,0.0,0.0,0.0,0.0,0.0,0.0,NA,0,494.0
NFT-/XUTR/DEUTH02611488925X,65.67,0.0,0.0,3299.0,1379.0,341.716,6.567,0.0,0.0,prepaid,1.313,0.0,0.0,45.0,0.0,53.1,976.304,"",'132729346829457705101,2026-04-24,11078716643,04dfa62f-6087-4793-b6f0-42f81759834d,"",Forward,100023987757,1000006793128,11504,1313.33,5.0,1749.0,0.0,1749.0,packet_delivered,0.0,0.0,0.0,0.0,0.0,0.0,0.0,0.0,NA,0,1550.0
NFT-/XUTR/DEUTH02611488925X,38.33,0.0,0.0,1799.0,805.0,208.978,3.833,0.0,0.0,prepaid,0.767,0.0,0.0,27.0,0.0,31.86,559.562,"",'132754942740618957301,2026-04-24,11084425904,6d0678e1-e5fd-4d00-9104-f2ac512f0a27,"",Forward,100029696961,100029696961,11504,766.67,5.0,900.0,0.0,900.0,packet_delivered,0.0,0.0,0.0,0.0,0.0,0.0,0.0,0.0,NA,0,899.0
NFT-/XUTR/DEUTH02611488925X,31.29,0.0,0.0,1599.0,657.0,170.557,3.129,0.0,0.0,prepaid,0.626,0.0,0.0,27.0,0.0,31.86,450.828,"",'132727344697961639201,2026-04-24,11077989964,1c8a4de9-4236-4951-ad87-2d513b7d834e,"",Forward,100023261079,1000006790295,11504,625.71,5.0,848.0,0.0,848.0,packet_delivered,0.0,0.0,0.0,0.0,0.0,0.0,0.0,0.0,NA,0,751.0
NFT-/XUTR/DEUTH02611488925X,19.1,0.0,0.0,1599.0,400.99999999999994,18.927,1.91,0.0,0.0,prepaid,0.382,167.0,0.0,0.0,0.0,197.06,-576.841,"",'132728737612823578101,2026-04-24,11078474878,c20be022-8132-4b34-b025-e2e428a0e0bf,100150358232,Reverse,100023745994,1000006447324,11504,381.9,5.0,1104.0,0.0,1104.0,return_refund,0.0,0.0,0.0,0.0,0.0,0.0,0.0,0.0,NA,0,495.0
