NEFT_Ref,igst_amount,cgst_amount,sgst_amount,MRP,customer_paid_amt,Commission,IGST_TCS,CGST_TCS,SGST_TCS,Payment_Type,TDS,Shipping_Fee,pick_and_pack_fee,fixed_fee,Payment_Gateway_Fee,Logistics_Commission,Settled_Amount,NOD_Comment,Store_Order_id,Payment_Date,order_line_id,seller_order_id,return_id,Order_Type,order_release_id,Packet_Id,Seller_Id,taxable_amount,Tax_Rate,seller_discount,platform_discount,total_discount,comments,fwdAdditionalCharges,rvsAdditionalCharges,techEnablement,airLogistics,royaltyCharges,royaltyPercent,marketingCharges,marketingPercent,marketingContribution,commission_discount,sale_Total_Customer_Paid
NFT-/XUTR/DEUTH026124A05FZX,19.1,0.0,0.0,1599.0,6.95,0.32799999999999996,0.033,0.0,0.0,prepaid,0.007,0.0,0.0,0.26,0.0,0.3068,6.275,"",'132797805780241484801,2026-05-04,11094258224,69fcf537-f164-4938-ac51-beb167aa828e,"",Forward,100039529266,1000012164264,11504,381.9,5.0,1104.0,0.0,1104.0,packet_delivered,0.0,0.0,0.0,0.0,0.0,0.0,0.0,0.0,NA,0,495.0
NFT-/XUTR/DEUTH026124A05FZX,30.71,0.0,0.0,1999.0,645.0,30.443999999999996,3.071,0.0,0.0,prepaid,0.614,0.0,0.0,27.0,0.0,31.86,579.011,"",'132800856227896165203,2026-05-04,11094679996,b8085c0e-0172-4282-acbd-49e8842890a1,"",Forward,100039951038,1000011606267,11504,614.29,5.0,1260.0,0.0,1260.0,packet_delivered,0.0,0.0,0.0,0.0,0.0,0.0,0.0,0.0,NA,0,739.0
NFT-/XUTR/DEUTH026124A05FZX,0.0,29.43,29.43,3499.0,1236.0,306.281,0.0,2.943,2.943,prepaid,1.177,0.0,0.0,45.0,0.0,53.1,869.556,"",'132836824975843664503,2026-05-04,11102255807,1fff79dd-e80e-47e8-9447-342c1ccd6ffe,"",Forward,100047526834,1000013779167,11504,1177.14,5.0,2092.0,0.0,2092.0,packet_delivered,0.0,0.0,0.0,0.0,0.0,0.0,0.0,0.0,NA,0,1407.0000000000002
NFT-/XUTR/DEUTH026124A05FZX,60.86,0.0,0.0,2899.0,1278.0,316.688,6.086,0.0,0.0,prepaid,1.217,167.0,0.0,0.0,0.0,197.06,-1151.069,"",'132784203292556166701,2026-05-04,11090634744,11e825c4-0ecd-48cf-b593-3f5ad08c0e36,100152165459,Reverse,100035905795,100035905795,11504,1217.14,5.0,1450.0,0.0,1450.0,return_refund,0.0,0.0,0.0,0.0,0.0,0.0,0.0,0.0,NA,0,1448.98
NFT-/XUTR/DEUTH026124A05FZX,70.38,0.0,0.0,3299.0,1478.0,366.248,7.038,0.0,0.0,prepaid,1.408,106.0,0.0,0.0,0.0,125.08,-1228.386,"",'132823311152679367701,2026-05-04,11099661304,7022688c-28ed-4909-b72e-df678d4c16b8,100152770128,Reverse,100044932338,100044932338,11504,1407.62,5.0,1650.0,0.0,1650.0,return_refund,0.0,0.0,0.0,0.0,0.0,0.0,0.0,0.0,NA,0,1649.01
NFT-/XUTR/DEUTH026124A05FZX,37.19,0.0,0.0,1750.0,781.0,202.748,3.719,0.0,0.0,prepaid,0.744,0.0,0.0,27.0,0.0,31.86,541.929,"",'132789760415013733101,2026-05-04,11092480239,c73d9c88-90e2-470c-960c-28cca5d157d4,"",Forward,100037751284,100037751284,11504,743.81,5.0,875.0,0.0,875.0,packet_delivered,0.0,0.0,0.0,0.0,0.0,0.0,0.0,0.0,NA,0,875.0
NFT-/XUTR/DEUTH026124A05FZX,31.29,0.0,0.0,1599.0,657.0,170.557,3.129,0.0,0.0,prepaid,0.626,0.0,0.0,27.0,0.0,31.86,450.828,"",'132814700715451135003,2026-05-04,11097857570,7c7ccc56-0621-443e-a005-65d9a15e3c97,"",Forward,100043128607,100043128607,11504,625.71,5.0,848.0,0.0,848.0,packet_delivered,0.0,0.0,0.0,0.0,0.0,0.0,0.0,0.0,NA,0,751.0
NFT-/XUTR/DEUTH026124A05FZX,19.1,0.0,0.0,1599.0,401.0,18.927,1.91,0.0,0.0,prepaid,0.382,0.0,0.0,15.0,0.0,17.7,362.081,"",'132818411244368512503,2026-05-04,11098424385,f6e6143e-a73c-436e-ba66-e406ad9e91a9,"",Forward,100043695421,100043695421,11504,381.9,5.0,1104.0,0.0,1104.0,packet_delivered,0.0,0.0,0.0,0.0,0.0,0.0,0.0,0.0,NA,0,495.0
NFT-/XUTR/DEUTH026124A05FZX,0.0,21.52,21.52,1999.0,904.0,234.678,0.0,2.1525,2.1525,prepaid,0.861,0.0,0.0,27.0,0.0,31.86,632.296,"",'132841404358825163703,2026-05-04,11103564977,69efec96-efab-4519-af5a-4eff701a7de1,"",Forward,100048835986,100048835986,11504,860.96,5.0,1001.0,0.0,1001.0,packet_delivered,0.0,0.0,0.0,0.0,0.0,0.0,0.0,0.0,NA,0,998.0
NFT-/XUTR/DEUTH026124A05FZX,63.24,0.0,0.0,2999.0,1328.0,329.078,6.324,0.0,0.0,prepaid,1.265,106.0,0.0,0.0,0.0,125.08,-1116.413,"",'132824868423082570101,2026-05-04,11100155877,c238ab35-a459-43d2-94be-66fbfcd81a45,11100155877,Reverse,100045426910,1000013234479,11504,1264.76,5.0,1500.0,0.0,1500.0,exchange,0.0,0.0,0.0,0.0,0.0,0.0,0.0,0.0,NA,0,1499.0
NFT-/XUTR/DEUTH026124A05FZX,0.0,26.76,26.76,1850.0,1124.0,265.264,0.0,2.676,2.676,prepaid,1.07,0.0,0.0,45.0,0.0,53.1,799.214,"",'132824792034496305503,2026-05-04,11100146568,9ffaf0d4-58be-49eb-9c11-5b68d3e15236,"",Forward,100045417601,100045417601,11504,1070.48,5.0,555.0,0.0,555.0,packet_delivered,0.0,0.0,0.0,0.0,0.0,0.0,0.0,0.0,NA,0,1295.0
NFT-/XUTR/DEUTH026124A05FZX,38.33,0.0,0.0,1799.0,805.0,208.978,3.833,0.0,0.0,prepaid,0.767,0.0,0.0,27.0,0.0,31.86,559.562,"",'132786686085637451403,2026-05-04,11091389083,98d1a506-ce4a-4f74-a4b5-f5df26ee41c8,"",Forward,100036660128,100036660128,11504,766.67,5.0,900.0,0.0,900.0,packet_delivered,0.0,0.0,0.0,0.0,0.0,0.0,0.0,0.0,NA,0,899.0
NFT-/XUTR/DEUTH026124A05FZX,37.19,0.0,0.0,1750.0,781.0,202.748,3.719,0.0,0.0,prepaid,0.744,0.0,0.0,27.0,0.0,31.86,541.929,"",'132794783661728851103,2026-05-04,11093389103,54d83643-deff-42b7-a451-4eed704656fc,"",Forward,100038660147,1000011050406,11504,743.81,5.0,875.0,0.0,875.0,packet_delivered,0.0,0.0,0.0,0.0,0.0,0.0,0.0,0.0,NA,0,875.0
NFT-/XUTR/DEUTH026124A05FZX,33.57,0.0,0.0,1599.0,705.0,183.018,3.357,0.0,0.0,prepaid,0.671,0.0,0.0,27.0,0.0,31.86,486.094,"",'132792829198928012001,2026-05-04,11092860422,6ac25d62-ba15-44d5-a451-6a14be393591,"",Forward,100038131467,1000010856552,11504,671.43,5.0,800.0,0.0,800.0,packet_delivered,0.0,0.0,0.0,0.0,0.0,0.0,0.0,0.0,NA,0,799.0
NFT-/XUTR/DEUTH026124A05FZX,18.95,0.0,0.0,1699.0,398.0,18.786,1.895,0.0,0.0,prepaid,0.379,0.0,0.0,0.0,0.0,0.0,376.94,"",'132790114486157520801,2026-05-04,11092612689,94503642-bd6f-4254-aec4-dbc42feb576c,"",Forward,100037883734,1000010741293,11504,379.05,5.0,1207.0,0.0,1207.0,packet_delivered,0.0,0.0,0.0,0.0,0.0,0.0,0.0,0.0,NA,0,491.99
NFT-/XUTR/DEUTH026124A05FZX,18.95,0.0,0.0,1699.0,398.0,18.786,1.895,0.0,0.0,prepaid,0.379,0.0,0.0,0.0,0.0,0.0,376.94,"",'132797399098663756703,2026-05-04,11094122419,8d97e054-7cf4-44a8-856f-225052f16b6f,"",Forward,100039393461,100039393461,11504,379.05,5.0,1207.0,0.0,1207.0,packet_delivered,0.0,0.0,0.0,0.0,0.0,0.0,0.0,0.0,NA,0,492.0
NFT-/XUTR/DEUTH026124A05FZX,56.1,0.0,0.0,2999.0,1178.0,291.908,5.61,0.0,0.0,prepaid,1.122,0.0,0.0,45.0,0.0,53.1,826.26,"",'132826466427854829501,2026-05-04,11100221606,92400bb2-8805-4253-9901-55d41b39339f,"",Forward,100045492639,100045492639,11504,1121.9,5.0,1650.0,0.0,1650.0,packet_delivered,0.0,0.0,0.0,0.0,0.0,0.0,0.0,0.0,NA,0,1349.0
NFT-/XUTR/DEUTH026124A05FZX,60.86,0.0,0.0,2899.0,1278.0,316.688,6.086,0.0,0.0,prepaid,1.217,182.0,0.0,0.0,0.0,214.76,-1168.769,"",'132819298654559899703,2026-05-04,11098582620,147852ae-7083-43ae-b464-7d4318f46ef6,100153354020,Reverse,100043853655,1000012729134,11504,1217.14,5.0,1450.0,0.0,1450.0,return_refund,0.0,0.0,0.0,0.0,0.0,0.0,0.0,0.0,NA,0,1449.0
NFT-/XUTR/DEUTH026124A05FZX,24.57,0.0,0.0,1650.0,516.0,133.954,2.457,0.0,0.0,prepaid,0.491,0.0,0.0,27.0,0.0,31.86,347.238,"",'132780587830382845101,2026-05-04,11090148745,5945e9ad-8ffc-4c0a-bfed-21a19af34f60,"",Forward,100035419796,1000010369109,11504,491.43,5.0,1040.0,0.0,1040.0,packet_delivered,0.0,0.0,0.0,0.0,0.0,0.0,0.0,0.0,NA,0,610.0
NFT-/XUTR/DEUTH026124A05FZX,38.33,0.0,0.0,1799.0,805.0,208.978,3.833,0.0,0.0,prepaid,0.767,0.0,0.0,27.0,0.0,31.86,559.562,"",'132781209403796694301,2026-05-04,11090360057,dce7685b-5596-40be-921b-725c0b47319c,"",Forward,100035631108,100035631108,11504,766.67,5.0,900.0,0.0,900.0,packet_delivered,0.0,0.0,0.0,0.0,0.0,0.0,0.0,0.0,NA,0,899.0
NFT-/XUTR/DEUTH026124A05FZX,49.62,0.0,0.0,2699.0,1042.0,258.208,4.962,0.0,0.0,prepaid,0.992,0.0,0.0,45.0,0.0,53.1,724.738,"",'132833454480295448901,2026-05-04,11101900715,499a196a-a8ba-4ab7-9fb9-2a9bddb7ff9b,"",Forward,100047171742,1000013782167,11504,992.38,5.0,1486.0,0.0,1486.0,packet_delivered,0.0,0.0,0.0,0.0,0.0,0.0,0.0,0.0,NA,0,1213.0
NFT-/XUTR/DEUTH026124A05FZX,35.95,0.0,0.0,1699.0,755.0,195.998,3.595,0.0,0.0,prepaid,0.719,0.0,0.0,27.0,0.0,31.86,522.828,"",'132810137013752753503,2026-05-04,11096721278,e72fc66b-0108-4f88-8c51-87515a4804c5,"",Forward,100041992319,100041992319,11504,719.05,5.0,850.0,0.0,850.0,packet_delivered,0.0,0.0,0.0,0.0,0.0,0.0,0.0,0.0,NA,0,849.0
NFT-/XUTR/DEUTH026124A05FZX,90.14,0.0,0.0,2999.0,943.045,233.68699999999998,4.491,0.0,0.0,prepaid,0.898,0.0,0.0,22.418,0.0,26.45324,677.516,"",'132815539633793921503,2026-05-04,11098158100,344d5d48-bd6d-4853-ac46-e9472f567085,"",Forward,100043429136,100043429136,11504,1802.86,5.0,900.0,0.0,900.0,packet_delivered,0.0,0.0,0.0,0.0,0.0,0.0,0.0,0.0,NA,0,2099.01
NFT-/XUTR/DEUTH026124A05FZX,63.24,0.0,0.0,2999.0,373.064,92.445,1.776,0.0,0.0,prepaid,0.355,0.0,0.0,12.641,0.0,14.91638,263.572,"",'132804817623609676401,2026-05-04,11095678378,c15b3eb1-8c94-4c70-a9eb-ddbf3b5e4e0b,"",Forward,100040949419,100040949419,11504,1264.76,5.0,1500.0,0.0,1500.0,packet_delivered,0.0,0.0,0.0,0.0,0.0,0.0,0.0,0.0,NA,0,1498.98
NFT-/XUTR/DEUTH026124A05FZX,39.81,0.0,0.0,2099.0,836.0,207.161,3.981,0.0,0.0,prepaid,0.796,127.0,0.0,0.0,0.0,149.86,-773.922,"",'132823555875196976501,2026-05-04,11099746012,5ef5c880-167d-4a89-bb6f-5e27a9a1e57b,11099746012,Reverse,100045017046,100045017046,11504,796.19,5.0,1092.0,0.0,1092.0,exchange,0.0,0.0,0.0,0.0,0.0,0.0,0.0,0.0,NA,0,1007.0
NFT-/XUTR/DEUTH026124A05FZX,87.05,0.0,0.0,1999.0,47.68,11.252,0.227,0.0,0.0,prepaid,0.045,0.0,0.0,1.174,0.0,1.38532,34.771,"",'132778263750296188503,2026-05-04,11089455526,8f2604f1-ffe8-4b33-a2d0-7424051fc3f1,"",Forward,100034726578,100034726578,11504,1740.95,5.0,0.0,0.0,0.0,packet_delivered,0.0,0.0,0.0,0.0,0.0,0.0,0.0,0.0,NA,0,1999.0
NFT-/XUTR/DEUTH026124A05FZX,60.86,0.0,0.0,2899.0,1278.0,316.688,6.086,0.0,0.0,prepaid,1.217,0.0,0.0,45.0,0.0,53.1,900.909,"",'132819298654559899703,2026-05-04,11098582620,147852ae-7083-43ae-b464-7d4318f46ef6,"",Forward,100043853655,1000012729134,11504,1217.14,5.0,1450.0,0.0,1450.0,packet_delivered,0.0,0.0,0.0,0.0,0.0,0.0,0.0,0.0,NA,0,1449.0
NFT-/XUTR/DEUTH026124A05FZX,23.67,0.0,0.0,1599.0,496.99999999999994,23.458,2.367,0.0,0.0,prepaid,0.473,167.0,0.0,0.0,0.0,197.06,-667.762,"",'132778648153113540103,2026-05-04,11089564972,450172e4-8c3a-40de-af41-a417db7ecaaa,100152011629,Reverse,100034836023,1000009938399,11504,473.33,5.0,1008.0,0.0,1008.0,return_refund,0.0,0.0,0.0,0.0,0.0,0.0,0.0,0.0,NA,0,591.0
NFT-/XUTR/DEUTH026124A05FZX,40.71,0.0,0.0,1899.0,855.0,221.958,4.071,0.0,0.0,prepaid,0.814,167.0,0.0,0.0,0.0,197.06,-825.217,"",'132789077879389620201,2026-05-04,11092185968,098428a3-a8ae-46ab-b0b5-f2c9844af2b5,100154591900,Reverse,100037457013,100037457013,11504,814.29,5.0,950.0,0.0,950.0,return_refund,0.0,0.0,0.0,0.0,0.0,0.0,0.0,0.0,NA,0,949.0
NFT-/XUTR/DEUTH026124A05FZX,19.1,0.0,0.0,1599.0,401.0,18.927,1.91,0.0,0.0,prepaid,0.382,182.0,0.0,0.0,0.0,214.76,-594.541,"",'132802391856962881103,2026-05-04,11094972631,421204c8-0870-4578-9986-f9b4877a19d5,100154778627,Reverse,100040243673,1000011535106,11504,381.9,5.0,1104.0,0.0,1104.0,return_refund,0.0,0.0,0.0,0.0,0.0,0.0,0.0,0.0,NA,0,495.0
NFT-/XUTR/DEUTH026124A05FZX,35.76,0.0,0.0,1799.0,751.0,194.96,3.576,0.0,0.0,prepaid,0.715,106.0,0.0,0.0,0.0,125.08,-676.829,"",'132822870174103329101,2026-05-04,11099534097,1551db28-a69d-49dc-8eec-dc650b86f96c,11099534097,Reverse,100044805131,1000012893815,11504,715.24,5.0,954.0,0.0,954.0,exchange,0.0,0.0,0.0,0.0,0.0,0.0,0.0,0.0,NA,0,845.0
NFT-/XUTR/DEUTH026124A05FZX,38.33,0.0,0.0,1799.0,805.0,208.978,3.833,0.0,0.0,prepaid,0.767,167.0,0.0,0.0,0.0,197.06,-788.482,"",'132776478851126481901,2026-05-04,11088894222,31398320-b57f-4585-8bfc-cca7d5e34124,100152141501,Reverse,100034165274,1000009727914,11504,766.67,5.0,900.0,0.0,900.0,return_refund,0.0,0.0,0.0,0.0,0.0,0.0,0.0,0.0,NA,0,899.0
NFT-/XUTR/DEUTH026124A05FZX,90.14,0.0,0.0,2999.0,943.045,233.68699999999998,4.491,0.0,0.0,prepaid,0.898,90.668,0.0,0.0,0.0,106.98824,-810.957,"",'132815539633793921503,2026-05-04,11098158100,344d5d48-bd6d-4853-ac46-e9472f567085,100153919900,Reverse,100043429136,100043429136,11504,1802.86,5.0,900.0,0.0,900.0,return_refund,0.0,0.0,0.0,0.0,0.0,0.0,0.0,0.0,NA,0,2099.01
NFT-/XUTR/DEUTH026124A05FZX,58.95,0.0,0.0,2999.0,1238.0,306.776,5.895,0.0,0.0,prepaid,1.179,0.0,0.0,45.0,0.0,53.1,871.05,"",'132793568875365441203,2026-05-04,11093041336,c17dd41b-a26f-4aa1-a835-9e4d9b95d9fa,"",Forward,100038312380,100038312380,11504,1179.05,5.0,1590.0,0.0,1590.0,packet_delivered,0.0,0.0,0.0,0.0,0.0,0.0,0.0,0.0,NA,0,1409.0
NFT-/XUTR/DEUTH026124A05FZX,35.76,0.0,0.0,1799.0,751.0,194.96,3.576,0.0,0.0,prepaid,0.715,182.0,0.0,0.0,0.0,214.76,-766.509,"",'132804292013430945203,2026-05-04,11095535297,8c559917-b170-47ce-867e-3b5c7a08ed50,100156289517,Reverse,100040806338,100040806338,11504,715.24,5.0,954.0,0.0,954.0,return_refund,0.0,0.0,0.0,0.0,0.0,0.0,0.0,0.0,NA,0,845.0
NFT-/XUTR/DEUTH026124A05FZX,51.81,0.0,0.0,1799.0,1088.0,256.768,5.181,0.0,0.0,prepaid,1.036,127.0,0.0,0.0,0.0,149.86,-974.875,"",'132828272379282732803,2026-05-04,11100503392,9b8923d7-af51-4eb4-8178-379e31b417db,100154306495,Reverse,100045774425,100045774425,11504,1036.19,5.0,540.0,0.0,540.0,return_refund,0.0,0.0,0.0,0.0,0.0,0.0,0.0,0.0,NA,0,1259.0
NFT-/XUTR/DEUTH026124A05FZX,48.48,0.0,0.0,1699.0,1018.0,240.248,4.848,0.0,0.0,prepaid,0.97,0.0,0.0,45.0,0.0,53.1,718.834,"",'132806454786357333803,2026-05-04,11096202019,11795ce4-b7fa-4641-8b35-5b05cd56d126,"",Forward,100041473060,1000012154661,11504,969.52,5.0,510.0,0.0,510.0,packet_delivered,0.0,0.0,0.0,0.0,0.0,0.0,0.0,0.0,NA,0,1189.0
NFT-/XUTR/DEUTH026124A05FZX,97.29,0.0,0.0,4499.0,2043.0,482.148,9.729,0.0,0.0,prepaid,1.946,0.0,0.0,61.0,0.0,71.98,1477.197,"",'132812711789688863701,2026-05-04,11097353719,186f34ca-ea45-4a49-8e94-0c1f3befa59e,"",Forward,100042624759,1000012692885,11504,1945.71,5.0,2250.0,0.0,2250.0,packet_delivered,0.0,0.0,0.0,0.0,0.0,0.0,0.0,0.0,NA,0,2249.0
NFT-/XUTR/DEUTH026124A05FZX,45.14,0.0,0.0,1599.0,948.0000000000001,246.101,4.514,0.0,0.0,prepaid,0.903,112.0,0.0,0.0,0.0,132.16,-828.642,"",'132769772411991049203,2026-05-04,11087563964,fff3e48b-d377-4e1b-80f8-9bdd0389bd97,11087563964,Reverse,100032835017,100032835017,11504,902.86,5.0,480.0,0.0,480.0,exchange,0.0,0.0,0.0,0.0,0.0,0.0,0.0,0.0,NA,0,1118.99
NFT-/XUTR/DEUTH026124A05FZX,81.81,0.0,0.0,2699.0,1718.0,425.72,8.181,0.0,0.0,prepaid,1.636,0.0,0.0,45.0,0.0,53.1,1229.363,"",'132786500549907661503,2026-05-04,11091327663,744c5ff5-9b47-4e45-b12e-e000a01d5c27,"",Forward,100036598708,1000010989984,11504,1636.19,5.0,810.0,0.0,810.0,packet_delivered,0.0,0.0,0.0,0.0,0.0,0.0,0.0,0.0,NA,0,1889.0
NFT-/XUTR/DEUTH026124A05FZX,42.43,0.0,0.0,2899.0,891.0,231.304,4.243,0.0,0.0,prepaid,0.849,0.0,0.0,27.0,0.0,31.86,622.744,"",'132815965374439561103,2026-05-04,11098271978,e9593354-d32a-4fee-a186-02507934685f,"",Forward,100043543014,1000012721042,11504,848.57,5.0,1914.0,0.0,1914.0,packet_delivered,0.0,0.0,0.0,0.0,0.0,0.0,0.0,0.0,NA,0,985.0
NFT-/XUTR/DEUTH026124A05FZX,0.0,15.29,15.29,1699.0,642.0,45.454,0.0,1.5285,1.5285,prepaid,0.611,106.0,0.0,0.0,0.0,125.08,-717.958,"",'132841137457263225701,2026-05-04,11103480289,2989e4ea-4a4b-4c04-95a7-75193eec7327,11103480289,Reverse,100048751298,100048751298,11504,611.42,5.0,963.0,0.0,963.0,exchange,0.0,0.0,0.0,0.0,0.0,0.0,0.0,0.0,NA,0,735.9999999999999
NFT-/XUTR/DEUTH026124A05FZX,82.24,0.0,0.0,1899.0,1727.0,407.572,8.224,0.0,0.0,prepaid,1.645,0.0,0.0,45.0,0.0,53.1,1256.459,"",'132788490149755606803,2026-05-04,11091975915,1ace7b3d-700c-4409-9007-97913f0f92d3,"",Forward,100037246960,1000010608706,11504,1644.76,5.0,1.0,0.0,1.0,packet_delivered,0.0,0.0,0.0,0.0,0.0,0.0,0.0,0.0,NA,0,1898.02
NFT-/XUTR/DEUTH026124A05FZX,115.19,0.0,0.0,2625.0,2419.0,570.884,11.519,0.0,0.0,prepaid,2.304,0.0,0.0,61.0,0.0,71.98,1762.313,"",'132788730319314857201,2026-05-04,11092056201,0791eae4-e7a7-43b8-ad7e-6f249097d786,"",Forward,100037327246,1000011580611,11504,2303.81,5.0,0.0,0.0,0.0,packet_delivered,0.0,0.0,0.0,0.0,0.0,0.0,0.0,0.0,NA,0,2625.0
NFT-/XUTR/DEUTH026124A05FZX,42.62,0.0,0.0,2999.0,23.59,6.124,0.112,0.0,0.0,prepaid,0.022,0.0,0.0,0.712,0.0,0.84016,16.492,"",'132781075075329537503,2026-05-04,11090319029,9a07a982-de34-47f7-bf18-1b90e817c0a8,"",Forward,100035590080,1000010370933,11504,852.38,5.0,2010.0,0.0,2010.0,packet_delivered,0.0,0.0,0.0,0.0,0.0,0.0,0.0,0.0,NA,0,989.0
NFT-/XUTR/DEUTH026124A05FZX,426.05,0.0,0.0,2999.0,2793.0,659.148,11.835,0.0,0.0,prepaid,2.367,0.0,0.0,61.0,0.0,71.98,2047.67,"",'132818310284435505003,2026-05-04,11098413618,66a54897-180c-4db3-9956-6b8f7a48c15d,"",Forward,100043684654,100043684654,11504,2366.95,18.0,0.0,0.0,0.0,packet_delivered,0.0,0.0,0.0,0.0,0.0,0.0,0.0,0.0,NA,0,2999.0
NFT-/XUTR/DEUTH026124A05FZX,0.0,37.57,37.57,3499.0,1578.0,391.028,0.0,3.757,3.757,prepaid,1.503,106.0,0.0,0.0,0.0,125.08,-1303.035,"",'132831469781579206203,2026-05-04,11101340713,e7bbfa72-541d-4196-ba44-8bfcf0de92ca,11101340713,Reverse,100046611740,100046611740,11504,1502.86,5.0,1750.0,0.0,1750.0,exchange,0.0,0.0,0.0,0.0,0.0,0.0,0.0,0.0,NA,0,1748.9999999999998
NFT-/XUTR/DEUTH026124A05FZX,0.0,10.14,10.14,1699.0,426.00000000000006,20.107,0.0,1.0145,1.0145,prepaid,0.406,106.0,0.0,0.0,0.0,125.08,-528.538,"",'132845291620642014601,2026-05-04,11104037207,e33384ac-b7d7-4f20-a289-fda848fc2150,11104037207,Reverse,100049308211,100049308211,11504,405.72,5.0,1179.0,0.0,1179.0,exchange,0.0,0.0,0.0,0.0,0.0,0.0,0.0,0.0,NA,0,520.0
NFT-/XUTR/DEUTH026124A05FZX,40.71,0.0,0.0,1899.0,855.0,221.958,4.071,0.0,0.0,prepaid,0.814,0.0,0.0,27.0,0.0,31.86,596.297,"",'132786980962597290103,2026-05-04,11091485189,5f1d006f-17d4-46ad-a4b2-7b55ff6dbdb8,"",Forward,100036756234,100036756234,11504,814.29,5.0,950.0,0.0,950.0,packet_delivered,0.0,0.0,0.0,0.0,0.0,0.0,0.0,0.0,NA,0,949.0
NFT-/XUTR/DEUTH026124A05FZX,43.1,0.0,0.0,1999.0,905.0,234.938,4.31,0.0,0.0,prepaid,0.862,0.0,0.0,27.0,0.0,31.86,633.03,"",'132790414478254009803,2026-05-04,11092680864,776348f7-6042-4ba5-a438-b331ae59d82b,"",Forward,100037951909,100037951909,11504,861.9,5.0,1000.0,0.0,1000.0,packet_delivered,0.0,0.0,0.0,0.0,0.0,0.0,0.0,0.0,NA,0,999.0
NFT-/XUTR/DEUTH026124A05FZX,19.1,0.0,0.0,1650.0,401.0,18.927,1.91,0.0,0.0,prepaid,0.382,0.0,0.0,15.0,0.0,17.7,362.081,"",'132796243861374830701,2026-05-04,11093803951,4f979eea-49c7-4383-ad38-710354ab685b,"",Forward,100039074993,100039074993,11504,381.9,5.0,1155.0,0.0,1155.0,packet_delivered,0.0,0.0,0.0,0.0,0.0,0.0,0.0,0.0,NA,0,495.0
NFT-/XUTR/DEUTH026124A05FZX,81.33,0.0,0.0,3999.0,1708.0,423.242,8.133,0.0,0.0,prepaid,1.627,0.0,0.0,45.0,0.0,53.1,1221.898,"",'132801518394047746601,2026-05-04,11094759623,d868fbef-f75f-4c78-af75-112ac329800b,"",Forward,100040030665,100040030665,11504,1626.67,5.0,2120.0,0.0,2120.0,packet_delivered,0.0,0.0,0.0,0.0,0.0,0.0,0.0,0.0,NA,0,1879.0
NFT-/XUTR/DEUTH026124A05FZX,0.0,39.67,39.67,2625.0,1666.0,412.835,0.0,3.9665,3.9665,prepaid,1.587,0.0,0.0,45.0,0.0,53.1,1190.545,"",'132825284883575954701,2026-05-04,11100187585,e6bfb04c-b503-4f02-bc81-6021ccb9babe,"",Forward,100045458618,100045458618,11504,1586.66,5.0,788.0,0.0,788.0,packet_delivered,0.0,0.0,0.0,0.0,0.0,0.0,0.0,0.0,NA,0,1837.0000000000002
NFT-/XUTR/DEUTH026124A05FZX,19.05,0.0,0.0,1499.0,400.0,18.88,1.905,0.0,0.0,prepaid,0.381,0.0,0.0,0.0,0.0,0.0,378.834,"",'132781475840761352503,2026-05-04,11090426270,c68d0e98-dbfa-4867-8301-a6b346f30e84,"",Forward,100035697321,1000010983851,11504,380.95,5.0,1005.0,0.0,1005.0,packet_delivered,0.0,0.0,0.0,0.0,0.0,0.0,0.0,0.0,NA,0,494.0
NFT-/XUTR/DEUTH026124A05FZX,104.43,0.0,0.0,2399.0,37.58,8.425,0.179,0.0,0.0,prepaid,0.036,0.0,0.0,1.045,0.0,1.2331,27.707,"",'132832488617490799803,2026-05-04,11101634539,885c3520-5d48-46df-bc6e-1f8cf79b7d56,"",Forward,100046905566,100046905566,11504,2088.57,5.0,0.0,0.0,0.0,packet_delivered,0.0,0.0,0.0,0.0,0.0,0.0,0.0,0.0,NA,0,2399.01
NFT-/XUTR/DEUTH026124A05FZX,19.05,0.0,0.0,1650.0,400.0,18.88,1.905,0.0,0.0,prepaid,0.381,0.0,0.0,0.0,0.0,0.0,378.834,"",'132832991712685441103,2026-05-04,11101801071,0a90d17e-df13-45e1-9cbf-ceef00db47ad,"",Forward,100047072098,100047072098,11504,380.95,5.0,1156.0,0.0,1156.0,packet_delivered,0.0,0.0,0.0,0.0,0.0,0.0,0.0,0.0,NA,0,494.0
NFT-/XUTR/DEUTH026124A05FZX,75.14,0.0,0.0,3499.0,1578.0,391.028,7.514,0.0,0.0,prepaid,1.503,182.0,0.0,0.0,0.0,214.76,-1392.715,"",'132806152120338305401,2026-05-04,11096091557,d808a6bb-6aef-49a7-8422-267966030c27,100153571952,Reverse,100041362598,100041362598,11504,1502.86,5.0,1750.0,0.0,1750.0,return_refund,0.0,0.0,0.0,0.0,0.0,0.0,0.0,0.0,NA,0,1749.0
NFT-/XUTR/DEUTH026124A05FZX,70.43,0.0,0.0,1650.0,1479.0,349.044,7.043,0.0,0.0,prepaid,1.409,127.0,0.0,0.0,0.0,149.86,-1271.364,"",'132832726810780125803,2026-05-04,11101712086,21d3f814-1bc4-4a0a-9b77-d6a1611f2790,100153464088,Reverse,100046983113,100046983113,11504,1408.57,5.0,0.0,0.0,0.0,return_refund,0.0,0.0,0.0,0.0,0.0,0.0,0.0,0.0,NA,0,1650.0
NFT-/XUTR/DEUTH026124A05FZX,31.14,0.0,0.0,1499.0,654.0,169.778,3.114,0.0,0.0,prepaid,0.623,106.0,0.0,0.0,0.0,125.08,-605.565,"",'132833073618652489903,2026-05-04,11101822816,9f719c53-8aaa-402d-9ee0-5fd0ee79fbfa,11101822816,Reverse,100047093843,1000013784174,11504,622.86,5.0,751.0,0.0,751.0,exchange,0.0,0.0,0.0,0.0,0.0,0.0,0.0,0.0,NA,0,748.0
NFT-/XUTR/DEUTH026124A05FZX,63.24,0.0,0.0,2999.0,1328.0,329.078,6.324,0.0,0.0,prepaid,1.265,0.0,0.0,45.0,0.0,53.1,938.233,"",'132776973420302520001,2026-05-04,11089056621,ac25bc14-0f27-46d1-8a84-2dddffca75ad,"",Forward,100034327673,100034327673,11504,1264.76,5.0,1500.0,0.0,1500.0,packet_delivered,0.0,0.0,0.0,0.0,0.0,0.0,0.0,0.0,NA,0,1499.0
NFT-/XUTR/DEUTH026124A05FZX,79.38,0.0,0.0,2625.0,1667.0,413.083,7.938,0.0,0.0,prepaid,1.588,0.0,0.0,45.0,0.0,53.1,1191.291,"",'132784416307426666003,2026-05-04,11090675696,ecb399dd-4f68-473a-84c7-557dd98aaf2f,"",Forward,100035946747,100035946747,11504,1587.62,5.0,787.0,0.0,787.0,packet_delivered,0.0,0.0,0.0,0.0,0.0,0.0,0.0,0.0,NA,0,1838.0
NFT-/XUTR/DEUTH026124A05FZX,0.0,17.07,17.07,1599.0,717.0,186.133,0.0,1.707,1.707,prepaid,0.683,0.0,0.0,27.0,0.0,31.86,494.91,"",'132836574032624827903,2026-05-04,11102192765,c9cd9a22-28b5-4fbf-9564-1e6d8a432cde,"",Forward,100047463792,100047463792,11504,682.86,5.0,788.0,0.0,788.0,packet_delivered,0.0,0.0,0.0,0.0,0.0,0.0,0.0,0.0,NA,0,811.0000000000001
NFT-/XUTR/DEUTH026124A05FZX,42.81,0.0,0.0,1699.0,899.0,233.38,4.281,0.0,0.0,prepaid,0.856,0.0,0.0,27.0,0.0,31.86,628.623,"",'132794608648138422801,2026-05-04,11093338556,6cc399d7-eff0-4b91-a540-3246dfe2e279,"",Forward,100038609600,100038609600,11504,856.19,5.0,629.0,0.0,629.0,packet_delivered,0.0,0.0,0.0,0.0,0.0,0.0,0.0,0.0,NA,0,1070.0
NFT-/XUTR/DEUTH026124A05FZX,37.19,0.0,0.0,1750.0,781.0,202.748,3.719,0.0,0.0,prepaid,0.744,0.0,0.0,27.0,0.0,31.86,541.929,"",'132820778744271868601,2026-05-04,11098958101,b4ce5088-7edd-4c50-bf68-307c8c52ffca,"",Forward,100044229135,100044229135,11504,743.81,5.0,875.0,0.0,875.0,packet_delivered,0.0,0.0,0.0,0.0,0.0,0.0,0.0,0.0,NA,0,875.0
NFT-/XUTR/DEUTH026124A05FZX,40.71,0.0,0.0,2499.0,855.0,221.958,4.071,0.0,0.0,prepaid,0.814,182.0,0.0,0.0,0.0,214.76,-842.917,"",'132813571453341811001,2026-05-04,11097568058,b25eb4fc-ab6b-4467-b1f0-da57a8c00a3a,11097568058,Reverse,100042839094,100042839094,11504,814.29,5.0,1550.0,0.0,1550.0,exchange,0.0,0.0,0.0,0.0,0.0,0.0,0.0,0.0,NA,0,948.99
NFT-/XUTR/DEUTH026124A05FZX,0.0,31.62,31.62,2999.0,1328.0,329.078,0.0,3.162,3.162,prepaid,1.265,106.0,0.0,0.0,0.0,125.08,-1116.413,"",'132818745238264803603,2026-05-04,11098471936,32e752d0-1ecf-47e0-ac19-e651a4bcb824,100152676230,Reverse,100043742972,1000012722164,11504,1264.76,5.0,1500.0,0.0,1500.0,return_refund,0.0,0.0,0.0,0.0,0.0,0.0,0.0,0.0,NA,0,1498.9999999999998
NFT-/XUTR/DEUTH026124A05FZX,50.19,0.0,0.0,1750.0,1054.0,248.744,5.019,0.0,0.0,prepaid,1.004,0.0,0.0,45.0,0.0,53.1,746.133,"",'132801099478187409901,2026-05-04,11094701227,053aba95-fcc9-4043-96d0-be379aeac852,"",Forward,100039972269,1000011453112,11504,1003.81,5.0,525.0,0.0,525.0,packet_delivered,0.0,0.0,0.0,0.0,0.0,0.0,0.0,0.0,NA,0,1225.0
NFT-/XUTR/DEUTH026124A05FZX,44.67,0.0,0.0,2999.0,938.0,243.505,4.467,0.0,0.0,prepaid,0.893,0.0,0.0,27.0,0.0,31.86,657.275,"",'132827796749861664101,2026-05-04,11100385046,99651a91-28c4-4722-9cb8-9cf65801e8db,"",Forward,100045656079,100045656079,11504,893.33,5.0,1890.0,0.0,1890.0,packet_delivered,0.0,0.0,0.0,0.0,0.0,0.0,0.0,0.0,NA,0,1109.0
NFT-/XUTR/DEUTH026124A05FZX,0.0,37.5,37.5,2625.0,1575.0,390.285,0.0,3.75,3.75,prepaid,1.5,0.0,0.0,45.0,0.0,53.1,1122.615,"",'132839791422394533703,2026-05-04,11103111128,ec0c24b9-705f-457f-ad90-f00e5f641d20,"",Forward,100048382137,100048382137,11504,1500,5.0,879.0,0.0,879.0,packet_delivered,0.0,0.0,0.0,0.0,0.0,0.0,0.0,0.0,NA,0,1746.0
NFT-/XUTR/DEUTH026124A05FZX,33.57,0.0,0.0,1599.0,705.0,183.018,3.357,0.0,0.0,prepaid,0.671,0.0,0.0,27.0,0.0,31.86,486.094,"",'132781072493920733501,2026-05-04,11090318171,bb376a49-0578-458c-9e5b-794b038f5728,"",Forward,100035589222,1000010364438,11504,671.43,5.0,800.0,0.0,800.0,packet_delivered,0.0,0.0,0.0,0.0,0.0,0.0,0.0,0.0,NA,0,799.0
NFT-/XUTR/DEUTH026124A05FZX,23.67,0.0,0.0,1599.0,497.0,23.458,2.367,0.0,0.0,prepaid,0.473,0.0,0.0,27.0,0.0,31.86,438.842,"",'132785527593405853201,2026-05-04,11090997088,ec2df42d-e225-4741-8d4b-119d2695ad41,"",Forward,100036268135,1000010370141,11504,473.33,5.0,1008.0,0.0,1008.0,packet_delivered,0.0,0.0,0.0,0.0,0.0,0.0,0.0,0.0,NA,0,591.0
NFT-/XUTR/DEUTH026124A05FZX,55.14,0.0,0.0,1899.0,1158.0,273.288,5.514,0.0,0.0,prepaid,1.103,0.0,0.0,45.0,0.0,53.1,824.995,"",'132809684391218639301,2026-05-04,11096660394,d61ff5a1-04a1-4f20-a854-b8ce5a44de2f,"",Forward,100041931435,100041931435,11504,1102.86,5.0,570.0,0.0,570.0,packet_delivered,0.0,0.0,0.0,0.0,0.0,0.0,0.0,0.0,NA,0,1329.0
NFT-/XUTR/DEUTH026124A05FZX,63.24,0.0,0.0,2999.0,1328.0,329.078,6.324,0.0,0.0,prepaid,1.265,167.0,0.0,0.0,0.0,197.06,-1188.393,"",'132782326578651112903,2026-05-04,11090515973,eeb4efd8-f72d-4739-88cd-0513bdbff460,100152615541,Reverse,100035787024,1000010989271,11504,1264.76,5.0,1500.0,0.0,1500.0,return_refund,0.0,0.0,0.0,0.0,0.0,0.0,0.0,0.0,NA,0,1499.0
NFT-/XUTR/DEUTH026124A05FZX,62.1,0.0,0.0,2950.0,1304.0,323.131,6.21,0.0,0.0,prepaid,1.242,167.0,0.0,0.0,0.0,197.06,-1170.477,"",'132776143995372815501,2026-05-04,11088797668,9a42cdc4-1ead-41e3-affb-e5b0a2c7d8fb,100153475396,Reverse,100034068720,100034068720,11504,1241.9,5.0,1475.0,0.0,1475.0,return_refund,0.0,0.0,0.0,0.0,0.0,0.0,0.0,0.0,NA,0,1475.0
NFT-/XUTR/DEUTH026124A05FZX,63.24,0.0,0.0,2999.0,373.06399999999996,92.445,1.776,0.0,0.0,prepaid,0.355,51.128,0.0,0.0,0.0,60.33104,-338.819,"",'132804817623609676401,2026-05-04,11095678378,c15b3eb1-8c94-4c70-a9eb-ddbf3b5e4e0b,11095678378,Reverse,100040949419,100040949419,11504,1264.76,5.0,1500.0,0.0,1500.0,exchange,0.0,0.0,0.0,0.0,0.0,0.0,0.0,0.0,NA,0,1498.98
NFT-/XUTR/DEUTH026124A05FZX,0.0,16.45,16.45,1699.0,691.0,179.384,0.0,1.645,1.645,prepaid,0.658,0.0,0.0,27.0,0.0,31.86,475.808,"",'132837820931117919701,2026-05-04,11102562856,4707febd-16df-49d1-956c-424e5ff83ec5,"",Forward,100047833884,100047833884,11504,658.1,5.0,914.0,0.0,914.0,packet_delivered,0.0,0.0,0.0,0.0,0.0,0.0,0.0,0.0,NA,0,785.0000000000001
NFT-/XUTR/DEUTH026124A05FZX,23.67,0.0,0.0,1599.0,497.0,23.458,2.367,0.0,0.0,prepaid,0.473,0.0,0.0,27.0,0.0,31.86,438.842,"",'132798346335533522303,2026-05-04,11094457129,37ec972c-4563-45fb-84dc-a6f18933c916,"",Forward,100039728171,100039728171,11504,473.33,5.0,1008.0,0.0,1008.0,packet_delivered,0.0,0.0,0.0,0.0,0.0,0.0,0.0,0.0,NA,0,591.0
NFT-/XUTR/DEUTH026124A05FZX,35.95,0.0,0.0,1699.0,755.0,195.998,3.595,0.0,0.0,prepaid,0.719,106.0,0.0,0.0,0.0,125.08,-679.768,"",'132820746183704226201,2026-05-04,11098948870,1d31d301-0f69-4c77-be8f-85c319f5c4b4,100154358284,Reverse,100044219905,100044219905,11504,719.05,5.0,850.0,0.0,850.0,return_refund,0.0,0.0,0.0,0.0,0.0,0.0,0.0,0.0,NA,0,849.0
NFT-/XUTR/DEUTH026124A05FZX,29.0,0.0,0.0,1850.0,609.0,158.096,2.9,0.0,0.0,prepaid,0.58,0.0,0.0,27.0,0.0,31.86,415.564,"",'132795158433212183203,2026-05-04,11093497026,026bbdee-11b5-479b-96c8-e2dbb684d387,"",Forward,100038768070,1000011087163,11504,580,5.0,1147.0,0.0,1147.0,packet_delivered,0.0,0.0,0.0,0.0,0.0,0.0,0.0,0.0,NA,0,703.0
NFT-/XUTR/DEUTH026124A05FZX,38.33,0.0,0.0,1799.0,805.0,208.978,3.833,0.0,0.0,prepaid,0.767,0.0,0.0,27.0,0.0,31.86,559.562,"",'132796130599383158001,2026-05-04,11093773110,fa3478cc-cae3-4e07-a367-8772ffd832bf,"",Forward,100039044152,100039044152,11504,766.67,5.0,900.0,0.0,900.0,packet_delivered,0.0,0.0,0.0,0.0,0.0,0.0,0.0,0.0,NA,0,899.0
NFT-/XUTR/DEUTH026124A05FZX,42.43,0.0,0.0,2899.0,891.0,231.304,4.243,0.0,0.0,prepaid,0.849,182.0,0.0,0.0,0.0,214.76,-869.364,"",'132802589918373843303,2026-05-04,11095032081,da201a42-9faa-44e9-9410-62f259de4483,11095032081,Reverse,100040303123,100040303123,11504,848.57,5.0,1914.0,0.0,1914.0,exchange,0.0,0.0,0.0,0.0,0.0,0.0,0.0,0.0,NA,0,985.0
NFT-/XUTR/DEUTH026124A05FZX,24.57,0.0,0.0,1650.0,516.0,133.954,2.457,0.0,0.0,prepaid,0.491,0.0,0.0,27.0,0.0,31.86,347.238,"",'132780042695286614201,2026-05-04,11089971011,0e335059-5409-4320-b1b2-0eb31baf5bf3,"",Forward,100035242062,1000010360638,11504,491.43,5.0,1040.0,0.0,1040.0,packet_delivered,0.0,0.0,0.0,0.0,0.0,0.0,0.0,0.0,NA,0,610.0
NFT-/XUTR/DEUTH026124A05FZX,37.19,0.0,0.0,1750.0,781.0,202.748,3.719,0.0,0.0,prepaid,0.744,0.0,0.0,27.0,0.0,31.86,541.929,"",'132787531297464363401,2026-05-04,11091660535,dfb281ee-3030-4c39-b7be-606d3dc55a83,"",Forward,100036931580,100036931580,11504,743.81,5.0,875.0,0.0,875.0,packet_delivered,0.0,0.0,0.0,0.0,0.0,0.0,0.0,0.0,NA,0,875.0
NFT-/XUTR/DEUTH026124A05FZX,0.0,19.17,19.17,1999.0,805.0,208.978,0.0,1.9165,1.9165,prepaid,0.767,0.0,0.0,27.0,0.0,31.86,559.562,"",'132827760306617628601,2026-05-04,11100377682,0631cec6-8ef8-48c9-8d96-c433dc703e9c,"",Forward,100045648715,100045648715,11504,766.66,5.0,1100.0,0.0,1100.0,packet_delivered,0.0,0.0,0.0,0.0,0.0,0.0,0.0,0.0,NA,0,898.9999999999999
NFT-/XUTR/DEUTH026124A05FZX,0.0,35.19,35.19,3299.0,1478.0,366.248,0.0,3.519,3.519,prepaid,1.408,0.0,0.0,45.0,0.0,53.1,1050.206,"",'132836824975843664503,2026-05-04,11102255808,1fff79dd-e80e-47e8-9447-342c1ccd6ffe,"",Forward,100047526835,1000013779167,11504,1407.62,5.0,1650.0,0.0,1650.0,packet_delivered,0.0,0.0,0.0,0.0,0.0,0.0,0.0,0.0,NA,0,1649.0
NFT-/XUTR/DEUTH026124A05FZX,0.0,18.88,18.88,2399.0,793.0,37.43,0.0,1.888,1.888,prepaid,0.755,0.0,0.0,27.0,0.0,31.86,719.179,"",'132827088007221174001,2026-05-04,11100267900,6f83c742-ce71-4554-a463-4c7d4a9ced83,"",Forward,100045538933,100045538933,11504,755.24,5.0,1512.0,0.0,1512.0,packet_delivered,0.0,0.0,0.0,0.0,0.0,0.0,0.0,0.0,NA,0,887.0
NFT-/XUTR/DEUTH026124A05FZX,57.38,0.0,0.0,2899.0,1205.0,298.599,5.738,0.0,0.0,prepaid,1.148,0.0,0.0,45.0,0.0,53.1,846.415,"",'132831777648842803103,2026-05-04,11101424230,2d8e3ad9-3065-46ff-88c4-e71208ff84b1,"",Forward,100046695257,1000013763428,11504,1147.62,5.0,1523.0,0.0,1523.0,packet_delivered,0.0,0.0,0.0,0.0,0.0,0.0,0.0,0.0,NA,0,1376.0
NFT-/XUTR/DEUTH026124A05FZX,70.38,0.0,0.0,3299.0,1478.0,366.248,7.038,0.0,0.0,prepaid,1.408,167.0,0.0,0.0,0.0,197.06,-1300.366,"",'132776518969726571401,2026-05-04,11088906994,559670cc-2a9e-4208-b88a-61f67035d3a7,100152446445,Reverse,100034178047,1000010358178,11504,1407.62,5.0,1650.0,0.0,1650.0,return_refund,0.0,0.0,0.0,0.0,0.0,0.0,0.0,0.0,NA,0,1649.0
NFT-/XUTR/DEUTH026124A05FZX,35.95,0.0,0.0,1699.0,755.0,195.998,3.595,0.0,0.0,prepaid,0.719,0.0,0.0,27.0,0.0,31.86,522.828,"",'132766126970759738901,2026-05-04,11086688994,c7463d6c-a9b8-4f59-aebb-e79faaa1f895,"",Forward,100031960048,100031960048,11504,719.05,5.0,850.0,0.0,850.0,packet_delivered,0.0,0.0,0.0,0.0,0.0,0.0,0.0,0.0,NA,0,849.0
NFT-/XUTR/DEUTH026124A05FZX,34.05,0.0,0.0,1799.0,715.0,185.614,3.405,0.0,0.0,prepaid,0.681,0.0,0.0,27.0,0.0,31.86,493.44,"",'132792988276224047901,2026-05-04,11092892700,ffb0b8cd-26fe-4349-a31e-e0ea645d97a2,"",Forward,100038163745,100038163745,11504,680.95,5.0,990.0,0.0,990.0,packet_delivered,0.0,0.0,0.0,0.0,0.0,0.0,0.0,0.0,NA,0,809.0
NFT-/XUTR/DEUTH026124A05FZX,0.0,31.62,31.62,2999.0,1328.0,329.078,0.0,3.162,3.162,prepaid,1.265,127.0,0.0,0.0,0.0,149.86,-1141.193,"",'132832715524419795901,2026-05-04,11101708284,b62145ee-7987-47e8-9f04-134ff24acb13,11101708284,Reverse,100046979311,100046979311,11504,1264.76,5.0,1500.0,0.0,1500.0,exchange,0.0,0.0,0.0,0.0,0.0,0.0,0.0,0.0,NA,0,1498.9999999999998
NFT-/XUTR/DEUTH026124A05FZX,47.76,0.0,0.0,2499.0,1003.0,248.543,4.776,0.0,0.0,prepaid,0.955,0.0,0.0,45.0,0.0,53.1,695.626,"",'132796103322191726001,2026-05-04,11093765333,b6405bc0-7bfb-4123-8b69-8d31066b774e,"",Forward,100039036376,100039036376,11504,955.24,5.0,1325.0,0.0,1325.0,packet_delivered,0.0,0.0,0.0,0.0,0.0,0.0,0.0,0.0,NA,0,1174.0
NFT-/XUTR/DEUTH026124A05FZX,75.14,0.0,0.0,3499.0,1578.0,391.028,7.514,0.0,0.0,prepaid,1.503,0.0,0.0,45.0,0.0,53.1,1124.855,"",'132815843427260661203,2026-05-04,11098247080,43d43096-ea15-4946-a922-f63d6e6d538e,"",Forward,100043518116,100043518116,11504,1502.86,5.0,1750.0,0.0,1750.0,packet_delivered,0.0,0.0,0.0,0.0,0.0,0.0,0.0,0.0,NA,0,1749.0
NFT-/XUTR/DEUTH026124A05FZX,100.14,0.0,0.0,3299.0,2103.0,496.308,10.014,0.0,0.0,prepaid,2.003,167.0,0.0,0.0,0.0,197.06,-1791.735,"",'132777510204521882301,2026-05-04,11089228122,5deb19de-a9cb-4af1-8d17-2cf84e486188,100152340687,Reverse,100034499174,1000010371752,11504,2002.86,5.0,990.0,0.0,990.0,return_refund,0.0,0.0,0.0,0.0,0.0,0.0,0.0,0.0,NA,0,2309.0
NFT-/XUTR/DEUTH026124A05FZX,42.62,0.0,0.0,2999.0,895.0,232.342,4.262,0.0,0.0,prepaid,0.852,0.0,0.0,27.0,0.0,31.86,625.684,"",'132781177272288259303,2026-05-04,11090351087,9c4fdeaf-ec80-4149-93e1-dab951452284,"",Forward,100035622138,100035622138,11504,852.38,5.0,2010.0,0.0,2010.0,packet_delivered,0.0,0.0,0.0,0.0,0.0,0.0,0.0,0.0,NA,0,989.0
NFT-/XUTR/DEUTH026124A05FZX,18.95,0.0,0.0,1699.0,398.0,18.786,1.895,0.0,0.0,prepaid,0.379,0.0,0.0,0.0,0.0,0.0,376.94,"",'132802134312061396603,2026-05-04,11094898187,7a729b6b-b81d-4e68-b197-36834c194035,"",Forward,100040169229,1000011506645,11504,379.05,5.0,1207.0,0.0,1207.0,packet_delivered,0.0,0.0,0.0,0.0,0.0,0.0,0.0,0.0,NA,0,492.0
NFT-/XUTR/DEUTH026124A05FZX,0.0,37.57,37.57,3499.0,1578.0,391.028,0.0,3.757,3.757,prepaid,1.503,0.0,0.0,45.0,0.0,53.1,1124.855,"",'132831469781579206203,2026-05-04,11101340713,e7bbfa72-541d-4196-ba44-8bfcf0de92ca,"",Forward,100046611740,100046611740,11504,1502.86,5.0,1750.0,0.0,1750.0,packet_delivered,0.0,0.0,0.0,0.0,0.0,0.0,0.0,0.0,NA,0,1748.9999999999998
NFT-/XUTR/DEUTH026124A05FZX,90.14,0.0,0.0,2999.0,1893.0,469.085,9.014,0.0,0.0,prepaid,1.803,0.0,0.0,45.0,0.0,53.1,1359.998,"",'132776849626787419003,2026-05-04,11089012482,820427a5-e82a-4e5c-a087-c96b9f4ca542,"",Forward,100034283534,100034283534,11504,1802.86,5.0,900.0,0.0,900.0,packet_delivered,0.0,0.0,0.0,0.0,0.0,0.0,0.0,0.0,NA,0,2099.0
NFT-/XUTR/DEUTH026124A05FZX,39.81,0.0,0.0,2799.0,836.0,217.026,3.981,0.0,0.0,prepaid,0.796,0.0,0.0,27.0,0.0,31.86,582.337,"",'132805379262314882003,2026-05-04,11095839687,36439b12-7194-49ae-b955-52bc5ec934a8,"",Forward,100041110728,1000012137433,11504,796.19,5.0,1792.0,0.0,1792.0,packet_delivered,0.0,0.0,0.0,0.0,0.0,0.0,0.0,0.0,NA,0,1007.0
NFT-/XUTR/DEUTH026124A05FZX,40.71,0.0,0.0,1899.0,855.0,221.958,4.071,0.0,0.0,prepaid,0.814,0.0,0.0,27.0,0.0,31.86,596.297,"",'132815731311681344303,2026-05-04,11098220335,f7f65da2-69aa-4449-aeba-8a04ac203f71,"",Forward,100043491371,100043491371,11504,814.29,5.0,950.0,0.0,950.0,packet_delivered,0.0,0.0,0.0,0.0,0.0,0.0,0.0,0.0,NA,0,948.99
NFT-/XUTR/DEUTH026124A05FZX,81.33,0.0,0.0,3999.0,401.58,99.511,1.912,0.0,0.0,prepaid,0.382,24.922,0.0,0.0,0.0,29.40796,-329.183,"",'132830141018997216803,2026-05-04,11101007359,f0773922-5ef0-484c-a535-dc0880bcad75,100154912822,Reverse,100046278391,1000013761361,11504,1626.67,5.0,2120.0,0.0,2120.0,return_refund,0.0,0.0,0.0,0.0,0.0,0.0,0.0,0.0,NA,0,1879.0
NFT-/XUTR/DEUTH026124A05FZX,58.29,0.0,0.0,3100.0,1224.0,303.307,5.829,0.0,0.0,prepaid,1.166,0.0,0.0,45.0,0.0,53.1,860.598,"",'132812234437458450203,2026-05-04,11097227385,2bd798e2-4b44-4843-8da6-0a096128d80c,"",Forward,100042498425,1000012690992,11504,1165.71,5.0,1705.0,0.0,1705.0,packet_delivered,0.0,0.0,0.0,0.0,0.0,0.0,0.0,0.0,NA,0,1395.0
NFT-/XUTR/DEUTH026124A05FZX,18.38,0.0,0.0,1650.0,386.0,18.219,1.838,0.0,0.0,prepaid,0.368,127.0,0.0,0.0,0.0,149.86,-515.435,"",'132795506683180668703,2026-05-04,11093597562,9497df3a-413e-4455-92c6-34db458648d9,100155260630,Reverse,100038868606,100038868606,11504,367.62,5.0,1205.0,0.0,1205.0,return_refund,0.0,0.0,0.0,0.0,0.0,0.0,0.0,0.0,NA,0,445.0
NFT-/XUTR/DEUTH026124A05FZX,50.19,0.0,0.0,1750.0,1054.0,248.744,5.019,0.0,0.0,prepaid,1.004,0.0,0.0,45.0,0.0,53.1,746.133,"",'132784596668531497501,2026-05-04,11090714954,c7c11e58-a8bd-4cd6-a544-ffef32c181bd,"",Forward,100035986003,1000010265087,11504,1003.81,5.0,525.0,0.0,525.0,packet_delivered,0.0,0.0,0.0,0.0,0.0,0.0,0.0,0.0,NA,0,1225.0
NFT-/XUTR/DEUTH026124A05FZX,79.38,0.0,0.0,2625.0,1667.0,413.083,7.938,0.0,0.0,prepaid,1.588,167.0,0.0,0.0,0.0,197.06,-1441.451,"",'132770398896022815201,2026-05-04,11087728924,e967d7fc-da82-4333-b5e2-7f63a38568b2,100156095676,Reverse,100032999977,1000009783816,11504,1587.62,5.0,787.0,0.0,787.0,return_refund,0.0,0.0,0.0,0.0,0.0,0.0,0.0,0.0,NA,0,1837.99
NFT-/XUTR/DEUTH026124A05FZX,60.38,0.0,0.0,3199.0,1268.0,314.21,6.038,0.0,0.0,prepaid,1.208,0.0,0.0,45.0,0.0,53.1,893.444,"",'132812227809294914603,2026-05-04,11097225683,ba03462e-e830-489d-a236-a5ed06877845,"",Forward,100042496723,1000012687294,11504,1207.62,5.0,1760.0,0.0,1760.0,packet_delivered,0.0,0.0,0.0,0.0,0.0,0.0,0.0,0.0,NA,0,1439.0
NFT-/XUTR/DEUTH026124A05FZX,21.91,0.0,0.0,1499.0,15.919,0.751,0.076,0.0,0.0,prepaid,0.015,0.0,0.0,0.934,0.0,1.10212,13.975,"",'132778155088185862003,2026-05-04,11089424735,88e94b82-75f2-4a2c-b0e2-5d41572197bd,"",Forward,100034695787,100034695787,11504,438.1,5.0,945.0,0.0,945.0,packet_delivered,0.0,0.0,0.0,0.0,0.0,0.0,0.0,0.0,NA,0,553.99
NFT-/XUTR/DEUTH026124A05FZX,23.0,0.0,0.0,1650.0,483.0,22.798,2.3,0.0,0.0,prepaid,0.46,0.0,0.0,27.0,0.0,31.86,425.582,"",'132786879235110686401,2026-05-04,11091452726,ce89b887-ed6e-4c9e-b6c5-ca42c797ff90,"",Forward,100036723771,1000010508770,11504,460,5.0,1073.0,0.0,1073.0,packet_delivered,0.0,0.0,0.0,0.0,0.0,0.0,0.0,0.0,NA,0,577.0
NFT-/XUTR/DEUTH026124A05FZX,20.05,0.0,0.0,1599.0,421.0,19.871,2.005,0.0,0.0,prepaid,0.401,91.0,0.0,0.0,0.0,107.38,-506.103,"",'132632583986108412201,2026-05-04,11058755458,661a4737-91c0-4de6-bbe3-6208a7424f25,100155673667,Reverse,100004026986,100004026986,11504,400.95,5.0,1084.0,0.0,1084.0,return_refund,0.0,0.0,0.0,0.0,0.0,0.0,0.0,0.0,NA,0,515.0
NFT-/XUTR/DEUTH026124A05FZX,60.86,0.0,0.0,2899.0,1278.0,316.688,6.086,0.0,0.0,prepaid,1.217,167.0,0.0,0.0,0.0,197.06,-1151.069,"",'132778940259170983301,2026-05-04,11089651794,23aafe1c-abe0-4407-8dff-e13228edf20f,100152560277,Reverse,100034922845,100034922845,11504,1217.14,5.0,1450.0,0.0,1450.0,return_refund,0.0,0.0,0.0,0.0,0.0,0.0,0.0,0.0,NA,0,1449.0
NFT-/XUTR/DEUTH026124A05FZX,33.52,0.0,0.0,1699.0,704.0,182.758,3.352,0.0,0.0,prepaid,0.67,106.0,0.0,0.0,0.0,125.08,-642.3,"",'132822870174103329101,2026-05-04,11099534096,1551db28-a69d-49dc-8eec-dc650b86f96c,100154133367,Reverse,100044805130,1000012893815,11504,670.48,5.0,901.0,0.0,901.0,return_refund,0.0,0.0,0.0,0.0,0.0,0.0,0.0,0.0,NA,0,798.0
NFT-/XUTR/DEUTH026124A05FZX,82.24,0.0,0.0,1899.0,1727.0,407.572,8.224,0.0,0.0,prepaid,1.645,106.0,0.0,0.0,0.0,125.08,-1434.639,"",'132837368682177664301,2026-05-04,11102425204,873e84ca-8c31-4257-abbf-d676641688f8,100153073305,Reverse,100047696231,1000013763567,11504,1644.76,5.0,1.0,0.0,1.0,return_refund,0.0,0.0,0.0,0.0,0.0,0.0,0.0,0.0,NA,0,1898.0
NFT-/XUTR/DEUTH026124A05FZX,20.24,0.0,0.0,1650.0,425.0,20.06,2.024,0.0,0.0,prepaid,0.405,0.0,0.0,15.0,0.0,17.7,384.811,"",'132781302781318030803,2026-05-04,11090386368,e2590702-5d51-4cde-b323-bf0beff1be71,"",Forward,100035657419,100035657419,11504,404.76,5.0,1131.0,0.0,1131.0,packet_delivered,0.0,0.0,0.0,0.0,0.0,0.0,0.0,0.0,NA,0,518.99
NFT-/XUTR/DEUTH026124A05FZX,24.57,0.0,0.0,1650.0,516.0,133.954,2.457,0.0,0.0,prepaid,0.491,0.0,0.0,27.0,0.0,31.86,347.238,"",'132807216293393623401,2026-05-04,11096488181,12ee431b-a96d-45f7-ad08-614f25a7239c,"",Forward,100041759222,100041759222,11504,491.43,5.0,1040.0,0.0,1040.0,packet_delivered,0.0,0.0,0.0,0.0,0.0,0.0,0.0,0.0,NA,0,610.0
NFT-/XUTR/DEUTH026124A05FZX,87.0,0.0,0.0,1999.0,1827.0,431.172,8.7,0.0,0.0,prepaid,1.74,0.0,0.0,45.0,0.0,53.1,1332.288,"",'132785734214894565403,2026-05-04,11091070160,e3fb4868-b359-4c5d-970c-9d267e77459d,"",Forward,100036341207,100036341207,11504,1740,5.0,1.0,0.0,1.0,packet_delivered,0.0,0.0,0.0,0.0,0.0,0.0,0.0,0.0,NA,0,1998.0
NFT-/XUTR/DEUTH026124A05FZX,39.52,0.0,0.0,2499.0,830.0,215.468,3.952,0.0,0.0,prepaid,0.79,0.0,0.0,27.0,0.0,31.86,577.93,"",'132786804279467917701,2026-05-04,11091428242,5a60d0a5-552d-4d05-8455-e08a44797cd8,"",Forward,100036699287,100036699287,11504,790.48,5.0,1575.0,0.0,1575.0,packet_delivered,0.0,0.0,0.0,0.0,0.0,0.0,0.0,0.0,NA,0,924.0
NFT-/XUTR/DEUTH026124A05FZX,56.1,0.0,0.0,2999.0,1178.0,291.908,5.61,0.0,0.0,prepaid,1.122,0.0,0.0,45.0,0.0,53.1,826.26,"",'132797365032387078901,2026-05-04,11094112049,9bbc9316-84ed-4253-9bc2-26cb81add341,"",Forward,100039383091,100039383091,11504,1121.9,5.0,1650.0,0.0,1650.0,packet_delivered,0.0,0.0,0.0,0.0,0.0,0.0,0.0,0.0,NA,0,1349.0
NFT-/XUTR/DEUTH026124A05FZX,51.33,0.0,0.0,2799.0,1078.0,267.128,5.133,0.0,0.0,prepaid,1.027,0.0,0.0,45.0,0.0,53.1,751.612,"",'132830600705950933501,2026-05-04,11101122181,099c8732-f0ed-45c2-a645-a978155f989c,"",Forward,100046393209,100046393209,11504,1026.67,5.0,1550.0,0.0,1550.0,packet_delivered,0.0,0.0,0.0,0.0,0.0,0.0,0.0,0.0,NA,0,1249.01
NFT-/XUTR/DEUTH026124A05FZX,19.1,0.0,0.0,1599.0,401.0,18.927,1.91,0.0,0.0,prepaid,0.382,182.0,0.0,0.0,0.0,214.76,-594.541,"",'132798560482104714203,2026-05-04,11094521163,7bd4af76-23c5-4d8f-b68c-42065fdebd53,100152738211,Reverse,100039792205,1000011332570,11504,381.9,5.0,1104.0,0.0,1104.0,return_refund,0.0,0.0,0.0,0.0,0.0,0.0,0.0,0.0,NA,0,495.0
NFT-/XUTR/DEUTH026124A05FZX,19.05,0.0,0.0,1650.0,400.00000000000006,18.88,1.905,0.0,0.0,prepaid,0.381,106.0,0.0,0.0,0.0,125.08,-503.914,"",'132832991712685441103,2026-05-04,11101801071,0a90d17e-df13-45e1-9cbf-ceef00db47ad,100156588799,Reverse,100047072098,100047072098,11504,380.95,5.0,1156.0,0.0,1156.0,return_refund,0.0,0.0,0.0,0.0,0.0,0.0,0.0,0.0,NA,0,494.0
NFT-/XUTR/DEUTH026124A05FZX,35.95,0.0,0.0,1699.0,755.0,195.998,3.595,0.0,0.0,prepaid,0.719,0.0,0.0,27.0,0.0,31.86,522.828,"",'132781072493920733501,2026-05-04,11090318168,bb376a49-0578-458c-9e5b-794b038f5728,"",Forward,100035589219,1000010364438,11504,719.05,5.0,850.0,0.0,850.0,packet_delivered,0.0,0.0,0.0,0.0,0.0,0.0,0.0,0.0,NA,0,849.0
NFT-/XUTR/DEUTH026124A05FZX,19.05,0.0,0.0,1699.0,400.0,18.88,1.905,0.0,0.0,prepaid,0.381,0.0,0.0,0.0,0.0,0.0,378.834,"",'132837417906518917703,2026-05-04,11102440405,e8e65b81-ee42-4c1f-8199-60524e2c2ea9,"",Forward,100047711432,1000013763707,11504,380.95,5.0,1205.0,0.0,1205.0,packet_delivered,0.0,0.0,0.0,0.0,0.0,0.0,0.0,0.0,NA,0,494.0
NFT-/XUTR/DEUTH026124A05FZX,55.14,0.0,0.0,1899.0,1158.0,273.288,5.514,0.0,0.0,prepaid,1.103,167.0,0.0,0.0,0.0,197.06,-1075.155,"",'132786674438694692901,2026-05-04,11091385214,fb0f46dd-bdde-4169-b143-a225a7fae1ee,11091385214,Reverse,100036656259,100036656259,11504,1102.86,5.0,570.0,0.0,570.0,exchange,0.0,0.0,0.0,0.0,0.0,0.0,0.0,0.0,NA,0,1329.0
NFT-/XUTR/DEUTH026124A05FZX,114.0,0.0,0.0,2600.0,2394.0,564.984,11.4,0.0,0.0,prepaid,2.28,167.0,0.0,0.0,0.0,197.06,-2012.396,"",'132788662921772845401,2026-05-04,11092033189,4fb341c3-5789-43d3-9e79-790d4bf0b1df,11092033189,Reverse,100037304234,100037304234,11504,2280,5.0,0.0,0.0,0.0,exchange,0.0,0.0,0.0,0.0,0.0,0.0,0.0,0.0,NA,0,2600.0
NFT-/XUTR/DEUTH026124A05FZX,72.76,0.0,0.0,3399.0,1528.0,378.638,7.276,0.0,0.0,prepaid,1.455,127.0,0.0,0.0,0.0,149.86,-1290.491,"",'132815680174612291101,2026-05-04,11098206608,013dee35-61e2-45ac-b607-895d3dbe37c3,100153538592,Reverse,100043477644,1000012716547,11504,1455.24,5.0,1700.0,0.0,1700.0,return_refund,0.0,0.0,0.0,0.0,0.0,0.0,0.0,0.0,NA,0,1699.0
NFT-/XUTR/DEUTH026124A05FZX,35.95,0.0,0.0,1699.0,186.568,48.433,0.888,0.0,0.0,prepaid,0.178,0.0,0.0,6.672,0.0,7.87296,129.196,"",'132802936150250957703,2026-05-04,11095140633,31ef21b5-d3ec-4a64-bc42-318cabc3e295,"",Forward,100040411675,100040411675,11504,719.05,5.0,850.0,0.0,850.0,packet_delivered,0.0,0.0,0.0,0.0,0.0,0.0,0.0,0.0,NA,0,848.99
NFT-/XUTR/DEUTH026124A05FZX,39.81,0.0,0.0,2399.0,836.0,217.026,3.981,0.0,0.0,prepaid,0.796,182.0,0.0,0.0,0.0,214.76,-828.957,"",'132793768710392351501,2026-05-04,11093097088,64835aa4-9727-4997-8400-bc608d5a6f36,100154769767,Reverse,100038368132,1000011565731,11504,796.19,5.0,1392.0,0.0,1392.0,return_refund,0.0,0.0,0.0,0.0,0.0,0.0,0.0,0.0,NA,0,1007.0
NFT-/XUTR/DEUTH026124A05FZX,426.05,0.0,0.0,2999.0,2793.0,659.148,11.835,0.0,0.0,prepaid,2.367,182.0,0.0,0.0,0.0,214.76,-2334.41,"",'132818310284435505003,2026-05-04,11098413618,66a54897-180c-4db3-9956-6b8f7a48c15d,100154537336,Reverse,100043684654,100043684654,11504,2366.95,18.0,0.0,0.0,0.0,return_refund,0.0,0.0,0.0,0.0,0.0,0.0,0.0,0.0,NA,0,2999.0
NFT-/XUTR/DEUTH026124A05FZX,20.95,0.0,0.0,1999.0,440.0,46.728,2.095,0.0,0.0,prepaid,0.419,0.0,0.0,27.0,0.0,31.86,358.898,"",'132782414637990130501,2026-05-04,11090519548,3d50d68d-c52c-43b4-b73e-f95c172bd8f1,"",Forward,100035790599,1000010987527,11504,419.05,5.0,1500.0,0.0,1500.0,packet_delivered,0.0,0.0,0.0,0.0,0.0,0.0,0.0,0.0,NA,0,499.0
NFT-/XUTR/DEUTH026124A05FZX,50.19,0.0,0.0,1750.0,1054.0,248.744,5.019,0.0,0.0,prepaid,1.004,0.0,0.0,45.0,0.0,53.1,746.133,"",'132811484155791602303,2026-05-04,11097029722,fb96475a-bb38-461d-bc9e-c3b777e533be,"",Forward,100042300762,1000012166091,11504,1003.81,5.0,525.0,0.0,525.0,packet_delivered,0.0,0.0,0.0,0.0,0.0,0.0,0.0,0.0,NA,0,1225.0
NFT-/XUTR/DEUTH026124A05FZX,40.14,0.0,0.0,3499.0,843.0,218.843,4.014,0.0,0.0,prepaid,0.803,0.0,0.0,27.0,0.0,31.86,587.48,"",'132815896889017347401,2026-05-04,11098258798,ecb9a971-5ca5-4616-bdae-6ec04bc31db2,"",Forward,100043529834,100043529834,11504,802.86,5.0,2485.0,0.0,2485.0,packet_delivered,0.0,0.0,0.0,0.0,0.0,0.0,0.0,0.0,NA,0,1013.99
NFT-/XUTR/DEUTH026124A05FZX,63.24,0.0,0.0,2999.0,1328.0,329.078,6.324,0.0,0.0,prepaid,1.265,167.0,0.0,0.0,0.0,197.06,-1188.393,"",'132770478929658639403,2026-05-04,11087749590,0e75b3fb-874e-4411-8a1e-3f5ed85d3ec5,100152204796,Reverse,100033020643,100033020643,11504,1264.76,5.0,1500.0,0.0,1500.0,return_refund,0.0,0.0,0.0,0.0,0.0,0.0,0.0,0.0,NA,0,1499.0
NFT-/XUTR/DEUTH026124A05FZX,18.95,0.0,0.0,1699.0,398.0,18.786,1.895,0.0,0.0,prepaid,0.379,0.0,0.0,0.0,0.0,0.0,376.94,"",'132807622096448014201,2026-05-04,11096562997,48d18939-3e5c-4412-993f-798207173bad,"",Forward,100041834038,100041834038,11504,379.05,5.0,1207.0,0.0,1207.0,packet_delivered,0.0,0.0,0.0,0.0,0.0,0.0,0.0,0.0,NA,0,492.0
NFT-/XUTR/DEUTH026124A05FZX,55.14,0.0,0.0,1899.0,1158.0,273.288,5.514,0.0,0.0,prepaid,1.103,0.0,0.0,45.0,0.0,53.1,824.995,"",'132805702192835549601,2026-05-04,11095943221,b1759437-2a8e-4556-b57e-42d20308554f,"",Forward,100041214262,100041214262,11504,1102.86,5.0,570.0,0.0,570.0,packet_delivered,0.0,0.0,0.0,0.0,0.0,0.0,0.0,0.0,NA,0,1329.0
NFT-/XUTR/DEUTH026124A05FZX,19.05,0.0,0.0,1699.0,400.0,18.88,1.905,0.0,0.0,prepaid,0.381,0.0,0.0,0.0,0.0,0.0,378.834,"",'132840042531396503401,2026-05-04,11103173170,e44a14db-99fb-489e-b5a9-4d902935ae61,"",Forward,100048444179,100048444179,11504,380.95,5.0,1205.0,0.0,1205.0,packet_delivered,0.0,0.0,0.0,0.0,0.0,0.0,0.0,0.0,NA,0,494.0
NFT-/XUTR/DEUTH026124A05FZX,48.48,0.0,0.0,1699.0,1018.0,240.248,4.848,0.0,0.0,prepaid,0.97,182.0,0.0,0.0,0.0,214.76,-986.694,"",'132798485877046574903,2026-05-04,11094500065,81c117d6-e977-4f8d-a4b9-c9b551e52c70,11094500065,Reverse,100039771107,100039771107,11504,969.52,5.0,510.0,0.0,510.0,exchange,0.0,0.0,0.0,0.0,0.0,0.0,0.0,0.0,NA,0,1189.0
NFT-/XUTR/DEUTH026124A05FZX,34.05,0.0,0.0,1799.0,715.0,134.992,3.405,0.0,0.0,prepaid,0.681,0.0,0.0,27.0,0.0,31.86,544.062,"",'132792265506815435203,2026-05-04,11092783473,8cc95d12-a0cf-49f8-a3a6-76cf7ed1f821,"",Forward,100038054518,1000010850183,11504,680.95,5.0,990.0,0.0,990.0,packet_delivered,0.0,0.0,0.0,0.0,0.0,0.0,0.0,0.0,NA,0,809.0
NFT-/XUTR/DEUTH026124A05FZX,38.33,0.0,0.0,1799.0,805.0,208.978,3.833,0.0,0.0,prepaid,0.767,0.0,0.0,27.0,0.0,31.86,559.562,"",'132807262821320368303,2026-05-04,11096500272,f0c038a8-6640-45c1-b303-29059b321ddf,"",Forward,100041771313,100041771313,11504,766.67,5.0,900.0,0.0,900.0,packet_delivered,0.0,0.0,0.0,0.0,0.0,0.0,0.0,0.0,NA,0,899.0
NFT-/XUTR/DEUTH026124A05FZX,24.57,0.0,0.0,1650.0,3.93,1.02,0.019,0.0,0.0,prepaid,0.004,0.0,0.0,0.206,0.0,0.24308,2.644,"",'132819829386237284301,2026-05-04,11098718258,a959b89c-89f5-427b-a5b3-8a0d78a557bc,"",Forward,100043989293,1000012679730,11504,491.43,5.0,1040.0,0.0,1040.0,packet_delivered,0.0,0.0,0.0,0.0,0.0,0.0,0.0,0.0,NA,0,610.0
NFT-/XUTR/DEUTH026124A05FZX,42.62,0.0,0.0,2999.0,895.0,232.342,4.262,0.0,0.0,prepaid,0.852,182.0,0.0,0.0,0.0,214.76,-872.304,"",'132813259737168863003,2026-05-04,11097491701,84cffd42-c721-4266-94e7-00b0c5761d02,11097491701,Reverse,100042762739,100042762739,11504,852.38,5.0,2010.0,0.0,2010.0,exchange,0.0,0.0,0.0,0.0,0.0,0.0,0.0,0.0,NA,0,989.0
NFT-/XUTR/DEUTH026124A05FZX,48.48,0.0,0.0,1699.0,1018.0,240.248,4.848,0.0,0.0,prepaid,0.97,0.0,0.0,45.0,0.0,53.1,718.834,"",'132785092117350697101,2026-05-04,11090850337,6afbaed5-45ed-468f-877c-3036c00558dc,"",Forward,100036121384,100036121384,11504,969.52,5.0,510.0,0.0,510.0,packet_delivered,0.0,0.0,0.0,0.0,0.0,0.0,0.0,0.0,NA,0,1188.99
NFT-/XUTR/DEUTH026124A05FZX,51.33,0.0,0.0,2499.0,1078.0,267.128,5.133,0.0,0.0,prepaid,1.027,0.0,0.0,45.0,0.0,53.1,751.612,"",'132804247834826410903,2026-05-04,11095523271,7efe136b-2c76-411a-ba0e-69a44648b26d,"",Forward,100040794312,100040794312,11504,1026.67,5.0,1250.0,0.0,1250.0,packet_delivered,0.0,0.0,0.0,0.0,0.0,0.0,0.0,0.0,NA,0,1249.0
NFT-/XUTR/DEUTH026124A05FZX,65.67,0.0,0.0,3299.0,1379.0,341.716,6.567,0.0,0.0,prepaid,1.313,0.0,0.0,45.0,0.0,53.1,976.304,"",'132793950733274230201,2026-05-04,11093147697,275281ed-0984-4ffa-b2c8-3a52813a35bf,"",Forward,100038418741,100038418741,11504,1313.33,5.0,1749.0,0.0,1749.0,packet_delivered,0.0,0.0,0.0,0.0,0.0,0.0,0.0,0.0,NA,0,1550.0
NFT-/XUTR/DEUTH026124A05FZX,36.19,0.0,0.0,1899.0,760.0,197.296,3.619,0.0,0.0,prepaid,0.724,0.0,0.0,27.0,0.0,31.86,526.501,"",'132794411933471712103,2026-05-04,11093282522,7753f320-6c4b-4029-9707-d47f82a7351c,"",Forward,100038553566,1000011594718,11504,723.81,5.0,1045.0,0.0,1045.0,packet_delivered,0.0,0.0,0.0,0.0,0.0,0.0,0.0,0.0,NA,0,854.0
NFT-/XUTR/DEUTH026124A05FZX,42.71,0.0,0.0,3099.0,897.0,232.861,4.271,0.0,0.0,prepaid,0.854,182.0,0.0,0.0,0.0,214.76,-873.774,"",'132810563648277513201,2026-05-04,11096803435,8054be8a-fd08-4def-a7d1-819f7458b125,100155464397,Reverse,100042074476,1000012184473,11504,854.29,5.0,2108.0,0.0,2108.0,return_refund,0.0,0.0,0.0,0.0,0.0,0.0,0.0,0.0,NA,0,991.0
NFT-/XUTR/DEUTH026124A05FZX,70.14,0.0,0.0,3499.0,1473.0,365.009,7.014,0.0,0.0,prepaid,1.403,182.0,0.0,0.0,0.0,214.76,-1314.334,"",'132818571836253394903,2026-05-04,11098444614,f6a28316-9b47-410a-88f0-3a2b0bf63e96,100154455952,Reverse,100043715650,1000012723562,11504,1402.86,5.0,1855.0,0.0,1855.0,return_refund,0.0,0.0,0.0,0.0,0.0,0.0,0.0,0.0,NA,0,1644.0
NFT-/XUTR/DEUTH026124A05FZX,21.91,0.0,0.0,1499.0,7.97,0.376,0.038,0.0,0.0,prepaid,0.008,0.0,0.0,0.468,0.0,0.55224,6.996,"",'132797805780241484801,2026-05-04,11094258226,69fcf537-f164-4938-ac51-beb167aa828e,"",Forward,100039529268,1000012164264,11504,438.1,5.0,945.0,0.0,945.0,packet_delivered,0.0,0.0,0.0,0.0,0.0,0.0,0.0,0.0,NA,0,554.01
NFT-/XUTR/DEUTH026124A05FZX,33.57,0.0,0.0,1599.0,705.0,183.018,3.357,0.0,0.0,prepaid,0.671,182.0,0.0,0.0,0.0,214.76,-732.714,"",'132792130333125072601,2026-05-04,11092773080,e866af7c-ff7d-428f-a9f5-8f3ce04611d8,100152632179,Reverse,100038044125,100038044125,11504,671.43,5.0,800.0,0.0,800.0,return_refund,0.0,0.0,0.0,0.0,0.0,0.0,0.0,0.0,NA,0,799.0
NFT-/XUTR/DEUTH026124A05FZX,19.1,0.0,0.0,1599.0,401.0,18.927,1.91,0.0,0.0,prepaid,0.382,0.0,0.0,15.0,0.0,17.7,362.081,"",'132812695201510161503,2026-05-04,11097349174,1842689f-fa2d-4a93-8648-52d4bc81c247,"",Forward,100042620214,1000012281764,11504,381.9,5.0,1104.0,0.0,1104.0,packet_delivered,0.0,0.0,0.0,0.0,0.0,0.0,0.0,0.0,NA,0,495.0
NFT-/XUTR/DEUTH026124A05FZX,51.81,0.0,0.0,1799.0,1088.0,256.768,5.181,0.0,0.0,prepaid,1.036,0.0,0.0,45.0,0.0,53.1,771.915,"",'132811834901870384403,2026-05-04,11097125636,38fabc05-b9c9-406c-ab58-e33986282439,"",Forward,100042396676,100042396676,11504,1036.19,5.0,540.0,0.0,540.0,packet_delivered,0.0,0.0,0.0,0.0,0.0,0.0,0.0,0.0,NA,0,1259.01
NFT-/XUTR/DEUTH026124A05FZX,19.1,0.0,0.0,1599.0,401.0,18.927,1.91,0.0,0.0,prepaid,0.382,182.0,0.0,0.0,0.0,214.76,-594.541,"",'132814563341542327603,2026-05-04,11097820032,5a58d1e2-75b7-4e49-bfdb-43e51b9af15e,100153785245,Reverse,100043091068,100043091068,11504,381.9,5.0,1104.0,0.0,1104.0,return_refund,0.0,0.0,0.0,0.0,0.0,0.0,0.0,0.0,NA,0,495.0
NFT-/XUTR/DEUTH026124A05FZX,0.0,14.05,14.05,1850.0,590.0,153.164,0.0,1.405,1.405,prepaid,0.562,106.0,0.0,0.0,0.0,125.08,-558.544,"",'132821775622807577001,2026-05-04,11099227296,c8974c09-238d-4e48-8500-ec57052ab8db,11099227296,Reverse,100044498330,100044498330,11504,561.9,5.0,1166.0,0.0,1166.0,exchange,0.0,0.0,0.0,0.0,0.0,0.0,0.0,0.0,NA,0,683.9999999999999
NFT-/XUTR/DEUTH026124A05FZX,48.48,0.0,0.0,1699.0,1018.0,240.248,4.848,0.0,0.0,prepaid,0.97,0.0,0.0,45.0,0.0,53.1,718.834,"",'132810436774323238401,2026-05-04,11096776459,633f9198-a3cc-4ae8-a1bc-e03558f0aaac,"",Forward,100042047500,100042047500,11504,969.52,5.0,510.0,0.0,510.0,packet_delivered,0.0,0.0,0.0,0.0,0.0,0.0,0.0,0.0,NA,0,1189.0
NFT-/XUTR/DEUTH026124A05FZX,25.43,0.0,0.0,1699.0,534.0,37.807,2.543,0.0,0.0,prepaid,0.509,0.0,0.0,27.0,0.0,31.86,461.281,"",'132780587830382845101,2026-05-04,11090148746,5945e9ad-8ffc-4c0a-bfed-21a19af34f60,"",Forward,100035419797,1000010369109,11504,508.57,5.0,1071.0,0.0,1071.0,packet_delivered,0.0,0.0,0.0,0.0,0.0,0.0,0.0,0.0,NA,0,628.0
NFT-/XUTR/DEUTH026124A05FZX,63.24,0.0,0.0,2999.0,1328.0,329.078,6.324,0.0,0.0,prepaid,1.265,0.0,0.0,45.0,0.0,53.1,938.233,"",'132795135789559475303,2026-05-04,11093490632,c2f432d3-dd50-4ce4-9d76-294e5471373f,"",Forward,100038761676,1000012132179,11504,1264.76,5.0,1500.0,0.0,1500.0,packet_delivered,0.0,0.0,0.0,0.0,0.0,0.0,0.0,0.0,NA,0,1499.0
NFT-/XUTR/DEUTH026124A05FZX,63.24,0.0,0.0,2999.0,1328.0,329.078,6.324,0.0,0.0,prepaid,1.265,0.0,0.0,45.0,0.0,53.1,938.233,"",'132826730487308985503,2026-05-04,11100234660,9ac8a575-7416-4e9c-8525-3503fbbf0922,"",Forward,100045505693,100045505693,11504,1264.76,5.0,1500.0,0.0,1500.0,packet_delivered,0.0,0.0,0.0,0.0,0.0,0.0,0.0,0.0,NA,0,1499.0
NFT-/XUTR/DEUTH026124A05FZX,38.33,0.0,0.0,1799.0,805.0,208.978,3.833,0.0,0.0,prepaid,0.767,0.0,0.0,27.0,0.0,31.86,559.562,"",'132827634741851089703,2026-05-04,11100354345,7d3ec05a-9817-4532-905a-a005062f1614,"",Forward,100045625378,100045625378,11504,766.67,5.0,900.0,0.0,900.0,packet_delivered,0.0,0.0,0.0,0.0,0.0,0.0,0.0,0.0,NA,0,899.0
NFT-/XUTR/DEUTH026124A05FZX,33.57,0.0,0.0,1599.0,705.0,183.018,3.357,0.0,0.0,prepaid,0.671,0.0,0.0,27.0,0.0,31.86,486.094,"",'132779475316507155401,2026-05-04,11089801569,76717527-1336-4e07-b4a4-bbf8366eeba3,"",Forward,100035072621,100035072621,11504,671.43,5.0,800.0,0.0,800.0,packet_delivered,0.0,0.0,0.0,0.0,0.0,0.0,0.0,0.0,NA,0,799.0
NFT-/XUTR/DEUTH026124A05FZX,23.67,0.0,0.0,1599.0,497.0,23.458,2.367,0.0,0.0,prepaid,0.473,0.0,0.0,27.0,0.0,31.86,438.842,"",'132795008965137624403,2026-05-04,11093454175,e36245d5-2c2c-4fba-a2cc-06362a4226db,"",Forward,100038725219,100038725219,11504,473.33,5.0,1008.0,0.0,1008.0,packet_delivered,0.0,0.0,0.0,0.0,0.0,0.0,0.0,0.0,NA,0,591.0
NFT-/XUTR/DEUTH026124A05FZX,63.24,0.0,0.0,2999.0,1328.0,329.078,6.324,0.0,0.0,prepaid,1.265,0.0,0.0,45.0,0.0,53.1,938.233,"",'132814061686917810601,2026-05-04,11097690607,c72918b0-4546-4f38-903c-f315c8c89a91,"",Forward,100042961643,100042961643,11504,1264.76,5.0,1500.0,0.0,1500.0,packet_delivered,0.0,0.0,0.0,0.0,0.0,0.0,0.0,0.0,NA,0,1499.01
NFT-/XUTR/DEUTH026124A05FZX,70.38,0.0,0.0,3299.0,1478.0,366.248,7.038,0.0,0.0,prepaid,1.408,106.0,0.0,0.0,0.0,125.08,-1228.386,"",'132805325525956153801,2026-05-04,11095822713,a06a1066-8edc-411c-be88-8db58524e858,100152221676,Reverse,100041093754,100041093754,11504,1407.62,5.0,1650.0,0.0,1650.0,return_refund,0.0,0.0,0.0,0.0,0.0,0.0,0.0,0.0,NA,0,1649.0
NFT-/XUTR/DEUTH026124A05FZX,0.0,28.05,28.05,2999.0,1178.0,291.908,0.0,2.805,2.805,prepaid,1.122,106.0,0.0,0.0,0.0,125.08,-1004.44,"",'132818745238264803603,2026-05-04,11098471935,32e752d0-1ecf-47e0-ac19-e651a4bcb824,100152676465,Reverse,100043742971,1000012722164,11504,1121.9,5.0,1650.0,0.0,1650.0,return_refund,0.0,0.0,0.0,0.0,0.0,0.0,0.0,0.0,NA,0,1349.0
NFT-/XUTR/DEUTH026124A05FZX,82.24,0.0,0.0,1899.0,1727.0,407.572,8.224,0.0,0.0,prepaid,1.645,0.0,0.0,45.0,0.0,53.1,1256.459,"",'132812607588836446301,2026-05-04,11097325751,49007981-81c3-4e6f-af3c-03012f46cfc7,"",Forward,100042596791,100042596791,11504,1644.76,5.0,1.0,0.0,1.0,packet_delivered,0.0,0.0,0.0,0.0,0.0,0.0,0.0,0.0,NA,0,1898.0
NFT-/XUTR/DEUTH026124A05FZX,32.43,0.0,0.0,1650.0,296.556,76.986,1.412,0.0,0.0,prepaid,0.282,79.256,0.0,0.0,0.0,93.52208,-311.398,"",'132804423622628842101,2026-05-04,11095571212,1bb73fec-871b-4973-87a1-3350c965116b,100153177950,Reverse,100040842253,100040842253,11504,648.57,5.0,875.0,0.0,875.0,return_refund,0.0,0.0,0.0,0.0,0.0,0.0,0.0,0.0,NA,0,774.99
NFT-/XUTR/DEUTH026124A05FZX,63.24,0.0,0.0,2999.0,1328.0,329.078,6.324,0.0,0.0,prepaid,1.265,0.0,0.0,45.0,0.0,53.1,938.233,"",'132807154344291392803,2026-05-04,11096472405,1e5c9cd1-cafd-4f61-aa88-e1c87bf8dec9,"",Forward,100041743446,100041743446,11504,1264.76,5.0,1500.0,0.0,1500.0,packet_delivered,0.0,0.0,0.0,0.0,0.0,0.0,0.0,0.0,NA,0,1499.0
NFT-/XUTR/DEUTH026124A05FZX,53.48,0.0,0.0,3499.0,1123.0,278.279,5.348,0.0,0.0,prepaid,1.07,0.0,0.0,45.0,0.0,53.1,785.203,"",'132813652965812769303,2026-05-04,11097587812,f552061d-a456-469d-b80d-d5530cea91a8,"",Forward,100042858848,1000012701237,11504,1069.52,5.0,2205.0,0.0,2205.0,packet_delivered,0.0,0.0,0.0,0.0,0.0,0.0,0.0,0.0,NA,0,1294.0
NFT-/XUTR/DEUTH026124A05FZX,38.33,0.0,0.0,1799.0,805.0,208.978,3.833,0.0,0.0,prepaid,0.767,0.0,0.0,27.0,0.0,31.86,559.562,"",'132819072730691057901,2026-05-04,11098535101,1ed012ef-048e-42f7-bb1e-7696ef2ee200,"",Forward,100043806136,1000012603915,11504,766.67,5.0,900.0,0.0,900.0,packet_delivered,0.0,0.0,0.0,0.0,0.0,0.0,0.0,0.0,NA,0,899.0
NFT-/XUTR/DEUTH026124A05FZX,24.57,0.0,0.0,1650.0,25.94,6.734,0.124,0.0,0.0,prepaid,0.025,0.0,0.0,1.357,0.0,1.60126,17.456,"",'132780892275393335803,2026-05-04,11090256388,32aba984-3009-4302-958b-04d625c864ac,"",Forward,100035527439,1000010378654,11504,491.43,5.0,1040.0,0.0,1040.0,packet_delivered,0.0,0.0,0.0,0.0,0.0,0.0,0.0,0.0,NA,0,610.0
NFT-/XUTR/DEUTH026124A05FZX,59.67,0.0,0.0,2999.0,1253.0,310.493,5.967,0.0,0.0,prepaid,1.193,0.0,0.0,45.0,0.0,53.1,882.247,"",'132832484223130741701,2026-05-04,11101633164,e6b559b5-0970-4c2c-b0a8-0b5891d3dfb0,"",Forward,100046904191,1000013768333,11504,1193.33,5.0,1575.0,0.0,1575.0,packet_delivered,0.0,0.0,0.0,0.0,0.0,0.0,0.0,0.0,NA,0,1424.0
NFT-/XUTR/DEUTH026124A05FZX,0.0,27.6,27.6,1899.0,1159.0,273.524,0.0,2.7595,2.7595,prepaid,1.104,0.0,0.0,45.0,0.0,53.1,825.753,"",'132837674467160354501,2026-05-04,11102520704,51b63852-a762-414e-ba68-2a06934f849e,"",Forward,100047791731,1000013782739,11504,1103.8,5.0,569.0,0.0,569.0,packet_delivered,0.0,0.0,0.0,0.0,0.0,0.0,0.0,0.0,NA,0,1329.9999999999998
NFT-/XUTR/DEUTH026124A05FZX,49.95,0.0,0.0,3299.0,1049.0,259.942,4.995,0.0,0.0,prepaid,0.999,167.0,0.0,0.0,0.0,197.06,-980.124,"",'132779808999011367901,2026-05-04,11089901134,5f1f1a82-a010-45b8-8d1b-765211c75382,100152143723,Reverse,100035172185,100035172185,11504,999.05,5.0,2079.0,0.0,2079.0,return_refund,0.0,0.0,0.0,0.0,0.0,0.0,0.0,0.0,NA,0,1220.0
NFT-/XUTR/DEUTH026124A05FZX,35.95,0.0,0.0,1699.0,755.0,195.998,3.595,0.0,0.0,prepaid,0.719,0.0,0.0,27.0,0.0,31.86,522.828,"",'132786543233752220903,2026-05-04,11091342260,e21f18f3-5f09-45c2-8fbf-1b0a9290afcc,"",Forward,100036613305,100036613305,11504,719.05,5.0,850.0,0.0,850.0,packet_delivered,0.0,0.0,0.0,0.0,0.0,0.0,0.0,0.0,NA,0,849.0
NFT-/XUTR/DEUTH026124A05FZX,29.76,0.0,0.0,1599.0,625.0,162.25,2.976,0.0,0.0,prepaid,0.595,0.0,0.0,27.0,0.0,31.86,427.319,"",'132792199778490377101,2026-05-04,11092777890,28705c51-6186-482e-a41f-c4f99fa0f86e,"",Forward,100038048935,100038048935,11504,595.24,5.0,880.0,0.0,880.0,packet_delivered,0.0,0.0,0.0,0.0,0.0,0.0,0.0,0.0,NA,0,719.0
NFT-/XUTR/DEUTH026124A05FZX,63.24,0.0,0.0,2999.0,1328.0,329.078,6.324,0.0,0.0,prepaid,1.265,167.0,0.0,0.0,0.0,197.06,-1188.393,"",'132781432646433398503,2026-05-04,11090417184,b31390d5-20da-47f7-b2eb-10e42dad4f78,11090417184,Reverse,100035688235,100035688235,11504,1264.76,5.0,1500.0,0.0,1500.0,exchange,0.0,0.0,0.0,0.0,0.0,0.0,0.0,0.0,NA,0,1498.99
NFT-/XUTR/DEUTH026124A05FZX,471.81,0.0,0.0,3299.0,3093.0,729.948,13.106,0.0,0.0,prepaid,2.621,167.0,0.0,0.0,0.0,197.06,-2544.385,"",'132775525357292557003,2026-05-04,11088658380,f9691c7d-c374-4abc-b806-c1d1060d4948,11088658380,Reverse,100033929433,1000009790798,11504,2621.19,18.0,0.0,0.0,0.0,exchange,0.0,0.0,0.0,0.0,0.0,0.0,0.0,0.0,NA,0,3299.0
NFT-/XUTR/DEUTH026124A05FZX,41.05,0.0,0.0,2899.0,862.0,223.775,4.105,0.0,0.0,prepaid,0.821,0.0,0.0,27.0,0.0,31.86,601.439,"",'132827624055142560301,2026-05-04,11100352406,3f1af718-2671-45fe-a6a0-e4f03b2fabdb,"",Forward,100045623439,100045623439,11504,820.95,5.0,1943.0,0.0,1943.0,packet_delivered,0.0,0.0,0.0,0.0,0.0,0.0,0.0,0.0,NA,0,956.0
NFT-/XUTR/DEUTH026124A05FZX,31.1,0.0,0.0,1499.0,653.0,169.519,3.11,0.0,0.0,prepaid,0.622,0.0,0.0,27.0,0.0,31.86,447.889,"",'132833073618652489903,2026-05-04,11101822820,9f719c53-8aaa-402d-9ee0-5fd0ee79fbfa,"",Forward,100047093847,1000013784174,11504,621.9,5.0,752.0,0.0,752.0,packet_delivered,0.0,0.0,0.0,0.0,0.0,0.0,0.0,0.0,NA,0,747.0
NFT-/XUTR/DEUTH026124A05FZX,40.81,0.0,0.0,2799.0,857.0,222.477,4.081,0.0,0.0,prepaid,0.816,182.0,0.0,0.0,0.0,214.76,-844.386,"",'132793221200909489301,2026-05-04,11092947273,f6adfd39-ff47-4d45-8174-b217d97315a5,11092947273,Reverse,100038218317,1000010886542,11504,816.19,5.0,1848.0,0.0,1848.0,exchange,0.0,0.0,0.0,0.0,0.0,0.0,0.0,0.0,NA,0,951.0
NFT-/XUTR/DEUTH026124A05FZX,35.76,0.0,0.0,1799.0,751.0,194.96,3.576,0.0,0.0,prepaid,0.715,0.0,0.0,27.0,0.0,31.86,519.889,"",'132778047703231399203,2026-05-04,11089392877,576bfd6d-3b13-4223-8414-0ff17f765a58,"",Forward,100034663929,100034663929,11504,715.24,5.0,954.0,0.0,954.0,packet_delivered,0.0,0.0,0.0,0.0,0.0,0.0,0.0,0.0,NA,0,845.0
NFT-/XUTR/DEUTH026124A05FZX,21.91,0.0,0.0,1499.0,460.0,21.712,2.19,0.0,0.0,prepaid,0.438,0.0,0.0,19.0,0.0,22.42,413.24,"",'132797511350688771303,2026-05-04,11094157797,dfb72583-d2ae-42b0-932d-b9dffc8856c7,"",Forward,100039428839,100039428839,11504,438.1,5.0,945.0,0.0,945.0,packet_delivered,0.0,0.0,0.0,0.0,0.0,0.0,0.0,0.0,NA,0,554.01
NFT-/XUTR/DEUTH026124A05FZX,63.24,0.0,0.0,2999.0,1328.0,329.078,6.324,0.0,0.0,prepaid,1.265,0.0,0.0,45.0,0.0,53.1,938.233,"",'132798173783115455203,2026-05-04,11094392384,5e344810-caec-4cb4-acb0-a4f3673df028,"",Forward,100039663426,100039663426,11504,1264.76,5.0,1500.0,0.0,1500.0,packet_delivered,0.0,0.0,0.0,0.0,0.0,0.0,0.0,0.0,NA,0,1499.0
NFT-/XUTR/DEUTH026124A05FZX,19.48,0.0,0.0,2099.0,409.0,19.305,1.948,0.0,0.0,prepaid,0.39,127.0,0.0,0.0,0.0,149.86,-537.217,"",'132792638107906065403,2026-05-04,11092827899,5fb78849-fa7f-4db0-8743-3233e15941fd,100152577998,Reverse,100038098944,100038098944,11504,389.52,5.0,1596.0,0.0,1596.0,return_refund,0.0,0.0,0.0,0.0,0.0,0.0,0.0,0.0,NA,0,503.0
NFT-/XUTR/DEUTH026124A05FZX,58.48,0.0,0.0,1999.0,1228.0,289.808,5.848,0.0,0.0,prepaid,1.17,0.0,0.0,45.0,0.0,53.1,878.074,"",'132801838408002822603,2026-05-04,11094823118,dcfcffdc-1a3e-4eb1-9354-0bff7bd44b19,"",Forward,100040094160,100040094160,11504,1169.52,5.0,600.0,0.0,600.0,packet_delivered,0.0,0.0,0.0,0.0,0.0,0.0,0.0,0.0,NA,0,1398.99
NFT-/XUTR/DEUTH026124A05FZX,19.1,0.0,0.0,1650.0,401.0,18.927,1.91,0.0,0.0,prepaid,0.382,0.0,0.0,15.0,0.0,17.7,362.081,"",'132802391856962881103,2026-05-04,11094972632,421204c8-0870-4578-9986-f9b4877a19d5,"",Forward,100040243674,1000011535106,11504,381.9,5.0,1155.0,0.0,1155.0,packet_delivered,0.0,0.0,0.0,0.0,0.0,0.0,0.0,0.0,NA,0,495.0
NFT-/XUTR/DEUTH026124A05FZX,71.81,0.0,0.0,2399.0,1508.0,355.888,7.181,0.0,0.0,prepaid,1.436,0.0,0.0,45.0,0.0,53.1,1090.395,"",'132813544813497311503,2026-05-04,11097561272,8e059f0f-313d-4908-bafe-8861d462289d,"",Forward,100042832308,100042832308,11504,1436.19,5.0,720.0,0.0,720.0,packet_delivered,0.0,0.0,0.0,0.0,0.0,0.0,0.0,0.0,NA,0,1679.0
NFT-/XUTR/DEUTH026124A05FZX,38.33,0.0,0.0,1799.0,805.0,208.978,3.833,0.0,0.0,prepaid,0.767,0.0,0.0,27.0,0.0,31.86,559.562,"",'132818763767985330203,2026-05-04,11098474957,a42ba533-e2fa-4958-a9f3-cf65dbc697d7,"",Forward,100043745993,100043745993,11504,766.67,5.0,900.0,0.0,900.0,packet_delivered,0.0,0.0,0.0,0.0,0.0,0.0,0.0,0.0,NA,0,899.0
NFT-/XUTR/DEUTH026124A05FZX,18.95,0.0,0.0,1699.0,398.0,18.786,1.895,0.0,0.0,prepaid,0.379,0.0,0.0,0.0,0.0,0.0,376.94,"",'132776478851126481901,2026-05-04,11088894221,31398320-b57f-4585-8bfc-cca7d5e34124,"",Forward,100034165273,1000009727914,11504,379.05,5.0,1207.0,0.0,1207.0,packet_delivered,0.0,0.0,0.0,0.0,0.0,0.0,0.0,0.0,NA,0,492.0
NFT-/XUTR/DEUTH026124A05FZX,23.67,0.0,0.0,1599.0,497.0,23.458,2.367,0.0,0.0,prepaid,0.473,0.0,0.0,27.0,0.0,31.86,438.842,"",'132778648153113540103,2026-05-04,11089564972,450172e4-8c3a-40de-af41-a417db7ecaaa,"",Forward,100034836023,1000009938399,11504,473.33,5.0,1008.0,0.0,1008.0,packet_delivered,0.0,0.0,0.0,0.0,0.0,0.0,0.0,0.0,NA,0,591.0
NFT-/XUTR/DEUTH026124A05FZX,42.62,0.0,0.0,2999.0,895.0,232.342,4.262,0.0,0.0,prepaid,0.852,0.0,0.0,27.0,0.0,31.86,625.684,"",'132781974175855903201,2026-05-04,11090494296,d1951e24-86c5-47af-867d-ddcde590ce3c,"",Forward,100035765347,100035765347,11504,852.38,5.0,2010.0,0.0,2010.0,packet_delivered,0.0,0.0,0.0,0.0,0.0,0.0,0.0,0.0,NA,0,989.0
NFT-/XUTR/DEUTH026124A05FZX,31.91,0.0,0.0,1699.0,670.0,173.932,3.19,0.0,0.0,prepaid,0.638,0.0,0.0,27.0,0.0,31.86,460.38,"",'132801666601006202503,2026-05-04,11094786467,7d15c991-98c9-44a3-8198-4d49a4fcfe2c,"",Forward,100040057509,1000011600102,11504,638.1,5.0,935.0,0.0,935.0,packet_delivered,0.0,0.0,0.0,0.0,0.0,0.0,0.0,0.0,NA,0,764.01
NFT-/XUTR/DEUTH026124A05FZX,75.14,0.0,0.0,3499.0,1578.0,391.028,7.514,0.0,0.0,prepaid,1.503,0.0,0.0,45.0,0.0,53.1,1124.855,"",'132778089084263851703,2026-05-04,11089405289,a64a4c39-000d-4730-8c0d-69f10203d8bc,"",Forward,100034676341,100034676341,11504,1502.86,5.0,1750.0,0.0,1750.0,packet_delivered,0.0,0.0,0.0,0.0,0.0,0.0,0.0,0.0,NA,0,1749.0
NFT-/XUTR/DEUTH026124A05FZX,41.29,0.0,0.0,2599.0,867.0,225.073,4.129,0.0,0.0,prepaid,0.826,0.0,0.0,27.0,0.0,31.86,605.112,"",'132796165537173866201,2026-05-04,11093782890,2fa9bb21-97e3-4a0d-83ac-869c552aa711,"",Forward,100039053932,100039053932,11504,825.71,5.0,1638.0,0.0,1638.0,packet_delivered,0.0,0.0,0.0,0.0,0.0,0.0,0.0,0.0,NA,0,961.0
NFT-/XUTR/DEUTH026124A05FZX,63.24,0.0,0.0,2999.0,326.8,80.981,1.556,0.0,0.0,prepaid,0.311,0.0,0.0,11.074,0.0,13.06732,230.885,"",'132818961852571647103,2026-05-04,11098513063,3ab90981-c67a-48fb-bfda-22600c42527f,"",Forward,100043784099,100043784099,11504,1264.76,5.0,1500.0,0.0,1500.0,packet_delivered,0.0,0.0,0.0,0.0,0.0,0.0,0.0,0.0,NA,0,1499.0
NFT-/XUTR/DEUTH026124A05FZX,35.95,0.0,0.0,1699.0,378.51,98.261,1.802,0.0,0.0,prepaid,0.36,91.244,0.0,0.0,0.0,107.66792,-385.755,"",'132806701459874377901,2026-05-04,11096304731,4e72a9d1-f3b6-4850-8cc7-6d66df4b8912,100154510570,Reverse,100041575772,100041575772,11504,719.05,5.0,850.0,0.0,850.0,return_refund,0.0,0.0,0.0,0.0,0.0,0.0,0.0,0.0,NA,0,848.98
NFT-/XUTR/DEUTH026124A05FZX,60.86,0.0,0.0,2899.0,1278.0,316.688,6.086,0.0,0.0,prepaid,1.217,0.0,0.0,45.0,0.0,53.1,900.909,"",'132778940259170983301,2026-05-04,11089651794,23aafe1c-abe0-4407-8dff-e13228edf20f,"",Forward,100034922845,100034922845,11504,1217.14,5.0,1450.0,0.0,1450.0,packet_delivered,0.0,0.0,0.0,0.0,0.0,0.0,0.0,0.0,NA,0,1449.0
NFT-/XUTR/DEUTH026124A05FZX,19.48,0.0,0.0,2099.0,409.0,19.305,1.948,0.0,0.0,prepaid,0.39,0.0,0.0,6.0,0.0,7.08,380.277,"",'132792638107906065403,2026-05-04,11092827899,5fb78849-fa7f-4db0-8743-3233e15941fd,"",Forward,100038098944,100038098944,11504,389.52,5.0,1596.0,0.0,1596.0,packet_delivered,0.0,0.0,0.0,0.0,0.0,0.0,0.0,0.0,NA,0,503.0
NFT-/XUTR/DEUTH026124A05FZX,34.67,0.0,0.0,1750.0,652.5609999999999,169.405,3.107,0.0,0.0,prepaid,0.621,163.14,0.0,0.0,0.0,192.5052,-671.933,"",'132793740801612219903,2026-05-04,11093088996,f5351bd4-a746-4dc5-bfe3-1eae00077388,11093088996,Reverse,100038360040,100038360040,11504,693.33,5.0,928.0,0.0,928.0,exchange,0.0,0.0,0.0,0.0,0.0,0.0,0.0,0.0,NA,0,821.99
NFT-/XUTR/DEUTH026124A05FZX,56.71,0.0,0.0,2899.0,1191.0,295.13,5.671,0.0,0.0,prepaid,1.134,0.0,0.0,45.0,0.0,53.1,835.965,"",'132794975458785797303,2026-05-04,11093444479,8d7f4c51-6c71-4e8b-ac03-8c9afa477a8c,"",Forward,100038715523,100038715523,11504,1134.29,5.0,1537.0,0.0,1537.0,packet_delivered,0.0,0.0,0.0,0.0,0.0,0.0,0.0,0.0,NA,0,1362.0
NFT-/XUTR/DEUTH026124A05FZX,0.0,40.67,40.67,3999.0,1708.0,423.242,0.0,4.0665,4.0665,prepaid,1.627,0.0,0.0,45.0,0.0,53.1,1221.898,"",'132803943951378200103,2026-05-04,11095438660,90bc72e4-748f-46c7-829f-344adf07927a,"",Forward,100040709701,1000012142238,11504,1626.66,5.0,2120.0,0.0,2120.0,packet_delivered,0.0,0.0,0.0,0.0,0.0,0.0,0.0,0.0,NA,0,1879.0000000000002
NFT-/XUTR/DEUTH026124A05FZX,23.71,0.0,0.0,1650.0,498.0,23.506,2.371,0.0,0.0,prepaid,0.474,0.0,0.0,27.0,0.0,31.86,439.789,"",'132842151126641587403,2026-05-04,11103752937,875d17f8-6f5d-4c7e-8ed1-dc7759df59ad,"",Forward,100049023946,100049023946,11504,474.29,5.0,1058.0,0.0,1058.0,packet_delivered,0.0,0.0,0.0,0.0,0.0,0.0,0.0,0.0,NA,0,592.0
NFT-/XUTR/DEUTH026124A05FZX,25.43,0.0,0.0,1699.0,534.0,37.807,2.543,0.0,0.0,prepaid,0.509,167.0,0.0,0.0,0.0,197.06,-690.201,"",'132778202351659418303,2026-05-04,11089438550,79d302c1-2026-40c4-be08-bb8047c814f2,100152984693,Reverse,100034709602,1000010373940,11504,508.57,5.0,1071.0,0.0,1071.0,return_refund,0.0,0.0,0.0,0.0,0.0,0.0,0.0,0.0,NA,0,628.0
NFT-/XUTR/DEUTH026124A05FZX,32.43,0.0,0.0,1650.0,681.0,176.788,3.243,0.0,0.0,prepaid,0.649,0.0,0.0,27.0,0.0,31.86,468.46,"",'132776709769361827001,2026-05-04,11088967116,c90520ef-c4f1-412b-ae6a-e4f0a2efb5de,"",Forward,100034238168,100034238168,11504,648.57,5.0,875.0,0.0,875.0,packet_delivered,0.0,0.0,0.0,0.0,0.0,0.0,0.0,0.0,NA,0,775.0
NFT-/XUTR/DEUTH026124A05FZX,53.52,0.0,0.0,1850.0,1124.0,265.264,5.352,0.0,0.0,prepaid,1.07,0.0,0.0,45.0,0.0,53.1,799.214,"",'132789218190997563003,2026-05-04,11092243867,9d6ba952-0f25-4f35-88c8-0409f1009423,"",Forward,100037514912,1000010678046,11504,1070.48,5.0,555.0,0.0,555.0,packet_delivered,0.0,0.0,0.0,0.0,0.0,0.0,0.0,0.0,NA,0,1295.0
NFT-/XUTR/DEUTH026124A05FZX,18.57,0.0,0.0,1499.0,390.0,18.408,1.857,0.0,0.0,prepaid,0.371,0.0,0.0,0.0,0.0,0.0,369.364,"",'132810014806029910701,2026-05-04,11096702130,365ea37a-9cd7-4d71-b395-c063eefe09e8,"",Forward,100041973171,100041973171,11504,371.43,5.0,1050.0,0.0,1050.0,packet_delivered,0.0,0.0,0.0,0.0,0.0,0.0,0.0,0.0,NA,0,449.0
NFT-/XUTR/DEUTH026124A05FZX,56.71,0.0,0.0,2899.0,1191.0,295.13,5.671,0.0,0.0,prepaid,1.134,0.0,0.0,45.0,0.0,53.1,835.965,"",'132782588893428942603,2026-05-04,11090525329,f4ca076b-0e55-4544-8b75-e0e6890bce6c,"",Forward,100035796380,100035796380,11504,1134.29,5.0,1537.0,0.0,1537.0,packet_delivered,0.0,0.0,0.0,0.0,0.0,0.0,0.0,0.0,NA,0,1362.0
NFT-/XUTR/DEUTH026124A05FZX,33.57,0.0,0.0,1599.0,705.0,183.018,3.357,0.0,0.0,prepaid,0.671,0.0,0.0,27.0,0.0,31.86,486.094,"",'132800937680796333201,2026-05-04,11094686189,9f4f2865-badb-4e44-88ec-a8e0cd41bab5,"",Forward,100039957231,100039957231,11504,671.43,5.0,800.0,0.0,800.0,packet_delivered,0.0,0.0,0.0,0.0,0.0,0.0,0.0,0.0,NA,0,799.0
NFT-/XUTR/DEUTH026124A05FZX,72.76,0.0,0.0,1699.0,1528.0,360.608,7.276,0.0,0.0,prepaid,1.455,0.0,0.0,45.0,0.0,53.1,1105.561,"",'132819553175384605901,2026-05-04,11098642263,d5e5cba3-d422-44da-adf6-40411b8149e5,"",Forward,100043913298,1000012654851,11504,1455.24,5.0,0.0,0.0,0.0,packet_delivered,0.0,0.0,0.0,0.0,0.0,0.0,0.0,0.0,NA,0,1699.0
NFT-/XUTR/DEUTH026124A05FZX,58.48,0.0,0.0,1999.0,1228.0,188.375,5.848,0.0,0.0,prepaid,1.17,0.0,0.0,45.0,0.0,53.1,979.507,"",'132781399983262742001,2026-05-04,11090409874,e4d6d9f2-8e1c-4cf6-81f7-308712b920bf,"",Forward,100035680925,100035680925,11504,1169.52,5.0,600.0,0.0,600.0,packet_delivered,0.0,0.0,0.0,0.0,0.0,0.0,0.0,0.0,NA,0,1399.0
NFT-/XUTR/DEUTH026124A05FZX,24.57,0.0,0.0,1650.0,516.0,133.954,2.457,0.0,0.0,prepaid,0.491,0.0,0.0,27.0,0.0,31.86,347.238,"",'132807881509046103603,2026-05-04,11096584567,c7c8185a-8589-483a-9b73-bd824707ef23,"",Forward,100041855608,1000011962455,11504,491.43,5.0,1040.0,0.0,1040.0,packet_delivered,0.0,0.0,0.0,0.0,0.0,0.0,0.0,0.0,NA,0,610.0
NFT-/XUTR/DEUTH026124A05FZX,38.33,0.0,0.0,1799.0,805.0,208.978,3.833,0.0,0.0,prepaid,0.767,0.0,0.0,27.0,0.0,31.86,559.562,"",'132780684269456865901,2026-05-04,11090183453,94f47b00-b823-4c9a-a7e6-134e537d1264,"",Forward,100035454504,1000010075851,11504,766.67,5.0,900.0,0.0,900.0,packet_delivered,0.0,0.0,0.0,0.0,0.0,0.0,0.0,0.0,NA,0,899.0
NFT-/XUTR/DEUTH026124A05FZX,63.24,0.0,0.0,2999.0,1328.0,329.078,6.324,0.0,0.0,prepaid,1.265,0.0,0.0,45.0,0.0,53.1,938.233,"",'132825227789828493401,2026-05-04,11100184531,a049385c-f95f-4e75-8c32-1e258a917ea2,"",Forward,100045455564,100045455564,11504,1264.76,5.0,1500.0,0.0,1500.0,packet_delivered,0.0,0.0,0.0,0.0,0.0,0.0,0.0,0.0,NA,0,1499.0
NFT-/XUTR/DEUTH026124A05FZX,60.86,0.0,0.0,2899.0,1278.0,316.688,6.086,0.0,0.0,prepaid,1.217,106.0,0.0,0.0,0.0,125.08,-1079.089,"",'132830913985727554803,2026-05-04,11101197358,b400367c-1ef2-43b9-93b4-8a1697f878bf,100153084123,Reverse,100046468385,100046468385,11504,1217.14,5.0,1450.0,0.0,1450.0,return_refund,0.0,0.0,0.0,0.0,0.0,0.0,0.0,0.0,NA,0,1449.0
NFT-/XUTR/DEUTH026124A05FZX,81.19,0.0,0.0,1899.0,27.84,3.285,0.133,0.0,0.0,prepaid,0.027,0.0,0.0,0.735,0.0,0.8673,23.528,"",'132789793570458362603,2026-05-04,11092493148,cba15c70-3c9d-4862-9199-f8182619a92b,"",Forward,100037764193,100037764193,11504,1623.81,5.0,0.0,0.0,0.0,packet_delivered,0.0,0.0,0.0,0.0,0.0,0.0,0.0,0.0,NA,0,1899.01
NFT-/XUTR/DEUTH026124A05FZX,19.1,0.0,0.0,1650.0,401.0,18.927,1.91,0.0,0.0,prepaid,0.382,0.0,0.0,15.0,0.0,17.7,362.081,"",'132801742943399295801,2026-05-04,11094801445,82c7dfcb-f489-4453-bb2f-9f7a61ff80fe,"",Forward,100040072487,100040072487,11504,381.9,5.0,1155.0,0.0,1155.0,packet_delivered,0.0,0.0,0.0,0.0,0.0,0.0,0.0,0.0,NA,0,495.0
NFT-/XUTR/DEUTH026124A05FZX,41.38,0.0,0.0,1899.0,869.0,225.592,4.138,0.0,0.0,prepaid,0.828,0.0,0.0,27.0,0.0,31.86,606.582,"",'132845914017859461801,2026-05-04,11104208295,91378289-fc2a-4190-9d5c-2cf76d327426,"",Forward,100049479295,100049479295,11504,827.62,5.0,936.0,0.0,936.0,packet_delivered,0.0,0.0,0.0,0.0,0.0,0.0,0.0,0.0,NA,0,963.0
NFT-/XUTR/DEUTH026124A05FZX,21.91,0.0,0.0,1499.0,460.0,21.712,2.19,0.0,0.0,prepaid,0.438,182.0,0.0,0.0,0.0,214.76,-650.42,"",'132810418148546435901,2026-05-04,11096772760,3d5d7ef5-aa46-468e-83d7-c7483c570a42,100152814262,Reverse,100042043801,100042043801,11504,438.1,5.0,945.0,0.0,945.0,return_refund,0.0,0.0,0.0,0.0,0.0,0.0,0.0,0.0,NA,0,554.01
NFT-/XUTR/DEUTH026124A05FZX,31.29,0.0,0.0,1599.0,657.0,170.557,3.129,0.0,0.0,prepaid,0.626,0.0,0.0,27.0,0.0,31.86,450.828,"",'132802993295056330001,2026-05-04,11095158652,5a7d4aaa-b350-4cee-af15-dbce958ee6d0,"",Forward,100040429694,100040429694,11504,625.71,5.0,848.0,0.0,848.0,packet_delivered,0.0,0.0,0.0,0.0,0.0,0.0,0.0,0.0,NA,0,751.0
NFT-/XUTR/DEUTH026124A05FZX,35.95,0.0,0.0,1699.0,755.0,195.998,3.595,0.0,0.0,prepaid,0.719,0.0,0.0,27.0,0.0,31.86,522.828,"",'132815697645346980903,2026-05-04,11098211556,ff3cff04-b24d-41e9-b2f1-3e82384a1716,"",Forward,100043482592,100043482592,11504,719.05,5.0,850.0,0.0,850.0,packet_delivered,0.0,0.0,0.0,0.0,0.0,0.0,0.0,0.0,NA,0,849.0
NFT-/XUTR/DEUTH026124A05FZX,0.0,17.02,17.02,1799.0,715.0,185.614,0.0,1.7025,1.7025,prepaid,0.681,106.0,0.0,0.0,0.0,125.08,-650.38,"",'132815652444144358301,2026-05-04,11098198582,3775bac9-790d-4472-94a3-5aaa4903e657,100153154756,Reverse,100043469618,100043469618,11504,680.96,5.0,990.0,0.0,990.0,return_refund,0.0,0.0,0.0,0.0,0.0,0.0,0.0,0.0,NA,0,809.0
NFT-/XUTR/DEUTH026124A05FZX,24.57,0.0,0.0,1650.0,516.0,133.954,2.457,0.0,0.0,prepaid,0.491,0.0,0.0,27.0,0.0,31.86,347.238,"",'132775770813691077301,2026-05-04,11088707469,292dd840-9adc-4f10-8f41-d5762d76dbaf,"",Forward,100033978522,100033978522,11504,491.43,5.0,1040.0,0.0,1040.0,packet_delivered,0.0,0.0,0.0,0.0,0.0,0.0,0.0,0.0,NA,0,610.0
NFT-/XUTR/DEUTH026124A05FZX,82.24,0.0,0.0,1899.0,1727.0,407.572,8.224,0.0,0.0,prepaid,1.645,0.0,0.0,45.0,0.0,53.1,1256.459,"",'132784246975597170601,2026-05-04,11090642374,65fa2243-5daa-4edf-b3d9-d5fd695be1cc,"",Forward,100035913425,1000010243801,11504,1644.76,5.0,1.0,0.0,1.0,packet_delivered,0.0,0.0,0.0,0.0,0.0,0.0,0.0,0.0,NA,0,1898.0
NFT-/XUTR/DEUTH026124A05FZX,33.57,0.0,0.0,1599.0,705.0,183.018,3.357,0.0,0.0,prepaid,0.671,0.0,0.0,27.0,0.0,31.86,486.094,"",'132805920969931616401,2026-05-04,11096014994,af8846d3-1014-4139-a12d-18dc82a8e614,"",Forward,100041286035,1000011817632,11504,671.43,5.0,800.0,0.0,800.0,packet_delivered,0.0,0.0,0.0,0.0,0.0,0.0,0.0,0.0,NA,0,799.01
NFT-/XUTR/DEUTH026124A05FZX,49.95,0.0,0.0,3299.0,1049.0,259.942,4.995,0.0,0.0,prepaid,0.999,0.0,0.0,45.0,0.0,53.1,729.964,"",'132818278726896673903,2026-05-04,11098410690,cab99f94-66d8-4bf7-92b5-2ab85dcba2ba,"",Forward,100043681726,100043681726,11504,999.05,5.0,2079.0,0.0,2079.0,packet_delivered,0.0,0.0,0.0,0.0,0.0,0.0,0.0,0.0,NA,0,1220.0
NFT-/XUTR/DEUTH026124A05FZX,81.33,0.0,0.0,3999.0,1708.0,423.242,8.133,0.0,0.0,prepaid,1.627,127.0,0.0,0.0,0.0,149.86,-1424.858,"",'132805800840390077603,2026-05-04,11095975608,075a1ed6-aa47-40fe-a33a-d533d7dcccf3,100152905232,Reverse,100041246649,1000012186000,11504,1626.67,5.0,2120.0,0.0,2120.0,return_refund,0.0,0.0,0.0,0.0,0.0,0.0,0.0,0.0,NA,0,1878.99
NFT-/XUTR/DEUTH026124A05FZX,0.0,28.05,28.05,2999.0,1178.0,291.908,0.0,2.805,2.805,prepaid,1.122,0.0,0.0,45.0,0.0,53.1,826.26,"",'132818745238264803603,2026-05-04,11098471935,32e752d0-1ecf-47e0-ac19-e651a4bcb824,"",Forward,100043742971,1000012722164,11504,1121.9,5.0,1650.0,0.0,1650.0,packet_delivered,0.0,0.0,0.0,0.0,0.0,0.0,0.0,0.0,NA,0,1349.0
NFT-/XUTR/DEUTH026124A05FZX,37.19,0.0,0.0,1750.0,781.0,202.748,3.719,0.0,0.0,prepaid,0.744,167.0,0.0,0.0,0.0,197.06,-770.849,"",'132784160866492338603,2026-05-04,11090627366,4ed50438-6771-48d7-9472-bc50a0b8fe1c,11090627366,Reverse,100035898417,100035898417,11504,743.81,5.0,875.0,0.0,875.0,exchange,0.0,0.0,0.0,0.0,0.0,0.0,0.0,0.0,NA,0,875.0
NFT-/XUTR/DEUTH026124A05FZX,18.95,0.0,0.0,1699.0,398.00000000000006,18.786,1.895,0.0,0.0,prepaid,0.379,106.0,0.0,0.0,0.0,125.08,-502.02,"",'132811530122405220203,2026-05-04,11097042272,c920eede-efeb-4830-91ff-17616c6e9791,11097042272,Reverse,100042313312,100042313312,11504,379.05,5.0,1207.0,0.0,1207.0,exchange,0.0,0.0,0.0,0.0,0.0,0.0,0.0,0.0,NA,0,492.0
NFT-/XUTR/DEUTH026124A05FZX,84.71,0.0,0.0,1950.0,1779.0,419.844,8.471,0.0,0.0,prepaid,1.694,0.0,0.0,45.0,0.0,53.1,1295.891,"",'132787352978645245303,2026-05-04,11091603539,36c7c155-79e5-4c5e-87b7-c0e8941c8fd0,"",Forward,100036874584,100036874584,11504,1694.29,5.0,0.0,0.0,0.0,packet_delivered,0.0,0.0,0.0,0.0,0.0,0.0,0.0,0.0,NA,0,1950.0
NFT-/XUTR/DEUTH026124A05FZX,48.48,0.0,0.0,1699.0,921.0,217.356,4.386,0.0,0.0,prepaid,0.877,0.0,0.0,40.712,0.0,48.04016,650.341,"",'132821546824190093503,2026-05-04,11099166543,f1249731-26fe-4d4a-ac0d-fe3a37a1fae6,"",Forward,100044437576,100044437576,11504,969.52,5.0,510.0,97.0,607.0,packet_delivered,0.0,0.0,0.0,0.0,0.0,0.0,0.0,0.0,NA,0,1189.0
NFT-/XUTR/DEUTH026124A05FZX,51.81,0.0,0.0,1799.0,1088.0,256.768,5.181,0.0,0.0,prepaid,1.036,167.0,0.0,0.0,0.0,197.06,-1022.075,"",'132766649436869238303,2026-05-04,11086743151,6799df8a-d39b-4c31-ae22-edf366f9b790,100155758947,Reverse,100032014205,1000009035741,11504,1036.19,5.0,540.0,0.0,540.0,return_refund,0.0,0.0,0.0,0.0,0.0,0.0,0.0,0.0,NA,0,1259.0
NFT-/XUTR/DEUTH026124A05FZX,23.67,0.0,0.0,1599.0,497.0,23.458,2.367,0.0,0.0,prepaid,0.473,127.0,0.0,0.0,0.0,149.86,-620.562,"",'132813652965812769303,2026-05-04,11097587813,f552061d-a456-469d-b80d-d5530cea91a8,100152721049,Reverse,100042858849,1000012701237,11504,473.33,5.0,1008.0,0.0,1008.0,return_refund,0.0,0.0,0.0,0.0,0.0,0.0,0.0,0.0,NA,0,591.0
NFT-/XUTR/DEUTH026124A05FZX,0.0,16.98,16.98,1699.0,713.0,185.095,0.0,1.6975,1.6975,prepaid,0.679,0.0,0.0,27.0,0.0,31.86,491.971,"",'132836734013829636301,2026-05-04,11102231955,4afeed7b-e048-4bd7-9a2b-0936cbabb3f3,"",Forward,100047502982,1000013704909,11504,679.04,5.0,892.0,0.0,892.0,packet_delivered,0.0,0.0,0.0,0.0,0.0,0.0,0.0,0.0,NA,0,807.0
NFT-/XUTR/DEUTH026124A05FZX,51.86,0.0,0.0,1799.0,1089.0,257.004,5.186,0.0,0.0,prepaid,1.037,0.0,0.0,45.0,0.0,53.1,772.673,"",'132837200546581286301,2026-05-04,11102371538,6554d84d-faba-411e-9dad-55278a26bbac,"",Forward,100047642565,100047642565,11504,1037.14,5.0,539.0,0.0,539.0,packet_delivered,0.0,0.0,0.0,0.0,0.0,0.0,0.0,0.0,NA,0,1260.0
NFT-/XUTR/DEUTH026124A05FZX,60.86,0.0,0.0,2899.0,1278.0,316.688,6.086,0.0,0.0,prepaid,1.217,0.0,0.0,45.0,0.0,53.1,900.909,"",'132800856227896165203,2026-05-04,11094679995,b8085c0e-0172-4282-acbd-49e8842890a1,"",Forward,100039951037,1000011606267,11504,1217.14,5.0,1450.0,0.0,1450.0,packet_delivered,0.0,0.0,0.0,0.0,0.0,0.0,0.0,0.0,NA,0,1449.0
NFT-/XUTR/DEUTH026124A05FZX,23.71,0.0,0.0,1650.0,498.00000000000006,23.506,2.371,0.0,0.0,prepaid,0.474,106.0,0.0,0.0,0.0,125.08,-596.729,"",'132842151126641587403,2026-05-04,11103752937,875d17f8-6f5d-4c7e-8ed1-dc7759df59ad,100154091683,Reverse,100049023946,100049023946,11504,474.29,5.0,1058.0,0.0,1058.0,return_refund,0.0,0.0,0.0,0.0,0.0,0.0,0.0,0.0,NA,0,592.0
NFT-/XUTR/DEUTH026124A05FZX,87.0,0.0,0.0,1999.0,1827.0,431.172,8.7,0.0,0.0,prepaid,1.74,0.0,0.0,45.0,0.0,53.1,1332.288,"",'132806128588871506003,2026-05-04,11096083488,ac7485a7-ccfe-4d63-ad41-60ddffedaa54,"",Forward,100041354529,100041354529,11504,1740,5.0,1.0,0.0,1.0,packet_delivered,0.0,0.0,0.0,0.0,0.0,0.0,0.0,0.0,NA,0,1998.0
NFT-/XUTR/DEUTH026124A05FZX,21.91,0.0,0.0,1499.0,74.6,3.521,0.355,0.0,0.0,prepaid,0.071,0.0,0.0,4.379,0.0,5.16722,65.486,"",'132772172092920344003,2026-05-04,11088262894,7aaf989a-2548-4e54-8340-a9af21d0d2b9,"",Forward,100033533947,1000009485718,11504,438.1,5.0,945.0,0.0,945.0,packet_delivered,0.0,0.0,0.0,0.0,0.0,0.0,0.0,0.0,NA,0,554.01
NFT-/XUTR/DEUTH026124A05FZX,0.0,16.29,16.29,2699.0,461.43,21.779,0.0,1.0985,1.0985,prepaid,0.439,0.0,0.0,18.214,0.0,21.49252,415.522,"",'132837281932136890603,2026-05-04,11102398194,b1acb06e-dced-4541-bb2f-78ea7241110c,"",Forward,100047669221,1000013758429,11504,651.42,5.0,1921.0,0.0,1921.0,packet_delivered,0.0,0.0,0.0,0.0,0.0,0.0,0.0,0.0,NA,0,777.9999999999999
NFT-/XUTR/DEUTH026124A05FZX,487.07,0.0,0.0,3399.0,3193.0,753.548,13.53,0.0,0.0,prepaid,2.706,167.0,0.0,0.0,0.0,197.06,-2620.276,"",'132775525357292557003,2026-05-04,11088658382,f9691c7d-c374-4abc-b806-c1d1060d4948,11088658382,Reverse,100033929435,1000009790798,11504,2705.93,18.0,0.0,0.0,0.0,exchange,0.0,0.0,0.0,0.0,0.0,0.0,0.0,0.0,NA,0,3399.0
NFT-/XUTR/DEUTH026124A05FZX,68.48,0.0,0.0,2299.0,263.46,62.177,1.255,0.0,0.0,prepaid,0.251,33.345,0.0,0.0,0.0,39.3471,-239.124,"",'132810299564990453003,2026-05-04,11096750017,2043b4a3-5300-46e0-854e-9380834e51b0,11096750017,Reverse,100042021058,1000012045410,11504,1369.52,5.0,690.0,0.0,690.0,exchange,0.0,0.0,0.0,0.0,0.0,0.0,0.0,0.0,NA,0,1609.0
NFT-/XUTR/DEUTH026124A05FZX,40.71,0.0,0.0,1899.0,855.0,221.958,4.071,0.0,0.0,prepaid,0.814,0.0,0.0,27.0,0.0,31.86,596.297,"",'132794400379520349101,2026-05-04,11093279210,25345053-77ba-4d69-b5f8-eff252b235b4,"",Forward,100038550254,1000011012642,11504,814.29,5.0,950.0,0.0,950.0,packet_delivered,0.0,0.0,0.0,0.0,0.0,0.0,0.0,0.0,NA,0,949.0
NFT-/XUTR/DEUTH026124A05FZX,42.62,0.0,0.0,2999.0,895.0,232.342,4.262,0.0,0.0,prepaid,0.852,0.0,0.0,27.0,0.0,31.86,625.684,"",'132804622274967108703,2026-05-04,11095625780,6e0ccaa0-889b-46a1-9ecd-ea7b415b4db6,"",Forward,100040896821,100040896821,11504,852.38,5.0,2010.0,0.0,2010.0,packet_delivered,0.0,0.0,0.0,0.0,0.0,0.0,0.0,0.0,NA,0,989.0
NFT-/XUTR/DEUTH026124A05FZX,32.57,0.0,0.0,2999.0,684.0,32.285,3.257,0.0,0.0,prepaid,0.651,0.0,0.0,27.0,0.0,31.86,615.947,"",'132837252283184666403,2026-05-04,11102388385,04a9ad5d-c718-4c5c-a899-9925695e6ed9,"",Forward,100047659412,100047659412,11504,651.43,5.0,2221.0,0.0,2221.0,packet_delivered,0.0,0.0,0.0,0.0,0.0,0.0,0.0,0.0,NA,0,778.0
NFT-/XUTR/DEUTH026124A05FZX,63.24,0.0,0.0,2999.0,1328.0,329.078,6.324,0.0,0.0,prepaid,1.265,167.0,0.0,0.0,0.0,197.06,-1188.393,"",'132784297663991066403,2026-05-04,11090651742,3d1fa0a7-566d-4db4-9f3b-d8f454e7c244,100153751047,Reverse,100035922793,100035922793,11504,1264.76,5.0,1500.0,0.0,1500.0,return_refund,0.0,0.0,0.0,0.0,0.0,0.0,0.0,0.0,NA,0,1499.0
NFT-/XUTR/DEUTH026124A05FZX,63.24,0.0,0.0,2999.0,1328.0,329.078,6.324,0.0,0.0,prepaid,1.265,0.0,0.0,45.0,0.0,53.1,938.233,"",'132804589715127347701,2026-05-04,11095616841,ded13978-8f48-4843-88c4-5deaaf87fe22,"",Forward,100040887882,100040887882,11504,1264.76,5.0,1500.0,0.0,1500.0,packet_delivered,0.0,0.0,0.0,0.0,0.0,0.0,0.0,0.0,NA,0,1499.0
NFT-/XUTR/DEUTH026124A05FZX,48.48,0.0,0.0,1699.0,1018.0,240.248,4.848,0.0,0.0,prepaid,0.97,0.0,0.0,45.0,0.0,53.1,718.834,"",'132810481826702691101,2026-05-04,11096785761,40f4d7f8-3dcd-42b0-8e5d-7ba066802e54,"",Forward,100042056802,100042056802,11504,969.52,5.0,510.0,0.0,510.0,packet_delivered,0.0,0.0,0.0,0.0,0.0,0.0,0.0,0.0,NA,0,1189.0
NFT-/XUTR/DEUTH026124A05FZX,56.1,0.0,0.0,2999.0,1178.0,291.908,5.61,0.0,0.0,prepaid,1.122,167.0,0.0,0.0,0.0,197.06,-1076.42,"",'132788132124616418501,2026-05-04,11091858238,f5cb0d81-28c3-46c2-b204-8543ce499f07,11091858238,Reverse,100037129282,100037129282,11504,1121.9,5.0,1650.0,0.0,1650.0,exchange,0.0,0.0,0.0,0.0,0.0,0.0,0.0,0.0,NA,0,1349.0
NFT-/XUTR/DEUTH026124A05FZX,19.1,0.0,0.0,1650.0,401.0,18.927,1.91,0.0,0.0,prepaid,0.382,182.0,0.0,0.0,0.0,214.76,-594.541,"",'132797502103694721703,2026-05-04,11094154680,7ae9cb45-b20c-474b-bdaa-3486e46f8d94,100152996778,Reverse,100039425722,1000012167980,11504,381.9,5.0,1155.0,0.0,1155.0,return_refund,0.0,0.0,0.0,0.0,0.0,0.0,0.0,0.0,NA,0,495.0
NFT-/XUTR/DEUTH026124A05FZX,18.48,0.0,0.0,1599.0,10.7,0.505,0.051,0.0,0.0,prepaid,0.01,3.502,0.0,0.0,0.0,4.13236,-14.266,"",'132815853445746654101,2026-05-04,11098249199,1098f191-e71b-421d-9ecd-17ff64ccce8e,100152842719,Reverse,100043520235,100043520235,11504,369.52,5.0,1152.0,0.0,1152.0,return_refund,0.0,0.0,0.0,0.0,0.0,0.0,0.0,0.0,NA,0,447.0
NFT-/XUTR/DEUTH026124A05FZX,0.0,36.38,36.38,3399.0,1528.0,378.638,0.0,3.638,3.638,prepaid,1.455,106.0,0.0,0.0,0.0,125.08,-1265.711,"",'132818745238264803603,2026-05-04,11098471937,32e752d0-1ecf-47e0-ac19-e651a4bcb824,100152676008,Reverse,100043742973,1000012722164,11504,1455.24,5.0,1700.0,0.0,1700.0,return_refund,0.0,0.0,0.0,0.0,0.0,0.0,0.0,0.0,NA,0,1699.0000000000002
NFT-/XUTR/DEUTH026124A05FZX,19.05,0.0,0.0,1499.0,76.928,3.6310000000000002,0.366,0.0,0.0,prepaid,0.073,0.0,0.0,0.0,0.0,0.0,72.858,"",'132776292426165479801,2026-05-04,11088838748,b9dc7292-085f-4fa3-a32b-7c9ea13029c5,"",Forward,100034109800,100034109800,11504,380.95,5.0,1005.0,0.0,1005.0,packet_delivered,0.0,0.0,0.0,0.0,0.0,0.0,0.0,0.0,NA,0,493.99
NFT-/XUTR/DEUTH026124A05FZX,39.52,0.0,0.0,2499.0,830.0,215.468,3.952,0.0,0.0,prepaid,0.79,167.0,0.0,0.0,0.0,197.06,-806.85,"",'132789457465125151401,2026-05-04,11092349034,6fafd382-2c31-42ef-9cbf-570ca092a177,11092349034,Reverse,100037620079,1000011592688,11504,790.48,5.0,1575.0,0.0,1575.0,exchange,0.0,0.0,0.0,0.0,0.0,0.0,0.0,0.0,NA,0,924.0
NFT-/XUTR/DEUTH026124A05FZX,63.24,0.0,0.0,2999.0,1328.0,329.078,6.324,0.0,0.0,prepaid,1.265,182.0,0.0,0.0,0.0,214.76,-1206.093,"",'132795135789559475303,2026-05-04,11093490632,c2f432d3-dd50-4ce4-9d76-294e5471373f,100153258073,Reverse,100038761676,1000012132179,11504,1264.76,5.0,1500.0,0.0,1500.0,return_refund,0.0,0.0,0.0,0.0,0.0,0.0,0.0,0.0,NA,0,1499.0
NFT-/XUTR/DEUTH026124A05FZX,0.0,17.07,17.07,1599.0,717.0,186.133,0.0,1.707,1.707,prepaid,0.683,106.0,0.0,0.0,0.0,125.08,-651.85,"",'132836574032624827903,2026-05-04,11102192765,c9cd9a22-28b5-4fbf-9564-1e6d8a432cde,100154248015,Reverse,100047463792,100047463792,11504,682.86,5.0,788.0,0.0,788.0,return_refund,0.0,0.0,0.0,0.0,0.0,0.0,0.0,0.0,NA,0,811.0000000000001
NFT-/XUTR/DEUTH026124A05FZX,24.57,0.0,0.0,1650.0,516.0,133.954,2.457,0.0,0.0,prepaid,0.491,0.0,0.0,27.0,0.0,31.86,347.238,"",'132785891827841009901,2026-05-04,11091124636,e604c698-aba3-4727-b6a8-ade33fa84f74,"",Forward,100036395682,100036395682,11504,491.43,5.0,1040.0,0.0,1040.0,packet_delivered,0.0,0.0,0.0,0.0,0.0,0.0,0.0,0.0,NA,0,610.0
NFT-/XUTR/DEUTH026124A05FZX,70.38,0.0,0.0,3299.0,1478.0,366.248,7.038,0.0,0.0,prepaid,1.408,0.0,0.0,45.0,0.0,53.1,1050.206,"",'132805325525956153801,2026-05-04,11095822713,a06a1066-8edc-411c-be88-8db58524e858,"",Forward,100041093754,100041093754,11504,1407.62,5.0,1650.0,0.0,1650.0,packet_delivered,0.0,0.0,0.0,0.0,0.0,0.0,0.0,0.0,NA,0,1649.0
NFT-/XUTR/DEUTH026124A05FZX,81.81,0.0,0.0,2699.0,1718.0,425.72,8.181,0.0,0.0,prepaid,1.636,167.0,0.0,0.0,0.0,197.06,-1479.523,"",'132786500549907661503,2026-05-04,11091327663,744c5ff5-9b47-4e45-b12e-e000a01d5c27,100152438298,Reverse,100036598708,1000010989984,11504,1636.19,5.0,810.0,0.0,810.0,return_refund,0.0,0.0,0.0,0.0,0.0,0.0,0.0,0.0,NA,0,1889.0
NFT-/XUTR/DEUTH026124A05FZX,426.05,0.0,0.0,2999.0,2793.0,659.148,11.835,0.0,0.0,prepaid,2.367,182.0,0.0,0.0,0.0,214.76,-2334.41,"",'132803478448513006603,2026-05-04,11095307489,c7d4686f-b9bb-469a-88a2-ae777531d367,100153434810,Reverse,100040578531,1000012140235,11504,2366.95,18.0,0.0,0.0,0.0,return_refund,0.0,0.0,0.0,0.0,0.0,0.0,0.0,0.0,NA,0,2999.0
NFT-/XUTR/DEUTH026124A05FZX,43.05,0.0,0.0,2699.0,904.0,234.678,4.305,0.0,0.0,prepaid,0.861,0.0,0.0,27.0,0.0,31.86,632.296,"",'132801336524146201401,2026-05-04,11094730625,4e748bcf-e174-4716-845d-7e3e6e2b1a26,"",Forward,100040001667,100040001667,11504,860.95,5.0,1701.0,0.0,1701.0,packet_delivered,0.0,0.0,0.0,0.0,0.0,0.0,0.0,0.0,NA,0,998.0
NFT-/XUTR/DEUTH026124A05FZX,38.33,0.0,0.0,1799.0,805.0,208.978,3.833,0.0,0.0,prepaid,0.767,0.0,0.0,27.0,0.0,31.86,559.562,"",'132815606978022298201,2026-05-04,11098183837,3ffedd93-7367-4128-aed3-26aadca06ae8,"",Forward,100043454873,100043454873,11504,766.67,5.0,900.0,0.0,900.0,packet_delivered,0.0,0.0,0.0,0.0,0.0,0.0,0.0,0.0,NA,0,899.0
NFT-/XUTR/DEUTH026124A05FZX,44.67,0.0,0.0,2999.0,938.0,243.505,4.467,0.0,0.0,prepaid,0.893,182.0,0.0,0.0,0.0,214.76,-903.895,"",'132806644173720566503,2026-05-04,11096279206,4f3a708d-3d66-4c40-90ca-308c48cdfa0e,100153352148,Reverse,100041550247,100041550247,11504,893.33,5.0,1890.0,0.0,1890.0,return_refund,0.0,0.0,0.0,0.0,0.0,0.0,0.0,0.0,NA,0,1109.0
NFT-/XUTR/DEUTH026124A05FZX,24.57,0.0,0.0,1650.0,516.0,133.954,2.457,0.0,0.0,prepaid,0.491,127.0,0.0,0.0,0.0,149.86,-528.958,"",'132807042768133345501,2026-05-04,11096440033,5deea71a-7c54-4091-be04-aac8d2eecdd6,11096440033,Reverse,100041711074,100041711074,11504,491.43,5.0,1040.0,0.0,1040.0,exchange,0.0,0.0,0.0,0.0,0.0,0.0,0.0,0.0,NA,0,609.98
NFT-/XUTR/DEUTH026124A05FZX,58.29,0.0,0.0,3100.0,1224.0,303.307,5.829,0.0,0.0,prepaid,1.166,182.0,0.0,0.0,0.0,214.76,-1128.458,"",'132812234437458450203,2026-05-04,11097227385,2bd798e2-4b44-4843-8da6-0a096128d80c,100152989324,Reverse,100042498425,1000012690992,11504,1165.71,5.0,1705.0,0.0,1705.0,return_refund,0.0,0.0,0.0,0.0,0.0,0.0,0.0,0.0,NA,0,1395.0
NFT-/XUTR/DEUTH026124A05FZX,0.0,37.05,37.05,3399.0,1556.0,385.577,0.0,3.705,3.705,prepaid,1.482,106.0,0.0,0.0,0.0,125.08,-1286.611,"",'132841256348943722903,2026-05-04,11103518643,2d1885ec-1a1e-4c78-af91-b3fec983fe05,100154885288,Reverse,100048789652,1000014272718,11504,1481.9,5.0,1672.0,0.0,1672.0,return_refund,0.0,0.0,0.0,0.0,0.0,0.0,0.0,0.0,NA,0,1727.0
NFT-/XUTR/DEUTH026124A05FZX,19.05,0.0,0.0,1499.0,3.83,0.181,0.018,0.0,0.0,prepaid,0.004,0.0,0.0,0.0,0.0,0.0,3.627,"",'132816462843899979803,2026-05-04,11098334203,bd13f9ce-9867-4c30-a025-9dfc00a67c5b,"",Forward,100043605239,1000012521431,11504,380.95,5.0,1005.0,0.0,1005.0,packet_delivered,0.0,0.0,0.0,0.0,0.0,0.0,0.0,0.0,NA,0,494.0
NFT-/XUTR/DEUTH026124A05FZX,67.91,0.0,0.0,3399.0,1426.0,353.363,6.79,0.0,0.0,prepaid,1.358,0.0,0.0,45.0,0.0,53.1,1011.389,"",'132832448623503695601,2026-05-04,11101621843,c6fe57eb-38b2-4369-925e-780296b23d33,"",Forward,100046892871,100046892871,11504,1358.1,5.0,1802.0,0.0,1802.0,packet_delivered,0.0,0.0,0.0,0.0,0.0,0.0,0.0,0.0,NA,0,1597.01
NFT-/XUTR/DEUTH026124A05FZX,60.86,0.0,0.0,2899.0,1278.0,316.688,6.086,0.0,0.0,prepaid,1.217,106.0,0.0,0.0,0.0,125.08,-1079.089,"",'132808231246617697903,2026-05-04,11096601736,14848637-18cb-4d70-90c9-0c8c835e99a2,100152308536,Reverse,100041872777,100041872777,11504,1217.14,5.0,1450.0,0.0,1450.0,return_refund,0.0,0.0,0.0,0.0,0.0,0.0,0.0,0.0,NA,0,1449.0
NFT-/XUTR/DEUTH026124A05FZX,62.1,0.0,0.0,2950.0,1304.0,323.131,6.21,0.0,0.0,prepaid,1.242,0.0,0.0,45.0,0.0,53.1,920.317,"",'132776143995372815501,2026-05-04,11088797668,9a42cdc4-1ead-41e3-affb-e5b0a2c7d8fb,"",Forward,100034068720,100034068720,11504,1241.9,5.0,1475.0,0.0,1475.0,packet_delivered,0.0,0.0,0.0,0.0,0.0,0.0,0.0,0.0,NA,0,1475.0
NFT-/XUTR/DEUTH026124A05FZX,0.0,33.1,33.1,3499.0,1390.0,344.44200000000006,0.0,3.3095,3.3095,prepaid,1.324,106.0,0.0,0.0,0.0,125.08,-1162.695,"",'132836083157276245601,2026-05-04,11102090897,3bfa67e0-d22e-4a44-9390-9438045d2ca1,100154225241,Reverse,100047361924,100047361924,11504,1323.8,5.0,1938.0,0.0,1938.0,return_refund,0.0,0.0,0.0,0.0,0.0,0.0,0.0,0.0,NA,0,1560.9999999999998
NFT-/XUTR/DEUTH026124A05FZX,35.76,0.0,0.0,1799.0,751.0,194.96,3.576,0.0,0.0,prepaid,0.715,0.0,0.0,27.0,0.0,31.86,519.889,"",'132777446410270356303,2026-05-04,11089208699,9e5029ed-8e97-451b-8096-1d0dcdd2dec0,"",Forward,100034479751,100034479751,11504,715.24,5.0,954.0,0.0,954.0,packet_delivered,0.0,0.0,0.0,0.0,0.0,0.0,0.0,0.0,NA,0,845.0
NFT-/XUTR/DEUTH026124A05FZX,30.71,0.0,0.0,1999.0,645.0,30.443999999999996,3.071,0.0,0.0,prepaid,0.614,0.0,0.0,27.0,0.0,31.86,579.011,"",'132801097489035957501,2026-05-04,11094701035,5852a2c8-4150-4169-81c1-06ac3429f479,"",Forward,100039972077,100039972077,11504,614.29,5.0,1260.0,0.0,1260.0,packet_delivered,0.0,0.0,0.0,0.0,0.0,0.0,0.0,0.0,NA,0,738.99
NFT-/XUTR/DEUTH026124A05FZX,37.19,0.0,0.0,1750.0,781.0,202.748,3.719,0.0,0.0,prepaid,0.744,0.0,0.0,27.0,0.0,31.86,541.929,"",'132803431217005539701,2026-05-04,11095293585,de0efbfc-370f-459e-bbc2-fde06ff388f4,"",Forward,100040564627,100040564627,11504,743.81,5.0,875.0,0.0,875.0,packet_delivered,0.0,0.0,0.0,0.0,0.0,0.0,0.0,0.0,NA,0,875.0
NFT-/XUTR/DEUTH026124A05FZX,40.81,0.0,0.0,2799.0,857.0,222.477,4.081,0.0,0.0,prepaid,0.816,0.0,0.0,27.0,0.0,31.86,597.766,"",'132808530106876804503,2026-05-04,11096610917,226c3070-619f-4af5-a3d1-712f3d97affe,"",Forward,100041881958,100041881958,11504,816.19,5.0,1848.0,0.0,1848.0,packet_delivered,0.0,0.0,0.0,0.0,0.0,0.0,0.0,0.0,NA,0,950.99
NFT-/XUTR/DEUTH026124A05FZX,106.81,0.0,0.0,3499.0,123.951,29.252,0.59,0.0,0.0,prepaid,0.118,0.0,0.0,3.371,0.0,3.97778,90.013,"",'132819109386406444103,2026-05-04,11098542414,bbc1fac7-6b8f-42f3-b8a9-4f6a7ddeab68,"",Forward,100043813449,100043813449,11504,2136.19,5.0,1050.0,0.0,1050.0,packet_delivered,0.0,0.0,0.0,0.0,0.0,0.0,0.0,0.0,NA,0,2449.01
NFT-/XUTR/DEUTH026124A05FZX,21.91,0.0,0.0,1499.0,7.970000000000001,0.376,0.038,0.0,0.0,prepaid,0.008,3.153,0.0,0.0,0.0,3.72054,-11.269,"",'132797805780241484801,2026-05-04,11094258226,69fcf537-f164-4938-ac51-beb167aa828e,100153460962,Reverse,100039529268,1000012164264,11504,438.1,5.0,945.0,0.0,945.0,return_refund,0.0,0.0,0.0,0.0,0.0,0.0,0.0,0.0,NA,0,554.01
NFT-/XUTR/DEUTH026124A05FZX,75.19,0.0,0.0,1750.0,1579.0,372.644,7.519,0.0,0.0,prepaid,1.504,0.0,0.0,45.0,0.0,53.1,1144.233,"",'132784999677099450601,2026-05-04,11090822050,9ca5a16e-1651-44b6-9205-6e32f1ee378b,"",Forward,100036093097,100036093097,11504,1503.81,5.0,0.0,0.0,0.0,packet_delivered,0.0,0.0,0.0,0.0,0.0,0.0,0.0,0.0,NA,0,1750.0
NFT-/XUTR/DEUTH026124A05FZX,0.0,40.67,40.67,3999.0,1708.0,423.242,0.0,4.0665,4.0665,prepaid,1.627,0.0,0.0,45.0,0.0,53.1,1221.898,"",'132805131357647530003,2026-05-04,11095765953,5b1865c2-fb26-423b-9744-8a359be798aa,"",Forward,100041036994,100041036994,11504,1626.66,5.0,2120.0,0.0,2120.0,packet_delivered,0.0,0.0,0.0,0.0,0.0,0.0,0.0,0.0,NA,0,1879.0000000000002
NFT-/XUTR/DEUTH026124A05FZX,43.1,0.0,0.0,1999.0,905.0,234.938,4.31,0.0,0.0,prepaid,0.862,0.0,0.0,27.0,0.0,31.86,633.03,"",'132805573316526981701,2026-05-04,11095900563,956c6b5c-0b11-4672-97ba-17dbfbe109d4,"",Forward,100041171604,100041171604,11504,861.9,5.0,1000.0,0.0,1000.0,packet_delivered,0.0,0.0,0.0,0.0,0.0,0.0,0.0,0.0,NA,0,999.0
NFT-/XUTR/DEUTH026124A05FZX,18.95,0.0,0.0,1699.0,398.0,18.786,1.895,0.0,0.0,prepaid,0.379,0.0,0.0,0.0,0.0,0.0,376.94,"",'132818623443170494503,2026-05-04,11098452000,1afb2a79-106f-450c-be48-f2ed50d88580,"",Forward,100043723036,100043723036,11504,379.05,5.0,1207.0,0.0,1207.0,packet_delivered,0.0,0.0,0.0,0.0,0.0,0.0,0.0,0.0,NA,0,492.0
NFT-/XUTR/DEUTH026124A05FZX,63.24,0.0,0.0,2999.0,1328.0,329.078,6.324,0.0,0.0,prepaid,1.265,0.0,0.0,45.0,0.0,53.1,938.233,"",'132824868423082570101,2026-05-04,11100155877,c238ab35-a459-43d2-94be-66fbfcd81a45,"",Forward,100045426910,1000013234479,11504,1264.76,5.0,1500.0,0.0,1500.0,packet_delivered,0.0,0.0,0.0,0.0,0.0,0.0,0.0,0.0,NA,0,1499.0
NFT-/XUTR/DEUTH026124A05FZX,60.86,0.0,0.0,2899.0,1278.0,316.688,6.086,0.0,0.0,prepaid,1.217,0.0,0.0,45.0,0.0,53.1,900.909,"",'132802744000122773501,2026-05-04,11095080116,d178a54c-814d-4ed4-be25-efea7bf8e957,"",Forward,100040351158,100040351158,11504,1217.14,5.0,1450.0,0.0,1450.0,packet_delivered,0.0,0.0,0.0,0.0,0.0,0.0,0.0,0.0,NA,0,1449.0
NFT-/XUTR/DEUTH026124A05FZX,35.95,0.0,0.0,1699.0,755.0,195.998,3.595,0.0,0.0,prepaid,0.719,0.0,0.0,27.0,0.0,31.86,522.828,"",'132820746183704226201,2026-05-04,11098948870,1d31d301-0f69-4c77-be8f-85c319f5c4b4,"",Forward,100044219905,100044219905,11504,719.05,5.0,850.0,0.0,850.0,packet_delivered,0.0,0.0,0.0,0.0,0.0,0.0,0.0,0.0,NA,0,849.0
NFT-/XUTR/DEUTH026124A05FZX,63.24,0.0,0.0,2999.0,1169.22,289.733,5.568,0.0,0.0,prepaid,1.114,147.033,0.0,0.0,0.0,173.49894,-1046.304,"",'132776369537483633801,2026-05-04,11088860987,dc082d55-5ab2-4099-9de9-c5fbeda4dcb4,11088860987,Reverse,100034132039,100034132039,11504,1264.76,5.0,1500.0,0.0,1500.0,exchange,0.0,0.0,0.0,0.0,0.0,0.0,0.0,0.0,NA,0,1499.0
NFT-/XUTR/DEUTH026124A05FZX,31.19,0.0,0.0,1499.0,655.0,170.038,3.119,0.0,0.0,prepaid,0.624,182.0,0.0,0.0,0.0,214.76,-695.979,"",'132819576181526430003,2026-05-04,11098648130,b1871615-9bc3-43ff-9421-3c4677674ecd,100153280549,Reverse,100043919165,100043919165,11504,623.81,5.0,750.0,0.0,750.0,return_refund,0.0,0.0,0.0,0.0,0.0,0.0,0.0,0.0,NA,0,749.0
NFT-/XUTR/DEUTH026124A05FZX,19.1,0.0,0.0,1650.0,401.0,18.927,1.91,0.0,0.0,prepaid,0.382,0.0,0.0,15.0,0.0,17.7,362.081,"",'132788223958449806901,2026-05-04,11091888332,bc0e422c-b3cf-4ae1-af2f-d2d88c8be08e,"",Forward,100037159377,100037159377,11504,381.9,5.0,1155.0,0.0,1155.0,packet_delivered,0.0,0.0,0.0,0.0,0.0,0.0,0.0,0.0,NA,0,495.0
NFT-/XUTR/DEUTH026124A05FZX,43.05,0.0,0.0,2699.0,904.0,234.678,4.305,0.0,0.0,prepaid,0.861,0.0,0.0,27.0,0.0,31.86,632.296,"",'132812733726785365001,2026-05-04,11097359217,cc4b96c6-dc7f-4e1f-87e5-4ce14c8f17e0,"",Forward,100042630257,100042630257,11504,860.95,5.0,1701.0,0.0,1701.0,packet_delivered,0.0,0.0,0.0,0.0,0.0,0.0,0.0,0.0,NA,0,998.0
NFT-/XUTR/DEUTH026124A05FZX,55.14,0.0,0.0,1899.0,1158.0,273.288,5.514,0.0,0.0,prepaid,1.103,0.0,0.0,45.0,0.0,53.1,824.995,"",'132831887682165034703,2026-05-04,11101454033,85d8111e-fa69-466e-9de9-8635491433db,"",Forward,100046725060,100046725060,11504,1102.86,5.0,570.0,0.0,570.0,packet_delivered,0.0,0.0,0.0,0.0,0.0,0.0,0.0,0.0,NA,0,1329.0
NFT-/XUTR/DEUTH026124A05FZX,63.24,0.0,0.0,2999.0,1328.0,329.078,6.324,0.0,0.0,prepaid,1.265,106.0,0.0,0.0,0.0,125.08,-1116.413,"",'132819447082942923303,2026-05-04,11098616281,1f403419-4190-4f08-96b9-708442a1979d,11098616281,Reverse,100043887316,100043887316,11504,1264.76,5.0,1500.0,0.0,1500.0,exchange,0.0,0.0,0.0,0.0,0.0,0.0,0.0,0.0,NA,0,1499.0
NFT-/XUTR/DEUTH026124A05FZX,23.67,0.0,0.0,1599.0,497.0,23.458,2.367,0.0,0.0,prepaid,0.473,0.0,0.0,27.0,0.0,31.86,438.842,"",'132755148876411681101,2026-05-04,11084495642,d6c3cff7-c8ed-4c76-ac26-c14291d825a7,"",Forward,100029766698,100029766698,11504,473.33,5.0,1008.0,0.0,1008.0,packet_delivered,0.0,0.0,0.0,0.0,0.0,0.0,0.0,0.0,NA,0,591.0
NFT-/XUTR/DEUTH026124A05FZX,20.71,0.0,0.0,1499.0,435.0,20.532,2.071,0.0,0.0,prepaid,0.414,0.0,0.0,19.0,0.0,22.42,389.563,"",'132778202351659418303,2026-05-04,11089438552,79d302c1-2026-40c4-be08-bb8047c814f2,"",Forward,100034709604,1000010373940,11504,414.29,5.0,1005.0,0.0,1005.0,packet_delivered,0.0,0.0,0.0,0.0,0.0,0.0,0.0,0.0,NA,0,494.0
NFT-/XUTR/DEUTH026124A05FZX,19.1,0.0,0.0,1599.0,401.0,18.927,1.91,0.0,0.0,prepaid,0.382,0.0,0.0,15.0,0.0,17.7,362.081,"",'132819584426276753801,2026-05-04,11098650174,fe2bd015-02bb-4d27-8c73-2a484399f7b4,"",Forward,100043921208,1000012655209,11504,381.9,5.0,1104.0,0.0,1104.0,packet_delivered,0.0,0.0,0.0,0.0,0.0,0.0,0.0,0.0,NA,0,495.0
NFT-/XUTR/DEUTH026124A05FZX,39.52,0.0,0.0,2499.0,830.0,215.468,3.952,0.0,0.0,prepaid,0.79,167.0,0.0,0.0,0.0,197.06,-806.85,"",'132776700568282960303,2026-05-04,11088964188,baf43a99-4f75-4a57-bb64-b80f165ec5f8,100155210486,Reverse,100034235240,1000010366497,11504,790.48,5.0,1575.0,0.0,1575.0,return_refund,0.0,0.0,0.0,0.0,0.0,0.0,0.0,0.0,NA,0,924.0
NFT-/XUTR/DEUTH026124A05FZX,19.67,0.0,0.0,1750.0,413.0,19.494,1.967,0.0,0.0,prepaid,0.393,0.0,0.0,15.0,0.0,17.7,373.446,"",'132810373143599670003,2026-05-04,11096763669,f9e914e5-4437-4c52-af00-a63aa6e702d5,"",Forward,100042034710,1000012050998,11504,393.33,5.0,1243.0,0.0,1243.0,packet_delivered,0.0,0.0,0.0,0.0,0.0,0.0,0.0,0.0,NA,0,507.0
NFT-/XUTR/DEUTH026124A05FZX,103.48,0.0,0.0,3399.0,2173.0,512.828,10.348,0.0,0.0,prepaid,2.07,0.0,0.0,61.0,0.0,71.98,1575.774,"",'132810608403400839603,2026-05-04,11096812400,66bcf09b-f0e3-466a-a478-bc54e03e7f57,"",Forward,100042083441,1000012164224,11504,2069.52,5.0,1020.0,0.0,1020.0,packet_delivered,0.0,0.0,0.0,0.0,0.0,0.0,0.0,0.0,NA,0,2379.0
NFT-/XUTR/DEUTH026124A05FZX,72.76,0.0,0.0,3399.0,1528.0,378.638,7.276,0.0,0.0,prepaid,1.455,0.0,0.0,45.0,0.0,53.1,1087.531,"",'132822231753600833501,2026-05-04,11099349027,cb1f0208-389e-4c39-8b97-0c4cae96a595,"",Forward,100044620061,1000013201557,11504,1455.24,5.0,1700.0,0.0,1700.0,packet_delivered,0.0,0.0,0.0,0.0,0.0,0.0,0.0,0.0,NA,0,1699.0
NFT-/XUTR/DEUTH026124A05FZX,75.14,0.0,0.0,3499.0,1578.0,391.028,7.514,0.0,0.0,prepaid,1.503,0.0,0.0,45.0,0.0,53.1,1124.855,"",'132829267293805725503,2026-05-04,11100779419,75642de6-46fe-40f0-b7ab-1ab3104ebfb0,"",Forward,100046050452,100046050452,11504,1502.86,5.0,1750.0,0.0,1750.0,packet_delivered,0.0,0.0,0.0,0.0,0.0,0.0,0.0,0.0,NA,0,1749.0
NFT-/XUTR/DEUTH026124A05FZX,85.0,0.0,0.0,5999.0,1785.0,463.386,8.5,0.0,0.0,prepaid,1.7,157.0,0.0,0.0,0.0,185.26,-1496.674,"",'132805717715663148403,2026-05-04,11095948204,a81e3bff-ffe7-4169-91bb-b819c009a554,100152035353,Reverse,100041219245,1000012138768,11504,1700,5.0,4020.0,0.0,4020.0,return_refund,0.0,0.0,0.0,0.0,0.0,0.0,0.0,0.0,NA,0,1979.0
NFT-/XUTR/DEUTH026124A05FZX,38.0,0.0,0.0,1899.0,798.0,207.161,3.8,0.0,0.0,prepaid,0.76,167.0,0.0,0.0,0.0,197.06,-783.339,"",'132787668805308841503,2026-05-04,11091704780,a55c4973-b239-4633-b642-4f4f943a6d9a,11091704780,Reverse,100036975825,100036975825,11504,760,5.0,1007.0,0.0,1007.0,exchange,0.0,0.0,0.0,0.0,0.0,0.0,0.0,0.0,NA,0,892.0
NFT-/XUTR/DEUTH026124A05FZX,65.67,0.0,0.0,3299.0,1379.0,341.716,6.567,0.0,0.0,prepaid,1.313,127.0,0.0,0.0,0.0,149.86,-1179.264,"",'132792494643137967601,2026-05-04,11092807621,fc04c526-2f77-478a-ada8-41398ea5a2ed,100152887466,Reverse,100038078666,100038078666,11504,1313.33,5.0,1749.0,0.0,1749.0,return_refund,0.0,0.0,0.0,0.0,0.0,0.0,0.0,0.0,NA,0,1550.0
NFT-/XUTR/DEUTH026124A05FZX,34.05,0.0,0.0,1799.0,715.0,185.614,3.405,0.0,0.0,prepaid,0.681,0.0,0.0,27.0,0.0,31.86,493.44,"",'132770240008302496903,2026-05-04,11087688088,dc526716-16ef-42b8-a6aa-83e3c98e8220,"",Forward,100032959142,100032959142,11504,680.95,5.0,990.0,0.0,990.0,packet_delivered,0.0,0.0,0.0,0.0,0.0,0.0,0.0,0.0,NA,0,809.0
NFT-/XUTR/DEUTH026124A05FZX,70.38,0.0,0.0,3299.0,1478.0,366.248,7.038,0.0,0.0,prepaid,1.408,0.0,0.0,45.0,0.0,53.1,1050.206,"",'132802605740548994703,2026-05-04,11095036930,6e7d2563-d0c9-4b2a-9cef-77c96e8680c1,"",Forward,100040307972,100040307972,11504,1407.62,5.0,1650.0,0.0,1650.0,packet_delivered,0.0,0.0,0.0,0.0,0.0,0.0,0.0,0.0,NA,0,1649.0
NFT-/XUTR/DEUTH026124A05FZX,90.14,0.0,0.0,2999.0,1893.0,469.085,9.014,0.0,0.0,prepaid,1.803,0.0,0.0,45.0,0.0,53.1,1359.998,"",'132819398602580206201,2026-05-04,11098605261,bd02f8e3-b7d1-4d1e-a9f8-c5dbb0e1b5fb,"",Forward,100043876296,100043876296,11504,1802.86,5.0,900.0,0.0,900.0,packet_delivered,0.0,0.0,0.0,0.0,0.0,0.0,0.0,0.0,NA,0,2099.0
NFT-/XUTR/DEUTH026124A05FZX,45.52,0.0,0.0,2399.0,956.0,248.178,4.552,0.0,0.0,prepaid,0.91,167.0,0.0,0.0,0.0,197.06,-899.42,"",'132780042695286614201,2026-05-04,11089971012,0e335059-5409-4320-b1b2-0eb31baf5bf3,100152760168,Reverse,100035242063,1000010360638,11504,910.48,5.0,1272.0,0.0,1272.0,return_refund,0.0,0.0,0.0,0.0,0.0,0.0,0.0,0.0,NA,0,1127.0
NFT-/XUTR/DEUTH026124A05FZX,27.62,0.0,0.0,1499.0,580.0,150.568,2.762,0.0,0.0,prepaid,0.552,0.0,0.0,27.0,0.0,31.86,394.258,"",'132788171661421527201,2026-05-04,11091870977,8fbfa290-73e3-4490-bdae-2615754b11db,"",Forward,100037142022,100037142022,11504,552.38,5.0,825.0,0.0,825.0,packet_delivered,0.0,0.0,0.0,0.0,0.0,0.0,0.0,0.0,NA,0,674.0
NFT-/XUTR/DEUTH026124A05FZX,75.19,0.0,0.0,1750.0,1579.0,372.644,7.519,0.0,0.0,prepaid,1.504,0.0,0.0,45.0,0.0,53.1,1144.233,"",'132801273475367859101,2026-05-04,11094721827,76066651-fee7-40dd-9c4c-0b2064733485,"",Forward,100039992869,100039992869,11504,1503.81,5.0,0.0,0.0,0.0,packet_delivered,0.0,0.0,0.0,0.0,0.0,0.0,0.0,0.0,NA,0,1750.0
NFT-/XUTR/DEUTH026124A05FZX,63.29,0.0,0.0,2999.0,1329.0,329.326,6.329,0.0,0.0,prepaid,1.266,0.0,0.0,45.0,0.0,53.1,938.979,"",'132841564994007435203,2026-05-04,11103616201,19590359-ebb6-47fe-9659-e6648512a07a,"",Forward,100048887210,1000014246015,11504,1265.71,5.0,1499.0,0.0,1499.0,packet_delivered,0.0,0.0,0.0,0.0,0.0,0.0,0.0,0.0,NA,0,1500.0
NFT-/XUTR/DEUTH026124A05FZX,38.33,0.0,0.0,1799.0,805.0,208.978,3.833,0.0,0.0,prepaid,0.767,127.0,0.0,0.0,0.0,149.86,-741.282,"",'132828147096244221401,2026-05-04,11100467670,d1ddfe23-4561-42c4-8884-c91ddf812190,100153294451,Reverse,100045738703,100045738703,11504,766.67,5.0,900.0,0.0,900.0,return_refund,0.0,0.0,0.0,0.0,0.0,0.0,0.0,0.0,NA,0,899.0
NFT-/XUTR/DEUTH026124A05FZX,103.43,0.0,0.0,3399.0,2172.0,512.592,10.343,0.0,0.0,prepaid,2.069,106.0,0.0,0.0,0.0,125.08,-1772.076,"",'132839878642878847501,2026-05-04,11103132486,dad11afa-959f-4cc1-9b98-9e542a3c2ca7,11103132486,Reverse,100048403495,100048403495,11504,2068.57,5.0,1021.0,0.0,1021.0,exchange,0.0,0.0,0.0,0.0,0.0,0.0,0.0,0.0,NA,0,2378.0
NFT-/XUTR/DEUTH026124A05FZX,55.14,0.0,0.0,1899.0,1158.0,273.288,5.514,0.0,0.0,prepaid,1.103,0.0,0.0,45.0,0.0,53.1,824.995,"",'132803330350424126801,2026-05-04,11095263866,6c8818c5-8472-4e9d-b69b-faf38ae9486b,"",Forward,100040534908,100040534908,11504,1102.86,5.0,570.0,0.0,570.0,packet_delivered,0.0,0.0,0.0,0.0,0.0,0.0,0.0,0.0,NA,0,1328.99
NFT-/XUTR/DEUTH026124A05FZX,31.29,0.0,0.0,1599.0,657.0,170.557,3.129,0.0,0.0,prepaid,0.626,0.0,0.0,27.0,0.0,31.86,450.828,"",'132823990987364700703,2026-05-04,11099928288,eb4941c0-26dd-44fe-8464-7c6ea0badc04,"",Forward,100045199321,100045199321,11504,625.71,5.0,848.0,0.0,848.0,packet_delivered,0.0,0.0,0.0,0.0,0.0,0.0,0.0,0.0,NA,0,751.0
NFT-/XUTR/DEUTH026124A05FZX,51.81,0.0,0.0,2799.0,1088.0,269.606,5.181,0.0,0.0,prepaid,1.036,0.0,0.0,45.0,0.0,53.1,759.077,"",'132829446543719189503,2026-05-04,11100827276,4720b33a-103e-48b3-86fe-a48de76d3ba8,"",Forward,100046098309,1000013771346,11504,1036.19,5.0,1540.0,0.0,1540.0,packet_delivered,0.0,0.0,0.0,0.0,0.0,0.0,0.0,0.0,NA,0,1259.0
NFT-/XUTR/DEUTH026124A05FZX,33.19,0.0,0.0,2499.0,697.0,32.898,3.319,0.0,0.0,prepaid,0.664,0.0,0.0,27.0,0.0,31.86,628.259,"",'132833454480295448901,2026-05-04,11101900717,499a196a-a8ba-4ab7-9fb9-2a9bddb7ff9b,"",Forward,100047171744,1000013782167,11504,663.81,5.0,1708.0,0.0,1708.0,packet_delivered,0.0,0.0,0.0,0.0,0.0,0.0,0.0,0.0,NA,0,790.99
NFT-/XUTR/DEUTH026124A05FZX,0.0,39.67,39.67,2625.0,1666.0,412.835,0.0,3.9665,3.9665,prepaid,1.587,106.0,0.0,0.0,0.0,125.08,-1368.725,"",'132806406722009536303,2026-05-04,11096183025,894a3e4f-e510-4466-9ee7-e6bfdf95070f,100152860624,Reverse,100041454066,100041454066,11504,1586.66,5.0,788.0,0.0,788.0,return_refund,0.0,0.0,0.0,0.0,0.0,0.0,0.0,0.0,NA,0,1837.0000000000002
NFT-/XUTR/DEUTH026124A05FZX,23.67,0.0,0.0,1599.0,8.61,0.406,0.041,0.0,0.0,prepaid,0.008,0.0,0.0,0.468,0.0,0.55224,7.603,"",'132797805780241484801,2026-05-04,11094258228,69fcf537-f164-4938-ac51-beb167aa828e,"",Forward,100039529270,1000012164264,11504,473.33,5.0,1008.0,0.0,1008.0,packet_delivered,0.0,0.0,0.0,0.0,0.0,0.0,0.0,0.0,NA,0,591.0
NFT-/XUTR/DEUTH026124A05FZX,37.19,0.0,0.0,1750.0,781.0,202.748,3.719,0.0,0.0,prepaid,0.744,0.0,0.0,27.0,0.0,31.86,541.929,"",'132788051858884926901,2026-05-04,11091830898,806ca848-e0e3-4072-b4d5-b363b7556617,"",Forward,100037101943,1000010586939,11504,743.81,5.0,875.0,0.0,875.0,packet_delivered,0.0,0.0,0.0,0.0,0.0,0.0,0.0,0.0,NA,0,875.0
NFT-/XUTR/DEUTH026124A05FZX,34.81,0.0,0.0,1650.0,731.0,189.768,3.481,0.0,0.0,prepaid,0.696,0.0,0.0,27.0,0.0,31.86,505.195,"",'132813850441731566303,2026-05-04,11097637410,25af4cf9-666a-495a-8832-34836a3875a1,"",Forward,100042908446,100042908446,11504,696.19,5.0,825.0,0.0,825.0,packet_delivered,0.0,0.0,0.0,0.0,0.0,0.0,0.0,0.0,NA,0,825.0
NFT-/XUTR/DEUTH026124A05FZX,60.86,0.0,0.0,2899.0,1278.0,316.688,6.086,0.0,0.0,prepaid,1.217,182.0,0.0,0.0,0.0,214.76,-1168.769,"",'132793500952293652101,2026-05-04,11093023124,7c547b17-55f9-41e8-a52b-096a5387aa79,11093023124,Reverse,100038294166,1000011581176,11504,1217.14,5.0,1450.0,0.0,1450.0,exchange,0.0,0.0,0.0,0.0,0.0,0.0,0.0,0.0,NA,0,1449.0
NFT-/XUTR/DEUTH026124A05FZX,24.57,0.0,0.0,1650.0,516.0,36.533,2.457,0.0,0.0,prepaid,0.491,182.0,0.0,0.0,0.0,214.76,-691.279,"",'132806678114356119303,2026-05-04,11096294334,35032517-ef94-426e-978a-1cd82ee7edc3,11096294334,Reverse,100041565374,100041565374,11504,491.43,5.0,1040.0,0.0,1040.0,exchange,0.0,0.0,0.0,0.0,0.0,0.0,0.0,0.0,NA,0,610.01
NFT-/XUTR/DEUTH026124A05FZX,70.38,0.0,0.0,3299.0,1478.0,366.248,7.038,0.0,0.0,prepaid,1.408,0.0,0.0,45.0,0.0,53.1,1050.206,"",'132798687621301378903,2026-05-04,11094551595,fe1df93b-677e-4949-b34b-3fc7838a6c56,"",Forward,100039822637,1000011600909,11504,1407.62,5.0,1650.0,0.0,1650.0,packet_delivered,0.0,0.0,0.0,0.0,0.0,0.0,0.0,0.0,NA,0,1649.0
NFT-/XUTR/DEUTH026124A05FZX,37.19,0.0,0.0,1750.0,781.0,202.748,3.719,0.0,0.0,prepaid,0.744,0.0,0.0,27.0,0.0,31.86,541.929,"",'132810096212926858501,2026-05-04,11096714963,2c22a3f5-d522-4536-92c7-41520c0749a8,"",Forward,100041986004,100041986004,11504,743.81,5.0,875.0,0.0,875.0,packet_delivered,0.0,0.0,0.0,0.0,0.0,0.0,0.0,0.0,NA,0,875.0
NFT-/XUTR/DEUTH026124A05FZX,0.0,20.36,20.36,1899.0,855.0,221.958,0.0,2.0355,2.0355,prepaid,0.814,0.0,0.0,27.0,0.0,31.86,596.297,"",'132820621695135529403,2026-05-04,11098913379,302dad26-a8d5-4dba-92ae-570ccc9b5a63,"",Forward,100044184413,100044184413,11504,814.28,5.0,950.0,0.0,950.0,packet_delivered,0.0,0.0,0.0,0.0,0.0,0.0,0.0,0.0,NA,0,948.99
NFT-/XUTR/DEUTH026124A05FZX,38.33,0.0,0.0,1799.0,805.0,208.978,3.833,0.0,0.0,prepaid,0.767,167.0,0.0,0.0,0.0,197.06,-788.482,"",'132782326578651112903,2026-05-04,11090515971,eeb4efd8-f72d-4739-88cd-0513bdbff460,100152549182,Reverse,100035787022,1000010989271,11504,766.67,5.0,900.0,0.0,900.0,return_refund,0.0,0.0,0.0,0.0,0.0,0.0,0.0,0.0,NA,0,899.0
NFT-/XUTR/DEUTH026124A05FZX,60.86,0.0,0.0,2899.0,1278.0,316.688,6.086,0.0,0.0,prepaid,1.217,167.0,0.0,0.0,0.0,197.06,-1151.069,"",'132786181049304331501,2026-05-04,11091221668,021cb054-7c0f-4096-bc1a-2d19f06ca82f,11091221668,Reverse,100036492713,100036492713,11504,1217.14,5.0,1450.0,0.0,1450.0,exchange,0.0,0.0,0.0,0.0,0.0,0.0,0.0,0.0,NA,0,1449.0
NFT-/XUTR/DEUTH026124A05FZX,60.86,0.0,0.0,2899.0,1278.0,316.688,6.086,0.0,0.0,prepaid,1.217,127.0,0.0,0.0,0.0,149.86,-1103.869,"",'132805142521780992303,2026-05-04,11095769167,78d75857-06a4-44cd-add4-23d8a493972c,100153499677,Reverse,100041040208,1000012170723,11504,1217.14,5.0,1450.0,0.0,1450.0,return_refund,0.0,0.0,0.0,0.0,0.0,0.0,0.0,0.0,NA,0,1449.0
NFT-/XUTR/DEUTH026124A05FZX,24.57,0.0,0.0,1650.0,516.0,133.954,2.457,0.0,0.0,prepaid,0.491,106.0,0.0,0.0,0.0,125.08,-504.178,"",'132816165053034132701,2026-05-04,11098304055,87373cfd-a919-4d08-8d51-8334b2923fea,100152457032,Reverse,100043575091,100043575091,11504,491.43,5.0,1040.0,0.0,1040.0,return_refund,0.0,0.0,0.0,0.0,0.0,0.0,0.0,0.0,NA,0,609.99
NFT-/XUTR/DEUTH026124A05FZX,42.62,0.0,0.0,2999.0,895.0,232.342,4.262,0.0,0.0,prepaid,0.852,0.0,0.0,27.0,0.0,31.86,625.684,"",'132813259737168863003,2026-05-04,11097491701,84cffd42-c721-4266-94e7-00b0c5761d02,"",Forward,100042762739,100042762739,11504,852.38,5.0,2010.0,0.0,2010.0,packet_delivered,0.0,0.0,0.0,0.0,0.0,0.0,0.0,0.0,NA,0,989.0
NFT-/XUTR/DEUTH026124A05FZX,19.1,0.0,0.0,1650.0,401.0,18.927,1.91,0.0,0.0,prepaid,0.382,182.0,0.0,0.0,0.0,214.76,-594.541,"",'132789964559177215303,2026-05-04,11092562043,c247c80f-7225-4019-be96-3fd2a58d9b7c,100152840333,Reverse,100037833088,1000010726751,11504,381.9,5.0,1155.0,0.0,1155.0,return_refund,0.0,0.0,0.0,0.0,0.0,0.0,0.0,0.0,NA,0,495.0
NFT-/XUTR/DEUTH026124A05FZX,70.38,0.0,0.0,3299.0,1478.0,366.248,7.038,0.0,0.0,prepaid,1.408,0.0,0.0,45.0,0.0,53.1,1050.206,"",'132821082121820035703,2026-05-04,11099040573,2ccdcef5-7d1f-4d73-b666-c70c46fce879,"",Forward,100044311608,1000013223255,11504,1407.62,5.0,1650.0,0.0,1650.0,packet_delivered,0.0,0.0,0.0,0.0,0.0,0.0,0.0,0.0,NA,0,1649.0
NFT-/XUTR/DEUTH026124A05FZX,55.14,0.0,0.0,1899.0,1158.0,273.288,5.514,0.0,0.0,prepaid,1.103,182.0,0.0,0.0,0.0,214.76,-1092.855,"",'132809684391218639301,2026-05-04,11096660394,d61ff5a1-04a1-4f20-a854-b8ce5a44de2f,100153169335,Reverse,100041931435,100041931435,11504,1102.86,5.0,570.0,0.0,570.0,return_refund,0.0,0.0,0.0,0.0,0.0,0.0,0.0,0.0,NA,0,1329.0
NFT-/XUTR/DEUTH026124A05FZX,103.48,0.0,0.0,3399.0,2050.499,483.918,9.764,0.0,0.0,prepaid,1.953,119.841,0.0,0.0,0.0,141.41238,-1696.276,"",'132818418287809214903,2026-05-04,11098425172,373ccca8-0918-4e38-a8cd-cf358d8c8dd0,100153672535,Reverse,100043696208,100043696208,11504,2069.52,5.0,1020.0,0.0,1020.0,return_refund,0.0,0.0,0.0,0.0,0.0,0.0,0.0,0.0,NA,0,2379.01
NFT-/XUTR/DEUTH026124A05FZX,87.05,0.0,0.0,3999.0,1828.0,474.549,8.705,0.0,0.0,prepaid,1.741,0.0,0.0,45.0,0.0,53.1,1289.905,"",'132804919259305015903,2026-05-04,11095706486,9cdceca8-de2d-43b2-9af9-01f5d85e906e,"",Forward,100040977527,100040977527,11504,1740.95,5.0,2000.0,0.0,2000.0,packet_delivered,0.0,0.0,0.0,0.0,0.0,0.0,0.0,0.0,NA,0,1999.0
NFT-/XUTR/DEUTH026124A05FZX,60.86,0.0,0.0,2899.0,1278.0,316.688,6.086,0.0,0.0,prepaid,1.217,0.0,0.0,45.0,0.0,53.1,900.909,"",'132789457465125151401,2026-05-04,11092349031,6fafd382-2c31-42ef-9cbf-570ca092a177,"",Forward,100037620076,1000011592688,11504,1217.14,5.0,1450.0,0.0,1450.0,packet_delivered,0.0,0.0,0.0,0.0,0.0,0.0,0.0,0.0,NA,0,1449.0
NFT-/XUTR/DEUTH026124A05FZX,58.95,0.0,0.0,2999.0,1238.0,306.776,5.895,0.0,0.0,prepaid,1.179,182.0,0.0,0.0,0.0,214.76,-1138.91,"",'132799428392496685001,2026-05-04,11094633328,de85e8c3-be99-4b03-81ea-6e891805f831,100154025628,Reverse,100039904370,100039904370,11504,1179.05,5.0,1590.0,0.0,1590.0,return_refund,0.0,0.0,0.0,0.0,0.0,0.0,0.0,0.0,NA,0,1409.0
NFT-/XUTR/DEUTH026124A05FZX,39.52,0.0,0.0,2499.0,830.0,215.468,3.952,0.0,0.0,prepaid,0.79,106.0,0.0,0.0,0.0,125.08,-734.87,"",'132804876943334830303,2026-05-04,11095694259,349c9680-68cf-407c-8e75-ec5491213480,100152136426,Reverse,100040965300,100040965300,11504,790.48,5.0,1575.0,0.0,1575.0,return_refund,0.0,0.0,0.0,0.0,0.0,0.0,0.0,0.0,NA,0,924.0
NFT-/XUTR/DEUTH026124A05FZX,63.24,0.0,0.0,2999.0,1328.0,329.078,6.324,0.0,0.0,prepaid,1.265,0.0,0.0,45.0,0.0,53.1,938.233,"",'132813466341303223201,2026-05-04,11097542153,05a334ec-b8cd-4dfe-9f39-99193af28e35,"",Forward,100042813189,1000012693691,11504,1264.76,5.0,1500.0,0.0,1500.0,packet_delivered,0.0,0.0,0.0,0.0,0.0,0.0,0.0,0.0,NA,0,1499.0
NFT-/XUTR/DEUTH026124A05FZX,19.48,0.0,0.0,1799.0,0.7600000000000001,0.03599999999999999,0.004,0.0,0.0,prepaid,0.001,0.338,0.0,0.0,0.0,0.39884,-1.118,"",'132823959613331734201,2026-05-04,11099917260,732a7117-19f7-4b58-9cb6-57f9436838e7,11099917260,Reverse,100045188293,100045188293,11504,389.52,5.0,1296.0,0.0,1296.0,exchange,0.0,0.0,0.0,0.0,0.0,0.0,0.0,0.0,NA,0,503.01
NFT-/XUTR/DEUTH026124A05FZX,103.48,0.0,0.0,3399.0,2173.0,512.828,10.348,0.0,0.0,prepaid,2.07,0.0,0.0,61.0,0.0,71.98,1575.774,"",'132787605981741571101,2026-05-04,11091684512,9ac72b2e-520d-468b-aae4-c41b8f27edb1,"",Forward,100036955557,100036955557,11504,2069.52,5.0,1020.0,0.0,1020.0,packet_delivered,0.0,0.0,0.0,0.0,0.0,0.0,0.0,0.0,NA,0,2379.0
NFT-/XUTR/DEUTH026124A05FZX,34.29,0.0,0.0,2200.0,720.0,33.984,3.429,0.0,0.0,prepaid,0.686,0.0,0.0,27.0,0.0,31.86,650.041,"",'132787657062560243901,2026-05-04,11091700920,0fbb0db4-2d45-4e22-b30c-8fb212f93d05,"",Forward,100036971965,100036971965,11504,685.71,5.0,1386.0,0.0,1386.0,packet_delivered,0.0,0.0,0.0,0.0,0.0,0.0,0.0,0.0,NA,0,814.0
NFT-/XUTR/DEUTH026124A05FZX,60.86,0.0,0.0,2899.0,1278.0,316.688,6.086,0.0,0.0,prepaid,1.217,0.0,0.0,45.0,0.0,53.1,900.909,"",'132799096427153723903,2026-05-04,11094612013,c9e16756-d734-49ae-b0fa-b35d94ad2fea,"",Forward,100039883055,100039883055,11504,1217.14,5.0,1450.0,0.0,1450.0,packet_delivered,0.0,0.0,0.0,0.0,0.0,0.0,0.0,0.0,NA,0,1448.99
NFT-/XUTR/DEUTH026124A05FZX,31.91,0.0,0.0,1699.0,670.0,173.932,3.19,0.0,0.0,prepaid,0.638,0.0,0.0,27.0,0.0,31.86,460.38,"",'132820014342944525903,2026-05-04,11098769824,e2d0ad4c-7af0-406a-8666-a386bcf8d13f,"",Forward,100044040860,100044040860,11504,638.1,5.0,935.0,0.0,935.0,packet_delivered,0.0,0.0,0.0,0.0,0.0,0.0,0.0,0.0,NA,0,764.01
NFT-/XUTR/DEUTH026124A05FZX,37.29,0.0,0.0,2499.0,783.0,36.958,3.729,0.0,0.0,prepaid,0.746,106.0,0.0,0.0,0.0,125.08,-866.647,"",'132832484223130741701,2026-05-04,11101633169,e6b559b5-0970-4c2c-b0a8-0b5891d3dfb0,100156656000,Reverse,100046904196,1000013768333,11504,745.71,5.0,1622.0,0.0,1622.0,return_refund,0.0,0.0,0.0,0.0,0.0,0.0,0.0,0.0,NA,0,877.0
NFT-/XUTR/DEUTH026124A05FZX,31.29,0.0,0.0,1599.0,657.0,170.557,3.129,0.0,0.0,prepaid,0.626,0.0,0.0,27.0,0.0,31.86,450.828,"",'132785527593405853201,2026-05-04,11090997093,ec2df42d-e225-4741-8d4b-119d2695ad41,"",Forward,100036268140,1000010370141,11504,625.71,5.0,848.0,0.0,848.0,packet_delivered,0.0,0.0,0.0,0.0,0.0,0.0,0.0,0.0,NA,0,751.01
NFT-/XUTR/DEUTH026124A05FZX,40.24,0.0,0.0,1999.0,845.0,219.362,4.024,0.0,0.0,prepaid,0.805,0.0,0.0,27.0,0.0,31.86,588.949,"",'132794197472369271601,2026-05-04,11093219475,3ad59dc7-f458-4c56-ae1d-d970250c197c,"",Forward,100038490519,100038490519,11504,804.76,5.0,1060.0,0.0,1060.0,packet_delivered,0.0,0.0,0.0,0.0,0.0,0.0,0.0,0.0,NA,0,939.0
NFT-/XUTR/DEUTH026124A05FZX,58.95,0.0,0.0,2999.0,1238.0,306.776,5.895,0.0,0.0,prepaid,1.179,0.0,0.0,45.0,0.0,53.1,871.05,"",'132818542886892857201,2026-05-04,11098440695,ba714ba4-f56a-40a7-9dba-ea7090cbadac,"",Forward,100043711731,100043711731,11504,1179.05,5.0,1590.0,0.0,1590.0,packet_delivered,0.0,0.0,0.0,0.0,0.0,0.0,0.0,0.0,NA,0,1409.0
NFT-/XUTR/DEUTH026124A05FZX,0.0,16.98,16.98,1699.0,713.0,185.095,0.0,1.6975,1.6975,prepaid,0.679,0.0,0.0,27.0,0.0,31.86,491.971,"",'132836734013829636301,2026-05-04,11102231954,4afeed7b-e048-4bd7-9a2b-0936cbabb3f3,"",Forward,100047502981,1000013704909,11504,679.04,5.0,892.0,0.0,892.0,packet_delivered,0.0,0.0,0.0,0.0,0.0,0.0,0.0,0.0,NA,0,807.0
NFT-/XUTR/DEUTH026124A05FZX,19.1,0.0,0.0,1650.0,401.0,18.927,1.91,0.0,0.0,prepaid,0.382,0.0,0.0,15.0,0.0,17.7,362.081,"",'132797284532678398101,2026-05-04,11094087333,41bbadd4-7a6d-4875-9bac-ec59c39b4cf7,"",Forward,100039358375,1000011232057,11504,381.9,5.0,1155.0,0.0,1155.0,packet_delivered,0.0,0.0,0.0,0.0,0.0,0.0,0.0,0.0,NA,0,494.99
NFT-/XUTR/DEUTH026124A05FZX,34.05,0.0,0.0,1799.0,715.0,185.614,3.405,0.0,0.0,prepaid,0.681,0.0,0.0,27.0,0.0,31.86,493.44,"",'132798736156800981703,2026-05-04,11094561446,0218f464-0c77-40e2-ae60-700a2c627ac0,"",Forward,100039832488,1000011597529,11504,680.95,5.0,990.0,0.0,990.0,packet_delivered,0.0,0.0,0.0,0.0,0.0,0.0,0.0,0.0,NA,0,809.0
NFT-/XUTR/DEUTH026124A05FZX,48.48,0.0,0.0,1699.0,1018.0,240.248,4.848,0.0,0.0,prepaid,0.97,0.0,0.0,45.0,0.0,53.1,718.834,"",'132805656722828485903,2026-05-04,11095928205,c8719335-a0f7-4543-bfa3-cb867f4eab1b,"",Forward,100041199246,100041199246,11504,969.52,5.0,510.0,0.0,510.0,packet_delivered,0.0,0.0,0.0,0.0,0.0,0.0,0.0,0.0,NA,0,1189.0
NFT-/XUTR/DEUTH026124A05FZX,18.38,0.0,0.0,1650.0,386.0,18.219,1.838,0.0,0.0,prepaid,0.368,0.0,0.0,0.0,0.0,0.0,365.575,"",'132795506683180668703,2026-05-04,11093597562,9497df3a-413e-4455-92c6-34db458648d9,"",Forward,100038868606,100038868606,11504,367.62,5.0,1205.0,0.0,1205.0,packet_delivered,0.0,0.0,0.0,0.0,0.0,0.0,0.0,0.0,NA,0,445.0
NFT-/XUTR/DEUTH026124A05FZX,39.81,0.0,0.0,2799.0,836.0,217.026,3.981,0.0,0.0,prepaid,0.796,0.0,0.0,27.0,0.0,31.86,582.337,"",'132807050824148222901,2026-05-04,11096442476,f1ff6685-fc24-436a-8f55-e585b6f4eba7,"",Forward,100041713517,1000012151900,11504,796.19,5.0,1792.0,0.0,1792.0,packet_delivered,0.0,0.0,0.0,0.0,0.0,0.0,0.0,0.0,NA,0,1007.0
NFT-/XUTR/DEUTH026124A05FZX,35.95,0.0,0.0,1699.0,755.0,195.998,3.595,0.0,0.0,prepaid,0.719,0.0,0.0,27.0,0.0,31.86,522.828,"",'132811579325088833603,2026-05-04,11097056098,d694bde8-3d52-463c-8de2-7d0ebc77a4f9,"",Forward,100042327138,100042327138,11504,719.05,5.0,850.0,0.0,850.0,packet_delivered,0.0,0.0,0.0,0.0,0.0,0.0,0.0,0.0,NA,0,849.0
NFT-/XUTR/DEUTH026124A05FZX,81.33,0.0,0.0,3999.0,1708.0,423.242,8.133,0.0,0.0,prepaid,1.627,167.0,0.0,0.0,0.0,197.06,-1472.058,"",'132777735919755281203,2026-05-04,11089297160,caf32249-8f7a-4e12-8134-334900dbcb80,100152158855,Reverse,100034568212,100034568212,11504,1626.67,5.0,2120.0,0.0,2120.0,return_refund,0.0,0.0,0.0,0.0,0.0,0.0,0.0,0.0,NA,0,1879.0
NFT-/XUTR/DEUTH026124A05FZX,60.86,0.0,0.0,2899.0,1278.0,316.688,6.086,0.0,0.0,prepaid,1.217,0.0,0.0,45.0,0.0,53.1,900.909,"",'132780956278528910403,2026-05-04,11090278659,656ebc36-e872-4692-b474-820b0e9ee6a6,"",Forward,100035549710,1000010362627,11504,1217.14,5.0,1450.0,0.0,1450.0,packet_delivered,0.0,0.0,0.0,0.0,0.0,0.0,0.0,0.0,NA,0,1449.0
NFT-/XUTR/DEUTH026124A05FZX,39.52,0.0,0.0,2499.0,830.0,215.468,3.952,0.0,0.0,prepaid,0.79,0.0,0.0,27.0,0.0,31.86,577.93,"",'132802269252841734903,2026-05-04,11094936342,19346d27-c2bd-4531-9c85-137b4c38088c,"",Forward,100040207384,100040207384,11504,790.48,5.0,1575.0,0.0,1575.0,packet_delivered,0.0,0.0,0.0,0.0,0.0,0.0,0.0,0.0,NA,0,924.0
NFT-/XUTR/DEUTH026124A05FZX,70.38,0.0,0.0,3299.0,1478.0,366.248,7.038,0.0,0.0,prepaid,1.408,0.0,0.0,45.0,0.0,53.1,1050.206,"",'132805717715663148403,2026-05-04,11095948213,a81e3bff-ffe7-4169-91bb-b819c009a554,"",Forward,100041219254,1000012138768,11504,1407.62,5.0,1650.0,0.0,1650.0,packet_delivered,0.0,0.0,0.0,0.0,0.0,0.0,0.0,0.0,NA,0,1648.99
NFT-/XUTR/DEUTH026124A05FZX,18.95,0.0,0.0,1699.0,398.0,18.786,1.895,0.0,0.0,prepaid,0.379,127.0,0.0,0.0,0.0,149.86,-526.8,"",'132807622096448014201,2026-05-04,11096562997,48d18939-3e5c-4412-993f-798207173bad,100153854884,Reverse,100041834038,100041834038,11504,379.05,5.0,1207.0,0.0,1207.0,return_refund,0.0,0.0,0.0,0.0,0.0,0.0,0.0,0.0,NA,0,492.0
NFT-/XUTR/DEUTH026124A05FZX,31.19,0.0,0.0,1499.0,655.0,170.038,3.119,0.0,0.0,prepaid,0.624,182.0,0.0,0.0,0.0,214.76,-695.979,"",'132813516625147421303,2026-05-04,11097554658,75c719df-506c-470c-8696-b5312cb972fa,11097554658,Reverse,100042825694,100042825694,11504,623.81,5.0,750.0,0.0,750.0,exchange,0.0,0.0,0.0,0.0,0.0,0.0,0.0,0.0,NA,0,749.0
NFT-/XUTR/DEUTH026124A05FZX,0.0,17.02,17.02,1799.0,715.0,185.614,0.0,1.7025,1.7025,prepaid,0.681,106.0,0.0,0.0,0.0,125.08,-650.38,"",'132827768934422260103,2026-05-04,11100379422,d4d6df70-0878-4bdd-8da8-e121627161d3,100155432681,Reverse,100045650455,100045650455,11504,680.96,5.0,990.0,0.0,990.0,return_refund,0.0,0.0,0.0,0.0,0.0,0.0,0.0,0.0,NA,0,809.0
NFT-/XUTR/DEUTH026124A05FZX,44.67,0.0,0.0,2999.0,938.0,243.505,4.467,0.0,0.0,prepaid,0.893,0.0,0.0,27.0,0.0,31.86,657.275,"",'132789704306746980303,2026-05-04,11092460275,24a3095a-0eb9-4e20-820d-e02833613ea1,"",Forward,100037731320,100037731320,11504,893.33,5.0,1890.0,0.0,1890.0,packet_delivered,0.0,0.0,0.0,0.0,0.0,0.0,0.0,0.0,NA,0,1109.0
NFT-/XUTR/DEUTH026124A05FZX,75.14,0.0,0.0,3499.0,1578.0,391.028,7.514,0.0,0.0,prepaid,1.503,167.0,0.0,0.0,0.0,197.06,-1375.015,"",'132783792062505854003,2026-05-04,11090577510,8228a30f-56b2-4e0c-bb86-23c3f5c602f9,100152301082,Reverse,100035848561,100035848561,11504,1502.86,5.0,1750.0,0.0,1750.0,return_refund,0.0,0.0,0.0,0.0,0.0,0.0,0.0,0.0,NA,0,1749.0
NFT-/XUTR/DEUTH026124A05FZX,34.05,0.0,0.0,1799.0,715.0,185.614,3.405,0.0,0.0,prepaid,0.681,182.0,0.0,0.0,0.0,214.76,-740.06,"",'132789964559177215303,2026-05-04,11092562045,c247c80f-7225-4019-be96-3fd2a58d9b7c,100152840736,Reverse,100037833090,1000010726751,11504,680.95,5.0,990.0,0.0,990.0,return_refund,0.0,0.0,0.0,0.0,0.0,0.0,0.0,0.0,NA,0,809.0
NFT-/XUTR/DEUTH026124A05FZX,44.67,0.0,0.0,2999.0,937.9999999999999,243.505,4.467,0.0,0.0,prepaid,0.893,127.0,0.0,0.0,0.0,149.86,-838.995,"",'132811279591846663503,2026-05-04,11096976292,47e9d8d8-ce1e-433f-82a7-d41b7cfbcb4b,100153172336,Reverse,100042247332,1000012188199,11504,893.33,5.0,1890.0,0.0,1890.0,return_refund,0.0,0.0,0.0,0.0,0.0,0.0,0.0,0.0,NA,0,1109.0
NFT-/XUTR/DEUTH026124A05FZX,23.67,0.0,0.0,1599.0,497.0,23.458,2.367,0.0,0.0,prepaid,0.473,0.0,0.0,27.0,0.0,31.86,438.842,"",'132813652965812769303,2026-05-04,11097587813,f552061d-a456-469d-b80d-d5530cea91a8,"",Forward,100042858849,1000012701237,11504,473.33,5.0,1008.0,0.0,1008.0,packet_delivered,0.0,0.0,0.0,0.0,0.0,0.0,0.0,0.0,NA,0,591.0
NFT-/XUTR/DEUTH026124A05FZX,37.19,0.0,0.0,1750.0,781.0,202.748,3.719,0.0,0.0,prepaid,0.744,182.0,0.0,0.0,0.0,214.76,-788.549,"",'132797502103694721703,2026-05-04,11094154674,7ae9cb45-b20c-474b-bdaa-3486e46f8d94,11094154674,Reverse,100039425716,1000012167980,11504,743.81,5.0,875.0,0.0,875.0,exchange,0.0,0.0,0.0,0.0,0.0,0.0,0.0,0.0,NA,0,875.0
NFT-/XUTR/DEUTH026124A05FZX,27.19,0.0,0.0,1799.0,92.6,24.039,0.441,0.0,0.0,prepaid,0.088,0.0,0.0,4.379,0.0,5.16722,62.865,"",'132772172092920344003,2026-05-04,11088262895,7aaf989a-2548-4e54-8340-a9af21d0d2b9,"",Forward,100033533948,1000009485718,11504,543.81,5.0,1134.0,0.0,1134.0,packet_delivered,0.0,0.0,0.0,0.0,0.0,0.0,0.0,0.0,NA,0,665.0
NFT-/XUTR/DEUTH026124A05FZX,19.1,0.0,0.0,1650.0,401.0,18.927,1.91,0.0,0.0,prepaid,0.382,182.0,0.0,0.0,0.0,214.76,-594.541,"",'132801742943399295801,2026-05-04,11094801445,82c7dfcb-f489-4453-bb2f-9f7a61ff80fe,100152645022,Reverse,100040072487,100040072487,11504,381.9,5.0,1155.0,0.0,1155.0,return_refund,0.0,0.0,0.0,0.0,0.0,0.0,0.0,0.0,NA,0,495.0
NFT-/XUTR/DEUTH026124A05FZX,81.33,0.0,0.0,3999.0,1708.0,423.242,8.133,0.0,0.0,prepaid,1.627,106.0,0.0,0.0,0.0,125.08,-1400.078,"",'132819555994910217001,2026-05-04,11098643071,57d25790-36bf-429f-85e3-9270ef5830e2,100152912294,Reverse,100043914106,100043914106,11504,1626.67,5.0,2120.0,0.0,2120.0,return_refund,0.0,0.0,0.0,0.0,0.0,0.0,0.0,0.0,NA,0,1879.0
NFT-/XUTR/DEUTH026124A05FZX,38.33,0.0,0.0,1799.0,805.0,208.978,3.833,0.0,0.0,prepaid,0.767,0.0,0.0,27.0,0.0,31.86,559.562,"",'132779331392189359401,2026-05-04,11089761720,33d73028-a541-4e65-925d-aa74f62760dc,"",Forward,100035032771,100035032771,11504,766.67,5.0,900.0,0.0,900.0,packet_delivered,0.0,0.0,0.0,0.0,0.0,0.0,0.0,0.0,NA,0,899.0
NFT-/XUTR/DEUTH026124A05FZX,43.1,0.0,0.0,2499.0,905.0,234.938,4.31,0.0,0.0,prepaid,0.862,167.0,0.0,0.0,0.0,197.06,-861.95,"",'132779794122853609401,2026-05-04,11089896620,b289446d-94f6-4886-9733-7b1e7e71b19b,100154538782,Reverse,100035167671,100035167671,11504,861.9,5.0,1500.0,0.0,1500.0,return_refund,0.0,0.0,0.0,0.0,0.0,0.0,0.0,0.0,NA,0,999.0
NFT-/XUTR/DEUTH026124A05FZX,56.86,0.0,0.0,1950.0,1194.0,281.784,5.686,0.0,0.0,prepaid,1.137,167.0,0.0,0.0,0.0,197.06,-1102.453,"",'132788159170541468803,2026-05-04,11091867012,0caa24a4-059f-4c12-8998-7c9b35eb658f,11091867012,Reverse,100037138057,100037138057,11504,1137.14,5.0,585.0,0.0,585.0,exchange,0.0,0.0,0.0,0.0,0.0,0.0,0.0,0.0,NA,0,1365.0
NFT-/XUTR/DEUTH026124A05FZX,51.81,0.0,0.0,1799.0,1088.0,256.768,5.181,0.0,0.0,prepaid,1.036,0.0,0.0,45.0,0.0,53.1,771.915,"",'132779986731407920703,2026-05-04,11089954425,9e4c6bc5-a6c0-478e-9059-f57abe4c5a04,"",Forward,100035225477,100035225477,11504,1036.19,5.0,540.0,0.0,540.0,packet_delivered,0.0,0.0,0.0,0.0,0.0,0.0,0.0,0.0,NA,0,1259.0
NFT-/XUTR/DEUTH026124A05FZX,78.48,0.0,0.0,2599.0,1648.0,388.928,7.848,0.0,0.0,prepaid,1.57,0.0,0.0,45.0,0.0,53.1,1196.554,"",'132789476443608882103,2026-05-04,11092357765,d9af1856-e67b-411e-8ed9-a30c51d6a65a,"",Forward,100037628810,100037628810,11504,1569.52,5.0,780.0,0.0,780.0,packet_delivered,0.0,0.0,0.0,0.0,0.0,0.0,0.0,0.0,NA,0,1819.0
NFT-/XUTR/DEUTH026124A05FZX,40.71,0.0,0.0,1899.0,855.0,221.958,4.071,0.0,0.0,prepaid,0.814,0.0,0.0,27.0,0.0,31.86,596.297,"",'132832413889089578701,2026-05-04,11101610935,17c5fe47-f706-473c-b8e9-a07a0a988716,"",Forward,100046881962,100046881962,11504,814.29,5.0,950.0,0.0,950.0,packet_delivered,0.0,0.0,0.0,0.0,0.0,0.0,0.0,0.0,NA,0,949.0
NFT-/XUTR/DEUTH026124A05FZX,51.81,0.0,0.0,2799.0,1088.0,269.606,5.181,0.0,0.0,prepaid,1.036,106.0,0.0,0.0,0.0,125.08,-937.257,"",'132829446543719189503,2026-05-04,11100827276,4720b33a-103e-48b3-86fe-a48de76d3ba8,11100827276,Reverse,100046098309,1000013771346,11504,1036.19,5.0,1540.0,0.0,1540.0,exchange,0.0,0.0,0.0,0.0,0.0,0.0,0.0,0.0,NA,0,1259.0
NFT-/XUTR/DEUTH026124A05FZX,53.52,0.0,0.0,1850.0,1124.0,265.264,5.352,0.0,0.0,prepaid,1.07,0.0,0.0,45.0,0.0,53.1,799.214,"",'132818035416845855503,2026-05-04,11098392097,ac6d8ee8-cc89-44d2-b9ea-4873669c4c56,"",Forward,100043663133,100043663133,11504,1070.48,5.0,555.0,0.0,555.0,packet_delivered,0.0,0.0,0.0,0.0,0.0,0.0,0.0,0.0,NA,0,1295.0
NFT-/XUTR/DEUTH026124A05FZX,23.67,0.0,0.0,1599.0,497.0,23.458,2.367,0.0,0.0,prepaid,0.473,127.0,0.0,0.0,0.0,149.86,-620.562,"",'132794411933471712103,2026-05-04,11093282524,7753f320-6c4b-4029-9707-d47f82a7351c,100152396280,Reverse,100038553568,1000011594718,11504,473.33,5.0,1008.0,0.0,1008.0,return_refund,0.0,0.0,0.0,0.0,0.0,0.0,0.0,0.0,NA,0,591.0
NFT-/XUTR/DEUTH026124A05FZX,19.67,0.0,0.0,1750.0,413.0,19.494,1.967,0.0,0.0,prepaid,0.393,182.0,0.0,0.0,0.0,214.76,-605.906,"",'132799836454041099001,2026-05-04,11094648057,824a71d0-3a2b-4179-a7db-9f3fb5c80a3e,100152854179,Reverse,100039919099,100039919099,11504,393.33,5.0,1243.0,0.0,1243.0,return_refund,0.0,0.0,0.0,0.0,0.0,0.0,0.0,0.0,NA,0,507.0
NFT-/XUTR/DEUTH026124A05FZX,51.81,0.0,0.0,1799.0,423.51,99.948,2.017,0.0,0.0,prepaid,0.403,49.436,0.0,0.0,0.0,58.33448,-379.476,"",'132802012920768259603,2026-05-04,11094864694,a12b793f-8e20-4557-be5f-e65fa31548b8,100152221129,Reverse,100040135736,100040135736,11504,1036.19,5.0,540.0,0.0,540.0,return_refund,0.0,0.0,0.0,0.0,0.0,0.0,0.0,0.0,NA,0,1259.0
NFT-/XUTR/DEUTH026124A05FZX,75.19,0.0,0.0,1750.0,1579.0,372.644,7.519,0.0,0.0,prepaid,1.504,106.0,0.0,0.0,0.0,125.08,-1322.413,"",'132806373873183054301,2026-05-04,11096170322,794286fe-eb79-4fe5-8efc-b80c00afbf08,100152565374,Reverse,100041441363,1000011855093,11504,1503.81,5.0,0.0,0.0,0.0,return_refund,0.0,0.0,0.0,0.0,0.0,0.0,0.0,0.0,NA,0,1750.0
NFT-/XUTR/DEUTH026124A05FZX,72.76,0.0,0.0,1699.0,1528.0,360.608,7.276,0.0,0.0,prepaid,1.455,106.0,0.0,0.0,0.0,125.08,-1283.741,"",'132819553175384605901,2026-05-04,11098642263,d5e5cba3-d422-44da-adf6-40411b8149e5,100152841551,Reverse,100043913298,1000012654851,11504,1455.24,5.0,0.0,0.0,0.0,return_refund,0.0,0.0,0.0,0.0,0.0,0.0,0.0,0.0,NA,0,1699.0
NFT-/XUTR/DEUTH026124A05FZX,114.0,0.0,0.0,2600.0,2394.0,564.984,11.4,0.0,0.0,prepaid,2.28,0.0,0.0,61.0,0.0,71.98,1743.356,"",'132780274574557603003,2026-05-04,11090042423,dfdaf59d-7020-4509-9ddd-d9f30fb9c031,"",Forward,100035313474,100035313474,11504,2280,5.0,0.0,0.0,0.0,packet_delivered,0.0,0.0,0.0,0.0,0.0,0.0,0.0,0.0,NA,0,2600.01
NFT-/XUTR/DEUTH026124A05FZX,60.86,0.0,0.0,2899.0,1278.0,316.688,6.086,0.0,0.0,prepaid,1.217,167.0,0.0,0.0,0.0,197.06,-1151.069,"",'132789448849788637303,2026-05-04,11092345077,7c46d757-f079-4fbe-be99-2d4022894757,100152675285,Reverse,100037616122,100037616122,11504,1217.14,5.0,1450.0,0.0,1450.0,return_refund,0.0,0.0,0.0,0.0,0.0,0.0,0.0,0.0,NA,0,1449.0
NFT-/XUTR/DEUTH026124A05FZX,19.1,0.0,0.0,1599.0,401.0,18.927,1.91,0.0,0.0,prepaid,0.382,0.0,0.0,15.0,0.0,17.7,362.081,"",'132785124336340500801,2026-05-04,11090860475,890aa6eb-3034-4627-a180-57c859b5068e,"",Forward,100036131522,100036131522,11504,381.9,5.0,1104.0,0.0,1104.0,packet_delivered,0.0,0.0,0.0,0.0,0.0,0.0,0.0,0.0,NA,0,495.0
NFT-/XUTR/DEUTH026124A05FZX,56.86,0.0,0.0,1950.0,1194.0,281.784,5.686,0.0,0.0,prepaid,1.137,0.0,0.0,45.0,0.0,53.1,852.293,"",'132796675262071170103,2026-05-04,11093918144,fd7154e3-167e-4b51-89d0-c811cabb1e36,"",Forward,100039189186,100039189186,11504,1137.14,5.0,585.0,0.0,585.0,packet_delivered,0.0,0.0,0.0,0.0,0.0,0.0,0.0,0.0,NA,0,1365.0
NFT-/XUTR/DEUTH026124A05FZX,0.0,14.52,14.52,1499.0,610.0,158.356,0.0,1.4525,1.4525,prepaid,0.581,0.0,0.0,27.0,0.0,31.86,416.298,"",'132828483426756158101,2026-05-04,11100560551,1cecd217-0730-4591-8ad6-902138820f8f,"",Forward,100045831584,100045831584,11504,580.96,5.0,795.0,0.0,795.0,packet_delivered,0.0,0.0,0.0,0.0,0.0,0.0,0.0,0.0,NA,0,704.0
NFT-/XUTR/DEUTH026124A05FZX,0.0,38.26,38.26,3499.0,1607.0,398.215,0.0,3.826,3.826,prepaid,1.53,0.0,0.0,45.0,0.0,53.1,1146.503,"",'132834072092425512101,2026-05-04,11101958942,c75a5962-0765-4d45-a060-106dc4399cfa,"",Forward,100047229969,100047229969,11504,1530.48,5.0,1721.0,0.0,1721.0,packet_delivered,0.0,0.0,0.0,0.0,0.0,0.0,0.0,0.0,NA,0,1777.98
NFT-/XUTR/DEUTH026124A05FZX,79.91,0.0,0.0,3699.0,1470.26,329.632,7.001,0.0,0.0,prepaid,1.4,0.0,0.0,39.429,0.0,46.52622,1085.701,"",'132780801057124095603,2026-05-04,11090224262,292b4389-9301-4261-96b2-049fe5a96f3b,"",Forward,100035495313,100035495313,11504,1598.1,5.0,1850.0,0.0,1850.0,packet_delivered,0.0,0.0,0.0,0.0,0.0,0.0,0.0,0.0,NA,0,1849.01
NFT-/XUTR/DEUTH026124A05FZX,48.48,0.0,0.0,1699.0,1018.0,240.248,4.848,0.0,0.0,prepaid,0.97,0.0,0.0,45.0,0.0,53.1,718.834,"",'132823001685691351503,2026-05-04,11099572014,a2e7e8fc-aecf-49eb-9d5d-294bb6ec8fd3,"",Forward,100044843048,100044843048,11504,969.52,5.0,510.0,0.0,510.0,packet_delivered,0.0,0.0,0.0,0.0,0.0,0.0,0.0,0.0,NA,0,1189.0
NFT-/XUTR/DEUTH026124A05FZX,38.33,0.0,0.0,1799.0,805.0,208.978,3.833,0.0,0.0,prepaid,0.767,106.0,0.0,0.0,0.0,125.08,-716.502,"",'132807881509046103603,2026-05-04,11096584569,c7c8185a-8589-483a-9b73-bd824707ef23,11096584569,Reverse,100041855610,1000011962455,11504,766.67,5.0,900.0,0.0,900.0,exchange,0.0,0.0,0.0,0.0,0.0,0.0,0.0,0.0,NA,0,899.0
NFT-/XUTR/DEUTH026124A05FZX,51.81,0.0,0.0,3299.0,1088.0,269.606,5.181,0.0,0.0,prepaid,1.036,106.0,0.0,0.0,0.0,125.08,-937.257,"",'132838577409857307703,2026-05-04,11102776226,8a39dec6-0853-44ff-b7fc-f46348a4f9f3,100153799474,Reverse,100048047247,100048047247,11504,1036.19,5.0,2040.0,0.0,2040.0,return_refund,0.0,0.0,0.0,0.0,0.0,0.0,0.0,0.0,NA,0,1259.0
NFT-/XUTR/DEUTH026124A05FZX,81.33,0.0,0.0,3999.0,1708.0,423.242,8.133,0.0,0.0,prepaid,1.627,0.0,0.0,45.0,0.0,53.1,1221.898,"",'132805800840390077603,2026-05-04,11095975608,075a1ed6-aa47-40fe-a33a-d533d7dcccf3,"",Forward,100041246649,1000012186000,11504,1626.67,5.0,2120.0,0.0,2120.0,packet_delivered,0.0,0.0,0.0,0.0,0.0,0.0,0.0,0.0,NA,0,1878.99
NFT-/XUTR/DEUTH026124A05FZX,43.05,0.0,0.0,2699.0,904.0,234.678,4.305,0.0,0.0,prepaid,0.861,0.0,0.0,27.0,0.0,31.86,632.296,"",'132781161962407176101,2026-05-04,11090346390,f916a844-f39f-45b9-9242-1de8d6796189,"",Forward,100035617441,100035617441,11504,860.95,5.0,1701.0,0.0,1701.0,packet_delivered,0.0,0.0,0.0,0.0,0.0,0.0,0.0,0.0,NA,0,998.0
NFT-/XUTR/DEUTH026124A05FZX,50.19,0.0,0.0,1750.0,1054.0,248.744,5.019,0.0,0.0,prepaid,1.004,0.0,0.0,45.0,0.0,53.1,746.133,"",'132788753394210452901,2026-05-04,11092064241,c220375d-9514-4e3c-b3cd-d705ab5a8bec,"",Forward,100037335286,100037335286,11504,1003.81,5.0,525.0,0.0,525.0,packet_delivered,0.0,0.0,0.0,0.0,0.0,0.0,0.0,0.0,NA,0,1225.0
NFT-/XUTR/DEUTH026124A05FZX,42.62,0.0,0.0,3299.0,895.0,232.342,4.262,0.0,0.0,prepaid,0.852,0.0,0.0,27.0,0.0,31.86,625.684,"",'132801602782847526203,2026-05-04,11094774508,85416551-e932-475d-8c76-22d020868936,"",Forward,100040045550,100040045550,11504,852.38,5.0,2310.0,0.0,2310.0,packet_delivered,0.0,0.0,0.0,0.0,0.0,0.0,0.0,0.0,NA,0,989.0
NFT-/XUTR/DEUTH026124A05FZX,47.76,0.0,0.0,2499.0,1003.0,236.708,4.776,0.0,0.0,prepaid,0.955,0.0,0.0,45.0,0.0,53.1,707.461,"",'132815469181214939801,2026-05-04,11098131126,2bc40a20-d6ea-4609-9c56-524eccae230a,"",Forward,100043402162,100043402162,11504,955.24,5.0,1325.0,0.0,1325.0,packet_delivered,0.0,0.0,0.0,0.0,0.0,0.0,0.0,0.0,NA,0,1174.0
NFT-/XUTR/DEUTH026124A05FZX,72.76,0.0,0.0,3399.0,1528.0,378.638,7.276,0.0,0.0,prepaid,1.455,182.0,0.0,0.0,0.0,214.76,-1355.391,"",'132806859276047169401,2026-05-04,11096372496,bff481ec-2ade-4f4b-b6a0-72c6a00c50b7,100156007782,Reverse,100041643537,1000012155087,11504,1455.24,5.0,1700.0,0.0,1700.0,return_refund,0.0,0.0,0.0,0.0,0.0,0.0,0.0,0.0,NA,0,1699.0
NFT-/XUTR/DEUTH026124A05FZX,48.48,0.0,0.0,1699.0,1018.0,240.248,4.848,0.0,0.0,prepaid,0.97,0.0,0.0,45.0,0.0,53.1,718.834,"",'132784549147532769103,2026-05-04,11090704271,d2104407-815a-4076-ba3a-94ecd09cea71,"",Forward,100035975320,100035975320,11504,969.52,5.0,510.0,0.0,510.0,packet_delivered,0.0,0.0,0.0,0.0,0.0,0.0,0.0,0.0,NA,0,1189.0
NFT-/XUTR/DEUTH026124A05FZX,39.86,0.0,0.0,3450.0,837.0,217.285,3.986,0.0,0.0,prepaid,0.797,0.0,0.0,27.0,0.0,31.86,583.072,"",'132814866632736148003,2026-05-04,11097907531,8e059bd3-e90d-4ab9-ba66-74d04df2c7ae,"",Forward,100043178567,100043178567,11504,797.14,5.0,2519.0,0.0,2519.0,packet_delivered,0.0,0.0,0.0,0.0,0.0,0.0,0.0,0.0,NA,0,931.0
NFT-/XUTR/DEUTH026124A05FZX,0.0,15.36,15.36,1999.0,645.0,167.442,0.0,1.5355,1.5355,prepaid,0.614,0.0,0.0,27.0,0.0,31.86,442.013,"",'132822629143714170501,2026-05-04,11099462927,4fb52b11-988c-4c65-83e1-983a19128cd4,"",Forward,100044733961,100044733961,11504,614.28,5.0,1260.0,0.0,1260.0,packet_delivered,0.0,0.0,0.0,0.0,0.0,0.0,0.0,0.0,NA,0,739.0
NFT-/XUTR/DEUTH026124A05FZX,63.24,0.0,0.0,2999.0,1328.0,329.078,6.324,0.0,0.0,prepaid,1.265,167.0,0.0,0.0,0.0,197.06,-1188.393,"",'132780583217061168403,2026-05-04,11090147151,3699e076-1907-4fff-9e87-1b635866e7f1,100155058411,Reverse,100035418202,100035418202,11504,1264.76,5.0,1500.0,0.0,1500.0,return_refund,0.0,0.0,0.0,0.0,0.0,0.0,0.0,0.0,NA,0,1499.0
NFT-/XUTR/DEUTH026124A05FZX,31.19,0.0,0.0,1499.0,655.0,170.038,3.119,0.0,0.0,prepaid,0.624,167.0,0.0,0.0,0.0,197.06,-678.279,"",'132787526053483255803,2026-05-04,11091658955,3f3b0acf-0190-4292-9ec2-8d7c41718afe,100153195775,Reverse,100036930000,1000010568788,11504,623.81,5.0,750.0,0.0,750.0,return_refund,0.0,0.0,0.0,0.0,0.0,0.0,0.0,0.0,NA,0,749.0
NFT-/XUTR/DEUTH026124A05FZX,58.95,0.0,0.0,2999.0,1238.0,306.776,5.895,0.0,0.0,prepaid,1.179,0.0,0.0,45.0,0.0,53.1,871.05,"",'132744195966134930603,2026-05-04,11081783939,58456cf2-f8db-43e7-b6bf-6488d6d0f0f3,"",Forward,100027055012,100027055012,11504,1179.05,5.0,1590.0,0.0,1590.0,packet_delivered,0.0,0.0,0.0,0.0,0.0,0.0,0.0,0.0,NA,0,1409.0
NFT-/XUTR/DEUTH026124A05FZX,104.43,0.0,0.0,2399.0,2193.0,517.548,10.443,0.0,0.0,prepaid,2.089,0.0,0.0,61.0,0.0,71.98,1590.94,"",'132777626378091147701,2026-05-04,11089263418,5df33141-9017-4476-84af-02d2cafaa43f,"",Forward,100034534470,100034534470,11504,2088.57,5.0,0.0,0.0,0.0,packet_delivered,0.0,0.0,0.0,0.0,0.0,0.0,0.0,0.0,NA,0,2399.0
NFT-/XUTR/DEUTH026124A05FZX,24.57,0.0,0.0,1650.0,516.0,133.954,2.457,0.0,0.0,prepaid,0.491,0.0,0.0,27.0,0.0,31.86,347.238,"",'132778363646196331803,2026-05-04,11089483755,7973df82-6ec0-4a2e-bc0a-a6152daa0dfc,"",Forward,100034754807,1000009916677,11504,491.43,5.0,1040.0,0.0,1040.0,packet_delivered,0.0,0.0,0.0,0.0,0.0,0.0,0.0,0.0,NA,0,610.0
NFT-/XUTR/DEUTH026124A05FZX,39.48,0.0,0.0,3450.0,829.0,215.208,3.948,0.0,0.0,prepaid,0.79,167.0,0.0,0.0,0.0,197.06,-806.114,"",'132720927041235644901,2026-05-04,11076592605,1e19c79a-44ab-405a-aea5-b708a98d1504,11076592605,Reverse,100021863736,100021863736,11504,789.52,5.0,2450.0,0.0,2450.0,exchange,0.0,0.0,0.0,0.0,0.0,0.0,0.0,0.0,NA,0,1000.0
NFT-/XUTR/DEUTH026124A05FZX,27.19,0.0,0.0,1799.0,571.0,148.232,2.719,0.0,0.0,prepaid,0.544,0.0,0.0,27.0,0.0,31.86,387.645,"",'132779479368766769801,2026-05-04,11089802673,07ccd720-c7f1-46ee-a2c1-e0bb4bd7520c,"",Forward,100035073724,100035073724,11504,543.81,5.0,1134.0,0.0,1134.0,packet_delivered,0.0,0.0,0.0,0.0,0.0,0.0,0.0,0.0,NA,0,665.0
NFT-/XUTR/DEUTH026124A05FZX,45.62,0.0,0.0,1699.0,958.0,248.697,4.562,0.0,0.0,prepaid,0.912,0.0,0.0,27.0,0.0,31.86,671.969,"",'132835665132178741501,2026-05-04,11102030874,22d43452-ecf8-4302-a190-fd3638b1d170,"",Forward,100047301901,100047301901,11504,912.38,5.0,570.0,0.0,570.0,packet_delivered,0.0,0.0,0.0,0.0,0.0,0.0,0.0,0.0,NA,0,1129.0
NFT-/XUTR/DEUTH026124A05FZX,32.43,0.0,0.0,1650.0,681.0,176.788,3.243,0.0,0.0,prepaid,0.649,0.0,0.0,27.0,0.0,31.86,468.46,"",'132778028194006085401,2026-05-04,11089386768,aa157de4-f63d-4c0d-87f9-2d6ce03ba48c,"",Forward,100034657820,1000009877924,11504,648.57,5.0,875.0,0.0,875.0,packet_delivered,0.0,0.0,0.0,0.0,0.0,0.0,0.0,0.0,NA,0,775.0
NFT-/XUTR/DEUTH026124A05FZX,42.62,0.0,0.0,2999.0,595.0,154.462,2.833,0.0,0.0,prepaid,0.567,0.0,0.0,17.95,0.0,21.181,415.957,"",'132778350088485853003,2026-05-04,11089479945,1f886875-fc59-4eb3-86d4-082497789ae6,"",Forward,100034750997,100034750997,11504,852.38,5.0,2010.0,300.0,2310.0,packet_delivered,0.0,0.0,0.0,0.0,0.0,0.0,0.0,0.0,NA,0,989.0
NFT-/XUTR/DEUTH026124A05FZX,40.29,0.0,0.0,2750.0,846.0,219.622,4.029,0.0,0.0,prepaid,0.806,182.0,0.0,0.0,0.0,214.76,-836.303,"",'132796896278063247803,2026-05-04,11093977567,c12199bc-dd13-4b2c-b3b8-318ecb612696,100156286502,Reverse,100039248609,100039248609,11504,805.71,5.0,1733.0,0.0,1733.0,return_refund,0.0,0.0,0.0,0.0,0.0,0.0,0.0,0.0,NA,0,1017.0
NFT-/XUTR/DEUTH026124A05FZX,59.67,0.0,0.0,2999.0,1253.0,310.493,5.967,0.0,0.0,prepaid,1.193,106.0,0.0,0.0,0.0,125.08,-1060.427,"",'132831777648842803103,2026-05-04,11101424232,2d8e3ad9-3065-46ff-88c4-e71208ff84b1,100155314801,Reverse,100046695259,1000013763428,11504,1193.33,5.0,1575.0,0.0,1575.0,return_refund,0.0,0.0,0.0,0.0,0.0,0.0,0.0,0.0,NA,0,1424.0
NFT-/XUTR/DEUTH026124A05FZX,0.0,11.83,11.83,1599.0,112.552,5.312,0.0,0.268,0.268,prepaid,0.107,0.0,0.0,6.115,0.0,7.2157,99.381,"",'132811340604481617403,2026-05-04,11096991969,14647c89-96e4-4455-a4a8-d4eb82db8d5e,"",Forward,100042263009,100042263009,11504,473.34,5.0,1008.0,0.0,1008.0,packet_delivered,0.0,0.0,0.0,0.0,0.0,0.0,0.0,0.0,NA,0,590.9799999999999
NFT-/XUTR/DEUTH026124A05FZX,63.24,0.0,0.0,2999.0,1328.0,329.078,6.324,0.0,0.0,prepaid,1.265,106.0,0.0,0.0,0.0,125.08,-1116.413,"",'132814159996709521501,2026-05-04,11097714831,3ce1987d-5980-4255-ae43-47b2e95af6c1,100152380186,Reverse,100042985867,100042985867,11504,1264.76,5.0,1500.0,0.0,1500.0,return_refund,0.0,0.0,0.0,0.0,0.0,0.0,0.0,0.0,NA,0,1499.0
NFT-/XUTR/DEUTH026124A05FZX,56.71,0.0,0.0,2899.0,1191.0,295.13,5.671,0.0,0.0,prepaid,1.134,0.0,0.0,45.0,0.0,53.1,835.965,"",'132817919846008319301,2026-05-04,11098386464,136b2c4d-321a-4a2d-9b71-a2c7bfa10cce,"",Forward,100043657500,100043657500,11504,1134.29,5.0,1537.0,0.0,1537.0,packet_delivered,0.0,0.0,0.0,0.0,0.0,0.0,0.0,0.0,NA,0,1362.0
NFT-/XUTR/DEUTH026124A05FZX,0.0,25.1,25.1,1750.0,1054.0,248.744,0.0,2.5095,2.5095,prepaid,1.004,106.0,0.0,0.0,0.0,125.08,-924.313,"",'132812230916880320401,2026-05-04,11097226444,e55999f4-fe2b-4308-a8f3-b8ce89628f06,100152888138,Reverse,100042497484,1000012228970,11504,1003.8,5.0,525.0,0.0,525.0,return_refund,0.0,0.0,0.0,0.0,0.0,0.0,0.0,0.0,NA,0,1224.9999999999998
NFT-/XUTR/DEUTH026124A05FZX,486.15,0.0,0.0,6999.0,3187.0,752.132,13.504,0.0,0.0,prepaid,2.701,0.0,0.0,61.0,0.0,71.98,2346.683,"",'132780286053671447901,2026-05-04,11090046172,e95a88f3-1668-4bdd-a026-88feee192978,"",Forward,100035317223,100035317223,11504,2700.85,18.0,3500.0,0.0,3500.0,packet_delivered,0.0,0.0,0.0,0.0,0.0,0.0,0.0,0.0,NA,0,3499.0
NFT-/XUTR/DEUTH026124A05FZX,63.24,0.0,0.0,2999.0,1328.0,329.078,6.324,0.0,0.0,prepaid,1.265,0.0,0.0,45.0,0.0,53.1,938.233,"",'132784297663991066403,2026-05-04,11090651742,3d1fa0a7-566d-4db4-9f3b-d8f454e7c244,"",Forward,100035922793,100035922793,11504,1264.76,5.0,1500.0,0.0,1500.0,packet_delivered,0.0,0.0,0.0,0.0,0.0,0.0,0.0,0.0,NA,0,1499.0
NFT-/XUTR/DEUTH026124A05FZX,63.24,0.0,0.0,2999.0,1328.0,329.078,6.324,0.0,0.0,prepaid,1.265,0.0,0.0,45.0,0.0,53.1,938.233,"",'132793165206330398301,2026-05-04,11092932990,7ded387a-13fb-4dd1-b8e1-887efa477781,"",Forward,100038204034,1000011587451,11504,1264.76,5.0,1500.0,0.0,1500.0,packet_delivered,0.0,0.0,0.0,0.0,0.0,0.0,0.0,0.0,NA,0,1499.0
NFT-/XUTR/DEUTH026124A05FZX,38.33,0.0,0.0,1799.0,805.0,208.978,3.833,0.0,0.0,prepaid,0.767,0.0,0.0,27.0,0.0,31.86,559.562,"",'132782326578651112903,2026-05-04,11090515971,eeb4efd8-f72d-4739-88cd-0513bdbff460,"",Forward,100035787022,1000010989271,11504,766.67,5.0,900.0,0.0,900.0,packet_delivered,0.0,0.0,0.0,0.0,0.0,0.0,0.0,0.0,NA,0,899.0
NFT-/XUTR/DEUTH026124A05FZX,70.38,0.0,0.0,3299.0,1478.0,366.248,7.038,0.0,0.0,prepaid,1.408,0.0,0.0,45.0,0.0,53.1,1050.206,"",'132815322955620399203,2026-05-04,11098073396,78998d66-1b96-4ebd-8342-204848a76bca,"",Forward,100043344432,100043344432,11504,1407.62,5.0,1650.0,0.0,1650.0,packet_delivered,0.0,0.0,0.0,0.0,0.0,0.0,0.0,0.0,NA,0,1649.0
NFT-/XUTR/DEUTH026124A05FZX,51.81,0.0,0.0,3299.0,1088.0,269.606,5.181,0.0,0.0,prepaid,1.036,0.0,0.0,45.0,0.0,53.1,759.077,"",'132838577409857307703,2026-05-04,11102776226,8a39dec6-0853-44ff-b7fc-f46348a4f9f3,"",Forward,100048047247,100048047247,11504,1036.19,5.0,2040.0,0.0,2040.0,packet_delivered,0.0,0.0,0.0,0.0,0.0,0.0,0.0,0.0,NA,0,1259.0
NFT-/XUTR/DEUTH026124A05FZX,18.48,0.0,0.0,1599.0,388.0,18.314,1.848,0.0,0.0,prepaid,0.37,182.0,0.0,0.0,0.0,214.76,-582.228,"",'132819584426276753801,2026-05-04,11098650180,fe2bd015-02bb-4d27-8c73-2a484399f7b4,100154302412,Reverse,100043921215,1000012655209,11504,369.52,5.0,1152.0,0.0,1152.0,return_refund,0.0,0.0,0.0,0.0,0.0,0.0,0.0,0.0,NA,0,447.0
NFT-/XUTR/DEUTH026124A05FZX,113.48,0.0,0.0,3699.0,2383.0,562.388,11.348,0.0,0.0,prepaid,2.27,0.0,0.0,61.0,0.0,71.98,1735.014,"",'132813295303022570801,2026-05-04,11097500400,1f4680a2-1da8-49c8-99f2-fe9d37339749,"",Forward,100042771437,1000012698703,11504,2269.52,5.0,1110.0,0.0,1110.0,packet_delivered,0.0,0.0,0.0,0.0,0.0,0.0,0.0,0.0,NA,0,2589.01
NFT-/XUTR/DEUTH026124A05FZX,42.62,0.0,0.0,2999.0,895.0,232.342,4.262,0.0,0.0,prepaid,0.852,0.0,0.0,27.0,0.0,31.86,625.684,"",'132821028588457518301,2026-05-04,11099025861,87b19a45-35a4-41f8-9f5d-f2ed53436f0f,"",Forward,100044296897,100044296897,11504,852.38,5.0,2010.0,0.0,2010.0,packet_delivered,0.0,0.0,0.0,0.0,0.0,0.0,0.0,0.0,NA,0,989.0
NFT-/XUTR/DEUTH026124A05FZX,486.15,0.0,0.0,6999.0,3187.0,752.132,13.504,0.0,0.0,prepaid,2.701,331.0,0.0,0.0,0.0,390.58,-2809.243,"",'132780286053671447901,2026-05-04,11090046172,e95a88f3-1668-4bdd-a026-88feee192978,100152677397,Reverse,100035317223,100035317223,11504,2700.85,18.0,3500.0,0.0,3500.0,return_refund,0.0,0.0,0.0,0.0,0.0,0.0,0.0,0.0,NA,0,3499.0
NFT-/XUTR/DEUTH026124A05FZX,70.38,0.0,0.0,3299.0,1478.0,366.248,7.038,0.0,0.0,prepaid,1.408,106.0,0.0,0.0,0.0,125.08,-1228.386,"",'132838937348625916703,2026-05-04,11102888537,9bc444f1-540c-46cc-a888-88224220b68a,100153716119,Reverse,100048159551,1000014223502,11504,1407.62,5.0,1650.0,0.0,1650.0,return_refund,0.0,0.0,0.0,0.0,0.0,0.0,0.0,0.0,NA,0,1649.0
NFT-/XUTR/DEUTH026124A05FZX,36.0,0.0,0.0,2299.0,756.0,35.683,3.6,0.0,0.0,prepaid,0.72,0.0,0.0,27.0,0.0,31.86,684.137,"",'132813381745422423201,2026-05-04,11097521699,99b8067b-92a1-4f20-ba76-95761ed28cdd,"",Forward,100042792735,1000012702596,11504,720,5.0,1449.0,0.0,1449.0,packet_delivered,0.0,0.0,0.0,0.0,0.0,0.0,0.0,0.0,NA,0,850.0
NFT-/XUTR/DEUTH026124A05FZX,33.57,0.0,0.0,1599.0,705.0,183.018,3.357,0.0,0.0,prepaid,0.671,182.0,0.0,0.0,0.0,214.76,-732.714,"",'132792647965536676601,2026-05-04,11092829469,63041d32-93c7-48f4-ac02-1966b73b4d8b,100153324992,Reverse,100038100514,100038100514,11504,671.43,5.0,800.0,0.0,800.0,return_refund,0.0,0.0,0.0,0.0,0.0,0.0,0.0,0.0,NA,0,799.0
NFT-/XUTR/DEUTH026124A05FZX,63.24,0.0,0.0,2999.0,1328.0,329.078,6.324,0.0,0.0,prepaid,1.265,0.0,0.0,45.0,0.0,53.1,938.233,"",'132760694647264214003,2026-05-04,11085510022,53427736-8b9e-414d-a79f-4ec24101ebc0,"",Forward,100030781078,100030781078,11504,1264.76,5.0,1500.0,0.0,1500.0,packet_delivered,0.0,0.0,0.0,0.0,0.0,0.0,0.0,0.0,NA,0,1499.0
NFT-/XUTR/DEUTH026124A05FZX,0.0,30.43,30.43,2899.0,1278.0,316.688,0.0,3.043,3.043,prepaid,1.217,0.0,0.0,45.0,0.0,53.1,900.909,"",'132805068451936764701,2026-05-04,11095748151,9f7efd54-f61f-493e-a9f4-419105cce534,"",Forward,100041019192,1000012135032,11504,1217.14,5.0,1450.0,0.0,1450.0,packet_delivered,0.0,0.0,0.0,0.0,0.0,0.0,0.0,0.0,NA,0,1449.0000000000002
NFT-/XUTR/DEUTH026124A05FZX,82.24,0.0,0.0,1899.0,1727.0,407.572,8.224,0.0,0.0,prepaid,1.645,0.0,0.0,45.0,0.0,53.1,1256.459,"",'132813945249848373503,2026-05-04,11097660733,769b7cff-87ec-4b55-bd37-27ac73075a1a,"",Forward,100042931769,100042931769,11504,1644.76,5.0,1.0,0.0,1.0,packet_delivered,0.0,0.0,0.0,0.0,0.0,0.0,0.0,0.0,NA,0,1897.99
NFT-/XUTR/DEUTH026124A05FZX,56.86,0.0,0.0,1950.0,1194.0,281.784,5.686,0.0,0.0,prepaid,1.137,0.0,0.0,45.0,0.0,53.1,852.293,"",'132788423230080563003,2026-05-04,11091954739,f3b3a25c-98ea-4c6a-8444-391209c8f506,"",Forward,100037225783,100037225783,11504,1137.14,5.0,585.0,0.0,585.0,packet_delivered,0.0,0.0,0.0,0.0,0.0,0.0,0.0,0.0,NA,0,1365.0
NFT-/XUTR/DEUTH026124A05FZX,20.14,0.0,0.0,1799.0,423.0,19.966,2.014,0.0,0.0,prepaid,0.403,0.0,0.0,19.0,0.0,22.42,378.197,"",'132789383349008967303,2026-05-04,11092315072,ec983cd3-6349-4996-b4b8-5851018921ac,"",Forward,100037586117,100037586117,11504,402.86,5.0,1317.0,0.0,1317.0,packet_delivered,0.0,0.0,0.0,0.0,0.0,0.0,0.0,0.0,NA,0,482.0
NFT-/XUTR/DEUTH026124A05FZX,42.43,0.0,0.0,3399.0,891.0,231.304,4.243,0.0,0.0,prepaid,0.849,0.0,0.0,27.0,0.0,31.86,622.744,"",'132809813103820966601,2026-05-04,11096675129,2564bf8b-67e1-4770-9a2f-9f9ae3c51226,"",Forward,100041946170,100041946170,11504,848.57,5.0,2414.0,0.0,2414.0,packet_delivered,0.0,0.0,0.0,0.0,0.0,0.0,0.0,0.0,NA,0,985.0
NFT-/XUTR/DEUTH026124A05FZX,70.38,0.0,0.0,3299.0,1478.0,366.248,7.038,0.0,0.0,prepaid,1.408,0.0,0.0,45.0,0.0,53.1,1050.206,"",'132823311152679367701,2026-05-04,11099661304,7022688c-28ed-4909-b72e-df678d4c16b8,"",Forward,100044932338,100044932338,11504,1407.62,5.0,1650.0,0.0,1650.0,packet_delivered,0.0,0.0,0.0,0.0,0.0,0.0,0.0,0.0,NA,0,1649.01
NFT-/XUTR/DEUTH026124A05FZX,43.24,0.0,0.0,2699.0,908.0,235.717,4.324,0.0,0.0,prepaid,0.865,182.0,0.0,0.0,0.0,214.76,-881.854,"",'132794393343679872001,2026-05-04,11093277119,bf07e267-2d6e-4096-a515-854f1049a3fa,100153136921,Reverse,100038548163,1000011590148,11504,864.76,5.0,1620.0,0.0,1620.0,return_refund,0.0,0.0,0.0,0.0,0.0,0.0,0.0,0.0,NA,0,1079.0
NFT-/XUTR/DEUTH026124A05FZX,44.19,0.0,0.0,2199.0,928.0,240.909,4.419,0.0,0.0,prepaid,0.884,182.0,0.0,0.0,0.0,214.76,-896.548,"",'132795368843038109003,2026-05-04,11093558218,afec9745-c3dd-4b74-b8ab-19a44606778b,11093558218,Reverse,100038829262,1000012152204,11504,883.81,5.0,1100.0,0.0,1100.0,exchange,0.0,0.0,0.0,0.0,0.0,0.0,0.0,0.0,NA,0,1099.0
NFT-/XUTR/DEUTH026124A05FZX,38.33,0.0,0.0,1799.0,805.0,208.978,3.833,0.0,0.0,prepaid,0.767,0.0,0.0,27.0,0.0,31.86,559.562,"",'132821618629855689203,2026-05-04,11099186187,5c78af6a-ce68-4386-813a-d8202c881035,"",Forward,100044457221,100044457221,11504,766.67,5.0,900.0,0.0,900.0,packet_delivered,0.0,0.0,0.0,0.0,0.0,0.0,0.0,0.0,NA,0,899.0
NFT-/XUTR/DEUTH026124A05FZX,0.0,33.21,33.21,3299.0,1395.0,345.681,0.0,3.3215,3.3215,prepaid,1.329,0.0,0.0,45.0,0.0,53.1,988.247,"",'132830104419989908301,2026-05-04,11100997900,601de102-96c8-4091-9452-9b28047407e3,"",Forward,100046268932,1000013760100,11504,1328.58,5.0,1733.0,0.0,1733.0,packet_delivered,0.0,0.0,0.0,0.0,0.0,0.0,0.0,0.0,NA,0,1566.0
NFT-/XUTR/DEUTH026124A05FZX,56.71,0.0,0.0,2899.0,1191.0,295.13,5.671,0.0,0.0,prepaid,1.134,0.0,0.0,45.0,0.0,53.1,835.965,"",'132784502395683834703,2026-05-04,11090693924,32db990f-4864-4140-8a50-53ab7e91c394,"",Forward,100035964973,100035964973,11504,1134.29,5.0,1537.0,0.0,1537.0,packet_delivered,0.0,0.0,0.0,0.0,0.0,0.0,0.0,0.0,NA,0,1362.0
NFT-/XUTR/DEUTH026124A05FZX,37.19,0.0,0.0,1750.0,781.0,147.453,3.719,0.0,0.0,prepaid,0.744,0.0,0.0,27.0,0.0,31.86,597.224,"",'132811577952899363901,2026-05-04,11097055709,44c21d8e-f032-46e1-a66e-db71a3f9ecd0,"",Forward,100042326749,100042326749,11504,743.81,5.0,875.0,0.0,875.0,packet_delivered,0.0,0.0,0.0,0.0,0.0,0.0,0.0,0.0,NA,0,875.01
NFT-/XUTR/DEUTH026124A05FZX,19.05,0.0,0.0,1499.0,400.0,18.88,1.905,0.0,0.0,prepaid,0.381,182.0,0.0,0.0,0.0,214.76,-593.594,"",'132794390737493773103,2026-05-04,11093276308,9c9b045d-7f66-4f3a-b137-23ddbc67fe57,100152864656,Reverse,100038547352,100038547352,11504,380.95,5.0,1005.0,0.0,1005.0,return_refund,0.0,0.0,0.0,0.0,0.0,0.0,0.0,0.0,NA,0,494.0
NFT-/XUTR/DEUTH026124A05FZX,60.86,0.0,0.0,2899.0,1278.0,316.688,6.086,0.0,0.0,prepaid,1.217,182.0,0.0,0.0,0.0,214.76,-1168.769,"",'132803787235334436903,2026-05-04,11095394896,ab25b4be-eda3-4384-bcfe-468937f4de70,100152642749,Reverse,100040665938,100040665938,11504,1217.14,5.0,1450.0,0.0,1450.0,return_refund,0.0,0.0,0.0,0.0,0.0,0.0,0.0,0.0,NA,0,1449.0
NFT-/XUTR/DEUTH026124A05FZX,33.57,0.0,0.0,1599.0,705.0,183.018,3.357,0.0,0.0,prepaid,0.671,167.0,0.0,0.0,0.0,197.06,-715.014,"",'132787425444530852901,2026-05-04,11091626640,be6de373-8e3f-47ab-97c0-de312c5bbaae,11091626640,Reverse,100036897685,100036897685,11504,671.43,5.0,800.0,0.0,800.0,exchange,0.0,0.0,0.0,0.0,0.0,0.0,0.0,0.0,NA,0,799.0
NFT-/XUTR/DEUTH026124A05FZX,0.0,35.19,35.19,3299.0,1478.0,366.248,0.0,3.519,3.519,prepaid,1.408,0.0,0.0,45.0,0.0,53.1,1050.206,"",'132823855242071469803,2026-05-04,11099870276,3faeea1e-8105-457f-952f-aa85d2f5590e,"",Forward,100045141309,100045141309,11504,1407.62,5.0,1650.0,0.0,1650.0,packet_delivered,0.0,0.0,0.0,0.0,0.0,0.0,0.0,0.0,NA,0,1649.0
NFT-/XUTR/DEUTH026124A05FZX,33.57,0.0,0.0,1599.0,705.0,183.018,3.357,0.0,0.0,prepaid,0.671,182.0,0.0,0.0,0.0,214.76,-732.714,"",'132805920969931616401,2026-05-04,11096014992,af8846d3-1014-4139-a12d-18dc82a8e614,100154190572,Reverse,100041286033,1000011817632,11504,671.43,5.0,800.0,0.0,800.0,return_refund,0.0,0.0,0.0,0.0,0.0,0.0,0.0,0.0,NA,0,799.01
NFT-/XUTR/DEUTH026124A05FZX,63.24,0.0,0.0,2999.0,1328.0,329.078,6.324,0.0,0.0,prepaid,1.265,0.0,0.0,45.0,0.0,53.1,938.233,"",'132793500952293652101,2026-05-04,11093023117,7c547b17-55f9-41e8-a52b-096a5387aa79,"",Forward,100038294161,1000011581176,11504,1264.76,5.0,1500.0,0.0,1500.0,packet_delivered,0.0,0.0,0.0,0.0,0.0,0.0,0.0,0.0,NA,0,1499.0
NFT-/XUTR/DEUTH026124A05FZX,33.57,0.0,0.0,1599.0,705.0,183.018,3.357,0.0,0.0,prepaid,0.671,0.0,0.0,27.0,0.0,31.86,486.094,"",'132802772385490804701,2026-05-04,11095088926,5075301f-c2cb-4bbf-86d3-2745f5ee5d40,"",Forward,100040359968,100040359968,11504,671.43,5.0,800.0,0.0,800.0,packet_delivered,0.0,0.0,0.0,0.0,0.0,0.0,0.0,0.0,NA,0,799.0
NFT-/XUTR/DEUTH026124A05FZX,40.33,0.0,0.0,2899.0,847.0,219.881,4.033,0.0,0.0,prepaid,0.807,0.0,0.0,27.0,0.0,31.86,590.419,"",'132830876170193428501,2026-05-04,11101188661,0927f437-9ef4-453d-999b-a84db1c2b1d0,"",Forward,100046459688,1000013767080,11504,806.67,5.0,1881.0,0.0,1881.0,packet_delivered,0.0,0.0,0.0,0.0,0.0,0.0,0.0,0.0,NA,0,1018.0
NFT-/XUTR/DEUTH026124A05FZX,114.0,0.0,0.0,2600.0,2394.0,564.984,11.4,0.0,0.0,prepaid,2.28,0.0,0.0,61.0,0.0,71.98,1743.356,"",'132788662921772845401,2026-05-04,11092033189,4fb341c3-5789-43d3-9e79-790d4bf0b1df,"",Forward,100037304234,100037304234,11504,2280,5.0,0.0,0.0,0.0,packet_delivered,0.0,0.0,0.0,0.0,0.0,0.0,0.0,0.0,NA,0,2600.0
NFT-/XUTR/DEUTH026124A05FZX,23.0,0.0,0.0,1650.0,483.0,22.798,2.3,0.0,0.0,prepaid,0.46,182.0,0.0,0.0,0.0,214.76,-672.202,"",'132794442810394455203,2026-05-04,11093291744,57e90e3e-ad76-47b8-b5b1-409ad79d355e,100156112766,Reverse,100038562788,1000011034995,11504,460,5.0,1073.0,0.0,1073.0,return_refund,0.0,0.0,0.0,0.0,0.0,0.0,0.0,0.0,NA,0,577.0
NFT-/XUTR/DEUTH026124A05FZX,63.24,0.0,0.0,2999.0,1328.0,329.078,6.324,0.0,0.0,prepaid,1.265,0.0,0.0,45.0,0.0,53.1,938.233,"",'132806429754841842003,2026-05-04,11096192082,aac7aaad-052d-4fdc-8ac2-232015c9662e,"",Forward,100041463123,100041463123,11504,1264.76,5.0,1500.0,0.0,1500.0,packet_delivered,0.0,0.0,0.0,0.0,0.0,0.0,0.0,0.0,NA,0,1499.0
NFT-/XUTR/DEUTH026124A05FZX,113.48,0.0,0.0,3699.0,2383.0,562.388,11.348,0.0,0.0,prepaid,2.27,106.0,0.0,0.0,0.0,125.08,-1932.074,"",'132813295303022570801,2026-05-04,11097500400,1f4680a2-1da8-49c8-99f2-fe9d37339749,11097500400,Reverse,100042771437,1000012698703,11504,2269.52,5.0,1110.0,0.0,1110.0,exchange,0.0,0.0,0.0,0.0,0.0,0.0,0.0,0.0,NA,0,2589.01
NFT-/XUTR/DEUTH026124A05FZX,0.0,16.98,16.98,1699.0,713.0,185.095,0.0,1.6975,1.6975,prepaid,0.679,106.0,0.0,0.0,0.0,125.08,-648.911,"",'132836734013829636301,2026-05-04,11102231955,4afeed7b-e048-4bd7-9a2b-0936cbabb3f3,100153109391,Reverse,100047502982,1000013704909,11504,679.04,5.0,892.0,0.0,892.0,return_refund,0.0,0.0,0.0,0.0,0.0,0.0,0.0,0.0,NA,0,807.0
NFT-/XUTR/DEUTH026124A05FZX,63.24,0.0,0.0,2999.0,1328.0,329.078,6.324,0.0,0.0,prepaid,1.265,0.0,0.0,45.0,0.0,53.1,938.233,"",'132797056513321794601,2026-05-04,11094022060,779a6b49-d80f-4635-8944-3b38bd171819,"",Forward,100039293102,100039293102,11504,1264.76,5.0,1500.0,0.0,1500.0,packet_delivered,0.0,0.0,0.0,0.0,0.0,0.0,0.0,0.0,NA,0,1499.0
NFT-/XUTR/DEUTH026124A05FZX,27.19,0.0,0.0,1799.0,571.0,148.232,2.719,0.0,0.0,prepaid,0.544,182.0,0.0,0.0,0.0,214.76,-634.265,"",'132794400379520349101,2026-05-04,11093279213,25345053-77ba-4d69-b5f8-eff252b235b4,100152820535,Reverse,100038550257,1000011012642,11504,543.81,5.0,1134.0,0.0,1134.0,return_refund,0.0,0.0,0.0,0.0,0.0,0.0,0.0,0.0,NA,0,665.0
NFT-/XUTR/DEUTH026124A05FZX,39.86,0.0,0.0,3450.0,837.0,217.285,3.986,0.0,0.0,prepaid,0.797,182.0,0.0,0.0,0.0,214.76,-829.692,"",'132814866632736148003,2026-05-04,11097907531,8e059bd3-e90d-4ab9-ba66-74d04df2c7ae,100153623522,Reverse,100043178567,100043178567,11504,797.14,5.0,2519.0,0.0,2519.0,return_refund,0.0,0.0,0.0,0.0,0.0,0.0,0.0,0.0,NA,0,931.0
NFT-/XUTR/DEUTH026124A05FZX,28.1,0.0,0.0,1850.0,590.0,153.164,2.81,0.0,0.0,prepaid,0.562,0.0,0.0,27.0,0.0,31.86,401.604,"",'132819147237432044803,2026-05-04,11098550309,9391ad9c-a53f-4018-9b39-23d2eff1b3c3,"",Forward,100043821344,100043821344,11504,561.9,5.0,1166.0,0.0,1166.0,packet_delivered,0.0,0.0,0.0,0.0,0.0,0.0,0.0,0.0,NA,0,684.0
NFT-/XUTR/DEUTH026124A05FZX,28.1,0.0,0.0,1850.0,590.0,153.164,2.81,0.0,0.0,prepaid,0.562,182.0,0.0,0.0,0.0,214.76,-648.224,"",'132819147237432044803,2026-05-04,11098550309,9391ad9c-a53f-4018-9b39-23d2eff1b3c3,100153920030,Reverse,100043821344,100043821344,11504,561.9,5.0,1166.0,0.0,1166.0,return_refund,0.0,0.0,0.0,0.0,0.0,0.0,0.0,0.0,NA,0,684.0
NFT-/XUTR/DEUTH026124A05FZX,103.48,0.0,0.0,3399.0,2173.0,487.187,10.348,0.0,0.0,prepaid,2.07,0.0,0.0,61.0,0.0,71.98,1601.415,"",'132778123762427264203,2026-05-04,11089415785,bfe01e5b-a204-4efd-84e0-c5ba404bfa52,"",Forward,100034686837,100034686837,11504,2069.52,5.0,1020.0,0.0,1020.0,packet_delivered,0.0,0.0,0.0,0.0,0.0,0.0,0.0,0.0,NA,0,2379.0
NFT-/XUTR/DEUTH026124A05FZX,24.05,0.0,0.0,1499.0,505.0,131.098,2.405,0.0,0.0,prepaid,0.481,0.0,0.0,27.0,0.0,31.86,339.156,"",'132781475840761352503,2026-05-04,11090426272,c68d0e98-dbfa-4867-8301-a6b346f30e84,"",Forward,100035697323,1000010983851,11504,480.95,5.0,900.0,0.0,900.0,packet_delivered,0.0,0.0,0.0,0.0,0.0,0.0,0.0,0.0,NA,0,599.0
NFT-/XUTR/DEUTH026124A05FZX,19.1,0.0,0.0,1599.0,401.0,18.927,1.91,0.0,0.0,prepaid,0.382,0.0,0.0,15.0,0.0,17.7,362.081,"",'132819584426276753801,2026-05-04,11098650166,fe2bd015-02bb-4d27-8c73-2a484399f7b4,"",Forward,100043921201,1000012655209,11504,381.9,5.0,1104.0,0.0,1104.0,packet_delivered,0.0,0.0,0.0,0.0,0.0,0.0,0.0,0.0,NA,0,495.0
NFT-/XUTR/DEUTH026124A05FZX,19.91,0.0,0.0,2599.0,418.0,19.73,1.99,0.0,0.0,prepaid,0.398,127.0,0.0,0.0,0.0,149.86,-545.742,"",'132798243076986633003,2026-05-04,11094418452,aa2effa2-492f-42ba-9b60-5aba1084267f,100153411471,Reverse,100039689494,100039689494,11504,398.1,5.0,2113.0,0.0,2113.0,return_refund,0.0,0.0,0.0,0.0,0.0,0.0,0.0,0.0,NA,0,486.01000000000005
NFT-/XUTR/DEUTH026124A05FZX,90.14,0.0,0.0,2999.0,1893.0000000000002,469.085,9.014,0.0,0.0,prepaid,1.803,182.0,0.0,0.0,0.0,214.76,-1627.858,"",'132802149479961954401,2026-05-04,11094902387,d9564cb2-16f0-4ecb-b2cc-ae94ec055990,100153463805,Reverse,100040173429,100040173429,11504,1802.86,5.0,900.0,0.0,900.0,return_refund,0.0,0.0,0.0,0.0,0.0,0.0,0.0,0.0,NA,0,2099.0
NFT-/XUTR/DEUTH026124A05FZX,51.86,0.0,0.0,1799.0,1089.0,257.004,5.186,0.0,0.0,prepaid,1.037,167.0,0.0,0.0,0.0,197.06,-1022.833,"",'132784596668531497501,2026-05-04,11090714952,c7c11e58-a8bd-4cd6-a544-ffef32c181bd,100152723351,Reverse,100035986001,1000010265087,11504,1037.14,5.0,539.0,0.0,539.0,return_refund,0.0,0.0,0.0,0.0,0.0,0.0,0.0,0.0,NA,0,1260.0
NFT-/XUTR/DEUTH026124A05FZX,42.62,0.0,0.0,2999.0,894.9999999999999,232.342,4.262,0.0,0.0,prepaid,0.852,127.0,0.0,0.0,0.0,149.86,-807.404,"",'132813652965812769303,2026-05-04,11097587811,f552061d-a456-469d-b80d-d5530cea91a8,100152721334,Reverse,100042858847,1000012701237,11504,852.38,5.0,2010.0,0.0,2010.0,return_refund,0.0,0.0,0.0,0.0,0.0,0.0,0.0,0.0,NA,0,989.0
NFT-/XUTR/DEUTH026124A05FZX,30.71,0.0,0.0,1999.0,645.0,30.443999999999996,3.071,0.0,0.0,prepaid,0.614,182.0,0.0,0.0,0.0,214.76,-825.631,"",'132800856227896165203,2026-05-04,11094679996,b8085c0e-0172-4282-acbd-49e8842890a1,100152671294,Reverse,100039951038,1000011606267,11504,614.29,5.0,1260.0,0.0,1260.0,return_refund,0.0,0.0,0.0,0.0,0.0,0.0,0.0,0.0,NA,0,739.0
NFT-/XUTR/DEUTH026124A05FZX,72.76,0.0,0.0,1699.0,1528.0,360.608,7.276,0.0,0.0,prepaid,1.455,0.0,0.0,45.0,0.0,53.1,1105.561,"",'132797728940998712703,2026-05-04,11094231177,8a146080-52a8-4243-888d-d6ccaa8f288d,"",Forward,100039502219,100039502219,11504,1455.24,5.0,0.0,0.0,0.0,packet_delivered,0.0,0.0,0.0,0.0,0.0,0.0,0.0,0.0,NA,0,1699.0
NFT-/XUTR/DEUTH026124A05FZX,31.19,0.0,0.0,1499.0,655.0,170.038,3.119,0.0,0.0,prepaid,0.624,127.0,0.0,0.0,0.0,149.86,-631.079,"",'132819229003005765401,2026-05-04,11098567574,986f020e-f447-4332-9639-12c3bd4dee97,100152758446,Reverse,100043838609,100043838609,11504,623.81,5.0,750.0,0.0,750.0,return_refund,0.0,0.0,0.0,0.0,0.0,0.0,0.0,0.0,NA,0,749.0
NFT-/XUTR/DEUTH026124A05FZX,40.29,0.0,0.0,2750.0,846.0,219.622,4.029,0.0,0.0,prepaid,0.806,0.0,0.0,27.0,0.0,31.86,589.683,"",'132796804719056283303,2026-05-04,11093952804,db62a205-eec6-4f29-b950-b8ea1bc38f66,"",Forward,100039223846,100039223846,11504,805.71,5.0,1733.0,0.0,1733.0,packet_delivered,0.0,0.0,0.0,0.0,0.0,0.0,0.0,0.0,NA,0,1017.0
NFT-/XUTR/DEUTH026124A05FZX,60.86,0.0,0.0,2899.0,1278.0,316.688,6.086,0.0,0.0,prepaid,1.217,0.0,0.0,45.0,0.0,53.1,900.909,"",'132803232480256199301,2026-05-04,11095233854,24223c43-79dd-46b3-8f63-b674d572ed58,"",Forward,100040504896,100040504896,11504,1217.14,5.0,1450.0,0.0,1450.0,packet_delivered,0.0,0.0,0.0,0.0,0.0,0.0,0.0,0.0,NA,0,1449.0
NFT-/XUTR/DEUTH026124A05FZX,487.07,0.0,0.0,3399.0,3193.0,753.548,13.53,0.0,0.0,prepaid,2.706,0.0,0.0,61.0,0.0,71.98,2351.236,"",'132810494581773716803,2026-05-04,11096788455,bc820900-35fe-47ca-89c7-2776096c28c8,"",Forward,100042059496,100042059496,11504,2705.93,18.0,0.0,0.0,0.0,packet_delivered,0.0,0.0,0.0,0.0,0.0,0.0,0.0,0.0,NA,0,3399.0
NFT-/XUTR/DEUTH026124A05FZX,0.0,10.14,10.14,1699.0,426.0,20.107,0.0,1.0145,1.0145,prepaid,0.406,0.0,0.0,15.0,0.0,17.7,385.758,"",'132845291620642014601,2026-05-04,11104037207,e33384ac-b7d7-4f20-a289-fda848fc2150,"",Forward,100049308211,100049308211,11504,405.72,5.0,1179.0,0.0,1179.0,packet_delivered,0.0,0.0,0.0,0.0,0.0,0.0,0.0,0.0,NA,0,520.0
NFT-/XUTR/DEUTH026124A05FZX,24.57,0.0,0.0,1650.0,516.0,133.954,2.457,0.0,0.0,prepaid,0.491,167.0,0.0,0.0,0.0,197.06,-576.158,"",'132778363646196331803,2026-05-04,11089483755,7973df82-6ec0-4a2e-bc0a-a6152daa0dfc,11089483755,Reverse,100034754807,1000009916677,11504,491.43,5.0,1040.0,0.0,1040.0,exchange,0.0,0.0,0.0,0.0,0.0,0.0,0.0,0.0,NA,0,610.0
NFT-/XUTR/DEUTH026124A05FZX,20.05,0.0,0.0,1599.0,285.33,13.468,1.359,0.0,0.0,prepaid,0.272,0.0,0.0,10.166,0.0,11.99588,258.235,"",'132744943006680389703,2026-05-04,11081995158,5ec81a8f-f08a-416c-a070-561f7350d9cf,"",Forward,100027266225,100027266225,11504,400.95,5.0,1084.0,0.0,1084.0,packet_delivered,0.0,0.0,0.0,0.0,0.0,0.0,0.0,0.0,NA,0,515.0
NFT-/XUTR/DEUTH026124A05FZX,27.19,0.0,0.0,1799.0,571.0,148.232,2.719,0.0,0.0,prepaid,0.544,0.0,0.0,27.0,0.0,31.86,387.645,"",'132788897264756136803,2026-05-04,11092116172,20735e91-571b-4027-af12-bc4a33d5aae3,"",Forward,100037387217,100037387217,11504,543.81,5.0,1134.0,0.0,1134.0,packet_delivered,0.0,0.0,0.0,0.0,0.0,0.0,0.0,0.0,NA,0,665.0
NFT-/XUTR/DEUTH026124A05FZX,56.71,0.0,0.0,2899.0,1191.0,295.13,5.671,0.0,0.0,prepaid,1.134,0.0,0.0,45.0,0.0,53.1,835.965,"",'132813401921997779201,2026-05-04,11097526470,73886352-fe35-4ac6-a2d4-03ad04aef09f,"",Forward,100042797506,1000012702263,11504,1134.29,5.0,1537.0,0.0,1537.0,packet_delivered,0.0,0.0,0.0,0.0,0.0,0.0,0.0,0.0,NA,0,1362.0
NFT-/XUTR/DEUTH026124A05FZX,72.67,0.0,0.0,2425.0,1526.0,378.143,7.267,0.0,0.0,prepaid,1.453,0.0,0.0,45.0,0.0,53.1,1086.037,"",'132817384533109694201,2026-05-04,11098370109,da7a08c1-3ef9-43a3-9278-4004062c7bc4,"",Forward,100043641145,100043641145,11504,1453.33,5.0,728.0,0.0,728.0,packet_delivered,0.0,0.0,0.0,0.0,0.0,0.0,0.0,0.0,NA,0,1697.01
NFT-/XUTR/DEUTH026124A05FZX,50.19,0.0,0.0,1750.0,1054.0,248.744,5.019,0.0,0.0,prepaid,1.004,127.0,0.0,0.0,0.0,149.86,-949.093,"",'132811484155791602303,2026-05-04,11097029722,fb96475a-bb38-461d-bc9e-c3b777e533be,100154910088,Reverse,100042300762,1000012166091,11504,1003.81,5.0,525.0,0.0,525.0,return_refund,0.0,0.0,0.0,0.0,0.0,0.0,0.0,0.0,NA,0,1225.0
NFT-/XUTR/DEUTH026124A05FZX,36.19,0.0,0.0,1899.0,760.0,197.296,3.619,0.0,0.0,prepaid,0.724,0.0,0.0,27.0,0.0,31.86,526.501,"",'132795588190426991603,2026-05-04,11093620960,22d2abb7-9b4b-4444-87a7-bf20ed4a2641,"",Forward,100038892004,1000012126912,11504,723.81,5.0,1045.0,0.0,1045.0,packet_delivered,0.0,0.0,0.0,0.0,0.0,0.0,0.0,0.0,NA,0,854.0
NFT-/XUTR/DEUTH026124A05FZX,29.0,0.0,0.0,1850.0,609.0,158.096,2.9,0.0,0.0,prepaid,0.58,0.0,0.0,27.0,0.0,31.86,415.564,"",'132803419630334603901,2026-05-04,11095290248,83cb8dd0-f4be-4c50-a666-d431439a5ad1,"",Forward,100040561291,100040561291,11504,580,5.0,1147.0,0.0,1147.0,packet_delivered,0.0,0.0,0.0,0.0,0.0,0.0,0.0,0.0,NA,0,703.0
NFT-/XUTR/DEUTH026124A05FZX,63.24,0.0,0.0,2999.0,1328.0,329.078,6.324,0.0,0.0,prepaid,1.265,182.0,0.0,0.0,0.0,214.76,-1206.093,"",'132798173783115455203,2026-05-04,11094392384,5e344810-caec-4cb4-acb0-a4f3673df028,100155792632,Reverse,100039663426,100039663426,11504,1264.76,5.0,1500.0,0.0,1500.0,return_refund,0.0,0.0,0.0,0.0,0.0,0.0,0.0,0.0,NA,0,1499.0
NFT-/XUTR/DEUTH026124A05FZX,56.71,0.0,0.0,2899.0,1191.0,295.13,5.671,0.0,0.0,prepaid,1.134,0.0,0.0,45.0,0.0,53.1,835.965,"",'132786796180368533301,2026-05-04,11091425535,57f92f38-ba20-4a12-96bf-e4823a1f3d9e,"",Forward,100036696580,100036696580,11504,1134.29,5.0,1537.0,0.0,1537.0,packet_delivered,0.0,0.0,0.0,0.0,0.0,0.0,0.0,0.0,NA,0,1362.0
NFT-/XUTR/DEUTH026124A05FZX,18.95,0.0,0.0,1699.0,398.0,18.786,1.895,0.0,0.0,prepaid,0.379,0.0,0.0,0.0,0.0,0.0,376.94,"",'132810373143599670003,2026-05-04,11096763670,f9e914e5-4437-4c52-af00-a63aa6e702d5,"",Forward,100042034711,1000012050998,11504,379.05,5.0,1207.0,0.0,1207.0,packet_delivered,0.0,0.0,0.0,0.0,0.0,0.0,0.0,0.0,NA,0,492.0
NFT-/XUTR/DEUTH026124A05FZX,90.14,0.0,0.0,2999.0,1893.0000000000002,469.085,9.014,0.0,0.0,prepaid,1.803,182.0,0.0,0.0,0.0,214.76,-1627.858,"",'132798687621301378903,2026-05-04,11094551590,fe1df93b-677e-4949-b34b-3fc7838a6c56,100152544326,Reverse,100039822632,1000011600909,11504,1802.86,5.0,900.0,0.0,900.0,return_refund,0.0,0.0,0.0,0.0,0.0,0.0,0.0,0.0,NA,0,2099.0
NFT-/XUTR/DEUTH026124A05FZX,58.95,0.0,0.0,2999.0,1238.0,306.776,5.895,0.0,0.0,prepaid,1.179,182.0,0.0,0.0,0.0,214.76,-1138.91,"",'132805749927307623603,2026-05-04,11095958502,8260c193-bd29-4d11-a899-be82ecf8354f,100154549862,Reverse,100041229543,1000012141959,11504,1179.05,5.0,1590.0,0.0,1590.0,return_refund,0.0,0.0,0.0,0.0,0.0,0.0,0.0,0.0,NA,0,1409.0
NFT-/XUTR/DEUTH026124A05FZX,24.57,0.0,0.0,1650.0,325.29,84.445,1.549,0.0,0.0,prepaid,0.31,80.062,0.0,0.0,0.0,94.47316,-333.459,"",'132821615858469716303,2026-05-04,11099185493,c678e887-2b8c-498c-bf80-abbc0b45c123,100153104114,Reverse,100044456527,100044456527,11504,491.43,5.0,1040.0,0.0,1040.0,return_refund,0.0,0.0,0.0,0.0,0.0,0.0,0.0,0.0,NA,0,610.0
NFT-/XUTR/DEUTH026124A05FZX,31.91,0.0,0.0,1699.0,670.0,173.932,3.19,0.0,0.0,prepaid,0.638,0.0,0.0,27.0,0.0,31.86,460.38,"",'132794442810394455203,2026-05-04,11093291743,57e90e3e-ad76-47b8-b5b1-409ad79d355e,"",Forward,100038562787,1000011034995,11504,638.1,5.0,935.0,0.0,935.0,packet_delivered,0.0,0.0,0.0,0.0,0.0,0.0,0.0,0.0,NA,0,764.01
NFT-/XUTR/DEUTH026124A05FZX,106.81,0.0,0.0,3499.0,591.5730000000001,139.611,2.817,0.0,0.0,prepaid,0.563,48.001,0.0,0.0,0.0,56.64118,-505.223,"",'132792399125936873601,2026-05-04,11092796458,06ab2c4b-7039-4171-bbc8-8ec97235d5b3,100155525489,Reverse,100038067503,100038067503,11504,2136.19,5.0,1050.0,0.0,1050.0,return_refund,0.0,0.0,0.0,0.0,0.0,0.0,0.0,0.0,NA,0,2449.01
NFT-/XUTR/DEUTH026124A05FZX,49.24,0.0,0.0,1799.0,1034.0,244.024,4.924,0.0,0.0,prepaid,0.985,167.0,0.0,0.0,0.0,197.06,-981.127,"",'132789556315771611301,2026-05-04,11092392805,c4aeae63-2e1e-4c1a-8930-a49953ecb1e5,100153270375,Reverse,100037663850,100037663850,11504,984.76,5.0,594.0,0.0,594.0,return_refund,0.0,0.0,0.0,0.0,0.0,0.0,0.0,0.0,NA,0,1205.0
NFT-/XUTR/DEUTH026124A05FZX,81.33,0.0,0.0,3999.0,1708.0,423.242,8.133,0.0,0.0,prepaid,1.627,0.0,0.0,45.0,0.0,53.1,1221.898,"",'132811594343461605603,2026-05-04,11097060274,6198aa94-9490-4a3d-8ff3-618cb9bb0f29,"",Forward,100042331314,100042331314,11504,1626.67,5.0,2120.0,0.0,2120.0,packet_delivered,0.0,0.0,0.0,0.0,0.0,0.0,0.0,0.0,NA,0,1879.01
NFT-/XUTR/DEUTH026124A05FZX,103.48,0.0,0.0,3399.0,2173.0,512.828,10.348,0.0,0.0,prepaid,2.07,182.0,0.0,0.0,0.0,214.76,-1862.514,"",'132795892466922425301,2026-05-04,11093706012,f94dcbdd-984f-400d-ac6c-5912a82a7305,100154804540,Reverse,100038977056,1000012124803,11504,2069.52,5.0,1020.0,0.0,1020.0,return_refund,0.0,0.0,0.0,0.0,0.0,0.0,0.0,0.0,NA,0,2379.0
NFT-/XUTR/DEUTH026124A05FZX,31.19,0.0,0.0,1499.0,655.0,170.038,3.119,0.0,0.0,prepaid,0.624,106.0,0.0,0.0,0.0,125.08,-606.299,"",'132805849775680910201,2026-05-04,11095991849,e54cd6a9-a878-4d94-95bc-ee8b66bdb98b,100152160262,Reverse,100041262890,100041262890,11504,623.81,5.0,750.0,0.0,750.0,return_refund,0.0,0.0,0.0,0.0,0.0,0.0,0.0,0.0,NA,0,749.0
NFT-/XUTR/DEUTH026124A05FZX,51.33,0.0,0.0,2499.0,1078.0,267.128,5.133,0.0,0.0,prepaid,1.027,182.0,0.0,0.0,0.0,214.76,-1019.472,"",'132811662716341427901,2026-05-04,11097080155,3bba8668-97d2-4cb3-940b-ab4c05c20ba3,11097080155,Reverse,100042351195,100042351195,11504,1026.67,5.0,1250.0,0.0,1250.0,exchange,0.0,0.0,0.0,0.0,0.0,0.0,0.0,0.0,NA,0,1249.0
NFT-/XUTR/DEUTH026124A05FZX,90.14,0.0,0.0,2999.0,1893.0000000000002,469.085,9.014,0.0,0.0,prepaid,1.803,182.0,0.0,0.0,0.0,214.76,-1627.858,"",'132823309505477661201,2026-05-04,11099660772,1eaaa218-783b-4d7c-aa6d-53ad0f609e0d,100153730177,Reverse,100044931806,100044931806,11504,1802.86,5.0,900.0,0.0,900.0,return_refund,0.0,0.0,0.0,0.0,0.0,0.0,0.0,0.0,NA,0,2099.0
NFT-/XUTR/DEUTH026124A05FZX,19.67,0.0,0.0,1750.0,413.0,19.494,1.967,0.0,0.0,prepaid,0.393,0.0,0.0,15.0,0.0,17.7,373.446,"",'132806198703441339403,2026-05-04,11096107709,ce0f6d7b-f96d-418f-a5c1-b78f587c38f3,"",Forward,100041378750,100041378750,11504,393.33,5.0,1243.0,0.0,1243.0,packet_delivered,0.0,0.0,0.0,0.0,0.0,0.0,0.0,0.0,NA,0,507.0
NFT-/XUTR/DEUTH026124A05FZX,53.48,0.0,0.0,3499.0,1123.0,278.279,5.348,0.0,0.0,prepaid,1.07,0.0,0.0,45.0,0.0,53.1,785.203,"",'132805295545998978601,2026-05-04,11095813828,b7b09091-5772-43ae-b48b-46f5840caaa0,"",Forward,100041084869,100041084869,11504,1069.52,5.0,2205.0,0.0,2205.0,packet_delivered,0.0,0.0,0.0,0.0,0.0,0.0,0.0,0.0,NA,0,1294.0
NFT-/XUTR/DEUTH026124A05FZX,35.95,0.0,0.0,1699.0,755.0,195.998,3.595,0.0,0.0,prepaid,0.719,0.0,0.0,27.0,0.0,31.86,522.828,"",'132813401921997779201,2026-05-04,11097526471,73886352-fe35-4ac6-a2d4-03ad04aef09f,"",Forward,100042797507,1000012702263,11504,719.05,5.0,850.0,0.0,850.0,packet_delivered,0.0,0.0,0.0,0.0,0.0,0.0,0.0,0.0,NA,0,849.0
NFT-/XUTR/DEUTH026124A05FZX,60.86,0.0,0.0,2899.0,1278.0,316.688,6.086,0.0,0.0,prepaid,1.217,0.0,0.0,45.0,0.0,53.1,900.909,"",'132816393060010654003,2026-05-04,11098328497,c738492a-9d29-4306-be71-541c4e81d7aa,"",Forward,100043599533,100043599533,11504,1217.14,5.0,1450.0,0.0,1450.0,packet_delivered,0.0,0.0,0.0,0.0,0.0,0.0,0.0,0.0,NA,0,1449.0
NFT-/XUTR/DEUTH026124A05FZX,34.33,0.0,0.0,3399.0,721.0,34.031,3.433,0.0,0.0,prepaid,0.687,167.0,0.0,0.0,0.0,197.06,-879.909,"",'132789240620530332703,2026-05-04,11092253399,c4051fc9-2038-4ba3-9da8-a2413ba2d2c9,100152955779,Reverse,100037524444,100037524444,11504,686.67,5.0,2584.0,0.0,2584.0,return_refund,0.0,0.0,0.0,0.0,0.0,0.0,0.0,0.0,NA,0,815.0
NFT-/XUTR/DEUTH026124A05FZX,82.24,0.0,0.0,1899.0,1727.0,407.572,8.224,0.0,0.0,prepaid,1.645,182.0,0.0,0.0,0.0,214.76,-1524.319,"",'132813945249848373503,2026-05-04,11097660733,769b7cff-87ec-4b55-bd37-27ac73075a1a,100154679463,Reverse,100042931769,100042931769,11504,1644.76,5.0,1.0,0.0,1.0,return_refund,0.0,0.0,0.0,0.0,0.0,0.0,0.0,0.0,NA,0,1897.99
NFT-/XUTR/DEUTH026124A05FZX,81.33,0.0,0.0,3999.0,1708.0,423.242,8.133,0.0,0.0,prepaid,1.627,0.0,0.0,45.0,0.0,53.1,1221.898,"",'132777735919755281203,2026-05-04,11089297160,caf32249-8f7a-4e12-8134-334900dbcb80,"",Forward,100034568212,100034568212,11504,1626.67,5.0,2120.0,0.0,2120.0,packet_delivered,0.0,0.0,0.0,0.0,0.0,0.0,0.0,0.0,NA,0,1879.0
NFT-/XUTR/DEUTH026124A05FZX,0.0,21.55,21.55,1999.0,905.0,234.938,0.0,2.155,2.155,prepaid,0.862,0.0,0.0,27.0,0.0,31.86,633.03,"",'132810803590976538901,2026-05-04,11096856119,fd42e76c-6802-4781-a0bd-da5c56d7e7a0,"",Forward,100042127160,100042127160,11504,861.9,5.0,1000.0,0.0,1000.0,packet_delivered,0.0,0.0,0.0,0.0,0.0,0.0,0.0,0.0,NA,0,998.9999999999999
NFT-/XUTR/DEUTH026124A05FZX,34.67,0.0,0.0,1750.0,652.561,169.405,3.107,0.0,0.0,prepaid,0.621,0.0,0.0,24.202,0.0,28.55836,450.87,"",'132793740801612219903,2026-05-04,11093088996,f5351bd4-a746-4dc5-bfe3-1eae00077388,"",Forward,100038360040,100038360040,11504,693.33,5.0,928.0,0.0,928.0,packet_delivered,0.0,0.0,0.0,0.0,0.0,0.0,0.0,0.0,NA,0,821.99
NFT-/XUTR/DEUTH026124A05FZX,487.07,0.0,0.0,3399.0,3193.0,753.548,13.53,0.0,0.0,prepaid,2.706,0.0,0.0,61.0,0.0,71.98,2351.236,"",'132823776462192284201,2026-05-04,11099834971,d4b68c26-43bc-44e9-b615-9e49e10a33dc,"",Forward,100045106004,100045106004,11504,2705.93,18.0,0.0,0.0,0.0,packet_delivered,0.0,0.0,0.0,0.0,0.0,0.0,0.0,0.0,NA,0,3399.0
NFT-/XUTR/DEUTH026124A05FZX,35.1,0.0,0.0,2699.0,737.0,34.786,3.51,0.0,0.0,prepaid,0.702,0.0,0.0,27.0,0.0,31.86,666.142,"",'132836713913509132601,2026-05-04,11102227025,c9a84ecb-0682-48b0-a2d1-1f9700afec75,"",Forward,100047498052,100047498052,11504,701.9,5.0,1868.0,0.0,1868.0,packet_delivered,0.0,0.0,0.0,0.0,0.0,0.0,0.0,0.0,NA,0,831.0
NFT-/XUTR/DEUTH026124A05FZX,55.19,0.0,0.0,1899.0,1159.0,273.524,5.519,0.0,0.0,prepaid,1.104,0.0,0.0,45.0,0.0,53.1,825.753,"",'132839158071108936101,2026-05-04,11102948893,f4139b9e-ba25-4610-8019-b4c600377f70,"",Forward,100048219904,1000013909376,11504,1103.81,5.0,569.0,0.0,569.0,packet_delivered,0.0,0.0,0.0,0.0,0.0,0.0,0.0,0.0,NA,0,1330.0
NFT-/XUTR/DEUTH026124A05FZX,51.1,0.0,0.0,1750.0,1073.0,253.228,5.11,0.0,0.0,prepaid,1.022,0.0,0.0,45.0,0.0,53.1,760.54,"",'132839158071108936101,2026-05-04,11102948892,f4139b9e-ba25-4610-8019-b4c600377f70,"",Forward,100048219903,1000013909376,11504,1021.9,5.0,506.0,0.0,506.0,packet_delivered,0.0,0.0,0.0,0.0,0.0,0.0,0.0,0.0,NA,0,1244.0
NFT-/XUTR/DEUTH026124A05FZX,29.76,0.0,0.0,1599.0,625.0,162.25,2.976,0.0,0.0,prepaid,0.595,182.0,0.0,0.0,0.0,214.76,-673.939,"",'132792199778490377101,2026-05-04,11092777890,28705c51-6186-482e-a41f-c4f99fa0f86e,100152848333,Reverse,100038048935,100038048935,11504,595.24,5.0,880.0,0.0,880.0,return_refund,0.0,0.0,0.0,0.0,0.0,0.0,0.0,0.0,NA,0,719.0
NFT-/XUTR/DEUTH026124A05FZX,72.76,0.0,0.0,3399.0,359.26000000000005,89.025,1.711,0.0,0.0,prepaid,0.342,24.923,0.0,0.0,0.0,29.40914,-297.591,"",'132830141018997216803,2026-05-04,11101007358,f0773922-5ef0-484c-a535-dc0880bcad75,100153236517,Reverse,100046278390,1000013761361,11504,1455.24,5.0,1700.0,0.0,1700.0,return_refund,0.0,0.0,0.0,0.0,0.0,0.0,0.0,0.0,NA,0,1699.0
NFT-/XUTR/DEUTH026124A05FZX,27.19,0.0,0.0,1799.0,571.0,148.232,2.719,0.0,0.0,prepaid,0.544,0.0,0.0,27.0,0.0,31.86,387.645,"",'132794400379520349101,2026-05-04,11093279213,25345053-77ba-4d69-b5f8-eff252b235b4,"",Forward,100038550257,1000011012642,11504,543.81,5.0,1134.0,0.0,1134.0,packet_delivered,0.0,0.0,0.0,0.0,0.0,0.0,0.0,0.0,NA,0,665.0
NFT-/XUTR/DEUTH026124A05FZX,43.05,0.0,0.0,2699.0,904.0,234.678,4.305,0.0,0.0,prepaid,0.861,0.0,0.0,27.0,0.0,31.86,632.296,"",'132802335624771824501,2026-05-04,11094955628,1e1218ee-d601-4f6d-abaa-685ac6992595,"",Forward,100040226670,100040226670,11504,860.95,5.0,1701.0,0.0,1701.0,packet_delivered,0.0,0.0,0.0,0.0,0.0,0.0,0.0,0.0,NA,0,998.0
NFT-/XUTR/DEUTH026124A05FZX,34.05,0.0,0.0,1799.0,715.0,185.614,3.405,0.0,0.0,prepaid,0.681,0.0,0.0,27.0,0.0,31.86,493.44,"",'132806305195235370001,2026-05-04,11096144734,7b1ce243-fd3e-44ec-9294-7db314fbc981,"",Forward,100041415775,1000011850304,11504,680.95,5.0,990.0,0.0,990.0,packet_delivered,0.0,0.0,0.0,0.0,0.0,0.0,0.0,0.0,NA,0,809.0
NFT-/XUTR/DEUTH026124A05FZX,38.33,0.0,0.0,1799.0,805.0,208.978,3.833,0.0,0.0,prepaid,0.767,0.0,0.0,27.0,0.0,31.86,559.562,"",'132811086161349332601,2026-05-04,11096926486,0046950d-5ef8-4bb6-b945-99f7e3f1c10f,"",Forward,100042197526,1000012119945,11504,766.67,5.0,900.0,0.0,900.0,packet_delivered,0.0,0.0,0.0,0.0,0.0,0.0,0.0,0.0,NA,0,899.0
NFT-/XUTR/DEUTH026124A05FZX,36.19,0.0,0.0,1899.0,760.0,197.296,3.619,0.0,0.0,prepaid,0.724,127.0,0.0,0.0,0.0,149.86,-708.221,"",'132794411933471712103,2026-05-04,11093282522,7753f320-6c4b-4029-9707-d47f82a7351c,100153090674,Reverse,100038553566,1000011594718,11504,723.81,5.0,1045.0,0.0,1045.0,return_refund,0.0,0.0,0.0,0.0,0.0,0.0,0.0,0.0,NA,0,854.0
NFT-/XUTR/DEUTH026124A05FZX,63.24,0.0,0.0,2999.0,52.01,12.888,0.248,0.0,0.0,prepaid,0.05,7.128,0.0,0.0,0.0,8.41104,-47.235,"",'132815687641184159001,2026-05-04,11098208731,3db0ca96-eed5-4637-80c3-32626470982e,100153498861,Reverse,100043479768,100043479768,11504,1264.76,5.0,1500.0,0.0,1500.0,return_refund,0.0,0.0,0.0,0.0,0.0,0.0,0.0,0.0,NA,0,1499.0
NFT-/XUTR/DEUTH026124A05FZX,19.1,0.0,0.0,1599.0,401.0,18.927,1.91,0.0,0.0,prepaid,0.382,0.0,0.0,15.0,0.0,17.7,362.081,"",'132778028194006085401,2026-05-04,11089386765,aa157de4-f63d-4c0d-87f9-2d6ce03ba48c,"",Forward,100034657816,1000009877924,11504,381.9,5.0,1104.0,0.0,1104.0,packet_delivered,0.0,0.0,0.0,0.0,0.0,0.0,0.0,0.0,NA,0,495.0
NFT-/XUTR/DEUTH026124A05FZX,70.38,0.0,0.0,3299.0,1478.0,366.248,7.038,0.0,0.0,prepaid,1.408,0.0,0.0,45.0,0.0,53.1,1050.206,"",'132786743218678683003,2026-05-04,11091408229,a11071b9-e823-4965-8bf9-6900175fd5bb,"",Forward,100036679274,100036679274,11504,1407.62,5.0,1650.0,0.0,1650.0,packet_delivered,0.0,0.0,0.0,0.0,0.0,0.0,0.0,0.0,NA,0,1649.0
NFT-/XUTR/DEUTH026124A05FZX,37.19,0.0,0.0,1750.0,781.0,202.748,3.719,0.0,0.0,prepaid,0.744,0.0,0.0,27.0,0.0,31.86,541.929,"",'132826617515261841803,2026-05-04,11100228259,c5140cd1-7a07-41f4-b034-fc5ae830542e,"",Forward,100045499292,100045499292,11504,743.81,5.0,875.0,0.0,875.0,packet_delivered,0.0,0.0,0.0,0.0,0.0,0.0,0.0,0.0,NA,0,875.0
NFT-/XUTR/DEUTH026124A05FZX,87.05,0.0,0.0,1999.0,1828.0,431.408,8.705,0.0,0.0,prepaid,1.741,0.0,0.0,45.0,0.0,53.1,1333.046,"",'132789492404647426003,2026-05-04,11092364696,ef6eddc2-a350-4a16-b884-0df2fb350f31,"",Forward,100037635741,100037635741,11504,1740.95,5.0,0.0,0.0,0.0,packet_delivered,0.0,0.0,0.0,0.0,0.0,0.0,0.0,0.0,NA,0,1999.0
NFT-/XUTR/DEUTH026124A05FZX,34.05,0.0,0.0,1799.0,715.0,185.614,3.405,0.0,0.0,prepaid,0.681,0.0,0.0,27.0,0.0,31.86,493.44,"",'132810043461121915503,2026-05-04,11096706657,da749269-6da6-43bc-bc17-ffbe1b3688ef,"",Forward,100041977698,100041977698,11504,680.95,5.0,990.0,0.0,990.0,packet_delivered,0.0,0.0,0.0,0.0,0.0,0.0,0.0,0.0,NA,0,809.0
NFT-/XUTR/DEUTH026124A05FZX,51.71,0.0,0.0,3399.0,1086.0,269.111,5.171,0.0,0.0,prepaid,1.034,0.0,0.0,45.0,0.0,53.1,757.584,"",'132780226036874969903,2026-05-04,11090026971,dbe4c8db-37da-456d-97f3-5eb4724e201e,"",Forward,100035298022,100035298022,11504,1034.29,5.0,2142.0,0.0,2142.0,packet_delivered,0.0,0.0,0.0,0.0,0.0,0.0,0.0,0.0,NA,0,1257.0
NFT-/XUTR/DEUTH026124A05FZX,39.81,0.0,0.0,2799.0,836.0,217.026,3.981,0.0,0.0,prepaid,0.796,0.0,0.0,27.0,0.0,31.86,582.337,"",'132790259359503755803,2026-05-04,11092651055,0769c8fa-8b7f-4c5b-b730-2fd1e3723538,"",Forward,100037922100,100037922100,11504,796.19,5.0,1792.0,0.0,1792.0,packet_delivered,0.0,0.0,0.0,0.0,0.0,0.0,0.0,0.0,NA,0,1007.0
NFT-/XUTR/DEUTH026124A05FZX,19.1,0.0,0.0,1650.0,401.0,18.927,1.91,0.0,0.0,prepaid,0.382,0.0,0.0,15.0,0.0,17.7,362.081,"",'132813652965812769303,2026-05-04,11097587809,f552061d-a456-469d-b80d-d5530cea91a8,"",Forward,100042858845,1000012701237,11504,381.9,5.0,1155.0,0.0,1155.0,packet_delivered,0.0,0.0,0.0,0.0,0.0,0.0,0.0,0.0,NA,0,495.0
NFT-/XUTR/DEUTH026124A05FZX,53.48,0.0,0.0,3499.0,1123.0,278.279,5.348,0.0,0.0,prepaid,1.07,167.0,0.0,0.0,0.0,197.06,-1035.363,"",'132780553530319333201,2026-05-04,11090136826,4ab7cd52-30e4-4087-9fb3-479f2ffc6ed3,100152900965,Reverse,100035407877,100035407877,11504,1069.52,5.0,2205.0,0.0,2205.0,return_refund,0.0,0.0,0.0,0.0,0.0,0.0,0.0,0.0,NA,0,1294.0
NFT-/XUTR/DEUTH026124A05FZX,31.19,0.0,0.0,1499.0,655.0,170.038,3.119,0.0,0.0,prepaid,0.624,182.0,0.0,0.0,0.0,214.76,-695.979,"",'132798736156800981703,2026-05-04,11094561449,0218f464-0c77-40e2-ae60-700a2c627ac0,100153113575,Reverse,100039832491,1000011597529,11504,623.81,5.0,750.0,0.0,750.0,return_refund,0.0,0.0,0.0,0.0,0.0,0.0,0.0,0.0,NA,0,749.0
NFT-/XUTR/DEUTH026124A05FZX,19.1,0.0,0.0,1650.0,401.0,18.927,1.91,0.0,0.0,prepaid,0.382,127.0,0.0,0.0,0.0,149.86,-529.641,"",'132813652965812769303,2026-05-04,11097587809,f552061d-a456-469d-b80d-d5530cea91a8,100152721502,Reverse,100042858845,1000012701237,11504,381.9,5.0,1155.0,0.0,1155.0,return_refund,0.0,0.0,0.0,0.0,0.0,0.0,0.0,0.0,NA,0,495.0
NFT-/XUTR/DEUTH026124A05FZX,52.24,0.0,0.0,2699.0,1097.0,271.837,5.224,0.0,0.0,prepaid,1.045,167.0,0.0,0.0,0.0,197.06,-1015.954,"",'132789465752238226801,2026-05-04,11092352891,09c91138-8b16-4f81-b5d7-e17f7a76fdd0,100153583746,Reverse,100037623936,100037623936,11504,1044.76,5.0,1431.0,0.0,1431.0,return_refund,0.0,0.0,0.0,0.0,0.0,0.0,0.0,0.0,NA,0,1268.0
NFT-/XUTR/DEUTH026124A05FZX,38.33,0.0,0.0,1799.0,805.0,208.978,3.833,0.0,0.0,prepaid,0.767,127.0,0.0,0.0,0.0,149.86,-741.282,"",'132818763767985330203,2026-05-04,11098474957,a42ba533-e2fa-4958-a9f3-cf65dbc697d7,100154062809,Reverse,100043745993,100043745993,11504,766.67,5.0,900.0,0.0,900.0,return_refund,0.0,0.0,0.0,0.0,0.0,0.0,0.0,0.0,NA,0,899.0
NFT-/XUTR/DEUTH026124A05FZX,55.14,0.0,0.0,1899.0,1158.0,273.288,5.514,0.0,0.0,prepaid,1.103,106.0,0.0,0.0,0.0,125.08,-1003.175,"",'132837194637706919703,2026-05-04,11102369613,3139df73-83f4-4e1f-98f6-e707fc3c7492,100153539411,Reverse,100047640640,100047640640,11504,1102.86,5.0,570.0,0.0,570.0,return_refund,0.0,0.0,0.0,0.0,0.0,0.0,0.0,0.0,NA,0,1329.0
NFT-/XUTR/DEUTH026124A05FZX,31.19,0.0,0.0,1499.0,655.0,170.038,3.119,0.0,0.0,prepaid,0.624,0.0,0.0,27.0,0.0,31.86,449.359,"",'132776037723086335703,2026-05-04,11088770355,96d4d7ab-7707-4764-acd7-0e3b5af30156,"",Forward,100034041407,100034041407,11504,623.81,5.0,750.0,0.0,750.0,packet_delivered,0.0,0.0,0.0,0.0,0.0,0.0,0.0,0.0,NA,0,749.0
NFT-/XUTR/DEUTH026124A05FZX,42.43,0.0,0.0,2899.0,891.0,231.304,4.243,0.0,0.0,prepaid,0.849,0.0,0.0,27.0,0.0,31.86,622.744,"",'132811265650015748403,2026-05-04,11096972285,bc24a585-c645-4c8e-83f6-67c811ace494,"",Forward,100042243325,100042243325,11504,848.57,5.0,1914.0,0.0,1914.0,packet_delivered,0.0,0.0,0.0,0.0,0.0,0.0,0.0,0.0,NA,0,985.0
NFT-/XUTR/DEUTH026124A05FZX,18.95,0.0,0.0,1699.0,398.0,18.786,1.895,0.0,0.0,prepaid,0.379,0.0,0.0,0.0,0.0,0.0,376.94,"",'132811530122405220203,2026-05-04,11097042272,c920eede-efeb-4830-91ff-17616c6e9791,"",Forward,100042313312,100042313312,11504,379.05,5.0,1207.0,0.0,1207.0,packet_delivered,0.0,0.0,0.0,0.0,0.0,0.0,0.0,0.0,NA,0,492.0
NFT-/XUTR/DEUTH026124A05FZX,63.24,0.0,0.0,2999.0,1328.0,329.078,6.324,0.0,0.0,prepaid,1.265,0.0,0.0,45.0,0.0,53.1,938.233,"",'132831198015681274403,2026-05-04,11101269357,bda22a3d-2e9c-4204-b686-6a6c685517c8,"",Forward,100046540384,100046540384,11504,1264.76,5.0,1500.0,0.0,1500.0,packet_delivered,0.0,0.0,0.0,0.0,0.0,0.0,0.0,0.0,NA,0,1499.0
NFT-/XUTR/DEUTH026124A05FZX,23.67,0.0,0.0,1599.0,496.99999999999994,23.458,2.367,0.0,0.0,prepaid,0.473,167.0,0.0,0.0,0.0,197.06,-667.762,"",'132779023951156137503,2026-05-04,11089675174,b629bbdc-799b-4752-ab35-0ccf97b3809c,11089675174,Reverse,100034946225,100034946225,11504,473.33,5.0,1008.0,0.0,1008.0,exchange,0.0,0.0,0.0,0.0,0.0,0.0,0.0,0.0,NA,0,591.0
NFT-/XUTR/DEUTH026124A05FZX,0.0,25.67,25.67,2499.0,1078.0,267.128,0.0,2.5665,2.5665,prepaid,1.027,106.0,0.0,0.0,0.0,125.08,-929.792,"",'132806186522199242301,2026-05-04,11096103417,16354024-95e0-4c63-98ea-ab01f42615a1,100152137748,Reverse,100041374458,100041374458,11504,1026.66,5.0,1250.0,0.0,1250.0,return_refund,0.0,0.0,0.0,0.0,0.0,0.0,0.0,0.0,NA,0,1249.0000000000002
NFT-/XUTR/DEUTH026124A05FZX,100.14,0.0,0.0,3299.0,2103.0,496.308,10.014,0.0,0.0,prepaid,2.003,0.0,0.0,61.0,0.0,71.98,1522.695,"",'132785364131986236803,2026-05-04,11090941215,724c4014-b957-405b-a18d-acaed05c2c51,"",Forward,100036212262,100036212262,11504,2002.86,5.0,990.0,0.0,990.0,packet_delivered,0.0,0.0,0.0,0.0,0.0,0.0,0.0,0.0,NA,0,2309.0
NFT-/XUTR/DEUTH026124A05FZX,40.38,0.0,0.0,2299.0,315.08,81.795,1.5,0.0,0.0,prepaid,0.3,0.0,0.0,10.032,0.0,11.83776,219.647,"",'132832883364314237303,2026-05-04,11101762628,7437f0ac-f8dc-4a7d-a3ec-7bae82a68dc9,"",Forward,100047033654,100047033654,11504,807.62,5.0,1357.0,0.0,1357.0,packet_delivered,0.0,0.0,0.0,0.0,0.0,0.0,0.0,0.0,NA,0,941.98
NFT-/XUTR/DEUTH026124A05FZX,51.81,0.0,0.0,1799.0,1088.0,256.768,5.181,0.0,0.0,prepaid,1.036,167.0,0.0,0.0,0.0,197.06,-1022.075,"",'132779986731407920703,2026-05-04,11089954425,9e4c6bc5-a6c0-478e-9059-f57abe4c5a04,100152449327,Reverse,100035225477,100035225477,11504,1036.19,5.0,540.0,0.0,540.0,return_refund,0.0,0.0,0.0,0.0,0.0,0.0,0.0,0.0,NA,0,1259.0
NFT-/XUTR/DEUTH026124A05FZX,35.95,0.0,0.0,1699.0,755.0,195.998,3.595,0.0,0.0,prepaid,0.719,106.0,0.0,0.0,0.0,125.08,-679.768,"",'132813401921997779201,2026-05-04,11097526471,73886352-fe35-4ac6-a2d4-03ad04aef09f,100153188732,Reverse,100042797507,1000012702263,11504,719.05,5.0,850.0,0.0,850.0,return_refund,0.0,0.0,0.0,0.0,0.0,0.0,0.0,0.0,NA,0,849.0
NFT-/XUTR/DEUTH026124A05FZX,31.29,0.0,0.0,1599.0,657.0,170.557,3.129,0.0,0.0,prepaid,0.626,127.0,0.0,0.0,0.0,149.86,-632.548,"",'132830923099918937701,2026-05-04,11101199420,d37c8523-7019-4739-bfb3-26976c24378f,100153960717,Reverse,100046470446,100046470446,11504,625.71,5.0,848.0,0.0,848.0,return_refund,0.0,0.0,0.0,0.0,0.0,0.0,0.0,0.0,NA,0,751.0
NFT-/XUTR/DEUTH026124A05FZX,31.91,0.0,0.0,1699.0,670.0,173.932,3.19,0.0,0.0,prepaid,0.638,0.0,0.0,27.0,0.0,31.86,460.38,"",'132778722852142767903,2026-05-04,11089587198,75545a8d-37aa-4396-b300-44744b5788c3,"",Forward,100034858249,1000009946706,11504,638.1,5.0,935.0,0.0,935.0,packet_delivered,0.0,0.0,0.0,0.0,0.0,0.0,0.0,0.0,NA,0,764.01
NFT-/XUTR/DEUTH026124A05FZX,42.62,0.0,0.0,2999.0,895.0,232.342,4.262,0.0,0.0,prepaid,0.852,0.0,0.0,27.0,0.0,31.86,625.684,"",'132779643975678802503,2026-05-04,11089851949,28e231d4-1285-4c33-a7da-1591e31c30c1,"",Forward,100035123000,100035123000,11504,852.38,5.0,2010.0,0.0,2010.0,packet_delivered,0.0,0.0,0.0,0.0,0.0,0.0,0.0,0.0,NA,0,989.0
NFT-/XUTR/DEUTH026124A05FZX,0.0,17.02,17.02,1799.0,715.0,185.614,0.0,1.7025,1.7025,prepaid,0.681,0.0,0.0,27.0,0.0,31.86,493.44,"",'132812230916880320401,2026-05-04,11097226448,e55999f4-fe2b-4308-a8f3-b8ce89628f06,"",Forward,100042497488,1000012228970,11504,680.96,5.0,990.0,0.0,990.0,packet_delivered,0.0,0.0,0.0,0.0,0.0,0.0,0.0,0.0,NA,0,809.0
NFT-/XUTR/DEUTH026124A05FZX,46.86,0.0,0.0,1650.0,984.0,255.44600000000003,4.686,0.0,0.0,prepaid,0.937,0.0,0.0,27.0,0.0,31.86,691.071,"",'132815583289911367303,2026-05-04,11098175076,99fee1da-1ec8-4417-8c7b-d1ffae6492e5,"",Forward,100043446112,100043446112,11504,937.14,5.0,495.0,0.0,495.0,packet_delivered,0.0,0.0,0.0,0.0,0.0,0.0,0.0,0.0,NA,0,1154.99
NFT-/XUTR/DEUTH026124A05FZX,103.48,0.0,0.0,3399.0,2050.499,483.918,9.764,0.0,0.0,prepaid,1.953,0.0,0.0,57.561,0.0,67.92198,1486.942,"",'132818418287809214903,2026-05-04,11098425172,373ccca8-0918-4e38-a8cd-cf358d8c8dd0,"",Forward,100043696208,100043696208,11504,2069.52,5.0,1020.0,0.0,1020.0,packet_delivered,0.0,0.0,0.0,0.0,0.0,0.0,0.0,0.0,NA,0,2379.01
NFT-/XUTR/DEUTH026124A05FZX,0.0,9.1,9.1,1699.0,382.0,18.03,0.0,0.9095,0.9095,prepaid,0.364,106.0,0.0,0.0,0.0,125.08,-486.867,"",'132810317431693148901,2026-05-04,11096753193,8587d77c-d1a0-4fe8-aa21-24df3b6c28ed,11096753193,Reverse,100042024234,100042024234,11504,363.8,5.0,1258.0,0.0,1258.0,exchange,0.0,0.0,0.0,0.0,0.0,0.0,0.0,0.0,NA,0,440.99000000000007
NFT-/XUTR/DEUTH026124A05FZX,39.81,0.0,0.0,2799.0,836.0,217.026,3.981,0.0,0.0,prepaid,0.796,0.0,0.0,27.0,0.0,31.86,582.337,"",'132776674333057647501,2026-05-04,11088955844,ce5e6aec-c190-4e88-a766-f30d030ffb3d,"",Forward,100034226896,100034226896,11504,796.19,5.0,1792.0,0.0,1792.0,packet_delivered,0.0,0.0,0.0,0.0,0.0,0.0,0.0,0.0,NA,0,1007.0
NFT-/XUTR/DEUTH026124A05FZX,27.62,0.0,0.0,1499.0,580.0,150.568,2.762,0.0,0.0,prepaid,0.552,0.0,0.0,27.0,0.0,31.86,394.258,"",'132794411933471712103,2026-05-04,11093282523,7753f320-6c4b-4029-9707-d47f82a7351c,"",Forward,100038553567,1000011594718,11504,552.38,5.0,825.0,0.0,825.0,packet_delivered,0.0,0.0,0.0,0.0,0.0,0.0,0.0,0.0,NA,0,674.0
NFT-/XUTR/DEUTH026124A05FZX,0.0,18.57,18.57,1750.0,780.0,202.488,0.0,1.857,1.857,prepaid,0.743,0.0,0.0,27.0,0.0,31.86,541.195,"",'132837674467160354501,2026-05-04,11102520708,51b63852-a762-414e-ba68-2a06934f849e,"",Forward,100047791735,1000013782739,11504,742.86,5.0,876.0,0.0,876.0,packet_delivered,0.0,0.0,0.0,0.0,0.0,0.0,0.0,0.0,NA,0,874.0000000000001
NFT-/XUTR/DEUTH026124A05FZX,35.76,0.0,0.0,1799.0,751.0,194.96,3.576,0.0,0.0,prepaid,0.715,0.0,0.0,27.0,0.0,31.86,519.889,"",'132841052582015783301,2026-05-04,11103453345,b3be3bb0-9aae-4348-b363-a04cf93995ec,"",Forward,100048724354,100048724354,11504,715.24,5.0,954.0,0.0,954.0,packet_delivered,0.0,0.0,0.0,0.0,0.0,0.0,0.0,0.0,NA,0,845.0
NFT-/XUTR/DEUTH026124A05FZX,34.05,0.0,0.0,1799.0,715.0,185.614,3.405,0.0,0.0,prepaid,0.681,167.0,0.0,0.0,0.0,197.06,-722.36,"",'132777138415052264401,2026-05-04,11089112438,2ca23cd5-209a-44aa-b1f6-a43abe76f4a0,100152209742,Reverse,100034383490,100034383490,11504,680.95,5.0,990.0,0.0,990.0,return_refund,0.0,0.0,0.0,0.0,0.0,0.0,0.0,0.0,NA,0,809.0
NFT-/XUTR/DEUTH026124A05FZX,75.14,0.0,0.0,3499.0,1578.0,391.028,7.514,0.0,0.0,prepaid,1.503,0.0,0.0,45.0,0.0,53.1,1124.855,"",'132783792062505854003,2026-05-04,11090577510,8228a30f-56b2-4e0c-bb86-23c3f5c602f9,"",Forward,100035848561,100035848561,11504,1502.86,5.0,1750.0,0.0,1750.0,packet_delivered,0.0,0.0,0.0,0.0,0.0,0.0,0.0,0.0,NA,0,1749.0
NFT-/XUTR/DEUTH026124A05FZX,123.48,0.0,0.0,3999.0,2593.0,611.948,12.348,0.0,0.0,prepaid,2.47,0.0,0.0,61.0,0.0,71.98,1894.254,"",'132778474962289807501,2026-05-04,11089514974,1ae52aff-8a17-4019-ad16-7c0ecc8b0da1,"",Forward,100034786025,100034786025,11504,2469.52,5.0,1200.0,0.0,1200.0,packet_delivered,0.0,0.0,0.0,0.0,0.0,0.0,0.0,0.0,NA,0,2799.0
NFT-/XUTR/DEUTH026124A05FZX,19.1,0.0,0.0,1599.0,400.99999999999994,18.927,1.91,0.0,0.0,prepaid,0.382,167.0,0.0,0.0,0.0,197.06,-576.841,"",'132752580440570682801,2026-05-04,11083682442,d9f45224-cbdc-4de9-8a5c-900d0807739d,100152039432,Reverse,100028953502,100028953502,11504,381.9,5.0,1104.0,0.0,1104.0,return_refund,0.0,0.0,0.0,0.0,0.0,0.0,0.0,0.0,NA,0,494.99
NFT-/XUTR/DEUTH026124A05FZX,48.48,0.0,0.0,1699.0,167.22,39.464,0.796,0.0,0.0,prepaid,0.159,0.0,0.0,7.392,0.0,8.72256,118.078,"",'132801957340883994101,2026-05-04,11094851106,7fed625d-62cb-4273-9bea-bfc538fa8da4,"",Forward,100040122148,100040122148,11504,969.52,5.0,510.0,0.0,510.0,packet_delivered,0.0,0.0,0.0,0.0,0.0,0.0,0.0,0.0,NA,0,1189.0
NFT-/XUTR/DEUTH026124A05FZX,42.71,0.0,0.0,3099.0,410.575,106.585,1.955,0.0,0.0,prepaid,0.391,0.0,0.0,12.358,0.0,14.58244,287.062,"",'132768818033393741003,2026-05-04,11087300732,3f187e4b-f643-47bf-829a-aaf7aff88010,"",Forward,100032571785,100032571785,11504,854.29,5.0,2108.0,0.0,2108.0,packet_delivered,0.0,0.0,0.0,0.0,0.0,0.0,0.0,0.0,NA,0,991.01
NFT-/XUTR/DEUTH026124A05FZX,6.41,0.0,0.0,399.0,220.0,33.748,1.068,0.0,0.0,prepaid,0.214,0.0,0.0,27.0,0.0,31.86,153.11,"",'132785901482947929401,2026-05-04,11091127897,5b8045ba-4207-4276-ae99-3ffea9dbd86d,"",Forward,100036398943,100036398943,11504,213.59,3.0,120.0,0.0,120.0,packet_delivered,0.0,0.0,0.0,0.0,0.0,0.0,0.0,0.0,NA,0,279.0
NFT-/XUTR/DEUTH026124A05FZX,19.67,0.0,0.0,1750.0,413.0,19.494,1.967,0.0,0.0,prepaid,0.393,0.0,0.0,15.0,0.0,17.7,373.446,"",'132797284532678398101,2026-05-04,11094087332,41bbadd4-7a6d-4875-9bac-ec59c39b4cf7,"",Forward,100039358374,1000011232057,11504,393.33,5.0,1243.0,0.0,1243.0,packet_delivered,0.0,0.0,0.0,0.0,0.0,0.0,0.0,0.0,NA,0,507.0
NFT-/XUTR/DEUTH026124A05FZX,42.62,0.0,0.0,3299.0,895.0,232.342,4.262,0.0,0.0,prepaid,0.852,182.0,0.0,0.0,0.0,214.76,-872.304,"",'132801602782847526203,2026-05-04,11094774508,85416551-e932-475d-8c76-22d020868936,100153262628,Reverse,100040045550,100040045550,11504,852.38,5.0,2310.0,0.0,2310.0,return_refund,0.0,0.0,0.0,0.0,0.0,0.0,0.0,0.0,NA,0,989.0
NFT-/XUTR/DEUTH026124A05FZX,0.0,32.19,32.19,2999.0,1352.0,335.026,0.0,3.219,3.219,prepaid,1.288,106.0,0.0,0.0,0.0,125.08,-1134.328,"",'132841256348943722903,2026-05-04,11103518642,2d1885ec-1a1e-4c78-af91-b3fec983fe05,100154885413,Reverse,100048789651,1000014272718,11504,1287.62,5.0,1476.0,0.0,1476.0,return_refund,0.0,0.0,0.0,0.0,0.0,0.0,0.0,0.0,NA,0,1523.0
NFT-/XUTR/DEUTH026124A05FZX,56.1,0.0,0.0,2999.0,1178.0,291.908,5.61,0.0,0.0,prepaid,1.122,0.0,0.0,45.0,0.0,53.1,826.26,"",'132788132124616418501,2026-05-04,11091858238,f5cb0d81-28c3-46c2-b204-8543ce499f07,"",Forward,100037129282,100037129282,11504,1121.9,5.0,1650.0,0.0,1650.0,packet_delivered,0.0,0.0,0.0,0.0,0.0,0.0,0.0,0.0,NA,0,1349.0
NFT-/XUTR/DEUTH026124A05FZX,60.86,0.0,0.0,2899.0,1278.0,316.688,6.086,0.0,0.0,prepaid,1.217,0.0,0.0,45.0,0.0,53.1,900.909,"",'132795212477702044801,2026-05-04,11093512559,cde87d23-625a-4d5b-99ee-b3a5dc20f3f2,"",Forward,100038783603,100038783603,11504,1217.14,5.0,1450.0,0.0,1450.0,packet_delivered,0.0,0.0,0.0,0.0,0.0,0.0,0.0,0.0,NA,0,1449.0
NFT-/XUTR/DEUTH026124A05FZX,23.67,0.0,0.0,1599.0,497.0,23.458,2.367,0.0,0.0,prepaid,0.473,0.0,0.0,27.0,0.0,31.86,438.842,"",'132780968594107817203,2026-05-04,11090283139,d24adf51-e5fd-4ed9-80f4-f94280130c31,"",Forward,100035554190,100035554190,11504,473.33,5.0,1008.0,0.0,1008.0,packet_delivered,0.0,0.0,0.0,0.0,0.0,0.0,0.0,0.0,NA,0,591.0
NFT-/XUTR/DEUTH026124A05FZX,58.48,0.0,0.0,1999.0,456.266,107.679,2.173,0.0,0.0,prepaid,0.435,0.0,0.0,16.72,0.0,19.7296,326.249,"",'132806840620084044803,2026-05-04,11096364909,d4ae4f87-2a9d-42c9-b613-a066e229819f,"",Forward,100041635950,100041635950,11504,1169.52,5.0,600.0,0.0,600.0,packet_delivered,0.0,0.0,0.0,0.0,0.0,0.0,0.0,0.0,NA,0,1398.98
NFT-/XUTR/DEUTH026124A05FZX,34.67,0.0,0.0,1750.0,728.0,188.989,3.467,0.0,0.0,prepaid,0.693,0.0,0.0,27.0,0.0,31.86,502.991,"",'132809999003624878303,2026-05-04,11096699807,e1f1ff86-cb4a-4385-9b5b-923395261a65,"",Forward,100041970848,100041970848,11504,693.33,5.0,928.0,0.0,928.0,packet_delivered,0.0,0.0,0.0,0.0,0.0,0.0,0.0,0.0,NA,0,822.0
NFT-/XUTR/DEUTH026124A05FZX,19.67,0.0,0.0,1750.0,413.0,19.494,1.967,0.0,0.0,prepaid,0.393,0.0,0.0,15.0,0.0,17.7,373.446,"",'132793895106971835101,2026-05-04,11093131795,9f803099-e6ac-4323-b3f4-01a95ac51781,"",Forward,100038402839,1000010970763,11504,393.33,5.0,1243.0,0.0,1243.0,packet_delivered,0.0,0.0,0.0,0.0,0.0,0.0,0.0,0.0,NA,0,507.0
NFT-/XUTR/DEUTH026124A05FZX,0.0,14.88,14.88,1599.0,625.0,162.25,0.0,1.488,1.488,prepaid,0.595,0.0,0.0,27.0,0.0,31.86,427.319,"",'132805745800899045203,2026-05-04,11095957199,d6b1ebf1-c2e5-4256-92ee-b6d8c2be19ac,"",Forward,100041228240,100041228240,11504,595.24,5.0,880.0,0.0,880.0,packet_delivered,0.0,0.0,0.0,0.0,0.0,0.0,0.0,0.0,NA,0,719.0
NFT-/XUTR/DEUTH026124A05FZX,61.91,0.0,0.0,3299.0,1300.0,322.14,6.19,0.0,0.0,prepaid,1.238,0.0,0.0,45.0,0.0,53.1,917.332,"",'132839893307781036303,2026-05-04,11103135943,a3e6c824-3c9f-40c9-8136-0987e6bb4a2f,"",Forward,100048406952,1000014288109,11504,1238.1,5.0,1828.0,0.0,1828.0,packet_delivered,0.0,0.0,0.0,0.0,0.0,0.0,0.0,0.0,NA,0,1471.0
NFT-/XUTR/DEUTH026124A05FZX,90.14,0.0,0.0,2999.0,1893.0000000000002,469.085,9.014,0.0,0.0,prepaid,1.803,182.0,0.0,0.0,0.0,214.76,-1627.858,"",'132798687621301378903,2026-05-04,11094551589,fe1df93b-677e-4949-b34b-3fc7838a6c56,100154338361,Reverse,100039822631,1000011600909,11504,1802.86,5.0,900.0,0.0,900.0,return_refund,0.0,0.0,0.0,0.0,0.0,0.0,0.0,0.0,NA,0,2099.0
NFT-/XUTR/DEUTH026124A05FZX,51.81,0.0,0.0,1799.0,1088.0,256.768,5.181,0.0,0.0,prepaid,1.036,0.0,0.0,45.0,0.0,53.1,771.915,"",'132789721294387550801,2026-05-04,11092466540,7790aafc-8a6d-473b-8c72-088aa11c960b,"",Forward,100037737585,1000011598482,11504,1036.19,5.0,540.0,0.0,540.0,packet_delivered,0.0,0.0,0.0,0.0,0.0,0.0,0.0,0.0,NA,0,1259.0
NFT-/XUTR/DEUTH026124A05FZX,56.1,0.0,0.0,2699.0,404.447,100.222,1.926,0.0,0.0,prepaid,0.385,0.0,0.0,15.45,0.0,18.231,283.683,"",'132797607739037290701,2026-05-04,11094189816,63e517a2-e4a0-43f0-b6d1-9bebd8e911e7,"",Forward,100039460858,1000011570295,11504,1121.9,5.0,1350.0,0.0,1350.0,packet_delivered,0.0,0.0,0.0,0.0,0.0,0.0,0.0,0.0,NA,0,1348.99
NFT-/XUTR/DEUTH026124A05FZX,23.67,0.0,0.0,1599.0,497.0,23.458,2.367,0.0,0.0,prepaid,0.473,0.0,0.0,27.0,0.0,31.86,438.842,"",'132811158670699129603,2026-05-04,11096944925,14526f83-ca37-436a-9530-d36455d375e9,"",Forward,100042215965,100042215965,11504,473.33,5.0,1008.0,0.0,1008.0,packet_delivered,0.0,0.0,0.0,0.0,0.0,0.0,0.0,0.0,NA,0,591.0
NFT-/XUTR/DEUTH026124A05FZX,42.43,0.0,0.0,3399.0,891.0,231.304,4.243,0.0,0.0,prepaid,0.849,0.0,0.0,27.0,0.0,31.86,622.744,"",'132811777131342294801,2026-05-04,11097110135,78227661-c8ad-4948-b2ce-ecb3b6b954ca,"",Forward,100042381175,100042381175,11504,848.57,5.0,2414.0,0.0,2414.0,packet_delivered,0.0,0.0,0.0,0.0,0.0,0.0,0.0,0.0,NA,0,985.0
NFT-/XUTR/DEUTH026124A05FZX,0.0,251.16,251.16,4999.0,3293.0,777.148,0.0,6.9765,6.9765,prepaid,2.791,0.0,0.0,61.0,0.0,71.98,2427.128,"",'132803943951378200103,2026-05-04,11095438655,90bc72e4-748f-46c7-829f-344adf07927a,"",Forward,100040709696,1000012142238,11504,2790.68,18.0,1500.0,0.0,1500.0,packet_delivered,0.0,0.0,0.0,0.0,0.0,0.0,0.0,0.0,NA,0,3499.0099999999993
NFT-/XUTR/DEUTH026124A05FZX,42.91,0.0,0.0,2899.0,901.0,233.9,4.29,0.0,0.0,prepaid,0.858,0.0,0.0,27.0,0.0,31.86,630.092,"",'132810798653594904801,2026-05-04,11096854978,969581c8-751a-4a7c-af75-9a0ce9d345e6,"",Forward,100042126019,100042126019,11504,858.1,5.0,1827.0,0.0,1827.0,packet_delivered,0.0,0.0,0.0,0.0,0.0,0.0,0.0,0.0,NA,0,1072.01
NFT-/XUTR/DEUTH026124A05FZX,45.14,0.0,0.0,1599.0,948.0,246.101,4.514,0.0,0.0,prepaid,0.903,182.0,0.0,0.0,0.0,214.76,-911.242,"",'132792893144238910703,2026-05-04,11092872878,6025f4ef-50e7-4d4d-b9d5-f726bf069c7f,100155427129,Reverse,100038143923,100038143923,11504,902.86,5.0,480.0,0.0,480.0,return_refund,0.0,0.0,0.0,0.0,0.0,0.0,0.0,0.0,NA,0,1119.0
NFT-/XUTR/DEUTH026124A05FZX,49.95,0.0,0.0,3299.0,1049.0,259.942,4.995,0.0,0.0,prepaid,0.999,0.0,0.0,45.0,0.0,53.1,729.964,"",'132779808999011367901,2026-05-04,11089901134,5f1f1a82-a010-45b8-8d1b-765211c75382,"",Forward,100035172185,100035172185,11504,999.05,5.0,2079.0,0.0,2079.0,packet_delivered,0.0,0.0,0.0,0.0,0.0,0.0,0.0,0.0,NA,0,1220.0
NFT-/XUTR/DEUTH026124A05FZX,87.05,0.0,0.0,1999.0,1828.0,431.408,8.705,0.0,0.0,prepaid,1.741,0.0,0.0,45.0,0.0,53.1,1333.046,"",'132809685187476462903,2026-05-04,11096660457,53756455-92ff-4c8b-ba63-a1e1161a8d44,"",Forward,100041931498,100041931498,11504,1740.95,5.0,0.0,0.0,0.0,packet_delivered,0.0,0.0,0.0,0.0,0.0,0.0,0.0,0.0,NA,0,1999.0
NFT-/XUTR/DEUTH026124A05FZX,81.33,0.0,0.0,3999.0,401.58,99.511,1.912,0.0,0.0,prepaid,0.382,0.0,0.0,10.58,0.0,12.4844,287.291,"",'132830141018997216803,2026-05-04,11101007359,f0773922-5ef0-484c-a535-dc0880bcad75,"",Forward,100046278391,1000013761361,11504,1626.67,5.0,2120.0,0.0,2120.0,packet_delivered,0.0,0.0,0.0,0.0,0.0,0.0,0.0,0.0,NA,0,1879.0
NFT-/XUTR/DEUTH026124A05FZX,19.67,0.0,0.0,1750.0,413.0,19.494,1.967,0.0,0.0,prepaid,0.393,182.0,0.0,0.0,0.0,214.76,-605.906,"",'132792910562858953001,2026-05-04,11092876427,b34bfbd3-9780-4134-8024-5ba6d50ee542,100153260958,Reverse,100038147472,100038147472,11504,393.33,5.0,1243.0,0.0,1243.0,return_refund,0.0,0.0,0.0,0.0,0.0,0.0,0.0,0.0,NA,0,506.99
NFT-/XUTR/DEUTH026124A05FZX,38.81,0.0,0.0,2599.0,442.375,114.841,2.107,0.0,0.0,prepaid,0.421,0.0,0.0,14.655,0.0,17.2929,307.713,"",'132812183570459138801,2026-05-04,11097215139,8bd254dd-9670-4b47-9b66-ec977128d40c,"",Forward,100042486179,1000012667732,11504,776.19,5.0,1690.0,0.0,1690.0,packet_delivered,0.0,0.0,0.0,0.0,0.0,0.0,0.0,0.0,NA,0,909.01
NFT-/XUTR/DEUTH026124A05FZX,48.48,0.0,0.0,1699.0,1018.0,240.248,4.848,0.0,0.0,prepaid,0.97,182.0,0.0,0.0,0.0,214.76,-986.694,"",'132805656722828485903,2026-05-04,11095928205,c8719335-a0f7-4543-bfa3-cb867f4eab1b,100153153836,Reverse,100041199246,100041199246,11504,969.52,5.0,510.0,0.0,510.0,return_refund,0.0,0.0,0.0,0.0,0.0,0.0,0.0,0.0,NA,0,1189.0
NFT-/XUTR/DEUTH026124A05FZX,31.19,0.0,0.0,1499.0,655.0,170.038,3.119,0.0,0.0,prepaid,0.624,0.0,0.0,27.0,0.0,31.86,449.359,"",'132805849775680910201,2026-05-04,11095991849,e54cd6a9-a878-4d94-95bc-ee8b66bdb98b,"",Forward,100041262890,100041262890,11504,623.81,5.0,750.0,0.0,750.0,packet_delivered,0.0,0.0,0.0,0.0,0.0,0.0,0.0,0.0,NA,0,749.0
NFT-/XUTR/DEUTH026124A05FZX,103.48,0.0,0.0,3399.0,2173.0,512.828,10.348,0.0,0.0,prepaid,2.07,0.0,0.0,61.0,0.0,71.98,1575.774,"",'132820396928933502403,2026-05-04,11098847831,a6671af2-6177-42dd-8306-da6ef2b63be2,"",Forward,100044118866,100044118866,11504,2069.52,5.0,1020.0,0.0,1020.0,packet_delivered,0.0,0.0,0.0,0.0,0.0,0.0,0.0,0.0,NA,0,2379.01
NFT-/XUTR/DEUTH026124A05FZX,106.81,0.0,0.0,3499.0,2243.0,529.348,10.681,0.0,0.0,prepaid,2.136,167.0,0.0,0.0,0.0,197.06,-1897.895,"",'132787142226100367601,2026-05-04,11091536750,b8467e06-1eb8-4c61-968d-71e088fafa6d,100154184559,Reverse,100036807795,100036807795,11504,2136.19,5.0,1050.0,0.0,1050.0,return_refund,0.0,0.0,0.0,0.0,0.0,0.0,0.0,0.0,NA,0,2449.0
NFT-/XUTR/DEUTH026124A05FZX,35.76,0.0,0.0,1799.0,751.0,194.96,3.576,0.0,0.0,prepaid,0.715,0.0,0.0,27.0,0.0,31.86,519.889,"",'132824555138088370901,2026-05-04,11100105980,40bb788b-e494-4a74-ac92-391c663d7636,"",Forward,100045377013,100045377013,11504,715.24,5.0,954.0,0.0,954.0,packet_delivered,0.0,0.0,0.0,0.0,0.0,0.0,0.0,0.0,NA,0,845.0
NFT-/XUTR/DEUTH026124A05FZX,18.95,0.0,0.0,1699.0,398.0,18.786,1.895,0.0,0.0,prepaid,0.379,0.0,0.0,0.0,0.0,0.0,376.94,"",'132807881509046103603,2026-05-04,11096584566,c7c8185a-8589-483a-9b73-bd824707ef23,"",Forward,100041855607,1000011962455,11504,379.05,5.0,1207.0,0.0,1207.0,packet_delivered,0.0,0.0,0.0,0.0,0.0,0.0,0.0,0.0,NA,0,492.0
NFT-/XUTR/DEUTH026124A05FZX,39.81,0.0,0.0,2799.0,836.0,217.026,3.981,0.0,0.0,prepaid,0.796,0.0,0.0,27.0,0.0,31.86,582.337,"",'132793978081984656703,2026-05-04,11093155551,cb9ff79b-ee91-426a-81aa-9f007a13c283,"",Forward,100038426595,100038426595,11504,796.19,5.0,1792.0,0.0,1792.0,packet_delivered,0.0,0.0,0.0,0.0,0.0,0.0,0.0,0.0,NA,0,1007.0
NFT-/XUTR/DEUTH026124A05FZX,20.14,0.0,0.0,1799.0,423.0,19.966,2.014,0.0,0.0,prepaid,0.403,0.0,0.0,19.0,0.0,22.42,378.197,"",'132795588190426991603,2026-05-04,11093620962,22d2abb7-9b4b-4444-87a7-bf20ed4a2641,"",Forward,100038892006,1000012126912,11504,402.86,5.0,1317.0,0.0,1317.0,packet_delivered,0.0,0.0,0.0,0.0,0.0,0.0,0.0,0.0,NA,0,482.0
NFT-/XUTR/DEUTH026124A05FZX,87.0,0.0,0.0,1999.0,1827.0,431.172,8.7,0.0,0.0,prepaid,1.74,167.0,0.0,0.0,0.0,197.06,-1582.448,"",'132785734214894565403,2026-05-04,11091070160,e3fb4868-b359-4c5d-970c-9d267e77459d,100153184825,Reverse,100036341207,100036341207,11504,1740,5.0,1.0,0.0,1.0,return_refund,0.0,0.0,0.0,0.0,0.0,0.0,0.0,0.0,NA,0,1998.0
NFT-/XUTR/DEUTH026124A05FZX,52.24,0.0,0.0,2699.0,1097.0,271.837,5.224,0.0,0.0,prepaid,1.045,0.0,0.0,45.0,0.0,53.1,765.794,"",'132786167930798418801,2026-05-04,11091217232,7e138a77-0551-4cf5-80d8-fafd988eb035,"",Forward,100036488277,100036488277,11504,1044.76,5.0,1431.0,0.0,1431.0,packet_delivered,0.0,0.0,0.0,0.0,0.0,0.0,0.0,0.0,NA,0,1268.01
NFT-/XUTR/DEUTH026124A05FZX,47.76,0.0,0.0,2499.0,1003.0,236.708,4.776,0.0,0.0,prepaid,0.955,0.0,0.0,45.0,0.0,53.1,707.461,"",'132788166113810103701,2026-05-04,11091869144,45eda1b2-df3b-4352-b306-f2f3bd9f9786,"",Forward,100037140189,100037140189,11504,955.24,5.0,1325.0,0.0,1325.0,packet_delivered,0.0,0.0,0.0,0.0,0.0,0.0,0.0,0.0,NA,0,1174.0
NFT-/XUTR/DEUTH026124A05FZX,75.14,0.0,0.0,3499.0,1578.0,391.028,7.514,0.0,0.0,prepaid,1.503,0.0,0.0,45.0,0.0,53.1,1124.855,"",'132805142521780992303,2026-05-04,11095769168,78d75857-06a4-44cd-add4-23d8a493972c,"",Forward,100041040209,1000012170723,11504,1502.86,5.0,1750.0,0.0,1750.0,packet_delivered,0.0,0.0,0.0,0.0,0.0,0.0,0.0,0.0,NA,0,1749.0
NFT-/XUTR/DEUTH026124A05FZX,28.1,0.0,0.0,1850.0,590.0,153.164,2.81,0.0,0.0,prepaid,0.562,0.0,0.0,27.0,0.0,31.86,401.604,"",'132811484155791602303,2026-05-04,11097029712,fb96475a-bb38-461d-bc9e-c3b777e533be,"",Forward,100042300752,1000012166091,11504,561.9,5.0,1166.0,0.0,1166.0,packet_delivered,0.0,0.0,0.0,0.0,0.0,0.0,0.0,0.0,NA,0,684.0
NFT-/XUTR/DEUTH026124A05FZX,0.0,19.19,19.19,1799.0,806.0,209.238,0.0,1.919,1.919,prepaid,0.768,0.0,0.0,27.0,0.0,31.86,560.296,"",'132835820424802567603,2026-05-04,11102050289,09c02cfb-2afd-43d9-bdd5-a4cfd86bbbb5,"",Forward,100047321316,100047321316,11504,767.62,5.0,899.0,0.0,899.0,packet_delivered,0.0,0.0,0.0,0.0,0.0,0.0,0.0,0.0,NA,0,900.0000000000001
NFT-/XUTR/DEUTH026124A05FZX,40.81,0.0,0.0,2799.0,857.0,222.477,4.081,0.0,0.0,prepaid,0.816,182.0,0.0,0.0,0.0,214.76,-844.386,"",'132808530106876804503,2026-05-04,11096610917,226c3070-619f-4af5-a3d1-712f3d97affe,11096610917,Reverse,100041881958,100041881958,11504,816.19,5.0,1848.0,0.0,1848.0,exchange,0.0,0.0,0.0,0.0,0.0,0.0,0.0,0.0,NA,0,950.99
NFT-/XUTR/DEUTH026124A05FZX,37.19,0.0,0.0,1750.0,781.0,202.748,3.719,0.0,0.0,prepaid,0.744,0.0,0.0,27.0,0.0,31.86,541.929,"",'132789585366718000603,2026-05-04,11092405770,188f3fbc-3379-4299-8c83-ce3cd2e8fa45,"",Forward,100037676815,100037676815,11504,743.81,5.0,875.0,0.0,875.0,packet_delivered,0.0,0.0,0.0,0.0,0.0,0.0,0.0,0.0,NA,0,875.0
NFT-/XUTR/DEUTH026124A05FZX,79.91,0.0,0.0,3699.0,1038.49,232.83,4.945,0.0,0.0,prepaid,0.989,0.0,0.0,27.85,0.0,32.863,766.863,"",'132811052797083159101,2026-05-04,11096918045,4fd71c27-462f-4c71-9017-875c620e2240,"",Forward,100042189085,100042189085,11504,1598.1,5.0,1850.0,0.0,1850.0,packet_delivered,0.0,0.0,0.0,0.0,0.0,0.0,0.0,0.0,NA,0,1849.01
NFT-/XUTR/DEUTH026124A05FZX,35.95,0.0,0.0,1699.0,755.0,195.998,3.595,0.0,0.0,prepaid,0.719,0.0,0.0,27.0,0.0,31.86,522.828,"",'132815652248742416901,2026-05-04,11098198526,d9cdbdb9-c07b-44ea-a33b-853428785332,"",Forward,100043469562,100043469562,11504,719.05,5.0,850.0,0.0,850.0,packet_delivered,0.0,0.0,0.0,0.0,0.0,0.0,0.0,0.0,NA,0,849.0
NFT-/XUTR/DEUTH026124A05FZX,45.14,0.0,0.0,1599.0,948.0,246.101,4.514,0.0,0.0,prepaid,0.903,0.0,0.0,27.0,0.0,31.86,664.622,"",'132769772411991049203,2026-05-04,11087563964,fff3e48b-d377-4e1b-80f8-9bdd0389bd97,"",Forward,100032835017,100032835017,11504,902.86,5.0,480.0,0.0,480.0,packet_delivered,0.0,0.0,0.0,0.0,0.0,0.0,0.0,0.0,NA,0,1118.99
NFT-/XUTR/DEUTH026124A05FZX,18.38,0.0,0.0,1650.0,386.0,18.219,1.838,0.0,0.0,prepaid,0.368,0.0,0.0,0.0,0.0,0.0,365.575,"",'132795374337820591703,2026-05-04,11093559814,ba830ac9-6949-4549-b8f7-f191462b7cb1,"",Forward,100038830858,100038830858,11504,367.62,5.0,1205.0,0.0,1205.0,packet_delivered,0.0,0.0,0.0,0.0,0.0,0.0,0.0,0.0,NA,0,445.0
NFT-/XUTR/DEUTH026124A05FZX,0.0,9.52,9.52,1699.0,400.0,18.88,0.0,0.9525,0.9525,prepaid,0.381,0.0,0.0,0.0,0.0,0.0,378.834,"",'132837674467160354501,2026-05-04,11102520705,51b63852-a762-414e-ba68-2a06934f849e,"",Forward,100047791732,1000013782739,11504,380.96,5.0,1205.0,0.0,1205.0,packet_delivered,0.0,0.0,0.0,0.0,0.0,0.0,0.0,0.0,NA,0,493.99999999999994
NFT-/XUTR/DEUTH026124A05FZX,0.0,49.55,49.55,4499.0,2081.0,491.116,0.0,4.955,4.955,prepaid,1.982,0.0,0.0,61.0,0.0,71.98,1506.012,"",'132836250117754955003,2026-05-04,11102121842,0826fa55-2670-4b34-856e-d98573b3c3df,"",Forward,100047392869,100047392869,11504,1981.9,5.0,2212.0,0.0,2212.0,packet_delivered,0.0,0.0,0.0,0.0,0.0,0.0,0.0,0.0,NA,0,2287.0
NFT-/XUTR/DEUTH026124A05FZX,72.76,0.0,0.0,1699.0,1528.0,360.608,7.276,0.0,0.0,prepaid,1.455,167.0,0.0,0.0,0.0,197.06,-1355.721,"",'132780375049833391403,2026-05-04,11090075022,22375287-0fc9-45a9-8db5-5476701d43d0,11090075022,Reverse,100035346074,100035346074,11504,1455.24,5.0,0.0,0.0,0.0,exchange,0.0,0.0,0.0,0.0,0.0,0.0,0.0,0.0,NA,0,1699.0
NFT-/XUTR/DEUTH026124A05FZX,0.0,19.17,19.17,1799.0,805.0,208.978,0.0,1.9165,1.9165,prepaid,0.767,106.0,0.0,0.0,0.0,125.08,-716.502,"",'132832341850159804501,2026-05-04,11101587338,eedd5959-7f38-4a0b-b608-924da92a9a35,100153127873,Reverse,100046858365,100046858365,11504,766.66,5.0,900.0,0.0,900.0,return_refund,0.0,0.0,0.0,0.0,0.0,0.0,0.0,0.0,NA,0,898.9999999999999
NFT-/XUTR/DEUTH026124A05FZX,35.95,0.0,0.0,1699.0,755.0,195.998,3.595,0.0,0.0,prepaid,0.719,0.0,0.0,27.0,0.0,31.86,522.828,"",'132786345822593723503,2026-05-04,11091275699,d6329f7b-2b66-466c-b95c-fe0ee4ff2b74,"",Forward,100036546744,100036546744,11504,719.05,5.0,850.0,0.0,850.0,packet_delivered,0.0,0.0,0.0,0.0,0.0,0.0,0.0,0.0,NA,0,849.0
NFT-/XUTR/DEUTH026124A05FZX,115.19,0.0,0.0,2625.0,2419.0,570.884,11.519,0.0,0.0,prepaid,2.304,182.0,0.0,0.0,0.0,214.76,-2049.053,"",'132802741320541589203,2026-05-04,11095079291,c871bb62-4dd4-4abd-909d-ffd7c7606059,100153501352,Reverse,100040350333,100040350333,11504,2303.81,5.0,0.0,0.0,0.0,return_refund,0.0,0.0,0.0,0.0,0.0,0.0,0.0,0.0,NA,0,2625.0
NFT-/XUTR/DEUTH026124A05FZX,23.67,0.0,0.0,1599.0,497.0,23.458,2.367,0.0,0.0,prepaid,0.473,0.0,0.0,27.0,0.0,31.86,438.842,"",'132789618737961900503,2026-05-04,11092420392,104cd9f5-fcdc-475c-b52c-c18e4cb0083f,"",Forward,100037691437,100037691437,11504,473.33,5.0,1008.0,0.0,1008.0,packet_delivered,0.0,0.0,0.0,0.0,0.0,0.0,0.0,0.0,NA,0,591.0
NFT-/XUTR/DEUTH026124A05FZX,106.81,0.0,0.0,3499.0,2243.0,529.348,10.681,0.0,0.0,prepaid,2.136,0.0,0.0,61.0,0.0,71.98,1628.855,"",'132814961840811088403,2026-05-04,11097938142,39c1bc64-a376-4576-96cb-ee137213ead3,"",Forward,100043209178,100043209178,11504,2136.19,5.0,1050.0,0.0,1050.0,packet_delivered,0.0,0.0,0.0,0.0,0.0,0.0,0.0,0.0,NA,0,2449.0
NFT-/XUTR/DEUTH026124A05FZX,87.05,0.0,0.0,1999.0,1828.0,431.408,8.705,0.0,0.0,prepaid,1.741,0.0,0.0,45.0,0.0,53.1,1333.046,"",'132801099478187409901,2026-05-04,11094701228,053aba95-fcc9-4043-96d0-be379aeac852,"",Forward,100039972270,1000011453112,11504,1740.95,5.0,0.0,0.0,0.0,packet_delivered,0.0,0.0,0.0,0.0,0.0,0.0,0.0,0.0,NA,0,1999.0
NFT-/XUTR/DEUTH026124A05FZX,63.24,0.0,0.0,2999.0,1328.0,329.078,6.324,0.0,0.0,prepaid,1.265,91.0,0.0,0.0,0.0,107.38,-1098.713,"",'132745506613112536403,2026-05-04,11082173123,b722339f-7369-4a42-9859-edc94e9cbe09,100156958471,Reverse,100027444189,100027444189,11504,1264.76,5.0,1500.0,0.0,1500.0,return_refund,0.0,0.0,0.0,0.0,0.0,0.0,0.0,0.0,NA,0,1498.98
NFT-/XUTR/DEUTH026124A05FZX,63.24,0.0,0.0,2999.0,1328.0,329.078,6.324,0.0,0.0,prepaid,1.265,0.0,0.0,45.0,0.0,53.1,938.233,"",'132820715729112709303,2026-05-04,11098940426,ec71bb82-16f7-4bae-9836-c23ad4cc8fb0,"",Forward,100044211461,100044211461,11504,1264.76,5.0,1500.0,0.0,1500.0,packet_delivered,0.0,0.0,0.0,0.0,0.0,0.0,0.0,0.0,NA,0,1499.0
NFT-/XUTR/DEUTH026124A05FZX,56.86,0.0,0.0,1950.0,1194.0,281.784,5.686,0.0,0.0,prepaid,1.137,0.0,0.0,45.0,0.0,53.1,852.293,"",'132824607372304262303,2026-05-04,11100116567,c93225a1-5920-405d-916c-ae139e21f2c9,"",Forward,100045387600,100045387600,11504,1137.14,5.0,585.0,0.0,585.0,packet_delivered,0.0,0.0,0.0,0.0,0.0,0.0,0.0,0.0,NA,0,1365.0
NFT-/XUTR/DEUTH026124A05FZX,63.24,0.0,0.0,2999.0,1328.0,329.078,6.324,0.0,0.0,prepaid,1.265,167.0,0.0,0.0,0.0,197.06,-1188.393,"",'132761757975261688401,2026-05-04,11085795903,647e73a1-4e87-4797-b432-c88d2cf651fe,100152588161,Reverse,100031066957,1000009169411,11504,1264.76,5.0,1500.0,0.0,1500.0,return_refund,0.0,0.0,0.0,0.0,0.0,0.0,0.0,0.0,NA,0,1499.0
NFT-/XUTR/DEUTH026124A05FZX,50.19,0.0,0.0,1750.0,1054.0,248.744,5.019,0.0,0.0,prepaid,1.004,0.0,0.0,45.0,0.0,53.1,746.133,"",'132777790879232491301,2026-05-04,11089314365,2ce8e3f7-161d-4c7c-833f-b5914ba968b9,"",Forward,100034585417,1000009855018,11504,1003.81,5.0,525.0,0.0,525.0,packet_delivered,0.0,0.0,0.0,0.0,0.0,0.0,0.0,0.0,NA,0,1225.0
NFT-/XUTR/DEUTH026124A05FZX,31.19,0.0,0.0,1499.0,655.0,170.038,3.119,0.0,0.0,prepaid,0.624,0.0,0.0,27.0,0.0,31.86,449.359,"",'132794393343679872001,2026-05-04,11093277121,bf07e267-2d6e-4096-a515-854f1049a3fa,"",Forward,100038548166,1000011590148,11504,623.81,5.0,750.0,0.0,750.0,packet_delivered,0.0,0.0,0.0,0.0,0.0,0.0,0.0,0.0,NA,0,749.0
NFT-/XUTR/DEUTH026124A05FZX,19.05,0.0,0.0,1499.0,400.0,18.88,1.905,0.0,0.0,prepaid,0.381,182.0,0.0,0.0,0.0,214.76,-593.594,"",'132819584426276753801,2026-05-04,11098650168,fe2bd015-02bb-4d27-8c73-2a484399f7b4,100154302655,Reverse,100043921203,1000012655209,11504,380.95,5.0,1005.0,0.0,1005.0,return_refund,0.0,0.0,0.0,0.0,0.0,0.0,0.0,0.0,NA,0,494.0
NFT-/XUTR/DEUTH026124A05FZX,82.29,0.0,0.0,1899.0,1728.0,407.808,8.229,0.0,0.0,prepaid,1.646,0.0,0.0,45.0,0.0,53.1,1257.217,"",'132794932027399656203,2026-05-04,11093431640,60ba87c2-840c-4bbf-975c-8d682cdb69fe,"",Forward,100038702684,100038702684,11504,1645.71,5.0,0.0,0.0,0.0,packet_delivered,0.0,0.0,0.0,0.0,0.0,0.0,0.0,0.0,NA,0,1899.0
NFT-/XUTR/DEUTH026124A05FZX,37.19,0.0,0.0,1750.0,781.0,202.748,3.719,0.0,0.0,prepaid,0.744,0.0,0.0,27.0,0.0,31.86,541.929,"",'132797643938972281403,2026-05-04,11094201663,6b22fbae-b6f1-40ef-ae05-211fb85739bc,"",Forward,100039472705,1000011266545,11504,743.81,5.0,875.0,0.0,875.0,packet_delivered,0.0,0.0,0.0,0.0,0.0,0.0,0.0,0.0,NA,0,875.0
NFT-/XUTR/DEUTH026124A05FZX,38.33,0.0,0.0,1799.0,805.0,208.978,3.833,0.0,0.0,prepaid,0.767,0.0,0.0,27.0,0.0,31.86,559.562,"",'132828147096244221401,2026-05-04,11100467670,d1ddfe23-4561-42c4-8884-c91ddf812190,"",Forward,100045738703,100045738703,11504,766.67,5.0,900.0,0.0,900.0,packet_delivered,0.0,0.0,0.0,0.0,0.0,0.0,0.0,0.0,NA,0,899.0
NFT-/XUTR/DEUTH026124A05FZX,50.43,0.0,0.0,1850.0,1059.0,249.924,5.043,0.0,0.0,prepaid,1.009,0.0,0.0,45.0,0.0,53.1,749.924,"",'132836336479592813201,2026-05-04,11102139080,bdffb8f5-cddc-4ef9-96ad-cd1c43d01e07,"",Forward,100047410107,100047410107,11504,1008.57,5.0,620.0,0.0,620.0,packet_delivered,0.0,0.0,0.0,0.0,0.0,0.0,0.0,0.0,NA,0,1230.0
NFT-/XUTR/DEUTH026124A05FZX,18.95,0.0,0.0,1699.0,398.0,18.786,1.895,0.0,0.0,prepaid,0.379,182.0,0.0,0.0,0.0,214.76,-591.7,"",'132798560482104714203,2026-05-04,11094521164,7bd4af76-23c5-4d8f-b68c-42065fdebd53,100152737947,Reverse,100039792206,1000011332570,11504,379.05,5.0,1207.0,0.0,1207.0,return_refund,0.0,0.0,0.0,0.0,0.0,0.0,0.0,0.0,NA,0,492.0
NFT-/XUTR/DEUTH026124A05FZX,37.19,0.0,0.0,1750.0,781.0,202.748,3.719,0.0,0.0,prepaid,0.744,0.0,0.0,27.0,0.0,31.86,541.929,"",'132788034932831259603,2026-05-04,11091825237,8217c4c8-861c-4e01-8c70-5812894b16ae,"",Forward,100037096282,1000010585661,11504,743.81,5.0,875.0,0.0,875.0,packet_delivered,0.0,0.0,0.0,0.0,0.0,0.0,0.0,0.0,NA,0,875.0
NFT-/XUTR/DEUTH026124A05FZX,21.91,0.0,0.0,1499.0,459.99999999999994,21.712,2.19,0.0,0.0,prepaid,0.438,167.0,0.0,0.0,0.0,197.06,-632.72,"",'132787959654803132103,2026-05-04,11091800243,c1bc3c45-28f9-49f0-87c6-06484bc6ea79,100152324456,Reverse,100037071288,100037071288,11504,438.1,5.0,945.0,0.0,945.0,return_refund,0.0,0.0,0.0,0.0,0.0,0.0,0.0,0.0,NA,0,554.01
NFT-/XUTR/DEUTH026124A05FZX,487.07,0.0,0.0,3399.0,3193.0,753.548,13.53,0.0,0.0,prepaid,2.706,106.0,0.0,0.0,0.0,125.08,-2548.296,"",'132832759005979988603,2026-05-04,11101723138,a50a6d01-d2f0-433d-9f75-9d90a9362aa8,100153530031,Reverse,100046994165,100046994165,11504,2705.93,18.0,0.0,0.0,0.0,return_refund,0.0,0.0,0.0,0.0,0.0,0.0,0.0,0.0,NA,0,3399.0
NFT-/XUTR/DEUTH026124A05FZX,63.24,0.0,0.0,2999.0,1328.0,329.078,6.324,0.0,0.0,prepaid,1.265,127.0,0.0,0.0,0.0,149.86,-1141.193,"",'132836675292477291101,2026-05-04,11102217650,fc7eb5ed-188b-467c-a301-27abd526bba5,100153861603,Reverse,100047488677,100047488677,11504,1264.76,5.0,1500.0,0.0,1500.0,return_refund,0.0,0.0,0.0,0.0,0.0,0.0,0.0,0.0,NA,0,1499.0
NFT-/XUTR/DEUTH026124A05FZX,34.05,0.0,0.0,1799.0,715.0,185.614,3.405,0.0,0.0,prepaid,0.681,0.0,0.0,27.0,0.0,31.86,493.44,"",'132790423379005187403,2026-05-04,11092682200,f56f12f3-08e7-4873-8894-f9e3f8c2cc38,"",Forward,100037953245,1000011586473,11504,680.95,5.0,990.0,0.0,990.0,packet_delivered,0.0,0.0,0.0,0.0,0.0,0.0,0.0,0.0,NA,0,809.0
NFT-/XUTR/DEUTH026124A05FZX,55.14,0.0,0.0,1899.0,1158.0,273.288,5.514,0.0,0.0,prepaid,1.103,0.0,0.0,45.0,0.0,53.1,824.995,"",'132798075384166033501,2026-05-04,11094355800,a85b3f62-65c3-4221-abbe-33427f14316c,"",Forward,100039626842,100039626842,11504,1102.86,5.0,570.0,0.0,570.0,packet_delivered,0.0,0.0,0.0,0.0,0.0,0.0,0.0,0.0,NA,0,1329.0
NFT-/XUTR/DEUTH026124A05FZX,42.43,0.0,0.0,2899.0,891.0,231.304,4.243,0.0,0.0,prepaid,0.849,0.0,0.0,27.0,0.0,31.86,622.744,"",'132802589918373843303,2026-05-04,11095032081,da201a42-9faa-44e9-9410-62f259de4483,"",Forward,100040303123,100040303123,11504,848.57,5.0,1914.0,0.0,1914.0,packet_delivered,0.0,0.0,0.0,0.0,0.0,0.0,0.0,0.0,NA,0,985.0
NFT-/XUTR/DEUTH026124A05FZX,56.1,0.0,0.0,2999.0,1178.0,291.908,5.61,0.0,0.0,prepaid,1.122,0.0,0.0,45.0,0.0,53.1,826.26,"",'132818521835349966601,2026-05-04,11098437835,85380da1-bd81-4931-8e47-30796fa3f8ba,"",Forward,100043708871,100043708871,11504,1121.9,5.0,1650.0,0.0,1650.0,packet_delivered,0.0,0.0,0.0,0.0,0.0,0.0,0.0,0.0,NA,0,1348.99
NFT-/XUTR/DEUTH026124A05FZX,37.76,0.0,0.0,2399.0,793.0,37.43,3.776,0.0,0.0,prepaid,0.755,0.0,0.0,27.0,0.0,31.86,719.179,"",'132823279730627818401,2026-05-04,11099651515,1489d9f9-2339-47fc-b3c1-b0bb5477447f,"",Forward,100044922549,100044922549,11504,755.24,5.0,1512.0,0.0,1512.0,packet_delivered,0.0,0.0,0.0,0.0,0.0,0.0,0.0,0.0,NA,0,887.0
NFT-/XUTR/DEUTH026124A05FZX,23.67,0.0,0.0,1599.0,497.0,23.458,2.367,0.0,0.0,prepaid,0.473,182.0,0.0,0.0,0.0,214.76,-685.462,"",'132819550026078729001,2026-05-04,11098641458,096caaf6-02b6-437d-a1fc-cb4b8664499c,100153992971,Reverse,100043912493,1000012654805,11504,473.33,5.0,1008.0,0.0,1008.0,return_refund,0.0,0.0,0.0,0.0,0.0,0.0,0.0,0.0,NA,0,591.0
NFT-/XUTR/DEUTH026124A05FZX,18.95,0.0,0.0,1699.0,398.0,18.786,1.895,0.0,0.0,prepaid,0.379,0.0,0.0,0.0,0.0,0.0,376.94,"",'132787487594516280301,2026-05-04,11091646345,118c0a8e-776e-4ace-b399-f82b70e16c5a,"",Forward,100036917390,100036917390,11504,379.05,5.0,1207.0,0.0,1207.0,packet_delivered,0.0,0.0,0.0,0.0,0.0,0.0,0.0,0.0,NA,0,492.0
NFT-/XUTR/DEUTH026124A05FZX,35.76,0.0,0.0,1799.0,626.0,162.51,2.981,0.0,0.0,prepaid,0.596,0.0,0.0,22.506,0.0,26.55708,433.356,"",'132803110919442371901,2026-05-04,11095196074,ca678a4c-15db-45e6-bbf0-8a0b5aac6b24,"",Forward,100040467116,1000011598255,11504,715.24,5.0,954.0,125.0,1079.0,packet_delivered,0.0,0.0,0.0,0.0,0.0,0.0,0.0,0.0,NA,0,845.0
NFT-/XUTR/DEUTH026124A05FZX,23.67,0.0,0.0,1599.0,497.0,23.458,2.367,0.0,0.0,prepaid,0.473,0.0,0.0,27.0,0.0,31.86,438.842,"",'132811296745623921101,2026-05-04,11096980993,bf6d2bc1-0505-4fdf-a22d-83bc533ffee2,"",Forward,100042252033,100042252033,11504,473.33,5.0,1008.0,0.0,1008.0,packet_delivered,0.0,0.0,0.0,0.0,0.0,0.0,0.0,0.0,NA,0,591.0
NFT-/XUTR/DEUTH026124A05FZX,18.95,0.0,0.0,1699.0,398.0,18.786,1.895,0.0,0.0,prepaid,0.379,0.0,0.0,0.0,0.0,0.0,376.94,"",'132824338516290184301,2026-05-04,11100050661,de660bf4-580f-4512-849f-828ae4e55222,"",Forward,100045321694,100045321694,11504,379.05,5.0,1207.0,0.0,1207.0,packet_delivered,0.0,0.0,0.0,0.0,0.0,0.0,0.0,0.0,NA,0,492.0
NFT-/XUTR/DEUTH026124A05FZX,0.0,47.31,47.31,3299.0,1987.0,492.379,0.0,4.731,4.731,prepaid,1.892,0.0,0.0,45.0,0.0,53.1,1430.167,"",'132833859884234426503,2026-05-04,11101946364,facdec4d-c8a2-4f8d-b063-f0348106a0b5,"",Forward,100047217391,100047217391,11504,1892.38,5.0,1106.0,0.0,1106.0,packet_delivered,0.0,0.0,0.0,0.0,0.0,0.0,0.0,0.0,NA,0,2193.0
NFT-/XUTR/DEUTH026124A05FZX,19.29,0.0,0.0,1999.0,405.0,19.116,1.929,0.0,0.0,prepaid,0.386,182.0,0.0,0.0,0.0,214.76,-598.329,"",'132802134312061396603,2026-05-04,11094898181,7a729b6b-b81d-4e68-b197-36834c194035,100154424479,Reverse,100040169223,1000011506645,11504,385.71,5.0,1500.0,0.0,1500.0,return_refund,0.0,0.0,0.0,0.0,0.0,0.0,0.0,0.0,NA,0,499.0
NFT-/XUTR/DEUTH026124A05FZX,37.19,0.0,0.0,1750.0,781.0,202.748,3.719,0.0,0.0,prepaid,0.744,0.0,0.0,27.0,0.0,31.86,541.929,"",'132789125232910626001,2026-05-04,11092205027,7a22fa62-b452-4792-8fda-a466778be116,"",Forward,100037476072,100037476072,11504,743.81,5.0,875.0,0.0,875.0,packet_delivered,0.0,0.0,0.0,0.0,0.0,0.0,0.0,0.0,NA,0,875.0
NFT-/XUTR/DEUTH026124A05FZX,75.19,0.0,0.0,1750.0,1579.0,372.644,7.519,0.0,0.0,prepaid,1.504,0.0,0.0,45.0,0.0,53.1,1144.233,"",'132815617258511487801,2026-05-04,11098187631,888cf1aa-6c22-4f7e-a4ef-c75432326d0a,"",Forward,100043458667,100043458667,11504,1503.81,5.0,0.0,0.0,0.0,packet_delivered,0.0,0.0,0.0,0.0,0.0,0.0,0.0,0.0,NA,0,1750.0
NFT-/XUTR/DEUTH026124A05FZX,36.19,0.0,0.0,1899.0,760.0,197.296,3.619,0.0,0.0,prepaid,0.724,0.0,0.0,27.0,0.0,31.86,526.501,"",'132819323765505529803,2026-05-04,11098588097,c999a1c4-fd95-4a7c-b5f9-ca291a36bed9,"",Forward,100043859132,100043859132,11504,723.81,5.0,1045.0,0.0,1045.0,packet_delivered,0.0,0.0,0.0,0.0,0.0,0.0,0.0,0.0,NA,0,853.98
NFT-/XUTR/DEUTH026124A05FZX,40.24,0.0,0.0,1999.0,845.0,219.362,4.024,0.0,0.0,prepaid,0.805,167.0,0.0,0.0,0.0,197.06,-817.869,"",'132788977431398665801,2026-05-04,11092147216,0a33f50e-5e3c-4e58-8cb7-a7e8ca75a5e7,100152923698,Reverse,100037418261,1000010655773,11504,804.76,5.0,1060.0,0.0,1060.0,return_refund,0.0,0.0,0.0,0.0,0.0,0.0,0.0,0.0,NA,0,939.0
NFT-/XUTR/DEUTH026124A05FZX,31.91,0.0,0.0,1699.0,670.0,173.932,3.19,0.0,0.0,prepaid,0.638,182.0,0.0,0.0,0.0,214.76,-707.0,"",'132794442810394455203,2026-05-04,11093291743,57e90e3e-ad76-47b8-b5b1-409ad79d355e,100156112827,Reverse,100038562787,1000011034995,11504,638.1,5.0,935.0,0.0,935.0,return_refund,0.0,0.0,0.0,0.0,0.0,0.0,0.0,0.0,NA,0,764.01
NFT-/XUTR/DEUTH026124A05FZX,63.24,0.0,0.0,2999.0,1328.0,329.078,6.324,0.0,0.0,prepaid,1.265,182.0,0.0,0.0,0.0,214.76,-1206.093,"",'132805749927307623603,2026-05-04,11095958501,8260c193-bd29-4d11-a899-be82ecf8354f,100154550238,Reverse,100041229542,1000012141959,11504,1264.76,5.0,1500.0,0.0,1500.0,return_refund,0.0,0.0,0.0,0.0,0.0,0.0,0.0,0.0,NA,0,1499.0
NFT-/XUTR/DEUTH026124A05FZX,39.57,0.0,0.0,1850.0,831.0,215.728,3.957,0.0,0.0,prepaid,0.791,0.0,0.0,27.0,0.0,31.86,578.664,"",'132788977431398665801,2026-05-04,11092147215,0a33f50e-5e3c-4e58-8cb7-a7e8ca75a5e7,"",Forward,100037418260,1000010655773,11504,791.43,5.0,925.0,0.0,925.0,packet_delivered,0.0,0.0,0.0,0.0,0.0,0.0,0.0,0.0,NA,0,925.0
NFT-/XUTR/DEUTH026124A05FZX,63.24,0.0,0.0,2999.0,132.889,32.93,0.633,0.0,0.0,prepaid,0.127,0.0,0.0,4.503,0.0,5.31354,93.885,"",'132795617794114515001,2026-05-04,11093628936,70a804d1-74d9-44fe-bfc4-3cf46a241301,"",Forward,100038899980,100038899980,11504,1264.76,5.0,1500.0,0.0,1500.0,packet_delivered,0.0,0.0,0.0,0.0,0.0,0.0,0.0,0.0,NA,0,1498.99
NFT-/XUTR/DEUTH026124A05FZX,63.29,0.0,0.0,2999.0,1329.0,329.326,6.329,0.0,0.0,prepaid,1.266,106.0,0.0,0.0,0.0,125.08,-1117.159,"",'132838937348625916703,2026-05-04,11102888541,9bc444f1-540c-46cc-a888-88224220b68a,100153716378,Reverse,100048159555,1000014223502,11504,1265.71,5.0,1499.0,0.0,1499.0,return_refund,0.0,0.0,0.0,0.0,0.0,0.0,0.0,0.0,NA,0,1500.0
NFT-/XUTR/DEUTH026124A05FZX,42.91,0.0,0.0,2899.0,901.0,233.9,4.29,0.0,0.0,prepaid,0.858,0.0,0.0,27.0,0.0,31.86,630.092,"",'132781475840761352503,2026-05-04,11090426275,c68d0e98-dbfa-4867-8301-a6b346f30e84,"",Forward,100035697325,1000010983851,11504,858.1,5.0,1827.0,0.0,1827.0,packet_delivered,0.0,0.0,0.0,0.0,0.0,0.0,0.0,0.0,NA,0,1072.01
NFT-/XUTR/DEUTH026124A05FZX,32.43,0.0,0.0,1650.0,681.0,176.788,3.243,0.0,0.0,prepaid,0.649,127.0,0.0,0.0,0.0,149.86,-650.18,"",'132828226640686830203,2026-05-04,11100490335,451c6161-9959-47e6-9e7b-a8d1324b589b,100154977477,Reverse,100045761368,100045761368,11504,648.57,5.0,875.0,0.0,875.0,return_refund,0.0,0.0,0.0,0.0,0.0,0.0,0.0,0.0,NA,0,775.0
NFT-/XUTR/DEUTH026124A05FZX,19.1,0.0,0.0,1599.0,401.00000000000006,18.927,1.91,0.0,0.0,prepaid,0.382,106.0,0.0,0.0,0.0,125.08,-504.861,"",'132831507643525772101,2026-05-04,11101350620,6f846045-fa8f-4819-9486-a709045905f2,100153101810,Reverse,100046621647,1000013435441,11504,381.9,5.0,1104.0,0.0,1104.0,return_refund,0.0,0.0,0.0,0.0,0.0,0.0,0.0,0.0,NA,0,495.0
NFT-/XUTR/DEUTH026124A05FZX,35.95,0.0,0.0,1699.0,755.0,195.998,3.595,0.0,0.0,prepaid,0.719,0.0,0.0,27.0,0.0,31.86,522.828,"",'132763425876366552803,2026-05-04,11086329943,b14e3461-342f-43eb-9d40-a63f35fe6ea7,"",Forward,100031600997,100031600997,11504,719.05,5.0,850.0,0.0,850.0,packet_delivered,0.0,0.0,0.0,0.0,0.0,0.0,0.0,0.0,NA,0,849.0
NFT-/XUTR/DEUTH026124A05FZX,72.76,0.0,0.0,1699.0,1528.0,360.608,7.276,0.0,0.0,prepaid,1.455,0.0,0.0,45.0,0.0,53.1,1105.561,"",'132784250948414279503,2026-05-04,11090643166,70a05a5d-582e-48ed-b215-6b5a5e364c3e,"",Forward,100035914217,100035914217,11504,1455.24,5.0,0.0,0.0,0.0,packet_delivered,0.0,0.0,0.0,0.0,0.0,0.0,0.0,0.0,NA,0,1699.0
NFT-/XUTR/DEUTH026124A05FZX,63.24,0.0,0.0,2999.0,426.49,105.684,2.031,0.0,0.0,prepaid,0.406,0.0,0.0,14.452,0.0,17.05336,301.316,"",'132768727006528123003,2026-05-04,11087275401,e1814763-93e4-4e05-b05c-d325b728893d,"",Forward,100032546454,100032546454,11504,1264.76,5.0,1500.0,0.0,1500.0,packet_delivered,0.0,0.0,0.0,0.0,0.0,0.0,0.0,0.0,NA,0,1499.0
NFT-/XUTR/DEUTH026124A05FZX,103.48,0.0,0.0,3399.0,2173.0,512.828,10.348,0.0,0.0,prepaid,2.07,167.0,0.0,0.0,0.0,197.06,-1844.814,"",'132777630465352597203,2026-05-04,11089264772,dd7ba242-37a6-42a3-a0d6-4d50f511b45a,100152515444,Reverse,100034535824,100034535824,11504,2069.52,5.0,1020.0,0.0,1020.0,return_refund,0.0,0.0,0.0,0.0,0.0,0.0,0.0,0.0,NA,0,2379.0
NFT-/XUTR/DEUTH026124A05FZX,42.62,0.0,0.0,2999.0,895.0,232.342,4.262,0.0,0.0,prepaid,0.852,167.0,0.0,0.0,0.0,197.06,-854.604,"",'132779643975678802503,2026-05-04,11089851949,28e231d4-1285-4c33-a7da-1591e31c30c1,100152757796,Reverse,100035123000,100035123000,11504,852.38,5.0,2010.0,0.0,2010.0,return_refund,0.0,0.0,0.0,0.0,0.0,0.0,0.0,0.0,NA,0,989.0
NFT-/XUTR/DEUTH026124A05FZX,36.0,0.0,0.0,2299.0,756.0,196.258,3.6,0.0,0.0,prepaid,0.72,167.0,0.0,0.0,0.0,197.06,-752.482,"",'132789396377591803201,2026-05-04,11092320795,ca2527eb-0df8-46be-8585-4f75ff6d8df1,11092320795,Reverse,100037591840,100037591840,11504,720,5.0,1449.0,0.0,1449.0,exchange,0.0,0.0,0.0,0.0,0.0,0.0,0.0,0.0,NA,0,850.0
NFT-/XUTR/DEUTH026124A05FZX,77.52,0.0,0.0,1799.0,1628.0,384.208,7.752,0.0,0.0,prepaid,1.55,182.0,0.0,0.0,0.0,214.76,-1449.25,"",'132806351366376948803,2026-05-04,11096161720,1242b748-c9af-47ac-b50d-9657d60c216e,100153045775,Reverse,100041432761,1000011855059,11504,1550.48,5.0,0.0,0.0,0.0,return_refund,0.0,0.0,0.0,0.0,0.0,0.0,0.0,0.0,NA,0,1799.0
NFT-/XUTR/DEUTH026124A05FZX,47.76,0.0,0.0,2499.0,1003.0,236.708,4.776,0.0,0.0,prepaid,0.955,182.0,0.0,0.0,0.0,214.76,-975.321,"",'132815469181214939801,2026-05-04,11098131126,2bc40a20-d6ea-4609-9c56-524eccae230a,11098131126,Reverse,100043402162,100043402162,11504,955.24,5.0,1325.0,0.0,1325.0,exchange,0.0,0.0,0.0,0.0,0.0,0.0,0.0,0.0,NA,0,1174.0
NFT-/XUTR/DEUTH026124A05FZX,19.1,0.0,0.0,1599.0,401.0,18.927,1.91,0.0,0.0,prepaid,0.382,0.0,0.0,15.0,0.0,17.7,362.081,"",'132789964559177215303,2026-05-04,11092562041,c247c80f-7225-4019-be96-3fd2a58d9b7c,"",Forward,100037833086,1000010726751,11504,381.9,5.0,1104.0,0.0,1104.0,packet_delivered,0.0,0.0,0.0,0.0,0.0,0.0,0.0,0.0,NA,0,495.0
NFT-/XUTR/DEUTH026124A05FZX,33.57,0.0,0.0,1599.0,705.0,183.018,3.357,0.0,0.0,prepaid,0.671,0.0,0.0,27.0,0.0,31.86,486.094,"",'132811086161349332601,2026-05-04,11096926488,0046950d-5ef8-4bb6-b945-99f7e3f1c10f,"",Forward,100042197528,1000012119945,11504,671.43,5.0,800.0,0.0,800.0,packet_delivered,0.0,0.0,0.0,0.0,0.0,0.0,0.0,0.0,NA,0,799.0
NFT-/XUTR/DEUTH026124A05FZX,63.24,0.0,0.0,2999.0,1328.0,329.078,6.324,0.0,0.0,prepaid,1.265,0.0,0.0,45.0,0.0,53.1,938.233,"",'132819447082942923303,2026-05-04,11098616281,1f403419-4190-4f08-96b9-708442a1979d,"",Forward,100043887316,100043887316,11504,1264.76,5.0,1500.0,0.0,1500.0,packet_delivered,0.0,0.0,0.0,0.0,0.0,0.0,0.0,0.0,NA,0,1499.0
NFT-/XUTR/DEUTH026124A05FZX,18.48,0.0,0.0,1599.0,221.73,10.466,1.056,0.0,0.0,prepaid,0.211,0.0,0.0,0.0,0.0,0.0,209.997,"",'132827280327909726101,2026-05-04,11100294105,bf547b01-7019-4280-a8ae-d5671473b3d2,"",Forward,100045565138,100045565138,11504,369.52,5.0,1152.0,0.0,1152.0,packet_delivered,0.0,0.0,0.0,0.0,0.0,0.0,0.0,0.0,NA,0,447.0
NFT-/XUTR/DEUTH026124A05FZX,0.0,22.81,22.81,1699.0,958.0,248.697,0.0,2.281,2.281,prepaid,0.912,0.0,0.0,27.0,0.0,31.86,671.969,"",'132838324304017395003,2026-05-04,11102702222,0986966b-3c4c-4214-afe2-fcb0b2196942,"",Forward,100047973249,100047973249,11504,912.38,5.0,570.0,0.0,570.0,packet_delivered,0.0,0.0,0.0,0.0,0.0,0.0,0.0,0.0,NA,0,1129.0
NFT-/XUTR/DEUTH026124A05FZX,39.86,0.0,0.0,3450.0,837.0,217.285,3.986,0.0,0.0,prepaid,0.797,127.0,0.0,0.0,0.0,149.86,-764.792,"",'132813652965812769303,2026-05-04,11097587810,f552061d-a456-469d-b80d-d5530cea91a8,100153078264,Reverse,100042858846,1000012701237,11504,797.14,5.0,2519.0,0.0,2519.0,return_refund,0.0,0.0,0.0,0.0,0.0,0.0,0.0,0.0,NA,0,931.0
NFT-/XUTR/DEUTH026124A05FZX,100.14,0.0,0.0,3299.0,2103.0,496.308,10.014,0.0,0.0,prepaid,2.003,106.0,0.0,0.0,0.0,125.08,-1719.755,"",'132841564994007435203,2026-05-04,11103616199,19590359-ebb6-47fe-9659-e6648512a07a,100153510407,Reverse,100048887208,1000014246015,11504,2002.86,5.0,990.0,0.0,990.0,return_refund,0.0,0.0,0.0,0.0,0.0,0.0,0.0,0.0,NA,0,2309.0
NFT-/XUTR/DEUTH026124A05FZX,106.81,0.0,0.0,3499.0,2243.0,529.348,10.681,0.0,0.0,prepaid,2.136,0.0,0.0,61.0,0.0,71.98,1628.855,"",'132795631174122946401,2026-05-04,11093632705,6b9b08ed-4bd3-4d84-b2b4-d1539b0c4838,"",Forward,100038903749,100038903749,11504,2136.19,5.0,1050.0,0.0,1050.0,packet_delivered,0.0,0.0,0.0,0.0,0.0,0.0,0.0,0.0,NA,0,2449.0
NFT-/XUTR/DEUTH026124A05FZX,103.48,0.0,0.0,3399.0,2173.0,487.187,10.348,0.0,0.0,prepaid,2.07,127.0,0.0,0.0,0.0,149.86,-1823.255,"",'132805800840390077603,2026-05-04,11095975609,075a1ed6-aa47-40fe-a33a-d533d7dcccf3,100152905075,Reverse,100041246650,1000012186000,11504,2069.52,5.0,1020.0,0.0,1020.0,return_refund,0.0,0.0,0.0,0.0,0.0,0.0,0.0,0.0,NA,0,2379.0
NFT-/XUTR/DEUTH026124A05FZX,90.14,0.0,0.0,2999.0,1893.0,469.085,9.014,0.0,0.0,prepaid,1.803,0.0,0.0,45.0,0.0,53.1,1359.998,"",'132788730319314857201,2026-05-04,11092056202,0791eae4-e7a7-43b8-ad7e-6f249097d786,"",Forward,100037327247,1000011580611,11504,1802.86,5.0,900.0,0.0,900.0,packet_delivered,0.0,0.0,0.0,0.0,0.0,0.0,0.0,0.0,NA,0,2099.0
NFT-/XUTR/DEUTH026124A05FZX,106.81,0.0,0.0,3499.0,2243.0,529.348,10.681,0.0,0.0,prepaid,2.136,0.0,0.0,61.0,0.0,71.98,1628.855,"",'132803892105847349001,2026-05-04,11095424189,bbdd7968-eeb1-42ce-af35-ea49a7177050,"",Forward,100040695230,100040695230,11504,2136.19,5.0,1050.0,0.0,1050.0,packet_delivered,0.0,0.0,0.0,0.0,0.0,0.0,0.0,0.0,NA,0,2449.0
NFT-/XUTR/DEUTH026124A05FZX,24.57,0.0,0.0,1650.0,25.939999999999998,6.734,0.124,0.0,0.0,prepaid,0.025,8.395,0.0,0.0,0.0,9.9061,-28.963,"",'132780892275393335803,2026-05-04,11090256388,32aba984-3009-4302-958b-04d625c864ac,100153051003,Reverse,100035527439,1000010378654,11504,491.43,5.0,1040.0,0.0,1040.0,return_refund,0.0,0.0,0.0,0.0,0.0,0.0,0.0,0.0,NA,0,610.0
NFT-/XUTR/DEUTH026124A05FZX,31.19,0.0,0.0,1499.0,655.0,170.038,3.119,0.0,0.0,prepaid,0.624,106.0,0.0,0.0,0.0,125.08,-606.299,"",'132801344679820819503,2026-05-04,11094731688,0a2cb6cc-64d0-4e78-b984-c74095202539,100152758417,Reverse,100040002730,1000011569429,11504,623.81,5.0,750.0,0.0,750.0,return_refund,0.0,0.0,0.0,0.0,0.0,0.0,0.0,0.0,NA,0,749.0
NFT-/XUTR/DEUTH026124A05FZX,90.14,0.0,0.0,2999.0,1893.0,469.085,9.014,0.0,0.0,prepaid,1.803,106.0,0.0,0.0,0.0,125.08,-1538.178,"",'132841564994007435203,2026-05-04,11103616203,19590359-ebb6-47fe-9659-e6648512a07a,11103616203,Reverse,100048887212,1000014246015,11504,1802.86,5.0,900.0,0.0,900.0,exchange,0.0,0.0,0.0,0.0,0.0,0.0,0.0,0.0,NA,0,2099.0
NFT-/XUTR/DEUTH026124A05FZX,48.48,0.0,0.0,1699.0,1018.0,240.248,4.848,0.0,0.0,prepaid,0.97,182.0,0.0,0.0,0.0,214.76,-986.694,"",'132799573688561968301,2026-05-04,11094639361,9e224e42-172c-4631-99b4-b14876cc1f8c,100154083555,Reverse,100039910403,100039910403,11504,969.52,5.0,510.0,0.0,510.0,return_refund,0.0,0.0,0.0,0.0,0.0,0.0,0.0,0.0,NA,0,1189.0
NFT-/XUTR/DEUTH026124A05FZX,18.95,0.0,0.0,1699.0,325.0,15.339999999999996,1.548,0.0,0.0,prepaid,0.31,0.0,0.0,0.0,0.0,0.0,307.802,"",'132803110919442371901,2026-05-04,11095196075,ca678a4c-15db-45e6-bbf0-8a0b5aac6b24,"",Forward,100040467117,1000011598255,11504,379.05,5.0,1207.0,73.0,1280.0,packet_delivered,0.0,0.0,0.0,0.0,0.0,0.0,0.0,0.0,NA,0,492.0
NFT-/XUTR/DEUTH026124A05FZX,19.1,0.0,0.0,1599.0,401.0,18.927,1.91,0.0,0.0,prepaid,0.382,182.0,0.0,0.0,0.0,214.76,-594.541,"",'132818411244368512503,2026-05-04,11098424385,f6e6143e-a73c-436e-ba66-e406ad9e91a9,100153746091,Reverse,100043695421,100043695421,11504,381.9,5.0,1104.0,0.0,1104.0,return_refund,0.0,0.0,0.0,0.0,0.0,0.0,0.0,0.0,NA,0,495.0
NFT-/XUTR/DEUTH026124A05FZX,38.33,0.0,0.0,1799.0,435.51,113.058,2.074,0.0,0.0,prepaid,0.415,57.347,0.0,0.0,0.0,67.66946,-387.632,"",'132794754639113615103,2026-05-04,11093380940,6b5b7018-699d-455a-bbfd-873740658c8e,100152607547,Reverse,100038651984,1000011045029,11504,766.67,5.0,900.0,0.0,900.0,return_refund,0.0,0.0,0.0,0.0,0.0,0.0,0.0,0.0,NA,0,899.0
NFT-/XUTR/DEUTH026124A05FZX,34.29,0.0,0.0,2200.0,358.995,16.945,1.709,0.0,0.0,prepaid,0.342,0.0,0.0,13.462,0.0,15.88516,324.114,"",'132827540067173315103,2026-05-04,11100336863,7f50d90b-a36c-4119-b1c5-2cfea340ef63,"",Forward,100045607896,100045607896,11504,685.71,5.0,1386.0,0.0,1386.0,packet_delivered,0.0,0.0,0.0,0.0,0.0,0.0,0.0,0.0,NA,0,814.01
NFT-/XUTR/DEUTH026124A05FZX,31.29,0.0,0.0,1599.0,657.0,170.557,3.129,0.0,0.0,prepaid,0.626,127.0,0.0,0.0,0.0,149.86,-632.548,"",'132802993295056330001,2026-05-04,11095158652,5a7d4aaa-b350-4cee-af15-dbce958ee6d0,100154534632,Reverse,100040429694,100040429694,11504,625.71,5.0,848.0,0.0,848.0,return_refund,0.0,0.0,0.0,0.0,0.0,0.0,0.0,0.0,NA,0,751.0
NFT-/XUTR/DEUTH026124A05FZX,72.76,0.0,0.0,3399.0,1528.0,378.638,7.276,0.0,0.0,prepaid,1.455,0.0,0.0,45.0,0.0,53.1,1087.531,"",'132785941587794502101,2026-05-04,11091141121,209cefbd-89c2-4084-ba66-4ce74ee65688,"",Forward,100036412167,100036412167,11504,1455.24,5.0,1700.0,0.0,1700.0,packet_delivered,0.0,0.0,0.0,0.0,0.0,0.0,0.0,0.0,NA,0,1699.0
NFT-/XUTR/DEUTH026124A05FZX,51.33,0.0,0.0,2499.0,1078.0,254.408,5.133,0.0,0.0,prepaid,1.027,0.0,0.0,45.0,0.0,53.1,764.332,"",'132801919381113942901,2026-05-04,11094842123,e7ab8ea7-9d56-4d0a-994c-a670dcbc9fdf,"",Forward,100040113165,1000011487502,11504,1026.67,5.0,1250.0,0.0,1250.0,packet_delivered,0.0,0.0,0.0,0.0,0.0,0.0,0.0,0.0,NA,0,1249.0
NFT-/XUTR/DEUTH026124A05FZX,45.52,0.0,0.0,2399.0,956.0,248.178,4.552,0.0,0.0,prepaid,0.91,0.0,0.0,27.0,0.0,31.86,670.5,"",'132788418421723587303,2026-05-04,11091953247,08082766-7aa3-4717-8802-e24060dd7e59,"",Forward,100037224291,100037224291,11504,910.48,5.0,1272.0,0.0,1272.0,packet_delivered,0.0,0.0,0.0,0.0,0.0,0.0,0.0,0.0,NA,0,1127.0
NFT-/XUTR/DEUTH026124A05FZX,81.33,0.0,0.0,3999.0,1708.0,423.242,8.133,0.0,0.0,prepaid,1.627,0.0,0.0,45.0,0.0,53.1,1221.898,"",'132790747441752102103,2026-05-04,11092715611,ce5a09b7-cb25-45ce-9fbf-b5b26b92621a,"",Forward,100037986656,100037986656,11504,1626.67,5.0,2120.0,0.0,2120.0,packet_delivered,0.0,0.0,0.0,0.0,0.0,0.0,0.0,0.0,NA,0,1879.0
NFT-/XUTR/DEUTH026124A05FZX,70.38,0.0,0.0,3299.0,1478.0,366.248,7.038,0.0,0.0,prepaid,1.408,0.0,0.0,45.0,0.0,53.1,1050.206,"",'132811651879850074801,2026-05-04,11097076918,f1b40a50-dbb3-4172-b799-fbf607ff7118,"",Forward,100042347958,100042347958,11504,1407.62,5.0,1650.0,0.0,1650.0,packet_delivered,0.0,0.0,0.0,0.0,0.0,0.0,0.0,0.0,NA,0,1649.0
NFT-/XUTR/DEUTH026124A05FZX,63.24,0.0,0.0,2999.0,1328.0,329.078,6.324,0.0,0.0,prepaid,1.265,0.0,0.0,45.0,0.0,53.1,938.233,"",'132796880858333256103,2026-05-04,11093973362,83b8d04a-0901-44a0-8d09-8f45a710cea6,"",Forward,100039244404,100039244404,11504,1264.76,5.0,1500.0,0.0,1500.0,packet_delivered,0.0,0.0,0.0,0.0,0.0,0.0,0.0,0.0,NA,0,1498.99
NFT-/XUTR/DEUTH026124A05FZX,63.24,0.0,0.0,2999.0,1328.0,329.078,6.324,0.0,0.0,prepaid,1.265,0.0,0.0,45.0,0.0,53.1,938.233,"",'132812920631094021403,2026-05-04,11097407367,5b4aa47f-99fc-4123-91e1-c8f70a6cee35,"",Forward,100042678407,100042678407,11504,1264.76,5.0,1500.0,0.0,1500.0,packet_delivered,0.0,0.0,0.0,0.0,0.0,0.0,0.0,0.0,NA,0,1499.0
NFT-/XUTR/DEUTH026124A05FZX,24.57,0.0,0.0,1650.0,516.0,133.954,2.457,0.0,0.0,prepaid,0.491,0.0,0.0,27.0,0.0,31.86,347.238,"",'132816165053034132701,2026-05-04,11098304055,87373cfd-a919-4d08-8d51-8334b2923fea,"",Forward,100043575091,100043575091,11504,491.43,5.0,1040.0,0.0,1040.0,packet_delivered,0.0,0.0,0.0,0.0,0.0,0.0,0.0,0.0,NA,0,609.99
NFT-/XUTR/DEUTH026124A05FZX,0.0,39.95,39.95,3699.0,1678.0,376.208,0.0,3.995,3.995,prepaid,1.598,0.0,0.0,45.0,0.0,53.1,1239.104,"",'132831464299131764901,2026-05-04,11101339109,ee32c33b-6deb-4da0-ab26-4a3ad2c51ce1,"",Forward,100046610136,100046610136,11504,1598.1,5.0,1850.0,0.0,1850.0,packet_delivered,0.0,0.0,0.0,0.0,0.0,0.0,0.0,0.0,NA,0,1849.0
NFT-/XUTR/DEUTH026124A05FZX,75.19,0.0,0.0,1750.0,1579.0,372.644,7.519,0.0,0.0,prepaid,1.504,182.0,0.0,0.0,0.0,214.76,-1412.093,"",'132815617258511487801,2026-05-04,11098187631,888cf1aa-6c22-4f7e-a4ef-c75432326d0a,100153528446,Reverse,100043458667,100043458667,11504,1503.81,5.0,0.0,0.0,0.0,return_refund,0.0,0.0,0.0,0.0,0.0,0.0,0.0,0.0,NA,0,1750.0
NFT-/XUTR/DEUTH026124A05FZX,19.1,0.0,0.0,1650.0,401.0,18.927,1.91,0.0,0.0,prepaid,0.382,0.0,0.0,15.0,0.0,17.7,362.081,"",'132789964559177215303,2026-05-04,11092562043,c247c80f-7225-4019-be96-3fd2a58d9b7c,"",Forward,100037833088,1000010726751,11504,381.9,5.0,1155.0,0.0,1155.0,packet_delivered,0.0,0.0,0.0,0.0,0.0,0.0,0.0,0.0,NA,0,495.0
NFT-/XUTR/DEUTH026124A05FZX,60.86,0.0,0.0,2899.0,1278.0,316.688,6.086,0.0,0.0,prepaid,1.217,167.0,0.0,0.0,0.0,197.06,-1151.069,"",'132789457465125151401,2026-05-04,11092349031,6fafd382-2c31-42ef-9cbf-570ca092a177,100152897151,Reverse,100037620076,1000011592688,11504,1217.14,5.0,1450.0,0.0,1450.0,return_refund,0.0,0.0,0.0,0.0,0.0,0.0,0.0,0.0,NA,0,1449.0
NFT-/XUTR/DEUTH026124A05FZX,33.57,0.0,0.0,1599.0,705.0,183.018,3.357,0.0,0.0,prepaid,0.671,0.0,0.0,27.0,0.0,31.86,486.094,"",'132797502103694721703,2026-05-04,11094154687,7ae9cb45-b20c-474b-bdaa-3486e46f8d94,"",Forward,100039425729,1000012167980,11504,671.43,5.0,800.0,0.0,800.0,packet_delivered,0.0,0.0,0.0,0.0,0.0,0.0,0.0,0.0,NA,0,799.0
NFT-/XUTR/DEUTH026124A05FZX,40.81,0.0,0.0,2799.0,857.0,222.477,4.081,0.0,0.0,prepaid,0.816,0.0,0.0,27.0,0.0,31.86,597.766,"",'132798135281704912601,2026-05-04,11094377552,0c052ae7-7abc-4cd0-887e-11053080dfdf,"",Forward,100039648594,100039648594,11504,816.19,5.0,1848.0,0.0,1848.0,packet_delivered,0.0,0.0,0.0,0.0,0.0,0.0,0.0,0.0,NA,0,951.0
NFT-/XUTR/DEUTH026124A05FZX,103.48,0.0,0.0,3399.0,2173.0,487.187,10.348,0.0,0.0,prepaid,2.07,0.0,0.0,61.0,0.0,71.98,1601.415,"",'132805800840390077603,2026-05-04,11095975610,075a1ed6-aa47-40fe-a33a-d533d7dcccf3,"",Forward,100041246651,1000012186000,11504,2069.52,5.0,1020.0,0.0,1020.0,packet_delivered,0.0,0.0,0.0,0.0,0.0,0.0,0.0,0.0,NA,0,2379.0
NFT-/XUTR/DEUTH026124A05FZX,27.19,0.0,0.0,1799.0,571.0,148.232,2.719,0.0,0.0,prepaid,0.544,0.0,0.0,27.0,0.0,31.86,387.645,"",'132813381745422423201,2026-05-04,11097521703,99b8067b-92a1-4f20-ba76-95761ed28cdd,"",Forward,100042792739,1000012702596,11504,543.81,5.0,1134.0,0.0,1134.0,packet_delivered,0.0,0.0,0.0,0.0,0.0,0.0,0.0,0.0,NA,0,665.0
NFT-/XUTR/DEUTH026124A05FZX,42.43,0.0,0.0,3399.0,891.0,231.304,4.243,0.0,0.0,prepaid,0.849,106.0,0.0,0.0,0.0,125.08,-779.684,"",'132809813103820966601,2026-05-04,11096675129,2564bf8b-67e1-4770-9a2f-9f9ae3c51226,100152294630,Reverse,100041946170,100041946170,11504,848.57,5.0,2414.0,0.0,2414.0,return_refund,0.0,0.0,0.0,0.0,0.0,0.0,0.0,0.0,NA,0,985.0
NFT-/XUTR/DEUTH026124A05FZX,60.86,0.0,0.0,2899.0,1278.0,316.688,6.086,0.0,0.0,prepaid,1.217,0.0,0.0,45.0,0.0,53.1,900.909,"",'132805142521780992303,2026-05-04,11095769167,78d75857-06a4-44cd-add4-23d8a493972c,"",Forward,100041040208,1000012170723,11504,1217.14,5.0,1450.0,0.0,1450.0,packet_delivered,0.0,0.0,0.0,0.0,0.0,0.0,0.0,0.0,NA,0,1449.0
NFT-/XUTR/DEUTH026124A05FZX,34.05,0.0,0.0,1799.0,715.0,185.614,3.405,0.0,0.0,prepaid,0.681,0.0,0.0,27.0,0.0,31.86,493.44,"",'132823831853281931303,2026-05-04,11099859876,f05b84af-de05-4ce5-9f75-f9e9e69ba05b,"",Forward,100045130909,100045130909,11504,680.95,5.0,990.0,0.0,990.0,packet_delivered,0.0,0.0,0.0,0.0,0.0,0.0,0.0,0.0,NA,0,809.0
NFT-/XUTR/DEUTH026124A05FZX,59.67,0.0,0.0,2999.0,1253.0,310.493,5.967,0.0,0.0,prepaid,1.193,106.0,0.0,0.0,0.0,125.08,-1060.427,"",'132832484223130741701,2026-05-04,11101633164,e6b559b5-0970-4c2c-b0a8-0b5891d3dfb0,100156656241,Reverse,100046904191,1000013768333,11504,1193.33,5.0,1575.0,0.0,1575.0,return_refund,0.0,0.0,0.0,0.0,0.0,0.0,0.0,0.0,NA,0,1424.0
NFT-/XUTR/DEUTH026124A05FZX,70.38,0.0,0.0,3299.0,1478.0,366.248,7.038,0.0,0.0,prepaid,1.408,182.0,0.0,0.0,0.0,214.76,-1318.066,"",'132802787255285806801,2026-05-04,11095093468,cbbc66e0-d352-47cc-9730-8c742f0d662f,100152767718,Reverse,100040364510,1000011595936,11504,1407.62,5.0,1650.0,0.0,1650.0,return_refund,0.0,0.0,0.0,0.0,0.0,0.0,0.0,0.0,NA,0,1649.0
NFT-/XUTR/DEUTH026124A05FZX,45.62,0.0,0.0,1699.0,957.9999999999999,248.697,4.562,0.0,0.0,prepaid,0.912,127.0,0.0,0.0,0.0,149.86,-853.689,"",'132835665132178741501,2026-05-04,11102030874,22d43452-ecf8-4302-a190-fd3638b1d170,100153386272,Reverse,100047301901,100047301901,11504,912.38,5.0,570.0,0.0,570.0,return_refund,0.0,0.0,0.0,0.0,0.0,0.0,0.0,0.0,NA,0,1129.0
NFT-/XUTR/DEUTH026124A05FZX,35.95,0.0,0.0,1699.0,409.805,106.386,1.951,0.0,0.0,prepaid,0.39,0.0,0.0,14.655,0.0,17.2929,283.785,"",'132812183570459138801,2026-05-04,11097215134,8bd254dd-9670-4b47-9b66-ec977128d40c,"",Forward,100042486174,1000012667732,11504,719.05,5.0,850.0,0.0,850.0,packet_delivered,0.0,0.0,0.0,0.0,0.0,0.0,0.0,0.0,NA,0,849.01
NFT-/XUTR/DEUTH026124A05FZX,0.0,51.74,51.74,3399.0,2173.0,512.828,0.0,5.174,5.174,prepaid,2.07,106.0,0.0,0.0,0.0,125.08,-1772.834,"",'132841309065513259801,2026-05-04,11103535787,bb7002a2-d6a1-443f-8e5d-22ac39fcf23e,11103535787,Reverse,100048806796,1000014276110,11504,2069.52,5.0,1020.0,0.0,1020.0,exchange,0.0,0.0,0.0,0.0,0.0,0.0,0.0,0.0,NA,0,2378.9999999999995
NFT-/XUTR/DEUTH026124A05FZX,114.95,0.0,0.0,2620.0,2414.0,569.704,11.495,0.0,0.0,prepaid,2.299,167.0,0.0,0.0,0.0,197.06,-2027.562,"",'132770398896022815201,2026-05-04,11087728923,e967d7fc-da82-4333-b5e2-7f63a38568b2,100156095662,Reverse,100032999976,1000009783816,11504,2299.05,5.0,0.0,0.0,0.0,return_refund,0.0,0.0,0.0,0.0,0.0,0.0,0.0,0.0,NA,0,2619.99
NFT-/XUTR/DEUTH026124A05FZX,62.52,0.0,0.0,3299.0,1313.0,325.361,6.252,0.0,0.0,prepaid,1.25,167.0,0.0,0.0,0.0,197.06,-1177.197,"",'132784635279957396601,2026-05-04,11090724112,b4782ffe-4f6c-457f-983a-ff78f76d69b4,100152463081,Reverse,100035995161,100035995161,11504,1250.48,5.0,1815.0,0.0,1815.0,return_refund,0.0,0.0,0.0,0.0,0.0,0.0,0.0,0.0,NA,0,1484.0
NFT-/XUTR/DEUTH026124A05FZX,63.24,0.0,0.0,2999.0,603.095,149.447,2.872,0.0,0.0,prepaid,0.574,0.0,0.0,20.436,0.0,24.11448,426.088,"",'132776938446756160401,2026-05-04,11089044774,ffb2d6e8-903e-4640-b8ad-2998cf82c23b,"",Forward,100034315826,100034315826,11504,1264.76,5.0,1500.0,0.0,1500.0,packet_delivered,0.0,0.0,0.0,0.0,0.0,0.0,0.0,0.0,NA,0,1499.01
NFT-/XUTR/DEUTH026124A05FZX,34.05,0.0,0.0,1799.0,715.0,185.614,3.405,0.0,0.0,prepaid,0.681,0.0,0.0,27.0,0.0,31.86,493.44,"",'132787101474606772101,2026-05-04,11091523310,f9cf4329-8fa4-40d0-9621-f991eafaebac,"",Forward,100036794355,100036794355,11504,680.95,5.0,990.0,0.0,990.0,packet_delivered,0.0,0.0,0.0,0.0,0.0,0.0,0.0,0.0,NA,0,809.0
NFT-/XUTR/DEUTH026124A05FZX,49.95,0.0,0.0,3299.0,1049.0,259.942,4.995,0.0,0.0,prepaid,0.999,0.0,0.0,45.0,0.0,53.1,729.964,"",'132793865446332034103,2026-05-04,11093123678,1650ff92-3824-4abd-b422-6a756c3c4482,"",Forward,100038394722,100038394722,11504,999.05,5.0,2079.0,0.0,2079.0,packet_delivered,0.0,0.0,0.0,0.0,0.0,0.0,0.0,0.0,NA,0,1220.0
NFT-/XUTR/DEUTH026124A05FZX,68.48,0.0,0.0,2299.0,1438.0,339.368,6.848,0.0,0.0,prepaid,1.37,0.0,0.0,45.0,0.0,53.1,1037.314,"",'132795539244069280603,2026-05-04,11093606838,8e477f50-9c2b-4ab9-a6d9-eabaea7f0272,"",Forward,100038877882,100038877882,11504,1369.52,5.0,690.0,0.0,690.0,packet_delivered,0.0,0.0,0.0,0.0,0.0,0.0,0.0,0.0,NA,0,1609.0
NFT-/XUTR/DEUTH026124A05FZX,33.52,0.0,0.0,1699.0,704.0,182.758,3.352,0.0,0.0,prepaid,0.67,167.0,0.0,0.0,0.0,197.06,-714.28,"",'132775400315264046203,2026-05-04,11088638200,afa7a9ab-3dba-49cf-9af6-e004e8a617ae,11088638200,Reverse,100033909253,100033909253,11504,670.48,5.0,901.0,0.0,901.0,exchange,0.0,0.0,0.0,0.0,0.0,0.0,0.0,0.0,NA,0,798.0
NFT-/XUTR/DEUTH026124A05FZX,38.33,0.0,0.0,1799.0,805.0,208.978,3.833,0.0,0.0,prepaid,0.767,0.0,0.0,27.0,0.0,31.86,559.562,"",'132784120226091276203,2026-05-04,11090620545,a202ed13-131e-4993-b472-713deadb4f1e,"",Forward,100035891596,100035891596,11504,766.67,5.0,900.0,0.0,900.0,packet_delivered,0.0,0.0,0.0,0.0,0.0,0.0,0.0,0.0,NA,0,899.0
NFT-/XUTR/DEUTH026124A05FZX,23.67,0.0,0.0,1599.0,497.0,23.458,2.367,0.0,0.0,prepaid,0.473,0.0,0.0,27.0,0.0,31.86,438.842,"",'132786500549907661503,2026-05-04,11091327666,744c5ff5-9b47-4e45-b12e-e000a01d5c27,"",Forward,100036598711,1000010989984,11504,473.33,5.0,1008.0,0.0,1008.0,packet_delivered,0.0,0.0,0.0,0.0,0.0,0.0,0.0,0.0,NA,0,591.0
NFT-/XUTR/DEUTH026124A05FZX,48.48,0.0,0.0,1699.0,1018.0,240.248,4.848,0.0,0.0,prepaid,0.97,0.0,0.0,45.0,0.0,53.1,718.834,"",'132798485877046574903,2026-05-04,11094500065,81c117d6-e977-4f8d-a4b9-c9b551e52c70,"",Forward,100039771107,100039771107,11504,969.52,5.0,510.0,0.0,510.0,packet_delivered,0.0,0.0,0.0,0.0,0.0,0.0,0.0,0.0,NA,0,1189.0
NFT-/XUTR/DEUTH026124A05FZX,24.05,0.0,0.0,1499.0,305.006,79.18,1.452,0.0,0.0,prepaid,0.29,0.0,0.0,16.307,0.0,19.24226,204.842,"",'132812665834549342301,2026-05-04,11097341316,d5917b2b-61f2-483b-b8c2-d80b9d85f7f7,"",Forward,100042612356,100042612356,11504,480.95,5.0,900.0,0.0,900.0,packet_delivered,0.0,0.0,0.0,0.0,0.0,0.0,0.0,0.0,NA,0,599.01
NFT-/XUTR/DEUTH026124A05FZX,34.81,0.0,0.0,1650.0,731.0,189.768,3.481,0.0,0.0,prepaid,0.696,182.0,0.0,0.0,0.0,214.76,-751.815,"",'132797307480451493203,2026-05-04,11094094200,2aa31ec1-65ad-4e73-b495-bf942e2d646b,11094094200,Reverse,100039365242,100039365242,11504,696.19,5.0,825.0,0.0,825.0,exchange,0.0,0.0,0.0,0.0,0.0,0.0,0.0,0.0,NA,0,825.0
NFT-/XUTR/DEUTH026124A05FZX,81.33,0.0,0.0,3999.0,1708.0,423.242,8.133,0.0,0.0,prepaid,1.627,127.0,0.0,0.0,0.0,149.86,-1424.858,"",'132798356499712055801,2026-05-04,11094460346,d9715c3b-ccd2-4ce6-b460-4b9e14fd1309,100152159233,Reverse,100039731388,100039731388,11504,1626.67,5.0,2120.0,0.0,2120.0,return_refund,0.0,0.0,0.0,0.0,0.0,0.0,0.0,0.0,NA,0,1879.0
NFT-/XUTR/DEUTH026124A05FZX,43.05,0.0,0.0,2699.0,903.9999999999999,234.678,4.305,0.0,0.0,prepaid,0.861,127.0,0.0,0.0,0.0,149.86,-814.016,"",'132812733726785365001,2026-05-04,11097359217,cc4b96c6-dc7f-4e1f-87e5-4ce14c8f17e0,100152985034,Reverse,100042630257,100042630257,11504,860.95,5.0,1701.0,0.0,1701.0,return_refund,0.0,0.0,0.0,0.0,0.0,0.0,0.0,0.0,NA,0,998.0
NFT-/XUTR/DEUTH026124A05FZX,0.0,35.91,35.91,2399.0,1508.0,355.888,0.0,3.5905,3.5905,prepaid,1.436,0.0,0.0,45.0,0.0,53.1,1090.395,"",'132812230916880320401,2026-05-04,11097226446,e55999f4-fe2b-4308-a8f3-b8ce89628f06,"",Forward,100042497486,1000012228970,11504,1436.2,5.0,720.0,0.0,720.0,packet_delivered,0.0,0.0,0.0,0.0,0.0,0.0,0.0,0.0,NA,0,1679.0200000000002
NFT-/XUTR/DEUTH026124A05FZX,38.33,0.0,0.0,1799.0,805.0,208.978,3.833,0.0,0.0,prepaid,0.767,112.0,0.0,0.0,0.0,132.16,-723.582,"",'132784120226091276203,2026-05-04,11090620545,a202ed13-131e-4993-b472-713deadb4f1e,100153211473,Reverse,100035891596,100035891596,11504,766.67,5.0,900.0,0.0,900.0,return_refund,0.0,0.0,0.0,0.0,0.0,0.0,0.0,0.0,NA,0,899.0
NFT-/XUTR/DEUTH026124A05FZX,18.95,0.0,0.0,1699.0,397.99999999999994,18.786,1.895,0.0,0.0,prepaid,0.379,167.0,0.0,0.0,0.0,197.06,-574.0,"",'132788051858884926901,2026-05-04,11091830907,806ca848-e0e3-4072-b4d5-b363b7556617,11091830907,Reverse,100037101952,1000010586939,11504,379.05,5.0,1207.0,0.0,1207.0,exchange,0.0,0.0,0.0,0.0,0.0,0.0,0.0,0.0,NA,0,492.0
NFT-/XUTR/DEUTH026124A05FZX,34.81,0.0,0.0,1650.0,731.0,189.768,3.481,0.0,0.0,prepaid,0.696,0.0,0.0,27.0,0.0,31.86,505.195,"",'132788490149755606803,2026-05-04,11091975925,1ace7b3d-700c-4409-9007-97913f0f92d3,"",Forward,100037246970,1000010608706,11504,696.19,5.0,825.0,0.0,825.0,packet_delivered,0.0,0.0,0.0,0.0,0.0,0.0,0.0,0.0,NA,0,825.0
NFT-/XUTR/DEUTH026124A05FZX,51.71,0.0,0.0,3399.0,1086.0,269.111,5.171,0.0,0.0,prepaid,1.034,0.0,0.0,45.0,0.0,53.1,757.584,"",'132811279591846663503,2026-05-04,11096976294,47e9d8d8-ce1e-433f-82a7-d41b7cfbcb4b,"",Forward,100042247334,1000012188199,11504,1034.29,5.0,2142.0,0.0,2142.0,packet_delivered,0.0,0.0,0.0,0.0,0.0,0.0,0.0,0.0,NA,0,1257.0
NFT-/XUTR/DEUTH026124A05FZX,31.19,0.0,0.0,1499.0,655.0,170.038,3.119,0.0,0.0,prepaid,0.624,182.0,0.0,0.0,0.0,214.76,-695.979,"",'132805817955882464201,2026-05-04,11095981499,275d9dbd-e70c-40dc-b363-fc6bdacb3e61,11095981499,Reverse,100041252540,100041252540,11504,623.81,5.0,750.0,0.0,750.0,exchange,0.0,0.0,0.0,0.0,0.0,0.0,0.0,0.0,NA,0,749.0
NFT-/XUTR/DEUTH026124A05FZX,471.81,0.0,0.0,3299.0,3093.0,729.948,13.106,0.0,0.0,prepaid,2.621,182.0,0.0,0.0,0.0,214.76,-2562.085,"",'132810608403400839603,2026-05-04,11096812401,66bcf09b-f0e3-466a-a478-bc54e03e7f57,100153726427,Reverse,100042083442,1000012164224,11504,2621.19,18.0,0.0,0.0,0.0,return_refund,0.0,0.0,0.0,0.0,0.0,0.0,0.0,0.0,NA,0,3299.0
NFT-/XUTR/DEUTH026124A05FZX,20.71,0.0,0.0,1499.0,434.99999999999994,20.532,2.071,0.0,0.0,prepaid,0.414,167.0,0.0,0.0,0.0,197.06,-609.043,"",'132778202351659418303,2026-05-04,11089438552,79d302c1-2026-40c4-be08-bb8047c814f2,100153439397,Reverse,100034709604,1000010373940,11504,414.29,5.0,1005.0,0.0,1005.0,return_refund,0.0,0.0,0.0,0.0,0.0,0.0,0.0,0.0,NA,0,494.0
NFT-/XUTR/DEUTH026124A05FZX,81.33,0.0,0.0,3999.0,1708.0,423.242,8.133,0.0,0.0,prepaid,1.627,0.0,0.0,45.0,0.0,53.1,1221.898,"",'132779410495384710203,2026-05-04,11089783613,aa7d359f-a670-4bd6-b9ae-2c4b16ed6832,"",Forward,100035054664,1000010362345,11504,1626.67,5.0,2120.0,0.0,2120.0,packet_delivered,0.0,0.0,0.0,0.0,0.0,0.0,0.0,0.0,NA,0,1879.0
NFT-/XUTR/DEUTH026124A05FZX,33.0,0.0,0.0,1750.0,693.0,179.903,3.3,0.0,0.0,prepaid,0.66,0.0,0.0,27.0,0.0,31.86,477.277,"",'132798289103322436003,2026-05-04,11094435910,6323262c-667c-4f0b-8ece-b1696742ee28,"",Forward,100039706952,1000011314297,11504,660,5.0,963.0,0.0,963.0,packet_delivered,0.0,0.0,0.0,0.0,0.0,0.0,0.0,0.0,NA,0,787.0
NFT-/XUTR/DEUTH026124A05FZX,38.33,0.0,0.0,1799.0,805.0,208.978,3.833,0.0,0.0,prepaid,0.767,0.0,0.0,27.0,0.0,31.86,559.562,"",'132807881509046103603,2026-05-04,11096584569,c7c8185a-8589-483a-9b73-bd824707ef23,"",Forward,100041855610,1000011962455,11504,766.67,5.0,900.0,0.0,900.0,packet_delivered,0.0,0.0,0.0,0.0,0.0,0.0,0.0,0.0,NA,0,899.0
NFT-/XUTR/DEUTH026124A05FZX,0.0,38.76,38.76,1799.0,1628.0,384.208,0.0,3.876,3.876,prepaid,1.55,106.0,0.0,0.0,0.0,125.08,-1359.57,"",'132803339324530230001,2026-05-04,11095266671,d58ac530-c020-4c99-9e9f-88bdb2e5e2ca,100152442627,Reverse,100040537713,100040537713,11504,1550.48,5.0,0.0,0.0,0.0,return_refund,0.0,0.0,0.0,0.0,0.0,0.0,0.0,0.0,NA,0,1799.0
NFT-/XUTR/DEUTH026124A05FZX,31.19,0.0,0.0,1499.0,655.0,170.038,3.119,0.0,0.0,prepaid,0.624,0.0,0.0,27.0,0.0,31.86,449.359,"",'132801344679820819503,2026-05-04,11094731688,0a2cb6cc-64d0-4e78-b984-c74095202539,"",Forward,100040002730,1000011569429,11504,623.81,5.0,750.0,0.0,750.0,packet_delivered,0.0,0.0,0.0,0.0,0.0,0.0,0.0,0.0,NA,0,749.0
NFT-/XUTR/DEUTH026124A05FZX,58.95,0.0,0.0,2999.0,1238.0,306.776,5.895,0.0,0.0,prepaid,1.179,127.0,0.0,0.0,0.0,149.86,-1074.01,"",'132813243700045936001,2026-05-04,11097487501,13a8911f-dfb7-4016-902a-10382a4dc6fb,100152777016,Reverse,100042758539,100042758539,11504,1179.05,5.0,1590.0,0.0,1590.0,return_refund,0.0,0.0,0.0,0.0,0.0,0.0,0.0,0.0,NA,0,1409.0
NFT-/XUTR/DEUTH026124A05FZX,49.24,0.0,0.0,1799.0,1034.0,244.024,4.924,0.0,0.0,prepaid,0.985,0.0,0.0,45.0,0.0,53.1,730.967,"",'132789556315771611301,2026-05-04,11092392805,c4aeae63-2e1e-4c1a-8930-a49953ecb1e5,"",Forward,100037663850,100037663850,11504,984.76,5.0,594.0,0.0,594.0,packet_delivered,0.0,0.0,0.0,0.0,0.0,0.0,0.0,0.0,NA,0,1205.0
NFT-/XUTR/DEUTH026124A05FZX,70.38,0.0,0.0,3299.0,1478.0,366.248,7.038,0.0,0.0,prepaid,1.408,0.0,0.0,45.0,0.0,53.1,1050.206,"",'132803478448513006603,2026-05-04,11095307487,c7d4686f-b9bb-469a-88a2-ae777531d367,"",Forward,100040578529,1000012140235,11504,1407.62,5.0,1650.0,0.0,1650.0,packet_delivered,0.0,0.0,0.0,0.0,0.0,0.0,0.0,0.0,NA,0,1649.0
NFT-/XUTR/DEUTH026124A05FZX,0.0,21.31,21.31,3299.0,895.0,232.342,0.0,2.131,2.131,prepaid,0.852,0.0,0.0,27.0,0.0,31.86,625.684,"",'132824275150031904103,2026-05-04,11100032358,d3fa9d20-641b-4876-8ea1-6ddfb4c6856c,"",Forward,100045303391,100045303391,11504,852.38,5.0,2310.0,0.0,2310.0,packet_delivered,0.0,0.0,0.0,0.0,0.0,0.0,0.0,0.0,NA,0,988.9999999999999
NFT-/XUTR/DEUTH026124A05FZX,51.81,0.0,0.0,1799.0,1088.0,256.768,5.181,0.0,0.0,prepaid,1.036,0.0,0.0,45.0,0.0,53.1,771.915,"",'132828272379282732803,2026-05-04,11100503392,9b8923d7-af51-4eb4-8178-379e31b417db,"",Forward,100045774425,100045774425,11504,1036.19,5.0,540.0,0.0,540.0,packet_delivered,0.0,0.0,0.0,0.0,0.0,0.0,0.0,0.0,NA,0,1259.0
NFT-/XUTR/DEUTH026124A05FZX,55.14,0.0,0.0,1899.0,1158.0,273.288,5.514,0.0,0.0,prepaid,1.103,0.0,0.0,45.0,0.0,53.1,824.995,"",'132837194637706919703,2026-05-04,11102369613,3139df73-83f4-4e1f-98f6-e707fc3c7492,"",Forward,100047640640,100047640640,11504,1102.86,5.0,570.0,0.0,570.0,packet_delivered,0.0,0.0,0.0,0.0,0.0,0.0,0.0,0.0,NA,0,1329.0
NFT-/XUTR/DEUTH026124A05FZX,70.14,0.0,0.0,3499.0,1473.0,365.009,7.014,0.0,0.0,prepaid,1.403,167.0,0.0,0.0,0.0,197.06,-1296.634,"",'132788483766846650903,2026-05-04,11091973651,72dc6a41-e8cb-4cf0-a9ad-9fa57da45d2e,100154143489,Reverse,100037244696,100037244696,11504,1402.86,5.0,1855.0,0.0,1855.0,return_refund,0.0,0.0,0.0,0.0,0.0,0.0,0.0,0.0,NA,0,1644.0
NFT-/XUTR/DEUTH026124A05FZX,38.33,0.0,0.0,1799.0,805.0,208.978,3.833,0.0,0.0,prepaid,0.767,182.0,0.0,0.0,0.0,214.76,-806.182,"",'132803855341120092003,2026-05-04,11095413729,1609fc59-ac33-47db-a0f0-4e1a50923708,100154035666,Reverse,100040684770,100040684770,11504,766.67,5.0,900.0,0.0,900.0,return_refund,0.0,0.0,0.0,0.0,0.0,0.0,0.0,0.0,NA,0,899.0
NFT-/XUTR/DEUTH026124A05FZX,58.95,0.0,0.0,2999.0,325.233,80.593,1.549,0.0,0.0,prepaid,0.31,0.0,0.0,11.822,0.0,13.94996,228.831,"",'132819847342055055601,2026-05-04,11098723325,81a3e5f7-5e5e-405a-adf1-87c9ddda39ab,"",Forward,100043994360,100043994360,11504,1179.05,5.0,1590.0,0.0,1590.0,packet_delivered,0.0,0.0,0.0,0.0,0.0,0.0,0.0,0.0,NA,0,1409.01
NFT-/XUTR/DEUTH026124A05FZX,43.05,0.0,0.0,2699.0,904.0,234.678,4.305,0.0,0.0,prepaid,0.861,182.0,0.0,0.0,0.0,214.76,-878.916,"",'132802335624771824501,2026-05-04,11094955628,1e1218ee-d601-4f6d-abaa-685ac6992595,11094955628,Reverse,100040226670,100040226670,11504,860.95,5.0,1701.0,0.0,1701.0,exchange,0.0,0.0,0.0,0.0,0.0,0.0,0.0,0.0,NA,0,998.0
NFT-/XUTR/DEUTH026124A05FZX,63.24,0.0,0.0,2999.0,1328.0,329.078,6.324,0.0,0.0,prepaid,1.265,182.0,0.0,0.0,0.0,214.76,-1206.093,"",'132804791820954744101,2026-05-04,11095671651,5c73f257-eaf7-45a4-a3ea-bb565e3c1f33,100153647923,Reverse,100040942692,100040942692,11504,1264.76,5.0,1500.0,0.0,1500.0,return_refund,0.0,0.0,0.0,0.0,0.0,0.0,0.0,0.0,NA,0,1498.99
NFT-/XUTR/DEUTH026124A05FZX,63.24,0.0,0.0,2999.0,1328.0,329.078,6.324,0.0,0.0,prepaid,1.265,0.0,0.0,45.0,0.0,53.1,938.233,"",'132820806287248836503,2026-05-04,11098965651,223d0c3c-6f83-48e1-92e6-419fb1da7525,"",Forward,100044236686,100044236686,11504,1264.76,5.0,1500.0,0.0,1500.0,packet_delivered,0.0,0.0,0.0,0.0,0.0,0.0,0.0,0.0,NA,0,1498.99
NFT-/XUTR/DEUTH026124A05FZX,56.71,0.0,0.0,2899.0,1191.0,295.13,5.671,0.0,0.0,prepaid,1.134,0.0,0.0,45.0,0.0,53.1,835.965,"",'132829446543719189503,2026-05-04,11100827272,4720b33a-103e-48b3-86fe-a48de76d3ba8,"",Forward,100046098305,1000013771346,11504,1134.29,5.0,1537.0,0.0,1537.0,packet_delivered,0.0,0.0,0.0,0.0,0.0,0.0,0.0,0.0,NA,0,1361.99
NFT-/XUTR/DEUTH026124A05FZX,33.24,0.0,0.0,1899.0,698.0,32.946,3.324,0.0,0.0,prepaid,0.665,0.0,0.0,27.0,0.0,31.86,629.205,"",'132839899448070007003,2026-05-04,11103137274,dbd08c8d-eb92-4e1d-bc68-f46a47399b4a,"",Forward,100048408283,100048408283,11504,664.76,5.0,1107.0,0.0,1107.0,packet_delivered,0.0,0.0,0.0,0.0,0.0,0.0,0.0,0.0,NA,0,792.0
NFT-/XUTR/DEUTH026124A05FZX,62.1,0.0,0.0,2950.0,1304.0,323.131,6.21,0.0,0.0,prepaid,1.242,0.0,0.0,45.0,0.0,53.1,920.317,"",'132786578485095405201,2026-05-04,11091353509,4c30ccae-1896-4527-861b-b0e9c99760c5,"",Forward,100036624555,100036624555,11504,1241.9,5.0,1475.0,0.0,1475.0,packet_delivered,0.0,0.0,0.0,0.0,0.0,0.0,0.0,0.0,NA,0,1475.0
NFT-/XUTR/DEUTH026124A05FZX,63.24,0.0,0.0,2999.0,1328.0,329.078,6.324,0.0,0.0,prepaid,1.265,0.0,0.0,45.0,0.0,53.1,938.233,"",'132814361152414503903,2026-05-04,11097766761,2d9810d8-ce1e-4aab-9a3e-ab597fbd8de0,"",Forward,100043037797,100043037797,11504,1264.76,5.0,1500.0,0.0,1500.0,packet_delivered,0.0,0.0,0.0,0.0,0.0,0.0,0.0,0.0,NA,0,1499.0
NFT-/XUTR/DEUTH026124A05FZX,41.38,0.0,0.0,1899.0,68.84,17.871,0.328,0.0,0.0,prepaid,0.066,0.0,0.0,2.139,0.0,2.52402,48.051,"",'132840924568206535103,2026-05-04,11103412792,472ae837-7e79-4b47-8d21-fc28be8075e7,"",Forward,100048683801,100048683801,11504,827.62,5.0,936.0,0.0,936.0,packet_delivered,0.0,0.0,0.0,0.0,0.0,0.0,0.0,0.0,NA,0,963.0
NFT-/XUTR/DEUTH026124A05FZX,43.05,0.0,0.0,2699.0,904.0,234.678,4.305,0.0,0.0,prepaid,0.861,167.0,0.0,0.0,0.0,197.06,-861.216,"",'132755185546544330401,2026-05-04,11084509278,9865fedf-c134-4be6-a0e2-c8aeb9b50a3a,100155769526,Reverse,100029780335,100029780335,11504,860.95,5.0,1701.0,0.0,1701.0,return_refund,0.0,0.0,0.0,0.0,0.0,0.0,0.0,0.0,NA,0,998.0
NFT-/XUTR/DEUTH026124A05FZX,35.95,0.0,0.0,1699.0,755.0,195.998,3.595,0.0,0.0,prepaid,0.719,182.0,0.0,0.0,0.0,214.76,-769.448,"",'132806449097001805203,2026-05-04,11096199665,b9854abc-561b-41a7-977a-743daa5bdb50,100153135476,Reverse,100041470706,100041470706,11504,719.05,5.0,850.0,0.0,850.0,return_refund,0.0,0.0,0.0,0.0,0.0,0.0,0.0,0.0,NA,0,849.0
NFT-/XUTR/DEUTH026124A05FZX,49.24,0.0,0.0,1799.0,1034.0,244.024,4.924,0.0,0.0,prepaid,0.985,182.0,0.0,0.0,0.0,214.76,-998.827,"",'132820376328841279301,2026-05-04,11098841635,2a062d42-8fdf-478b-8aa0-d71b80f9ec8b,100153885144,Reverse,100044112670,100044112670,11504,984.76,5.0,594.0,0.0,594.0,return_refund,0.0,0.0,0.0,0.0,0.0,0.0,0.0,0.0,NA,0,1205.0
NFT-/XUTR/DEUTH026124A05FZX,53.48,0.0,0.0,3499.0,1123.0,278.279,5.348,0.0,0.0,prepaid,1.07,0.0,0.0,45.0,0.0,53.1,785.203,"",'132780553530319333201,2026-05-04,11090136826,4ab7cd52-30e4-4087-9fb3-479f2ffc6ed3,"",Forward,100035407877,100035407877,11504,1069.52,5.0,2205.0,0.0,2205.0,packet_delivered,0.0,0.0,0.0,0.0,0.0,0.0,0.0,0.0,NA,0,1294.0
NFT-/XUTR/DEUTH026124A05FZX,77.52,0.0,0.0,1799.0,1628.0,249.735,7.752,0.0,0.0,prepaid,1.55,0.0,0.0,45.0,0.0,53.1,1315.863,"",'132787034641635715301,2026-05-04,11091502332,2f5147c8-b130-4bc9-aff4-55efaf572c13,"",Forward,100036773377,100036773377,11504,1550.48,5.0,0.0,0.0,0.0,packet_delivered,0.0,0.0,0.0,0.0,0.0,0.0,0.0,0.0,NA,0,1799.0
NFT-/XUTR/DEUTH026124A05FZX,53.52,0.0,0.0,1850.0,1124.0,265.264,5.352,0.0,0.0,prepaid,1.07,0.0,0.0,45.0,0.0,53.1,799.214,"",'132807023683627197803,2026-05-04,11096434509,ac22c598-308e-4b79-9a37-286a4e1563fd,"",Forward,100041705550,100041705550,11504,1070.48,5.0,555.0,0.0,555.0,packet_delivered,0.0,0.0,0.0,0.0,0.0,0.0,0.0,0.0,NA,0,1295.0
NFT-/XUTR/DEUTH026124A05FZX,51.71,0.0,0.0,3399.0,1037.2900000000002,257.04,4.939,0.0,0.0,prepaid,0.988,121.304,0.0,0.0,0.0,143.13872,-917.462,"",'132793156733546787403,2026-05-04,11092930905,bfb951f3-56f2-443c-a466-3d892028ede8,100153588363,Reverse,100038201949,100038201949,11504,1034.29,5.0,2142.0,0.0,2142.0,return_refund,0.0,0.0,0.0,0.0,0.0,0.0,0.0,0.0,NA,0,1257.0
NFT-/XUTR/DEUTH026124A05FZX,49.24,0.0,0.0,1799.0,1034.0,244.024,4.924,0.0,0.0,prepaid,0.985,182.0,0.0,0.0,0.0,214.76,-998.827,"",'132797502103694721703,2026-05-04,11094154675,7ae9cb45-b20c-474b-bdaa-3486e46f8d94,100153012759,Reverse,100039425717,1000012167980,11504,984.76,5.0,594.0,0.0,594.0,return_refund,0.0,0.0,0.0,0.0,0.0,0.0,0.0,0.0,NA,0,1205.0
NFT-/XUTR/DEUTH026124A05FZX,33.57,0.0,0.0,2799.0,705.0,33.276,3.357,0.0,0.0,prepaid,0.671,127.0,0.0,0.0,0.0,149.86,-817.556,"",'132833454480295448901,2026-05-04,11101900718,499a196a-a8ba-4ab7-9fb9-2a9bddb7ff9b,100153537526,Reverse,100047171745,1000013782167,11504,671.43,5.0,2000.0,0.0,2000.0,return_refund,0.0,0.0,0.0,0.0,0.0,0.0,0.0,0.0,NA,0,799.0
NFT-/XUTR/DEUTH026124A05FZX,0.0,9.52,9.52,1499.0,400.0,18.88,0.0,0.9525,0.9525,prepaid,0.381,0.0,0.0,0.0,0.0,0.0,378.834,"",'132803197688933519501,2026-05-04,11095223158,a233cc78-dcda-4c92-b8ae-b814e271a817,"",Forward,100040494200,100040494200,11504,380.96,5.0,1005.0,0.0,1005.0,packet_delivered,0.0,0.0,0.0,0.0,0.0,0.0,0.0,0.0,NA,0,493.99999999999994
NFT-/XUTR/DEUTH026124A05FZX,34.81,0.0,0.0,1650.0,731.0,189.768,3.481,0.0,0.0,prepaid,0.696,0.0,0.0,27.0,0.0,31.86,505.195,"",'132798289103322436003,2026-05-04,11094435903,6323262c-667c-4f0b-8ece-b1696742ee28,"",Forward,100039706945,1000011314297,11504,696.19,5.0,825.0,0.0,825.0,packet_delivered,0.0,0.0,0.0,0.0,0.0,0.0,0.0,0.0,NA,0,825.0
NFT-/XUTR/DEUTH026124A05FZX,68.48,0.0,0.0,2299.0,263.46,62.177,1.255,0.0,0.0,prepaid,0.251,0.0,0.0,8.245,0.0,9.7291,190.048,"",'132810299564990453003,2026-05-04,11096750017,2043b4a3-5300-46e0-854e-9380834e51b0,"",Forward,100042021058,1000012045410,11504,1369.52,5.0,690.0,0.0,690.0,packet_delivered,0.0,0.0,0.0,0.0,0.0,0.0,0.0,0.0,NA,0,1609.0
NFT-/XUTR/DEUTH026124A05FZX,35.76,0.0,0.0,1799.0,751.0,194.96,3.576,0.0,0.0,prepaid,0.715,167.0,0.0,0.0,0.0,197.06,-748.809,"",'132777446410270356303,2026-05-04,11089208699,9e5029ed-8e97-451b-8096-1d0dcdd2dec0,11089208699,Reverse,100034479751,100034479751,11504,715.24,5.0,954.0,0.0,954.0,exchange,0.0,0.0,0.0,0.0,0.0,0.0,0.0,0.0,NA,0,845.0
NFT-/XUTR/DEUTH026124A05FZX,19.67,0.0,0.0,1750.0,413.0,19.494,1.967,0.0,0.0,prepaid,0.393,182.0,0.0,0.0,0.0,214.76,-605.906,"",'132793895106971835101,2026-05-04,11093131795,9f803099-e6ac-4323-b3f4-01a95ac51781,100152812129,Reverse,100038402839,1000010970763,11504,393.33,5.0,1243.0,0.0,1243.0,return_refund,0.0,0.0,0.0,0.0,0.0,0.0,0.0,0.0,NA,0,507.0
NFT-/XUTR/DEUTH026124A05FZX,37.19,0.0,0.0,1750.0,781.0,202.748,3.719,0.0,0.0,prepaid,0.744,182.0,0.0,0.0,0.0,214.76,-788.549,"",'132797643938972281403,2026-05-04,11094201663,6b22fbae-b6f1-40ef-ae05-211fb85739bc,100153795939,Reverse,100039472705,1000011266545,11504,743.81,5.0,875.0,0.0,875.0,return_refund,0.0,0.0,0.0,0.0,0.0,0.0,0.0,0.0,NA,0,875.0
NFT-/XUTR/DEUTH026124A05FZX,51.81,0.0,0.0,1799.0,1088.0,256.768,5.181,0.0,0.0,prepaid,1.036,0.0,0.0,45.0,0.0,53.1,771.915,"",'132789658690193631503,2026-05-04,11092438495,4d6d6dca-6a34-4cb4-a86b-6817b76bf626,"",Forward,100037709540,100037709540,11504,1036.19,5.0,540.0,0.0,540.0,packet_delivered,0.0,0.0,0.0,0.0,0.0,0.0,0.0,0.0,NA,0,1259.0
NFT-/XUTR/DEUTH026124A05FZX,34.05,0.0,0.0,1799.0,715.0,185.614,3.405,0.0,0.0,prepaid,0.681,0.0,0.0,27.0,0.0,31.86,493.44,"",'132801522988942074803,2026-05-04,11094760447,92476057-8bdf-4a33-b45e-febfc0452c2e,"",Forward,100040031489,100040031489,11504,680.95,5.0,990.0,0.0,990.0,packet_delivered,0.0,0.0,0.0,0.0,0.0,0.0,0.0,0.0,NA,0,809.0
NFT-/XUTR/DEUTH026124A05FZX,79.91,0.0,0.0,3699.0,1678.0,376.208,7.99,0.0,0.0,prepaid,1.598,106.0,0.0,0.0,0.0,125.08,-1417.284,"",'132813288940870620803,2026-05-04,11097498705,1e72829d-e4e4-4876-9a10-0ba7da05565b,100152515204,Reverse,100042769743,100042769743,11504,1598.1,5.0,1850.0,0.0,1850.0,return_refund,0.0,0.0,0.0,0.0,0.0,0.0,0.0,0.0,NA,0,1849.01
NFT-/XUTR/DEUTH026124A05FZX,51.81,0.0,0.0,1799.0,1088.0,256.768,5.181,0.0,0.0,prepaid,1.036,127.0,0.0,0.0,0.0,149.86,-974.875,"",'132806570432004262603,2026-05-04,11096249489,b3984141-a3de-4382-bc3a-db7f3ffce998,100153083487,Reverse,100041520530,100041520530,11504,1036.19,5.0,540.0,0.0,540.0,return_refund,0.0,0.0,0.0,0.0,0.0,0.0,0.0,0.0,NA,0,1259.0
NFT-/XUTR/DEUTH026124A05FZX,37.19,0.0,0.0,1750.0,781.0,202.748,3.719,0.0,0.0,prepaid,0.744,0.0,0.0,27.0,0.0,31.86,541.929,"",'132787594205542428201,2026-05-04,11091680823,2238157e-e546-43b6-ac4d-d68335b2a570,"",Forward,100036951868,100036951868,11504,743.81,5.0,875.0,0.0,875.0,packet_delivered,0.0,0.0,0.0,0.0,0.0,0.0,0.0,0.0,NA,0,875.0
NFT-/XUTR/DEUTH026124A05FZX,19.1,0.0,0.0,1599.0,6.950000000000001,0.32799999999999996,0.033,0.0,0.0,prepaid,0.007,3.154,0.0,0.0,0.0,3.72172,-10.304,"",'132797805780241484801,2026-05-04,11094258224,69fcf537-f164-4938-ac51-beb167aa828e,100153461106,Reverse,100039529266,1000012164264,11504,381.9,5.0,1104.0,0.0,1104.0,return_refund,0.0,0.0,0.0,0.0,0.0,0.0,0.0,0.0,NA,0,495.0
NFT-/XUTR/DEUTH026124A05FZX,36.0,0.0,0.0,2299.0,756.0,35.683,3.6,0.0,0.0,prepaid,0.72,182.0,0.0,0.0,0.0,214.76,-930.757,"",'132813381745422423201,2026-05-04,11097521699,99b8067b-92a1-4f20-ba76-95761ed28cdd,100153732819,Reverse,100042792735,1000012702596,11504,720,5.0,1449.0,0.0,1449.0,return_refund,0.0,0.0,0.0,0.0,0.0,0.0,0.0,0.0,NA,0,850.0
NFT-/XUTR/DEUTH026124A05FZX,40.24,0.0,0.0,1999.0,845.0,219.362,4.024,0.0,0.0,prepaid,0.805,0.0,0.0,27.0,0.0,31.86,588.949,"",'132786651128111542801,2026-05-04,11091377320,42068b72-7768-490e-b91b-e91e913eda5b,"",Forward,100036648364,100036648364,11504,804.76,5.0,1060.0,0.0,1060.0,packet_delivered,0.0,0.0,0.0,0.0,0.0,0.0,0.0,0.0,NA,0,939.0
NFT-/XUTR/DEUTH026124A05FZX,42.43,0.0,0.0,2899.0,891.0,231.304,4.243,0.0,0.0,prepaid,0.849,0.0,0.0,27.0,0.0,31.86,622.744,"",'132794393343679872001,2026-05-04,11093277116,bf07e267-2d6e-4096-a515-854f1049a3fa,"",Forward,100038548160,1000011590148,11504,848.57,5.0,1914.0,0.0,1914.0,packet_delivered,0.0,0.0,0.0,0.0,0.0,0.0,0.0,0.0,NA,0,985.0
NFT-/XUTR/DEUTH026124A05FZX,79.91,0.0,0.0,3699.0,1678.0,376.208,7.99,0.0,0.0,prepaid,1.598,0.0,0.0,45.0,0.0,53.1,1239.104,"",'132813288940870620803,2026-05-04,11097498705,1e72829d-e4e4-4876-9a10-0ba7da05565b,"",Forward,100042769743,100042769743,11504,1598.1,5.0,1850.0,0.0,1850.0,packet_delivered,0.0,0.0,0.0,0.0,0.0,0.0,0.0,0.0,NA,0,1849.01
NFT-/XUTR/DEUTH026124A05FZX,30.71,0.0,0.0,1999.0,645.0,30.443999999999996,3.071,0.0,0.0,prepaid,0.614,112.0,0.0,0.0,0.0,132.16,-743.031,"",'132788366640851794903,2026-05-04,11091936354,e744d9d1-9b73-4228-9999-543031de03ff,100152569265,Reverse,100037207399,100037207399,11504,614.29,5.0,1260.0,0.0,1260.0,return_refund,0.0,0.0,0.0,0.0,0.0,0.0,0.0,0.0,NA,0,739.0
NFT-/XUTR/DEUTH026124A05FZX,63.24,0.0,0.0,2999.0,132.889,32.93,0.633,0.0,0.0,prepaid,0.127,18.212,0.0,0.0,0.0,21.49016,-120.689,"",'132795617794114515001,2026-05-04,11093628936,70a804d1-74d9-44fe-bfc4-3cf46a241301,100154856603,Reverse,100038899980,100038899980,11504,1264.76,5.0,1500.0,0.0,1500.0,return_refund,0.0,0.0,0.0,0.0,0.0,0.0,0.0,0.0,NA,0,1498.99
NFT-/XUTR/DEUTH026124A05FZX,63.24,0.0,0.0,2999.0,1328.0,329.078,6.324,0.0,0.0,prepaid,1.265,0.0,0.0,45.0,0.0,53.1,938.233,"",'132793500952293652101,2026-05-04,11093023119,7c547b17-55f9-41e8-a52b-096a5387aa79,"",Forward,100038294163,1000011581176,11504,1264.76,5.0,1500.0,0.0,1500.0,packet_delivered,0.0,0.0,0.0,0.0,0.0,0.0,0.0,0.0,NA,0,1499.0
NFT-/XUTR/DEUTH026124A05FZX,39.57,0.0,0.0,1850.0,831.0,215.728,3.957,0.0,0.0,prepaid,0.791,0.0,0.0,27.0,0.0,31.86,578.664,"",'132814287633249012203,2026-05-04,11097747254,b1d20d09-e0f3-45d3-ba6a-aeb31fd07e45,"",Forward,100043018290,100043018290,11504,791.43,5.0,925.0,0.0,925.0,packet_delivered,0.0,0.0,0.0,0.0,0.0,0.0,0.0,0.0,NA,0,925.0
NFT-/XUTR/DEUTH026124A05FZX,70.38,0.0,0.0,3299.0,1478.0,366.248,7.038,0.0,0.0,prepaid,1.408,112.0,0.0,0.0,0.0,132.16,-1235.466,"",'132786743218678683003,2026-05-04,11091408229,a11071b9-e823-4965-8bf9-6900175fd5bb,100152751129,Reverse,100036679274,100036679274,11504,1407.62,5.0,1650.0,0.0,1650.0,return_refund,0.0,0.0,0.0,0.0,0.0,0.0,0.0,0.0,NA,0,1649.0
NFT-/XUTR/DEUTH026124A05FZX,0.0,17.02,17.02,1799.0,715.0,185.614,0.0,1.7025,1.7025,prepaid,0.681,106.0,0.0,0.0,0.0,125.08,-650.38,"",'132812230916880320401,2026-05-04,11097226448,e55999f4-fe2b-4308-a8f3-b8ce89628f06,100152888095,Reverse,100042497488,1000012228970,11504,680.96,5.0,990.0,0.0,990.0,return_refund,0.0,0.0,0.0,0.0,0.0,0.0,0.0,0.0,NA,0,809.0
NFT-/XUTR/DEUTH026124A05FZX,33.19,0.0,0.0,2499.0,697.0,32.898,3.319,0.0,0.0,prepaid,0.664,127.0,0.0,0.0,0.0,149.86,-809.979,"",'132833454480295448901,2026-05-04,11101900717,499a196a-a8ba-4ab7-9fb9-2a9bddb7ff9b,100153537427,Reverse,100047171744,1000013782167,11504,663.81,5.0,1708.0,0.0,1708.0,return_refund,0.0,0.0,0.0,0.0,0.0,0.0,0.0,0.0,NA,0,790.99
NFT-/XUTR/DEUTH026124A05FZX,42.14,0.0,0.0,2799.0,885.0,229.746,4.214,0.0,0.0,prepaid,0.843,0.0,0.0,27.0,0.0,31.86,618.337,"",'132785077352953745903,2026-05-04,11090845791,7efc9d73-38be-4516-af0d-8b6c3d287275,"",Forward,100036116838,100036116838,11504,842.86,5.0,1820.0,0.0,1820.0,packet_delivered,0.0,0.0,0.0,0.0,0.0,0.0,0.0,0.0,NA,0,979.0
NFT-/XUTR/DEUTH026124A05FZX,42.62,0.0,0.0,2999.0,895.0,232.342,4.262,0.0,0.0,prepaid,0.852,0.0,0.0,27.0,0.0,31.86,625.684,"",'132784874861511507401,2026-05-04,11090785644,520a983e-a09f-4426-a7f3-b1dc124ad9bb,"",Forward,100036056691,100036056691,11504,852.38,5.0,2010.0,0.0,2010.0,packet_delivered,0.0,0.0,0.0,0.0,0.0,0.0,0.0,0.0,NA,0,989.0
NFT-/XUTR/DEUTH026124A05FZX,0.0,9.1,9.1,1699.0,382.0,18.03,0.0,0.9095,0.9095,prepaid,0.364,0.0,0.0,0.0,0.0,0.0,361.787,"",'132810317431693148901,2026-05-04,11096753193,8587d77c-d1a0-4fe8-aa21-24df3b6c28ed,"",Forward,100042024234,100042024234,11504,363.8,5.0,1258.0,0.0,1258.0,packet_delivered,0.0,0.0,0.0,0.0,0.0,0.0,0.0,0.0,NA,0,440.99000000000007
NFT-/XUTR/DEUTH026124A05FZX,75.14,0.0,0.0,3499.0,1578.0,391.028,7.514,0.0,0.0,prepaid,1.503,0.0,0.0,45.0,0.0,53.1,1124.855,"",'132821565357586605303,2026-05-04,11099171703,9e7803b3-1521-4148-8268-cf8081d2b098,"",Forward,100044442737,100044442737,11504,1502.86,5.0,1750.0,0.0,1750.0,packet_delivered,0.0,0.0,0.0,0.0,0.0,0.0,0.0,0.0,NA,0,1748.99
NFT-/XUTR/DEUTH026124A05FZX,75.19,0.0,0.0,1750.0,1579.0,372.644,7.519,0.0,0.0,prepaid,1.504,0.0,0.0,45.0,0.0,53.1,1144.233,"",'132789495206532530503,2026-05-04,11092365891,e5afe6fb-26b9-4a2c-9aa4-34f58139fa7f,"",Forward,100037636936,1000010700179,11504,1503.81,5.0,0.0,0.0,0.0,packet_delivered,0.0,0.0,0.0,0.0,0.0,0.0,0.0,0.0,NA,0,1750.0
NFT-/XUTR/DEUTH026124A05FZX,63.24,0.0,0.0,2999.0,1328.0,329.078,6.324,0.0,0.0,prepaid,1.265,0.0,0.0,45.0,0.0,53.1,938.233,"",'132812919845009060703,2026-05-04,11097407164,1b543dbb-f847-4a5d-84c1-965db292b3fb,"",Forward,100042678204,100042678204,11504,1264.76,5.0,1500.0,0.0,1500.0,packet_delivered,0.0,0.0,0.0,0.0,0.0,0.0,0.0,0.0,NA,0,1499.0
NFT-/XUTR/DEUTH026124A05FZX,42.81,0.0,0.0,2399.0,899.0,233.38,4.281,0.0,0.0,prepaid,0.856,0.0,0.0,27.0,0.0,31.86,628.623,"",'132832638163361657503,2026-05-04,11101682638,173ec86c-ba21-4028-a8f7-ed4cdda4ca61,"",Forward,100046953665,100046953665,11504,856.19,5.0,1329.0,0.0,1329.0,packet_delivered,0.0,0.0,0.0,0.0,0.0,0.0,0.0,0.0,NA,0,1070.0
NFT-/XUTR/DEUTH026124A05FZX,77.52,0.0,0.0,1799.0,1628.0,384.208,7.752,0.0,0.0,prepaid,1.55,167.0,0.0,0.0,0.0,197.06,-1431.55,"",'132788382652578531603,2026-05-04,11091941705,4cf51ff0-dbd2-4c31-b426-0378e0d26a82,100156266128,Reverse,100037212750,1000010600500,11504,1550.48,5.0,0.0,0.0,0.0,return_refund,0.0,0.0,0.0,0.0,0.0,0.0,0.0,0.0,NA,0,1798.99
NFT-/XUTR/DEUTH026124A05FZX,18.95,0.0,0.0,1699.0,398.0,18.786,1.895,0.0,0.0,prepaid,0.379,182.0,0.0,0.0,0.0,214.76,-591.7,"",'132797399098663756703,2026-05-04,11094122419,8d97e054-7cf4-44a8-856f-225052f16b6f,100153122491,Reverse,100039393461,100039393461,11504,379.05,5.0,1207.0,0.0,1207.0,return_refund,0.0,0.0,0.0,0.0,0.0,0.0,0.0,0.0,NA,0,492.0
NFT-/XUTR/DEUTH026124A05FZX,18.95,0.0,0.0,1699.0,398.0,18.786,1.895,0.0,0.0,prepaid,0.379,182.0,0.0,0.0,0.0,214.76,-591.7,"",'132802134312061396603,2026-05-04,11094898187,7a729b6b-b81d-4e68-b197-36834c194035,100153636320,Reverse,100040169229,1000011506645,11504,379.05,5.0,1207.0,0.0,1207.0,return_refund,0.0,0.0,0.0,0.0,0.0,0.0,0.0,0.0,NA,0,492.0
NFT-/XUTR/DEUTH026124A05FZX,28.1,0.0,0.0,1850.0,590.0,153.164,2.81,0.0,0.0,prepaid,0.562,127.0,0.0,0.0,0.0,149.86,-583.324,"",'132811484155791602303,2026-05-04,11097029712,fb96475a-bb38-461d-bc9e-c3b777e533be,100154910923,Reverse,100042300752,1000012166091,11504,561.9,5.0,1166.0,0.0,1166.0,return_refund,0.0,0.0,0.0,0.0,0.0,0.0,0.0,0.0,NA,0,684.0
NFT-/XUTR/DEUTH026124A05FZX,81.19,0.0,0.0,1899.0,144.15,17.01,0.686,0.0,0.0,prepaid,0.137,0.0,0.0,3.805,0.0,4.4899,121.827,"",'132778943612647845901,2026-05-04,11089652682,f1f34a5e-b8e4-4cf4-872c-62921210a842,"",Forward,100034923733,100034923733,11504,1623.81,5.0,0.0,0.0,0.0,packet_delivered,0.0,0.0,0.0,0.0,0.0,0.0,0.0,0.0,NA,0,1899.0
NFT-/XUTR/DEUTH026124A05FZX,60.86,0.0,0.0,2899.0,1278.0,316.688,6.086,0.0,0.0,prepaid,1.217,0.0,0.0,45.0,0.0,53.1,900.909,"",'132803787235334436903,2026-05-04,11095394896,ab25b4be-eda3-4384-bcfe-468937f4de70,"",Forward,100040665938,100040665938,11504,1217.14,5.0,1450.0,0.0,1450.0,packet_delivered,0.0,0.0,0.0,0.0,0.0,0.0,0.0,0.0,NA,0,1449.0
NFT-/XUTR/DEUTH026124A05FZX,0.0,31.62,31.62,2999.0,1328.0,329.078,0.0,3.162,3.162,prepaid,1.265,0.0,0.0,45.0,0.0,53.1,938.233,"",'132804021348862286803,2026-05-04,11095460073,b5e02cb5-fe31-44fd-8a8f-e1156b05d911,"",Forward,100040731114,100040731114,11504,1264.76,5.0,1500.0,0.0,1500.0,packet_delivered,0.0,0.0,0.0,0.0,0.0,0.0,0.0,0.0,NA,0,1498.9999999999998
NFT-/XUTR/DEUTH026124A05FZX,0.0,50.07,50.07,3299.0,2103.0,496.308,0.0,5.007,5.007,prepaid,2.003,0.0,0.0,61.0,0.0,71.98,1522.695,"",'132815470359592599501,2026-05-04,11098131651,68ac647c-cebe-413c-87ea-97ff9e9e6895,"",Forward,100043402687,100043402687,11504,2002.86,5.0,990.0,0.0,990.0,packet_delivered,0.0,0.0,0.0,0.0,0.0,0.0,0.0,0.0,NA,0,2309.0
NFT-/XUTR/DEUTH026124A05FZX,0.0,39.95,39.95,3699.0,1678.0,376.208,0.0,3.995,3.995,prepaid,1.598,0.0,0.0,45.0,0.0,53.1,1239.104,"",'132832303148508078503,2026-05-04,11101575303,b4361810-6639-4575-aca4-0318cad0f6d2,"",Forward,100046846330,1000013499375,11504,1598.1,5.0,1850.0,0.0,1850.0,packet_delivered,0.0,0.0,0.0,0.0,0.0,0.0,0.0,0.0,NA,0,1849.0
NFT-/XUTR/DEUTH026124A05FZX,67.91,0.0,0.0,3399.0,1426.0,353.363,6.79,0.0,0.0,prepaid,1.358,182.0,0.0,0.0,0.0,214.76,-1279.249,"",'132818571836253394903,2026-05-04,11098444613,f6a28316-9b47-410a-88f0-3a2b0bf63e96,100154456144,Reverse,100043715649,1000012723562,11504,1358.1,5.0,1802.0,0.0,1802.0,return_refund,0.0,0.0,0.0,0.0,0.0,0.0,0.0,0.0,NA,0,1597.01
NFT-/XUTR/DEUTH026124A05FZX,90.1,0.0,0.0,2099.0,1892.0,468.838,9.01,0.0,0.0,prepaid,1.802,0.0,0.0,45.0,0.0,53.1,1359.25,"",'132778831300792838601,2026-05-04,11089619263,50e53690-07ce-458d-b673-b4664e8f8a9b,"",Forward,100034890315,100034890315,11504,1801.9,5.0,1.0,0.0,1.0,packet_delivered,0.0,0.0,0.0,0.0,0.0,0.0,0.0,0.0,NA,0,2098.0
NFT-/XUTR/DEUTH026124A05FZX,27.62,0.0,0.0,1499.0,580.0,150.568,2.762,0.0,0.0,prepaid,0.552,0.0,0.0,27.0,0.0,31.86,394.258,"",'132780620507020191903,2026-05-04,11090160427,5bf65da3-01dc-45a9-8cbb-1f04d3329bfd,"",Forward,100035431478,100035431478,11504,552.38,5.0,825.0,0.0,825.0,packet_delivered,0.0,0.0,0.0,0.0,0.0,0.0,0.0,0.0,NA,0,674.0
NFT-/XUTR/DEUTH026124A05FZX,0.0,13.57,13.57,1899.0,570.0,40.356,0.0,1.357,1.357,prepaid,0.543,0.0,0.0,27.0,0.0,31.86,494.527,"",'132803074612524938503,2026-05-04,11095184544,d96529bb-0e66-4acf-b4c5-49e4f053c7c2,"",Forward,100040455586,100040455586,11504,542.86,5.0,1235.0,0.0,1235.0,packet_delivered,0.0,0.0,0.0,0.0,0.0,0.0,0.0,0.0,NA,0,664.0000000000001
NFT-/XUTR/DEUTH026124A05FZX,34.05,0.0,0.0,1799.0,715.0,185.614,3.405,0.0,0.0,prepaid,0.681,0.0,0.0,27.0,0.0,31.86,493.44,"",'132823516999342857501,2026-05-04,11099731820,b3d08c4c-670d-442b-aa79-55b90d371279,"",Forward,100045002854,100045002854,11504,680.95,5.0,990.0,0.0,990.0,packet_delivered,0.0,0.0,0.0,0.0,0.0,0.0,0.0,0.0,NA,0,809.0
NFT-/XUTR/DEUTH026124A05FZX,0.0,17.02,17.02,1799.0,715.0,185.614,0.0,1.7025,1.7025,prepaid,0.681,0.0,0.0,27.0,0.0,31.86,493.44,"",'132827768934422260103,2026-05-04,11100379422,d4d6df70-0878-4bdd-8da8-e121627161d3,"",Forward,100045650455,100045650455,11504,680.96,5.0,990.0,0.0,990.0,packet_delivered,0.0,0.0,0.0,0.0,0.0,0.0,0.0,0.0,NA,0,809.0
NFT-/XUTR/DEUTH026124A05FZX,33.57,0.0,0.0,1599.0,705.0,183.018,3.357,0.0,0.0,prepaid,0.671,0.0,0.0,27.0,0.0,31.86,486.094,"",'132813998394764087901,2026-05-04,11097674299,708c685d-647e-45f7-864a-14dd13eb0600,"",Forward,100042945335,100042945335,11504,671.43,5.0,800.0,0.0,800.0,packet_delivered,0.0,0.0,0.0,0.0,0.0,0.0,0.0,0.0,NA,0,799.0
NFT-/XUTR/DEUTH026124A05FZX,40.71,0.0,0.0,1899.0,855.0,221.958,4.071,0.0,0.0,prepaid,0.814,112.0,0.0,0.0,0.0,132.16,-760.317,"",'132784825579800592601,2026-05-04,11090772315,376bac6d-9b6c-4ced-9fc6-78e20e60c984,11090772315,Reverse,100036043362,100036043362,11504,814.29,5.0,950.0,0.0,950.0,exchange,0.0,0.0,0.0,0.0,0.0,0.0,0.0,0.0,NA,0,949.0
NFT-/XUTR/DEUTH026124A05FZX,0.0,17.02,17.02,1799.0,715.0,185.614,0.0,1.7025,1.7025,prepaid,0.681,106.0,0.0,0.0,0.0,125.08,-650.38,"",'132807734925391372503,2026-05-04,11096572967,4a49521c-d8e3-46a8-9b03-d7af2c7f4f4c,100152143862,Reverse,100041844008,100041844008,11504,680.96,5.0,990.0,0.0,990.0,return_refund,0.0,0.0,0.0,0.0,0.0,0.0,0.0,0.0,NA,0,809.01
NFT-/XUTR/DEUTH026124A05FZX,19.29,0.0,0.0,1999.0,405.0,19.116,1.929,0.0,0.0,prepaid,0.386,0.0,0.0,15.0,0.0,17.7,365.869,"",'132800714250249552103,2026-05-04,11094672122,d0a03126-21f2-4fda-b697-300411be091b,"",Forward,100039943164,100039943164,11504,385.71,5.0,1500.0,0.0,1500.0,packet_delivered,0.0,0.0,0.0,0.0,0.0,0.0,0.0,0.0,NA,0,499.0
NFT-/XUTR/DEUTH026124A05FZX,448.93,0.0,0.0,4499.0,2943.0,694.548,12.47,0.0,0.0,prepaid,2.494,0.0,0.0,61.0,0.0,71.98,2161.508,"",'132806790654712922203,2026-05-04,11096343345,4ce8ad54-cecb-4946-ba2b-48fb478edf0b,"",Forward,100041614386,100041614386,11504,2494.07,18.0,1350.0,0.0,1350.0,packet_delivered,0.0,0.0,0.0,0.0,0.0,0.0,0.0,0.0,NA,0,3149.0
NFT-/XUTR/DEUTH026124A05FZX,24.57,0.0,0.0,1650.0,516.0,133.954,2.457,0.0,0.0,prepaid,0.491,112.0,0.0,0.0,0.0,132.16,-511.258,"",'132770906595918481503,2026-05-04,11087866077,f8d2916c-5a51-4b8f-8a3f-2afb94ef0b75,100154931842,Reverse,100033137130,100033137130,11504,491.43,5.0,1040.0,0.0,1040.0,return_refund,0.0,0.0,0.0,0.0,0.0,0.0,0.0,0.0,NA,0,610.0
NFT-/XUTR/DEUTH026124A05FZX,19.1,0.0,0.0,1599.0,37.269,1.759,0.177,0.0,0.0,prepaid,0.035,0.0,0.0,1.394,0.0,1.64492,33.653,"",'132802750385861004801,2026-05-04,11095082014,8eae4f36-0b4e-4224-8b0c-f3da13abc4ae,"",Forward,100040353056,100040353056,11504,381.9,5.0,1104.0,0.0,1104.0,packet_delivered,0.0,0.0,0.0,0.0,0.0,0.0,0.0,0.0,NA,0,494.99
NFT-/XUTR/DEUTH026124A05FZX,39.81,0.0,0.0,2399.0,836.0,217.026,3.981,0.0,0.0,prepaid,0.796,0.0,0.0,27.0,0.0,31.86,582.337,"",'132793768710392351501,2026-05-04,11093097088,64835aa4-9727-4997-8400-bc608d5a6f36,"",Forward,100038368132,1000011565731,11504,796.19,5.0,1392.0,0.0,1392.0,packet_delivered,0.0,0.0,0.0,0.0,0.0,0.0,0.0,0.0,NA,0,1007.0
NFT-/XUTR/DEUTH026124A05FZX,29.05,0.0,0.0,1499.0,610.0,43.188,2.905,0.0,0.0,prepaid,0.581,0.0,0.0,27.0,0.0,31.86,531.466,"",'132806307041263344001,2026-05-04,11096145352,a580a6f4-0b08-4566-85c6-1045ba50dbeb,"",Forward,100041416394,100041416394,11504,580.95,5.0,795.0,0.0,795.0,packet_delivered,0.0,0.0,0.0,0.0,0.0,0.0,0.0,0.0,NA,0,704.0
NFT-/XUTR/DEUTH026124A05FZX,34.05,0.0,0.0,1799.0,715.0,185.614,3.405,0.0,0.0,prepaid,0.681,182.0,0.0,0.0,0.0,214.76,-740.06,"",'132798736156800981703,2026-05-04,11094561446,0218f464-0c77-40e2-ae60-700a2c627ac0,100153113317,Reverse,100039832488,1000011597529,11504,680.95,5.0,990.0,0.0,990.0,return_refund,0.0,0.0,0.0,0.0,0.0,0.0,0.0,0.0,NA,0,809.0
NFT-/XUTR/DEUTH026124A05FZX,27.19,0.0,0.0,1799.0,571.0,148.232,2.719,0.0,0.0,prepaid,0.544,0.0,0.0,27.0,0.0,31.86,387.645,"",'132803373023212656601,2026-05-04,11095276632,65c1e7d7-8d7b-4dd5-a4e3-c754de84ca8e,"",Forward,100040547674,1000011621091,11504,543.81,5.0,1134.0,0.0,1134.0,packet_delivered,0.0,0.0,0.0,0.0,0.0,0.0,0.0,0.0,NA,0,665.0
NFT-/XUTR/DEUTH026124A05FZX,31.19,0.0,0.0,1499.0,655.0,170.038,3.119,0.0,0.0,prepaid,0.624,0.0,0.0,27.0,0.0,31.86,449.359,"",'132805817955882464201,2026-05-04,11095981499,275d9dbd-e70c-40dc-b363-fc6bdacb3e61,"",Forward,100041252540,100041252540,11504,623.81,5.0,750.0,0.0,750.0,packet_delivered,0.0,0.0,0.0,0.0,0.0,0.0,0.0,0.0,NA,0,749.0
NFT-/XUTR/DEUTH026124A05FZX,51.86,0.0,0.0,1799.0,1089.0,257.004,5.186,0.0,0.0,prepaid,1.037,167.0,0.0,0.0,0.0,197.06,-1022.833,"",'132785494000116052103,2026-05-04,11090985700,105305bd-8b1d-469e-9f8f-992407cc5665,11090985700,Reverse,100036256747,100036256747,11504,1037.14,5.0,539.0,0.0,539.0,exchange,0.0,0.0,0.0,0.0,0.0,0.0,0.0,0.0,NA,0,1260.0
NFT-/XUTR/DEUTH026124A05FZX,0.0,51.74,51.74,3399.0,2173.0,487.187,0.0,5.174,5.174,prepaid,2.07,0.0,0.0,61.0,0.0,71.98,1601.415,"",'132832303148508078503,2026-05-04,11101575300,b4361810-6639-4575-aca4-0318cad0f6d2,"",Forward,100046846327,1000013499375,11504,2069.52,5.0,1020.0,0.0,1020.0,packet_delivered,0.0,0.0,0.0,0.0,0.0,0.0,0.0,0.0,NA,0,2378.9999999999995
NFT-/XUTR/DEUTH026124A05FZX,42.62,0.0,0.0,2999.0,895.0,232.342,4.262,0.0,0.0,prepaid,0.852,0.0,0.0,27.0,0.0,31.86,625.684,"",'132781882184832972803,2026-05-04,11090485460,9e0f65bf-61c0-4227-9283-45533a5e99f2,"",Forward,100035756511,100035756511,11504,852.38,5.0,2010.0,0.0,2010.0,packet_delivered,0.0,0.0,0.0,0.0,0.0,0.0,0.0,0.0,NA,0,989.0
NFT-/XUTR/DEUTH026124A05FZX,33.52,0.0,0.0,1699.0,704.0,182.758,3.352,0.0,0.0,prepaid,0.67,0.0,0.0,27.0,0.0,31.86,485.36,"",'132794400379520349101,2026-05-04,11093279208,25345053-77ba-4d69-b5f8-eff252b235b4,"",Forward,100038550252,1000011012642,11504,670.48,5.0,901.0,0.0,901.0,packet_delivered,0.0,0.0,0.0,0.0,0.0,0.0,0.0,0.0,NA,0,798.0
NFT-/XUTR/DEUTH026124A05FZX,60.86,0.0,0.0,2899.0,1278.0,316.688,6.086,0.0,0.0,prepaid,1.217,0.0,0.0,45.0,0.0,53.1,900.909,"",'132825129365997747703,2026-05-04,11100178485,84ba6e59-d87d-45b7-8e89-a8bc9594c12a,"",Forward,100045449518,100045449518,11504,1217.14,5.0,1450.0,0.0,1450.0,packet_delivered,0.0,0.0,0.0,0.0,0.0,0.0,0.0,0.0,NA,0,1449.0
NFT-/XUTR/DEUTH026124A05FZX,63.24,0.0,0.0,2999.0,1328.0,329.078,6.324,0.0,0.0,prepaid,1.265,167.0,0.0,0.0,0.0,197.06,-1188.393,"",'132787490498997709203,2026-05-04,11091647213,bdc5db05-ec47-4716-b637-462e61cbf8fb,11091647213,Reverse,100036918258,100036918258,11504,1264.76,5.0,1500.0,0.0,1500.0,exchange,0.0,0.0,0.0,0.0,0.0,0.0,0.0,0.0,NA,0,1499.0
NFT-/XUTR/DEUTH026124A05FZX,38.81,0.0,0.0,2599.0,815.0,211.574,3.881,0.0,0.0,prepaid,0.776,0.0,0.0,27.0,0.0,31.86,566.909,"",'132792258560471233903,2026-05-04,11092782879,4364a7f0-2e52-4203-8633-f6e51c00d6f0,"",Forward,100038053924,1000011570981,11504,776.19,5.0,1690.0,0.0,1690.0,packet_delivered,0.0,0.0,0.0,0.0,0.0,0.0,0.0,0.0,NA,0,909.0
NFT-/XUTR/DEUTH026124A05FZX,38.33,0.0,0.0,1799.0,805.0,208.978,3.833,0.0,0.0,prepaid,0.767,0.0,0.0,27.0,0.0,31.86,559.562,"",'132793731065660889901,2026-05-04,11093086265,4691d527-b73c-4f0c-afd6-7fd7d83b4e21,"",Forward,100038357309,100038357309,11504,766.67,5.0,900.0,0.0,900.0,packet_delivered,0.0,0.0,0.0,0.0,0.0,0.0,0.0,0.0,NA,0,899.01
NFT-/XUTR/DEUTH026124A05FZX,70.38,0.0,0.0,3299.0,1478.0,366.248,7.038,0.0,0.0,prepaid,1.408,0.0,0.0,45.0,0.0,53.1,1050.206,"",'132802787255285806801,2026-05-04,11095093468,cbbc66e0-d352-47cc-9730-8c742f0d662f,"",Forward,100040364510,1000011595936,11504,1407.62,5.0,1650.0,0.0,1650.0,packet_delivered,0.0,0.0,0.0,0.0,0.0,0.0,0.0,0.0,NA,0,1649.0
NFT-/XUTR/DEUTH026124A05FZX,90.14,0.0,0.0,2999.0,1893.0,469.085,9.014,0.0,0.0,prepaid,1.803,0.0,0.0,45.0,0.0,53.1,1359.998,"",'132811270986613998303,2026-05-04,11096973862,af4b91af-920f-4c57-9630-a011a78a9662,"",Forward,100042244902,100042244902,11504,1802.86,5.0,900.0,0.0,900.0,packet_delivered,0.0,0.0,0.0,0.0,0.0,0.0,0.0,0.0,NA,0,2099.0
NFT-/XUTR/DEUTH026124A05FZX,70.38,0.0,0.0,3299.0,1478.0,366.248,7.038,0.0,0.0,prepaid,1.408,0.0,0.0,45.0,0.0,53.1,1050.206,"",'132793500952293652101,2026-05-04,11093023120,7c547b17-55f9-41e8-a52b-096a5387aa79,"",Forward,100038294164,1000011581176,11504,1407.62,5.0,1650.0,0.0,1650.0,packet_delivered,0.0,0.0,0.0,0.0,0.0,0.0,0.0,0.0,NA,0,1649.0
NFT-/XUTR/DEUTH026124A05FZX,103.48,0.0,0.0,3399.0,2173.0,487.187,10.348,0.0,0.0,prepaid,2.07,182.0,0.0,0.0,0.0,214.76,-1888.155,"",'132797689795896897501,2026-05-04,11094217752,d8a0b262-8b9f-4e03-a8c0-c56a5e44439b,100153148894,Reverse,100039488794,100039488794,11504,2069.52,5.0,1020.0,0.0,1020.0,return_refund,0.0,0.0,0.0,0.0,0.0,0.0,0.0,0.0,NA,0,2379.0
NFT-/XUTR/DEUTH026124A05FZX,33.57,0.0,0.0,1599.0,705.0,183.018,3.357,0.0,0.0,prepaid,0.671,182.0,0.0,0.0,0.0,214.76,-732.714,"",'132805920969931616401,2026-05-04,11096014994,af8846d3-1014-4139-a12d-18dc82a8e614,100154190662,Reverse,100041286035,1000011817632,11504,671.43,5.0,800.0,0.0,800.0,return_refund,0.0,0.0,0.0,0.0,0.0,0.0,0.0,0.0,NA,0,799.01
NFT-/XUTR/DEUTH026124A05FZX,34.05,0.0,0.0,1799.0,715.0,185.614,3.405,0.0,0.0,prepaid,0.681,0.0,0.0,27.0,0.0,31.86,493.44,"",'132785464088580749603,2026-05-04,11090975417,3cf69e6c-4c86-4e68-8cb7-8397ba010376,"",Forward,100036246464,100036246464,11504,680.95,5.0,990.0,0.0,990.0,packet_delivered,0.0,0.0,0.0,0.0,0.0,0.0,0.0,0.0,NA,0,809.0
NFT-/XUTR/DEUTH026124A05FZX,42.62,0.0,0.0,2999.0,895.0,232.342,4.262,0.0,0.0,prepaid,0.852,0.0,0.0,27.0,0.0,31.86,625.684,"",'132812742183677639601,2026-05-04,11097361280,8704af14-1552-4f68-82be-fb427e9f0c86,"",Forward,100042632320,100042632320,11504,852.38,5.0,2010.0,0.0,2010.0,packet_delivered,0.0,0.0,0.0,0.0,0.0,0.0,0.0,0.0,NA,0,989.0
NFT-/XUTR/DEUTH026124A05FZX,72.76,0.0,0.0,3399.0,1528.0,378.638,7.276,0.0,0.0,prepaid,1.455,0.0,0.0,45.0,0.0,53.1,1087.531,"",'132813295303022570801,2026-05-04,11097500407,1f4680a2-1da8-49c8-99f2-fe9d37339749,"",Forward,100042771444,1000012698703,11504,1455.24,5.0,1700.0,0.0,1700.0,packet_delivered,0.0,0.0,0.0,0.0,0.0,0.0,0.0,0.0,NA,0,1699.01
NFT-/XUTR/DEUTH026124A05FZX,39.81,0.0,0.0,2399.0,836.0,217.026,3.981,0.0,0.0,prepaid,0.796,182.0,0.0,0.0,0.0,214.76,-828.957,"",'132793768710392351501,2026-05-04,11093097087,64835aa4-9727-4997-8400-bc608d5a6f36,100154769991,Reverse,100038368131,1000011565731,11504,796.19,5.0,1392.0,0.0,1392.0,return_refund,0.0,0.0,0.0,0.0,0.0,0.0,0.0,0.0,NA,0,1007.0
NFT-/XUTR/DEUTH026124A05FZX,464.19,0.0,0.0,6499.0,3043.0,718.148,12.894,0.0,0.0,prepaid,2.579,0.0,0.0,61.0,0.0,71.98,2237.399,"",'132823955885464674101,2026-05-04,11099915848,5f6776e2-b703-4975-9bae-06cbc6db7d75,"",Forward,100045186881,100045186881,11504,2578.81,18.0,3250.0,0.0,3250.0,packet_delivered,0.0,0.0,0.0,0.0,0.0,0.0,0.0,0.0,NA,0,3249.0
NFT-/XUTR/DEUTH026124A05FZX,0.0,31.64,31.64,2999.0,1329.0,329.326,0.0,3.1645,3.1645,prepaid,1.266,0.0,0.0,45.0,0.0,53.1,938.979,"",'132840747646729469003,2026-05-04,11103361088,88c3e089-0022-4492-857d-5e60d9559468,"",Forward,100048632097,100048632097,11504,1265.72,5.0,1499.0,0.0,1499.0,packet_delivered,0.0,0.0,0.0,0.0,0.0,0.0,0.0,0.0,NA,0,1500.0000000000002
NFT-/XUTR/DEUTH026124A05FZX,19.1,0.0,0.0,1599.0,400.99999999999994,18.927,1.91,0.0,0.0,prepaid,0.382,167.0,0.0,0.0,0.0,197.06,-576.841,"",'132780684269456865901,2026-05-04,11090183454,94f47b00-b823-4c9a-a7e6-134e537d1264,100156671440,Reverse,100035454505,1000010075851,11504,381.9,5.0,1104.0,0.0,1104.0,return_refund,0.0,0.0,0.0,0.0,0.0,0.0,0.0,0.0,NA,0,495.0
NFT-/XUTR/DEUTH026124A05FZX,0.0,22.81,22.81,1699.0,957.9999999999999,248.697,0.0,2.281,2.281,prepaid,0.912,106.0,0.0,0.0,0.0,125.08,-828.909,"",'132838324304017395003,2026-05-04,11102702222,0986966b-3c4c-4214-afe2-fcb0b2196942,100153412787,Reverse,100047973249,100047973249,11504,912.38,5.0,570.0,0.0,570.0,return_refund,0.0,0.0,0.0,0.0,0.0,0.0,0.0,0.0,NA,0,1129.0
NFT-/XUTR/DEUTH026124A05FZX,0.0,20.6,20.6,1999.0,865.0,224.554,0.0,2.0595,2.0595,prepaid,0.824,106.0,0.0,0.0,0.0,125.08,-760.583,"",'132846179525100223101,2026-05-04,11104290394,d9439cad-d372-472a-88b3-6a98c36b64dd,100153501825,Reverse,100049561394,1000014294191,11504,823.8,5.0,1040.0,0.0,1040.0,return_refund,0.0,0.0,0.0,0.0,0.0,0.0,0.0,0.0,NA,0,959.0
NFT-/XUTR/DEUTH026124A05FZX,18.95,0.0,0.0,1699.0,398.0,18.786,1.895,0.0,0.0,prepaid,0.379,0.0,0.0,0.0,0.0,0.0,376.94,"",'132776189990143460103,2026-05-04,11088809876,53ed9737-0671-483b-88d1-8fa1b9eb46f1,"",Forward,100034080928,1000009696993,11504,379.05,5.0,1207.0,0.0,1207.0,packet_delivered,0.0,0.0,0.0,0.0,0.0,0.0,0.0,0.0,NA,0,492.0
NFT-/XUTR/DEUTH026124A05FZX,18.95,0.0,0.0,1699.0,398.0,18.786,1.895,0.0,0.0,prepaid,0.379,0.0,0.0,0.0,0.0,0.0,376.94,"",'132793498251475341201,2026-05-04,11093022290,5f871052-9e77-4d9e-84f0-f250ba0d64fc,"",Forward,100038293334,1000010921182,11504,379.05,5.0,1207.0,0.0,1207.0,packet_delivered,0.0,0.0,0.0,0.0,0.0,0.0,0.0,0.0,NA,0,492.0
NFT-/XUTR/DEUTH026124A05FZX,55.14,0.0,0.0,1899.0,1158.0,273.288,5.514,0.0,0.0,prepaid,1.103,167.0,0.0,0.0,0.0,197.06,-1075.155,"",'132786341568426999101,2026-05-04,11091274300,c4095de0-2f31-4224-985a-17f3338eed85,11091274300,Reverse,100036545345,100036545345,11504,1102.86,5.0,570.0,0.0,570.0,exchange,0.0,0.0,0.0,0.0,0.0,0.0,0.0,0.0,NA,0,1329.0
NFT-/XUTR/DEUTH026124A05FZX,47.76,0.0,0.0,2499.0,1003.0,236.708,4.776,0.0,0.0,prepaid,0.955,0.0,0.0,45.0,0.0,53.1,707.461,"",'132804664552741578501,2026-05-04,11095637122,f1be41b8-7d21-4c1c-9bbf-5a06206b2f4a,"",Forward,100040908163,100040908163,11504,955.24,5.0,1325.0,0.0,1325.0,packet_delivered,0.0,0.0,0.0,0.0,0.0,0.0,0.0,0.0,NA,0,1174.0
NFT-/XUTR/DEUTH026124A05FZX,24.57,0.0,0.0,1650.0,516.0,133.954,2.457,0.0,0.0,prepaid,0.491,167.0,0.0,0.0,0.0,197.06,-576.158,"",'132785891827841009901,2026-05-04,11091124636,e604c698-aba3-4727-b6a8-ade33fa84f74,11091124636,Reverse,100036395682,100036395682,11504,491.43,5.0,1040.0,0.0,1040.0,exchange,0.0,0.0,0.0,0.0,0.0,0.0,0.0,0.0,NA,0,610.0
NFT-/XUTR/DEUTH026124A05FZX,86.81,0.0,0.0,2899.0,1823.0,451.739,8.681,0.0,0.0,prepaid,1.736,0.0,0.0,45.0,0.0,53.1,1307.744,"",'132796715355487645803,2026-05-04,11093928764,a7eecb13-be5e-44d5-8b56-58da9446e257,"",Forward,100039199806,100039199806,11504,1736.19,5.0,870.0,0.0,870.0,packet_delivered,0.0,0.0,0.0,0.0,0.0,0.0,0.0,0.0,NA,0,2029.0
NFT-/XUTR/DEUTH026124A05FZX,39.52,0.0,0.0,2499.0,830.0,215.468,3.952,0.0,0.0,prepaid,0.79,167.0,0.0,0.0,0.0,197.06,-806.85,"",'132779347327741802001,2026-05-04,11089765810,ffcbd974-465d-4c0e-a67c-92fc2f9b4ded,11089765810,Reverse,100035036861,100035036861,11504,790.48,5.0,1575.0,0.0,1575.0,exchange,0.0,0.0,0.0,0.0,0.0,0.0,0.0,0.0,NA,0,924.0
NFT-/XUTR/DEUTH026124A05FZX,38.33,0.0,0.0,1799.0,805.0,208.978,3.833,0.0,0.0,prepaid,0.767,167.0,0.0,0.0,0.0,197.06,-788.482,"",'132782650375970360103,2026-05-04,11090527081,5494e521-ccea-471e-b17c-8a41501429ed,100153423254,Reverse,100035798132,100035798132,11504,766.67,5.0,900.0,0.0,900.0,return_refund,0.0,0.0,0.0,0.0,0.0,0.0,0.0,0.0,NA,0,899.0
NFT-/XUTR/DEUTH026124A05FZX,56.71,0.0,0.0,2899.0,1191.0,295.13,5.671,0.0,0.0,prepaid,1.134,106.0,0.0,0.0,0.0,125.08,-1014.145,"",'132813401921997779201,2026-05-04,11097526470,73886352-fe35-4ac6-a2d4-03ad04aef09f,11097526470,Reverse,100042797506,1000012702263,11504,1134.29,5.0,1537.0,0.0,1537.0,exchange,0.0,0.0,0.0,0.0,0.0,0.0,0.0,0.0,NA,0,1362.0
NFT-/XUTR/DEUTH026124A05FZX,45.52,0.0,0.0,2399.0,956.0,248.178,4.552,0.0,0.0,prepaid,0.91,167.0,0.0,0.0,0.0,197.06,-899.42,"",'132788418421723587303,2026-05-04,11091953247,08082766-7aa3-4717-8802-e24060dd7e59,100153233572,Reverse,100037224291,100037224291,11504,910.48,5.0,1272.0,0.0,1272.0,return_refund,0.0,0.0,0.0,0.0,0.0,0.0,0.0,0.0,NA,0,1127.0
NFT-/XUTR/DEUTH026124A05FZX,70.38,0.0,0.0,3299.0,161.339,39.98,0.768,0.0,0.0,prepaid,0.154,0.0,0.0,4.912,0.0,5.79616,114.641,"",'132772844015116677801,2026-05-04,11088459526,6259988f-491e-445a-9e7c-cf4e76890090,"",Forward,100033730579,100033730579,11504,1407.62,5.0,1650.0,0.0,1650.0,packet_delivered,0.0,0.0,0.0,0.0,0.0,0.0,0.0,0.0,NA,0,1648.99
NFT-/XUTR/DEUTH026124A05FZX,35.95,0.0,0.0,1699.0,755.0,195.998,3.595,0.0,0.0,prepaid,0.719,0.0,0.0,27.0,0.0,31.86,522.828,"",'132784246975597170601,2026-05-04,11090642373,65fa2243-5daa-4edf-b3d9-d5fd695be1cc,"",Forward,100035913424,1000010243801,11504,719.05,5.0,850.0,0.0,850.0,packet_delivered,0.0,0.0,0.0,0.0,0.0,0.0,0.0,0.0,NA,0,849.0
NFT-/XUTR/DEUTH026124A05FZX,51.81,0.0,0.0,1799.0,1088.0,256.768,5.181,0.0,0.0,prepaid,1.036,0.0,0.0,45.0,0.0,53.1,771.915,"",'132787526053483255803,2026-05-04,11091658947,3f3b0acf-0190-4292-9ec2-8d7c41718afe,"",Forward,100036929992,1000010568788,11504,1036.19,5.0,540.0,0.0,540.0,packet_delivered,0.0,0.0,0.0,0.0,0.0,0.0,0.0,0.0,NA,0,1259.0
NFT-/XUTR/DEUTH026124A05FZX,23.0,0.0,0.0,1650.0,483.0,22.798,2.3,0.0,0.0,prepaid,0.46,0.0,0.0,27.0,0.0,31.86,425.582,"",'132794442810394455203,2026-05-04,11093291744,57e90e3e-ad76-47b8-b5b1-409ad79d355e,"",Forward,100038562788,1000011034995,11504,460,5.0,1073.0,0.0,1073.0,packet_delivered,0.0,0.0,0.0,0.0,0.0,0.0,0.0,0.0,NA,0,577.0
NFT-/XUTR/DEUTH026124A05FZX,19.1,0.0,0.0,1599.0,401.0,18.927,1.91,0.0,0.0,prepaid,0.382,0.0,0.0,15.0,0.0,17.7,362.081,"",'132819584426276753801,2026-05-04,11098650170,fe2bd015-02bb-4d27-8c73-2a484399f7b4,"",Forward,100043921206,1000012655209,11504,381.9,5.0,1104.0,0.0,1104.0,packet_delivered,0.0,0.0,0.0,0.0,0.0,0.0,0.0,0.0,NA,0,495.0
NFT-/XUTR/DEUTH026124A05FZX,18.95,0.0,0.0,1699.0,398.0,18.786,1.895,0.0,0.0,prepaid,0.379,0.0,0.0,0.0,0.0,0.0,376.94,"",'132797284532678398101,2026-05-04,11094087330,41bbadd4-7a6d-4875-9bac-ec59c39b4cf7,"",Forward,100039358372,1000011232057,11504,379.05,5.0,1207.0,0.0,1207.0,packet_delivered,0.0,0.0,0.0,0.0,0.0,0.0,0.0,0.0,NA,0,492.0
NFT-/XUTR/DEUTH026124A05FZX,63.24,0.0,0.0,2999.0,1328.0,329.078,6.324,0.0,0.0,prepaid,1.265,0.0,0.0,45.0,0.0,53.1,938.233,"",'132815833587856173201,2026-05-04,11098244873,db1d698e-8213-4d60-93b2-47e0d8169b21,"",Forward,100043515909,100043515909,11504,1264.76,5.0,1500.0,0.0,1500.0,packet_delivered,0.0,0.0,0.0,0.0,0.0,0.0,0.0,0.0,NA,0,1499.0
NFT-/XUTR/DEUTH026124A05FZX,24.57,0.0,0.0,1650.0,3.9299999999999997,1.02,0.019,0.0,0.0,prepaid,0.004,1.386,0.0,0.0,0.0,1.63548,-4.522,"",'132819829386237284301,2026-05-04,11098718258,a959b89c-89f5-427b-a5b3-8a0d78a557bc,100153160632,Reverse,100043989293,1000012679730,11504,491.43,5.0,1040.0,0.0,1040.0,return_refund,0.0,0.0,0.0,0.0,0.0,0.0,0.0,0.0,NA,0,610.0
NFT-/XUTR/DEUTH026124A05FZX,72.76,0.0,0.0,3399.0,1528.0,378.638,7.276,0.0,0.0,prepaid,1.455,0.0,0.0,45.0,0.0,53.1,1087.531,"",'132806901442203618803,2026-05-04,11096390358,31905efa-9812-45b7-a9b2-a4a2bdbe7aa9,"",Forward,100041661399,100041661399,11504,1455.24,5.0,1700.0,0.0,1700.0,packet_delivered,0.0,0.0,0.0,0.0,0.0,0.0,0.0,0.0,NA,0,1699.0
NFT-/XUTR/DEUTH026124A05FZX,63.24,0.0,0.0,2999.0,1328.0,329.078,6.324,0.0,0.0,prepaid,1.265,0.0,0.0,45.0,0.0,53.1,938.233,"",'132815482901480467703,2026-05-04,11098136722,bc6b81e6-b039-48ba-b7bb-8cef3fff709c,"",Forward,100043407758,100043407758,11504,1264.76,5.0,1500.0,0.0,1500.0,packet_delivered,0.0,0.0,0.0,0.0,0.0,0.0,0.0,0.0,NA,0,1499.0
NFT-/XUTR/DEUTH026124A05FZX,51.95,0.0,0.0,1899.0,1091.0,257.476,5.195,0.0,0.0,prepaid,1.039,0.0,0.0,45.0,0.0,53.1,774.19,"",'132836202244518748101,2026-05-04,11102112480,48b4bcd0-882a-42da-811c-225a6f170fe6,"",Forward,100047383507,100047383507,11504,1039.05,5.0,637.0,0.0,637.0,packet_delivered,0.0,0.0,0.0,0.0,0.0,0.0,0.0,0.0,NA,0,1261.99
NFT-/XUTR/DEUTH026124A05FZX,104.43,0.0,0.0,2399.0,37.580000000000005,8.425,0.179,0.0,0.0,prepaid,0.036,1.816,0.0,0.0,0.0,2.14288,-31.083,"",'132832488617490799803,2026-05-04,11101634539,885c3520-5d48-46df-bc6e-1f8cf79b7d56,11101634539,Reverse,100046905566,100046905566,11504,2088.57,5.0,0.0,0.0,0.0,exchange,0.0,0.0,0.0,0.0,0.0,0.0,0.0,0.0,NA,0,2399.01
NFT-/XUTR/DEUTH026124A05FZX,44.67,0.0,0.0,2999.0,938.0,243.505,4.467,0.0,0.0,prepaid,0.893,0.0,0.0,27.0,0.0,31.86,657.275,"",'132777039848356201603,2026-05-04,11089079501,ec6142a0-f608-4075-b57d-558cd3e10a5b,"",Forward,100034350553,100034350553,11504,893.33,5.0,1890.0,0.0,1890.0,packet_delivered,0.0,0.0,0.0,0.0,0.0,0.0,0.0,0.0,NA,0,1109.0
NFT-/XUTR/DEUTH026124A05FZX,50.19,0.0,0.0,1750.0,1054.0,248.744,5.019,0.0,0.0,prepaid,1.004,0.0,0.0,45.0,0.0,53.1,746.133,"",'132789218190997563003,2026-05-04,11092243869,9d6ba952-0f25-4f35-88c8-0409f1009423,"",Forward,100037514914,1000010678046,11504,1003.81,5.0,525.0,0.0,525.0,packet_delivered,0.0,0.0,0.0,0.0,0.0,0.0,0.0,0.0,NA,0,1225.0
NFT-/XUTR/DEUTH026124A05FZX,58.95,0.0,0.0,2999.0,1238.0,306.776,5.895,0.0,0.0,prepaid,1.179,0.0,0.0,45.0,0.0,53.1,871.05,"",'132805749927307623603,2026-05-04,11095958502,8260c193-bd29-4d11-a899-be82ecf8354f,"",Forward,100041229543,1000012141959,11504,1179.05,5.0,1590.0,0.0,1590.0,packet_delivered,0.0,0.0,0.0,0.0,0.0,0.0,0.0,0.0,NA,0,1409.0
NFT-/XUTR/DEUTH026124A05FZX,34.29,0.0,0.0,2200.0,720.0,33.984,3.429,0.0,0.0,prepaid,0.686,106.0,0.0,0.0,0.0,125.08,-806.981,"",'132827466344072270401,2026-05-04,11100324170,6b182567-a772-493c-9e8f-7b960d4f66f9,100155872304,Reverse,100045595204,1000013226080,11504,685.71,5.0,1386.0,0.0,1386.0,return_refund,0.0,0.0,0.0,0.0,0.0,0.0,0.0,0.0,NA,0,814.0
NFT-/XUTR/DEUTH026124A05FZX,63.24,0.0,0.0,2999.0,1328.0,329.078,6.324,0.0,0.0,prepaid,1.265,0.0,0.0,45.0,0.0,53.1,938.233,"",'132788593273461440501,2026-05-04,11092009619,4f2daf69-05a2-4949-a3ff-f43664222e29,"",Forward,100037280664,100037280664,11504,1264.76,5.0,1500.0,0.0,1500.0,packet_delivered,0.0,0.0,0.0,0.0,0.0,0.0,0.0,0.0,NA,0,1499.0
NFT-/XUTR/DEUTH026124A05FZX,42.91,0.0,0.0,2899.0,901.0,233.9,4.29,0.0,0.0,prepaid,0.858,0.0,0.0,27.0,0.0,31.86,630.092,"",'132801862501775691303,2026-05-04,11094828556,d8f91ec2-b121-460c-a0ea-af68cdb685ff,"",Forward,100040099598,100040099598,11504,858.1,5.0,1827.0,0.0,1827.0,packet_delivered,0.0,0.0,0.0,0.0,0.0,0.0,0.0,0.0,NA,0,1072.02
NFT-/XUTR/DEUTH026124A05FZX,56.71,0.0,0.0,2899.0,1191.0,295.13,5.671,0.0,0.0,prepaid,1.134,127.0,0.0,0.0,0.0,149.86,-1038.925,"",'132827807422143157603,2026-05-04,11100387317,790454b1-b5bc-41fc-8c3b-4e596cd33f8c,100153050740,Reverse,100045658350,100045658350,11504,1134.29,5.0,1537.0,0.0,1537.0,return_refund,0.0,0.0,0.0,0.0,0.0,0.0,0.0,0.0,NA,0,1362.0
NFT-/XUTR/DEUTH026124A05FZX,37.19,0.0,0.0,1750.0,781.0,202.748,3.719,0.0,0.0,prepaid,0.744,0.0,0.0,27.0,0.0,31.86,541.929,"",'132797404608627679803,2026-05-04,11094123977,0e557224-6e34-44b0-a57d-cdb1e36612c5,"",Forward,100039395019,100039395019,11504,743.81,5.0,875.0,0.0,875.0,packet_delivered,0.0,0.0,0.0,0.0,0.0,0.0,0.0,0.0,NA,0,875.0
NFT-/XUTR/DEUTH026124A05FZX,24.57,0.0,0.0,1650.0,516.0,36.533,2.457,0.0,0.0,prepaid,0.491,0.0,0.0,27.0,0.0,31.86,444.659,"",'132806678114356119303,2026-05-04,11096294334,35032517-ef94-426e-978a-1cd82ee7edc3,"",Forward,100041565374,100041565374,11504,491.43,5.0,1040.0,0.0,1040.0,packet_delivered,0.0,0.0,0.0,0.0,0.0,0.0,0.0,0.0,NA,0,610.01
NFT-/XUTR/DEUTH026124A05FZX,0.0,25.91,25.91,1799.0,1088.0,256.768,0.0,2.5905,2.5905,prepaid,1.036,0.0,0.0,45.0,0.0,53.1,771.915,"",'132832227605119638803,2026-05-04,11101552307,3307aa86-b47e-4af5-89dd-c714c8bb2f59,"",Forward,100046823334,1000013494303,11504,1036.2,5.0,540.0,0.0,540.0,packet_delivered,0.0,0.0,0.0,0.0,0.0,0.0,0.0,0.0,NA,0,1259.0200000000002
NFT-/XUTR/DEUTH026124A05FZX,56.1,0.0,0.0,2999.0,1178.0,291.908,5.61,0.0,0.0,prepaid,1.122,167.0,0.0,0.0,0.0,197.06,-1076.42,"",'132769988616547010803,2026-05-04,11087622132,1f9ee455-e501-4bd0-a071-4ee4449dc768,100151965083,Reverse,100032893185,100032893185,11504,1121.9,5.0,1650.0,0.0,1650.0,return_refund,0.0,0.0,0.0,0.0,0.0,0.0,0.0,0.0,NA,0,1348.99
NFT-/XUTR/DEUTH026124A05FZX,40.29,0.0,0.0,2750.0,846.0,219.622,4.029,0.0,0.0,prepaid,0.806,182.0,0.0,0.0,0.0,214.76,-836.303,"",'132798108352307604703,2026-05-04,11094367509,f8c46b83-8716-4fa3-96df-241c7369d02c,100153566258,Reverse,100039638551,1000012134843,11504,805.71,5.0,1733.0,0.0,1733.0,return_refund,0.0,0.0,0.0,0.0,0.0,0.0,0.0,0.0,NA,0,1017.0
NFT-/XUTR/DEUTH026124A05FZX,45.52,0.0,0.0,2399.0,956.0,248.178,4.552,0.0,0.0,prepaid,0.91,0.0,0.0,27.0,0.0,31.86,670.5,"",'132800698826042063903,2026-05-04,11094671399,c67173f8-c249-4793-a337-70c6ebd472c2,"",Forward,100039942441,1000011451134,11504,910.48,5.0,1272.0,0.0,1272.0,packet_delivered,0.0,0.0,0.0,0.0,0.0,0.0,0.0,0.0,NA,0,1127.0
NFT-/XUTR/DEUTH026124A05FZX,0.0,34.0,34.0,3199.0,1428.0,353.858,0.0,3.4,3.4,prepaid,1.36,0.0,0.0,45.0,0.0,53.1,1012.882,"",'132807194680284264503,2026-05-04,11096482927,61d5d32d-a583-4cdf-a7d1-0c53af87e4d4,"",Forward,100041753968,100041753968,11504,1360,5.0,1600.0,0.0,1600.0,packet_delivered,0.0,0.0,0.0,0.0,0.0,0.0,0.0,0.0,NA,0,1599.0
NFT-/XUTR/DEUTH026124A05FZX,40.71,0.0,0.0,1899.0,855.0,221.958,4.071,0.0,0.0,prepaid,0.814,0.0,0.0,27.0,0.0,31.86,596.297,"",'132806923162780336503,2026-05-04,11096399931,dd3995bb-c59e-4043-a0bf-3e70819a07c9,"",Forward,100041670972,100041670972,11504,814.29,5.0,950.0,0.0,950.0,packet_delivered,0.0,0.0,0.0,0.0,0.0,0.0,0.0,0.0,NA,0,949.0
NFT-/XUTR/DEUTH026124A05FZX,114.0,0.0,0.0,2600.0,2394.0,564.984,11.4,0.0,0.0,prepaid,2.28,167.0,0.0,0.0,0.0,197.06,-2012.396,"",'132778207334335565801,2026-05-04,11089439921,62cdfc05-a862-4306-b0c5-46a0f00941df,11089439921,Reverse,100034710973,100034710973,11504,2280,5.0,0.0,0.0,0.0,exchange,0.0,0.0,0.0,0.0,0.0,0.0,0.0,0.0,NA,0,2599.99
NFT-/XUTR/DEUTH026124A05FZX,38.33,0.0,0.0,1799.0,805.0,208.978,3.833,0.0,0.0,prepaid,0.767,182.0,0.0,0.0,0.0,214.76,-806.182,"",'132795158433212183203,2026-05-04,11093497023,026bbdee-11b5-479b-96c8-e2dbb684d387,11093497023,Reverse,100038768067,1000011087163,11504,766.67,5.0,900.0,0.0,900.0,exchange,0.0,0.0,0.0,0.0,0.0,0.0,0.0,0.0,NA,0,899.0
NFT-/XUTR/DEUTH026124A05FZX,70.38,0.0,0.0,3299.0,1478.0,366.248,7.038,0.0,0.0,prepaid,1.408,182.0,0.0,0.0,0.0,214.76,-1318.066,"",'132802787255285806801,2026-05-04,11095093424,cbbc66e0-d352-47cc-9730-8c742f0d662f,100152936642,Reverse,100040364466,1000011595936,11504,1407.62,5.0,1650.0,0.0,1650.0,return_refund,0.0,0.0,0.0,0.0,0.0,0.0,0.0,0.0,NA,0,1649.0
NFT-/XUTR/DEUTH026124A05FZX,0.0,31.62,31.62,2999.0,1328.0,329.078,0.0,3.162,3.162,prepaid,1.265,106.0,0.0,0.0,0.0,125.08,-1116.413,"",'132805068451936764701,2026-05-04,11095748152,9f7efd54-f61f-493e-a9f4-419105cce534,100152229406,Reverse,100041019193,1000012135032,11504,1264.76,5.0,1500.0,0.0,1500.0,return_refund,0.0,0.0,0.0,0.0,0.0,0.0,0.0,0.0,NA,0,1498.9999999999998
NFT-/XUTR/DEUTH026124A05FZX,40.48,0.0,0.0,3499.0,850.0,220.66,4.048,0.0,0.0,prepaid,0.81,0.0,0.0,27.0,0.0,31.86,592.622,"",'132780683000993542301,2026-05-04,11090182980,2621d688-bcb4-4fa5-a128-fe380dd44235,"",Forward,100035454031,100035454031,11504,809.52,5.0,2555.0,0.0,2555.0,packet_delivered,0.0,0.0,0.0,0.0,0.0,0.0,0.0,0.0,NA,0,944.0
NFT-/XUTR/DEUTH026124A05FZX,471.81,0.0,0.0,3299.0,3093.0,729.948,13.106,0.0,0.0,prepaid,2.621,0.0,0.0,61.0,0.0,71.98,2275.345,"",'132775525357292557003,2026-05-04,11088658380,f9691c7d-c374-4abc-b806-c1d1060d4948,"",Forward,100033929433,1000009790798,11504,2621.19,18.0,0.0,0.0,0.0,packet_delivered,0.0,0.0,0.0,0.0,0.0,0.0,0.0,0.0,NA,0,3299.0
NFT-/XUTR/DEUTH026124A05FZX,23.67,0.0,0.0,1599.0,5.0,0.23600000000000002,0.024,0.0,0.0,prepaid,0.005,0.0,0.0,0.272,0.0,0.32096,4.414,"",'132806617431797380101,2026-05-04,11096268104,231ad488-4b37-46fb-8c58-f9256a0c0f67,"",Forward,100041539145,100041539145,11504,473.33,5.0,1008.0,0.0,1008.0,packet_delivered,0.0,0.0,0.0,0.0,0.0,0.0,0.0,0.0,NA,0,591.0
NFT-/XUTR/DEUTH026124A05FZX,23.67,0.0,0.0,1599.0,497.0,23.458,2.367,0.0,0.0,prepaid,0.473,127.0,0.0,0.0,0.0,149.86,-620.562,"",'132803323058452313303,2026-05-04,11095261621,4f663aae-4cde-47d5-88fc-bad2b57ad630,11095261621,Reverse,100040532663,100040532663,11504,473.33,5.0,1008.0,0.0,1008.0,exchange,0.0,0.0,0.0,0.0,0.0,0.0,0.0,0.0,NA,0,591.0
NFT-/XUTR/DEUTH026124A05FZX,63.24,0.0,0.0,2999.0,1328.0,329.078,6.324,0.0,0.0,prepaid,1.265,106.0,0.0,0.0,0.0,125.08,-1116.413,"",'132841528651242724501,2026-05-04,11103605484,923f00b0-efdd-4c4b-9089-f937a40524a6,100155539530,Reverse,100048876493,100048876493,11504,1264.76,5.0,1500.0,0.0,1500.0,return_refund,0.0,0.0,0.0,0.0,0.0,0.0,0.0,0.0,NA,0,1499.0
NFT-/XUTR/DEUTH026124A05FZX,31.19,0.0,0.0,1499.0,655.0,170.038,3.119,0.0,0.0,prepaid,0.624,0.0,0.0,27.0,0.0,31.86,449.359,"",'132787526053483255803,2026-05-04,11091658955,3f3b0acf-0190-4292-9ec2-8d7c41718afe,"",Forward,100036930000,1000010568788,11504,623.81,5.0,750.0,0.0,750.0,packet_delivered,0.0,0.0,0.0,0.0,0.0,0.0,0.0,0.0,NA,0,749.0
NFT-/XUTR/DEUTH026124A05FZX,0.0,12.71,12.71,1699.0,5.73,1.487,0.0,0.0135,0.0135,prepaid,0.005,0.0,0.0,0.29,0.0,0.3422,3.869,"",'132811273752824012601,2026-05-04,11096974629,afa588c0-ad48-400c-821e-6f6145e3c9ce,"",Forward,100042245669,100042245669,11504,508.58,5.0,1071.0,0.0,1071.0,packet_delivered,0.0,0.0,0.0,0.0,0.0,0.0,0.0,0.0,NA,0,628.0
NFT-/XUTR/DEUTH026124A05FZX,19.05,0.0,0.0,1499.0,400.0,18.88,1.905,0.0,0.0,prepaid,0.381,0.0,0.0,0.0,0.0,0.0,378.834,"",'132823886450488175703,2026-05-04,11099884432,134b51d4-aee3-4ff1-9a33-58db91a8f147,"",Forward,100045155465,100045155465,11504,380.95,5.0,1005.0,0.0,1005.0,packet_delivered,0.0,0.0,0.0,0.0,0.0,0.0,0.0,0.0,NA,0,494.0
NFT-/XUTR/DEUTH026124A05FZX,70.1,0.0,0.0,1999.0,1472.0,347.392,7.01,0.0,0.0,prepaid,1.402,0.0,0.0,45.0,0.0,53.1,1063.096,"",'132841342492140512603,2026-05-04,11103546166,3ebf8261-e496-4a4c-af9f-cef0c88f688a,"",Forward,100048817175,100048817175,11504,1401.9,5.0,356.0,0.0,356.0,packet_delivered,0.0,0.0,0.0,0.0,0.0,0.0,0.0,0.0,NA,0,1643.0
NFT-/XUTR/DEUTH026124A05FZX,0.0,30.43,30.43,2899.0,1278.0,316.688,0.0,3.043,3.043,prepaid,1.217,106.0,0.0,0.0,0.0,125.08,-1079.089,"",'132805068451936764701,2026-05-04,11095748151,9f7efd54-f61f-493e-a9f4-419105cce534,100152233084,Reverse,100041019192,1000012135032,11504,1217.14,5.0,1450.0,0.0,1450.0,return_refund,0.0,0.0,0.0,0.0,0.0,0.0,0.0,0.0,NA,0,1449.0000000000002
NFT-/XUTR/DEUTH026124A05FZX,60.86,0.0,0.0,2899.0,1278.0,316.688,6.086,0.0,0.0,prepaid,1.217,0.0,0.0,45.0,0.0,53.1,900.909,"",'132816459272412963201,2026-05-04,11098333946,a6f00c6b-c773-4cdd-9f74-6c780a772cdf,"",Forward,100043604982,100043604982,11504,1217.14,5.0,1450.0,0.0,1450.0,packet_delivered,0.0,0.0,0.0,0.0,0.0,0.0,0.0,0.0,NA,0,1449.0
NFT-/XUTR/DEUTH026124A05FZX,40.38,0.0,0.0,2299.0,315.08,81.795,1.5,0.0,0.0,prepaid,0.3,47.188,0.0,0.0,0.0,55.68184,-287.167,"",'132832883364314237303,2026-05-04,11101762628,7437f0ac-f8dc-4a7d-a3ec-7bae82a68dc9,11101762628,Reverse,100047033654,100047033654,11504,807.62,5.0,1357.0,0.0,1357.0,exchange,0.0,0.0,0.0,0.0,0.0,0.0,0.0,0.0,NA,0,941.98
NFT-/XUTR/DEUTH026124A05FZX,42.62,0.0,0.0,2999.0,895.0,232.342,4.262,0.0,0.0,prepaid,0.852,0.0,0.0,27.0,0.0,31.86,625.684,"",'132788030905708517903,2026-05-04,11091823938,825fa621-f633-4257-9e14-5a66a300cc84,"",Forward,100037094984,100037094984,11504,852.38,5.0,2010.0,0.0,2010.0,packet_delivered,0.0,0.0,0.0,0.0,0.0,0.0,0.0,0.0,NA,0,989.0
NFT-/XUTR/DEUTH026124A05FZX,38.33,0.0,0.0,1799.0,805.0,208.978,3.833,0.0,0.0,prepaid,0.767,0.0,0.0,27.0,0.0,31.86,559.562,"",'132817103041299818401,2026-05-04,11098363180,140b5393-5fad-4e05-8a55-bf0eba6c9726,"",Forward,100043634216,100043634216,11504,766.67,5.0,900.0,0.0,900.0,packet_delivered,0.0,0.0,0.0,0.0,0.0,0.0,0.0,0.0,NA,0,899.0
NFT-/XUTR/DEUTH026124A05FZX,55.14,0.0,0.0,1899.0,1158.0,273.288,5.514,0.0,0.0,prepaid,1.103,0.0,0.0,45.0,0.0,53.1,824.995,"",'132771301168788410703,2026-05-04,11087980663,9fbc4614-861f-4013-965a-623d53a5b534,"",Forward,100033251716,100033251716,11504,1102.86,5.0,570.0,0.0,570.0,packet_delivered,0.0,0.0,0.0,0.0,0.0,0.0,0.0,0.0,NA,0,1329.0
NFT-/XUTR/DEUTH026124A05FZX,38.33,0.0,0.0,1799.0,805.0,208.978,3.833,0.0,0.0,prepaid,0.767,182.0,0.0,0.0,0.0,214.76,-806.182,"",'132819443132115255701,2026-05-04,11098615472,ca881f66-1091-420c-9a29-8e3963c786f8,11098615472,Reverse,100043886507,100043886507,11504,766.67,5.0,900.0,0.0,900.0,exchange,0.0,0.0,0.0,0.0,0.0,0.0,0.0,0.0,NA,0,899.0
NFT-/XUTR/DEUTH026124A05FZX,43.24,0.0,0.0,2399.0,908.0,235.717,4.324,0.0,0.0,prepaid,0.865,0.0,0.0,27.0,0.0,31.86,635.234,"",'132801666601006202503,2026-05-04,11094786472,7d15c991-98c9-44a3-8198-4d49a4fcfe2c,"",Forward,100040057514,1000011600102,11504,864.76,5.0,1320.0,0.0,1320.0,packet_delivered,0.0,0.0,0.0,0.0,0.0,0.0,0.0,0.0,NA,0,1079.0
NFT-/XUTR/DEUTH026124A05FZX,42.43,0.0,0.0,2899.0,891.0,231.304,4.243,0.0,0.0,prepaid,0.849,0.0,0.0,27.0,0.0,31.86,622.744,"",'132807082410428954203,2026-05-04,11096451651,361aa185-6386-4aa2-9256-66b32f89130d,"",Forward,100041722692,100041722692,11504,848.57,5.0,1914.0,0.0,1914.0,packet_delivered,0.0,0.0,0.0,0.0,0.0,0.0,0.0,0.0,NA,0,985.0
NFT-/XUTR/DEUTH026124A05FZX,49.95,0.0,0.0,3299.0,1049.0,259.942,4.995,0.0,0.0,prepaid,0.999,167.0,0.0,0.0,0.0,197.06,-980.124,"",'132786748606095249601,2026-05-04,11091409935,9fd55c0a-b10c-4158-a5af-f6423319353d,100152593842,Reverse,100036680980,100036680980,11504,999.05,5.0,2079.0,0.0,2079.0,return_refund,0.0,0.0,0.0,0.0,0.0,0.0,0.0,0.0,NA,0,1220.0
NFT-/XUTR/DEUTH026124A05FZX,31.29,0.0,0.0,1599.0,657.0,170.557,3.129,0.0,0.0,prepaid,0.626,0.0,0.0,27.0,0.0,31.86,450.828,"",'132801344679820819503,2026-05-04,11094731690,0a2cb6cc-64d0-4e78-b984-c74095202539,"",Forward,100040002732,1000011569429,11504,625.71,5.0,848.0,0.0,848.0,packet_delivered,0.0,0.0,0.0,0.0,0.0,0.0,0.0,0.0,NA,0,751.0
NFT-/XUTR/DEUTH026124A05FZX,81.33,0.0,0.0,3999.0,1708.0,423.242,8.133,0.0,0.0,prepaid,1.627,167.0,0.0,0.0,0.0,197.06,-1472.058,"",'132779410495384710203,2026-05-04,11089783613,aa7d359f-a670-4bd6-b9ae-2c4b16ed6832,100152096607,Reverse,100035054664,1000010362345,11504,1626.67,5.0,2120.0,0.0,2120.0,return_refund,0.0,0.0,0.0,0.0,0.0,0.0,0.0,0.0,NA,0,1879.0
NFT-/XUTR/DEUTH026124A05FZX,51.81,0.0,0.0,1799.0,1088.0,256.768,5.181,0.0,0.0,prepaid,1.036,167.0,0.0,0.0,0.0,197.06,-1022.075,"",'132789495206532530503,2026-05-04,11092365886,e5afe6fb-26b9-4a2c-9aa4-34f58139fa7f,11092365886,Reverse,100037636931,1000010700179,11504,1036.19,5.0,540.0,0.0,540.0,exchange,0.0,0.0,0.0,0.0,0.0,0.0,0.0,0.0,NA,0,1259.0
NFT-/XUTR/DEUTH026124A05FZX,63.24,0.0,0.0,2999.0,1328.0,329.078,6.324,0.0,0.0,prepaid,1.265,127.0,0.0,0.0,0.0,149.86,-1141.193,"",'132812549808191924501,2026-05-04,11097309867,e3cf3019-12b4-44d7-a9c7-e00cdaf9398e,100153795120,Reverse,100042580907,100042580907,11504,1264.76,5.0,1500.0,0.0,1500.0,return_refund,0.0,0.0,0.0,0.0,0.0,0.0,0.0,0.0,NA,0,1499.0
NFT-/XUTR/DEUTH026124A05FZX,32.91,0.0,0.0,1699.0,691.0,179.384,3.29,0.0,0.0,prepaid,0.658,106.0,0.0,0.0,0.0,125.08,-632.748,"",'132840382190000614603,2026-05-04,11103261443,9420e6b3-b4c5-4a64-ba2d-d576cea203e3,11103261443,Reverse,100048532452,100048532452,11504,658.1,5.0,914.0,0.0,914.0,exchange,0.0,0.0,0.0,0.0,0.0,0.0,0.0,0.0,NA,0,785.01
NFT-/XUTR/DEUTH026124A05FZX,25.43,0.0,0.0,1699.0,534.0,37.807,2.543,0.0,0.0,prepaid,0.509,167.0,0.0,0.0,0.0,197.06,-690.201,"",'132786128897961360903,2026-05-04,11091204260,b7406388-594a-4b9f-8fd9-d6d08c01f718,11091204260,Reverse,100036475305,1000010979724,11504,508.57,5.0,1071.0,0.0,1071.0,exchange,0.0,0.0,0.0,0.0,0.0,0.0,0.0,0.0,NA,0,628.0
NFT-/XUTR/DEUTH026124A05FZX,48.48,0.0,0.0,1699.0,921.0000000000001,217.356,4.386,0.0,0.0,prepaid,0.877,164.658,0.0,0.0,0.0,194.29644,-892.677,"",'132821546824190093503,2026-05-04,11099166543,f1249731-26fe-4d4a-ac0d-fe3a37a1fae6,100155263631,Reverse,100044437576,100044437576,11504,969.52,5.0,510.0,97.0,607.0,return_refund,0.0,0.0,0.0,0.0,0.0,0.0,0.0,0.0,NA,0,1189.0
NFT-/XUTR/DEUTH026124A05FZX,0.0,18.88,18.88,2399.0,793.0,37.43,0.0,1.888,1.888,prepaid,0.755,106.0,0.0,0.0,0.0,125.08,-876.119,"",'132827088007221174001,2026-05-04,11100267900,6f83c742-ce71-4554-a463-4c7d4a9ced83,100153383228,Reverse,100045538933,100045538933,11504,755.24,5.0,1512.0,0.0,1512.0,return_refund,0.0,0.0,0.0,0.0,0.0,0.0,0.0,0.0,NA,0,887.0
NFT-/XUTR/DEUTH026124A05FZX,82.24,0.0,0.0,1899.0,767.85,181.213,3.656,0.0,0.0,prepaid,0.731,0.0,0.0,20.008,0.0,23.60944,558.641,"",'132797988440028531701,2026-05-04,11094323915,d933fc7f-6acd-4f21-828c-d98cb6820a5c,"",Forward,100039594957,1000011296218,11504,1644.76,5.0,1.0,0.0,1.0,packet_delivered,0.0,0.0,0.0,0.0,0.0,0.0,0.0,0.0,NA,0,1898.0
NFT-/XUTR/DEUTH026124A05FZX,0.0,21.52,21.52,1999.0,904.0,234.678,0.0,2.1525,2.1525,prepaid,0.861,0.0,0.0,27.0,0.0,31.86,632.296,"",'132844531952492528801,2026-05-04,11103892913,1f907468-99b3-4fbc-867f-f50282bb1303,"",Forward,100049163922,100049163922,11504,860.96,5.0,1001.0,0.0,1001.0,packet_delivered,0.0,0.0,0.0,0.0,0.0,0.0,0.0,0.0,NA,0,998.0
NFT-/XUTR/DEUTH026124A05FZX,38.33,0.0,0.0,1799.0,805.0,208.978,3.833,0.0,0.0,prepaid,0.767,167.0,0.0,0.0,0.0,197.06,-788.482,"",'132788977978974465303,2026-05-04,11092147440,1f572941-f936-4df3-bb68-b158200725f1,100152558441,Reverse,100037418485,100037418485,11504,766.67,5.0,900.0,0.0,900.0,return_refund,0.0,0.0,0.0,0.0,0.0,0.0,0.0,0.0,NA,0,899.0
NFT-/XUTR/DEUTH026124A05FZX,38.33,0.0,0.0,1799.0,805.0,208.978,3.833,0.0,0.0,prepaid,0.767,182.0,0.0,0.0,0.0,214.76,-806.182,"",'132798736156800981703,2026-05-04,11094561445,0218f464-0c77-40e2-ae60-700a2c627ac0,100153113942,Reverse,100039832487,1000011597529,11504,766.67,5.0,900.0,0.0,900.0,return_refund,0.0,0.0,0.0,0.0,0.0,0.0,0.0,0.0,NA,0,899.0
NFT-/XUTR/DEUTH026124A05FZX,44.67,0.0,0.0,2999.0,938.0,243.505,4.467,0.0,0.0,prepaid,0.893,0.0,0.0,27.0,0.0,31.86,657.275,"",'132801574825656945003,2026-05-04,11094769614,1372dae5-404f-4350-a81d-941477106443,"",Forward,100040040656,100040040656,11504,893.33,5.0,1890.0,0.0,1890.0,packet_delivered,0.0,0.0,0.0,0.0,0.0,0.0,0.0,0.0,NA,0,1109.0
NFT-/XUTR/DEUTH026124A05FZX,0.0,29.83,29.83,2999.0,1253.0,310.493,0.0,2.9835,2.9835,prepaid,1.193,0.0,0.0,45.0,0.0,53.1,882.247,"",'132830104419989908301,2026-05-04,11100997902,601de102-96c8-4091-9452-9b28047407e3,"",Forward,100046268934,1000013760100,11504,1193.34,5.0,1575.0,0.0,1575.0,packet_delivered,0.0,0.0,0.0,0.0,0.0,0.0,0.0,0.0,NA,0,1423.9999999999998
NFT-/XUTR/DEUTH026124A05FZX,60.86,0.0,0.0,2899.0,1278.0,316.688,6.086,0.0,0.0,prepaid,1.217,182.0,0.0,0.0,0.0,214.76,-1168.769,"",'132814987841751085101,2026-05-04,11097946443,4640d3d6-f10a-4670-a442-84ade180e7b0,100153606436,Reverse,100043217479,1000012695536,11504,1217.14,5.0,1450.0,0.0,1450.0,return_refund,0.0,0.0,0.0,0.0,0.0,0.0,0.0,0.0,NA,0,1449.0
NFT-/XUTR/DEUTH026124A05FZX,19.05,0.0,0.0,1699.0,400.00000000000006,18.88,1.905,0.0,0.0,prepaid,0.381,106.0,0.0,0.0,0.0,125.08,-503.914,"",'132840042531396503401,2026-05-04,11103173170,e44a14db-99fb-489e-b5a9-4d902935ae61,11103173170,Reverse,100048444179,100048444179,11504,380.95,5.0,1205.0,0.0,1205.0,exchange,0.0,0.0,0.0,0.0,0.0,0.0,0.0,0.0,NA,0,494.0
NFT-/XUTR/DEUTH026124A05FZX,0.0,24.83,24.83,1799.0,1043.0,246.148,0.0,2.4835,2.4835,prepaid,0.993,106.0,0.0,0.0,0.0,125.08,-915.972,"",'132841267855839945401,2026-05-04,11103522325,0483e67e-0295-439d-8e98-3d873eefa77f,100153581113,Reverse,100048793334,1000014037112,11504,993.34,5.0,585.0,0.0,585.0,return_refund,0.0,0.0,0.0,0.0,0.0,0.0,0.0,0.0,NA,0,1214.0
NFT-/XUTR/DEUTH026124A05FZX,51.71,0.0,0.0,3399.0,1037.29,257.04,4.939,0.0,0.0,prepaid,0.988,0.0,0.0,42.982,0.0,50.71876,723.604,"",'132793156733546787403,2026-05-04,11092930905,bfb951f3-56f2-443c-a466-3d892028ede8,"",Forward,100038201949,100038201949,11504,1034.29,5.0,2142.0,0.0,2142.0,packet_delivered,0.0,0.0,0.0,0.0,0.0,0.0,0.0,0.0,NA,0,1257.0
NFT-/XUTR/DEUTH026124A05FZX,40.71,0.0,0.0,1899.0,855.0,221.958,4.071,0.0,0.0,prepaid,0.814,0.0,0.0,27.0,0.0,31.86,596.297,"",'132816189731910527703,2026-05-04,11098307092,d7695603-4822-47cb-977a-552b0312b5c6,"",Forward,100043578128,100043578128,11504,814.29,5.0,950.0,0.0,950.0,packet_delivered,0.0,0.0,0.0,0.0,0.0,0.0,0.0,0.0,NA,0,949.0
NFT-/XUTR/DEUTH026124A05FZX,38.33,0.0,0.0,1799.0,805.0,208.978,3.833,0.0,0.0,prepaid,0.767,167.0,0.0,0.0,0.0,197.06,-788.482,"",'132780956278528910403,2026-05-04,11090278658,656ebc36-e872-4692-b474-820b0e9ee6a6,100151973961,Reverse,100035549709,1000010362627,11504,766.67,5.0,900.0,0.0,900.0,return_refund,0.0,0.0,0.0,0.0,0.0,0.0,0.0,0.0,NA,0,899.0
NFT-/XUTR/DEUTH026124A05FZX,0.0,49.55,49.55,4499.0,2081.0,491.116,0.0,4.955,4.955,prepaid,1.982,106.0,0.0,0.0,0.0,125.08,-1703.072,"",'132836250117754955003,2026-05-04,11102121842,0826fa55-2670-4b34-856e-d98573b3c3df,100153230687,Reverse,100047392869,100047392869,11504,1981.9,5.0,2212.0,0.0,2212.0,return_refund,0.0,0.0,0.0,0.0,0.0,0.0,0.0,0.0,NA,0,2287.0
NFT-/XUTR/DEUTH026124A05FZX,29.76,0.0,0.0,1599.0,625.0,44.25,2.976,0.0,0.0,prepaid,0.595,0.0,0.0,27.0,0.0,31.86,545.319,"",'132806454786357333803,2026-05-04,11096202021,11795ce4-b7fa-4641-8b35-5b05cd56d126,"",Forward,100041473062,1000012154661,11504,595.24,5.0,880.0,0.0,880.0,packet_delivered,0.0,0.0,0.0,0.0,0.0,0.0,0.0,0.0,NA,0,719.0
NFT-/XUTR/DEUTH026124A05FZX,41.14,0.0,0.0,2799.0,864.0,224.294,4.114,0.0,0.0,prepaid,0.823,0.0,0.0,27.0,0.0,31.86,602.909,"",'132809701354317147803,2026-05-04,11096662134,6161a4b0-6ad7-4330-aba7-1667f7a6d52b,"",Forward,100041933175,100041933175,11504,822.86,5.0,1764.0,0.0,1764.0,packet_delivered,0.0,0.0,0.0,0.0,0.0,0.0,0.0,0.0,NA,0,1035.0
NFT-/XUTR/DEUTH026124A05FZX,70.38,0.0,0.0,3299.0,1478.0,366.248,7.038,0.0,0.0,prepaid,1.408,0.0,0.0,45.0,0.0,53.1,1050.206,"",'132803038288324353101,2026-05-04,11095173375,cf14ab3d-9a06-4203-9c7d-da0b7404aad2,"",Forward,100040444417,100040444417,11504,1407.62,5.0,1650.0,0.0,1650.0,packet_delivered,0.0,0.0,0.0,0.0,0.0,0.0,0.0,0.0,NA,0,1649.0
NFT-/XUTR/DEUTH026124A05FZX,21.91,0.0,0.0,1499.0,460.0,21.712,2.19,0.0,0.0,prepaid,0.438,0.0,0.0,27.0,0.0,31.86,403.8,"",'132810418148546435901,2026-05-04,11096772760,3d5d7ef5-aa46-468e-83d7-c7483c570a42,"",Forward,100042043801,100042043801,11504,438.1,5.0,945.0,0.0,945.0,packet_delivered,0.0,0.0,0.0,0.0,0.0,0.0,0.0,0.0,NA,0,554.01
NFT-/XUTR/DEUTH026124A05FZX,35.76,0.0,0.0,1799.0,751.0,194.96,3.576,0.0,0.0,prepaid,0.715,167.0,0.0,0.0,0.0,197.06,-748.809,"",'132787269178535250503,2026-05-04,11091577174,9a50c92f-b6eb-4947-800e-c225fa65b9bd,100152280016,Reverse,100036848219,100036848219,11504,715.24,5.0,954.0,0.0,954.0,return_refund,0.0,0.0,0.0,0.0,0.0,0.0,0.0,0.0,NA,0,845.0
NFT-/XUTR/DEUTH026124A05FZX,87.05,0.0,0.0,3999.0,1828.0,474.549,8.705,0.0,0.0,prepaid,1.741,182.0,0.0,0.0,0.0,214.76,-1557.765,"",'132804919259305015903,2026-05-04,11095706486,9cdceca8-de2d-43b2-9af9-01f5d85e906e,100152973483,Reverse,100040977527,100040977527,11504,1740.95,5.0,2000.0,0.0,2000.0,return_refund,0.0,0.0,0.0,0.0,0.0,0.0,0.0,0.0,NA,0,1999.0
NFT-/XUTR/DEUTH026124A05FZX,31.29,0.0,0.0,1599.0,657.0,170.557,3.129,0.0,0.0,prepaid,0.626,182.0,0.0,0.0,0.0,214.76,-697.448,"",'132805920969931616401,2026-05-04,11096014989,af8846d3-1014-4139-a12d-18dc82a8e614,100154190504,Reverse,100041286029,1000011817632,11504,625.71,5.0,848.0,0.0,848.0,return_refund,0.0,0.0,0.0,0.0,0.0,0.0,0.0,0.0,NA,0,751.0
NFT-/XUTR/DEUTH026124A05FZX,48.81,0.0,0.0,1899.0,1025.0,241.9,4.881,0.0,0.0,prepaid,0.976,0.0,0.0,45.0,0.0,53.1,724.143,"",'132801666601006202503,2026-05-04,11094786470,7d15c991-98c9-44a3-8198-4d49a4fcfe2c,"",Forward,100040057512,1000011600102,11504,976.19,5.0,703.0,0.0,703.0,packet_delivered,0.0,0.0,0.0,0.0,0.0,0.0,0.0,0.0,NA,0,1196.0
NFT-/XUTR/DEUTH026124A05FZX,23.67,0.0,0.0,1599.0,497.0,23.458,2.367,0.0,0.0,prepaid,0.473,0.0,0.0,27.0,0.0,31.86,438.842,"",'132807036556721054001,2026-05-04,11096438160,6df003e5-6f1a-4941-af6e-71f53189f080,"",Forward,100041709201,100041709201,11504,473.33,5.0,1008.0,0.0,1008.0,packet_delivered,0.0,0.0,0.0,0.0,0.0,0.0,0.0,0.0,NA,0,591.0
NFT-/XUTR/DEUTH026124A05FZX,19.05,0.0,0.0,1499.0,399.99999999999994,18.88,1.905,0.0,0.0,prepaid,0.381,167.0,0.0,0.0,0.0,197.06,-575.894,"",'132780748976198419601,2026-05-04,11090206809,f3153a23-e575-4ab2-b86a-c0e8932abbf1,11090206809,Reverse,100035477860,100035477860,11504,380.95,5.0,1005.0,0.0,1005.0,exchange,0.0,0.0,0.0,0.0,0.0,0.0,0.0,0.0,NA,0,494.0
NFT-/XUTR/DEUTH026124A05FZX,19.1,0.0,0.0,1599.0,401.0,18.927,1.91,0.0,0.0,prepaid,0.382,0.0,0.0,15.0,0.0,17.7,362.081,"",'132780684269456865901,2026-05-04,11090183454,94f47b00-b823-4c9a-a7e6-134e537d1264,"",Forward,100035454505,1000010075851,11504,381.9,5.0,1104.0,0.0,1104.0,packet_delivered,0.0,0.0,0.0,0.0,0.0,0.0,0.0,0.0,NA,0,495.0
NFT-/XUTR/DEUTH026124A05FZX,41.29,0.0,0.0,2599.0,867.0,225.073,4.129,0.0,0.0,prepaid,0.826,0.0,0.0,27.0,0.0,31.86,605.112,"",'132781072493920733501,2026-05-04,11090318173,bb376a49-0578-458c-9e5b-794b038f5728,"",Forward,100035589224,1000010364438,11504,825.71,5.0,1638.0,0.0,1638.0,packet_delivered,0.0,0.0,0.0,0.0,0.0,0.0,0.0,0.0,NA,0,961.0
NFT-/XUTR/DEUTH026124A05FZX,70.38,0.0,0.0,3299.0,1478.0,366.248,7.038,0.0,0.0,prepaid,1.408,0.0,0.0,45.0,0.0,53.1,1050.206,"",'132786233545522386601,2026-05-04,11091239040,847451b5-09a6-4232-9ebc-46f1eebcba5d,"",Forward,100036510085,100036510085,11504,1407.62,5.0,1650.0,0.0,1650.0,packet_delivered,0.0,0.0,0.0,0.0,0.0,0.0,0.0,0.0,NA,0,1648.99
NFT-/XUTR/DEUTH026124A05FZX,23.67,0.0,0.0,1599.0,497.0,23.458,2.367,0.0,0.0,prepaid,0.473,0.0,0.0,27.0,0.0,31.86,438.842,"",'132803323058452313303,2026-05-04,11095261621,4f663aae-4cde-47d5-88fc-bad2b57ad630,"",Forward,100040532663,100040532663,11504,473.33,5.0,1008.0,0.0,1008.0,packet_delivered,0.0,0.0,0.0,0.0,0.0,0.0,0.0,0.0,NA,0,591.0
NFT-/XUTR/DEUTH026124A05FZX,19.1,0.0,0.0,1599.0,401.0,18.927,1.91,0.0,0.0,prepaid,0.382,182.0,0.0,0.0,0.0,214.76,-594.541,"",'132800698826042063903,2026-05-04,11094671397,c67173f8-c249-4793-a337-70c6ebd472c2,100152886049,Reverse,100039942439,1000011451134,11504,381.9,5.0,1104.0,0.0,1104.0,return_refund,0.0,0.0,0.0,0.0,0.0,0.0,0.0,0.0,NA,0,495.0
NFT-/XUTR/DEUTH026124A05FZX,0.0,12.29,12.29,1650.0,516.0,133.954,0.0,1.2285,1.2285,prepaid,0.491,106.0,0.0,0.0,0.0,125.08,-504.178,"",'132816064985855803401,2026-05-04,11098289313,06573b8a-0209-4e99-8b9d-96e332f7d0ca,100153153700,Reverse,100043560349,100043560349,11504,491.42,5.0,1040.0,0.0,1040.0,return_refund,0.0,0.0,0.0,0.0,0.0,0.0,0.0,0.0,NA,0,610.0
NFT-/XUTR/DEUTH026124A05FZX,56.1,0.0,0.0,2999.0,1178.0,291.908,5.61,0.0,0.0,prepaid,1.122,0.0,0.0,45.0,0.0,53.1,826.26,"",'132779410495384710203,2026-05-04,11089783612,aa7d359f-a670-4bd6-b9ae-2c4b16ed6832,"",Forward,100035054663,1000010362345,11504,1121.9,5.0,1650.0,0.0,1650.0,packet_delivered,0.0,0.0,0.0,0.0,0.0,0.0,0.0,0.0,NA,0,1349.0
NFT-/XUTR/DEUTH026124A05FZX,471.81,0.0,0.0,3299.0,3093.0,729.948,13.106,0.0,0.0,prepaid,2.621,0.0,0.0,61.0,0.0,71.98,2275.345,"",'132810608403400839603,2026-05-04,11096812401,66bcf09b-f0e3-466a-a478-bc54e03e7f57,"",Forward,100042083442,1000012164224,11504,2621.19,18.0,0.0,0.0,0.0,packet_delivered,0.0,0.0,0.0,0.0,0.0,0.0,0.0,0.0,NA,0,3299.0
NFT-/XUTR/DEUTH026124A05FZX,24.57,0.0,0.0,1650.0,516.0,133.954,2.457,0.0,0.0,prepaid,0.491,182.0,0.0,0.0,0.0,214.76,-593.858,"",'132798289103322436003,2026-05-04,11094435907,6323262c-667c-4f0b-8ece-b1696742ee28,100153020915,Reverse,100039706949,1000011314297,11504,491.43,5.0,1040.0,0.0,1040.0,return_refund,0.0,0.0,0.0,0.0,0.0,0.0,0.0,0.0,NA,0,610.0
NFT-/XUTR/DEUTH026124A05FZX,58.95,0.0,0.0,2999.0,6.5200000000000005,1.616,0.031,0.0,0.0,prepaid,0.006,0.959,0.0,0.0,0.0,1.13162,-5.999,"",'132819924065226041301,2026-05-04,11098745420,777b57ba-74eb-4b6f-a37e-acc52ce35ec3,100153324251,Reverse,100044016455,100044016455,11504,1179.05,5.0,1590.0,0.0,1590.0,return_refund,0.0,0.0,0.0,0.0,0.0,0.0,0.0,0.0,NA,0,1408.99
NFT-/XUTR/DEUTH026124A05FZX,28.67,0.0,0.0,1699.0,602.0,156.279,2.867,0.0,0.0,prepaid,0.573,0.0,0.0,27.0,0.0,31.86,410.421,"",'132777927064661385803,2026-05-04,11089356060,58ac38c2-0be1-4592-9e4a-059bb3ef71a7,"",Forward,100034627112,1000009864438,11504,573.33,5.0,1003.0,0.0,1003.0,packet_delivered,0.0,0.0,0.0,0.0,0.0,0.0,0.0,0.0,NA,0,696.0
NFT-/XUTR/DEUTH026124A05FZX,90.14,0.0,0.0,2999.0,1893.0,469.085,9.014,0.0,0.0,prepaid,1.803,0.0,0.0,45.0,0.0,53.1,1359.998,"",'132829446543719189503,2026-05-04,11100827274,4720b33a-103e-48b3-86fe-a48de76d3ba8,"",Forward,100046098307,1000013771346,11504,1802.86,5.0,900.0,0.0,900.0,packet_delivered,0.0,0.0,0.0,0.0,0.0,0.0,0.0,0.0,NA,0,2099.0
NFT-/XUTR/DEUTH026124A05FZX,38.33,0.0,0.0,1799.0,805.0,208.978,3.833,0.0,0.0,prepaid,0.767,0.0,0.0,27.0,0.0,31.86,559.562,"",'132831405984549434303,2026-05-04,11101323797,f0375a28-a87c-42b1-ba4f-630f25693b2f,"",Forward,100046594824,100046594824,11504,766.67,5.0,900.0,0.0,900.0,packet_delivered,0.0,0.0,0.0,0.0,0.0,0.0,0.0,0.0,NA,0,899.0
NFT-/XUTR/DEUTH026124A05FZX,0.0,17.64,17.64,3299.0,499.887,23.595,0.0,1.19,1.19,prepaid,0.476,0.0,0.0,18.214,0.0,21.49252,451.943,"",'132837281932136890603,2026-05-04,11102398196,b1acb06e-dced-4541-bb2f-78ea7241110c,"",Forward,100047669223,1000013758429,11504,705.72,5.0,2464.0,0.0,2464.0,packet_delivered,0.0,0.0,0.0,0.0,0.0,0.0,0.0,0.0,NA,0,835.01
NFT-/XUTR/DEUTH026124A05FZX,23.67,0.0,0.0,1599.0,497.0,23.458,2.367,0.0,0.0,prepaid,0.473,182.0,0.0,0.0,0.0,214.76,-685.462,"",'132795008965137624403,2026-05-04,11093454175,e36245d5-2c2c-4fba-a2cc-06362a4226db,100153287699,Reverse,100038725219,100038725219,11504,473.33,5.0,1008.0,0.0,1008.0,return_refund,0.0,0.0,0.0,0.0,0.0,0.0,0.0,0.0,NA,0,591.0
NFT-/XUTR/DEUTH026124A05FZX,18.48,0.0,0.0,1599.0,388.0,18.314,1.848,0.0,0.0,prepaid,0.37,0.0,0.0,0.0,0.0,0.0,367.468,"",'132788266117552098603,2026-05-04,11091902026,ef5cef7a-bf67-4772-afb3-38052f626373,"",Forward,100037173071,100037173071,11504,369.52,5.0,1152.0,0.0,1152.0,packet_delivered,0.0,0.0,0.0,0.0,0.0,0.0,0.0,0.0,NA,0,447.0
NFT-/XUTR/DEUTH026124A05FZX,24.57,0.0,0.0,1650.0,516.0,133.954,2.457,0.0,0.0,prepaid,0.491,0.0,0.0,27.0,0.0,31.86,347.238,"",'132793219387947958003,2026-05-04,11092946791,c3d42088-2e15-492b-882e-5f96fdc1da3b,"",Forward,100038217835,100038217835,11504,491.43,5.0,1040.0,0.0,1040.0,packet_delivered,0.0,0.0,0.0,0.0,0.0,0.0,0.0,0.0,NA,0,610.0
NFT-/XUTR/DEUTH026124A05FZX,63.24,0.0,0.0,2999.0,1328.0,329.078,6.324,0.0,0.0,prepaid,1.265,0.0,0.0,45.0,0.0,53.1,938.233,"",'132776684702226558803,2026-05-04,11088959128,150d2544-fc41-4dcd-905b-7c2fcce9dde3,"",Forward,100034230180,100034230180,11504,1264.76,5.0,1500.0,0.0,1500.0,packet_delivered,0.0,0.0,0.0,0.0,0.0,0.0,0.0,0.0,NA,0,1499.0
NFT-/XUTR/DEUTH026124A05FZX,90.14,0.0,0.0,2999.0,1893.0,469.085,9.014,0.0,0.0,prepaid,1.803,0.0,0.0,45.0,0.0,53.1,1359.998,"",'132820070048122728001,2026-05-04,11098785571,a1618ebd-3ebd-4ac6-b99b-2de87c5b6f66,"",Forward,100044056606,100044056606,11504,1802.86,5.0,900.0,0.0,900.0,packet_delivered,0.0,0.0,0.0,0.0,0.0,0.0,0.0,0.0,NA,0,2099.0
NFT-/XUTR/DEUTH026124A05FZX,18.48,0.0,0.0,1599.0,388.0,18.314,1.848,0.0,0.0,prepaid,0.37,112.0,0.0,0.0,0.0,132.16,-499.628,"",'132788266117552098603,2026-05-04,11091902026,ef5cef7a-bf67-4772-afb3-38052f626373,100154019286,Reverse,100037173071,100037173071,11504,369.52,5.0,1152.0,0.0,1152.0,return_refund,0.0,0.0,0.0,0.0,0.0,0.0,0.0,0.0,NA,0,447.0
NFT-/XUTR/DEUTH026124A05FZX,19.1,0.0,0.0,1599.0,401.00000000000006,18.927,1.91,0.0,0.0,prepaid,0.382,106.0,0.0,0.0,0.0,125.08,-504.861,"",'132827496845428504903,2026-05-04,11100329268,ab037e9c-3481-4244-80b0-76984ed98da8,100153161021,Reverse,100045600301,100045600301,11504,381.9,5.0,1104.0,0.0,1104.0,return_refund,0.0,0.0,0.0,0.0,0.0,0.0,0.0,0.0,NA,0,495.01
NFT-/XUTR/DEUTH026124A05FZX,0.0,35.19,35.19,3299.0,1478.0,366.248,0.0,3.519,3.519,prepaid,1.408,106.0,0.0,0.0,0.0,125.08,-1228.386,"",'132836824975843664503,2026-05-04,11102255808,1fff79dd-e80e-47e8-9447-342c1ccd6ffe,11102255808,Reverse,100047526835,1000013779167,11504,1407.62,5.0,1650.0,0.0,1650.0,exchange,0.0,0.0,0.0,0.0,0.0,0.0,0.0,0.0,NA,0,1649.0
NFT-/XUTR/DEUTH026124A05FZX,18.48,0.0,0.0,1599.0,388.0,18.314,1.848,0.0,0.0,prepaid,0.37,0.0,0.0,0.0,0.0,0.0,367.468,"",'132788977431398665801,2026-05-04,11092147218,0a33f50e-5e3c-4e58-8cb7-a7e8ca75a5e7,"",Forward,100037418263,1000010655773,11504,369.52,5.0,1152.0,0.0,1152.0,packet_delivered,0.0,0.0,0.0,0.0,0.0,0.0,0.0,0.0,NA,0,447.0
NFT-/XUTR/DEUTH026124A05FZX,90.14,0.0,0.0,2999.0,1893.0,469.085,9.014,0.0,0.0,prepaid,1.803,0.0,0.0,45.0,0.0,53.1,1359.998,"",'132798108352307604703,2026-05-04,11094367507,f8c46b83-8716-4fa3-96df-241c7369d02c,"",Forward,100039638549,1000012134843,11504,1802.86,5.0,900.0,0.0,900.0,packet_delivered,0.0,0.0,0.0,0.0,0.0,0.0,0.0,0.0,NA,0,2099.0
NFT-/XUTR/DEUTH026124A05FZX,24.57,0.0,0.0,1650.0,516.0,133.954,2.457,0.0,0.0,prepaid,0.491,182.0,0.0,0.0,0.0,214.76,-593.858,"",'132793219387947958003,2026-05-04,11092946791,c3d42088-2e15-492b-882e-5f96fdc1da3b,100153197243,Reverse,100038217835,100038217835,11504,491.43,5.0,1040.0,0.0,1040.0,return_refund,0.0,0.0,0.0,0.0,0.0,0.0,0.0,0.0,NA,0,610.0
NFT-/XUTR/DEUTH026124A05FZX,54.48,0.0,0.0,2799.0,1144.0,283.483,5.448,0.0,0.0,prepaid,1.09,0.0,0.0,45.0,0.0,53.1,800.879,"",'132774975684717820703,2026-05-04,11088586375,39631304-5264-44bc-af68-06283438b99c,"",Forward,100033857428,100033857428,11504,1089.52,5.0,1484.0,0.0,1484.0,packet_delivered,0.0,0.0,0.0,0.0,0.0,0.0,0.0,0.0,NA,0,1315.0
NFT-/XUTR/DEUTH026124A05FZX,48.48,0.0,0.0,1699.0,1018.0,240.248,4.848,0.0,0.0,prepaid,0.97,0.0,0.0,45.0,0.0,53.1,718.834,"",'132789011275377379503,2026-05-04,11092159955,751bf74c-341d-44c2-a47a-abb697d71d6b,"",Forward,100037431000,100037431000,11504,969.52,5.0,510.0,0.0,510.0,packet_delivered,0.0,0.0,0.0,0.0,0.0,0.0,0.0,0.0,NA,0,1189.0
NFT-/XUTR/DEUTH026124A05FZX,63.29,0.0,0.0,2999.0,1329.0,329.326,6.329,0.0,0.0,prepaid,1.266,106.0,0.0,0.0,0.0,125.08,-1117.159,"",'132841564994007435203,2026-05-04,11103616201,19590359-ebb6-47fe-9659-e6648512a07a,11103616201,Reverse,100048887210,1000014246015,11504,1265.71,5.0,1499.0,0.0,1499.0,exchange,0.0,0.0,0.0,0.0,0.0,0.0,0.0,0.0,NA,0,1500.0
NFT-/XUTR/DEUTH026124A05FZX,28.1,0.0,0.0,1850.0,590.0,153.164,2.81,0.0,0.0,prepaid,0.562,0.0,0.0,27.0,0.0,31.86,401.604,"",'132816380613170942503,2026-05-04,11098327437,316eb2c8-8c16-4f6b-8f93-ec75a94aeb88,"",Forward,100043598473,1000012512612,11504,561.9,5.0,1166.0,0.0,1166.0,packet_delivered,0.0,0.0,0.0,0.0,0.0,0.0,0.0,0.0,NA,0,684.0
NFT-/XUTR/DEUTH026124A05FZX,48.48,0.0,0.0,1699.0,1018.0,240.248,4.848,0.0,0.0,prepaid,0.97,182.0,0.0,0.0,0.0,214.76,-986.694,"",'132810436774323238401,2026-05-04,11096776459,633f9198-a3cc-4ae8-a1bc-e03558f0aaac,11096776459,Reverse,100042047500,100042047500,11504,969.52,5.0,510.0,0.0,510.0,exchange,0.0,0.0,0.0,0.0,0.0,0.0,0.0,0.0,NA,0,1189.0
NFT-/XUTR/DEUTH026124A05FZX,103.48,0.0,0.0,3399.0,2173.0,512.828,10.348,0.0,0.0,prepaid,2.07,0.0,0.0,61.0,0.0,71.98,1575.774,"",'132777630465352597203,2026-05-04,11089264772,dd7ba242-37a6-42a3-a0d6-4d50f511b45a,"",Forward,100034535824,100034535824,11504,2069.52,5.0,1020.0,0.0,1020.0,packet_delivered,0.0,0.0,0.0,0.0,0.0,0.0,0.0,0.0,NA,0,2379.0
NFT-/XUTR/DEUTH026124A05FZX,63.24,0.0,0.0,2999.0,1328.0,329.078,6.324,0.0,0.0,prepaid,1.265,0.0,0.0,45.0,0.0,53.1,938.233,"",'132807064665805622803,2026-05-04,11096446577,b474822c-9453-41dc-a381-8d061cddccfc,"",Forward,100041717618,100041717618,11504,1264.76,5.0,1500.0,0.0,1500.0,packet_delivered,0.0,0.0,0.0,0.0,0.0,0.0,0.0,0.0,NA,0,1499.0
NFT-/XUTR/DEUTH026124A05FZX,18.19,0.0,0.0,1699.0,382.0,18.03,1.819,0.0,0.0,prepaid,0.364,0.0,0.0,0.0,0.0,0.0,361.787,"",'132812055697248564601,2026-05-04,11097182217,13677242-2e10-476d-850d-6c5b5f3d39a2,"",Forward,100042453257,100042453257,11504,363.81,5.0,1258.0,0.0,1258.0,packet_delivered,0.0,0.0,0.0,0.0,0.0,0.0,0.0,0.0,NA,0,441.0
NFT-/XUTR/DEUTH026124A05FZX,27.19,0.0,0.0,1799.0,571.0,148.232,2.719,0.0,0.0,prepaid,0.544,0.0,0.0,27.0,0.0,31.86,387.645,"",'132786879235110686401,2026-05-04,11091452724,ce89b887-ed6e-4c9e-b6c5-ca42c797ff90,"",Forward,100036723769,1000010508770,11504,543.81,5.0,1134.0,0.0,1134.0,packet_delivered,0.0,0.0,0.0,0.0,0.0,0.0,0.0,0.0,NA,0,665.0
NFT-/XUTR/DEUTH026124A05FZX,47.05,0.0,0.0,2899.0,988.0,256.485,4.705,0.0,0.0,prepaid,0.941,0.0,0.0,27.0,0.0,31.86,694.009,"",'132805014644705976703,2026-05-04,11095733245,3aa36061-a47d-45ee-a400-956abf07e18a,"",Forward,100041004286,100041004286,11504,940.95,5.0,1740.0,0.0,1740.0,packet_delivered,0.0,0.0,0.0,0.0,0.0,0.0,0.0,0.0,NA,0,1159.0
NFT-/XUTR/DEUTH026124A05FZX,103.48,0.0,0.0,3399.0,2173.0,487.187,10.348,0.0,0.0,prepaid,2.07,0.0,0.0,61.0,0.0,71.98,1601.415,"",'132805800840390077603,2026-05-04,11095975609,075a1ed6-aa47-40fe-a33a-d533d7dcccf3,"",Forward,100041246650,1000012186000,11504,2069.52,5.0,1020.0,0.0,1020.0,packet_delivered,0.0,0.0,0.0,0.0,0.0,0.0,0.0,0.0,NA,0,2379.0
NFT-/XUTR/DEUTH026124A05FZX,70.14,0.0,0.0,3499.0,1473.0,365.009,7.014,0.0,0.0,prepaid,1.403,0.0,0.0,45.0,0.0,53.1,1046.474,"",'132818571836253394903,2026-05-04,11098444614,f6a28316-9b47-410a-88f0-3a2b0bf63e96,"",Forward,100043715650,1000012723562,11504,1402.86,5.0,1855.0,0.0,1855.0,packet_delivered,0.0,0.0,0.0,0.0,0.0,0.0,0.0,0.0,NA,0,1644.0
NFT-/XUTR/DEUTH026124A05FZX,18.95,0.0,0.0,1699.0,398.0,18.786,1.895,0.0,0.0,prepaid,0.379,0.0,0.0,0.0,0.0,0.0,376.94,"",'132790151192387647401,2026-05-04,11092623959,df356b89-978a-46bf-abb2-7a21433abd7f,"",Forward,100037895004,100037895004,11504,379.05,5.0,1207.0,0.0,1207.0,packet_delivered,0.0,0.0,0.0,0.0,0.0,0.0,0.0,0.0,NA,0,492.0
NFT-/XUTR/DEUTH026124A05FZX,19.1,0.0,0.0,1599.0,401.0,18.927,1.91,0.0,0.0,prepaid,0.382,0.0,0.0,15.0,0.0,17.7,362.081,"",'132802391856962881103,2026-05-04,11094972631,421204c8-0870-4578-9986-f9b4877a19d5,"",Forward,100040243673,1000011535106,11504,381.9,5.0,1104.0,0.0,1104.0,packet_delivered,0.0,0.0,0.0,0.0,0.0,0.0,0.0,0.0,NA,0,495.0
NFT-/XUTR/DEUTH026124A05FZX,60.86,0.0,0.0,2899.0,1278.0,316.688,6.086,0.0,0.0,prepaid,1.217,0.0,0.0,45.0,0.0,53.1,900.909,"",'132812903519420466901,2026-05-04,11097402809,dfd91605-f126-4650-9f89-f665aed673e5,"",Forward,100042673849,100042673849,11504,1217.14,5.0,1450.0,0.0,1450.0,packet_delivered,0.0,0.0,0.0,0.0,0.0,0.0,0.0,0.0,NA,0,1449.0
NFT-/XUTR/DEUTH026124A05FZX,58.95,0.0,0.0,2999.0,325.233,80.593,1.549,0.0,0.0,prepaid,0.31,47.813,0.0,0.0,0.0,56.41934,-299.2,"",'132819847342055055601,2026-05-04,11098723325,81a3e5f7-5e5e-405a-adf1-87c9ddda39ab,100153492861,Reverse,100043994360,100043994360,11504,1179.05,5.0,1590.0,0.0,1590.0,return_refund,0.0,0.0,0.0,0.0,0.0,0.0,0.0,0.0,NA,0,1409.01
NFT-/XUTR/DEUTH026124A05FZX,23.67,0.0,0.0,1599.0,497.0,23.458,2.367,0.0,0.0,prepaid,0.473,0.0,0.0,27.0,0.0,31.86,438.842,"",'132776189990143460103,2026-05-04,11088809877,53ed9737-0671-483b-88d1-8fa1b9eb46f1,"",Forward,100034080929,1000009696993,11504,473.33,5.0,1008.0,0.0,1008.0,packet_delivered,0.0,0.0,0.0,0.0,0.0,0.0,0.0,0.0,NA,0,591.0
NFT-/XUTR/DEUTH026124A05FZX,72.76,0.0,0.0,3399.0,1528.0,378.638,7.276,0.0,0.0,prepaid,1.455,0.0,0.0,45.0,0.0,53.1,1087.531,"",'132815645194428128503,2026-05-04,11098196447,a5b29fad-8aaf-446c-87b5-6ba184a82c90,"",Forward,100043467483,100043467483,11504,1455.24,5.0,1700.0,0.0,1700.0,packet_delivered,0.0,0.0,0.0,0.0,0.0,0.0,0.0,0.0,NA,0,1699.0
NFT-/XUTR/DEUTH026124A05FZX,18.95,0.0,0.0,1699.0,398.0,18.786,1.895,0.0,0.0,prepaid,0.379,0.0,0.0,0.0,0.0,0.0,376.94,"",'132815965374439561103,2026-05-04,11098271976,e9593354-d32a-4fee-a186-02507934685f,"",Forward,100043543012,1000012721042,11504,379.05,5.0,1207.0,0.0,1207.0,packet_delivered,0.0,0.0,0.0,0.0,0.0,0.0,0.0,0.0,NA,0,492.0
NFT-/XUTR/DEUTH026124A05FZX,63.24,0.0,0.0,2999.0,1328.0,329.078,6.324,0.0,0.0,prepaid,1.265,0.0,0.0,45.0,0.0,53.1,938.233,"",'132770382027621787701,2026-05-04,11087724654,3665d1ec-f7f4-483e-8d09-545813a6f6ed,"",Forward,100032995707,100032995707,11504,1264.76,5.0,1500.0,0.0,1500.0,packet_delivered,0.0,0.0,0.0,0.0,0.0,0.0,0.0,0.0,NA,0,1499.0
NFT-/XUTR/DEUTH026124A05FZX,19.1,0.0,0.0,1599.0,401.0,18.927,1.91,0.0,0.0,prepaid,0.382,0.0,0.0,15.0,0.0,17.7,362.081,"",'132800698826042063903,2026-05-04,11094671397,c67173f8-c249-4793-a337-70c6ebd472c2,"",Forward,100039942439,1000011451134,11504,381.9,5.0,1104.0,0.0,1104.0,packet_delivered,0.0,0.0,0.0,0.0,0.0,0.0,0.0,0.0,NA,0,495.0
NFT-/XUTR/DEUTH026124A05FZX,19.29,0.0,0.0,1999.0,405.0,19.116,1.929,0.0,0.0,prepaid,0.386,0.0,0.0,15.0,0.0,17.7,365.869,"",'132802134312061396603,2026-05-04,11094898181,7a729b6b-b81d-4e68-b197-36834c194035,"",Forward,100040169223,1000011506645,11504,385.71,5.0,1500.0,0.0,1500.0,packet_delivered,0.0,0.0,0.0,0.0,0.0,0.0,0.0,0.0,NA,0,499.0
NFT-/XUTR/DEUTH026124A05FZX,63.24,0.0,0.0,2999.0,1328.0,329.078,6.324,0.0,0.0,prepaid,1.265,127.0,0.0,0.0,0.0,149.86,-1141.193,"",'132811834666912857403,2026-05-04,11097125538,6983ee9e-0879-4826-a4c3-04080dbc6e87,100153098881,Reverse,100042396578,1000012681115,11504,1264.76,5.0,1500.0,0.0,1500.0,return_refund,0.0,0.0,0.0,0.0,0.0,0.0,0.0,0.0,NA,0,1499.0
NFT-/XUTR/DEUTH026124A05FZX,0.0,19.57,19.57,1990.0,822.0,213.391,0.0,1.957,1.957,prepaid,0.783,0.0,0.0,27.0,0.0,31.86,572.052,"",'132837298067630646603,2026-05-04,11102403047,bfd03dbc-b6c5-4137-8007-0b1399541e28,"",Forward,100047674074,100047674074,11504,782.86,5.0,1074.0,0.0,1074.0,packet_delivered,0.0,0.0,0.0,0.0,0.0,0.0,0.0,0.0,NA,0,916.0000000000001
NFT-/XUTR/DEUTH026124A05FZX,0.0,51.74,51.74,3399.0,2173.0,512.828,0.0,5.174,5.174,prepaid,2.07,0.0,0.0,61.0,0.0,71.98,1575.774,"",'132841309065513259801,2026-05-04,11103535787,bb7002a2-d6a1-443f-8e5d-22ac39fcf23e,"",Forward,100048806796,1000014276110,11504,2069.52,5.0,1020.0,0.0,1020.0,packet_delivered,0.0,0.0,0.0,0.0,0.0,0.0,0.0,0.0,NA,0,2378.9999999999995
NFT-/XUTR/DEUTH026124A05FZX,42.62,0.0,0.0,2999.0,895.0,232.342,4.262,0.0,0.0,prepaid,0.852,167.0,0.0,0.0,0.0,197.06,-854.604,"",'132784874861511507401,2026-05-04,11090785644,520a983e-a09f-4426-a7f3-b1dc124ad9bb,11090785644,Reverse,100036056691,100036056691,11504,852.38,5.0,2010.0,0.0,2010.0,exchange,0.0,0.0,0.0,0.0,0.0,0.0,0.0,0.0,NA,0,989.0
NFT-/XUTR/DEUTH026124A05FZX,60.86,0.0,0.0,2899.0,1278.0,316.688,6.086,0.0,0.0,prepaid,1.217,182.0,0.0,0.0,0.0,214.76,-1168.769,"",'132803232480256199301,2026-05-04,11095233854,24223c43-79dd-46b3-8f63-b674d572ed58,100153095645,Reverse,100040504896,100040504896,11504,1217.14,5.0,1450.0,0.0,1450.0,return_refund,0.0,0.0,0.0,0.0,0.0,0.0,0.0,0.0,NA,0,1449.0
NFT-/XUTR/DEUTH026124A05FZX,38.33,0.0,0.0,1799.0,805.0,208.978,3.833,0.0,0.0,prepaid,0.767,0.0,0.0,27.0,0.0,31.86,559.562,"",'132788977978974465303,2026-05-04,11092147440,1f572941-f936-4df3-bb68-b158200725f1,"",Forward,100037418485,100037418485,11504,766.67,5.0,900.0,0.0,900.0,packet_delivered,0.0,0.0,0.0,0.0,0.0,0.0,0.0,0.0,NA,0,899.0
NFT-/XUTR/DEUTH026124A05FZX,56.71,0.0,0.0,2899.0,1191.0,295.13,5.671,0.0,0.0,prepaid,1.134,0.0,0.0,45.0,0.0,53.1,835.965,"",'132811075202904879901,2026-05-04,11096923738,e52c660e-c3c7-4644-ae32-7d17dcef41b4,"",Forward,100042194778,100042194778,11504,1134.29,5.0,1537.0,0.0,1537.0,packet_delivered,0.0,0.0,0.0,0.0,0.0,0.0,0.0,0.0,NA,0,1362.0
NFT-/XUTR/DEUTH026124A05FZX,21.91,0.0,0.0,1499.0,3.24,0.15299999999999997,0.015,0.0,0.0,prepaid,0.003,0.0,0.0,0.19,0.0,0.2242,2.845,"",'132814743696199474003,2026-05-04,11097870011,d66d1a0a-6fd4-4593-881b-4d05cd52e8ae,"",Forward,100043141047,100043141047,11504,438.1,5.0,945.0,0.0,945.0,packet_delivered,0.0,0.0,0.0,0.0,0.0,0.0,0.0,0.0,NA,0,554.01
NFT-/XUTR/DEUTH026124A05FZX,51.81,0.0,0.0,1799.0,1088.0,256.768,5.181,0.0,0.0,prepaid,1.036,0.0,0.0,45.0,0.0,53.1,771.915,"",'132823602079715628003,2026-05-04,11099763524,c6cc55d9-7f14-40bd-9a6f-0c2dcd9c2826,"",Forward,100045034557,100045034557,11504,1036.19,5.0,540.0,0.0,540.0,packet_delivered,0.0,0.0,0.0,0.0,0.0,0.0,0.0,0.0,NA,0,1259.0
NFT-/XUTR/DEUTH026124A05FZX,42.91,0.0,0.0,2899.0,901.0,233.9,4.29,0.0,0.0,prepaid,0.858,167.0,0.0,0.0,0.0,197.06,-859.012,"",'132788189171661491601,2026-05-04,11091876735,4983caef-17f2-4672-885a-54cd9a1bea0e,100153743849,Reverse,100037147780,100037147780,11504,858.1,5.0,1827.0,0.0,1827.0,return_refund,0.0,0.0,0.0,0.0,0.0,0.0,0.0,0.0,NA,0,1072.01
NFT-/XUTR/DEUTH026124A05FZX,44.67,0.0,0.0,2999.0,937.9999999999999,243.505,4.467,0.0,0.0,prepaid,0.893,106.0,0.0,0.0,0.0,125.08,-814.215,"",'132815483985086277701,2026-05-04,11098137127,d7435291-cdd9-4999-8873-f251126e239b,100152493280,Reverse,100043408163,100043408163,11504,893.33,5.0,1890.0,0.0,1890.0,return_refund,0.0,0.0,0.0,0.0,0.0,0.0,0.0,0.0,NA,0,1109.0
NFT-/XUTR/DEUTH026124A05FZX,39.52,0.0,0.0,2499.0,830.0,215.468,3.952,0.0,0.0,prepaid,0.79,0.0,0.0,27.0,0.0,31.86,577.93,"",'132776700568282960303,2026-05-04,11088964188,baf43a99-4f75-4a57-bb64-b80f165ec5f8,"",Forward,100034235240,1000010366497,11504,790.48,5.0,1575.0,0.0,1575.0,packet_delivered,0.0,0.0,0.0,0.0,0.0,0.0,0.0,0.0,NA,0,924.0
NFT-/XUTR/DEUTH026124A05FZX,28.67,0.0,0.0,1699.0,602.0,156.279,2.867,0.0,0.0,prepaid,0.573,0.0,0.0,27.0,0.0,31.86,410.421,"",'132778722852142767903,2026-05-04,11089587193,75545a8d-37aa-4396-b300-44744b5788c3,"",Forward,100034858244,1000009946706,11504,573.33,5.0,1003.0,0.0,1003.0,packet_delivered,0.0,0.0,0.0,0.0,0.0,0.0,0.0,0.0,NA,0,696.0
NFT-/XUTR/DEUTH026124A05FZX,45.14,0.0,0.0,1599.0,948.0,246.101,4.514,0.0,0.0,prepaid,0.903,0.0,0.0,27.0,0.0,31.86,664.622,"",'132777790879232491301,2026-05-04,11089314371,2ce8e3f7-161d-4c7c-833f-b5914ba968b9,"",Forward,100034585424,1000009855018,11504,902.86,5.0,480.0,0.0,480.0,packet_delivered,0.0,0.0,0.0,0.0,0.0,0.0,0.0,0.0,NA,0,1119.0
NFT-/XUTR/DEUTH026124A05FZX,35.95,0.0,0.0,1699.0,755.0,195.998,3.595,0.0,0.0,prepaid,0.719,0.0,0.0,27.0,0.0,31.86,522.828,"",'132778028194006085401,2026-05-04,11089386760,aa157de4-f63d-4c0d-87f9-2d6ce03ba48c,"",Forward,100034657812,1000009877924,11504,719.05,5.0,850.0,0.0,850.0,packet_delivered,0.0,0.0,0.0,0.0,0.0,0.0,0.0,0.0,NA,0,849.0
NFT-/XUTR/DEUTH026124A05FZX,40.71,0.0,0.0,1899.0,855.0,221.958,4.071,0.0,0.0,prepaid,0.814,0.0,0.0,27.0,0.0,31.86,596.297,"",'132784825579800592601,2026-05-04,11090772315,376bac6d-9b6c-4ced-9fc6-78e20e60c984,"",Forward,100036043362,100036043362,11504,814.29,5.0,950.0,0.0,950.0,packet_delivered,0.0,0.0,0.0,0.0,0.0,0.0,0.0,0.0,NA,0,949.0
NFT-/XUTR/DEUTH026124A05FZX,32.14,0.0,0.0,2199.0,675.0,31.86,3.214,0.0,0.0,prepaid,0.643,0.0,0.0,32.0,0.0,37.76,601.523,"",'132815478025266894903,2026-05-04,11098134753,726fc6a4-3284-422a-881b-3b5fa3064c9c,"",Forward,100043405789,100043405789,11504,642.86,5.0,1430.0,0.0,1430.0,packet_delivered,0.0,0.0,0.0,0.0,0.0,0.0,0.0,0.0,NA,0,769.0
NFT-/XUTR/DEUTH026124A05FZX,72.76,0.0,0.0,3399.0,1528.0,378.638,7.276,0.0,0.0,prepaid,1.455,0.0,0.0,45.0,0.0,53.1,1087.531,"",'132806859276047169401,2026-05-04,11096372496,bff481ec-2ade-4f4b-b6a0-72c6a00c50b7,"",Forward,100041643537,1000012155087,11504,1455.24,5.0,1700.0,0.0,1700.0,packet_delivered,0.0,0.0,0.0,0.0,0.0,0.0,0.0,0.0,NA,0,1699.0
NFT-/XUTR/DEUTH026124A05FZX,37.19,0.0,0.0,1750.0,781.0,202.748,3.719,0.0,0.0,prepaid,0.744,0.0,0.0,27.0,0.0,31.86,541.929,"",'132815278328310806901,2026-05-04,11098055585,35143c94-cc8b-4c07-8869-0eca53ef99d3,"",Forward,100043326621,100043326621,11504,743.81,5.0,875.0,0.0,875.0,packet_delivered,0.0,0.0,0.0,0.0,0.0,0.0,0.0,0.0,NA,0,875.0
NFT-/XUTR/DEUTH026124A05FZX,48.48,0.0,0.0,1699.0,1018.0,240.248,4.848,0.0,0.0,prepaid,0.97,167.0,0.0,0.0,0.0,197.06,-968.994,"",'132789011275377379503,2026-05-04,11092159955,751bf74c-341d-44c2-a47a-abb697d71d6b,100152842900,Reverse,100037431000,100037431000,11504,969.52,5.0,510.0,0.0,510.0,return_refund,0.0,0.0,0.0,0.0,0.0,0.0,0.0,0.0,NA,0,1189.0
NFT-/XUTR/DEUTH026124A05FZX,39.81,0.0,0.0,2799.0,836.0,217.026,3.981,0.0,0.0,prepaid,0.796,127.0,0.0,0.0,0.0,149.86,-764.057,"",'132803812295044220503,2026-05-04,11095401766,69d31a8c-cc96-422a-b14a-6bdf3fde0902,100152479573,Reverse,100040672807,100040672807,11504,796.19,5.0,1792.0,0.0,1792.0,return_refund,0.0,0.0,0.0,0.0,0.0,0.0,0.0,0.0,NA,0,1007.0
NFT-/XUTR/DEUTH026124A05FZX,39.52,0.0,0.0,2499.0,830.0,215.468,3.952,0.0,0.0,prepaid,0.79,0.0,0.0,27.0,0.0,31.86,577.93,"",'132789457465125151401,2026-05-04,11092349038,6fafd382-2c31-42ef-9cbf-570ca092a177,"",Forward,100037620083,1000011592688,11504,790.48,5.0,1575.0,0.0,1575.0,packet_delivered,0.0,0.0,0.0,0.0,0.0,0.0,0.0,0.0,NA,0,924.0
NFT-/XUTR/DEUTH026124A05FZX,38.33,0.0,0.0,1799.0,805.0,208.978,3.833,0.0,0.0,prepaid,0.767,0.0,0.0,27.0,0.0,31.86,559.562,"",'132793498251475341201,2026-05-04,11093022291,5f871052-9e77-4d9e-84f0-f250ba0d64fc,"",Forward,100038293335,1000010921182,11504,766.67,5.0,900.0,0.0,900.0,packet_delivered,0.0,0.0,0.0,0.0,0.0,0.0,0.0,0.0,NA,0,899.0
NFT-/XUTR/DEUTH026124A05FZX,39.81,0.0,0.0,2099.0,836.0,207.161,3.981,0.0,0.0,prepaid,0.796,0.0,0.0,27.0,0.0,31.86,592.202,"",'132823555875196976501,2026-05-04,11099746012,5ef5c880-167d-4a89-bb6f-5e27a9a1e57b,"",Forward,100045017046,100045017046,11504,796.19,5.0,1092.0,0.0,1092.0,packet_delivered,0.0,0.0,0.0,0.0,0.0,0.0,0.0,0.0,NA,0,1007.0
NFT-/XUTR/DEUTH026124A05FZX,75.19,0.0,0.0,1750.0,1579.0,372.644,7.519,0.0,0.0,prepaid,1.504,106.0,0.0,0.0,0.0,125.08,-1322.413,"",'132805339051398952401,2026-05-04,11095826906,c6220970-c151-4aad-80cc-ee8583b5a9df,100152053549,Reverse,100041097946,1000011782192,11504,1503.81,5.0,0.0,0.0,0.0,return_refund,0.0,0.0,0.0,0.0,0.0,0.0,0.0,0.0,NA,0,1750.0
NFT-/XUTR/DEUTH026124A05FZX,114.0,0.0,0.0,2600.0,2394.0,564.984,11.4,0.0,0.0,prepaid,2.28,0.0,0.0,61.0,0.0,71.98,1743.356,"",'132778207334335565801,2026-05-04,11089439921,62cdfc05-a862-4306-b0c5-46a0f00941df,"",Forward,100034710973,100034710973,11504,2280,5.0,0.0,0.0,0.0,packet_delivered,0.0,0.0,0.0,0.0,0.0,0.0,0.0,0.0,NA,0,2599.99
NFT-/XUTR/DEUTH026124A05FZX,18.95,0.0,0.0,1699.0,398.0,18.786,1.895,0.0,0.0,prepaid,0.379,127.0,0.0,0.0,0.0,149.86,-526.8,"",'132824338516290184301,2026-05-04,11100050661,de660bf4-580f-4512-849f-828ae4e55222,100156956824,Reverse,100045321694,100045321694,11504,379.05,5.0,1207.0,0.0,1207.0,return_refund,0.0,0.0,0.0,0.0,0.0,0.0,0.0,0.0,NA,0,492.0
NFT-/XUTR/DEUTH026124A05FZX,63.24,0.0,0.0,2999.0,475.73,117.886,2.265,0.0,0.0,prepaid,0.453,0.0,0.0,16.12,0.0,19.0216,336.104,"",'132832536695357345401,2026-05-04,11101649978,d280b1bb-8042-4d60-8e52-56ac3c16c728,"",Forward,100046921005,100046921005,11504,1264.76,5.0,1500.0,0.0,1500.0,packet_delivered,0.0,0.0,0.0,0.0,0.0,0.0,0.0,0.0,NA,0,1498.98
NFT-/XUTR/DEUTH026124A05FZX,32.57,0.0,0.0,2999.0,684.0,32.285,3.257,0.0,0.0,prepaid,0.651,127.0,0.0,0.0,0.0,149.86,-797.667,"",'132837252283184666403,2026-05-04,11102388385,04a9ad5d-c718-4c5c-a899-9925695e6ed9,11102388385,Reverse,100047659412,100047659412,11504,651.43,5.0,2221.0,0.0,2221.0,exchange,0.0,0.0,0.0,0.0,0.0,0.0,0.0,0.0,NA,0,778.0
NFT-/XUTR/DEUTH026124A05FZX,51.33,0.0,0.0,2499.0,1078.0,267.128,5.133,0.0,0.0,prepaid,1.027,0.0,0.0,45.0,0.0,53.1,751.612,"",'132777686788806798401,2026-05-04,11089281605,b9c0161e-009b-4e87-a462-9191c3207dcc,"",Forward,100034552657,100034552657,11504,1026.67,5.0,1250.0,0.0,1250.0,packet_delivered,0.0,0.0,0.0,0.0,0.0,0.0,0.0,0.0,NA,0,1249.0
NFT-/XUTR/DEUTH026124A05FZX,60.86,0.0,0.0,2899.0,1278.0,316.688,6.086,0.0,0.0,prepaid,1.217,167.0,0.0,0.0,0.0,197.06,-1151.069,"",'132780956278528910403,2026-05-04,11090278659,656ebc36-e872-4692-b474-820b0e9ee6a6,100151973776,Reverse,100035549710,1000010362627,11504,1217.14,5.0,1450.0,0.0,1450.0,return_refund,0.0,0.0,0.0,0.0,0.0,0.0,0.0,0.0,NA,0,1449.0
NFT-/XUTR/DEUTH026124A05FZX,38.0,0.0,0.0,1899.0,798.0,207.161,3.8,0.0,0.0,prepaid,0.76,0.0,0.0,27.0,0.0,31.86,554.419,"",'132787668805308841503,2026-05-04,11091704780,a55c4973-b239-4633-b642-4f4f943a6d9a,"",Forward,100036975825,100036975825,11504,760,5.0,1007.0,0.0,1007.0,packet_delivered,0.0,0.0,0.0,0.0,0.0,0.0,0.0,0.0,NA,0,892.0
NFT-/XUTR/DEUTH026124A05FZX,63.24,0.0,0.0,2999.0,1328.0,329.078,6.324,0.0,0.0,prepaid,1.265,0.0,0.0,45.0,0.0,53.1,938.233,"",'132788162354665597901,2026-05-04,11091867874,b4c7ca04-5bb2-4018-a0f7-ff3d0b96f3db,"",Forward,100037138920,100037138920,11504,1264.76,5.0,1500.0,0.0,1500.0,packet_delivered,0.0,0.0,0.0,0.0,0.0,0.0,0.0,0.0,NA,0,1499.0
NFT-/XUTR/DEUTH026124A05FZX,32.43,0.0,0.0,1650.0,296.556,76.986,1.412,0.0,0.0,prepaid,0.282,0.0,0.0,11.758,0.0,13.87444,204.002,"",'132804423622628842101,2026-05-04,11095571212,1bb73fec-871b-4973-87a1-3350c965116b,"",Forward,100040842253,100040842253,11504,648.57,5.0,875.0,0.0,875.0,packet_delivered,0.0,0.0,0.0,0.0,0.0,0.0,0.0,0.0,NA,0,774.99
NFT-/XUTR/DEUTH026124A05FZX,103.48,0.0,0.0,3399.0,2173.0,512.828,10.348,0.0,0.0,prepaid,2.07,0.0,0.0,61.0,0.0,71.98,1575.774,"",'132795892466922425301,2026-05-04,11093706012,f94dcbdd-984f-400d-ac6c-5912a82a7305,"",Forward,100038977056,1000012124803,11504,2069.52,5.0,1020.0,0.0,1020.0,packet_delivered,0.0,0.0,0.0,0.0,0.0,0.0,0.0,0.0,NA,0,2379.0
NFT-/XUTR/DEUTH026124A05FZX,18.95,0.0,0.0,1699.0,398.0,18.786,1.895,0.0,0.0,prepaid,0.379,0.0,0.0,0.0,0.0,0.0,376.94,"",'132806982271254951201,2026-05-04,11096422360,10d37665-2cc9-4c96-b804-48e8d5d519c5,"",Forward,100041693401,100041693401,11504,379.05,5.0,1207.0,0.0,1207.0,packet_delivered,0.0,0.0,0.0,0.0,0.0,0.0,0.0,0.0,NA,0,492.0
NFT-/XUTR/DEUTH026124A05FZX,58.95,0.0,0.0,2999.0,6.52,1.616,0.031,0.0,0.0,prepaid,0.006,0.0,0.0,0.237,0.0,0.27966,4.587,"",'132819924065226041301,2026-05-04,11098745420,777b57ba-74eb-4b6f-a37e-acc52ce35ec3,"",Forward,100044016455,100044016455,11504,1179.05,5.0,1590.0,0.0,1590.0,packet_delivered,0.0,0.0,0.0,0.0,0.0,0.0,0.0,0.0,NA,0,1408.99
NFT-/XUTR/DEUTH026124A05FZX,0.0,24.83,24.83,1799.0,1043.0,246.148,0.0,2.4835,2.4835,prepaid,0.993,0.0,0.0,45.0,0.0,53.1,737.792,"",'132841267855839945401,2026-05-04,11103522325,0483e67e-0295-439d-8e98-3d873eefa77f,"",Forward,100048793334,1000014037112,11504,993.34,5.0,585.0,0.0,585.0,packet_delivered,0.0,0.0,0.0,0.0,0.0,0.0,0.0,0.0,NA,0,1214.0
NFT-/XUTR/DEUTH026124A05FZX,70.38,0.0,0.0,3299.0,161.339,39.98,0.768,0.0,0.0,prepaid,0.154,18.23,0.0,0.0,0.0,21.5114,-141.948,"",'132772844015116677801,2026-05-04,11088459526,6259988f-491e-445a-9e7c-cf4e76890090,11088459526,Reverse,100033730579,100033730579,11504,1407.62,5.0,1650.0,0.0,1650.0,exchange,0.0,0.0,0.0,0.0,0.0,0.0,0.0,0.0,NA,0,1648.99
NFT-/XUTR/DEUTH026124A05FZX,19.1,0.0,0.0,1599.0,3.84,0.181,0.018,0.0,0.0,prepaid,0.004,1.216,0.0,0.0,0.0,1.43488,-5.072,"",'132816462843899979803,2026-05-04,11098334204,bd13f9ce-9867-4c30-a025-9dfc00a67c5b,100154304842,Reverse,100043605240,1000012521431,11504,381.9,5.0,1104.0,0.0,1104.0,return_refund,0.0,0.0,0.0,0.0,0.0,0.0,0.0,0.0,NA,0,495.0
NFT-/XUTR/DEUTH026124A05FZX,63.24,0.0,0.0,2999.0,1159.551,287.337,5.522,0.0,0.0,prepaid,1.104,0.0,0.0,39.292,0.0,46.36456,819.223,"",'132806926422568577501,2026-05-04,11096401273,7e2a3efc-8771-4001-8b61-af1d6708979a,"",Forward,100041672314,100041672314,11504,1264.76,5.0,1500.0,0.0,1500.0,packet_delivered,0.0,0.0,0.0,0.0,0.0,0.0,0.0,0.0,NA,0,1498.99
NFT-/XUTR/DEUTH026124A05FZX,0.0,29.83,29.83,2999.0,1253.0,310.493,0.0,2.9835,2.9835,prepaid,1.193,0.0,0.0,45.0,0.0,53.1,882.247,"",'132836690748057374201,2026-05-04,11102221229,3578226a-c24d-4867-8db3-595718a51b7e,"",Forward,100047492256,100047492256,11504,1193.34,5.0,1575.0,0.0,1575.0,packet_delivered,0.0,0.0,0.0,0.0,0.0,0.0,0.0,0.0,NA,0,1423.9999999999998
NFT-/XUTR/DEUTH026124A05FZX,103.48,0.0,0.0,3399.0,2173.0,512.828,10.348,0.0,0.0,prepaid,2.07,182.0,0.0,0.0,0.0,214.76,-1862.514,"",'132806420461003470403,2026-05-04,11096188340,3af85a3b-f8a8-4694-ac75-193624b0bdbf,100154104728,Reverse,100041459381,100041459381,11504,2069.52,5.0,1020.0,0.0,1020.0,return_refund,0.0,0.0,0.0,0.0,0.0,0.0,0.0,0.0,NA,0,2378.99
NFT-/XUTR/DEUTH026124A05FZX,43.24,0.0,0.0,2399.0,908.0,235.717,4.324,0.0,0.0,prepaid,0.865,0.0,0.0,27.0,0.0,31.86,635.234,"",'132780956278528910403,2026-05-04,11090278657,656ebc36-e872-4692-b474-820b0e9ee6a6,"",Forward,100035549708,1000010362627,11504,864.76,5.0,1320.0,0.0,1320.0,packet_delivered,0.0,0.0,0.0,0.0,0.0,0.0,0.0,0.0,NA,0,1079.0
NFT-/XUTR/DEUTH026124A05FZX,19.29,0.0,0.0,1999.0,405.0,19.116,1.929,0.0,0.0,prepaid,0.386,0.0,0.0,15.0,0.0,17.7,365.869,"",'132792958468537591201,2026-05-04,11092886424,1732e5c1-5bd3-43ed-bb27-58ecc1b1e14d,"",Forward,100038157469,100038157469,11504,385.71,5.0,1500.0,0.0,1500.0,packet_delivered,0.0,0.0,0.0,0.0,0.0,0.0,0.0,0.0,NA,0,499.01
NFT-/XUTR/DEUTH026124A05FZX,59.67,0.0,0.0,2999.0,1253.0,310.493,5.967,0.0,0.0,prepaid,1.193,0.0,0.0,45.0,0.0,53.1,882.247,"",'132832588619296664601,2026-05-04,11101666776,e1b5521c-5175-4630-b18d-bfcf5f13ac16,"",Forward,100046937803,100046937803,11504,1193.33,5.0,1575.0,0.0,1575.0,packet_delivered,0.0,0.0,0.0,0.0,0.0,0.0,0.0,0.0,NA,0,1424.0
NFT-/XUTR/DEUTH026124A05FZX,103.48,0.0,0.0,3399.0,2173.0,512.828,10.348,0.0,0.0,prepaid,2.07,182.0,0.0,0.0,0.0,214.76,-1862.514,"",'132810608403400839603,2026-05-04,11096812400,66bcf09b-f0e3-466a-a478-bc54e03e7f57,100153726146,Reverse,100042083441,1000012164224,11504,2069.52,5.0,1020.0,0.0,1020.0,return_refund,0.0,0.0,0.0,0.0,0.0,0.0,0.0,0.0,NA,0,2379.0
NFT-/XUTR/DEUTH026124A05FZX,51.33,0.0,0.0,2799.0,1078.0,267.128,5.133,0.0,0.0,prepaid,1.027,106.0,0.0,0.0,0.0,125.08,-929.792,"",'132830600705950933501,2026-05-04,11101122181,099c8732-f0ed-45c2-a645-a978155f989c,100153130296,Reverse,100046393209,100046393209,11504,1026.67,5.0,1550.0,0.0,1550.0,return_refund,0.0,0.0,0.0,0.0,0.0,0.0,0.0,0.0,NA,0,1249.01
NFT-/XUTR/DEUTH026124A05FZX,63.24,0.0,0.0,2999.0,1328.0,329.078,6.324,0.0,0.0,prepaid,1.265,0.0,0.0,45.0,0.0,53.1,938.233,"",'132786196984448900101,2026-05-04,11091226965,f7b3f5b6-0371-4c15-a342-8f8869f1187f,"",Forward,100036498010,100036498010,11504,1264.76,5.0,1500.0,0.0,1500.0,packet_delivered,0.0,0.0,0.0,0.0,0.0,0.0,0.0,0.0,NA,0,1499.0
NFT-/XUTR/DEUTH026124A05FZX,62.29,0.0,0.0,3999.0,1308.0,324.122,6.229,0.0,0.0,prepaid,1.246,182.0,0.0,0.0,0.0,214.76,-1191.163,"",'132820928688258558703,2026-05-04,11098998203,0a0c577d-2ed3-43c6-8044-845d479b6cb9,100153484328,Reverse,100044269238,100044269238,11504,1245.71,5.0,2520.0,0.0,2520.0,return_refund,0.0,0.0,0.0,0.0,0.0,0.0,0.0,0.0,NA,0,1479.0
NFT-/XUTR/DEUTH026124A05FZX,72.76,0.0,0.0,1699.0,1528.0,360.608,7.276,0.0,0.0,prepaid,1.455,0.0,0.0,45.0,0.0,53.1,1105.561,"",'132780375049833391403,2026-05-04,11090075022,22375287-0fc9-45a9-8db5-5476701d43d0,"",Forward,100035346074,100035346074,11504,1455.24,5.0,0.0,0.0,0.0,packet_delivered,0.0,0.0,0.0,0.0,0.0,0.0,0.0,0.0,NA,0,1699.0
NFT-/XUTR/DEUTH026124A05FZX,38.33,0.0,0.0,1799.0,805.0,208.978,3.833,0.0,0.0,prepaid,0.767,0.0,0.0,27.0,0.0,31.86,559.562,"",'132819443132115255701,2026-05-04,11098615472,ca881f66-1091-420c-9a29-8e3963c786f8,"",Forward,100043886507,100043886507,11504,766.67,5.0,900.0,0.0,900.0,packet_delivered,0.0,0.0,0.0,0.0,0.0,0.0,0.0,0.0,NA,0,899.0
NFT-/XUTR/DEUTH026124A05FZX,23.67,0.0,0.0,1599.0,496.99999999999994,23.458,2.367,0.0,0.0,prepaid,0.473,167.0,0.0,0.0,0.0,197.06,-667.762,"",'132785904276407378701,2026-05-04,11091128791,f3c1a2ac-ec2d-4edc-aea5-318d43e1afc7,100152844781,Reverse,100036399837,1000010398675,11504,473.33,5.0,1008.0,0.0,1008.0,return_refund,0.0,0.0,0.0,0.0,0.0,0.0,0.0,0.0,NA,0,591.0
NFT-/XUTR/DEUTH026124A05FZX,31.19,0.0,0.0,1499.0,655.0,170.038,3.119,0.0,0.0,prepaid,0.624,0.0,0.0,27.0,0.0,31.86,449.359,"",'132797116427003005701,2026-05-04,11094039277,6c8d41d6-e076-47e8-90c8-dd0ad8d93bae,"",Forward,100039310319,100039310319,11504,623.81,5.0,750.0,0.0,750.0,packet_delivered,0.0,0.0,0.0,0.0,0.0,0.0,0.0,0.0,NA,0,749.0
NFT-/XUTR/DEUTH026124A05FZX,113.95,0.0,0.0,2599.0,2393.0,564.748,11.395,0.0,0.0,prepaid,2.279,0.0,0.0,61.0,0.0,71.98,1742.598,"",'132798230210171129703,2026-05-04,11094413111,3c67a8a3-ab8b-48cb-9144-4574f6e95b0e,"",Forward,100039684153,100039684153,11504,2279.05,5.0,0.0,0.0,0.0,packet_delivered,0.0,0.0,0.0,0.0,0.0,0.0,0.0,0.0,NA,0,2599.0
NFT-/XUTR/DEUTH026124A05FZX,70.38,0.0,0.0,3299.0,1478.0,366.248,7.038,0.0,0.0,prepaid,1.408,0.0,0.0,45.0,0.0,53.1,1050.206,"",'132776518969726571401,2026-05-04,11088906994,559670cc-2a9e-4208-b88a-61f67035d3a7,"",Forward,100034178047,1000010358178,11504,1407.62,5.0,1650.0,0.0,1650.0,packet_delivered,0.0,0.0,0.0,0.0,0.0,0.0,0.0,0.0,NA,0,1649.0
NFT-/XUTR/DEUTH026124A05FZX,63.24,0.0,0.0,2999.0,1328.0,329.078,6.324,0.0,0.0,prepaid,1.265,0.0,0.0,45.0,0.0,53.1,938.233,"",'132805746258734292203,2026-05-04,11095957358,5ce9b2f5-6e38-48e1-8164-5aff7ec4addc,"",Forward,100041228399,100041228399,11504,1264.76,5.0,1500.0,0.0,1500.0,packet_delivered,0.0,0.0,0.0,0.0,0.0,0.0,0.0,0.0,NA,0,1499.0
NFT-/XUTR/DEUTH026124A05FZX,45.14,0.0,0.0,2799.0,948.0,246.101,4.514,0.0,0.0,prepaid,0.903,0.0,0.0,27.0,0.0,31.86,664.622,"",'132806811754544824103,2026-05-04,11096352640,6a0785d3-f12f-4673-aed8-278f810fa929,"",Forward,100041623681,100041623681,11504,902.86,5.0,1680.0,0.0,1680.0,packet_delivered,0.0,0.0,0.0,0.0,0.0,0.0,0.0,0.0,NA,0,1119.0
NFT-/XUTR/DEUTH026124A05FZX,87.05,0.0,0.0,1999.0,678.3,160.079,3.23,0.0,0.0,prepaid,0.646,0.0,0.0,16.698,0.0,19.70364,494.641,"",'132812692804234969001,2026-05-04,11097348560,b4a4de52-82e3-4639-b8ec-7fa173828969,"",Forward,100042619600,100042619600,11504,1740.95,5.0,0.0,0.0,0.0,packet_delivered,0.0,0.0,0.0,0.0,0.0,0.0,0.0,0.0,NA,0,1999.0
NFT-/XUTR/DEUTH026124A05FZX,77.52,0.0,0.0,1799.0,1628.0,384.208,7.752,0.0,0.0,prepaid,1.55,0.0,0.0,45.0,0.0,53.1,1181.39,"",'132822425903866929903,2026-05-04,11099404492,1f683d3f-d8a1-4be4-915f-8095316577c8,"",Forward,100044675526,100044675526,11504,1550.48,5.0,0.0,0.0,0.0,packet_delivered,0.0,0.0,0.0,0.0,0.0,0.0,0.0,0.0,NA,0,1799.0
NFT-/XUTR/DEUTH026124A05FZX,43.1,0.0,0.0,2499.0,904.9999999999999,234.938,4.31,0.0,0.0,prepaid,0.862,127.0,0.0,0.0,0.0,149.86,-814.75,"",'132815680174612291101,2026-05-04,11098206611,013dee35-61e2-45ac-b607-895d3dbe37c3,100153538493,Reverse,100043477647,1000012716547,11504,861.9,5.0,1500.0,0.0,1500.0,return_refund,0.0,0.0,0.0,0.0,0.0,0.0,0.0,0.0,NA,0,999.0
NFT-/XUTR/DEUTH026124A05FZX,74.38,0.0,0.0,4999.0,1562.0,405.495,7.438,0.0,0.0,prepaid,1.488,157.0,0.0,0.0,0.0,185.26,-1332.839,"",'132840918835448703701,2026-05-04,11103411128,49a7e47a-227b-4dbd-ade4-813f2048db1a,11103411128,Reverse,100048682137,100048682137,11504,1487.62,5.0,3243.0,0.0,3243.0,exchange,0.0,0.0,0.0,0.0,0.0,0.0,0.0,0.0,NA,0,1756.0
NFT-/XUTR/DEUTH026124A05FZX,63.24,0.0,0.0,2999.0,1328.0,329.078,6.324,0.0,0.0,prepaid,1.265,0.0,0.0,45.0,0.0,53.1,938.233,"",'132806726683449220203,2026-05-04,11096315953,c99b0a78-6a89-4c74-8509-7c10c4933dce,"",Forward,100041586994,100041586994,11504,1264.76,5.0,1500.0,0.0,1500.0,packet_delivered,0.0,0.0,0.0,0.0,0.0,0.0,0.0,0.0,NA,0,1498.99
NFT-/XUTR/DEUTH026124A05FZX,32.43,0.0,0.0,1650.0,681.0,176.788,3.243,0.0,0.0,prepaid,0.649,167.0,0.0,0.0,0.0,197.06,-697.38,"",'132776709769361827001,2026-05-04,11088967116,c90520ef-c4f1-412b-ae6a-e4f0a2efb5de,100152018997,Reverse,100034238168,100034238168,11504,648.57,5.0,875.0,0.0,875.0,return_refund,0.0,0.0,0.0,0.0,0.0,0.0,0.0,0.0,NA,0,775.0
NFT-/XUTR/DEUTH026124A05FZX,0.0,16.29,16.29,2499.0,684.0,32.285,0.0,1.6285,1.6285,prepaid,0.651,106.0,0.0,0.0,0.0,125.08,-772.887,"",'132846179525100223101,2026-05-04,11104290395,d9439cad-d372-472a-88b3-6a98c36b64dd,100153501721,Reverse,100049561395,1000014294191,11504,651.42,5.0,1721.0,0.0,1721.0,return_refund,0.0,0.0,0.0,0.0,0.0,0.0,0.0,0.0,NA,0,777.9999999999999
NFT-/XUTR/DEUTH026124A05FZX,72.76,0.0,0.0,3399.0,495.76,111.149,2.361,0.0,0.0,prepaid,0.472,0.0,0.0,14.6,0.0,17.228,364.55,"",'132792398742368693203,2026-05-04,11092796407,5da2d7db-277a-4d00-981f-6c890641458f,"",Forward,100038067452,100038067452,11504,1455.24,5.0,1700.0,0.0,1700.0,packet_delivered,0.0,0.0,0.0,0.0,0.0,0.0,0.0,0.0,NA,0,1699.0
NFT-/XUTR/DEUTH026124A05FZX,55.14,0.0,0.0,1899.0,1158.0,273.288,5.514,0.0,0.0,prepaid,1.103,0.0,0.0,45.0,0.0,53.1,824.995,"",'132801019782783221001,2026-05-04,11094693062,b65f85ce-62c5-4ae0-aca1-82e39723bde3,"",Forward,100039964104,100039964104,11504,1102.86,5.0,570.0,0.0,570.0,packet_delivered,0.0,0.0,0.0,0.0,0.0,0.0,0.0,0.0,NA,0,1329.0
NFT-/XUTR/DEUTH026124A05FZX,115.19,0.0,0.0,2625.0,2419.0,570.884,11.519,0.0,0.0,prepaid,2.304,0.0,0.0,61.0,0.0,71.98,1762.313,"",'132802741320541589203,2026-05-04,11095079291,c871bb62-4dd4-4abd-909d-ffd7c7606059,"",Forward,100040350333,100040350333,11504,2303.81,5.0,0.0,0.0,0.0,packet_delivered,0.0,0.0,0.0,0.0,0.0,0.0,0.0,0.0,NA,0,2625.0
NFT-/XUTR/DEUTH026124A05FZX,63.24,0.0,0.0,2999.0,1328.0,329.078,6.324,0.0,0.0,prepaid,1.265,182.0,0.0,0.0,0.0,214.76,-1206.093,"",'132821051886942177701,2026-05-04,11099032307,da9ad328-ae8c-4d74-9668-2513f4856acf,11099032307,Reverse,100044303342,100044303342,11504,1264.76,5.0,1500.0,0.0,1500.0,exchange,0.0,0.0,0.0,0.0,0.0,0.0,0.0,0.0,NA,0,1499.0
NFT-/XUTR/DEUTH026124A05FZX,51.33,0.0,0.0,2499.0,1078.0,267.128,5.133,0.0,0.0,prepaid,1.027,0.0,0.0,45.0,0.0,53.1,751.612,"",'132811662716341427901,2026-05-04,11097080155,3bba8668-97d2-4cb3-940b-ab4c05c20ba3,"",Forward,100042351195,100042351195,11504,1026.67,5.0,1250.0,0.0,1250.0,packet_delivered,0.0,0.0,0.0,0.0,0.0,0.0,0.0,0.0,NA,0,1249.0
NFT-/XUTR/DEUTH026124A05FZX,19.1,0.0,0.0,1599.0,401.0,18.927,1.91,0.0,0.0,prepaid,0.382,0.0,0.0,15.0,0.0,17.7,362.081,"",'132831507643525772101,2026-05-04,11101350620,6f846045-fa8f-4819-9486-a709045905f2,"",Forward,100046621647,1000013435441,11504,381.9,5.0,1104.0,0.0,1104.0,packet_delivered,0.0,0.0,0.0,0.0,0.0,0.0,0.0,0.0,NA,0,495.0
NFT-/XUTR/DEUTH026124A05FZX,58.95,0.0,0.0,2999.0,1238.0,306.776,5.895,0.0,0.0,prepaid,1.179,127.0,0.0,0.0,0.0,149.86,-1074.01,"",'132793568875365441203,2026-05-04,11093041336,c17dd41b-a26f-4aa1-a835-9e4d9b95d9fa,100152039306,Reverse,100038312380,100038312380,11504,1179.05,5.0,1590.0,0.0,1590.0,return_refund,0.0,0.0,0.0,0.0,0.0,0.0,0.0,0.0,NA,0,1409.0
NFT-/XUTR/DEUTH026124A05FZX,44.67,0.0,0.0,2999.0,937.9999999999999,243.505,4.467,0.0,0.0,prepaid,0.893,127.0,0.0,0.0,0.0,149.86,-838.995,"",'132827796749861664101,2026-05-04,11100385046,99651a91-28c4-4722-9cb8-9cf65801e8db,100154078652,Reverse,100045656079,100045656079,11504,893.33,5.0,1890.0,0.0,1890.0,return_refund,0.0,0.0,0.0,0.0,0.0,0.0,0.0,0.0,NA,0,1109.0
NFT-/XUTR/DEUTH026124A05FZX,42.91,0.0,0.0,2899.0,901.0,233.9,4.29,0.0,0.0,prepaid,0.858,0.0,0.0,27.0,0.0,31.86,630.092,"",'132788189171661491601,2026-05-04,11091876735,4983caef-17f2-4672-885a-54cd9a1bea0e,"",Forward,100037147780,100037147780,11504,858.1,5.0,1827.0,0.0,1827.0,packet_delivered,0.0,0.0,0.0,0.0,0.0,0.0,0.0,0.0,NA,0,1072.01
NFT-/XUTR/DEUTH026124A05FZX,35.95,0.0,0.0,1699.0,378.51,98.261,1.802,0.0,0.0,prepaid,0.36,0.0,0.0,13.536,0.0,15.97248,262.115,"",'132806701459874377901,2026-05-04,11096304731,4e72a9d1-f3b6-4850-8cc7-6d66df4b8912,"",Forward,100041575772,100041575772,11504,719.05,5.0,850.0,0.0,850.0,packet_delivered,0.0,0.0,0.0,0.0,0.0,0.0,0.0,0.0,NA,0,848.98
NFT-/XUTR/DEUTH026124A05FZX,0.0,40.67,40.67,3999.0,1708.0,423.242,0.0,4.0665,4.0665,prepaid,1.627,106.0,0.0,0.0,0.0,125.08,-1400.078,"",'132803943951378200103,2026-05-04,11095438660,90bc72e4-748f-46c7-829f-344adf07927a,100152587502,Reverse,100040709701,1000012142238,11504,1626.66,5.0,2120.0,0.0,2120.0,return_refund,0.0,0.0,0.0,0.0,0.0,0.0,0.0,0.0,NA,0,1879.0000000000002
NFT-/XUTR/DEUTH026124A05FZX,81.33,0.0,0.0,3999.0,1708.0,423.242,8.133,0.0,0.0,prepaid,1.627,0.0,0.0,45.0,0.0,53.1,1221.898,"",'132761757975261688401,2026-05-04,11085795914,647e73a1-4e87-4797-b432-c88d2cf651fe,"",Forward,100031066968,1000009169411,11504,1626.67,5.0,2120.0,0.0,2120.0,packet_delivered,0.0,0.0,0.0,0.0,0.0,0.0,0.0,0.0,NA,0,1879.0
NFT-/XUTR/DEUTH026124A05FZX,81.33,0.0,0.0,3999.0,1708.0,423.242,8.133,0.0,0.0,prepaid,1.627,182.0,0.0,0.0,0.0,214.76,-1489.758,"",'132790747441752102103,2026-05-04,11092715611,ce5a09b7-cb25-45ce-9fbf-b5b26b92621a,100152875631,Reverse,100037986656,100037986656,11504,1626.67,5.0,2120.0,0.0,2120.0,return_refund,0.0,0.0,0.0,0.0,0.0,0.0,0.0,0.0,NA,0,1879.0
NFT-/XUTR/DEUTH026124A05FZX,0.0,29.43,29.43,3499.0,1236.0,306.281,0.0,2.943,2.943,prepaid,1.177,106.0,0.0,0.0,0.0,125.08,-1047.736,"",'132836824975843664503,2026-05-04,11102255807,1fff79dd-e80e-47e8-9447-342c1ccd6ffe,100153901446,Reverse,100047526834,1000013779167,11504,1177.14,5.0,2092.0,0.0,2092.0,return_refund,0.0,0.0,0.0,0.0,0.0,0.0,0.0,0.0,NA,0,1407.0000000000002
NFT-/XUTR/DEUTH026124A05FZX,75.19,0.0,0.0,1750.0,1579.0,372.644,7.519,0.0,0.0,prepaid,1.504,0.0,0.0,45.0,0.0,53.1,1144.233,"",'132784549596561038301,2026-05-04,11090704364,4e1e23fc-069c-44dd-8bb6-9f5fad6b4ad3,"",Forward,100035975413,100035975413,11504,1503.81,5.0,0.0,0.0,0.0,packet_delivered,0.0,0.0,0.0,0.0,0.0,0.0,0.0,0.0,NA,0,1750.0
NFT-/XUTR/DEUTH026124A05FZX,34.05,0.0,0.0,1799.0,715.0,134.992,3.405,0.0,0.0,prepaid,0.681,127.0,0.0,0.0,0.0,149.86,-725.782,"",'132792265506815435203,2026-05-04,11092783473,8cc95d12-a0cf-49f8-a3a6-76cf7ed1f821,100156102115,Reverse,100038054518,1000010850183,11504,680.95,5.0,990.0,0.0,990.0,return_refund,0.0,0.0,0.0,0.0,0.0,0.0,0.0,0.0,NA,0,809.0
NFT-/XUTR/DEUTH026124A05FZX,40.81,0.0,0.0,2799.0,857.0,222.477,4.081,0.0,0.0,prepaid,0.816,0.0,0.0,27.0,0.0,31.86,597.766,"",'132793221200909489301,2026-05-04,11092947273,f6adfd39-ff47-4d45-8174-b217d97315a5,"",Forward,100038218317,1000010886542,11504,816.19,5.0,1848.0,0.0,1848.0,packet_delivered,0.0,0.0,0.0,0.0,0.0,0.0,0.0,0.0,NA,0,951.0
NFT-/XUTR/DEUTH026124A05FZX,54.48,0.0,0.0,2799.0,1144.0,283.483,5.448,0.0,0.0,prepaid,1.09,0.0,0.0,45.0,0.0,53.1,800.879,"",'132812661022522518501,2026-05-04,11097340052,61503222-9f70-4aa9-aa87-cf1a0118958d,"",Forward,100042611092,100042611092,11504,1089.52,5.0,1484.0,0.0,1484.0,packet_delivered,0.0,0.0,0.0,0.0,0.0,0.0,0.0,0.0,NA,0,1315.0
NFT-/XUTR/DEUTH026124A05FZX,35.95,0.0,0.0,1699.0,755.0,195.998,3.595,0.0,0.0,prepaid,0.719,0.0,0.0,27.0,0.0,31.86,522.828,"",'132779080958794613001,2026-05-04,11089691146,e0c6a2d1-e5ff-4e32-a497-4a23ba015165,"",Forward,100034962197,100034962197,11504,719.05,5.0,850.0,0.0,850.0,packet_delivered,0.0,0.0,0.0,0.0,0.0,0.0,0.0,0.0,NA,0,849.0
NFT-/XUTR/DEUTH026124A05FZX,87.05,0.0,0.0,1999.0,678.3000000000001,160.079,3.23,0.0,0.0,prepaid,0.646,47.125,0.0,0.0,0.0,55.6075,-569.953,"",'132812692804234969001,2026-05-04,11097348560,b4a4de52-82e3-4639-b8ec-7fa173828969,100153249588,Reverse,100042619600,100042619600,11504,1740.95,5.0,0.0,0.0,0.0,return_refund,0.0,0.0,0.0,0.0,0.0,0.0,0.0,0.0,NA,0,1999.0
NFT-/XUTR/DEUTH026124A05FZX,31.1,0.0,0.0,1499.0,653.0,169.519,3.11,0.0,0.0,prepaid,0.622,106.0,0.0,0.0,0.0,125.08,-604.829,"",'132833073618652489903,2026-05-04,11101822820,9f719c53-8aaa-402d-9ee0-5fd0ee79fbfa,100153091508,Reverse,100047093847,1000013784174,11504,621.9,5.0,752.0,0.0,752.0,return_refund,0.0,0.0,0.0,0.0,0.0,0.0,0.0,0.0,NA,0,747.0
NFT-/XUTR/DEUTH026124A05FZX,63.24,0.0,0.0,2999.0,1328.0,329.078,6.324,0.0,0.0,prepaid,1.265,0.0,0.0,45.0,0.0,53.1,938.233,"",'132828801067682909603,2026-05-04,11100655596,8bc48a99-9e5e-4a2f-bb13-93f83af8b877,"",Forward,100045926629,100045926629,11504,1264.76,5.0,1500.0,0.0,1500.0,packet_delivered,0.0,0.0,0.0,0.0,0.0,0.0,0.0,0.0,NA,0,1499.0
NFT-/XUTR/DEUTH026124A05FZX,19.05,0.0,0.0,1499.0,76.928,3.6310000000000002,0.366,0.0,0.0,prepaid,0.073,21.54,0.0,0.0,0.0,25.4172,-98.275,"",'132776292426165479801,2026-05-04,11088838748,b9dc7292-085f-4fa3-a32b-7c9ea13029c5,11088838748,Reverse,100034109800,100034109800,11504,380.95,5.0,1005.0,0.0,1005.0,exchange,0.0,0.0,0.0,0.0,0.0,0.0,0.0,0.0,NA,0,493.99
NFT-/XUTR/DEUTH026124A05FZX,42.62,0.0,0.0,3299.0,895.0,42.244,4.262,0.0,0.0,prepaid,0.852,182.0,0.0,0.0,0.0,214.76,-1062.402,"",'132802843880609851703,2026-05-04,11095111312,6aa64c09-a0f3-43c8-aae0-014dacf3e759,100152442696,Reverse,100040382354,100040382354,11504,852.38,5.0,2310.0,0.0,2310.0,return_refund,0.0,0.0,0.0,0.0,0.0,0.0,0.0,0.0,NA,0,989.0
NFT-/XUTR/DEUTH026124A05FZX,0.0,16.29,16.29,2699.0,461.43,21.779,0.0,1.0985,1.0985,prepaid,0.439,71.508,0.0,0.0,0.0,84.37944,-521.394,"",'132837281932136890603,2026-05-04,11102398194,b1acb06e-dced-4541-bb2f-78ea7241110c,100153673555,Reverse,100047669221,1000013758429,11504,651.42,5.0,1921.0,0.0,1921.0,return_refund,0.0,0.0,0.0,0.0,0.0,0.0,0.0,0.0,NA,0,777.9999999999999
NFT-/XUTR/DEUTH026124A05FZX,18.48,0.0,0.0,1599.0,388.0,18.314,1.848,0.0,0.0,prepaid,0.37,182.0,0.0,0.0,0.0,214.76,-582.228,"",'132793895106971835101,2026-05-04,11093131794,9f803099-e6ac-4323-b3f4-01a95ac51781,100154485409,Reverse,100038402838,1000010970763,11504,369.52,5.0,1152.0,0.0,1152.0,return_refund,0.0,0.0,0.0,0.0,0.0,0.0,0.0,0.0,NA,0,447.0
NFT-/XUTR/DEUTH026124A05FZX,18.48,0.0,0.0,1599.0,388.0,18.314,1.848,0.0,0.0,prepaid,0.37,0.0,0.0,0.0,0.0,0.0,367.468,"",'132793895106971835101,2026-05-04,11093131794,9f803099-e6ac-4323-b3f4-01a95ac51781,"",Forward,100038402838,1000010970763,11504,369.52,5.0,1152.0,0.0,1152.0,packet_delivered,0.0,0.0,0.0,0.0,0.0,0.0,0.0,0.0,NA,0,447.0
NFT-/XUTR/DEUTH026124A05FZX,34.05,0.0,0.0,1799.0,715.0,185.614,3.405,0.0,0.0,prepaid,0.681,0.0,0.0,27.0,0.0,31.86,493.44,"",'132789964559177215303,2026-05-04,11092562037,c247c80f-7225-4019-be96-3fd2a58d9b7c,"",Forward,100037833082,1000010726751,11504,680.95,5.0,990.0,0.0,990.0,packet_delivered,0.0,0.0,0.0,0.0,0.0,0.0,0.0,0.0,NA,0,809.0
NFT-/XUTR/DEUTH026124A05FZX,33.57,0.0,0.0,1599.0,209.15,54.295,0.996,0.0,0.0,prepaid,0.199,0.0,0.0,8.01,0.0,9.4518,144.208,"",'132811166126291629503,2026-05-04,11096946657,af3d9a92-f4cc-4442-be47-9a067a418c91,"",Forward,100042217697,100042217697,11504,671.43,5.0,800.0,0.0,800.0,packet_delivered,0.0,0.0,0.0,0.0,0.0,0.0,0.0,0.0,NA,0,799.0
NFT-/XUTR/DEUTH026124A05FZX,51.81,0.0,0.0,1799.0,1088.0,256.768,5.181,0.0,0.0,prepaid,1.036,167.0,0.0,0.0,0.0,197.06,-1022.075,"",'132766649436869238303,2026-05-04,11086743152,6799df8a-d39b-4c31-ae22-edf366f9b790,100155758821,Reverse,100032014206,1000009035741,11504,1036.19,5.0,540.0,0.0,540.0,return_refund,0.0,0.0,0.0,0.0,0.0,0.0,0.0,0.0,NA,0,1259.0
NFT-/XUTR/DEUTH026124A05FZX,33.52,0.0,0.0,1699.0,704.0,182.758,3.352,0.0,0.0,prepaid,0.67,167.0,0.0,0.0,0.0,197.06,-714.28,"",'132775472553278083501,2026-05-04,11088649514,307a49c3-892b-4a71-bb4e-34b97c3f90e3,100152779382,Reverse,100033920567,1000009642994,11504,670.48,5.0,901.0,0.0,901.0,return_refund,0.0,0.0,0.0,0.0,0.0,0.0,0.0,0.0,NA,0,798.0
NFT-/XUTR/DEUTH026124A05FZX,40.29,0.0,0.0,2750.0,846.0,219.622,4.029,0.0,0.0,prepaid,0.806,0.0,0.0,27.0,0.0,31.86,589.683,"",'132829192427738923803,2026-05-04,11100759694,41ca834a-ff21-466b-b9a2-6b157ae91c95,"",Forward,100046030727,100046030727,11504,805.71,5.0,1733.0,0.0,1733.0,packet_delivered,0.0,0.0,0.0,0.0,0.0,0.0,0.0,0.0,NA,0,1017.0
NFT-/XUTR/DEUTH026124A05FZX,37.19,0.0,0.0,1750.0,781.0,202.748,3.719,0.0,0.0,prepaid,0.744,167.0,0.0,0.0,0.0,197.06,-770.849,"",'132788051858884926901,2026-05-04,11091830898,806ca848-e0e3-4072-b4d5-b363b7556617,11091830898,Reverse,100037101943,1000010586939,11504,743.81,5.0,875.0,0.0,875.0,exchange,0.0,0.0,0.0,0.0,0.0,0.0,0.0,0.0,NA,0,875.0
NFT-/XUTR/DEUTH026124A05FZX,19.1,0.0,0.0,1650.0,401.0,18.927,1.91,0.0,0.0,prepaid,0.382,182.0,0.0,0.0,0.0,214.76,-594.541,"",'132803518928426478703,2026-05-04,11095319049,585e6933-1445-4c1e-8fe1-05d1fdd42017,100155453258,Reverse,100040590091,100040590091,11504,381.9,5.0,1155.0,0.0,1155.0,return_refund,0.0,0.0,0.0,0.0,0.0,0.0,0.0,0.0,NA,0,495.0
NFT-/XUTR/DEUTH026124A05FZX,39.57,0.0,0.0,1850.0,831.0,215.728,3.957,0.0,0.0,prepaid,0.791,167.0,0.0,0.0,0.0,197.06,-807.584,"",'132788977431398665801,2026-05-04,11092147215,0a33f50e-5e3c-4e58-8cb7-a7e8ca75a5e7,100152923848,Reverse,100037418260,1000010655773,11504,791.43,5.0,925.0,0.0,925.0,return_refund,0.0,0.0,0.0,0.0,0.0,0.0,0.0,0.0,NA,0,925.0
NFT-/XUTR/DEUTH026124A05FZX,59.71,0.0,0.0,2999.0,1254.0,310.741,5.971,0.0,0.0,prepaid,1.194,106.0,0.0,0.0,0.0,125.08,-1061.174,"",'132835368578006272401,2026-05-04,11102004628,b5e12b55-2faa-4a7b-965a-4f7d5cf5e507,100153207615,Reverse,100047275655,100047275655,11504,1194.29,5.0,1574.0,0.0,1574.0,return_refund,0.0,0.0,0.0,0.0,0.0,0.0,0.0,0.0,NA,0,1425.0
NFT-/XUTR/DEUTH026124A05FZX,45.52,0.0,0.0,2399.0,956.0,248.178,4.552,0.0,0.0,prepaid,0.91,0.0,0.0,27.0,0.0,31.86,670.5,"",'132780042695286614201,2026-05-04,11089971012,0e335059-5409-4320-b1b2-0eb31baf5bf3,"",Forward,100035242063,1000010360638,11504,910.48,5.0,1272.0,0.0,1272.0,packet_delivered,0.0,0.0,0.0,0.0,0.0,0.0,0.0,0.0,NA,0,1127.0
NFT-/XUTR/DEUTH026124A05FZX,38.0,0.0,0.0,1899.0,798.0,207.161,3.8,0.0,0.0,prepaid,0.76,0.0,0.0,27.0,0.0,31.86,554.419,"",'132786128897961360903,2026-05-04,11091204261,b7406388-594a-4b9f-8fd9-d6d08c01f718,"",Forward,100036475306,1000010979724,11504,760,5.0,1007.0,0.0,1007.0,packet_delivered,0.0,0.0,0.0,0.0,0.0,0.0,0.0,0.0,NA,0,892.0
NFT-/XUTR/DEUTH026124A05FZX,31.19,0.0,0.0,1499.0,655.0,170.038,3.119,0.0,0.0,prepaid,0.624,0.0,0.0,27.0,0.0,31.86,449.359,"",'132798736156800981703,2026-05-04,11094561449,0218f464-0c77-40e2-ae60-700a2c627ac0,"",Forward,100039832491,1000011597529,11504,623.81,5.0,750.0,0.0,750.0,packet_delivered,0.0,0.0,0.0,0.0,0.0,0.0,0.0,0.0,NA,0,749.0
NFT-/XUTR/DEUTH026124A05FZX,24.05,0.0,0.0,1499.0,305.00600000000003,79.18,1.452,0.0,0.0,prepaid,0.29,109.923,0.0,0.0,0.0,129.70914,-353.793,"",'132812665834549342301,2026-05-04,11097341316,d5917b2b-61f2-483b-b8c2-d80b9d85f7f7,100153415445,Reverse,100042612356,100042612356,11504,480.95,5.0,900.0,0.0,900.0,return_refund,0.0,0.0,0.0,0.0,0.0,0.0,0.0,0.0,NA,0,599.01
NFT-/XUTR/DEUTH026124A05FZX,58.48,0.0,0.0,1999.0,1228.0,289.808,5.848,0.0,0.0,prepaid,1.17,0.0,0.0,45.0,0.0,53.1,878.074,"",'132784812515656326101,2026-05-04,11090768819,ecbc32c6-f317-457f-8e0c-550a9116fb86,"",Forward,100036039866,100036039866,11504,1169.52,5.0,600.0,0.0,600.0,packet_delivered,0.0,0.0,0.0,0.0,0.0,0.0,0.0,0.0,NA,0,1399.0
NFT-/XUTR/DEUTH026124A05FZX,49.95,0.0,0.0,3299.0,1049.0,259.942,4.995,0.0,0.0,prepaid,0.999,0.0,0.0,45.0,0.0,53.1,729.964,"",'132786748606095249601,2026-05-04,11091409935,9fd55c0a-b10c-4158-a5af-f6423319353d,"",Forward,100036680980,100036680980,11504,999.05,5.0,2079.0,0.0,2079.0,packet_delivered,0.0,0.0,0.0,0.0,0.0,0.0,0.0,0.0,NA,0,1220.0
NFT-/XUTR/DEUTH026124A05FZX,40.71,0.0,0.0,1899.0,855.0,221.958,4.071,0.0,0.0,prepaid,0.814,0.0,0.0,27.0,0.0,31.86,596.297,"",'132775472553278083501,2026-05-04,11088649513,307a49c3-892b-4a71-bb4e-34b97c3f90e3,"",Forward,100033920566,1000009642994,11504,814.29,5.0,950.0,0.0,950.0,packet_delivered,0.0,0.0,0.0,0.0,0.0,0.0,0.0,0.0,NA,0,949.0
NFT-/XUTR/DEUTH026124A05FZX,33.52,0.0,0.0,1699.0,704.0,182.758,3.352,0.0,0.0,prepaid,0.67,0.0,0.0,27.0,0.0,31.86,485.36,"",'132815011271548942203,2026-05-04,11097954218,3f333400-76e5-4ef2-9535-18655de1cc13,"",Forward,100043225254,100043225254,11504,670.48,5.0,901.0,0.0,901.0,packet_delivered,0.0,0.0,0.0,0.0,0.0,0.0,0.0,0.0,NA,0,798.0
NFT-/XUTR/DEUTH026124A05FZX,42.91,0.0,0.0,2899.0,901.0,233.9,4.29,0.0,0.0,prepaid,0.858,0.0,0.0,27.0,0.0,31.86,630.092,"",'132780956278528910403,2026-05-04,11090278652,656ebc36-e872-4692-b474-820b0e9ee6a6,"",Forward,100035549703,1000010362627,11504,858.1,5.0,1827.0,0.0,1827.0,packet_delivered,0.0,0.0,0.0,0.0,0.0,0.0,0.0,0.0,NA,0,1072.01
NFT-/XUTR/DEUTH026124A05FZX,51.81,0.0,0.0,1799.0,1088.0,256.768,5.181,0.0,0.0,prepaid,1.036,0.0,0.0,45.0,0.0,53.1,771.915,"",'132822360758881016403,2026-05-04,11099385188,508cfe4d-84b5-433c-86b1-de94229761cf,"",Forward,100044656222,100044656222,11504,1036.19,5.0,540.0,0.0,540.0,packet_delivered,0.0,0.0,0.0,0.0,0.0,0.0,0.0,0.0,NA,0,1259.0
NFT-/XUTR/DEUTH026124A05FZX,40.14,0.0,0.0,3499.0,843.0,218.843,4.014,0.0,0.0,prepaid,0.803,182.0,0.0,0.0,0.0,214.76,-834.1,"",'132815896889017347401,2026-05-04,11098258798,ecb9a971-5ca5-4616-bdae-6ec04bc31db2,100153299926,Reverse,100043529834,100043529834,11504,802.86,5.0,2485.0,0.0,2485.0,return_refund,0.0,0.0,0.0,0.0,0.0,0.0,0.0,0.0,NA,0,1013.99
NFT-/XUTR/DEUTH026124A05FZX,44.67,0.0,0.0,2999.0,938.0,243.505,4.467,0.0,0.0,prepaid,0.893,0.0,0.0,27.0,0.0,31.86,657.275,"",'132794695167920232301,2026-05-04,11093363586,01ecdeb4-9665-4e52-a54b-d999e2d3d196,"",Forward,100038634631,100038634631,11504,893.33,5.0,1890.0,0.0,1890.0,packet_delivered,0.0,0.0,0.0,0.0,0.0,0.0,0.0,0.0,NA,0,1109.0
NFT-/XUTR/DEUTH026124A05FZX,51.81,0.0,0.0,1799.0,1088.0,256.768,5.181,0.0,0.0,prepaid,1.036,0.0,0.0,45.0,0.0,53.1,771.915,"",'132811642422837646201,2026-05-04,11097074026,95e0dc4e-0dd7-433e-a21a-a2b8bf7c8fca,"",Forward,100042345066,100042345066,11504,1036.19,5.0,540.0,0.0,540.0,packet_delivered,0.0,0.0,0.0,0.0,0.0,0.0,0.0,0.0,NA,0,1259.0
NFT-/XUTR/DEUTH026124A05FZX,48.48,0.0,0.0,1699.0,1018.0,240.248,4.848,0.0,0.0,prepaid,0.97,0.0,0.0,45.0,0.0,53.1,718.834,"",'132771252416674687403,2026-05-04,11087966533,ae06e65a-da33-4269-b2f9-1eadb4ea558d,"",Forward,100033237586,100033237586,11504,969.52,5.0,510.0,0.0,510.0,packet_delivered,0.0,0.0,0.0,0.0,0.0,0.0,0.0,0.0,NA,0,1189.0
NFT-/XUTR/DEUTH026124A05FZX,72.76,0.0,0.0,3399.0,1528.0,378.638,7.276,0.0,0.0,prepaid,1.455,0.0,0.0,45.0,0.0,53.1,1087.531,"",'132812711789688863701,2026-05-04,11097353723,186f34ca-ea45-4a49-8e94-0c1f3befa59e,"",Forward,100042624762,1000012692885,11504,1455.24,5.0,1700.0,0.0,1700.0,packet_delivered,0.0,0.0,0.0,0.0,0.0,0.0,0.0,0.0,NA,0,1699.0
NFT-/XUTR/DEUTH026124A05FZX,40.71,0.0,0.0,1899.0,855.0,221.958,4.071,0.0,0.0,prepaid,0.814,106.0,0.0,0.0,0.0,125.08,-753.237,"",'132824197206923893701,2026-05-04,11100005147,7d57c36e-4582-4811-b096-b7cd21b5d388,11100005147,Reverse,100045276180,1000012995229,11504,814.29,5.0,950.0,0.0,950.0,exchange,0.0,0.0,0.0,0.0,0.0,0.0,0.0,0.0,NA,0,949.0
NFT-/XUTR/DEUTH026124A05FZX,51.81,0.0,0.0,1799.0,1088.0,256.768,5.181,0.0,0.0,prepaid,1.036,0.0,0.0,45.0,0.0,53.1,771.915,"",'132795510724089665501,2026-05-04,11093598732,710d5782-bebc-4454-a300-d8993c0c2f9e,"",Forward,100038869776,100038869776,11504,1036.19,5.0,540.0,0.0,540.0,packet_delivered,0.0,0.0,0.0,0.0,0.0,0.0,0.0,0.0,NA,0,1259.0
NFT-/XUTR/DEUTH026124A05FZX,20.05,0.0,0.0,1599.0,421.0,19.871,2.005,0.0,0.0,prepaid,0.401,0.0,0.0,15.0,0.0,17.7,381.023,"",'132840217379069327301,2026-05-04,11103218253,5d5b4cfe-d230-4939-bdf7-0866f7e01885,"",Forward,100048489262,100048489262,11504,400.95,5.0,1084.0,0.0,1084.0,packet_delivered,0.0,0.0,0.0,0.0,0.0,0.0,0.0,0.0,NA,0,514.98
NFT-/XUTR/DEUTH026124A05FZX,90.1,0.0,0.0,2099.0,1892.0,468.838,9.01,0.0,0.0,prepaid,1.802,0.0,0.0,45.0,0.0,53.1,1359.25,"",'132773284561195508803,2026-05-04,11088514457,92e7fc4e-0d81-44f6-a10e-7ad89f0c63c8,"",Forward,100033785510,100033785510,11504,1801.9,5.0,1.0,0.0,1.0,packet_delivered,0.0,0.0,0.0,0.0,0.0,0.0,0.0,0.0,NA,0,2098.0
NFT-/XUTR/DEUTH026124A05FZX,38.33,0.0,0.0,1799.0,805.0,208.978,3.833,0.0,0.0,prepaid,0.767,0.0,0.0,27.0,0.0,31.86,559.562,"",'132793901326922065903,2026-05-04,11093133601,fc933c4c-7800-4dfc-bfa1-450d29abb553,"",Forward,100038404645,100038404645,11504,766.67,5.0,900.0,0.0,900.0,packet_delivered,0.0,0.0,0.0,0.0,0.0,0.0,0.0,0.0,NA,0,898.99
NFT-/XUTR/DEUTH026124A05FZX,18.95,0.0,0.0,1699.0,397.99999999999994,18.786,1.895,0.0,0.0,prepaid,0.379,167.0,0.0,0.0,0.0,197.06,-574.0,"",'132776478851126481901,2026-05-04,11088894221,31398320-b57f-4585-8bfc-cca7d5e34124,100152141929,Reverse,100034165273,1000009727914,11504,379.05,5.0,1207.0,0.0,1207.0,return_refund,0.0,0.0,0.0,0.0,0.0,0.0,0.0,0.0,NA,0,492.0
NFT-/XUTR/DEUTH026124A05FZX,34.05,0.0,0.0,1799.0,715.0,185.614,3.405,0.0,0.0,prepaid,0.681,167.0,0.0,0.0,0.0,197.06,-722.36,"",'132787193295065039803,2026-05-04,11091553276,55747bca-1c89-4bca-aa45-cde503a393fa,11091553276,Reverse,100036824321,100036824321,11504,680.95,5.0,990.0,0.0,990.0,exchange,0.0,0.0,0.0,0.0,0.0,0.0,0.0,0.0,NA,0,809.0
NFT-/XUTR/DEUTH026124A05FZX,18.95,0.0,0.0,1699.0,398.0,18.786,1.895,0.0,0.0,prepaid,0.379,182.0,0.0,0.0,0.0,214.76,-591.7,"",'132803161271856095203,2026-05-04,11095212015,fd218630-ebfb-4881-b48e-904ead654928,100153264616,Reverse,100040483057,100040483057,11504,379.05,5.0,1207.0,0.0,1207.0,return_refund,0.0,0.0,0.0,0.0,0.0,0.0,0.0,0.0,NA,0,492.0
NFT-/XUTR/DEUTH026124A05FZX,56.1,0.0,0.0,2999.0,1178.0,291.908,5.61,0.0,0.0,prepaid,1.122,106.0,0.0,0.0,0.0,125.08,-1004.44,"",'132818521835349966601,2026-05-04,11098437835,85380da1-bd81-4931-8e47-30796fa3f8ba,100155524873,Reverse,100043708871,100043708871,11504,1121.9,5.0,1650.0,0.0,1650.0,return_refund,0.0,0.0,0.0,0.0,0.0,0.0,0.0,0.0,NA,0,1348.99
NFT-/XUTR/DEUTH026124A05FZX,63.24,0.0,0.0,2999.0,1328.0,329.078,6.324,0.0,0.0,prepaid,1.265,0.0,0.0,45.0,0.0,53.1,938.233,"",'132789595851324579803,2026-05-04,11092410414,09fb364d-4930-4c82-85d6-58a68dbd9e7c,"",Forward,100037681459,100037681459,11504,1264.76,5.0,1500.0,0.0,1500.0,packet_delivered,0.0,0.0,0.0,0.0,0.0,0.0,0.0,0.0,NA,0,1499.0
NFT-/XUTR/DEUTH026124A05FZX,19.1,0.0,0.0,1650.0,401.0,18.927,1.91,0.0,0.0,prepaid,0.382,0.0,0.0,15.0,0.0,17.7,362.081,"",'132803518928426478703,2026-05-04,11095319049,585e6933-1445-4c1e-8fe1-05d1fdd42017,"",Forward,100040590091,100040590091,11504,381.9,5.0,1155.0,0.0,1155.0,packet_delivered,0.0,0.0,0.0,0.0,0.0,0.0,0.0,0.0,NA,0,495.0
NFT-/XUTR/DEUTH026124A05FZX,63.24,0.0,0.0,2999.0,1328.0,329.078,6.324,0.0,0.0,prepaid,1.265,0.0,0.0,45.0,0.0,53.1,938.233,"",'132805526788134193703,2026-05-04,11095886343,0e461dc3-a2ab-4ba7-81b2-2acf4080e31b,"",Forward,100041157384,100041157384,11504,1264.76,5.0,1500.0,0.0,1500.0,packet_delivered,0.0,0.0,0.0,0.0,0.0,0.0,0.0,0.0,NA,0,1499.0
NFT-/XUTR/DEUTH026124A05FZX,70.38,0.0,0.0,3299.0,1478.0,366.248,7.038,0.0,0.0,prepaid,1.408,0.0,0.0,45.0,0.0,53.1,1050.206,"",'132812234437458450203,2026-05-04,11097227384,2bd798e2-4b44-4843-8da6-0a096128d80c,"",Forward,100042498424,1000012690992,11504,1407.62,5.0,1650.0,0.0,1650.0,packet_delivered,0.0,0.0,0.0,0.0,0.0,0.0,0.0,0.0,NA,0,1649.0
NFT-/XUTR/DEUTH026124A05FZX,62.29,0.0,0.0,3999.0,1308.0,324.122,6.229,0.0,0.0,prepaid,1.246,0.0,0.0,45.0,0.0,53.1,923.303,"",'132815212580485260103,2026-05-04,11098030669,398d50f7-6d8b-4582-be85-90757c1abef8,"",Forward,100043301705,100043301705,11504,1245.71,5.0,2520.0,0.0,2520.0,packet_delivered,0.0,0.0,0.0,0.0,0.0,0.0,0.0,0.0,NA,0,1479.0
NFT-/XUTR/DEUTH026124A05FZX,31.19,0.0,0.0,1499.0,655.0,170.038,3.119,0.0,0.0,prepaid,0.624,0.0,0.0,27.0,0.0,31.86,449.359,"",'132819576181526430003,2026-05-04,11098648130,b1871615-9bc3-43ff-9421-3c4677674ecd,"",Forward,100043919165,100043919165,11504,623.81,5.0,750.0,0.0,750.0,packet_delivered,0.0,0.0,0.0,0.0,0.0,0.0,0.0,0.0,NA,0,749.0
NFT-/XUTR/DEUTH026124A05FZX,90.1,0.0,0.0,2099.0,1892.0,468.838,9.01,0.0,0.0,prepaid,1.802,167.0,0.0,0.0,0.0,197.06,-1609.41,"",'132778831300792838601,2026-05-04,11089619263,50e53690-07ce-458d-b673-b4664e8f8a9b,100152825165,Reverse,100034890315,100034890315,11504,1801.9,5.0,1.0,0.0,1.0,return_refund,0.0,0.0,0.0,0.0,0.0,0.0,0.0,0.0,NA,0,2098.0
NFT-/XUTR/DEUTH026124A05FZX,43.1,0.0,0.0,1999.0,905.0,234.938,4.31,0.0,0.0,prepaid,0.862,0.0,0.0,27.0,0.0,31.86,633.03,"",'132779646859442688703,2026-05-04,11089852798,24b52197-86c5-4d71-873f-d01f0bc54c18,"",Forward,100035123849,100035123849,11504,861.9,5.0,1000.0,0.0,1000.0,packet_delivered,0.0,0.0,0.0,0.0,0.0,0.0,0.0,0.0,NA,0,999.0
NFT-/XUTR/DEUTH026124A05FZX,28.1,0.0,0.0,1850.0,590.0,153.164,2.81,0.0,0.0,prepaid,0.562,0.0,0.0,27.0,0.0,31.86,401.604,"",'132797348657240135801,2026-05-04,11094106894,67020de1-a244-4cc5-9273-5bd66eab58ee,"",Forward,100039377936,100039377936,11504,561.9,5.0,1166.0,0.0,1166.0,packet_delivered,0.0,0.0,0.0,0.0,0.0,0.0,0.0,0.0,NA,0,684.0
NFT-/XUTR/DEUTH026124A05FZX,0.0,25.88,25.88,1799.0,1087.0,256.532,0.0,2.588,2.588,prepaid,1.035,0.0,0.0,45.0,0.0,53.1,771.157,"",'132840229988577656001,2026-05-04,11103221527,00735f9c-18bd-4d03-a9a2-f87aedbd8f5f,"",Forward,100048492536,1000013953731,11504,1035.24,5.0,541.0,0.0,541.0,packet_delivered,0.0,0.0,0.0,0.0,0.0,0.0,0.0,0.0,NA,0,1258.0000000000002
NFT-/XUTR/DEUTH026124A05FZX,75.19,0.0,0.0,1750.0,1579.0,372.644,7.519,0.0,0.0,prepaid,1.504,0.0,0.0,45.0,0.0,53.1,1144.233,"",'132793367637059116703,2026-05-04,11092986021,389c473d-06ba-4bdf-8082-992b008ee20f,"",Forward,100038257065,100038257065,11504,1503.81,5.0,0.0,0.0,0.0,packet_delivered,0.0,0.0,0.0,0.0,0.0,0.0,0.0,0.0,NA,0,1750.0
NFT-/XUTR/DEUTH026124A05FZX,33.52,0.0,0.0,1699.0,189.36,49.158,0.902,0.0,0.0,prepaid,0.18,0.0,0.0,7.262,0.0,8.56916,130.551,"",'132801603147519854501,2026-05-04,11094774580,7617efcf-2d94-4513-8a67-584845bba81e,"",Forward,100040045622,1000011461397,11504,670.48,5.0,901.0,0.0,901.0,packet_delivered,0.0,0.0,0.0,0.0,0.0,0.0,0.0,0.0,NA,0,798.0
NFT-/XUTR/DEUTH026124A05FZX,42.62,0.0,0.0,3299.0,895.0,42.244,4.262,0.0,0.0,prepaid,0.852,0.0,0.0,38.0,0.0,44.84,802.802,"",'132802843880609851703,2026-05-04,11095111312,6aa64c09-a0f3-43c8-aae0-014dacf3e759,"",Forward,100040382354,100040382354,11504,852.38,5.0,2310.0,0.0,2310.0,packet_delivered,0.0,0.0,0.0,0.0,0.0,0.0,0.0,0.0,NA,0,989.0
NFT-/XUTR/DEUTH026124A05FZX,18.95,0.0,0.0,1699.0,398.0,18.786,1.895,0.0,0.0,prepaid,0.379,0.0,0.0,0.0,0.0,0.0,376.94,"",'132806204946268961001,2026-05-04,11096109995,ea2b6899-367e-44fa-9b82-a8f4f8c54b5d,"",Forward,100041381036,100041381036,11504,379.05,5.0,1207.0,0.0,1207.0,packet_delivered,0.0,0.0,0.0,0.0,0.0,0.0,0.0,0.0,NA,0,492.0
NFT-/XUTR/DEUTH026124A05FZX,103.48,0.0,0.0,3399.0,2173.0,512.828,10.348,0.0,0.0,prepaid,2.07,182.0,0.0,0.0,0.0,214.76,-1862.514,"",'132815278958152315001,2026-05-04,11098055805,d3db8690-c10a-4ecb-8c67-0e2ce03e527b,100153466376,Reverse,100043326841,100043326841,11504,2069.52,5.0,1020.0,0.0,1020.0,return_refund,0.0,0.0,0.0,0.0,0.0,0.0,0.0,0.0,NA,0,2379.0
NFT-/XUTR/DEUTH026124A05FZX,82.29,0.0,0.0,1899.0,1728.0,407.808,8.229,0.0,0.0,prepaid,1.646,0.0,0.0,45.0,0.0,53.1,1257.217,"",'132769193242883390003,2026-05-04,11087405634,3e63c21a-1574-465e-af35-101660894031,"",Forward,100032676687,100032676687,11504,1645.71,5.0,0.0,0.0,0.0,packet_delivered,0.0,0.0,0.0,0.0,0.0,0.0,0.0,0.0,NA,0,1899.0
NFT-/XUTR/DEUTH026124A05FZX,38.33,0.0,0.0,1799.0,805.0,208.978,3.833,0.0,0.0,prepaid,0.767,106.0,0.0,0.0,0.0,125.08,-716.502,"",'132815606978022298201,2026-05-04,11098183837,3ffedd93-7367-4128-aed3-26aadca06ae8,100152475295,Reverse,100043454873,100043454873,11504,766.67,5.0,900.0,0.0,900.0,return_refund,0.0,0.0,0.0,0.0,0.0,0.0,0.0,0.0,NA,0,899.0
NFT-/XUTR/DEUTH026124A05FZX,90.14,0.0,0.0,2999.0,450.172,111.553,2.144,0.0,0.0,prepaid,0.429,0.0,0.0,10.701,0.0,12.62718,323.419,"",'132803797510916791001,2026-05-04,11095397692,bd01d622-352a-4765-b09a-f7cd0a18af3d,"",Forward,100040668734,100040668734,11504,1802.86,5.0,900.0,0.0,900.0,packet_delivered,0.0,0.0,0.0,0.0,0.0,0.0,0.0,0.0,NA,0,2099.01
NFT-/XUTR/DEUTH026124A05FZX,41.05,0.0,0.0,2899.0,862.0,223.775,4.105,0.0,0.0,prepaid,0.821,0.0,0.0,27.0,0.0,31.86,601.439,"",'132777083238758394503,2026-05-04,11089094426,7461dd61-9117-4055-bdb6-100a9a7c9bf0,"",Forward,100034365478,100034365478,11504,820.95,5.0,1943.0,0.0,1943.0,packet_delivered,0.0,0.0,0.0,0.0,0.0,0.0,0.0,0.0,NA,0,956.0
NFT-/XUTR/DEUTH026124A05FZX,18.57,0.0,0.0,1499.0,390.0,18.408,1.857,0.0,0.0,prepaid,0.371,0.0,0.0,0.0,0.0,0.0,369.364,"",'132778363646196331803,2026-05-04,11089483751,7973df82-6ec0-4a2e-bc0a-a6152daa0dfc,"",Forward,100034754803,1000009916677,11504,371.43,5.0,1050.0,0.0,1050.0,packet_delivered,0.0,0.0,0.0,0.0,0.0,0.0,0.0,0.0,NA,0,449.0
NFT-/XUTR/DEUTH026124A05FZX,0.0,17.98,17.98,1699.0,755.0,195.998,0.0,1.7975,1.7975,prepaid,0.719,106.0,0.0,0.0,0.0,125.08,-679.768,"",'132822888400681796703,2026-05-04,11099539641,e1cedf03-5f45-4cbc-9bb3-47ce73d1770b,100152992243,Reverse,100044810675,100044810675,11504,719.04,5.0,850.0,0.0,850.0,return_refund,0.0,0.0,0.0,0.0,0.0,0.0,0.0,0.0,NA,0,849.0
NFT-/XUTR/DEUTH026124A05FZX,35.76,0.0,0.0,1799.0,751.0,194.96,3.576,0.0,0.0,prepaid,0.715,0.0,0.0,27.0,0.0,31.86,519.889,"",'132794783661728851103,2026-05-04,11093389112,54d83643-deff-42b7-a451-4eed704656fc,"",Forward,100038660156,1000011050406,11504,715.24,5.0,954.0,0.0,954.0,packet_delivered,0.0,0.0,0.0,0.0,0.0,0.0,0.0,0.0,NA,0,845.0
NFT-/XUTR/DEUTH026124A05FZX,38.33,0.0,0.0,1799.0,805.0,208.978,3.833,0.0,0.0,prepaid,0.767,0.0,0.0,27.0,0.0,31.86,559.562,"",'132810942155978842703,2026-05-04,11096889503,e79efa47-017e-457a-8879-6f7bee1ed986,"",Forward,100042160544,100042160544,11504,766.67,5.0,900.0,0.0,900.0,packet_delivered,0.0,0.0,0.0,0.0,0.0,0.0,0.0,0.0,NA,0,899.0
NFT-/XUTR/DEUTH026124A05FZX,19.05,0.0,0.0,1499.0,400.0,18.88,1.905,0.0,0.0,prepaid,0.381,0.0,0.0,0.0,0.0,0.0,378.834,"",'132828728322388928703,2026-05-04,11100633455,e14e91f9-68f9-4238-a8db-722dfa2d19f4,"",Forward,100045904488,100045904488,11504,380.95,5.0,1005.0,0.0,1005.0,packet_delivered,0.0,0.0,0.0,0.0,0.0,0.0,0.0,0.0,NA,0,493.98
NFT-/XUTR/DEUTH026124A05FZX,34.81,0.0,0.0,1650.0,731.0,189.768,3.481,0.0,0.0,prepaid,0.696,167.0,0.0,0.0,0.0,197.06,-734.115,"",'132787762811089660201,2026-05-04,11091735267,ce5239f6-7bb6-4006-b148-3f7eb50f324e,100152833797,Reverse,100037006312,100037006312,11504,696.19,5.0,825.0,0.0,825.0,return_refund,0.0,0.0,0.0,0.0,0.0,0.0,0.0,0.0,NA,0,825.0
NFT-/XUTR/DEUTH026124A05FZX,87.05,0.0,0.0,1999.0,27.16,6.41,0.129,0.0,0.0,prepaid,0.026,0.0,0.0,0.669,0.0,0.78942,19.806,"",'132790265347420437801,2026-05-04,11092652411,3d594556-32bd-406c-b9e2-90a8c34a1f83,"",Forward,100037923456,100037923456,11504,1740.95,5.0,0.0,0.0,0.0,packet_delivered,0.0,0.0,0.0,0.0,0.0,0.0,0.0,0.0,NA,0,1999.01
NFT-/XUTR/DEUTH026124A05FZX,60.86,0.0,0.0,2899.0,1278.0,316.688,6.086,0.0,0.0,prepaid,1.217,182.0,0.0,0.0,0.0,214.76,-1168.769,"",'132799096427153723903,2026-05-04,11094612013,c9e16756-d734-49ae-b0fa-b35d94ad2fea,100153546845,Reverse,100039883055,100039883055,11504,1217.14,5.0,1450.0,0.0,1450.0,return_refund,0.0,0.0,0.0,0.0,0.0,0.0,0.0,0.0,NA,0,1448.99
NFT-/XUTR/DEUTH026124A05FZX,56.71,0.0,0.0,2899.0,1191.0,295.13,5.671,0.0,0.0,prepaid,1.134,106.0,0.0,0.0,0.0,125.08,-1014.145,"",'132829446543719189503,2026-05-04,11100827272,4720b33a-103e-48b3-86fe-a48de76d3ba8,100153072804,Reverse,100046098305,1000013771346,11504,1134.29,5.0,1537.0,0.0,1537.0,return_refund,0.0,0.0,0.0,0.0,0.0,0.0,0.0,0.0,NA,0,1361.99
NFT-/XUTR/DEUTH026124A05FZX,0.0,16.74,16.74,2999.0,703.0,33.182,0.0,1.674,1.674,prepaid,0.67,106.0,0.0,0.0,0.0,125.08,-790.88,"",'132841309065513259801,2026-05-04,11103535789,bb7002a2-d6a1-443f-8e5d-22ac39fcf23e,100155301017,Reverse,100048806798,1000014276110,11504,669.52,5.0,2202.0,0.0,2202.0,return_refund,0.0,0.0,0.0,0.0,0.0,0.0,0.0,0.0,NA,0,797.0
NFT-/XUTR/DEUTH026124A05FZX,53.52,0.0,0.0,1850.0,1124.0,265.264,5.352,0.0,0.0,prepaid,1.07,0.0,0.0,45.0,0.0,53.1,799.214,"",'132789279373619977203,2026-05-04,11092269698,ceebf0e8-b10a-4ec3-83ea-50d8ac81819e,"",Forward,100037540743,100037540743,11504,1070.48,5.0,555.0,0.0,555.0,packet_delivered,0.0,0.0,0.0,0.0,0.0,0.0,0.0,0.0,NA,0,1295.0
NFT-/XUTR/DEUTH026124A05FZX,51.33,0.0,0.0,2499.0,1078.0,267.128,5.133,0.0,0.0,prepaid,1.027,182.0,0.0,0.0,0.0,214.76,-1019.472,"",'132800856227896165203,2026-05-04,11094679997,b8085c0e-0172-4282-acbd-49e8842890a1,100152671434,Reverse,100039951039,1000011606267,11504,1026.67,5.0,1250.0,0.0,1250.0,return_refund,0.0,0.0,0.0,0.0,0.0,0.0,0.0,0.0,NA,0,1249.0
NFT-/XUTR/DEUTH026124A05FZX,34.05,0.0,0.0,1799.0,715.0,185.614,3.405,0.0,0.0,prepaid,0.681,0.0,0.0,27.0,0.0,31.86,493.44,"",'132795938644311851003,2026-05-04,11093718662,941ca861-b3d9-4ccd-af1f-0d4a0ed05483,"",Forward,100038989706,100038989706,11504,680.95,5.0,990.0,0.0,990.0,packet_delivered,0.0,0.0,0.0,0.0,0.0,0.0,0.0,0.0,NA,0,808.99
NFT-/XUTR/DEUTH026124A05FZX,70.43,0.0,0.0,1650.0,1479.0,349.044,7.043,0.0,0.0,prepaid,1.409,0.0,0.0,45.0,0.0,53.1,1068.404,"",'132832726810780125803,2026-05-04,11101712086,21d3f814-1bc4-4a0a-9b77-d6a1611f2790,"",Forward,100046983113,100046983113,11504,1408.57,5.0,0.0,0.0,0.0,packet_delivered,0.0,0.0,0.0,0.0,0.0,0.0,0.0,0.0,NA,0,1650.0
NFT-/XUTR/DEUTH026124A05FZX,53.71,0.0,0.0,1950.0,1128.0,266.208,5.371,0.0,0.0,prepaid,1.074,0.0,0.0,45.0,0.0,53.1,802.247,"",'132839158071108936101,2026-05-04,11102948895,f4139b9e-ba25-4610-8019-b4c600377f70,"",Forward,100048219906,1000013909376,11504,1074.29,5.0,651.0,0.0,651.0,packet_delivered,0.0,0.0,0.0,0.0,0.0,0.0,0.0,0.0,NA,0,1299.0
NFT-/XUTR/DEUTH026124A05FZX,82.29,0.0,0.0,1899.0,1728.0,407.808,8.229,0.0,0.0,prepaid,1.646,106.0,0.0,0.0,0.0,125.08,-1435.397,"",'132819553175384605901,2026-05-04,11098642265,d5e5cba3-d422-44da-adf6-40411b8149e5,100152841219,Reverse,100043913300,1000012654851,11504,1645.71,5.0,0.0,0.0,0.0,return_refund,0.0,0.0,0.0,0.0,0.0,0.0,0.0,0.0,NA,0,1899.0
NFT-/XUTR/DEUTH026124A05FZX,70.38,0.0,0.0,3299.0,1478.0,366.248,7.038,0.0,0.0,prepaid,1.408,106.0,0.0,0.0,0.0,125.08,-1228.386,"",'132821082121820035703,2026-05-04,11099040573,2ccdcef5-7d1f-4d73-b666-c70c46fce879,100152972914,Reverse,100044311608,1000013223255,11504,1407.62,5.0,1650.0,0.0,1650.0,return_refund,0.0,0.0,0.0,0.0,0.0,0.0,0.0,0.0,NA,0,1649.0
NFT-/XUTR/DEUTH026124A05FZX,22.81,0.0,0.0,1599.0,479.00000000000006,22.609,2.281,0.0,0.0,prepaid,0.456,106.0,0.0,0.0,0.0,125.08,-578.734,"",'132833073618652489903,2026-05-04,11101822819,9f719c53-8aaa-402d-9ee0-5fd0ee79fbfa,100153091759,Reverse,100047093846,1000013784174,11504,456.19,5.0,1026.0,0.0,1026.0,return_refund,0.0,0.0,0.0,0.0,0.0,0.0,0.0,0.0,NA,0,573.0
NFT-/XUTR/DEUTH026124A05FZX,33.57,0.0,0.0,1599.0,705.0,183.018,3.357,0.0,0.0,prepaid,0.671,0.0,0.0,27.0,0.0,31.86,486.094,"",'132790423379005187403,2026-05-04,11092682195,f56f12f3-08e7-4873-8894-f9e3f8c2cc38,"",Forward,100037953241,1000011586473,11504,671.43,5.0,800.0,0.0,800.0,packet_delivered,0.0,0.0,0.0,0.0,0.0,0.0,0.0,0.0,NA,0,799.0
NFT-/XUTR/DEUTH026124A05FZX,55.14,0.0,0.0,1899.0,1158.0,273.288,5.514,0.0,0.0,prepaid,1.103,167.0,0.0,0.0,0.0,197.06,-1075.155,"",'132771301168788410703,2026-05-04,11087980663,9fbc4614-861f-4013-965a-623d53a5b534,11087980663,Reverse,100033251716,100033251716,11504,1102.86,5.0,570.0,0.0,570.0,exchange,0.0,0.0,0.0,0.0,0.0,0.0,0.0,0.0,NA,0,1329.0
NFT-/XUTR/DEUTH026124A05FZX,61.91,0.0,0.0,3299.0,1300.0,322.14,6.19,0.0,0.0,prepaid,1.238,106.0,0.0,0.0,0.0,125.08,-1095.512,"",'132839893307781036303,2026-05-04,11103135943,a3e6c824-3c9f-40c9-8136-0987e6bb4a2f,11103135943,Reverse,100048406952,1000014288109,11504,1238.1,5.0,1828.0,0.0,1828.0,exchange,0.0,0.0,0.0,0.0,0.0,0.0,0.0,0.0,NA,0,1471.0
NFT-/XUTR/DEUTH026124A05FZX,0.0,32.19,32.19,2999.0,1352.0,335.026,0.0,3.219,3.219,prepaid,1.288,0.0,0.0,45.0,0.0,53.1,956.148,"",'132841256348943722903,2026-05-04,11103518642,2d1885ec-1a1e-4c78-af91-b3fec983fe05,"",Forward,100048789651,1000014272718,11504,1287.62,5.0,1476.0,0.0,1476.0,packet_delivered,0.0,0.0,0.0,0.0,0.0,0.0,0.0,0.0,NA,0,1523.0
NFT-/XUTR/DEUTH026124A05FZX,41.33,0.0,0.0,2599.0,868.0,225.333,4.133,0.0,0.0,prepaid,0.827,182.0,0.0,0.0,0.0,214.76,-852.467,"",'132806390956572268801,2026-05-04,11096176878,79fbe5d8-5f03-45a9-a0da-b143778c9993,11096176878,Reverse,100041447919,100041447919,11504,826.67,5.0,1560.0,0.0,1560.0,exchange,0.0,0.0,0.0,0.0,0.0,0.0,0.0,0.0,NA,0,1039.0
NFT-/XUTR/DEUTH026124A05FZX,67.91,0.0,0.0,3399.0,1426.0,353.363,6.79,0.0,0.0,prepaid,1.358,0.0,0.0,45.0,0.0,53.1,1011.389,"",'132818571836253394903,2026-05-04,11098444613,f6a28316-9b47-410a-88f0-3a2b0bf63e96,"",Forward,100043715649,1000012723562,11504,1358.1,5.0,1802.0,0.0,1802.0,packet_delivered,0.0,0.0,0.0,0.0,0.0,0.0,0.0,0.0,NA,0,1597.01
NFT-/XUTR/DEUTH026124A05FZX,32.43,0.0,0.0,1650.0,681.0,176.788,3.243,0.0,0.0,prepaid,0.649,0.0,0.0,27.0,0.0,31.86,468.46,"",'132828226640686830203,2026-05-04,11100490335,451c6161-9959-47e6-9e7b-a8d1324b589b,"",Forward,100045761368,100045761368,11504,648.57,5.0,875.0,0.0,875.0,packet_delivered,0.0,0.0,0.0,0.0,0.0,0.0,0.0,0.0,NA,0,775.0
NFT-/XUTR/DEUTH026124A05FZX,59.67,0.0,0.0,2999.0,1253.0,310.493,5.967,0.0,0.0,prepaid,1.193,0.0,0.0,45.0,0.0,53.1,882.247,"",'132836284612731994503,2026-05-04,11102128632,c44278e2-f00c-4314-a4bb-3d59eaf77761,"",Forward,100047399659,100047399659,11504,1193.33,5.0,1575.0,0.0,1575.0,packet_delivered,0.0,0.0,0.0,0.0,0.0,0.0,0.0,0.0,NA,0,1424.0
NFT-/XUTR/DEUTH026124A05FZX,19.1,0.0,0.0,1599.0,400.99999999999994,18.927,1.91,0.0,0.0,prepaid,0.382,167.0,0.0,0.0,0.0,197.06,-576.841,"",'132778028194006085401,2026-05-04,11089386767,aa157de4-f63d-4c0d-87f9-2d6ce03ba48c,100152072310,Reverse,100034657819,1000009877924,11504,381.9,5.0,1104.0,0.0,1104.0,return_refund,0.0,0.0,0.0,0.0,0.0,0.0,0.0,0.0,NA,0,495.0
NFT-/XUTR/DEUTH026124A05FZX,63.24,0.0,0.0,2999.0,1328.0,329.078,6.324,0.0,0.0,prepaid,1.265,167.0,0.0,0.0,0.0,197.06,-1188.393,"",'132770382027621787701,2026-05-04,11087724654,3665d1ec-f7f4-483e-8d09-545813a6f6ed,100152851727,Reverse,100032995707,100032995707,11504,1264.76,5.0,1500.0,0.0,1500.0,return_refund,0.0,0.0,0.0,0.0,0.0,0.0,0.0,0.0,NA,0,1499.0
NFT-/XUTR/DEUTH026124A05FZX,109.19,0.0,0.0,2499.0,2293.0,514.091,10.919,0.0,0.0,prepaid,2.184,167.0,0.0,0.0,0.0,197.06,-1962.866,"",'132789633200847037203,2026-05-04,11092427023,92a5aa7f-2c53-4f52-9549-78179a81ad43,100153842117,Reverse,100037698068,100037698068,11504,2183.81,5.0,0.0,0.0,0.0,return_refund,0.0,0.0,0.0,0.0,0.0,0.0,0.0,0.0,NA,0,2499.0
NFT-/XUTR/DEUTH026124A05FZX,37.19,0.0,0.0,1750.0,781.0,202.748,3.719,0.0,0.0,prepaid,0.744,182.0,0.0,0.0,0.0,214.76,-788.549,"",'132794783661728851103,2026-05-04,11093389103,54d83643-deff-42b7-a451-4eed704656fc,100153181933,Reverse,100038660147,1000011050406,11504,743.81,5.0,875.0,0.0,875.0,return_refund,0.0,0.0,0.0,0.0,0.0,0.0,0.0,0.0,NA,0,875.0
NFT-/XUTR/DEUTH026124A05FZX,18.1,0.0,0.0,1999.0,380.0,17.936,1.81,0.0,0.0,prepaid,0.362,0.0,0.0,0.0,0.0,0.0,359.892,"",'132802391856962881103,2026-05-04,11094972633,421204c8-0870-4578-9986-f9b4877a19d5,"",Forward,100040243675,1000011535106,11504,361.9,5.0,1560.0,0.0,1560.0,packet_delivered,0.0,0.0,0.0,0.0,0.0,0.0,0.0,0.0,NA,0,439.0
NFT-/XUTR/DEUTH026124A05FZX,35.76,0.0,0.0,1799.0,751.0,194.96,3.576,0.0,0.0,prepaid,0.715,0.0,0.0,27.0,0.0,31.86,519.889,"",'132804292013430945203,2026-05-04,11095535297,8c559917-b170-47ce-867e-3b5c7a08ed50,"",Forward,100040806338,100040806338,11504,715.24,5.0,954.0,0.0,954.0,packet_delivered,0.0,0.0,0.0,0.0,0.0,0.0,0.0,0.0,NA,0,845.0
NFT-/XUTR/DEUTH026124A05FZX,29.76,0.0,0.0,1599.0,625.0,162.25,2.976,0.0,0.0,prepaid,0.595,0.0,0.0,27.0,0.0,31.86,427.319,"",'132806841467013436401,2026-05-04,11096365220,b8abf8f0-f147-467a-9994-55d00e27adb4,"",Forward,100041636261,100041636261,11504,595.24,5.0,880.0,0.0,880.0,packet_delivered,0.0,0.0,0.0,0.0,0.0,0.0,0.0,0.0,NA,0,719.0
NFT-/XUTR/DEUTH026124A05FZX,66.86,0.0,0.0,2250.0,1404.0,331.344,6.686,0.0,0.0,prepaid,1.337,0.0,0.0,45.0,0.0,53.1,1011.533,"",'132780926821824015103,2026-05-04,11090268272,dde8e7ba-447e-491f-b648-a6d7d761e3cd,"",Forward,100035539323,100035539323,11504,1337.14,5.0,675.0,0.0,675.0,packet_delivered,0.0,0.0,0.0,0.0,0.0,0.0,0.0,0.0,NA,0,1575.0
NFT-/XUTR/DEUTH026124A05FZX,42.91,0.0,0.0,2899.0,901.0,233.9,4.29,0.0,0.0,prepaid,0.858,167.0,0.0,0.0,0.0,197.06,-859.012,"",'132781475840761352503,2026-05-04,11090426275,c68d0e98-dbfa-4867-8301-a6b346f30e84,100153496826,Reverse,100035697325,1000010983851,11504,858.1,5.0,1827.0,0.0,1827.0,return_refund,0.0,0.0,0.0,0.0,0.0,0.0,0.0,0.0,NA,0,1072.01
NFT-/XUTR/DEUTH026124A05FZX,63.24,0.0,0.0,2999.0,1328.0,329.078,6.324,0.0,0.0,prepaid,1.265,182.0,0.0,0.0,0.0,214.76,-1206.093,"",'132805526788134193703,2026-05-04,11095886343,0e461dc3-a2ab-4ba7-81b2-2acf4080e31b,11095886343,Reverse,100041157384,100041157384,11504,1264.76,5.0,1500.0,0.0,1500.0,exchange,0.0,0.0,0.0,0.0,0.0,0.0,0.0,0.0,NA,0,1499.0
NFT-/XUTR/DEUTH026124A05FZX,39.52,0.0,0.0,2499.0,830.0,215.468,3.952,0.0,0.0,prepaid,0.79,0.0,0.0,27.0,0.0,31.86,577.93,"",'132823224420173382901,2026-05-04,11099634991,ee84d3ad-e687-43c5-ae2c-2c2ec9c9c9ae,"",Forward,100044906025,100044906025,11504,790.48,5.0,1575.0,0.0,1575.0,packet_delivered,0.0,0.0,0.0,0.0,0.0,0.0,0.0,0.0,NA,0,924.0
NFT-/XUTR/DEUTH026124A05FZX,56.71,0.0,0.0,2899.0,1191.0,295.13,5.671,0.0,0.0,prepaid,1.134,182.0,0.0,0.0,0.0,214.76,-1103.825,"",'132794975458785797303,2026-05-04,11093444479,8d7f4c51-6c71-4e8b-ac03-8c9afa477a8c,100153031947,Reverse,100038715523,100038715523,11504,1134.29,5.0,1537.0,0.0,1537.0,return_refund,0.0,0.0,0.0,0.0,0.0,0.0,0.0,0.0,NA,0,1362.0
NFT-/XUTR/DEUTH026124A05FZX,68.67,0.0,0.0,2425.0,1442.0,357.328,6.867,0.0,0.0,prepaid,1.373,106.0,0.0,0.0,0.0,125.08,-1201.512,"",'132843015002848557103,2026-05-04,11103812324,a46e3585-e8db-46a4-93d2-f4f846600112,100153520370,Reverse,100049083333,100049083333,11504,1373.33,5.0,812.0,0.0,812.0,return_refund,0.0,0.0,0.0,0.0,0.0,0.0,0.0,0.0,NA,0,1613.0
NFT-/XUTR/DEUTH026124A05FZX,35.95,0.0,0.0,1699.0,755.0,195.998,3.595,0.0,0.0,prepaid,0.719,0.0,0.0,27.0,0.0,31.86,522.828,"",'132790114486157520801,2026-05-04,11092612692,94503642-bd6f-4254-aec4-dbc42feb576c,"",Forward,100037883737,1000010741293,11504,719.05,5.0,850.0,0.0,850.0,packet_delivered,0.0,0.0,0.0,0.0,0.0,0.0,0.0,0.0,NA,0,849.0
NFT-/XUTR/DEUTH026124A05FZX,70.38,0.0,0.0,3299.0,1478.0,366.248,7.038,0.0,0.0,prepaid,1.408,0.0,0.0,45.0,0.0,53.1,1050.206,"",'132793453286405259101,2026-05-04,11093010252,dc7c30c8-a7f7-4fda-901b-649a986399f7,"",Forward,100038281296,100038281296,11504,1407.62,5.0,1650.0,0.0,1650.0,packet_delivered,0.0,0.0,0.0,0.0,0.0,0.0,0.0,0.0,NA,0,1649.0
NFT-/XUTR/DEUTH026124A05FZX,36.0,0.0,0.0,2299.0,756.0,35.683,3.6,0.0,0.0,prepaid,0.72,0.0,0.0,27.0,0.0,31.86,684.137,"",'132794380825891570203,2026-05-04,11093273373,a573c5ce-8ccc-4fd3-9aa5-8145bdd528db,"",Forward,100038544417,100038544417,11504,720,5.0,1449.0,0.0,1449.0,packet_delivered,0.0,0.0,0.0,0.0,0.0,0.0,0.0,0.0,NA,0,850.0
NFT-/XUTR/DEUTH026124A05FZX,40.24,0.0,0.0,1999.0,845.0,219.362,4.024,0.0,0.0,prepaid,0.805,0.0,0.0,27.0,0.0,31.86,588.949,"",'132803147937825063901,2026-05-04,11095207780,c2f47bc3-50dc-435e-9b44-0c68c05be57b,"",Forward,100040478822,100040478822,11504,804.76,5.0,1060.0,0.0,1060.0,packet_delivered,0.0,0.0,0.0,0.0,0.0,0.0,0.0,0.0,NA,0,939.0
NFT-/XUTR/DEUTH026124A05FZX,75.19,0.0,0.0,1750.0,1579.0,372.644,7.519,0.0,0.0,prepaid,1.504,0.0,0.0,45.0,0.0,53.1,1144.233,"",'132805339051398952401,2026-05-04,11095826906,c6220970-c151-4aad-80cc-ee8583b5a9df,"",Forward,100041097946,1000011782192,11504,1503.81,5.0,0.0,0.0,0.0,packet_delivered,0.0,0.0,0.0,0.0,0.0,0.0,0.0,0.0,NA,0,1750.0
NFT-/XUTR/DEUTH026124A05FZX,51.81,0.0,0.0,1799.0,1088.0,256.768,5.181,0.0,0.0,prepaid,1.036,0.0,0.0,45.0,0.0,53.1,771.915,"",'132805753729769424301,2026-05-04,11095959735,374c6aa1-0e26-42ce-a1bc-756a684616ff,"",Forward,100041230776,100041230776,11504,1036.19,5.0,540.0,0.0,540.0,packet_delivered,0.0,0.0,0.0,0.0,0.0,0.0,0.0,0.0,NA,0,1259.0
NFT-/XUTR/DEUTH026124A05FZX,35.14,0.0,0.0,1850.0,738.0,191.585,3.514,0.0,0.0,prepaid,0.703,0.0,0.0,27.0,0.0,31.86,510.338,"",'132807992737280798401,2026-05-04,11096591651,33ab2266-d0f4-4846-9615-ed27a4faafe9,"",Forward,100041862692,100041862692,11504,702.86,5.0,1018.0,0.0,1018.0,packet_delivered,0.0,0.0,0.0,0.0,0.0,0.0,0.0,0.0,NA,0,832.0
NFT-/XUTR/DEUTH026124A05FZX,19.1,0.0,0.0,1599.0,401.0,18.927,1.91,0.0,0.0,prepaid,0.382,0.0,0.0,15.0,0.0,17.7,362.081,"",'132778028194006085401,2026-05-04,11089386767,aa157de4-f63d-4c0d-87f9-2d6ce03ba48c,"",Forward,100034657819,1000009877924,11504,381.9,5.0,1104.0,0.0,1104.0,packet_delivered,0.0,0.0,0.0,0.0,0.0,0.0,0.0,0.0,NA,0,495.0
NFT-/XUTR/DEUTH026124A05FZX,51.86,0.0,0.0,1799.0,1089.0,257.004,5.186,0.0,0.0,prepaid,1.037,0.0,0.0,45.0,0.0,53.1,772.673,"",'132785494000116052103,2026-05-04,11090985700,105305bd-8b1d-469e-9f8f-992407cc5665,"",Forward,100036256747,100036256747,11504,1037.14,5.0,539.0,0.0,539.0,packet_delivered,0.0,0.0,0.0,0.0,0.0,0.0,0.0,0.0,NA,0,1260.0
NFT-/XUTR/DEUTH026124A05FZX,0.0,20.36,20.36,2499.0,780.13,202.522,0.0,1.8575,1.8575,prepaid,0.743,0.0,0.0,24.636,0.0,29.07048,544.08,"",'132802324942793407603,2026-05-04,11094952473,1dceecd2-d1a7-4382-9571-9ce411095f31,"",Forward,100040223515,100040223515,11504,814.28,5.0,1550.0,0.0,1550.0,packet_delivered,0.0,0.0,0.0,0.0,0.0,0.0,0.0,0.0,NA,0,949.0
NFT-/XUTR/DEUTH026124A05FZX,39.81,0.0,0.0,2799.0,836.0,217.026,3.981,0.0,0.0,prepaid,0.796,0.0,0.0,27.0,0.0,31.86,582.337,"",'132803812295044220503,2026-05-04,11095401766,69d31a8c-cc96-422a-b14a-6bdf3fde0902,"",Forward,100040672807,100040672807,11504,796.19,5.0,1792.0,0.0,1792.0,packet_delivered,0.0,0.0,0.0,0.0,0.0,0.0,0.0,0.0,NA,0,1007.0
NFT-/XUTR/DEUTH026124A05FZX,35.76,0.0,0.0,1799.0,751.0,194.96,3.576,0.0,0.0,prepaid,0.715,0.0,0.0,27.0,0.0,31.86,519.889,"",'132822870174103329101,2026-05-04,11099534097,1551db28-a69d-49dc-8eec-dc650b86f96c,"",Forward,100044805131,1000012893815,11504,715.24,5.0,954.0,0.0,954.0,packet_delivered,0.0,0.0,0.0,0.0,0.0,0.0,0.0,0.0,NA,0,845.0
NFT-/XUTR/DEUTH026124A05FZX,40.71,0.0,0.0,1899.0,855.0,221.958,4.071,0.0,0.0,prepaid,0.814,0.0,0.0,27.0,0.0,31.86,596.297,"",'132779732373276122501,2026-05-04,11089878552,19397c57-d0e2-4022-805e-482a2f929c65,"",Forward,100035149603,100035149603,11504,814.29,5.0,950.0,0.0,950.0,packet_delivered,0.0,0.0,0.0,0.0,0.0,0.0,0.0,0.0,NA,0,949.0
NFT-/XUTR/DEUTH026124A05FZX,34.05,0.0,0.0,1799.0,715.0,185.614,3.405,0.0,0.0,prepaid,0.681,0.0,0.0,27.0,0.0,31.86,493.44,"",'132787193295065039803,2026-05-04,11091553276,55747bca-1c89-4bca-aa45-cde503a393fa,"",Forward,100036824321,100036824321,11504,680.95,5.0,990.0,0.0,990.0,packet_delivered,0.0,0.0,0.0,0.0,0.0,0.0,0.0,0.0,NA,0,809.0
NFT-/XUTR/DEUTH026124A05FZX,38.33,0.0,0.0,1799.0,805.0,208.978,3.833,0.0,0.0,prepaid,0.767,0.0,0.0,27.0,0.0,31.86,559.562,"",'132789721294387550801,2026-05-04,11092466547,7790aafc-8a6d-473b-8c72-088aa11c960b,"",Forward,100037737592,1000011598482,11504,766.67,5.0,900.0,0.0,900.0,packet_delivered,0.0,0.0,0.0,0.0,0.0,0.0,0.0,0.0,NA,0,899.0
NFT-/XUTR/DEUTH026124A05FZX,25.43,0.0,0.0,1699.0,534.0,37.807,2.543,0.0,0.0,prepaid,0.509,0.0,0.0,27.0,0.0,31.86,461.281,"",'132780824454276813901,2026-05-04,11090232469,0386e89a-94fc-481d-b484-c61f0016bd7e,"",Forward,100035503520,100035503520,11504,508.57,5.0,1071.0,0.0,1071.0,packet_delivered,0.0,0.0,0.0,0.0,0.0,0.0,0.0,0.0,NA,0,628.0
NFT-/XUTR/DEUTH026124A05FZX,35.95,0.0,0.0,1699.0,755.0,142.544,3.595,0.0,0.0,prepaid,0.719,0.0,0.0,27.0,0.0,31.86,576.282,"",'132792265506815435203,2026-05-04,11092783471,8cc95d12-a0cf-49f8-a3a6-76cf7ed1f821,"",Forward,100038054516,1000010850183,11504,719.05,5.0,850.0,0.0,850.0,packet_delivered,0.0,0.0,0.0,0.0,0.0,0.0,0.0,0.0,NA,0,849.0
NFT-/XUTR/DEUTH026124A05FZX,44.67,0.0,0.0,2999.0,938.0,243.505,4.467,0.0,0.0,prepaid,0.893,0.0,0.0,27.0,0.0,31.86,657.275,"",'132814114561244896203,2026-05-04,11097703654,f63dacc5-f838-4f5b-8c25-9c0d17aae47f,"",Forward,100042974690,100042974690,11504,893.33,5.0,1890.0,0.0,1890.0,packet_delivered,0.0,0.0,0.0,0.0,0.0,0.0,0.0,0.0,NA,0,1109.0
NFT-/XUTR/DEUTH026124A05FZX,70.38,0.0,0.0,3299.0,269.98,66.901,1.286,0.0,0.0,prepaid,0.257,23.199,0.0,0.0,0.0,27.37482,-228.911,"",'132812986884252139701,2026-05-04,11097423999,c171cd25-e062-4849-b48d-611a5c4680a8,100154988911,Reverse,100042695039,100042695039,11504,1407.62,5.0,1650.0,0.0,1650.0,return_refund,0.0,0.0,0.0,0.0,0.0,0.0,0.0,0.0,NA,0,1649.0
NFT-/XUTR/DEUTH026124A05FZX,72.76,0.0,0.0,3399.0,1528.0,378.638,7.276,0.0,0.0,prepaid,1.455,106.0,0.0,0.0,0.0,125.08,-1265.711,"",'132813295303022570801,2026-05-04,11097500407,1f4680a2-1da8-49c8-99f2-fe9d37339749,100153088894,Reverse,100042771444,1000012698703,11504,1455.24,5.0,1700.0,0.0,1700.0,return_refund,0.0,0.0,0.0,0.0,0.0,0.0,0.0,0.0,NA,0,1699.01
NFT-/XUTR/DEUTH026124A05FZX,111.57,0.0,0.0,2999.0,2343.0,552.948,11.157,0.0,0.0,prepaid,2.231,0.0,0.0,61.0,0.0,71.98,1704.684,"",'132765936077052618601,2026-05-04,11086680021,bc8ef89a-11f1-4a89-b820-c571011f6a11,"",Forward,100031951075,100031951075,11504,2231.43,5.0,450.0,0.0,450.0,packet_delivered,0.0,0.0,0.0,0.0,0.0,0.0,0.0,0.0,NA,0,2549.0
NFT-/XUTR/DEUTH026124A05FZX,60.86,0.0,0.0,2899.0,1278.0,316.688,6.086,0.0,0.0,prepaid,1.217,0.0,0.0,45.0,0.0,53.1,900.909,"",'132805619368937230503,2026-05-04,11095915702,abbf97bf-92e3-42d1-8918-bb58790ac7e4,"",Forward,100041186743,100041186743,11504,1217.14,5.0,1450.0,0.0,1450.0,packet_delivered,0.0,0.0,0.0,0.0,0.0,0.0,0.0,0.0,NA,0,1448.99
NFT-/XUTR/DEUTH026124A05FZX,0.0,18.0,18.0,1699.0,756.0,196.258,0.0,1.8,1.8,prepaid,0.72,0.0,0.0,27.0,0.0,31.86,523.562,"",'132840229988577656001,2026-05-04,11103221524,00735f9c-18bd-4d03-a9a2-f87aedbd8f5f,"",Forward,100048492533,1000013953731,11504,720,5.0,849.0,0.0,849.0,packet_delivered,0.0,0.0,0.0,0.0,0.0,0.0,0.0,0.0,NA,0,850.0
NFT-/XUTR/DEUTH026124A05FZX,24.57,0.0,0.0,1650.0,516.0,133.954,2.457,0.0,0.0,prepaid,0.491,0.0,0.0,27.0,0.0,31.86,347.238,"",'132770906595918481503,2026-05-04,11087866077,f8d2916c-5a51-4b8f-8a3f-2afb94ef0b75,"",Forward,100033137130,100033137130,11504,491.43,5.0,1040.0,0.0,1040.0,packet_delivered,0.0,0.0,0.0,0.0,0.0,0.0,0.0,0.0,NA,0,610.0
NFT-/XUTR/DEUTH026124A05FZX,63.24,0.0,0.0,2999.0,1328.0,329.078,6.324,0.0,0.0,prepaid,1.265,0.0,0.0,45.0,0.0,53.1,938.233,"",'132782326578651112903,2026-05-04,11090515973,eeb4efd8-f72d-4739-88cd-0513bdbff460,"",Forward,100035787024,1000010989271,11504,1264.76,5.0,1500.0,0.0,1500.0,packet_delivered,0.0,0.0,0.0,0.0,0.0,0.0,0.0,0.0,NA,0,1499.0
NFT-/XUTR/DEUTH026124A05FZX,0.0,20.6,20.6,1999.0,865.0,224.554,0.0,2.0595,2.0595,prepaid,0.824,0.0,0.0,27.0,0.0,31.86,603.643,"",'132846179525100223101,2026-05-04,11104290394,d9439cad-d372-472a-88b3-6a98c36b64dd,"",Forward,100049561394,1000014294191,11504,823.8,5.0,1040.0,0.0,1040.0,packet_delivered,0.0,0.0,0.0,0.0,0.0,0.0,0.0,0.0,NA,0,959.0
NFT-/XUTR/DEUTH026124A05FZX,38.33,0.0,0.0,1799.0,805.0,208.978,3.833,0.0,0.0,prepaid,0.767,182.0,0.0,0.0,0.0,214.76,-806.182,"",'132811184528354693401,2026-05-04,11096951572,a57c5b12-5f8c-40c0-9803-584778c80aff,100153538867,Reverse,100042222612,100042222612,11504,766.67,5.0,900.0,0.0,900.0,return_refund,0.0,0.0,0.0,0.0,0.0,0.0,0.0,0.0,NA,0,899.0
NFT-/XUTR/DEUTH026124A05FZX,0.0,25.91,25.91,1799.0,1088.0,256.768,0.0,2.5905,2.5905,prepaid,1.036,127.0,0.0,0.0,0.0,149.86,-974.875,"",'132832227605119638803,2026-05-04,11101552307,3307aa86-b47e-4af5-89dd-c714c8bb2f59,11101552307,Reverse,100046823334,1000013494303,11504,1036.2,5.0,540.0,0.0,540.0,exchange,0.0,0.0,0.0,0.0,0.0,0.0,0.0,0.0,NA,0,1259.0200000000002
NFT-/XUTR/DEUTH026124A05FZX,20.62,0.0,0.0,1699.0,433.0,20.438,2.062,0.0,0.0,prepaid,0.412,0.0,0.0,19.0,0.0,22.42,387.668,"",'132827466344072270401,2026-05-04,11100324177,6b182567-a772-493c-9e8f-7b960d4f66f9,"",Forward,100045595210,1000013226080,11504,412.38,5.0,1207.0,0.0,1207.0,packet_delivered,0.0,0.0,0.0,0.0,0.0,0.0,0.0,0.0,NA,0,492.0
NFT-/XUTR/DEUTH026124A05FZX,103.48,0.0,0.0,3399.0,2173.0,512.828,10.348,0.0,0.0,prepaid,2.07,0.0,0.0,61.0,0.0,71.98,1575.774,"",'132806420461003470403,2026-05-04,11096188340,3af85a3b-f8a8-4694-ac75-193624b0bdbf,"",Forward,100041459381,100041459381,11504,2069.52,5.0,1020.0,0.0,1020.0,packet_delivered,0.0,0.0,0.0,0.0,0.0,0.0,0.0,0.0,NA,0,2378.99
NFT-/XUTR/DEUTH026124A05FZX,19.1,0.0,0.0,1599.0,400.99999999999994,18.927,1.91,0.0,0.0,prepaid,0.382,167.0,0.0,0.0,0.0,197.06,-576.841,"",'132778028194006085401,2026-05-04,11089386765,aa157de4-f63d-4c0d-87f9-2d6ce03ba48c,100152073878,Reverse,100034657816,1000009877924,11504,381.9,5.0,1104.0,0.0,1104.0,return_refund,0.0,0.0,0.0,0.0,0.0,0.0,0.0,0.0,NA,0,495.0
NFT-/XUTR/DEUTH026124A05FZX,70.1,0.0,0.0,1999.0,1472.0,347.392,7.01,0.0,0.0,prepaid,1.402,106.0,0.0,0.0,0.0,125.08,-1241.276,"",'132821354412421508303,2026-05-04,11099116232,b6e8238c-3d7b-4dd8-b0d3-a643902779b8,11099116232,Reverse,100044387267,100044387267,11504,1401.9,5.0,356.0,0.0,356.0,exchange,0.0,0.0,0.0,0.0,0.0,0.0,0.0,0.0,NA,0,1643.0
NFT-/XUTR/DEUTH026124A05FZX,39.52,0.0,0.0,2499.0,830.0,215.468,3.952,0.0,0.0,prepaid,0.79,0.0,0.0,27.0,0.0,31.86,577.93,"",'132788273403371661803,2026-05-04,11091904514,be593c80-29ab-4caa-b0cb-47b107889ff7,"",Forward,100037175559,100037175559,11504,790.48,5.0,1575.0,0.0,1575.0,packet_delivered,0.0,0.0,0.0,0.0,0.0,0.0,0.0,0.0,NA,0,924.0
NFT-/XUTR/DEUTH026124A05FZX,70.38,0.0,0.0,3299.0,1478.0,366.248,7.038,0.0,0.0,prepaid,1.408,0.0,0.0,45.0,0.0,53.1,1050.206,"",'132796936535935031003,2026-05-04,11093988319,7a5790db-578c-4827-bd23-2121f44aff8c,"",Forward,100039259361,100039259361,11504,1407.62,5.0,1650.0,0.0,1650.0,packet_delivered,0.0,0.0,0.0,0.0,0.0,0.0,0.0,0.0,NA,0,1649.0
NFT-/XUTR/DEUTH026124A05FZX,75.19,0.0,0.0,1750.0,424.713,100.232,2.022,0.0,0.0,prepaid,0.404,0.0,0.0,12.104,0.0,14.28272,307.772,"",'132801603147519854501,2026-05-04,11094774582,7617efcf-2d94-4513-8a67-584845bba81e,"",Forward,100040045624,1000011461397,11504,1503.81,5.0,0.0,0.0,0.0,packet_delivered,0.0,0.0,0.0,0.0,0.0,0.0,0.0,0.0,NA,0,1750.01
NFT-/XUTR/DEUTH026124A05FZX,39.52,0.0,0.0,2499.0,830.0,215.468,3.952,0.0,0.0,prepaid,0.79,0.0,0.0,27.0,0.0,31.86,577.93,"",'132803506132481137203,2026-05-04,11095315378,1be10cff-df09-407c-8f47-f83c22c3ed3b,"",Forward,100040586420,100040586420,11504,790.48,5.0,1575.0,0.0,1575.0,packet_delivered,0.0,0.0,0.0,0.0,0.0,0.0,0.0,0.0,NA,0,924.0
NFT-/XUTR/DEUTH026124A05FZX,0.0,16.74,16.74,2999.0,703.0,33.182,0.0,1.674,1.674,prepaid,0.67,0.0,0.0,27.0,0.0,31.86,633.94,"",'132841309065513259801,2026-05-04,11103535789,bb7002a2-d6a1-443f-8e5d-22ac39fcf23e,"",Forward,100048806798,1000014276110,11504,669.52,5.0,2202.0,0.0,2202.0,packet_delivered,0.0,0.0,0.0,0.0,0.0,0.0,0.0,0.0,NA,0,797.0
NFT-/XUTR/DEUTH026124A05FZX,19.1,0.0,0.0,1650.0,401.0,18.927,1.91,0.0,0.0,prepaid,0.382,182.0,0.0,0.0,0.0,214.76,-594.541,"",'132796243861374830701,2026-05-04,11093803951,4f979eea-49c7-4383-ad38-710354ab685b,100152999337,Reverse,100039074993,100039074993,11504,381.9,5.0,1155.0,0.0,1155.0,return_refund,0.0,0.0,0.0,0.0,0.0,0.0,0.0,0.0,NA,0,495.0
NFT-/XUTR/DEUTH026124A05FZX,123.48,0.0,0.0,3999.0,54.94,12.966,0.262,0.0,0.0,prepaid,0.052,3.856,0.0,0.0,0.0,4.55008,-46.21,"",'132799178161425720301,2026-05-04,11094618550,9a0007c1-dcec-46e5-b9b5-1adb54ea4dc4,100153384105,Reverse,100039889592,100039889592,11504,2469.52,5.0,1200.0,0.0,1200.0,return_refund,0.0,0.0,0.0,0.0,0.0,0.0,0.0,0.0,NA,0,2799.0
NFT-/XUTR/DEUTH026124A05FZX,43.1,0.0,0.0,1999.0,904.9999999999999,234.938,4.31,0.0,0.0,prepaid,0.862,106.0,0.0,0.0,0.0,125.08,-789.97,"",'132805573316526981701,2026-05-04,11095900563,956c6b5c-0b11-4672-97ba-17dbfbe109d4,100152881362,Reverse,100041171604,100041171604,11504,861.9,5.0,1000.0,0.0,1000.0,return_refund,0.0,0.0,0.0,0.0,0.0,0.0,0.0,0.0,NA,0,999.0
NFT-/XUTR/DEUTH026124A05FZX,44.19,0.0,0.0,2199.0,928.0,240.909,4.419,0.0,0.0,prepaid,0.884,0.0,0.0,27.0,0.0,31.86,649.928,"",'132797456886259671403,2026-05-04,11094140272,42d6eb12-c7bc-444c-a320-8ace54ae16fb,"",Forward,100039411314,100039411314,11504,883.81,5.0,1100.0,0.0,1100.0,packet_delivered,0.0,0.0,0.0,0.0,0.0,0.0,0.0,0.0,NA,0,1099.0
NFT-/XUTR/DEUTH026124A05FZX,19.48,0.0,0.0,1799.0,6.87,0.32399999999999995,0.033,0.0,0.0,prepaid,0.007,0.0,0.0,0.319,0.0,0.37642,6.13,"",'132805829718819441501,2026-05-04,11095985176,dbc371c9-55e8-415b-93c0-bb93a93c5cec,"",Forward,100041256217,100041256217,11504,389.52,5.0,1296.0,0.0,1296.0,packet_delivered,0.0,0.0,0.0,0.0,0.0,0.0,0.0,0.0,NA,0,503.0
NFT-/XUTR/DEUTH026124A05FZX,78.48,0.0,0.0,2599.0,1648.0,388.928,7.848,0.0,0.0,prepaid,1.57,0.0,0.0,45.0,0.0,53.1,1196.554,"",'132789721294387550801,2026-05-04,11092466542,7790aafc-8a6d-473b-8c72-088aa11c960b,"",Forward,100037737587,1000011598482,11504,1569.52,5.0,780.0,0.0,780.0,packet_delivered,0.0,0.0,0.0,0.0,0.0,0.0,0.0,0.0,NA,0,1819.0
NFT-/XUTR/DEUTH026124A05FZX,0.0,41.12,41.12,1899.0,1727.0,407.572,0.0,4.112,4.112,prepaid,1.645,0.0,0.0,45.0,0.0,53.1,1256.459,"",'132813004074973698401,2026-05-04,11097428446,9cba2aea-724c-497b-ac71-5b2112563c7a,"",Forward,100042699486,100042699486,11504,1644.76,5.0,1.0,0.0,1.0,packet_delivered,0.0,0.0,0.0,0.0,0.0,0.0,0.0,0.0,NA,0,1897.9999999999998
NFT-/XUTR/DEUTH026124A05FZX,58.95,0.0,0.0,2999.0,107.31099999999999,26.592,0.511,0.0,0.0,prepaid,0.102,9.188,0.0,0.0,0.0,10.84184,-90.948,"",'132823245830202737903,2026-05-04,11099641333,35b85432-4baa-4bf1-b02d-98a5b0cd642f,11099641333,Reverse,100044912367,100044912367,11504,1179.05,5.0,1590.0,0.0,1590.0,exchange,0.0,0.0,0.0,0.0,0.0,0.0,0.0,0.0,NA,0,1409.01
NFT-/XUTR/DEUTH026124A05FZX,58.52,0.0,0.0,1999.0,1229.0,290.044,5.852,0.0,0.0,prepaid,1.17,0.0,0.0,45.0,0.0,53.1,878.834,"",'132768790877941686803,2026-05-04,11087292942,fe4aa009-403d-4711-8c7b-d698cd5ccc73,"",Forward,100032563995,100032563995,11504,1170.48,5.0,599.0,0.0,599.0,packet_delivered,0.0,0.0,0.0,0.0,0.0,0.0,0.0,0.0,NA,0,1400.0
NFT-/XUTR/DEUTH026124A05FZX,35.76,0.0,0.0,1799.0,751.0,194.96,3.576,0.0,0.0,prepaid,0.715,0.0,0.0,27.0,0.0,31.86,519.889,"",'132787269178535250503,2026-05-04,11091577174,9a50c92f-b6eb-4947-800e-c225fa65b9bd,"",Forward,100036848219,100036848219,11504,715.24,5.0,954.0,0.0,954.0,packet_delivered,0.0,0.0,0.0,0.0,0.0,0.0,0.0,0.0,NA,0,845.0
NFT-/XUTR/DEUTH026124A05FZX,72.76,0.0,0.0,3399.0,359.26,89.025,1.711,0.0,0.0,prepaid,0.342,0.0,0.0,10.58,0.0,12.4844,255.698,"",'132830141018997216803,2026-05-04,11101007358,f0773922-5ef0-484c-a535-dc0880bcad75,"",Forward,100046278390,1000013761361,11504,1455.24,5.0,1700.0,0.0,1700.0,packet_delivered,0.0,0.0,0.0,0.0,0.0,0.0,0.0,0.0,NA,0,1699.0
NFT-/XUTR/DEUTH026124A05FZX,0.0,10.21,10.21,1850.0,429.0,20.249,0.0,1.0215,1.0215,prepaid,0.409,0.0,0.0,15.0,0.0,17.7,388.599,"",'132837674467160354501,2026-05-04,11102520706,51b63852-a762-414e-ba68-2a06934f849e,"",Forward,100047791733,1000013782739,11504,408.58,5.0,1327.0,0.0,1327.0,packet_delivered,0.0,0.0,0.0,0.0,0.0,0.0,0.0,0.0,NA,0,523.0
NFT-/XUTR/DEUTH026124A05FZX,82.24,0.0,0.0,1899.0,1727.0,407.572,8.224,0.0,0.0,prepaid,1.645,0.0,0.0,45.0,0.0,53.1,1256.459,"",'132837368682177664301,2026-05-04,11102425204,873e84ca-8c31-4257-abbf-d676641688f8,"",Forward,100047696231,1000013763567,11504,1644.76,5.0,1.0,0.0,1.0,packet_delivered,0.0,0.0,0.0,0.0,0.0,0.0,0.0,0.0,NA,0,1898.0
NFT-/XUTR/DEUTH026124A05FZX,43.05,0.0,0.0,2699.0,904.0,234.678,4.305,0.0,0.0,prepaid,0.861,0.0,0.0,27.0,0.0,31.86,632.296,"",'132813252485642905903,2026-05-04,11097489894,a08fad21-5d05-45cc-b8f2-346ea8e46218,"",Forward,100042760932,100042760932,11504,860.95,5.0,1701.0,0.0,1701.0,packet_delivered,0.0,0.0,0.0,0.0,0.0,0.0,0.0,0.0,NA,0,998.0
NFT-/XUTR/DEUTH026124A05FZX,60.86,0.0,0.0,2899.0,1278.0,316.688,6.086,0.0,0.0,prepaid,1.217,0.0,0.0,45.0,0.0,53.1,900.909,"",'132819389388981117201,2026-05-04,11098603106,f9889b6a-e09a-46e3-abeb-ee79df0ec9f0,"",Forward,100043874141,100043874141,11504,1217.14,5.0,1450.0,0.0,1450.0,packet_delivered,0.0,0.0,0.0,0.0,0.0,0.0,0.0,0.0,NA,0,1448.99
NFT-/XUTR/DEUTH026124A05FZX,31.19,0.0,0.0,1499.0,655.0,170.038,3.119,0.0,0.0,prepaid,0.624,0.0,0.0,27.0,0.0,31.86,449.359,"",'132823179241871498601,2026-05-04,11099622251,10d90111-bbb0-4119-99e9-aca85dc589c3,"",Forward,100044893285,100044893285,11504,623.81,5.0,750.0,0.0,750.0,packet_delivered,0.0,0.0,0.0,0.0,0.0,0.0,0.0,0.0,NA,0,749.0
NFT-/XUTR/DEUTH026124A05FZX,37.19,0.0,0.0,1750.0,781.0,202.748,3.719,0.0,0.0,prepaid,0.744,0.0,0.0,27.0,0.0,31.86,541.929,"",'132811043923193481303,2026-05-04,11096915658,eab4e0f1-5001-4929-8df2-b394629abfb2,"",Forward,100042186698,100042186698,11504,743.81,5.0,875.0,0.0,875.0,packet_delivered,0.0,0.0,0.0,0.0,0.0,0.0,0.0,0.0,NA,0,875.0
NFT-/XUTR/DEUTH026124A05FZX,60.86,0.0,0.0,2899.0,1278.0,316.688,6.086,0.0,0.0,prepaid,1.217,0.0,0.0,45.0,0.0,53.1,900.909,"",'132814987841751085101,2026-05-04,11097946441,4640d3d6-f10a-4670-a442-84ade180e7b0,"",Forward,100043217477,1000012695536,11504,1217.14,5.0,1450.0,0.0,1450.0,packet_delivered,0.0,0.0,0.0,0.0,0.0,0.0,0.0,0.0,NA,0,1449.0
NFT-/XUTR/DEUTH026124A05FZX,38.33,0.0,0.0,1799.0,805.0,208.978,3.833,0.0,0.0,prepaid,0.767,0.0,0.0,27.0,0.0,31.86,559.562,"",'132780956278528910403,2026-05-04,11090278658,656ebc36-e872-4692-b474-820b0e9ee6a6,"",Forward,100035549709,1000010362627,11504,766.67,5.0,900.0,0.0,900.0,packet_delivered,0.0,0.0,0.0,0.0,0.0,0.0,0.0,0.0,NA,0,899.0
NFT-/XUTR/DEUTH026124A05FZX,18.95,0.0,0.0,1699.0,398.0,18.786,1.895,0.0,0.0,prepaid,0.379,0.0,0.0,0.0,0.0,0.0,376.94,"",'132792779525457548001,2026-05-04,11092851383,8deb12c2-6b6f-48e0-aa1a-1c0898695c9b,"",Forward,100038122428,100038122428,11504,379.05,5.0,1207.0,0.0,1207.0,packet_delivered,0.0,0.0,0.0,0.0,0.0,0.0,0.0,0.0,NA,0,492.0
NFT-/XUTR/DEUTH026124A05FZX,63.19,0.0,0.0,2999.0,1327.0,328.831,6.319,0.0,0.0,prepaid,1.264,106.0,0.0,0.0,0.0,125.08,-1115.666,"",'132845858979202029603,2026-05-04,11104191344,b79bb409-f238-4f89-be9f-c9947b7010ab,100154956840,Reverse,100049462344,1000014293154,11504,1263.81,5.0,1501.0,0.0,1501.0,return_refund,0.0,0.0,0.0,0.0,0.0,0.0,0.0,0.0,NA,0,1498.0
NFT-/XUTR/DEUTH026124A05FZX,0.0,15.6,15.6,1499.0,655.0,170.038,0.0,1.5595,1.5595,prepaid,0.624,106.0,0.0,0.0,0.0,125.08,-606.299,"",'132804750924608647603,2026-05-04,11095660700,b798c9b8-775e-435a-b65c-6ce53139b163,11095660700,Reverse,100040931741,100040931741,11504,623.8,5.0,750.0,0.0,750.0,exchange,0.0,0.0,0.0,0.0,0.0,0.0,0.0,0.0,NA,0,749.0
NFT-/XUTR/DEUTH026124A05FZX,41.33,0.0,0.0,2599.0,868.0,225.333,4.133,0.0,0.0,prepaid,0.827,0.0,0.0,27.0,0.0,31.86,605.847,"",'132806390956572268801,2026-05-04,11096176878,79fbe5d8-5f03-45a9-a0da-b143778c9993,"",Forward,100041447919,100041447919,11504,826.67,5.0,1560.0,0.0,1560.0,packet_delivered,0.0,0.0,0.0,0.0,0.0,0.0,0.0,0.0,NA,0,1039.0
NFT-/XUTR/DEUTH026124A05FZX,19.1,0.0,0.0,1599.0,401.0,18.927,1.91,0.0,0.0,prepaid,0.382,0.0,0.0,15.0,0.0,17.7,362.081,"",'132788545269289132501,2026-05-04,11091993848,76d0fb9f-bbaf-4989-930f-9c037a05949a,"",Forward,100037264893,100037264893,11504,381.9,5.0,1104.0,0.0,1104.0,packet_delivered,0.0,0.0,0.0,0.0,0.0,0.0,0.0,0.0,NA,0,494.99
NFT-/XUTR/DEUTH026124A05FZX,42.62,0.0,0.0,2999.0,895.0,232.342,4.262,0.0,0.0,prepaid,0.852,0.0,0.0,27.0,0.0,31.86,625.684,"",'132795069953743377601,2026-05-04,11093471937,4caee9a8-820c-4b5c-bd96-b24f10484c2d,"",Forward,100038742981,100038742981,11504,852.38,5.0,2010.0,0.0,2010.0,packet_delivered,0.0,0.0,0.0,0.0,0.0,0.0,0.0,0.0,NA,0,989.0
NFT-/XUTR/DEUTH026124A05FZX,81.33,0.0,0.0,3999.0,1708.0,423.242,8.133,0.0,0.0,prepaid,1.627,0.0,0.0,45.0,0.0,53.1,1221.898,"",'132813562254285732403,2026-05-04,11097565813,0536a248-7e87-4625-973d-0c80dd678655,"",Forward,100042836849,1000012683481,11504,1626.67,5.0,2120.0,0.0,2120.0,packet_delivered,0.0,0.0,0.0,0.0,0.0,0.0,0.0,0.0,NA,0,1879.0
NFT-/XUTR/DEUTH026124A05FZX,33.52,0.0,0.0,1699.0,189.36,49.158,0.902,0.0,0.0,prepaid,0.18,34.16,0.0,0.0,0.0,40.3088,-179.429,"",'132801603147519854501,2026-05-04,11094774580,7617efcf-2d94-4513-8a67-584845bba81e,100152923665,Reverse,100040045622,1000011461397,11504,670.48,5.0,901.0,0.0,901.0,return_refund,0.0,0.0,0.0,0.0,0.0,0.0,0.0,0.0,NA,0,798.0
NFT-/XUTR/DEUTH026124A05FZX,59.67,0.0,0.0,2999.0,1253.0,310.493,5.967,0.0,0.0,prepaid,1.193,127.0,0.0,0.0,0.0,149.86,-1085.207,"",'132832588619296664601,2026-05-04,11101666776,e1b5521c-5175-4630-b18d-bfcf5f13ac16,100156156454,Reverse,100046937803,100046937803,11504,1193.33,5.0,1575.0,0.0,1575.0,return_refund,0.0,0.0,0.0,0.0,0.0,0.0,0.0,0.0,NA,0,1424.0
NFT-/XUTR/DEUTH026124A05FZX,33.52,0.0,0.0,1699.0,704.0,182.758,3.352,0.0,0.0,prepaid,0.67,0.0,0.0,27.0,0.0,31.86,485.36,"",'132797879556223632403,2026-05-04,11094284558,055e3b63-ec76-45af-a724-c4168efcc397,"",Forward,100039555600,100039555600,11504,670.48,5.0,901.0,0.0,901.0,packet_delivered,0.0,0.0,0.0,0.0,0.0,0.0,0.0,0.0,NA,0,798.0
NFT-/XUTR/DEUTH026124A05FZX,0.0,35.19,35.19,3299.0,1478.0,366.248,0.0,3.519,3.519,prepaid,1.408,0.0,0.0,45.0,0.0,53.1,1050.206,"",'132816099275230894003,2026-05-04,11098294651,cb46e9f2-1c88-41cd-ab6a-234f2f4e1d63,"",Forward,100043565687,100043565687,11504,1407.62,5.0,1650.0,0.0,1650.0,packet_delivered,0.0,0.0,0.0,0.0,0.0,0.0,0.0,0.0,NA,0,1649.0
NFT-/XUTR/DEUTH026124A05FZX,70.38,0.0,0.0,3299.0,1478.0,366.248,7.038,0.0,0.0,prepaid,1.408,182.0,0.0,0.0,0.0,214.76,-1318.066,"",'132793491542127505903,2026-05-04,11093020481,3d33a23a-a333-4272-a72d-bfb51ccca864,100153246171,Reverse,100038291525,100038291525,11504,1407.62,5.0,1650.0,0.0,1650.0,return_refund,0.0,0.0,0.0,0.0,0.0,0.0,0.0,0.0,NA,0,1649.0
NFT-/XUTR/DEUTH026124A05FZX,35.76,0.0,0.0,1799.0,751.0,194.96,3.576,0.0,0.0,prepaid,0.715,0.0,0.0,27.0,0.0,31.86,519.889,"",'132778648153113540103,2026-05-04,11089564975,450172e4-8c3a-40de-af41-a417db7ecaaa,"",Forward,100034836027,1000009938399,11504,715.24,5.0,954.0,0.0,954.0,packet_delivered,0.0,0.0,0.0,0.0,0.0,0.0,0.0,0.0,NA,0,845.0
NFT-/XUTR/DEUTH026124A05FZX,43.24,0.0,0.0,2699.0,908.0,235.717,4.324,0.0,0.0,prepaid,0.865,0.0,0.0,27.0,0.0,31.86,635.234,"",'132794393343679872001,2026-05-04,11093277119,bf07e267-2d6e-4096-a515-854f1049a3fa,"",Forward,100038548163,1000011590148,11504,864.76,5.0,1620.0,0.0,1620.0,packet_delivered,0.0,0.0,0.0,0.0,0.0,0.0,0.0,0.0,NA,0,1079.0
NFT-/XUTR/DEUTH026124A05FZX,6.41,0.0,0.0,399.0,220.0,33.748,1.068,0.0,0.0,prepaid,0.214,0.0,0.0,27.0,0.0,31.86,153.11,"",'132811083671158491403,2026-05-04,11096925956,32ce9f75-fa74-4f93-86ba-516dcdf572a2,"",Forward,100042196996,100042196996,11504,213.59,3.0,120.0,0.0,120.0,packet_delivered,0.0,0.0,0.0,0.0,0.0,0.0,0.0,0.0,NA,0,279.0
NFT-/XUTR/DEUTH026124A05FZX,40.29,0.0,0.0,2750.0,640.0,166.144,3.048,0.0,0.0,prepaid,0.61,0.0,0.0,20.426,0.0,24.10268,446.095,"",'132781687864354765503,2026-05-04,11090463285,7d2c4964-63ca-4e0c-8345-c0346ebf374e,"",Forward,100035734336,100035734336,11504,805.71,5.0,1733.0,206.0,1939.0,packet_delivered,0.0,0.0,0.0,0.0,0.0,0.0,0.0,0.0,NA,0,1017.0
NFT-/XUTR/DEUTH026124A05FZX,106.81,0.0,0.0,3499.0,2243.0,529.348,10.681,0.0,0.0,prepaid,2.136,0.0,0.0,61.0,0.0,71.98,1628.855,"",'132787142226100367601,2026-05-04,11091536750,b8467e06-1eb8-4c61-968d-71e088fafa6d,"",Forward,100036807795,100036807795,11504,2136.19,5.0,1050.0,0.0,1050.0,packet_delivered,0.0,0.0,0.0,0.0,0.0,0.0,0.0,0.0,NA,0,2449.0
NFT-/XUTR/DEUTH026124A05FZX,42.52,0.0,0.0,2599.0,166.39,43.195,0.792,0.0,0.0,prepaid,0.158,0.0,0.0,5.031,0.0,5.93658,116.308,"",'132790163521484805103,2026-05-04,11092627502,67f60fa7-bb06-4aef-8541-0adf4ba060ae,"",Forward,100037898547,100037898547,11504,850.48,5.0,1612.0,0.0,1612.0,packet_delivered,0.0,0.0,0.0,0.0,0.0,0.0,0.0,0.0,NA,0,987.0
NFT-/XUTR/DEUTH026124A05FZX,35.95,0.0,0.0,1699.0,755.0,195.998,3.595,0.0,0.0,prepaid,0.719,182.0,0.0,0.0,0.0,214.76,-769.448,"",'132815652248742416901,2026-05-04,11098198526,d9cdbdb9-c07b-44ea-a33b-853428785332,100154822173,Reverse,100043469562,100043469562,11504,719.05,5.0,850.0,0.0,850.0,return_refund,0.0,0.0,0.0,0.0,0.0,0.0,0.0,0.0,NA,0,849.0
NFT-/XUTR/DEUTH026124A05FZX,38.33,0.0,0.0,1799.0,805.0,208.978,3.833,0.0,0.0,prepaid,0.767,0.0,0.0,27.0,0.0,31.86,559.562,"",'132782650375970360103,2026-05-04,11090527081,5494e521-ccea-471e-b17c-8a41501429ed,"",Forward,100035798132,100035798132,11504,766.67,5.0,900.0,0.0,900.0,packet_delivered,0.0,0.0,0.0,0.0,0.0,0.0,0.0,0.0,NA,0,899.0
NFT-/XUTR/DEUTH026124A05FZX,100.14,0.0,0.0,3299.0,2103.0,496.308,10.014,0.0,0.0,prepaid,2.003,0.0,0.0,61.0,0.0,71.98,1522.695,"",'132841564994007435203,2026-05-04,11103616199,19590359-ebb6-47fe-9659-e6648512a07a,"",Forward,100048887208,1000014246015,11504,2002.86,5.0,990.0,0.0,990.0,packet_delivered,0.0,0.0,0.0,0.0,0.0,0.0,0.0,0.0,NA,0,2309.0
NFT-/XUTR/DEUTH026124A05FZX,34.81,0.0,0.0,1650.0,85.62,22.227,0.408,0.0,0.0,prepaid,0.082,0.0,0.0,3.162,0.0,3.73116,59.172,"",'132789632289675661401,2026-05-04,11092426555,a5c75948-9a85-43da-b0dc-f9ce27ce09c9,"",Forward,100037697600,100037697600,11504,696.19,5.0,825.0,0.0,825.0,packet_delivered,0.0,0.0,0.0,0.0,0.0,0.0,0.0,0.0,NA,0,825.0
NFT-/XUTR/DEUTH026124A05FZX,25.43,0.0,0.0,1699.0,534.0,138.626,2.543,0.0,0.0,prepaid,0.509,0.0,0.0,27.0,0.0,31.86,360.462,"",'132818171480878712901,2026-05-04,11098401635,b6300d94-7f46-4921-9724-0ac4067f7ef9,"",Forward,100043672671,100043672671,11504,508.57,5.0,1071.0,0.0,1071.0,packet_delivered,0.0,0.0,0.0,0.0,0.0,0.0,0.0,0.0,NA,0,628.0
NFT-/XUTR/DEUTH026124A05FZX,487.07,0.0,0.0,3399.0,3193.0,753.548,13.53,0.0,0.0,prepaid,2.706,0.0,0.0,61.0,0.0,71.98,2351.236,"",'132806564546480476403,2026-05-04,11096247292,e8fecd85-ebe8-408f-b830-c8757199a0b8,"",Forward,100041518333,100041518333,11504,2705.93,18.0,0.0,0.0,0.0,packet_delivered,0.0,0.0,0.0,0.0,0.0,0.0,0.0,0.0,NA,0,3399.0
NFT-/XUTR/DEUTH026124A05FZX,51.81,0.0,0.0,1799.0,1088.0,256.768,5.181,0.0,0.0,prepaid,1.036,0.0,0.0,45.0,0.0,53.1,771.915,"",'132811754863046202303,2026-05-04,11097104635,d78b15b6-3b3b-4c17-89d4-926841836446,"",Forward,100042375675,1000012185743,11504,1036.19,5.0,540.0,0.0,540.0,packet_delivered,0.0,0.0,0.0,0.0,0.0,0.0,0.0,0.0,NA,0,1259.0
NFT-/XUTR/DEUTH026124A05FZX,33.52,0.0,0.0,3399.0,704.0,33.229,3.352,0.0,0.0,prepaid,0.67,0.0,0.0,27.0,0.0,31.86,634.889,"",'132839824050039805601,2026-05-04,11103119200,68f7751c-d4f0-4590-a86e-50790ac2fde7,"",Forward,100048390209,100048390209,11504,670.48,5.0,2601.0,0.0,2601.0,packet_delivered,0.0,0.0,0.0,0.0,0.0,0.0,0.0,0.0,NA,0,798.0
NFT-/XUTR/DEUTH026124A05FZX,31.19,0.0,0.0,1499.0,655.0,170.038,3.119,0.0,0.0,prepaid,0.624,0.0,0.0,27.0,0.0,31.86,449.359,"",'132798064580123882401,2026-05-04,11094351961,f33dcd4e-ca26-4c62-a9e0-cd35dc9d9a5b,"",Forward,100039623003,100039623003,11504,623.81,5.0,750.0,0.0,750.0,packet_delivered,0.0,0.0,0.0,0.0,0.0,0.0,0.0,0.0,NA,0,749.0
NFT-/XUTR/DEUTH026124A05FZX,0.0,59.33,59.33,2699.0,2492.0,588.112,0.0,5.9335,5.9335,prepaid,2.373,0.0,0.0,61.0,0.0,71.98,1817.668,"",'132807834660046411003,2026-05-04,11096581319,8feda8da-b602-4543-b213-b371bffe6ea7,"",Forward,100041852360,100041852360,11504,2373.34,5.0,1.0,0.0,1.0,packet_delivered,0.0,0.0,0.0,0.0,0.0,0.0,0.0,0.0,NA,0,2698.0
NFT-/XUTR/DEUTH026124A05FZX,43.1,0.0,0.0,2499.0,905.0,234.938,4.31,0.0,0.0,prepaid,0.862,0.0,0.0,27.0,0.0,31.86,633.03,"",'132828409313790571201,2026-05-04,11100540288,7af899a5-ac18-4c20-a2d7-0beb560333c9,"",Forward,100045811321,100045811321,11504,861.9,5.0,1500.0,0.0,1500.0,packet_delivered,0.0,0.0,0.0,0.0,0.0,0.0,0.0,0.0,NA,0,999.0
NFT-/XUTR/DEUTH026124A05FZX,42.62,0.0,0.0,2999.0,895.0,232.342,4.262,0.0,0.0,prepaid,0.852,0.0,0.0,27.0,0.0,31.86,625.684,"",'132790423379005187403,2026-05-04,11092682198,f56f12f3-08e7-4873-8894-f9e3f8c2cc38,"",Forward,100037953243,1000011586473,11504,852.38,5.0,2010.0,0.0,2010.0,packet_delivered,0.0,0.0,0.0,0.0,0.0,0.0,0.0,0.0,NA,0,989.0
NFT-/XUTR/DEUTH026124A05FZX,42.71,0.0,0.0,3099.0,897.0,232.861,4.271,0.0,0.0,prepaid,0.854,0.0,0.0,27.0,0.0,31.86,627.154,"",'132810563648277513201,2026-05-04,11096803435,8054be8a-fd08-4def-a7d1-819f7458b125,"",Forward,100042074476,1000012184473,11504,854.29,5.0,2108.0,0.0,2108.0,packet_delivered,0.0,0.0,0.0,0.0,0.0,0.0,0.0,0.0,NA,0,991.0
NFT-/XUTR/DEUTH026124A05FZX,70.38,0.0,0.0,3299.0,1478.0,366.248,7.038,0.0,0.0,prepaid,1.408,0.0,0.0,45.0,0.0,53.1,1050.206,"",'132812227809294914603,2026-05-04,11097225678,ba03462e-e830-489d-a236-a5ed06877845,"",Forward,100042496718,1000012687294,11504,1407.62,5.0,1650.0,0.0,1650.0,packet_delivered,0.0,0.0,0.0,0.0,0.0,0.0,0.0,0.0,NA,0,1649.0
NFT-/XUTR/DEUTH026124A05FZX,56.86,0.0,0.0,1950.0,1194.0,281.784,5.686,0.0,0.0,prepaid,1.137,182.0,0.0,0.0,0.0,214.76,-1120.153,"",'132797643938972281403,2026-05-04,11094201664,6b22fbae-b6f1-40ef-ae05-211fb85739bc,100153795099,Reverse,100039472706,1000011266545,11504,1137.14,5.0,585.0,0.0,585.0,return_refund,0.0,0.0,0.0,0.0,0.0,0.0,0.0,0.0,NA,0,1365.0
NFT-/XUTR/DEUTH026124A05FZX,35.95,0.0,0.0,1699.0,90.53,23.502,0.431,0.0,0.0,prepaid,0.086,15.228,0.0,0.0,0.0,17.96904,-84.48,"",'132804644024769457701,2026-05-04,11095631551,4675cf1d-1c4e-4291-bf20-b4c5a7388a37,100152544766,Reverse,100040902592,100040902592,11504,719.05,5.0,850.0,0.0,850.0,return_refund,0.0,0.0,0.0,0.0,0.0,0.0,0.0,0.0,NA,0,849.0
NFT-/XUTR/DEUTH026124A05FZX,60.86,0.0,0.0,2899.0,1278.0,316.688,6.086,0.0,0.0,prepaid,1.217,182.0,0.0,0.0,0.0,214.76,-1168.769,"",'132805586731286127603,2026-05-04,11095905175,3ceaa3c1-fea0-4a9c-8c2d-57ee2ba386cc,100153029230,Reverse,100041176215,100041176215,11504,1217.14,5.0,1450.0,0.0,1450.0,return_refund,0.0,0.0,0.0,0.0,0.0,0.0,0.0,0.0,NA,0,1449.0
NFT-/XUTR/DEUTH026124A05FZX,29.76,0.0,0.0,1599.0,625.0,44.25,2.976,0.0,0.0,prepaid,0.595,0.0,0.0,27.0,0.0,31.86,545.319,"",'132779078738621747601,2026-05-04,11089690485,8985c896-6ecf-4994-a1a7-5a1d651d8e33,"",Forward,100034961536,100034961536,11504,595.24,5.0,880.0,0.0,880.0,packet_delivered,0.0,0.0,0.0,0.0,0.0,0.0,0.0,0.0,NA,0,719.0
NFT-/XUTR/DEUTH026124A05FZX,106.81,0.0,0.0,3499.0,2243.0,529.348,10.681,0.0,0.0,prepaid,2.136,0.0,0.0,61.0,0.0,71.98,1628.855,"",'132782326578651112903,2026-05-04,11090515974,eeb4efd8-f72d-4739-88cd-0513bdbff460,"",Forward,100035787025,1000010989271,11504,2136.19,5.0,1050.0,0.0,1050.0,packet_delivered,0.0,0.0,0.0,0.0,0.0,0.0,0.0,0.0,NA,0,2449.0
NFT-/XUTR/DEUTH026124A05FZX,43.05,0.0,0.0,2699.0,904.0,234.678,4.305,0.0,0.0,prepaid,0.861,0.0,0.0,27.0,0.0,31.86,632.296,"",'132805182331910741703,2026-05-04,11095780647,f6894cf4-2559-43cc-8824-1affdb771a38,"",Forward,100041051688,100041051688,11504,860.95,5.0,1701.0,0.0,1701.0,packet_delivered,0.0,0.0,0.0,0.0,0.0,0.0,0.0,0.0,NA,0,998.0
NFT-/XUTR/DEUTH026124A05FZX,43.05,0.0,0.0,2699.0,904.0,234.678,4.305,0.0,0.0,prepaid,0.861,182.0,0.0,0.0,0.0,214.76,-878.916,"",'132801336524146201401,2026-05-04,11094730625,4e748bcf-e174-4716-845d-7e3e6e2b1a26,100152605421,Reverse,100040001667,100040001667,11504,860.95,5.0,1701.0,0.0,1701.0,return_refund,0.0,0.0,0.0,0.0,0.0,0.0,0.0,0.0,NA,0,998.0
NFT-/XUTR/DEUTH026124A05FZX,78.48,0.0,0.0,2599.0,65.67999999999999,15.501,0.313,0.0,0.0,prepaid,0.063,4.225,0.0,0.0,0.0,4.9855,-54.789,"",'132840985043358709003,2026-05-04,11103431660,52add3e4-408a-41f1-b780-8e994d523792,100154235003,Reverse,100048702669,100048702669,11504,1569.52,5.0,780.0,0.0,780.0,return_refund,0.0,0.0,0.0,0.0,0.0,0.0,0.0,0.0,NA,0,1819.01
NFT-/XUTR/DEUTH026124A05FZX,22.43,0.0,0.0,1699.0,471.0,22.231,2.243,0.0,0.0,prepaid,0.449,0.0,0.0,19.0,0.0,22.42,423.657,"",'132779197489892246003,2026-05-04,11089724517,2c1c4aa7-0406-4249-8ad2-75aee56aaddd,"",Forward,100034995568,100034995568,11504,448.57,5.0,1134.0,0.0,1134.0,packet_delivered,0.0,0.0,0.0,0.0,0.0,0.0,0.0,0.0,NA,0,565.0
NFT-/XUTR/DEUTH026124A05FZX,55.14,0.0,0.0,1899.0,1158.0,273.288,5.514,0.0,0.0,prepaid,1.103,0.0,0.0,45.0,0.0,53.1,824.995,"",'132796380772029910701,2026-05-04,11093840109,9ea93866-4748-43d6-a7c2-39e73017ef35,"",Forward,100039111151,100039111151,11504,1102.86,5.0,570.0,0.0,570.0,packet_delivered,0.0,0.0,0.0,0.0,0.0,0.0,0.0,0.0,NA,0,1329.0
NFT-/XUTR/DEUTH026124A05FZX,42.43,0.0,0.0,2899.0,891.0,231.304,4.243,0.0,0.0,prepaid,0.849,167.0,0.0,0.0,0.0,197.06,-851.664,"",'132769907404337955501,2026-05-04,11087600707,a01d3758-3b7d-4027-ab84-8b1ea6b426f1,100151951628,Reverse,100032871760,100032871760,11504,848.57,5.0,1914.0,0.0,1914.0,return_refund,0.0,0.0,0.0,0.0,0.0,0.0,0.0,0.0,NA,0,985.0
NFT-/XUTR/DEUTH026124A05FZX,27.19,0.0,0.0,1799.0,571.0,148.232,2.719,0.0,0.0,prepaid,0.544,0.0,0.0,27.0,0.0,31.86,387.645,"",'132780144654612920403,2026-05-04,11090001672,ba7f4c37-caa2-4d4c-8627-72444378bd1d,"",Forward,100035272723,100035272723,11504,543.81,5.0,1134.0,0.0,1134.0,packet_delivered,0.0,0.0,0.0,0.0,0.0,0.0,0.0,0.0,NA,0,665.0
NFT-/XUTR/DEUTH026124A05FZX,49.24,0.0,0.0,1799.0,1034.0,244.024,4.924,0.0,0.0,prepaid,0.985,0.0,0.0,45.0,0.0,53.1,730.967,"",'132797502103694721703,2026-05-04,11094154675,7ae9cb45-b20c-474b-bdaa-3486e46f8d94,"",Forward,100039425717,1000012167980,11504,984.76,5.0,594.0,0.0,594.0,packet_delivered,0.0,0.0,0.0,0.0,0.0,0.0,0.0,0.0,NA,0,1205.0
NFT-/XUTR/DEUTH026124A05FZX,41.05,0.0,0.0,2899.0,862.0,223.775,4.105,0.0,0.0,prepaid,0.821,167.0,0.0,0.0,0.0,197.06,-830.359,"",'132777083238758394503,2026-05-04,11089094426,7461dd61-9117-4055-bdb6-100a9a7c9bf0,100153783356,Reverse,100034365478,100034365478,11504,820.95,5.0,1943.0,0.0,1943.0,return_refund,0.0,0.0,0.0,0.0,0.0,0.0,0.0,0.0,NA,0,956.0
NFT-/XUTR/DEUTH026124A05FZX,63.24,0.0,0.0,2999.0,1328.0,329.078,6.324,0.0,0.0,prepaid,1.265,182.0,0.0,0.0,0.0,214.76,-1206.093,"",'132796112776700137703,2026-05-04,11093768200,ca541488-b9ac-491b-bf46-c774337b204e,11093768200,Reverse,100039039243,100039039243,11504,1264.76,5.0,1500.0,0.0,1500.0,exchange,0.0,0.0,0.0,0.0,0.0,0.0,0.0,0.0,NA,0,1499.0
NFT-/XUTR/DEUTH026124A05FZX,42.62,0.0,0.0,2999.0,895.0,232.342,4.262,0.0,0.0,prepaid,0.852,0.0,0.0,27.0,0.0,31.86,625.684,"",'132811834666912857403,2026-05-04,11097125541,6983ee9e-0879-4826-a4c3-04080dbc6e87,"",Forward,100042396581,1000012681115,11504,852.38,5.0,2010.0,0.0,2010.0,packet_delivered,0.0,0.0,0.0,0.0,0.0,0.0,0.0,0.0,NA,0,989.0
NFT-/XUTR/DEUTH026124A05FZX,42.62,0.0,0.0,2999.0,895.0,232.342,4.262,0.0,0.0,prepaid,0.852,0.0,0.0,27.0,0.0,31.86,625.684,"",'132818571836253394903,2026-05-04,11098444616,f6a28316-9b47-410a-88f0-3a2b0bf63e96,"",Forward,100043715652,1000012723562,11504,852.38,5.0,2010.0,0.0,2010.0,packet_delivered,0.0,0.0,0.0,0.0,0.0,0.0,0.0,0.0,NA,0,989.0
NFT-/XUTR/DEUTH026124A05FZX,82.29,0.0,0.0,1899.0,1728.0,407.808,8.229,0.0,0.0,prepaid,1.646,0.0,0.0,45.0,0.0,53.1,1257.217,"",'132819553175384605901,2026-05-04,11098642265,d5e5cba3-d422-44da-adf6-40411b8149e5,"",Forward,100043913300,1000012654851,11504,1645.71,5.0,0.0,0.0,0.0,packet_delivered,0.0,0.0,0.0,0.0,0.0,0.0,0.0,0.0,NA,0,1899.0
NFT-/XUTR/DEUTH026124A05FZX,70.38,0.0,0.0,3299.0,1478.0,366.248,7.038,0.0,0.0,prepaid,1.408,182.0,0.0,0.0,0.0,214.76,-1318.066,"",'132798687621301378903,2026-05-04,11094551592,fe1df93b-677e-4949-b34b-3fc7838a6c56,100152544074,Reverse,100039822634,1000011600909,11504,1407.62,5.0,1650.0,0.0,1650.0,return_refund,0.0,0.0,0.0,0.0,0.0,0.0,0.0,0.0,NA,0,1649.0
NFT-/XUTR/DEUTH026124A05FZX,35.95,0.0,0.0,1699.0,755.0,195.998,3.595,0.0,0.0,prepaid,0.719,167.0,0.0,0.0,0.0,197.06,-751.748,"",'132786543233752220903,2026-05-04,11091342260,e21f18f3-5f09-45c2-8fbf-1b0a9290afcc,100153626258,Reverse,100036613305,100036613305,11504,719.05,5.0,850.0,0.0,850.0,return_refund,0.0,0.0,0.0,0.0,0.0,0.0,0.0,0.0,NA,0,849.0
NFT-/XUTR/DEUTH026124A05FZX,40.71,0.0,0.0,1899.0,855.0,221.958,4.071,0.0,0.0,prepaid,0.814,106.0,0.0,0.0,0.0,125.08,-753.237,"",'132806254837776731501,2026-05-04,11096126776,931551f6-4268-477c-8471-0e09ab267a86,100152153892,Reverse,100041397817,100041397817,11504,814.29,5.0,950.0,0.0,950.0,return_refund,0.0,0.0,0.0,0.0,0.0,0.0,0.0,0.0,NA,0,949.0
NFT-/XUTR/DEUTH026124A05FZX,40.29,0.0,0.0,2750.0,846.0,219.622,4.029,0.0,0.0,prepaid,0.806,0.0,0.0,27.0,0.0,31.86,589.683,"",'132796896278063247803,2026-05-04,11093977567,c12199bc-dd13-4b2c-b3b8-318ecb612696,"",Forward,100039248609,100039248609,11504,805.71,5.0,1733.0,0.0,1733.0,packet_delivered,0.0,0.0,0.0,0.0,0.0,0.0,0.0,0.0,NA,0,1017.0
NFT-/XUTR/DEUTH026124A05FZX,639.61,0.0,0.0,4399.0,4193.0,989.548,17.767,0.0,0.0,prepaid,3.553,0.0,0.0,61.0,0.0,71.98,3110.152,"",'132820695018143168801,2026-05-04,11098934572,a8240815-c0ea-49a6-a696-a9f53e528aaf,"",Forward,100044205607,100044205607,11504,3553.39,18.0,0.0,0.0,0.0,packet_delivered,0.0,0.0,0.0,0.0,0.0,0.0,0.0,0.0,NA,0,4398.99
NFT-/XUTR/DEUTH026124A05FZX,36.0,0.0,0.0,2299.0,756.0,196.258,3.6,0.0,0.0,prepaid,0.72,0.0,0.0,27.0,0.0,31.86,523.562,"",'132789396377591803201,2026-05-04,11092320795,ca2527eb-0df8-46be-8585-4f75ff6d8df1,"",Forward,100037591840,100037591840,11504,720,5.0,1449.0,0.0,1449.0,packet_delivered,0.0,0.0,0.0,0.0,0.0,0.0,0.0,0.0,NA,0,850.0
NFT-/XUTR/DEUTH026124A05FZX,42.62,0.0,0.0,2999.0,894.9999999999999,232.342,4.262,0.0,0.0,prepaid,0.852,127.0,0.0,0.0,0.0,149.86,-807.404,"",'132811834666912857403,2026-05-04,11097125541,6983ee9e-0879-4826-a4c3-04080dbc6e87,100153098504,Reverse,100042396581,1000012681115,11504,852.38,5.0,2010.0,0.0,2010.0,return_refund,0.0,0.0,0.0,0.0,0.0,0.0,0.0,0.0,NA,0,989.0
NFT-/XUTR/DEUTH026124A05FZX,99.67,0.0,0.0,2299.0,2093.0,493.948,9.967,0.0,0.0,prepaid,1.993,167.0,0.0,0.0,0.0,197.06,-1784.152,"",'132763896853464225401,2026-05-04,11086496252,d5a413aa-5bff-4866-bc92-c469aaa1f7ac,100152065825,Reverse,100031767306,100031767306,11504,1993.33,5.0,0.0,0.0,0.0,return_refund,0.0,0.0,0.0,0.0,0.0,0.0,0.0,0.0,NA,0,2299.0
NFT-/XUTR/DEUTH026124A05FZX,18.95,0.0,0.0,1699.0,398.0,18.786,1.895,0.0,0.0,prepaid,0.379,182.0,0.0,0.0,0.0,214.76,-591.7,"",'132810563648277513201,2026-05-04,11096803436,8054be8a-fd08-4def-a7d1-819f7458b125,100153132232,Reverse,100042074477,1000012184473,11504,379.05,5.0,1207.0,0.0,1207.0,return_refund,0.0,0.0,0.0,0.0,0.0,0.0,0.0,0.0,NA,0,492.0
NFT-/XUTR/DEUTH026124A05FZX,42.62,0.0,0.0,2999.0,895.0,232.342,4.262,0.0,0.0,prepaid,0.852,0.0,0.0,27.0,0.0,31.86,625.684,"",'132781582450116261003,2026-05-04,11090446730,4d150523-3eb4-4e07-8e63-1bdae53cca4c,"",Forward,100035717781,100035717781,11504,852.38,5.0,2010.0,0.0,2010.0,packet_delivered,0.0,0.0,0.0,0.0,0.0,0.0,0.0,0.0,NA,0,989.0
NFT-/XUTR/DEUTH026124A05FZX,70.38,0.0,0.0,3299.0,1478.0,366.248,7.038,0.0,0.0,prepaid,1.408,167.0,0.0,0.0,0.0,197.06,-1300.366,"",'132766471406896872801,2026-05-04,11086718948,c23e45f5-8788-4ea3-bafa-4d0fdb068eb1,100155759059,Reverse,100031990002,1000009187941,11504,1407.62,5.0,1650.0,0.0,1650.0,return_refund,0.0,0.0,0.0,0.0,0.0,0.0,0.0,0.0,NA,0,1649.0
NFT-/XUTR/DEUTH026124A05FZX,19.05,0.0,0.0,1499.0,400.0,18.88,1.905,0.0,0.0,prepaid,0.381,182.0,0.0,0.0,0.0,214.76,-593.594,"",'132793895106971835101,2026-05-04,11093131796,9f803099-e6ac-4323-b3f4-01a95ac51781,11093131796,Reverse,100038402840,1000010970763,11504,380.95,5.0,1005.0,0.0,1005.0,exchange,0.0,0.0,0.0,0.0,0.0,0.0,0.0,0.0,NA,0,494.0
NFT-/XUTR/DEUTH026124A05FZX,98.62,0.0,0.0,3399.0,2071.0,488.756,9.862,0.0,0.0,prepaid,1.972,0.0,0.0,61.0,0.0,71.98,1498.43,"",'132787285177159427601,2026-05-04,11091582066,6770e974-401c-4f93-b43c-b96c7560dd37,"",Forward,100036853111,100036853111,11504,1972.38,5.0,1122.0,0.0,1122.0,packet_delivered,0.0,0.0,0.0,0.0,0.0,0.0,0.0,0.0,NA,0,2277.0
NFT-/XUTR/DEUTH026124A05FZX,38.33,0.0,0.0,1799.0,805.0,208.978,3.833,0.0,0.0,prepaid,0.767,0.0,0.0,27.0,0.0,31.86,559.562,"",'132795158433212183203,2026-05-04,11093497023,026bbdee-11b5-479b-96c8-e2dbb684d387,"",Forward,100038768067,1000011087163,11504,766.67,5.0,900.0,0.0,900.0,packet_delivered,0.0,0.0,0.0,0.0,0.0,0.0,0.0,0.0,NA,0,899.0
NFT-/XUTR/DEUTH026124A05FZX,63.24,0.0,0.0,2999.0,1328.0,329.078,6.324,0.0,0.0,prepaid,1.265,106.0,0.0,0.0,0.0,125.08,-1116.413,"",'132820715729112709303,2026-05-04,11098940426,ec71bb82-16f7-4bae-9836-c23ad4cc8fb0,100153197126,Reverse,100044211461,100044211461,11504,1264.76,5.0,1500.0,0.0,1500.0,return_refund,0.0,0.0,0.0,0.0,0.0,0.0,0.0,0.0,NA,0,1499.0
NFT-/XUTR/DEUTH026124A05FZX,72.76,0.0,0.0,3399.0,1528.0,378.638,7.276,0.0,0.0,prepaid,1.455,106.0,0.0,0.0,0.0,125.08,-1265.711,"",'132822231753600833501,2026-05-04,11099349027,cb1f0208-389e-4c39-8b97-0c4cae96a595,11099349027,Reverse,100044620061,1000013201557,11504,1455.24,5.0,1700.0,0.0,1700.0,exchange,0.0,0.0,0.0,0.0,0.0,0.0,0.0,0.0,NA,0,1699.0
NFT-/XUTR/DEUTH026124A05FZX,51.95,0.0,0.0,1899.0,1091.0,257.476,5.195,0.0,0.0,prepaid,1.039,106.0,0.0,0.0,0.0,125.08,-952.37,"",'132836202244518748101,2026-05-04,11102112480,48b4bcd0-882a-42da-811c-225a6f170fe6,11102112480,Reverse,100047383507,100047383507,11504,1039.05,5.0,637.0,0.0,637.0,exchange,0.0,0.0,0.0,0.0,0.0,0.0,0.0,0.0,NA,0,1261.99
NFT-/XUTR/DEUTH026124A05FZX,24.57,0.0,0.0,1650.0,516.0,133.954,2.457,0.0,0.0,prepaid,0.491,182.0,0.0,0.0,0.0,214.76,-593.858,"",'132790423379005187403,2026-05-04,11092682202,f56f12f3-08e7-4873-8894-f9e3f8c2cc38,100153204635,Reverse,100037953247,1000011586473,11504,491.43,5.0,1040.0,0.0,1040.0,return_refund,0.0,0.0,0.0,0.0,0.0,0.0,0.0,0.0,NA,0,610.0
NFT-/XUTR/DEUTH026124A05FZX,41.38,0.0,0.0,1899.0,68.83999999999999,17.871,0.328,0.0,0.0,prepaid,0.066,8.397,0.0,0.0,0.0,9.90846,-60.483,"",'132840924568206535103,2026-05-04,11103412792,472ae837-7e79-4b47-8d21-fc28be8075e7,100153642014,Reverse,100048683801,100048683801,11504,827.62,5.0,936.0,0.0,936.0,return_refund,0.0,0.0,0.0,0.0,0.0,0.0,0.0,0.0,NA,0,963.0
NFT-/XUTR/DEUTH026124A05FZX,36.0,0.0,0.0,2299.0,756.0,35.683,3.6,0.0,0.0,prepaid,0.72,0.0,0.0,27.0,0.0,31.86,684.137,"",'132827466344072270401,2026-05-04,11100324174,6b182567-a772-493c-9e8f-7b960d4f66f9,"",Forward,100045595207,1000013226080,11504,720,5.0,1449.0,0.0,1449.0,packet_delivered,0.0,0.0,0.0,0.0,0.0,0.0,0.0,0.0,NA,0,850.0
NFT-/XUTR/DEUTH026124A05FZX,20.62,0.0,0.0,1699.0,433.00000000000006,20.438,2.062,0.0,0.0,prepaid,0.412,106.0,0.0,0.0,0.0,125.08,-535.168,"",'132827466344072270401,2026-05-04,11100324177,6b182567-a772-493c-9e8f-7b960d4f66f9,11100324177,Reverse,100045595210,1000013226080,11504,412.38,5.0,1207.0,0.0,1207.0,exchange,0.0,0.0,0.0,0.0,0.0,0.0,0.0,0.0,NA,0,492.0
NFT-/XUTR/DEUTH026124A05FZX,63.24,0.0,0.0,2999.0,1328.0,329.078,6.324,0.0,0.0,prepaid,1.265,0.0,0.0,45.0,0.0,53.1,938.233,"",'132796112776700137703,2026-05-04,11093768200,ca541488-b9ac-491b-bf46-c774337b204e,"",Forward,100039039243,100039039243,11504,1264.76,5.0,1500.0,0.0,1500.0,packet_delivered,0.0,0.0,0.0,0.0,0.0,0.0,0.0,0.0,NA,0,1499.0
NFT-/XUTR/DEUTH026124A05FZX,38.33,0.0,0.0,1799.0,147.48,38.286,0.702,0.0,0.0,prepaid,0.14,33.343,0.0,0.0,0.0,39.34474,-147.697,"",'132810299564990453003,2026-05-04,11096750018,2043b4a3-5300-46e0-854e-9380834e51b0,100153062329,Reverse,100042021059,1000012045410,11504,766.67,5.0,900.0,0.0,900.0,return_refund,0.0,0.0,0.0,0.0,0.0,0.0,0.0,0.0,NA,0,899.0
NFT-/XUTR/DEUTH026124A05FZX,60.86,0.0,0.0,2899.0,1278.0,316.688,6.086,0.0,0.0,prepaid,1.217,0.0,0.0,45.0,0.0,53.1,900.909,"",'132784203292556166701,2026-05-04,11090634744,11e825c4-0ecd-48cf-b593-3f5ad08c0e36,"",Forward,100035905795,100035905795,11504,1217.14,5.0,1450.0,0.0,1450.0,packet_delivered,0.0,0.0,0.0,0.0,0.0,0.0,0.0,0.0,NA,0,1448.98
NFT-/XUTR/DEUTH026124A05FZX,0.0,19.83,19.83,1950.0,833.0,216.247,0.0,1.9835,1.9835,prepaid,0.793,0.0,0.0,27.0,0.0,31.86,580.133,"",'132841267855839945401,2026-05-04,11103522324,0483e67e-0295-439d-8e98-3d873eefa77f,"",Forward,100048793333,1000014037112,11504,793.34,5.0,1023.0,0.0,1023.0,packet_delivered,0.0,0.0,0.0,0.0,0.0,0.0,0.0,0.0,NA,0,927.0000000000001
NFT-/XUTR/DEUTH026124A05FZX,60.86,0.0,0.0,2899.0,1278.0,316.688,6.086,0.0,0.0,prepaid,1.217,106.0,0.0,0.0,0.0,125.08,-1079.089,"",'132824226558685560101,2026-05-04,11100016429,1ec778f9-5253-477f-af5d-ddef80c6d16c,100153783999,Reverse,100045287462,100045287462,11504,1217.14,5.0,1450.0,0.0,1450.0,return_refund,0.0,0.0,0.0,0.0,0.0,0.0,0.0,0.0,NA,0,1449.0
NFT-/XUTR/DEUTH026124A05FZX,63.24,0.0,0.0,2999.0,1328.0,329.078,6.324,0.0,0.0,prepaid,1.265,0.0,0.0,45.0,0.0,53.1,938.233,"",'132807376975135008403,2026-05-04,11096525293,d0d288c2-cbf8-47fa-91f8-e3a2935deeba,"",Forward,100041796334,100041796334,11504,1264.76,5.0,1500.0,0.0,1500.0,packet_delivered,0.0,0.0,0.0,0.0,0.0,0.0,0.0,0.0,NA,0,1498.99
NFT-/XUTR/DEUTH026124A05FZX,19.1,0.0,0.0,1599.0,400.99999999999994,18.927,1.91,0.0,0.0,prepaid,0.382,167.0,0.0,0.0,0.0,197.06,-576.841,"",'132787850381028107803,2026-05-04,11091764229,10c7304b-b53c-48d3-8f45-44e7d8f278b9,100152501259,Reverse,100037035274,100037035274,11504,381.9,5.0,1104.0,0.0,1104.0,return_refund,0.0,0.0,0.0,0.0,0.0,0.0,0.0,0.0,NA,0,495.0
NFT-/XUTR/DEUTH026124A05FZX,36.0,0.0,0.0,2299.0,756.0,35.683,3.6,0.0,0.0,prepaid,0.72,127.0,0.0,0.0,0.0,149.86,-865.857,"",'132794380825891570203,2026-05-04,11093273373,a573c5ce-8ccc-4fd3-9aa5-8145bdd528db,100152142446,Reverse,100038544417,100038544417,11504,720,5.0,1449.0,0.0,1449.0,return_refund,0.0,0.0,0.0,0.0,0.0,0.0,0.0,0.0,NA,0,850.0
NFT-/XUTR/DEUTH026124A05FZX,425.9,0.0,0.0,2999.0,2792.0,658.912,11.831,0.0,0.0,prepaid,2.366,182.0,0.0,0.0,0.0,214.76,-2333.651,"",'132798220736530419501,2026-05-04,11094409468,7f113f99-d7e8-45db-84e5-62f6ddd26599,100153486508,Reverse,100039680510,100039680510,11504,2366.1,18.0,1.0,0.0,1.0,return_refund,0.0,0.0,0.0,0.0,0.0,0.0,0.0,0.0,NA,0,2998.0
NFT-/XUTR/DEUTH026124A05FZX,37.19,0.0,0.0,1750.0,781.0,202.748,3.719,0.0,0.0,prepaid,0.744,0.0,0.0,27.0,0.0,31.86,541.929,"",'132779149825002176301,2026-05-04,11089710966,6d14997b-c938-435a-8061-de09b333c7ac,"",Forward,100034982017,100034982017,11504,743.81,5.0,875.0,0.0,875.0,packet_delivered,0.0,0.0,0.0,0.0,0.0,0.0,0.0,0.0,NA,0,875.0
NFT-/XUTR/DEUTH026124A05FZX,0.0,51.74,51.74,3399.0,2173.0,487.187,0.0,5.174,5.174,prepaid,2.07,0.0,0.0,61.0,0.0,71.98,1601.415,"",'132793647489951781601,2026-05-04,11093062699,1bbf083e-a417-4bc1-a387-fa92b5902b42,"",Forward,100038333743,100038333743,11504,2069.52,5.0,1020.0,0.0,1020.0,packet_delivered,0.0,0.0,0.0,0.0,0.0,0.0,0.0,0.0,NA,0,2379.0099999999993
NFT-/XUTR/DEUTH026124A05FZX,82.29,0.0,0.0,1899.0,934.86,220.627,4.452,0.0,0.0,prepaid,0.89,0.0,0.0,24.345,0.0,28.7271,680.164,"",'132794754639113615103,2026-05-04,11093380938,6b5b7018-699d-455a-bbfd-873740658c8e,"",Forward,100038651982,1000011045029,11504,1645.71,5.0,0.0,0.0,0.0,packet_delivered,0.0,0.0,0.0,0.0,0.0,0.0,0.0,0.0,NA,0,1899.0
NFT-/XUTR/DEUTH026124A05FZX,35.76,0.0,0.0,1799.0,202.0,52.439,0.962,0.0,0.0,prepaid,0.192,0.0,0.0,7.262,0.0,8.56916,139.838,"",'132801603147519854501,2026-05-04,11094774576,7617efcf-2d94-4513-8a67-584845bba81e,"",Forward,100040045618,1000011461397,11504,715.24,5.0,954.0,0.0,954.0,packet_delivered,0.0,0.0,0.0,0.0,0.0,0.0,0.0,0.0,NA,0,845.0
NFT-/XUTR/DEUTH026124A05FZX,72.76,0.0,0.0,1699.0,1528.0,360.608,7.276,0.0,0.0,prepaid,1.455,0.0,0.0,45.0,0.0,53.1,1105.561,"",'132801919381113942901,2026-05-04,11094842134,e7ab8ea7-9d56-4d0a-994c-a670dcbc9fdf,"",Forward,100040113176,1000011487502,11504,1455.24,5.0,0.0,0.0,0.0,packet_delivered,0.0,0.0,0.0,0.0,0.0,0.0,0.0,0.0,NA,0,1699.0
NFT-/XUTR/DEUTH026124A05FZX,47.05,0.0,0.0,2899.0,988.0,256.485,4.705,0.0,0.0,prepaid,0.941,182.0,0.0,0.0,0.0,214.76,-940.629,"",'132805014644705976703,2026-05-04,11095733245,3aa36061-a47d-45ee-a400-956abf07e18a,100154987533,Reverse,100041004286,100041004286,11504,940.95,5.0,1740.0,0.0,1740.0,return_refund,0.0,0.0,0.0,0.0,0.0,0.0,0.0,0.0,NA,0,1159.0
NFT-/XUTR/DEUTH026124A05FZX,55.14,0.0,0.0,1899.0,1158.0,273.288,5.514,0.0,0.0,prepaid,1.103,0.0,0.0,45.0,0.0,53.1,824.995,"",'132786341568426999101,2026-05-04,11091274300,c4095de0-2f31-4224-985a-17f3338eed85,"",Forward,100036545345,100036545345,11504,1102.86,5.0,570.0,0.0,570.0,packet_delivered,0.0,0.0,0.0,0.0,0.0,0.0,0.0,0.0,NA,0,1329.0
NFT-/XUTR/DEUTH026124A05FZX,53.52,0.0,0.0,1850.0,1124.0,265.264,5.352,0.0,0.0,prepaid,1.07,0.0,0.0,45.0,0.0,53.1,799.214,"",'132822957451583605303,2026-05-04,11099559661,fcd6f04c-e628-4110-b9a1-af2f24a16446,"",Forward,100044830695,100044830695,11504,1070.48,5.0,555.0,0.0,555.0,packet_delivered,0.0,0.0,0.0,0.0,0.0,0.0,0.0,0.0,NA,0,1295.0
NFT-/XUTR/DEUTH026124A05FZX,27.19,0.0,0.0,1799.0,571.0,148.232,2.719,0.0,0.0,prepaid,0.544,167.0,0.0,0.0,0.0,197.06,-616.565,"",'132772316540504152803,2026-05-04,11088310780,01d42a81-41b3-4ef9-8742-7ac79690b6d5,100152955211,Reverse,100033581833,100033581833,11504,543.81,5.0,1134.0,0.0,1134.0,return_refund,0.0,0.0,0.0,0.0,0.0,0.0,0.0,0.0,NA,0,665.0
NFT-/XUTR/DEUTH026124A05FZX,12.79,0.0,0.0,499.0,439.0,67.343,2.131,0.0,0.0,prepaid,0.426,0.0,0.0,27.0,0.0,31.86,337.24,"",'132804919877024503803,2026-05-04,11095706647,7a9fd5a0-404f-4081-b95b-84ff8614bc3b,"",Forward,100040977688,100040977688,11504,426.21,3.0,1.0,0.0,1.0,packet_delivered,0.0,0.0,0.0,0.0,0.0,0.0,0.0,0.0,NA,0,498.0
NFT-/XUTR/DEUTH026124A05FZX,58.95,0.0,0.0,2999.0,1238.0,306.776,5.895,0.0,0.0,prepaid,1.179,0.0,0.0,45.0,0.0,53.1,871.05,"",'132813243700045936001,2026-05-04,11097487501,13a8911f-dfb7-4016-902a-10382a4dc6fb,"",Forward,100042758539,100042758539,11504,1179.05,5.0,1590.0,0.0,1590.0,packet_delivered,0.0,0.0,0.0,0.0,0.0,0.0,0.0,0.0,NA,0,1409.0
NFT-/XUTR/DEUTH026124A05FZX,23.67,0.0,0.0,1599.0,496.99999999999994,23.458,2.367,0.0,0.0,prepaid,0.473,167.0,0.0,0.0,0.0,197.06,-667.762,"",'132755148876411681101,2026-05-04,11084495642,d6c3cff7-c8ed-4c76-ac26-c14291d825a7,100153288067,Reverse,100029766698,100029766698,11504,473.33,5.0,1008.0,0.0,1008.0,return_refund,0.0,0.0,0.0,0.0,0.0,0.0,0.0,0.0,NA,0,591.0
NFT-/XUTR/DEUTH026124A05FZX,19.05,0.0,0.0,1499.0,400.0,18.88,1.905,0.0,0.0,prepaid,0.381,0.0,0.0,0.0,0.0,0.0,378.834,"",'132793895106971835101,2026-05-04,11093131796,9f803099-e6ac-4323-b3f4-01a95ac51781,"",Forward,100038402840,1000010970763,11504,380.95,5.0,1005.0,0.0,1005.0,packet_delivered,0.0,0.0,0.0,0.0,0.0,0.0,0.0,0.0,NA,0,494.0
NFT-/XUTR/DEUTH026124A05FZX,49.24,0.0,0.0,1799.0,1034.0,244.024,4.924,0.0,0.0,prepaid,0.985,0.0,0.0,45.0,0.0,53.1,730.967,"",'132819550026078729001,2026-05-04,11098641460,096caaf6-02b6-437d-a1fc-cb4b8664499c,"",Forward,100043912495,1000012654805,11504,984.76,5.0,594.0,0.0,594.0,packet_delivered,0.0,0.0,0.0,0.0,0.0,0.0,0.0,0.0,NA,0,1205.0
NFT-/XUTR/DEUTH026124A05FZX,0.0,20.36,20.36,1899.0,426.775,110.791,0.0,1.016,1.016,prepaid,0.406,0.0,0.0,13.477,0.0,15.90286,297.643,"",'132821280044113832901,2026-05-04,11099095835,66d74f4e-7cee-4823-b218-9360cfb10326,"",Forward,100044366870,100044366870,11504,814.28,5.0,950.0,0.0,950.0,packet_delivered,0.0,0.0,0.0,0.0,0.0,0.0,0.0,0.0,NA,0,948.99
NFT-/XUTR/DEUTH026124A05FZX,39.52,0.0,0.0,2499.0,830.0,215.468,3.952,0.0,0.0,prepaid,0.79,167.0,0.0,0.0,0.0,197.06,-806.85,"",'132777510204521882301,2026-05-04,11089228120,5deb19de-a9cb-4af1-8d17-2cf84e486188,100152340982,Reverse,100034499171,1000010371752,11504,790.48,5.0,1575.0,0.0,1575.0,return_refund,0.0,0.0,0.0,0.0,0.0,0.0,0.0,0.0,NA,0,924.0
NFT-/XUTR/DEUTH026124A05FZX,51.86,0.0,0.0,1799.0,1089.0,257.004,5.186,0.0,0.0,prepaid,1.037,0.0,0.0,45.0,0.0,53.1,772.673,"",'132788345650484831901,2026-05-04,11091929540,e3afc87f-b56c-4281-96ba-6f62ef9957cb,"",Forward,100037200585,100037200585,11504,1037.14,5.0,539.0,0.0,539.0,packet_delivered,0.0,0.0,0.0,0.0,0.0,0.0,0.0,0.0,NA,0,1260.0
NFT-/XUTR/DEUTH026124A05FZX,0.0,9.52,9.52,1699.0,400.0,18.88,0.0,0.9525,0.9525,prepaid,0.381,0.0,0.0,0.0,0.0,0.0,378.834,"",'132837214425702077501,2026-05-04,11102375823,5ab718ab-c36d-4405-85ad-9742df7987c3,"",Forward,100047646850,100047646850,11504,380.96,5.0,1205.0,0.0,1205.0,packet_delivered,0.0,0.0,0.0,0.0,0.0,0.0,0.0,0.0,NA,0,493.97999999999996
NFT-/XUTR/DEUTH026124A05FZX,60.86,0.0,0.0,2899.0,1278.0,316.688,6.086,0.0,0.0,prepaid,1.217,182.0,0.0,0.0,0.0,214.76,-1168.769,"",'132814987841751085101,2026-05-04,11097946441,4640d3d6-f10a-4670-a442-84ade180e7b0,100153606577,Reverse,100043217477,1000012695536,11504,1217.14,5.0,1450.0,0.0,1450.0,return_refund,0.0,0.0,0.0,0.0,0.0,0.0,0.0,0.0,NA,0,1449.0
NFT-/XUTR/DEUTH026124A05FZX,0.0,31.71,31.71,3199.0,1332.0,330.07,0.0,3.1715,3.1715,prepaid,1.269,106.0,0.0,0.0,0.0,125.08,-1119.398,"",'132820566474614368203,2026-05-04,11098897618,a39aef7d-6473-41d7-bfe1-ee55b8d44561,100153089527,Reverse,100044168653,100044168653,11504,1268.58,5.0,1696.0,0.0,1696.0,return_refund,0.0,0.0,0.0,0.0,0.0,0.0,0.0,0.0,NA,0,1503.0
NFT-/XUTR/DEUTH026124A05FZX,0.0,17.98,17.98,1699.0,755.0,195.998,0.0,1.7975,1.7975,prepaid,0.719,0.0,0.0,27.0,0.0,31.86,522.828,"",'132815470817596191501,2026-05-04,11098131865,e7aed033-c7bf-41ed-84d5-433751e83dba,"",Forward,100043402901,100043402901,11504,719.04,5.0,850.0,0.0,850.0,packet_delivered,0.0,0.0,0.0,0.0,0.0,0.0,0.0,0.0,NA,0,849.0
NFT-/XUTR/DEUTH026124A05FZX,56.71,0.0,0.0,2899.0,1191.0,295.13,5.671,0.0,0.0,prepaid,1.134,167.0,0.0,0.0,0.0,197.06,-1086.125,"",'132784502395683834703,2026-05-04,11090693924,32db990f-4864-4140-8a50-53ab7e91c394,100155014013,Reverse,100035964973,100035964973,11504,1134.29,5.0,1537.0,0.0,1537.0,return_refund,0.0,0.0,0.0,0.0,0.0,0.0,0.0,0.0,NA,0,1362.0
NFT-/XUTR/DEUTH026124A05FZX,43.1,0.0,0.0,1999.0,904.9999999999999,234.938,4.31,0.0,0.0,prepaid,0.862,106.0,0.0,0.0,0.0,125.08,-789.97,"",'132816380613170942503,2026-05-04,11098327435,316eb2c8-8c16-4f6b-8f93-ec75a94aeb88,11098327435,Reverse,100043598471,1000012512612,11504,861.9,5.0,1000.0,0.0,1000.0,exchange,0.0,0.0,0.0,0.0,0.0,0.0,0.0,0.0,NA,0,999.0
NFT-/XUTR/DEUTH026124A05FZX,48.48,0.0,0.0,1699.0,1018.0,240.248,4.848,0.0,0.0,prepaid,0.97,0.0,0.0,45.0,0.0,53.1,718.834,"",'132799573688561968301,2026-05-04,11094639361,9e224e42-172c-4631-99b4-b14876cc1f8c,"",Forward,100039910403,100039910403,11504,969.52,5.0,510.0,0.0,510.0,packet_delivered,0.0,0.0,0.0,0.0,0.0,0.0,0.0,0.0,NA,0,1189.0
NFT-/XUTR/DEUTH026124A05FZX,40.71,0.0,0.0,1899.0,855.0,211.869,4.071,0.0,0.0,prepaid,0.814,0.0,0.0,27.0,0.0,31.86,606.386,"",'132815497416726009603,2026-05-04,11098142231,ca3c1184-59b7-4cf0-ba5e-9b8325b3ce91,"",Forward,100043413267,100043413267,11504,814.29,5.0,950.0,0.0,950.0,packet_delivered,0.0,0.0,0.0,0.0,0.0,0.0,0.0,0.0,NA,0,949.0
NFT-/XUTR/DEUTH026124A05FZX,40.29,0.0,0.0,2750.0,640.0,166.144,3.048,0.0,0.0,prepaid,0.61,126.336,0.0,0.0,0.0,149.07648,-619.274,"",'132781687864354765503,2026-05-04,11090463285,7d2c4964-63ca-4e0c-8345-c0346ebf374e,100152376901,Reverse,100035734336,100035734336,11504,805.71,5.0,1733.0,206.0,1939.0,return_refund,0.0,0.0,0.0,0.0,0.0,0.0,0.0,0.0,NA,0,1017.0
NFT-/XUTR/DEUTH026124A05FZX,34.05,0.0,0.0,1799.0,715.0,185.614,3.405,0.0,0.0,prepaid,0.681,182.0,0.0,0.0,0.0,214.76,-740.06,"",'132795938644311851003,2026-05-04,11093718662,941ca861-b3d9-4ccd-af1f-0d4a0ed05483,11093718662,Reverse,100038989706,100038989706,11504,680.95,5.0,990.0,0.0,990.0,exchange,0.0,0.0,0.0,0.0,0.0,0.0,0.0,0.0,NA,0,808.99
NFT-/XUTR/DEUTH026124A05FZX,37.19,0.0,0.0,1750.0,781.0,202.748,3.719,0.0,0.0,prepaid,0.744,106.0,0.0,0.0,0.0,125.08,-698.869,"",'132810924429471137103,2026-05-04,11096884973,6b9d2e7f-eca5-4f80-9d0f-01630b402c44,11096884973,Reverse,100042156014,100042156014,11504,743.81,5.0,875.0,0.0,875.0,exchange,0.0,0.0,0.0,0.0,0.0,0.0,0.0,0.0,NA,0,874.99
NFT-/XUTR/DEUTH026124A05FZX,35.76,0.0,0.0,1799.0,751.0,194.96,3.576,0.0,0.0,prepaid,0.715,106.0,0.0,0.0,0.0,125.08,-676.829,"",'132824197206923893701,2026-05-04,11100005145,7d57c36e-4582-4811-b096-b7cd21b5d388,100153758946,Reverse,100045276178,1000012995229,11504,715.24,5.0,954.0,0.0,954.0,return_refund,0.0,0.0,0.0,0.0,0.0,0.0,0.0,0.0,NA,0,845.0
NFT-/XUTR/DEUTH026124A05FZX,43.05,0.0,0.0,2699.0,904.0,234.678,4.305,0.0,0.0,prepaid,0.861,0.0,0.0,27.0,0.0,31.86,632.296,"",'132793063203760644403,2026-05-04,11092908900,12281599-46cf-4972-b52c-b053b22fda46,"",Forward,100038179944,100038179944,11504,860.95,5.0,1701.0,0.0,1701.0,packet_delivered,0.0,0.0,0.0,0.0,0.0,0.0,0.0,0.0,NA,0,998.0
NFT-/XUTR/DEUTH026124A05FZX,55.14,0.0,0.0,1899.0,1158.0,273.288,5.514,0.0,0.0,prepaid,1.103,0.0,0.0,45.0,0.0,53.1,824.995,"",'132805204379905129601,2026-05-04,11095786822,c236a340-dfc4-40c2-bec5-0851583b41d1,"",Forward,100041057863,100041057863,11504,1102.86,5.0,570.0,0.0,570.0,packet_delivered,0.0,0.0,0.0,0.0,0.0,0.0,0.0,0.0,NA,0,1329.0
NFT-/XUTR/DEUTH026124A05FZX,42.0,0.0,0.0,2999.0,882.0,228.967,4.2,0.0,0.0,prepaid,0.84,0.0,0.0,27.0,0.0,31.86,616.133,"",'132831321477755341503,2026-05-04,11101301233,afb5e296-d6b5-4821-bc7e-247563c49426,"",Forward,100046572260,1000013770251,11504,840,5.0,1946.0,0.0,1946.0,packet_delivered,0.0,0.0,0.0,0.0,0.0,0.0,0.0,0.0,NA,0,1053.0
NFT-/XUTR/DEUTH026124A05FZX,0.0,21.21,21.21,3399.0,891.0,231.304,0.0,2.1215,2.1215,prepaid,0.849,106.0,0.0,0.0,0.0,125.08,-779.684,"",'132811742865749153003,2026-05-04,11097101272,ba44784a-196a-4941-b2a0-34b4f5e8d50d,11097101272,Reverse,100042372313,100042372313,11504,848.58,5.0,2414.0,0.0,2414.0,exchange,0.0,0.0,0.0,0.0,0.0,0.0,0.0,0.0,NA,0,985.0000000000001
NFT-/XUTR/DEUTH026124A05FZX,12.79,0.0,0.0,499.0,439.0,67.343,2.131,0.0,0.0,prepaid,0.426,0.0,0.0,27.0,0.0,31.86,337.24,"",'132781755429621035201,2026-05-04,11090471919,caf6ebf3-0257-4013-b479-3b9905590fe7,"",Forward,100035742970,100035742970,11504,426.21,3.0,1.0,0.0,1.0,packet_delivered,0.0,0.0,0.0,0.0,0.0,0.0,0.0,0.0,NA,0,498.0
NFT-/XUTR/DEUTH026124A05FZX,53.48,0.0,0.0,3499.0,1123.0,278.279,5.348,0.0,0.0,prepaid,1.07,0.0,0.0,45.0,0.0,53.1,785.203,"",'132805648659057516701,2026-05-04,11095925598,b0310715-beed-417c-877d-f03e381c7a94,"",Forward,100041196639,100041196639,11504,1069.52,5.0,2205.0,0.0,2205.0,packet_delivered,0.0,0.0,0.0,0.0,0.0,0.0,0.0,0.0,NA,0,1294.0
NFT-/XUTR/DEUTH026124A05FZX,41.95,0.0,0.0,1950.0,881.0,228.708,4.195,0.0,0.0,prepaid,0.839,0.0,0.0,27.0,0.0,31.86,615.398,"",'132815179644790810401,2026-05-04,11098017853,18612791-3789-4d6d-8417-02ad5bdbbb1e,"",Forward,100043288889,100043288889,11504,839.05,5.0,975.0,0.0,975.0,packet_delivered,0.0,0.0,0.0,0.0,0.0,0.0,0.0,0.0,NA,0,975.0
NFT-/XUTR/DEUTH026124A05FZX,19.05,0.0,0.0,1499.0,400.0,18.88,1.905,0.0,0.0,prepaid,0.381,0.0,0.0,0.0,0.0,0.0,378.834,"",'132786797300419198701,2026-05-04,11091425888,be106f97-144b-4072-9e0c-2f6436c5ba36,"",Forward,100036696933,100036696933,11504,380.95,5.0,1005.0,0.0,1005.0,packet_delivered,0.0,0.0,0.0,0.0,0.0,0.0,0.0,0.0,NA,0,493.99
NFT-/XUTR/DEUTH026124A05FZX,35.76,0.0,0.0,1799.0,751.0,194.96,3.576,0.0,0.0,prepaid,0.715,167.0,0.0,0.0,0.0,197.06,-748.809,"",'132777927064661385803,2026-05-04,11089356062,58ac38c2-0be1-4592-9e4a-059bb3ef71a7,100151984683,Reverse,100034627114,1000009864438,11504,715.24,5.0,954.0,0.0,954.0,return_refund,0.0,0.0,0.0,0.0,0.0,0.0,0.0,0.0,NA,0,845.0
NFT-/XUTR/DEUTH026124A05FZX,0.0,251.16,251.16,4999.0,3293.0,777.148,0.0,6.9765,6.9765,prepaid,2.791,106.0,0.0,0.0,0.0,125.08,-2624.188,"",'132803943951378200103,2026-05-04,11095438655,90bc72e4-748f-46c7-829f-344adf07927a,100152984848,Reverse,100040709696,1000012142238,11504,2790.68,18.0,1500.0,0.0,1500.0,return_refund,0.0,0.0,0.0,0.0,0.0,0.0,0.0,0.0,NA,0,3499.0099999999993
NFT-/XUTR/DEUTH026124A05FZX,0.0,51.74,51.74,3399.0,2173.0,487.187,0.0,5.174,5.174,prepaid,2.07,106.0,0.0,0.0,0.0,125.08,-1798.475,"",'132832303148508078503,2026-05-04,11101575300,b4361810-6639-4575-aca4-0318cad0f6d2,100153183807,Reverse,100046846327,1000013499375,11504,2069.52,5.0,1020.0,0.0,1020.0,return_refund,0.0,0.0,0.0,0.0,0.0,0.0,0.0,0.0,NA,0,2378.9999999999995
NFT-/XUTR/DEUTH026124A05FZX,23.67,0.0,0.0,1599.0,497.0,23.458,2.367,0.0,0.0,prepaid,0.473,0.0,0.0,27.0,0.0,31.86,438.842,"",'132810791280091434301,2026-05-04,11096853117,3f985cc5-741e-40de-abfc-eb6558a542de,"",Forward,100042124158,1000012094141,11504,473.33,5.0,1008.0,0.0,1008.0,packet_delivered,0.0,0.0,0.0,0.0,0.0,0.0,0.0,0.0,NA,0,591.0
NFT-/XUTR/DEUTH026124A05FZX,56.86,0.0,0.0,1950.0,1194.0,281.784,5.686,0.0,0.0,prepaid,1.137,0.0,0.0,45.0,0.0,53.1,852.293,"",'132797643938972281403,2026-05-04,11094201664,6b22fbae-b6f1-40ef-ae05-211fb85739bc,"",Forward,100039472706,1000011266545,11504,1137.14,5.0,585.0,0.0,585.0,packet_delivered,0.0,0.0,0.0,0.0,0.0,0.0,0.0,0.0,NA,0,1365.0
NFT-/XUTR/DEUTH026124A05FZX,487.07,0.0,0.0,3399.0,3193.0,753.548,13.53,0.0,0.0,prepaid,2.706,0.0,0.0,61.0,0.0,71.98,2351.236,"",'132832759005979988603,2026-05-04,11101723138,a50a6d01-d2f0-433d-9f75-9d90a9362aa8,"",Forward,100046994165,100046994165,11504,2705.93,18.0,0.0,0.0,0.0,packet_delivered,0.0,0.0,0.0,0.0,0.0,0.0,0.0,0.0,NA,0,3399.0
NFT-/XUTR/DEUTH026124A05FZX,0.0,39.67,39.67,2625.0,1666.0,412.835,0.0,3.9665,3.9665,prepaid,1.587,0.0,0.0,45.0,0.0,53.1,1190.545,"",'132806406722009536303,2026-05-04,11096183025,894a3e4f-e510-4466-9ee7-e6bfdf95070f,"",Forward,100041454066,100041454066,11504,1586.66,5.0,788.0,0.0,788.0,packet_delivered,0.0,0.0,0.0,0.0,0.0,0.0,0.0,0.0,NA,0,1837.0000000000002
NFT-/XUTR/DEUTH026124A05FZX,90.14,0.0,0.0,2999.0,1893.0,469.085,9.014,0.0,0.0,prepaid,1.803,106.0,0.0,0.0,0.0,125.08,-1538.178,"",'132819398602580206201,2026-05-04,11098605261,bd02f8e3-b7d1-4d1e-a9f8-c5dbb0e1b5fb,100152454066,Reverse,100043876296,100043876296,11504,1802.86,5.0,900.0,0.0,900.0,return_refund,0.0,0.0,0.0,0.0,0.0,0.0,0.0,0.0,NA,0,2099.0
NFT-/XUTR/DEUTH026124A05FZX,60.86,0.0,0.0,2899.0,1278.0,316.688,6.086,0.0,0.0,prepaid,1.217,0.0,0.0,45.0,0.0,53.1,900.909,"",'132816234688479621503,2026-05-04,11098312278,55943d56-fb00-41ff-bb71-a71f584f1b2e,"",Forward,100043583314,100043583314,11504,1217.14,5.0,1450.0,0.0,1450.0,packet_delivered,0.0,0.0,0.0,0.0,0.0,0.0,0.0,0.0,NA,0,1449.0
NFT-/XUTR/DEUTH026124A05FZX,0.0,30.43,30.43,2899.0,1278.0,316.688,0.0,3.043,3.043,prepaid,1.217,0.0,0.0,45.0,0.0,53.1,900.909,"",'132819589227377424801,2026-05-04,11098651418,e2366e2d-275d-47e4-98d0-95e02d87fc2f,"",Forward,100043922453,100043922453,11504,1217.14,5.0,1450.0,0.0,1450.0,packet_delivered,0.0,0.0,0.0,0.0,0.0,0.0,0.0,0.0,NA,0,1449.0000000000002
NFT-/XUTR/DEUTH026124A05FZX,70.38,0.0,0.0,3299.0,1478.0,366.248,7.038,0.0,0.0,prepaid,1.408,0.0,0.0,45.0,0.0,53.1,1050.206,"",'132828764897302363703,2026-05-04,11100644784,5aaa216c-76d6-4b2a-8557-229c9460fe35,"",Forward,100045915817,100045915817,11504,1407.62,5.0,1650.0,0.0,1650.0,packet_delivered,0.0,0.0,0.0,0.0,0.0,0.0,0.0,0.0,NA,0,1649.0
NFT-/XUTR/DEUTH026124A05FZX,33.57,0.0,0.0,1599.0,705.0,183.018,3.357,0.0,0.0,prepaid,0.671,182.0,0.0,0.0,0.0,214.76,-732.714,"",'132818633524266800201,2026-05-04,11098453413,ca55954d-3b9f-403a-b9a9-1baa939a2263,100153412121,Reverse,100043724449,1000012685591,11504,671.43,5.0,800.0,0.0,800.0,return_refund,0.0,0.0,0.0,0.0,0.0,0.0,0.0,0.0,NA,0,799.0
NFT-/XUTR/DEUTH026124A05FZX,63.24,0.0,0.0,2999.0,1328.0,329.078,6.324,0.0,0.0,prepaid,1.265,0.0,0.0,45.0,0.0,53.1,938.233,"",'132801392967816262101,2026-05-04,11094738762,d78e2301-68c9-434b-830d-ab072170c3dc,"",Forward,100040009804,100040009804,11504,1264.76,5.0,1500.0,0.0,1500.0,packet_delivered,0.0,0.0,0.0,0.0,0.0,0.0,0.0,0.0,NA,0,1499.0
NFT-/XUTR/DEUTH026124A05FZX,0.0,17.02,17.02,1799.0,715.0,185.614,0.0,1.7025,1.7025,prepaid,0.681,0.0,0.0,27.0,0.0,31.86,493.44,"",'132807734925391372503,2026-05-04,11096572967,4a49521c-d8e3-46a8-9b03-d7af2c7f4f4c,"",Forward,100041844008,100041844008,11504,680.96,5.0,990.0,0.0,990.0,packet_delivered,0.0,0.0,0.0,0.0,0.0,0.0,0.0,0.0,NA,0,809.01
NFT-/XUTR/DEUTH026124A05FZX,44.67,0.0,0.0,2999.0,937.9999999999999,243.505,4.467,0.0,0.0,prepaid,0.893,106.0,0.0,0.0,0.0,125.08,-814.215,"",'132815516778802625901,2026-05-04,11098149561,92a9c095-47d6-4a9b-9fdc-c3f6e0e83147,100152494722,Reverse,100043420597,100043420597,11504,893.33,5.0,1890.0,0.0,1890.0,return_refund,0.0,0.0,0.0,0.0,0.0,0.0,0.0,0.0,NA,0,1109.0
NFT-/XUTR/DEUTH026124A05FZX,56.1,0.0,0.0,2699.0,1178.0,291.908,5.61,0.0,0.0,prepaid,1.122,0.0,0.0,45.0,0.0,53.1,826.26,"",'132800856227896165203,2026-05-04,11094679998,b8085c0e-0172-4282-acbd-49e8842890a1,"",Forward,100039951040,1000011606267,11504,1121.9,5.0,1350.0,0.0,1350.0,packet_delivered,0.0,0.0,0.0,0.0,0.0,0.0,0.0,0.0,NA,0,1349.0
NFT-/XUTR/DEUTH026124A05FZX,38.33,0.0,0.0,1799.0,805.0,208.978,3.833,0.0,0.0,prepaid,0.767,0.0,0.0,27.0,0.0,31.86,559.562,"",'132801919381113942901,2026-05-04,11094842130,e7ab8ea7-9d56-4d0a-994c-a670dcbc9fdf,"",Forward,100040113172,1000011487502,11504,766.67,5.0,900.0,0.0,900.0,packet_delivered,0.0,0.0,0.0,0.0,0.0,0.0,0.0,0.0,NA,0,899.0
NFT-/XUTR/DEUTH026124A05FZX,37.19,0.0,0.0,1750.0,781.0,202.748,3.719,0.0,0.0,prepaid,0.744,0.0,0.0,27.0,0.0,31.86,541.929,"",'132832831108483894303,2026-05-04,11101746386,39da272a-2448-45b7-8e9c-e8af0374cbea,"",Forward,100047017413,100047017413,11504,743.81,5.0,875.0,0.0,875.0,packet_delivered,0.0,0.0,0.0,0.0,0.0,0.0,0.0,0.0,NA,0,875.0
NFT-/XUTR/DEUTH026124A05FZX,60.86,0.0,0.0,2899.0,1278.0,316.688,6.086,0.0,0.0,prepaid,1.217,0.0,0.0,45.0,0.0,53.1,900.909,"",'132808231246617697903,2026-05-04,11096601736,14848637-18cb-4d70-90c9-0c8c835e99a2,"",Forward,100041872777,100041872777,11504,1217.14,5.0,1450.0,0.0,1450.0,packet_delivered,0.0,0.0,0.0,0.0,0.0,0.0,0.0,0.0,NA,0,1449.0
NFT-/XUTR/DEUTH026124A05FZX,35.76,0.0,0.0,1799.0,751.0,194.96,3.576,0.0,0.0,prepaid,0.715,106.0,0.0,0.0,0.0,125.08,-676.829,"",'132841052582015783301,2026-05-04,11103453345,b3be3bb0-9aae-4348-b363-a04cf93995ec,100154142511,Reverse,100048724354,100048724354,11504,715.24,5.0,954.0,0.0,954.0,return_refund,0.0,0.0,0.0,0.0,0.0,0.0,0.0,0.0,NA,0,845.0
NFT-/XUTR/DEUTH026124A05FZX,23.0,0.0,0.0,1650.0,483.0,22.798,2.3,0.0,0.0,prepaid,0.46,0.0,0.0,27.0,0.0,31.86,425.582,"",'132819072730691057901,2026-05-04,11098535102,1ed012ef-048e-42f7-bb1e-7696ef2ee200,"",Forward,100043806137,1000012603915,11504,460,5.0,1073.0,0.0,1073.0,packet_delivered,0.0,0.0,0.0,0.0,0.0,0.0,0.0,0.0,NA,0,577.0
NFT-/XUTR/DEUTH026124A05FZX,20.05,0.0,0.0,1599.0,421.00000000000006,19.871,2.005,0.0,0.0,prepaid,0.401,106.0,0.0,0.0,0.0,125.08,-523.803,"",'132840217379069327301,2026-05-04,11103218253,5d5b4cfe-d230-4939-bdf7-0866f7e01885,11103218253,Reverse,100048489262,100048489262,11504,400.95,5.0,1084.0,0.0,1084.0,exchange,0.0,0.0,0.0,0.0,0.0,0.0,0.0,0.0,NA,0,514.98
NFT-/XUTR/DEUTH026124A05FZX,40.24,0.0,0.0,1999.0,845.0,219.362,4.024,0.0,0.0,prepaid,0.805,0.0,0.0,27.0,0.0,31.86,588.949,"",'132781025530589755801,2026-05-04,11090302457,68e85ada-985b-4f8e-9f03-1838162cef08,"",Forward,100035573508,100035573508,11504,804.76,5.0,1060.0,0.0,1060.0,packet_delivered,0.0,0.0,0.0,0.0,0.0,0.0,0.0,0.0,NA,0,939.0
NFT-/XUTR/DEUTH026124A05FZX,40.24,0.0,0.0,1999.0,845.0,219.362,4.024,0.0,0.0,prepaid,0.805,0.0,0.0,27.0,0.0,31.86,588.949,"",'132803373023212656601,2026-05-04,11095276630,65c1e7d7-8d7b-4dd5-a4e3-c754de84ca8e,"",Forward,100040547672,1000011621091,11504,804.76,5.0,1060.0,0.0,1060.0,packet_delivered,0.0,0.0,0.0,0.0,0.0,0.0,0.0,0.0,NA,0,939.0
NFT-/XUTR/DEUTH026124A05FZX,0.0,36.38,36.38,3399.0,1528.0,378.638,0.0,3.638,3.638,prepaid,1.455,0.0,0.0,45.0,0.0,53.1,1087.531,"",'132818745238264803603,2026-05-04,11098471937,32e752d0-1ecf-47e0-ac19-e651a4bcb824,"",Forward,100043742973,1000012722164,11504,1455.24,5.0,1700.0,0.0,1700.0,packet_delivered,0.0,0.0,0.0,0.0,0.0,0.0,0.0,0.0,NA,0,1699.0000000000002
NFT-/XUTR/DEUTH026124A05FZX,18.57,0.0,0.0,1499.0,390.0,18.408,1.857,0.0,0.0,prepaid,0.371,0.0,0.0,0.0,0.0,0.0,369.364,"",'132796802727894610903,2026-05-04,11093952318,c026e63b-91c9-410c-8629-543b2c9188d1,"",Forward,100039223360,100039223360,11504,371.43,5.0,1050.0,0.0,1050.0,packet_delivered,0.0,0.0,0.0,0.0,0.0,0.0,0.0,0.0,NA,0,449.0
NFT-/XUTR/DEUTH026124A05FZX,37.19,0.0,0.0,1750.0,781.0,202.748,3.719,0.0,0.0,prepaid,0.744,0.0,0.0,27.0,0.0,31.86,541.929,"",'132797502103694721703,2026-05-04,11094154674,7ae9cb45-b20c-474b-bdaa-3486e46f8d94,"",Forward,100039425716,1000012167980,11504,743.81,5.0,875.0,0.0,875.0,packet_delivered,0.0,0.0,0.0,0.0,0.0,0.0,0.0,0.0,NA,0,875.0
NFT-/XUTR/DEUTH026124A05FZX,38.33,0.0,0.0,1799.0,147.48,38.286,0.702,0.0,0.0,prepaid,0.14,0.0,0.0,4.947,0.0,5.83746,102.515,"",'132810299564990453003,2026-05-04,11096750018,2043b4a3-5300-46e0-854e-9380834e51b0,"",Forward,100042021059,1000012045410,11504,766.67,5.0,900.0,0.0,900.0,packet_delivered,0.0,0.0,0.0,0.0,0.0,0.0,0.0,0.0,NA,0,899.0
NFT-/XUTR/DEUTH026124A05FZX,0.0,37.05,37.05,3399.0,1556.0,385.577,0.0,3.705,3.705,prepaid,1.482,0.0,0.0,45.0,0.0,53.1,1108.431,"",'132841256348943722903,2026-05-04,11103518643,2d1885ec-1a1e-4c78-af91-b3fec983fe05,"",Forward,100048789652,1000014272718,11504,1481.9,5.0,1672.0,0.0,1672.0,packet_delivered,0.0,0.0,0.0,0.0,0.0,0.0,0.0,0.0,NA,0,1727.0
NFT-/XUTR/DEUTH026124A05FZX,28.1,0.0,0.0,1850.0,590.0,153.164,2.81,0.0,0.0,prepaid,0.562,106.0,0.0,0.0,0.0,125.08,-558.544,"",'132816380613170942503,2026-05-04,11098327437,316eb2c8-8c16-4f6b-8f93-ec75a94aeb88,11098327437,Reverse,100043598473,1000012512612,11504,561.9,5.0,1166.0,0.0,1166.0,exchange,0.0,0.0,0.0,0.0,0.0,0.0,0.0,0.0,NA,0,684.0
NFT-/XUTR/DEUTH026124A05FZX,0.0,39.67,39.67,2625.0,1666.0,412.835,0.0,3.9665,3.9665,prepaid,1.587,0.0,0.0,45.0,0.0,53.1,1190.545,"",'132807809691222270703,2026-05-04,11096579471,2a44662f-7d74-4628-b3a6-82a9ea0fd9da,"",Forward,100041850512,100041850512,11504,1586.66,5.0,788.0,0.0,788.0,packet_delivered,0.0,0.0,0.0,0.0,0.0,0.0,0.0,0.0,NA,0,1837.0000000000002
NFT-/XUTR/DEUTH026124A05FZX,44.67,0.0,0.0,2999.0,938.0,243.505,4.467,0.0,0.0,prepaid,0.893,0.0,0.0,27.0,0.0,31.86,657.275,"",'132789264283038050303,2026-05-04,11092263183,56f3f22d-8e1d-4b4e-8300-8fcf61cf1f0d,"",Forward,100037534228,100037534228,11504,893.33,5.0,1890.0,0.0,1890.0,packet_delivered,0.0,0.0,0.0,0.0,0.0,0.0,0.0,0.0,NA,0,1109.0
NFT-/XUTR/DEUTH026124A05FZX,33.57,0.0,0.0,1599.0,705.0,183.018,3.357,0.0,0.0,prepaid,0.671,0.0,0.0,27.0,0.0,31.86,486.094,"",'132805920969931616401,2026-05-04,11096014992,af8846d3-1014-4139-a12d-18dc82a8e614,"",Forward,100041286033,1000011817632,11504,671.43,5.0,800.0,0.0,800.0,packet_delivered,0.0,0.0,0.0,0.0,0.0,0.0,0.0,0.0,NA,0,799.01
NFT-/XUTR/DEUTH026124A05FZX,41.19,0.0,0.0,2999.0,865.0,224.554,4.119,0.0,0.0,prepaid,0.824,0.0,0.0,27.0,0.0,31.86,603.643,"",'132818550824556999301,2026-05-04,11098441694,dd55303a-abc0-4791-aeed-5919d8e17947,"",Forward,100043712730,100043712730,11504,823.81,5.0,2040.0,0.0,2040.0,packet_delivered,0.0,0.0,0.0,0.0,0.0,0.0,0.0,0.0,NA,0,959.0
NFT-/XUTR/DEUTH026124A05FZX,72.76,0.0,0.0,3399.0,1528.0,378.638,7.276,0.0,0.0,prepaid,1.455,167.0,0.0,0.0,0.0,197.06,-1337.691,"",'132779571458459364501,2026-05-04,11089829857,9fcde606-b567-41dc-85e3-0e159f401318,100152431227,Reverse,100035100908,100035100908,11504,1455.24,5.0,1700.0,0.0,1700.0,return_refund,0.0,0.0,0.0,0.0,0.0,0.0,0.0,0.0,NA,0,1699.0
NFT-/XUTR/DEUTH026124A05FZX,72.76,0.0,0.0,3399.0,1528.0,378.638,7.276,0.0,0.0,prepaid,1.455,182.0,0.0,0.0,0.0,214.76,-1355.391,"",'132812711789688863701,2026-05-04,11097353723,186f34ca-ea45-4a49-8e94-0c1f3befa59e,100155446746,Reverse,100042624762,1000012692885,11504,1455.24,5.0,1700.0,0.0,1700.0,return_refund,0.0,0.0,0.0,0.0,0.0,0.0,0.0,0.0,NA,0,1699.0
NFT-/XUTR/DEUTH026124A05FZX,70.38,0.0,0.0,3299.0,1478.0,366.248,7.038,0.0,0.0,prepaid,1.408,0.0,0.0,45.0,0.0,53.1,1050.206,"",'132793491542127505903,2026-05-04,11093020481,3d33a23a-a333-4272-a72d-bfb51ccca864,"",Forward,100038291525,100038291525,11504,1407.62,5.0,1650.0,0.0,1650.0,packet_delivered,0.0,0.0,0.0,0.0,0.0,0.0,0.0,0.0,NA,0,1649.0
NFT-/XUTR/DEUTH026124A05FZX,23.67,0.0,0.0,1599.0,496.99999999999994,23.458,2.367,0.0,0.0,prepaid,0.473,167.0,0.0,0.0,0.0,197.06,-667.762,"",'132780605026111865101,2026-05-04,11090154790,82350baa-284f-4ba3-9685-8e8c8b336cb1,100152554724,Reverse,100035425841,100035425841,11504,473.33,5.0,1008.0,0.0,1008.0,return_refund,0.0,0.0,0.0,0.0,0.0,0.0,0.0,0.0,NA,0,591.0
NFT-/XUTR/DEUTH026124A05FZX,0.0,43.52,43.52,3999.0,1828.0,474.549,0.0,4.3525,4.3525,prepaid,1.741,106.0,0.0,0.0,0.0,125.08,-1468.085,"",'132810287497470879203,2026-05-04,11096747829,93a56396-ace8-4177-8f87-0a369f390500,11096747829,Reverse,100042018870,100042018870,11504,1740.96,5.0,2000.0,0.0,2000.0,exchange,0.0,0.0,0.0,0.0,0.0,0.0,0.0,0.0,NA,0,1999.0
NFT-/XUTR/DEUTH026124A05FZX,19.1,0.0,0.0,1650.0,400.99999999999994,18.927,1.91,0.0,0.0,prepaid,0.382,167.0,0.0,0.0,0.0,197.06,-576.841,"",'132785904276407378701,2026-05-04,11091128795,f3c1a2ac-ec2d-4edc-aea5-318d43e1afc7,100152844997,Reverse,100036399841,1000010398675,11504,381.9,5.0,1155.0,0.0,1155.0,return_refund,0.0,0.0,0.0,0.0,0.0,0.0,0.0,0.0,NA,0,495.0
NFT-/XUTR/DEUTH026124A05FZX,34.05,0.0,0.0,1799.0,715.0,185.614,3.405,0.0,0.0,prepaid,0.681,167.0,0.0,0.0,0.0,197.06,-722.36,"",'132787101474606772101,2026-05-04,11091523310,f9cf4329-8fa4-40d0-9621-f991eafaebac,100152755351,Reverse,100036794355,100036794355,11504,680.95,5.0,990.0,0.0,990.0,return_refund,0.0,0.0,0.0,0.0,0.0,0.0,0.0,0.0,NA,0,809.0
NFT-/XUTR/DEUTH026124A05FZX,22.14,0.0,0.0,1599.0,465.0,21.948,2.214,0.0,0.0,prepaid,0.443,0.0,0.0,27.0,0.0,31.86,408.535,"",'132800088541233541801,2026-05-04,11094654231,3e041ff2-b7d0-4f25-9f50-c9b275625b31,"",Forward,100039925273,100039925273,11504,442.86,5.0,1040.0,0.0,1040.0,packet_delivered,0.0,0.0,0.0,0.0,0.0,0.0,0.0,0.0,NA,0,559.0
NFT-/XUTR/DEUTH026124A05FZX,36.0,0.0,0.0,2299.0,13.33,0.6289999999999999,0.063,0.0,0.0,prepaid,0.013,0.0,0.0,0.476,0.0,0.56168,12.063,"",'132805762622613375101,2026-05-04,11095962777,cd88c32e-4c2b-4eee-97ba-80ec0dfc39d0,"",Forward,100041233818,100041233818,11504,720,5.0,1449.0,0.0,1449.0,packet_delivered,0.0,0.0,0.0,0.0,0.0,0.0,0.0,0.0,NA,0,850.01
NFT-/XUTR/DEUTH026124A05FZX,38.33,0.0,0.0,1799.0,805.0,208.978,3.833,0.0,0.0,prepaid,0.767,0.0,0.0,27.0,0.0,31.86,559.562,"",'132778722852142767903,2026-05-04,11089587188,75545a8d-37aa-4396-b300-44744b5788c3,"",Forward,100034858239,1000009946706,11504,766.67,5.0,900.0,0.0,900.0,packet_delivered,0.0,0.0,0.0,0.0,0.0,0.0,0.0,0.0,NA,0,899.0
NFT-/XUTR/DEUTH026124A05FZX,35.95,0.0,0.0,1699.0,755.0,195.998,3.595,0.0,0.0,prepaid,0.719,0.0,0.0,27.0,0.0,31.86,522.828,"",'132798289103322436003,2026-05-04,11094435900,6323262c-667c-4f0b-8ece-b1696742ee28,"",Forward,100039706942,1000011314297,11504,719.05,5.0,850.0,0.0,850.0,packet_delivered,0.0,0.0,0.0,0.0,0.0,0.0,0.0,0.0,NA,0,849.0
NFT-/XUTR/DEUTH026124A05FZX,35.76,0.0,0.0,1799.0,751.0,194.96,3.576,0.0,0.0,prepaid,0.715,0.0,0.0,27.0,0.0,31.86,519.889,"",'132821279060663250703,2026-05-04,11099095574,9edc1ca3-1fc7-4d56-adb5-919889f303a5,"",Forward,100044366609,100044366609,11504,715.24,5.0,954.0,0.0,954.0,packet_delivered,0.0,0.0,0.0,0.0,0.0,0.0,0.0,0.0,NA,0,845.0
NFT-/XUTR/DEUTH026124A05FZX,53.52,0.0,0.0,1850.0,1124.0,265.264,5.352,0.0,0.0,prepaid,1.07,167.0,0.0,0.0,0.0,197.06,-1049.374,"",'132789279373619977203,2026-05-04,11092269698,ceebf0e8-b10a-4ec3-83ea-50d8ac81819e,100153491889,Reverse,100037540743,100037540743,11504,1070.48,5.0,555.0,0.0,555.0,return_refund,0.0,0.0,0.0,0.0,0.0,0.0,0.0,0.0,NA,0,1295.0
NFT-/XUTR/DEUTH026124A05FZX,19.05,0.0,0.0,1499.0,400.0,18.88,1.905,0.0,0.0,prepaid,0.381,0.0,0.0,0.0,0.0,0.0,378.834,"",'132810791280091434301,2026-05-04,11096853116,3f985cc5-741e-40de-abfc-eb6558a542de,"",Forward,100042124157,1000012094141,11504,380.95,5.0,1005.0,0.0,1005.0,packet_delivered,0.0,0.0,0.0,0.0,0.0,0.0,0.0,0.0,NA,0,494.0
NFT-/XUTR/DEUTH026124A05FZX,60.86,0.0,0.0,2899.0,217.56,53.911,1.036,0.0,0.0,prepaid,0.207,0.0,0.0,7.661,0.0,9.03998,153.366,"",'132824538199816126201,2026-05-04,11100102002,896ad7fa-6d74-4459-a506-05f472b07314,"",Forward,100045373035,100045373035,11504,1217.14,5.0,1450.0,0.0,1450.0,packet_delivered,0.0,0.0,0.0,0.0,0.0,0.0,0.0,0.0,NA,0,1449.0
NFT-/XUTR/DEUTH026124A05FZX,41.38,0.0,0.0,1899.0,869.0,225.592,4.138,0.0,0.0,prepaid,0.828,0.0,0.0,27.0,0.0,31.86,606.582,"",'132840443975696033301,2026-05-04,11103277386,edcc7fcf-bb89-41fd-9847-42fdf626b752,"",Forward,100048548395,100048548395,11504,827.62,5.0,936.0,0.0,936.0,packet_delivered,0.0,0.0,0.0,0.0,0.0,0.0,0.0,0.0,NA,0,963.0
NFT-/XUTR/DEUTH026124A05FZX,0.0,15.29,15.29,1699.0,642.0,45.454,0.0,1.5285,1.5285,prepaid,0.611,0.0,0.0,27.0,0.0,31.86,561.018,"",'132841137457263225701,2026-05-04,11103480289,2989e4ea-4a4b-4c04-95a7-75193eec7327,"",Forward,100048751298,100048751298,11504,611.42,5.0,963.0,0.0,963.0,packet_delivered,0.0,0.0,0.0,0.0,0.0,0.0,0.0,0.0,NA,0,735.9999999999999
NFT-/XUTR/DEUTH026124A05FZX,0.0,35.19,35.19,3299.0,1478.0,366.248,0.0,3.519,3.519,prepaid,1.408,106.0,0.0,0.0,0.0,125.08,-1228.386,"",'132823855242071469803,2026-05-04,11099870276,3faeea1e-8105-457f-952f-aa85d2f5590e,100153811231,Reverse,100045141309,100045141309,11504,1407.62,5.0,1650.0,0.0,1650.0,return_refund,0.0,0.0,0.0,0.0,0.0,0.0,0.0,0.0,NA,0,1649.0
NFT-/XUTR/DEUTH026124A05FZX,37.19,0.0,0.0,1750.0,781.0,202.748,3.719,0.0,0.0,prepaid,0.744,0.0,0.0,27.0,0.0,31.86,541.929,"",'132788297058023525201,2026-05-04,11091912504,e60480dc-5662-4572-8a84-a0af39dc1f3b,"",Forward,100037183549,100037183549,11504,743.81,5.0,875.0,0.0,875.0,packet_delivered,0.0,0.0,0.0,0.0,0.0,0.0,0.0,0.0,NA,0,875.0
NFT-/XUTR/DEUTH026124A05FZX,0.0,32.83,32.83,3299.0,1379.0,341.716,0.0,3.2835,3.2835,prepaid,1.313,0.0,0.0,45.0,0.0,53.1,976.304,"",'132832278857034579003,2026-05-04,11101567722,05b86925-d1de-4594-8619-629b10e4cabf,"",Forward,100046838749,100046838749,11504,1313.34,5.0,1749.0,0.0,1749.0,packet_delivered,0.0,0.0,0.0,0.0,0.0,0.0,0.0,0.0,NA,0,1549.9999999999998
NFT-/XUTR/DEUTH026124A05FZX,29.05,0.0,0.0,1499.0,610.0,43.188,2.905,0.0,0.0,prepaid,0.581,127.0,0.0,0.0,0.0,149.86,-713.186,"",'132806307041263344001,2026-05-04,11096145352,a580a6f4-0b08-4566-85c6-1045ba50dbeb,100152563926,Reverse,100041416394,100041416394,11504,580.95,5.0,795.0,0.0,795.0,return_refund,0.0,0.0,0.0,0.0,0.0,0.0,0.0,0.0,NA,0,704.0
NFT-/XUTR/DEUTH026124A05FZX,18.95,0.0,0.0,1699.0,398.0,18.786,1.895,0.0,0.0,prepaid,0.379,0.0,0.0,0.0,0.0,0.0,376.94,"",'132810563648277513201,2026-05-04,11096803436,8054be8a-fd08-4def-a7d1-819f7458b125,"",Forward,100042074477,1000012184473,11504,379.05,5.0,1207.0,0.0,1207.0,packet_delivered,0.0,0.0,0.0,0.0,0.0,0.0,0.0,0.0,NA,0,492.0
NFT-/XUTR/DEUTH026124A05FZX,487.07,0.0,0.0,3399.0,3193.0,753.548,13.53,0.0,0.0,prepaid,2.706,0.0,0.0,61.0,0.0,71.98,2351.236,"",'132824868423082570101,2026-05-04,11100155882,c238ab35-a459-43d2-94be-66fbfcd81a45,"",Forward,100045426915,1000013234479,11504,2705.93,18.0,0.0,0.0,0.0,packet_delivered,0.0,0.0,0.0,0.0,0.0,0.0,0.0,0.0,NA,0,3399.0
NFT-/XUTR/DEUTH026124A05FZX,19.1,0.0,0.0,1599.0,401.0,18.927,1.91,0.0,0.0,prepaid,0.382,0.0,0.0,15.0,0.0,17.7,362.081,"",'132827496845428504903,2026-05-04,11100329268,ab037e9c-3481-4244-80b0-76984ed98da8,"",Forward,100045600301,100045600301,11504,381.9,5.0,1104.0,0.0,1104.0,packet_delivered,0.0,0.0,0.0,0.0,0.0,0.0,0.0,0.0,NA,0,495.01
NFT-/XUTR/DEUTH026124A05FZX,63.24,0.0,0.0,2999.0,603.095,149.447,2.872,0.0,0.0,prepaid,0.574,75.841,0.0,0.0,0.0,89.49238,-539.694,"",'132776938446756160401,2026-05-04,11089044774,ffb2d6e8-903e-4640-b8ad-2998cf82c23b,11089044774,Reverse,100034315826,100034315826,11504,1264.76,5.0,1500.0,0.0,1500.0,exchange,0.0,0.0,0.0,0.0,0.0,0.0,0.0,0.0,NA,0,1499.01
NFT-/XUTR/DEUTH026124A05FZX,75.14,0.0,0.0,3499.0,1578.0,391.028,7.514,0.0,0.0,prepaid,1.503,127.0,0.0,0.0,0.0,149.86,-1327.815,"",'132806586077097754103,2026-05-04,11096255295,e350c690-dd28-43b1-8219-216eec8977f4,100154170389,Reverse,100041526336,100041526336,11504,1502.86,5.0,1750.0,0.0,1750.0,return_refund,0.0,0.0,0.0,0.0,0.0,0.0,0.0,0.0,NA,0,1749.0
NFT-/XUTR/DEUTH026124A05FZX,63.24,0.0,0.0,2999.0,1328.0,329.078,6.324,0.0,0.0,prepaid,1.265,0.0,0.0,45.0,0.0,53.1,938.233,"",'132789697203203853603,2026-05-04,11092457422,a217c0cd-7268-468e-8241-58d009e25c37,"",Forward,100037728467,100037728467,11504,1264.76,5.0,1500.0,0.0,1500.0,packet_delivered,0.0,0.0,0.0,0.0,0.0,0.0,0.0,0.0,NA,0,1499.0
NFT-/XUTR/DEUTH026124A05FZX,63.24,0.0,0.0,2999.0,1328.0,329.078,6.324,0.0,0.0,prepaid,1.265,0.0,0.0,45.0,0.0,53.1,938.233,"",'132770478929658639403,2026-05-04,11087749590,0e75b3fb-874e-4411-8a1e-3f5ed85d3ec5,"",Forward,100033020643,100033020643,11504,1264.76,5.0,1500.0,0.0,1500.0,packet_delivered,0.0,0.0,0.0,0.0,0.0,0.0,0.0,0.0,NA,0,1499.0
NFT-/XUTR/DEUTH026124A05FZX,44.67,0.0,0.0,2999.0,938.0,243.505,4.467,0.0,0.0,prepaid,0.893,0.0,0.0,27.0,0.0,31.86,657.275,"",'132776407392235419803,2026-05-04,11088872473,dc6fa467-f50d-445d-964b-73d757377ee6,"",Forward,100034143525,100034143525,11504,893.33,5.0,1890.0,0.0,1890.0,packet_delivered,0.0,0.0,0.0,0.0,0.0,0.0,0.0,0.0,NA,0,1109.0
NFT-/XUTR/DEUTH026124A05FZX,103.43,0.0,0.0,3399.0,2172.0,512.592,10.343,0.0,0.0,prepaid,2.069,0.0,0.0,61.0,0.0,71.98,1575.016,"",'132839878642878847501,2026-05-04,11103132486,dad11afa-959f-4cc1-9b98-9e542a3c2ca7,"",Forward,100048403495,100048403495,11504,2068.57,5.0,1021.0,0.0,1021.0,packet_delivered,0.0,0.0,0.0,0.0,0.0,0.0,0.0,0.0,NA,0,2378.0
NFT-/XUTR/DEUTH026124A05FZX,82.24,0.0,0.0,1899.0,767.85,181.213,3.656,0.0,0.0,prepaid,0.731,56.466,0.0,0.0,0.0,66.62988,-648.88,"",'132797988440028531701,2026-05-04,11094323915,d933fc7f-6acd-4f21-828c-d98cb6820a5c,100153332311,Reverse,100039594957,1000011296218,11504,1644.76,5.0,1.0,0.0,1.0,return_refund,0.0,0.0,0.0,0.0,0.0,0.0,0.0,0.0,NA,0,1898.0
NFT-/XUTR/DEUTH026124A05FZX,39.81,0.0,0.0,2099.0,836.0,207.161,3.981,0.0,0.0,prepaid,0.796,0.0,0.0,27.0,0.0,31.86,592.202,"",'132809723139699052303,2026-05-04,11096664414,5bc97e2f-98d1-4739-bfa9-bfdcda77ffdb,"",Forward,100041935455,100041935455,11504,796.19,5.0,1092.0,0.0,1092.0,packet_delivered,0.0,0.0,0.0,0.0,0.0,0.0,0.0,0.0,NA,0,1007.0
NFT-/XUTR/DEUTH026124A05FZX,35.95,0.0,0.0,1699.0,755.0,195.998,3.595,0.0,0.0,prepaid,0.719,0.0,0.0,27.0,0.0,31.86,522.828,"",'132810625403382763503,2026-05-04,11096816082,be03311b-85a3-4333-b990-43ba1e8f5699,"",Forward,100042087123,100042087123,11504,719.05,5.0,850.0,0.0,850.0,packet_delivered,0.0,0.0,0.0,0.0,0.0,0.0,0.0,0.0,NA,0,849.0
NFT-/XUTR/DEUTH026124A05FZX,63.24,0.0,0.0,2999.0,1328.0,329.078,6.324,0.0,0.0,prepaid,1.265,167.0,0.0,0.0,0.0,197.06,-1188.393,"",'132776518969726571401,2026-05-04,11088907000,559670cc-2a9e-4208-b88a-61f67035d3a7,100152446237,Reverse,100034178052,1000010358178,11504,1264.76,5.0,1500.0,0.0,1500.0,return_refund,0.0,0.0,0.0,0.0,0.0,0.0,0.0,0.0,NA,0,1499.0
NFT-/XUTR/DEUTH026124A05FZX,70.38,0.0,0.0,3299.0,1478.0,366.248,7.038,0.0,0.0,prepaid,1.408,106.0,0.0,0.0,0.0,125.08,-1228.386,"",'132812227809294914603,2026-05-04,11097225678,ba03462e-e830-489d-a236-a5ed06877845,100153063685,Reverse,100042496718,1000012687294,11504,1407.62,5.0,1650.0,0.0,1650.0,return_refund,0.0,0.0,0.0,0.0,0.0,0.0,0.0,0.0,NA,0,1649.0
NFT-/XUTR/DEUTH026124A05FZX,37.19,0.0,0.0,1750.0,781.0,202.748,3.719,0.0,0.0,prepaid,0.744,0.0,0.0,27.0,0.0,31.86,541.929,"",'132806351366376948803,2026-05-04,11096161721,1242b748-c9af-47ac-b50d-9657d60c216e,"",Forward,100041432762,1000011855059,11504,743.81,5.0,875.0,0.0,875.0,packet_delivered,0.0,0.0,0.0,0.0,0.0,0.0,0.0,0.0,NA,0,875.0
NFT-/XUTR/DEUTH026124A05FZX,87.0,0.0,0.0,1999.0,1827.0,431.172,8.7,0.0,0.0,prepaid,1.74,0.0,0.0,45.0,0.0,53.1,1332.288,"",'132819695864596350301,2026-05-04,11098681305,c224d281-0f22-40e4-b0b5-fc2790a6cf86,"",Forward,100043952340,100043952340,11504,1740,5.0,1.0,0.0,1.0,packet_delivered,0.0,0.0,0.0,0.0,0.0,0.0,0.0,0.0,NA,0,1998.0
NFT-/XUTR/DEUTH026124A05FZX,75.14,0.0,0.0,3499.0,1578.0,391.028,7.514,0.0,0.0,prepaid,1.503,127.0,0.0,0.0,0.0,149.86,-1327.815,"",'132805142521780992303,2026-05-04,11095769168,78d75857-06a4-44cd-add4-23d8a493972c,100153499550,Reverse,100041040209,1000012170723,11504,1502.86,5.0,1750.0,0.0,1750.0,return_refund,0.0,0.0,0.0,0.0,0.0,0.0,0.0,0.0,NA,0,1749.0
NFT-/XUTR/DEUTH026124A05FZX,63.24,0.0,0.0,2999.0,1169.22,289.733,5.568,0.0,0.0,prepaid,1.114,0.0,0.0,39.62,0.0,46.7516,826.053,"",'132776369537483633801,2026-05-04,11088860987,dc082d55-5ab2-4099-9de9-c5fbeda4dcb4,"",Forward,100034132039,100034132039,11504,1264.76,5.0,1500.0,0.0,1500.0,packet_delivered,0.0,0.0,0.0,0.0,0.0,0.0,0.0,0.0,NA,0,1499.0
NFT-/XUTR/DEUTH026124A05FZX,90.1,0.0,0.0,2099.0,1892.0,468.838,9.01,0.0,0.0,prepaid,1.802,0.0,0.0,45.0,0.0,53.1,1359.25,"",'132784855737579308303,2026-05-04,11090780339,1d4c0e77-ae37-41d2-b0f8-77f5a8cc6f06,"",Forward,100036051386,100036051386,11504,1801.9,5.0,1.0,0.0,1.0,packet_delivered,0.0,0.0,0.0,0.0,0.0,0.0,0.0,0.0,NA,0,2098.0
NFT-/XUTR/DEUTH026124A05FZX,60.86,0.0,0.0,2899.0,1278.0,316.688,6.086,0.0,0.0,prepaid,1.217,0.0,0.0,45.0,0.0,53.1,900.909,"",'132789448849788637303,2026-05-04,11092345077,7c46d757-f079-4fbe-be99-2d4022894757,"",Forward,100037616122,100037616122,11504,1217.14,5.0,1450.0,0.0,1450.0,packet_delivered,0.0,0.0,0.0,0.0,0.0,0.0,0.0,0.0,NA,0,1449.0
NFT-/XUTR/DEUTH026124A05FZX,38.33,0.0,0.0,1799.0,805.0,208.978,3.833,0.0,0.0,prepaid,0.767,0.0,0.0,27.0,0.0,31.86,559.562,"",'132776189990143460103,2026-05-04,11088809875,53ed9737-0671-483b-88d1-8fa1b9eb46f1,"",Forward,100034080927,1000009696993,11504,766.67,5.0,900.0,0.0,900.0,packet_delivered,0.0,0.0,0.0,0.0,0.0,0.0,0.0,0.0,NA,0,899.0
NFT-/XUTR/DEUTH026124A05FZX,33.57,0.0,0.0,1599.0,705.0,183.018,3.357,0.0,0.0,prepaid,0.671,0.0,0.0,27.0,0.0,31.86,486.094,"",'132818633524266800201,2026-05-04,11098453413,ca55954d-3b9f-403a-b9a9-1baa939a2263,"",Forward,100043724449,1000012685591,11504,671.43,5.0,800.0,0.0,800.0,packet_delivered,0.0,0.0,0.0,0.0,0.0,0.0,0.0,0.0,NA,0,799.0
NFT-/XUTR/DEUTH026124A05FZX,60.86,0.0,0.0,2899.0,1278.0,316.688,6.086,0.0,0.0,prepaid,1.217,182.0,0.0,0.0,0.0,214.76,-1168.769,"",'132816459272412963201,2026-05-04,11098333946,a6f00c6b-c773-4cdd-9f74-6c780a772cdf,100153402849,Reverse,100043604982,100043604982,11504,1217.14,5.0,1450.0,0.0,1450.0,return_refund,0.0,0.0,0.0,0.0,0.0,0.0,0.0,0.0,NA,0,1449.0
NFT-/XUTR/DEUTH026124A05FZX,31.19,0.0,0.0,1499.0,655.0,170.038,3.119,0.0,0.0,prepaid,0.624,0.0,0.0,27.0,0.0,31.86,449.359,"",'132786234232128343301,2026-05-04,11091239267,525bc50f-9e89-4c00-b6dd-58ed1bcc08bc,"",Forward,100036510312,100036510312,11504,623.81,5.0,750.0,0.0,750.0,packet_delivered,0.0,0.0,0.0,0.0,0.0,0.0,0.0,0.0,NA,0,749.0
NFT-/XUTR/DEUTH026124A05FZX,487.07,0.0,0.0,3399.0,3193.0,753.548,13.53,0.0,0.0,prepaid,2.706,0.0,0.0,61.0,0.0,71.98,2351.236,"",'132788730319314857201,2026-05-04,11092056204,0791eae4-e7a7-43b8-ad7e-6f249097d786,"",Forward,100037327249,1000011580611,11504,2705.93,18.0,0.0,0.0,0.0,packet_delivered,0.0,0.0,0.0,0.0,0.0,0.0,0.0,0.0,NA,0,3399.0
NFT-/XUTR/DEUTH026124A05FZX,24.57,0.0,0.0,1650.0,325.29,84.445,1.549,0.0,0.0,prepaid,0.31,0.0,0.0,17.021,0.0,20.08478,218.901,"",'132821615858469716303,2026-05-04,11099185493,c678e887-2b8c-498c-bf80-abbc0b45c123,"",Forward,100044456527,100044456527,11504,491.43,5.0,1040.0,0.0,1040.0,packet_delivered,0.0,0.0,0.0,0.0,0.0,0.0,0.0,0.0,NA,0,610.0
NFT-/XUTR/DEUTH026124A05FZX,35.95,0.0,0.0,1699.0,90.53,23.502,0.431,0.0,0.0,prepaid,0.086,0.0,0.0,3.237,0.0,3.81966,62.691,"",'132804644024769457701,2026-05-04,11095631551,4675cf1d-1c4e-4291-bf20-b4c5a7388a37,"",Forward,100040902592,100040902592,11504,719.05,5.0,850.0,0.0,850.0,packet_delivered,0.0,0.0,0.0,0.0,0.0,0.0,0.0,0.0,NA,0,849.0
NFT-/XUTR/DEUTH026124A05FZX,63.24,0.0,0.0,2999.0,52.01,12.888,0.248,0.0,0.0,prepaid,0.05,0.0,0.0,1.762,0.0,2.07916,36.745,"",'132815687639247376703,2026-05-04,11098208732,cea91a0e-0289-4ce7-b76d-57b3e9d49ec8,"",Forward,100043479767,100043479767,11504,1264.76,5.0,1500.0,0.0,1500.0,packet_delivered,0.0,0.0,0.0,0.0,0.0,0.0,0.0,0.0,NA,0,1499.0
NFT-/XUTR/DEUTH026124A05FZX,70.38,0.0,0.0,3299.0,1478.0,366.248,7.038,0.0,0.0,prepaid,1.408,182.0,0.0,0.0,0.0,214.76,-1318.066,"",'132793165206330398301,2026-05-04,11092932993,7ded387a-13fb-4dd1-b8e1-887efa477781,100152326722,Reverse,100038204037,1000011587451,11504,1407.62,5.0,1650.0,0.0,1650.0,return_refund,0.0,0.0,0.0,0.0,0.0,0.0,0.0,0.0,NA,0,1649.0
NFT-/XUTR/DEUTH026124A05FZX,39.81,0.0,0.0,2799.0,836.0,217.026,3.981,0.0,0.0,prepaid,0.796,182.0,0.0,0.0,0.0,214.76,-828.957,"",'132804018283623778501,2026-05-04,11095459200,1018ef96-9d27-4665-94e1-48206dd77608,100153213897,Reverse,100040730241,100040730241,11504,796.19,5.0,1792.0,0.0,1792.0,return_refund,0.0,0.0,0.0,0.0,0.0,0.0,0.0,0.0,NA,0,1007.0
NFT-/XUTR/DEUTH026124A05FZX,33.52,0.0,0.0,1699.0,704.0,182.758,3.352,0.0,0.0,prepaid,0.67,0.0,0.0,27.0,0.0,31.86,485.36,"",'132779962265979779303,2026-05-04,11089947157,b55963a2-c224-4af8-8908-8bc9935169cf,"",Forward,100035218208,100035218208,11504,670.48,5.0,901.0,0.0,901.0,packet_delivered,0.0,0.0,0.0,0.0,0.0,0.0,0.0,0.0,NA,0,798.01
NFT-/XUTR/DEUTH026124A05FZX,34.33,0.0,0.0,3399.0,721.0,34.031,3.433,0.0,0.0,prepaid,0.687,0.0,0.0,27.0,0.0,31.86,650.989,"",'132811977996712070803,2026-05-04,11097162208,ceb64e7a-02a6-4fa0-81b0-111f089e6770,"",Forward,100042433248,100042433248,11504,686.67,5.0,2584.0,0.0,2584.0,packet_delivered,0.0,0.0,0.0,0.0,0.0,0.0,0.0,0.0,NA,0,815.0
NFT-/XUTR/DEUTH026124A05FZX,33.52,0.0,0.0,1699.0,704.0,182.758,3.352,0.0,0.0,prepaid,0.67,0.0,0.0,27.0,0.0,31.86,485.36,"",'132815970179797524003,2026-05-04,11098272796,16082887-1fdc-4736-b674-b3d6cde58445,"",Forward,100043543832,100043543832,11504,670.48,5.0,901.0,0.0,901.0,packet_delivered,0.0,0.0,0.0,0.0,0.0,0.0,0.0,0.0,NA,0,798.0
NFT-/XUTR/DEUTH026124A05FZX,32.57,0.0,0.0,2499.0,684.0,32.285,3.257,0.0,0.0,prepaid,0.651,0.0,0.0,27.0,0.0,31.86,615.947,"",'132835054528489370503,2026-05-04,11101989544,a3217ca4-a0b5-488e-9bd2-9f2686774006,"",Forward,100047260571,100047260571,11504,651.43,5.0,1721.0,0.0,1721.0,packet_delivered,0.0,0.0,0.0,0.0,0.0,0.0,0.0,0.0,NA,0,778.0
NFT-/XUTR/DEUTH026124A05FZX,41.38,0.0,0.0,1899.0,869.0,225.592,4.138,0.0,0.0,prepaid,0.828,106.0,0.0,0.0,0.0,125.08,-763.522,"",'132845914017859461801,2026-05-04,11104208295,91378289-fc2a-4190-9d5c-2cf76d327426,100153353768,Reverse,100049479295,100049479295,11504,827.62,5.0,936.0,0.0,936.0,return_refund,0.0,0.0,0.0,0.0,0.0,0.0,0.0,0.0,NA,0,963.0
NFT-/XUTR/DEUTH026124A05FZX,63.24,0.0,0.0,2999.0,1328.0,329.078,6.324,0.0,0.0,prepaid,1.265,0.0,0.0,45.0,0.0,53.1,938.233,"",'132797522584880566103,2026-05-04,11094161468,ba895f17-8667-49f5-a035-5e1f5e978a08,"",Forward,100039432510,100039432510,11504,1264.76,5.0,1500.0,0.0,1500.0,packet_delivered,0.0,0.0,0.0,0.0,0.0,0.0,0.0,0.0,NA,0,1499.0
NFT-/XUTR/DEUTH026124A05FZX,56.86,0.0,0.0,1950.0,1194.0,281.784,5.686,0.0,0.0,prepaid,1.137,0.0,0.0,45.0,0.0,53.1,852.293,"",'132788159170541468803,2026-05-04,11091867012,0caa24a4-059f-4c12-8998-7c9b35eb658f,"",Forward,100037138057,100037138057,11504,1137.14,5.0,585.0,0.0,585.0,packet_delivered,0.0,0.0,0.0,0.0,0.0,0.0,0.0,0.0,NA,0,1365.0
NFT-/XUTR/DEUTH026124A05FZX,34.05,0.0,0.0,1799.0,715.0,185.614,3.405,0.0,0.0,prepaid,0.681,167.0,0.0,0.0,0.0,197.06,-722.36,"",'132785464088580749603,2026-05-04,11090975417,3cf69e6c-4c86-4e68-8cb7-8397ba010376,100152708905,Reverse,100036246464,100036246464,11504,680.95,5.0,990.0,0.0,990.0,return_refund,0.0,0.0,0.0,0.0,0.0,0.0,0.0,0.0,NA,0,809.0
NFT-/XUTR/DEUTH026124A05FZX,42.0,0.0,0.0,2999.0,882.0,228.967,4.2,0.0,0.0,prepaid,0.84,106.0,0.0,0.0,0.0,125.08,-773.073,"",'132831321477755341503,2026-05-04,11101301233,afb5e296-d6b5-4821-bc7e-247563c49426,100154195189,Reverse,100046572260,1000013770251,11504,840,5.0,1946.0,0.0,1946.0,return_refund,0.0,0.0,0.0,0.0,0.0,0.0,0.0,0.0,NA,0,1053.0
NFT-/XUTR/DEUTH026124A05FZX,30.71,0.0,0.0,1999.0,645.0,30.443999999999996,3.071,0.0,0.0,prepaid,0.614,0.0,0.0,27.0,0.0,31.86,579.011,"",'132788366640851794903,2026-05-04,11091936354,e744d9d1-9b73-4228-9999-543031de03ff,"",Forward,100037207399,100037207399,11504,614.29,5.0,1260.0,0.0,1260.0,packet_delivered,0.0,0.0,0.0,0.0,0.0,0.0,0.0,0.0,NA,0,739.0
NFT-/XUTR/DEUTH026124A05FZX,54.48,0.0,0.0,2799.0,1144.0,283.483,5.448,0.0,0.0,prepaid,1.09,167.0,0.0,0.0,0.0,197.06,-1051.039,"",'132774975684717820703,2026-05-04,11088586375,39631304-5264-44bc-af68-06283438b99c,100154232564,Reverse,100033857428,100033857428,11504,1089.52,5.0,1484.0,0.0,1484.0,return_refund,0.0,0.0,0.0,0.0,0.0,0.0,0.0,0.0,NA,0,1315.0
NFT-/XUTR/DEUTH026124A05FZX,35.76,0.0,0.0,1799.0,751.0,194.96,3.576,0.0,0.0,prepaid,0.715,0.0,0.0,27.0,0.0,31.86,519.889,"",'132798164553305981303,2026-05-04,11094388886,3630389c-5320-4b35-bc89-959eeacaefde,"",Forward,100039659928,100039659928,11504,715.24,5.0,954.0,0.0,954.0,packet_delivered,0.0,0.0,0.0,0.0,0.0,0.0,0.0,0.0,NA,0,845.0
NFT-/XUTR/DEUTH026124A05FZX,77.52,0.0,0.0,1799.0,1628.0,384.208,7.752,0.0,0.0,prepaid,1.55,0.0,0.0,45.0,0.0,53.1,1181.39,"",'132807148277681971201,2026-05-04,11096470571,2ad47815-bd44-4797-86e6-bbf38f8fd658,"",Forward,100041741612,100041741612,11504,1550.48,5.0,0.0,0.0,0.0,packet_delivered,0.0,0.0,0.0,0.0,0.0,0.0,0.0,0.0,NA,0,1799.01
NFT-/XUTR/DEUTH026124A05FZX,63.24,0.0,0.0,2999.0,1328.0,329.078,6.324,0.0,0.0,prepaid,1.265,0.0,0.0,45.0,0.0,53.1,938.233,"",'132812549808191924501,2026-05-04,11097309867,e3cf3019-12b4-44d7-a9c7-e00cdaf9398e,"",Forward,100042580907,100042580907,11504,1264.76,5.0,1500.0,0.0,1500.0,packet_delivered,0.0,0.0,0.0,0.0,0.0,0.0,0.0,0.0,NA,0,1499.0
NFT-/XUTR/DEUTH026124A05FZX,50.19,0.0,0.0,1750.0,1054.0,248.744,5.019,0.0,0.0,prepaid,1.004,167.0,0.0,0.0,0.0,197.06,-996.293,"",'132789218190997563003,2026-05-04,11092243869,9d6ba952-0f25-4f35-88c8-0409f1009423,100152856722,Reverse,100037514914,1000010678046,11504,1003.81,5.0,525.0,0.0,525.0,return_refund,0.0,0.0,0.0,0.0,0.0,0.0,0.0,0.0,NA,0,1225.0
NFT-/XUTR/DEUTH026124A05FZX,60.86,0.0,0.0,2899.0,1278.0,316.688,6.086,0.0,0.0,prepaid,1.217,0.0,0.0,45.0,0.0,53.1,900.909,"",'132814987841751085101,2026-05-04,11097946443,4640d3d6-f10a-4670-a442-84ade180e7b0,"",Forward,100043217479,1000012695536,11504,1217.14,5.0,1450.0,0.0,1450.0,packet_delivered,0.0,0.0,0.0,0.0,0.0,0.0,0.0,0.0,NA,0,1449.0
NFT-/XUTR/DEUTH026124A05FZX,19.1,0.0,0.0,1599.0,3.84,0.181,0.018,0.0,0.0,prepaid,0.004,0.0,0.0,0.144,0.0,0.16992,3.467,"",'132816462843899979803,2026-05-04,11098334204,bd13f9ce-9867-4c30-a025-9dfc00a67c5b,"",Forward,100043605240,1000012521431,11504,381.9,5.0,1104.0,0.0,1104.0,packet_delivered,0.0,0.0,0.0,0.0,0.0,0.0,0.0,0.0,NA,0,495.0
NFT-/XUTR/DEUTH026124A05FZX,51.81,0.0,0.0,1799.0,1088.0,256.768,5.181,0.0,0.0,prepaid,1.036,0.0,0.0,45.0,0.0,53.1,771.915,"",'132832716421223448503,2026-05-04,11101708588,68060cc3-d8a0-4efb-8056-a63f3afecbe6,"",Forward,100046979615,100046979615,11504,1036.19,5.0,540.0,0.0,540.0,packet_delivered,0.0,0.0,0.0,0.0,0.0,0.0,0.0,0.0,NA,0,1259.0
NFT-/XUTR/DEUTH026124A05FZX,102.05,0.0,0.0,3299.0,2143.0,505.74800000000005,10.205,0.0,0.0,prepaid,2.041,0.0,0.0,61.0,0.0,71.98,1553.026,"",'132845858979202029603,2026-05-04,11104191343,b79bb409-f238-4f89-be9f-c9947b7010ab,"",Forward,100049462343,1000014293154,11504,2040.95,5.0,950.0,0.0,950.0,packet_delivered,0.0,0.0,0.0,0.0,0.0,0.0,0.0,0.0,NA,0,2349.0
NFT-/XUTR/DEUTH026124A05FZX,59.67,0.0,0.0,2999.0,1253.0,310.493,5.967,0.0,0.0,prepaid,1.193,127.0,0.0,0.0,0.0,149.86,-1085.207,"",'132836284612731994503,2026-05-04,11102128632,c44278e2-f00c-4314-a4bb-3d59eaf77761,100153463815,Reverse,100047399659,100047399659,11504,1193.33,5.0,1575.0,0.0,1575.0,return_refund,0.0,0.0,0.0,0.0,0.0,0.0,0.0,0.0,NA,0,1424.0
NFT-/XUTR/DEUTH026124A05FZX,487.07,0.0,0.0,3399.0,3193.0,753.548,13.53,0.0,0.0,prepaid,2.706,0.0,0.0,61.0,0.0,71.98,2351.236,"",'132775525357292557003,2026-05-04,11088658382,f9691c7d-c374-4abc-b806-c1d1060d4948,"",Forward,100033929435,1000009790798,11504,2705.93,18.0,0.0,0.0,0.0,packet_delivered,0.0,0.0,0.0,0.0,0.0,0.0,0.0,0.0,NA,0,3399.0
NFT-/XUTR/DEUTH026124A05FZX,38.33,0.0,0.0,1799.0,805.0,208.978,3.833,0.0,0.0,prepaid,0.767,0.0,0.0,27.0,0.0,31.86,559.562,"",'132803855341120092003,2026-05-04,11095413729,1609fc59-ac33-47db-a0f0-4e1a50923708,"",Forward,100040684770,100040684770,11504,766.67,5.0,900.0,0.0,900.0,packet_delivered,0.0,0.0,0.0,0.0,0.0,0.0,0.0,0.0,NA,0,899.0
NFT-/XUTR/DEUTH026124A05FZX,31.91,0.0,0.0,1699.0,670.0,173.932,3.19,0.0,0.0,prepaid,0.638,167.0,0.0,0.0,0.0,197.06,-689.3,"",'132778722852142767903,2026-05-04,11089587198,75545a8d-37aa-4396-b300-44744b5788c3,11089587198,Reverse,100034858249,1000009946706,11504,638.1,5.0,935.0,0.0,935.0,exchange,0.0,0.0,0.0,0.0,0.0,0.0,0.0,0.0,NA,0,764.01
NFT-/XUTR/DEUTH026124A05FZX,38.33,0.0,0.0,1799.0,805.0,208.978,3.833,0.0,0.0,prepaid,0.767,127.0,0.0,0.0,0.0,149.86,-741.282,"",'132806933452650243201,2026-05-04,11096404170,850dad89-b5ba-4787-89fa-0e3a1a2ef320,100154549213,Reverse,100041675211,100041675211,11504,766.67,5.0,900.0,0.0,900.0,return_refund,0.0,0.0,0.0,0.0,0.0,0.0,0.0,0.0,NA,0,899.0
NFT-/XUTR/DEUTH026124A05FZX,123.48,0.0,0.0,3999.0,54.94,12.966,0.262,0.0,0.0,prepaid,0.052,0.0,0.0,1.292,0.0,1.52456,40.135,"",'132799178161425720301,2026-05-04,11094618550,9a0007c1-dcec-46e5-b9b5-1adb54ea4dc4,"",Forward,100039889592,100039889592,11504,2469.52,5.0,1200.0,0.0,1200.0,packet_delivered,0.0,0.0,0.0,0.0,0.0,0.0,0.0,0.0,NA,0,2799.0
NFT-/XUTR/DEUTH026124A05FZX,75.14,0.0,0.0,3499.0,1578.0,391.028,7.514,0.0,0.0,prepaid,1.503,0.0,0.0,45.0,0.0,53.1,1124.855,"",'132806152120338305401,2026-05-04,11096091557,d808a6bb-6aef-49a7-8422-267966030c27,"",Forward,100041362598,100041362598,11504,1502.86,5.0,1750.0,0.0,1750.0,packet_delivered,0.0,0.0,0.0,0.0,0.0,0.0,0.0,0.0,NA,0,1749.0
NFT-/XUTR/DEUTH026124A05FZX,34.81,0.0,0.0,1650.0,731.0,189.768,3.481,0.0,0.0,prepaid,0.696,0.0,0.0,27.0,0.0,31.86,505.195,"",'132786241198227603601,2026-05-04,11091241598,8d72b01f-7d00-4f58-9d1b-62c15cf981e0,"",Forward,100036512643,100036512643,11504,696.19,5.0,825.0,0.0,825.0,packet_delivered,0.0,0.0,0.0,0.0,0.0,0.0,0.0,0.0,NA,0,825.0
NFT-/XUTR/DEUTH026124A05FZX,6.41,0.0,0.0,399.0,220.0,33.748,1.068,0.0,0.0,prepaid,0.214,0.0,0.0,27.0,0.0,31.86,153.11,"",'132806280941047669403,2026-05-04,11096135743,ba0829a4-4c4b-4df1-80b1-8fe142fcb2ec,"",Forward,100041406784,100041406784,11504,213.59,3.0,120.0,0.0,120.0,packet_delivered,0.0,0.0,0.0,0.0,0.0,0.0,0.0,0.0,NA,0,279.0
NFT-/XUTR/DEUTH026124A05FZX,63.24,0.0,0.0,2999.0,1328.0,329.078,6.324,0.0,0.0,prepaid,1.265,182.0,0.0,0.0,0.0,214.76,-1206.093,"",'132815482901480467703,2026-05-04,11098136722,bc6b81e6-b039-48ba-b7bb-8cef3fff709c,11098136722,Reverse,100043407758,100043407758,11504,1264.76,5.0,1500.0,0.0,1500.0,exchange,0.0,0.0,0.0,0.0,0.0,0.0,0.0,0.0,NA,0,1499.0
NFT-/XUTR/DEUTH026124A05FZX,71.81,0.0,0.0,2399.0,1508.0,355.888,7.181,0.0,0.0,prepaid,1.436,0.0,0.0,45.0,0.0,53.1,1090.395,"",'132805339051398952401,2026-05-04,11095826903,c6220970-c151-4aad-80cc-ee8583b5a9df,"",Forward,100041097944,1000011782192,11504,1436.19,5.0,720.0,0.0,720.0,packet_delivered,0.0,0.0,0.0,0.0,0.0,0.0,0.0,0.0,NA,0,1679.0
NFT-/XUTR/DEUTH026124A05FZX,0.0,19.0,19.0,1899.0,798.0,207.161,0.0,1.9,1.9,prepaid,0.76,0.0,0.0,27.0,0.0,31.86,554.419,"",'132813013503957931201,2026-05-04,11097430800,2a77df17-adf3-4041-b0bc-5813bdef207e,"",Forward,100042701840,100042701840,11504,760,5.0,1007.0,0.0,1007.0,packet_delivered,0.0,0.0,0.0,0.0,0.0,0.0,0.0,0.0,NA,0,891.99
NFT-/XUTR/DEUTH026124A05FZX,42.52,0.0,0.0,2599.0,893.0,231.823,4.252,0.0,0.0,prepaid,0.85,0.0,0.0,27.0,0.0,31.86,624.215,"",'132815547292203163003,2026-05-04,11098161092,11b5b084-bba2-4f59-b233-9da56cb11814,"",Forward,100043432128,100043432128,11504,850.48,5.0,1612.0,0.0,1612.0,packet_delivered,0.0,0.0,0.0,0.0,0.0,0.0,0.0,0.0,NA,0,987.0
NFT-/XUTR/DEUTH026124A05FZX,31.29,0.0,0.0,1599.0,657.0,170.557,3.129,0.0,0.0,prepaid,0.626,167.0,0.0,0.0,0.0,197.06,-679.748,"",'132785527593405853201,2026-05-04,11090997093,ec2df42d-e225-4741-8d4b-119d2695ad41,100153105687,Reverse,100036268140,1000010370141,11504,625.71,5.0,848.0,0.0,848.0,return_refund,0.0,0.0,0.0,0.0,0.0,0.0,0.0,0.0,NA,0,751.01
NFT-/XUTR/DEUTH026124A05FZX,19.1,0.0,0.0,1599.0,401.0,18.927,1.91,0.0,0.0,prepaid,0.382,0.0,0.0,15.0,0.0,17.7,362.081,"",'132798560482104714203,2026-05-04,11094521163,7bd4af76-23c5-4d8f-b68c-42065fdebd53,"",Forward,100039792205,1000011332570,11504,381.9,5.0,1104.0,0.0,1104.0,packet_delivered,0.0,0.0,0.0,0.0,0.0,0.0,0.0,0.0,NA,0,495.0
NFT-/XUTR/DEUTH026124A05FZX,19.05,0.0,0.0,1499.0,400.0,18.88,1.905,0.0,0.0,prepaid,0.381,0.0,0.0,0.0,0.0,0.0,378.834,"",'132819584426276753801,2026-05-04,11098650168,fe2bd015-02bb-4d27-8c73-2a484399f7b4,"",Forward,100043921203,1000012655209,11504,380.95,5.0,1005.0,0.0,1005.0,packet_delivered,0.0,0.0,0.0,0.0,0.0,0.0,0.0,0.0,NA,0,494.0
NFT-/XUTR/DEUTH026124A05FZX,56.86,0.0,0.0,1950.0,1194.0,281.784,5.686,0.0,0.0,prepaid,1.137,182.0,0.0,0.0,0.0,214.76,-1120.153,"",'132819550026078729001,2026-05-04,11098641461,096caaf6-02b6-437d-a1fc-cb4b8664499c,100153993424,Reverse,100043912496,1000012654805,11504,1137.14,5.0,585.0,0.0,585.0,return_refund,0.0,0.0,0.0,0.0,0.0,0.0,0.0,0.0,NA,0,1365.0
NFT-/XUTR/DEUTH026124A05FZX,18.0,0.0,0.0,1750.0,4.7,0.222,0.022,0.0,0.0,prepaid,0.004,0.0,0.0,0.0,0.0,0.0,4.452,"",'132767548061794291703,2026-05-04,11086935295,c43bfa03-7ce3-4207-9683-387192cc5195,"",Forward,100032206348,1000009097394,11504,360,5.0,1313.0,0.0,1313.0,packet_delivered,0.0,0.0,0.0,0.0,0.0,0.0,0.0,0.0,NA,0,437.0
NFT-/XUTR/DEUTH026124A05FZX,51.33,0.0,0.0,2499.0,1078.0,267.128,5.133,0.0,0.0,prepaid,1.027,0.0,0.0,45.0,0.0,53.1,751.612,"",'132800856227896165203,2026-05-04,11094679997,b8085c0e-0172-4282-acbd-49e8842890a1,"",Forward,100039951039,1000011606267,11504,1026.67,5.0,1250.0,0.0,1250.0,packet_delivered,0.0,0.0,0.0,0.0,0.0,0.0,0.0,0.0,NA,0,1249.0
NFT-/XUTR/DEUTH026124A05FZX,33.52,0.0,0.0,3399.0,704.0,33.229,3.352,0.0,0.0,prepaid,0.67,106.0,0.0,0.0,0.0,125.08,-791.829,"",'132839824050039805601,2026-05-04,11103119200,68f7751c-d4f0-4590-a86e-50790ac2fde7,100153512891,Reverse,100048390209,100048390209,11504,670.48,5.0,2601.0,0.0,2601.0,return_refund,0.0,0.0,0.0,0.0,0.0,0.0,0.0,0.0,NA,0,798.0
NFT-/XUTR/DEUTH026124A05FZX,70.38,0.0,0.0,3299.0,1478.0,366.248,7.038,0.0,0.0,prepaid,1.408,127.0,0.0,0.0,0.0,149.86,-1253.166,"",'132797130396770447201,2026-05-04,11094043270,f2e6cf3b-725a-4690-ad9d-695fe9614c24,100152755772,Reverse,100039314312,100039314312,11504,1407.62,5.0,1650.0,0.0,1650.0,return_refund,0.0,0.0,0.0,0.0,0.0,0.0,0.0,0.0,NA,0,1649.0
NFT-/XUTR/DEUTH026124A05FZX,37.29,0.0,0.0,2499.0,783.0,36.958,3.729,0.0,0.0,prepaid,0.746,0.0,0.0,27.0,0.0,31.86,709.707,"",'132832484223130741701,2026-05-04,11101633169,e6b559b5-0970-4c2c-b0a8-0b5891d3dfb0,"",Forward,100046904196,1000013768333,11504,745.71,5.0,1622.0,0.0,1622.0,packet_delivered,0.0,0.0,0.0,0.0,0.0,0.0,0.0,0.0,NA,0,877.0
NFT-/XUTR/DEUTH026124A05FZX,23.67,0.0,0.0,1599.0,496.99999999999994,23.458,2.367,0.0,0.0,prepaid,0.473,167.0,0.0,0.0,0.0,197.06,-667.762,"",'132785527593405853201,2026-05-04,11090997088,ec2df42d-e225-4741-8d4b-119d2695ad41,100153105336,Reverse,100036268135,1000010370141,11504,473.33,5.0,1008.0,0.0,1008.0,return_refund,0.0,0.0,0.0,0.0,0.0,0.0,0.0,0.0,NA,0,591.0
NFT-/XUTR/DEUTH026124A05FZX,18.48,0.0,0.0,1599.0,388.0,18.314,1.848,0.0,0.0,prepaid,0.37,0.0,0.0,0.0,0.0,0.0,367.468,"",'132819584426276753801,2026-05-04,11098650180,fe2bd015-02bb-4d27-8c73-2a484399f7b4,"",Forward,100043921215,1000012655209,11504,369.52,5.0,1152.0,0.0,1152.0,packet_delivered,0.0,0.0,0.0,0.0,0.0,0.0,0.0,0.0,NA,0,447.0
NFT-/XUTR/DEUTH026124A05FZX,19.1,0.0,0.0,1650.0,4.99,0.23600000000000002,0.024,0.0,0.0,prepaid,0.005,0.0,0.0,0.187,0.0,0.22066,4.504,"",'132767548061794291703,2026-05-04,11086935296,c43bfa03-7ce3-4207-9683-387192cc5195,"",Forward,100032206349,1000009097394,11504,381.9,5.0,1155.0,0.0,1155.0,packet_delivered,0.0,0.0,0.0,0.0,0.0,0.0,0.0,0.0,NA,0,495.0
NFT-/XUTR/DEUTH026124A05FZX,31.19,0.0,0.0,1499.0,655.0,170.038,3.119,0.0,0.0,prepaid,0.624,0.0,0.0,27.0,0.0,31.86,449.359,"",'132778722852142767903,2026-05-04,11089587195,75545a8d-37aa-4396-b300-44744b5788c3,"",Forward,100034858246,1000009946706,11504,623.81,5.0,750.0,0.0,750.0,packet_delivered,0.0,0.0,0.0,0.0,0.0,0.0,0.0,0.0,NA,0,748.99
NFT-/XUTR/DEUTH026124A05FZX,56.86,0.0,0.0,1950.0,1194.0,281.784,5.686,0.0,0.0,prepaid,1.137,0.0,0.0,45.0,0.0,53.1,852.293,"",'132797761117357898801,2026-05-04,11094242579,0c63edda-3953-4844-a146-704b24ac8bf3,"",Forward,100039513621,100039513621,11504,1137.14,5.0,585.0,0.0,585.0,packet_delivered,0.0,0.0,0.0,0.0,0.0,0.0,0.0,0.0,NA,0,1365.0
NFT-/XUTR/DEUTH026124A05FZX,19.67,0.0,0.0,1750.0,413.0,19.494,1.967,0.0,0.0,prepaid,0.393,0.0,0.0,15.0,0.0,17.7,373.446,"",'132799836454041099001,2026-05-04,11094648057,824a71d0-3a2b-4179-a7db-9f3fb5c80a3e,"",Forward,100039919099,100039919099,11504,393.33,5.0,1243.0,0.0,1243.0,packet_delivered,0.0,0.0,0.0,0.0,0.0,0.0,0.0,0.0,NA,0,507.0
NFT-/XUTR/DEUTH026124A05FZX,40.71,0.0,0.0,2499.0,855.0,221.958,4.071,0.0,0.0,prepaid,0.814,0.0,0.0,27.0,0.0,31.86,596.297,"",'132813571453341811001,2026-05-04,11097568058,b25eb4fc-ab6b-4467-b1f0-da57a8c00a3a,"",Forward,100042839094,100042839094,11504,814.29,5.0,1550.0,0.0,1550.0,packet_delivered,0.0,0.0,0.0,0.0,0.0,0.0,0.0,0.0,NA,0,948.99
NFT-/XUTR/DEUTH026124A05FZX,0.0,31.64,31.64,2999.0,1329.0,329.326,0.0,3.1645,3.1645,prepaid,1.266,0.0,0.0,45.0,0.0,53.1,938.979,"",'132836824975843664503,2026-05-04,11102255806,1fff79dd-e80e-47e8-9447-342c1ccd6ffe,"",Forward,100047526833,1000013779167,11504,1265.72,5.0,1499.0,0.0,1499.0,packet_delivered,0.0,0.0,0.0,0.0,0.0,0.0,0.0,0.0,NA,0,1500.0000000000002
NFT-/XUTR/DEUTH026124A05FZX,72.76,0.0,0.0,1699.0,1528.0,360.608,7.276,0.0,0.0,prepaid,1.455,167.0,0.0,0.0,0.0,197.06,-1355.721,"",'132784250948414279503,2026-05-04,11090643166,70a05a5d-582e-48ed-b215-6b5a5e364c3e,100156108768,Reverse,100035914217,100035914217,11504,1455.24,5.0,0.0,0.0,0.0,return_refund,0.0,0.0,0.0,0.0,0.0,0.0,0.0,0.0,NA,0,1699.0
NFT-/XUTR/DEUTH026124A05FZX,42.62,0.0,0.0,2999.0,895.0,232.342,4.262,0.0,0.0,prepaid,0.852,182.0,0.0,0.0,0.0,214.76,-872.304,"",'132818571836253394903,2026-05-04,11098444616,f6a28316-9b47-410a-88f0-3a2b0bf63e96,100154727689,Reverse,100043715652,1000012723562,11504,852.38,5.0,2010.0,0.0,2010.0,return_refund,0.0,0.0,0.0,0.0,0.0,0.0,0.0,0.0,NA,0,989.0
NFT-/XUTR/DEUTH026124A05FZX,44.67,0.0,0.0,2999.0,938.0,243.505,4.467,0.0,0.0,prepaid,0.893,0.0,0.0,27.0,0.0,31.86,657.275,"",'132811279591846663503,2026-05-04,11096976292,47e9d8d8-ce1e-433f-82a7-d41b7cfbcb4b,"",Forward,100042247332,1000012188199,11504,893.33,5.0,1890.0,0.0,1890.0,packet_delivered,0.0,0.0,0.0,0.0,0.0,0.0,0.0,0.0,NA,0,1109.0
NFT-/XUTR/DEUTH026124A05FZX,18.48,0.0,0.0,1599.0,387.99999999999994,18.314,1.848,0.0,0.0,prepaid,0.37,167.0,0.0,0.0,0.0,197.06,-564.528,"",'132788977431398665801,2026-05-04,11092147218,0a33f50e-5e3c-4e58-8cb7-a7e8ca75a5e7,100152923545,Reverse,100037418263,1000010655773,11504,369.52,5.0,1152.0,0.0,1152.0,return_refund,0.0,0.0,0.0,0.0,0.0,0.0,0.0,0.0,NA,0,447.0
NFT-/XUTR/DEUTH026124A05FZX,44.67,0.0,0.0,2999.0,47.16,12.243,0.225,0.0,0.0,prepaid,0.045,0.0,0.0,1.357,0.0,1.60126,33.046,"",'132780892275393335803,2026-05-04,11090256387,32aba984-3009-4302-958b-04d625c864ac,"",Forward,100035527438,1000010378654,11504,893.33,5.0,1890.0,0.0,1890.0,packet_delivered,0.0,0.0,0.0,0.0,0.0,0.0,0.0,0.0,NA,0,1109.0
NFT-/XUTR/DEUTH026124A05FZX,63.24,0.0,0.0,2999.0,1328.0,329.078,6.324,0.0,0.0,prepaid,1.265,0.0,0.0,45.0,0.0,53.1,938.233,"",'132814159996709521501,2026-05-04,11097714831,3ce1987d-5980-4255-ae43-47b2e95af6c1,"",Forward,100042985867,100042985867,11504,1264.76,5.0,1500.0,0.0,1500.0,packet_delivered,0.0,0.0,0.0,0.0,0.0,0.0,0.0,0.0,NA,0,1499.0
NFT-/XUTR/DEUTH026124A05FZX,23.67,0.0,0.0,1599.0,497.0,23.458,2.367,0.0,0.0,prepaid,0.473,0.0,0.0,27.0,0.0,31.86,438.842,"",'132794411933471712103,2026-05-04,11093282524,7753f320-6c4b-4029-9707-d47f82a7351c,"",Forward,100038553568,1000011594718,11504,473.33,5.0,1008.0,0.0,1008.0,packet_delivered,0.0,0.0,0.0,0.0,0.0,0.0,0.0,0.0,NA,0,591.0
NFT-/XUTR/DEUTH026124A05FZX,24.57,0.0,0.0,1650.0,516.0,133.954,2.457,0.0,0.0,prepaid,0.491,0.0,0.0,27.0,0.0,31.86,347.238,"",'132807042768133345501,2026-05-04,11096440033,5deea71a-7c54-4091-be04-aac8d2eecdd6,"",Forward,100041711074,100041711074,11504,491.43,5.0,1040.0,0.0,1040.0,packet_delivered,0.0,0.0,0.0,0.0,0.0,0.0,0.0,0.0,NA,0,609.98
NFT-/XUTR/DEUTH026124A05FZX,103.48,0.0,0.0,3399.0,2173.0,512.828,10.348,0.0,0.0,prepaid,2.07,167.0,0.0,0.0,0.0,197.06,-1844.814,"",'132787605981741571101,2026-05-04,11091684512,9ac72b2e-520d-468b-aae4-c41b8f27edb1,100152117324,Reverse,100036955557,100036955557,11504,2069.52,5.0,1020.0,0.0,1020.0,return_refund,0.0,0.0,0.0,0.0,0.0,0.0,0.0,0.0,NA,0,2379.0
NFT-/XUTR/DEUTH026124A05FZX,0.0,30.43,30.43,2899.0,1278.0,316.688,0.0,3.043,3.043,prepaid,1.217,106.0,0.0,0.0,0.0,125.08,-1079.089,"",'132818939167583002801,2026-05-04,11098508783,271f121f-9c43-41f4-b949-535eecb2d5c4,100152298106,Reverse,100043779819,100043779819,11504,1217.14,5.0,1450.0,0.0,1450.0,return_refund,0.0,0.0,0.0,0.0,0.0,0.0,0.0,0.0,NA,0,1449.0000000000002
NFT-/XUTR/DEUTH026124A05FZX,38.0,0.0,0.0,1899.0,798.0,207.161,3.8,0.0,0.0,prepaid,0.76,0.0,0.0,27.0,0.0,31.86,554.419,"",'132779741787831467601,2026-05-04,11089881322,5d82be0c-51dc-43d0-ba05-036364ac75d2,"",Forward,100035152373,100035152373,11504,760,5.0,1007.0,0.0,1007.0,packet_delivered,0.0,0.0,0.0,0.0,0.0,0.0,0.0,0.0,NA,0,892.0
NFT-/XUTR/DEUTH026124A05FZX,18.1,0.0,0.0,1999.0,380.0,17.936,1.81,0.0,0.0,prepaid,0.362,0.0,0.0,0.0,0.0,0.0,359.892,"",'132811754863046202303,2026-05-04,11097104636,d78b15b6-3b3b-4c17-89d4-926841836446,"",Forward,100042375676,1000012185743,11504,361.9,5.0,1560.0,0.0,1560.0,packet_delivered,0.0,0.0,0.0,0.0,0.0,0.0,0.0,0.0,NA,0,439.0
NFT-/XUTR/DEUTH026124A05FZX,42.71,0.0,0.0,3099.0,410.575,106.585,1.955,0.0,0.0,prepaid,0.391,76.439,0.0,0.0,0.0,90.19802,-391.842,"",'132768818033393741003,2026-05-04,11087300732,3f187e4b-f643-47bf-829a-aaf7aff88010,11087300732,Reverse,100032571785,100032571785,11504,854.29,5.0,2108.0,0.0,2108.0,exchange,0.0,0.0,0.0,0.0,0.0,0.0,0.0,0.0,NA,0,991.01
NFT-/XUTR/DEUTH026124A05FZX,39.52,0.0,0.0,2499.0,830.0,215.468,3.952,0.0,0.0,prepaid,0.79,167.0,0.0,0.0,0.0,197.06,-806.85,"",'132788273403371661803,2026-05-04,11091904514,be593c80-29ab-4caa-b0cb-47b107889ff7,100152775147,Reverse,100037175559,100037175559,11504,790.48,5.0,1575.0,0.0,1575.0,return_refund,0.0,0.0,0.0,0.0,0.0,0.0,0.0,0.0,NA,0,924.0
NFT-/XUTR/DEUTH026124A05FZX,81.33,0.0,0.0,3999.0,268.99,66.656,1.281,0.0,0.0,prepaid,0.256,0.0,0.0,7.087,0.0,8.36266,192.434,"",'132787665760760123301,2026-05-04,11091703729,43727d4f-2556-4a8d-87c3-3c98cd878755,"",Forward,100036974774,100036974774,11504,1626.67,5.0,2120.0,0.0,2120.0,packet_delivered,0.0,0.0,0.0,0.0,0.0,0.0,0.0,0.0,NA,0,1879.0
NFT-/XUTR/DEUTH026124A05FZX,58.43,0.0,0.0,2899.0,1227.0,304.051,5.843,0.0,0.0,prepaid,1.169,0.0,0.0,45.0,0.0,53.1,862.837,"",'132839893307781036303,2026-05-04,11103135944,a3e6c824-3c9f-40c9-8136-0987e6bb4a2f,"",Forward,100048406953,1000014288109,11504,1168.57,5.0,1501.0,0.0,1501.0,packet_delivered,0.0,0.0,0.0,0.0,0.0,0.0,0.0,0.0,NA,0,1397.99
NFT-/XUTR/DEUTH026124A05FZX,47.52,0.0,0.0,1799.0,998.0,259.081,4.752,0.0,0.0,prepaid,0.95,0.0,0.0,27.0,0.0,31.86,701.357,"",'132820660379302318501,2026-05-04,11098924419,80c5e490-e82a-4fb5-9e0e-53938b9c920d,"",Forward,100044195455,100044195455,11504,950.48,5.0,630.0,0.0,630.0,packet_delivered,0.0,0.0,0.0,0.0,0.0,0.0,0.0,0.0,NA,0,1169.0
NFT-/XUTR/DEUTH026124A05FZX,63.24,0.0,0.0,2999.0,1328.0,329.078,6.324,0.0,0.0,prepaid,1.265,106.0,0.0,0.0,0.0,125.08,-1116.413,"",'132812920631094021403,2026-05-04,11097407367,5b4aa47f-99fc-4123-91e1-c8f70a6cee35,100152438375,Reverse,100042678407,100042678407,11504,1264.76,5.0,1500.0,0.0,1500.0,return_refund,0.0,0.0,0.0,0.0,0.0,0.0,0.0,0.0,NA,0,1499.0
NFT-/XUTR/DEUTH026124A05FZX,63.24,0.0,0.0,2999.0,1328.0,329.078,6.324,0.0,0.0,prepaid,1.265,0.0,0.0,45.0,0.0,53.1,938.233,"",'132821051886942177701,2026-05-04,11099032307,da9ad328-ae8c-4d74-9668-2513f4856acf,"",Forward,100044303342,100044303342,11504,1264.76,5.0,1500.0,0.0,1500.0,packet_delivered,0.0,0.0,0.0,0.0,0.0,0.0,0.0,0.0,NA,0,1499.0
NFT-/XUTR/DEUTH026124A05FZX,33.52,0.0,0.0,1699.0,704.0,182.758,3.352,0.0,0.0,prepaid,0.67,0.0,0.0,27.0,0.0,31.86,485.36,"",'132822870174103329101,2026-05-04,11099534096,1551db28-a69d-49dc-8eec-dc650b86f96c,"",Forward,100044805130,1000012893815,11504,670.48,5.0,901.0,0.0,901.0,packet_delivered,0.0,0.0,0.0,0.0,0.0,0.0,0.0,0.0,NA,0,798.0
NFT-/XUTR/DEUTH026124A05FZX,42.43,0.0,0.0,2899.0,891.0,231.304,4.243,0.0,0.0,prepaid,0.849,182.0,0.0,0.0,0.0,214.76,-869.364,"",'132811265650015748403,2026-05-04,11096972285,bc24a585-c645-4c8e-83f6-67c811ace494,100153185100,Reverse,100042243325,100042243325,11504,848.57,5.0,1914.0,0.0,1914.0,return_refund,0.0,0.0,0.0,0.0,0.0,0.0,0.0,0.0,NA,0,985.0
NFT-/XUTR/DEUTH026124A05FZX,63.24,0.0,0.0,2999.0,1328.0,329.078,6.324,0.0,0.0,prepaid,1.265,182.0,0.0,0.0,0.0,214.76,-1206.093,"",'132814361152414503903,2026-05-04,11097766761,2d9810d8-ce1e-4aab-9a3e-ab597fbd8de0,100156911426,Reverse,100043037797,100043037797,11504,1264.76,5.0,1500.0,0.0,1500.0,return_refund,0.0,0.0,0.0,0.0,0.0,0.0,0.0,0.0,NA,0,1499.0
NFT-/XUTR/DEUTH026124A05FZX,39.52,0.0,0.0,2499.0,830.0,215.468,3.952,0.0,0.0,prepaid,0.79,0.0,0.0,27.0,0.0,31.86,577.93,"",'132779347327741802001,2026-05-04,11089765810,ffcbd974-465d-4c0e-a67c-92fc2f9b4ded,"",Forward,100035036861,100035036861,11504,790.48,5.0,1575.0,0.0,1575.0,packet_delivered,0.0,0.0,0.0,0.0,0.0,0.0,0.0,0.0,NA,0,924.0
NFT-/XUTR/DEUTH026124A05FZX,51.86,0.0,0.0,1799.0,1089.0,257.004,5.186,0.0,0.0,prepaid,1.037,0.0,0.0,45.0,0.0,53.1,772.673,"",'132784596668531497501,2026-05-04,11090714952,c7c11e58-a8bd-4cd6-a544-ffef32c181bd,"",Forward,100035986001,1000010265087,11504,1037.14,5.0,539.0,0.0,539.0,packet_delivered,0.0,0.0,0.0,0.0,0.0,0.0,0.0,0.0,NA,0,1260.0
NFT-/XUTR/DEUTH026124A05FZX,19.05,0.0,0.0,1499.0,400.0,18.88,1.905,0.0,0.0,prepaid,0.381,0.0,0.0,0.0,0.0,0.0,378.834,"",'132798414495470196103,2026-05-04,11094478203,0c178af3-e312-4a09-9448-76418b08ca3e,"",Forward,100039749245,100039749245,11504,380.95,5.0,1005.0,0.0,1005.0,packet_delivered,0.0,0.0,0.0,0.0,0.0,0.0,0.0,0.0,NA,0,494.0
NFT-/XUTR/DEUTH026124A05FZX,51.81,0.0,0.0,1799.0,1088.0,256.768,5.181,0.0,0.0,prepaid,1.036,0.0,0.0,45.0,0.0,53.1,771.915,"",'132810600565424985701,2026-05-04,11096810781,b9b88e6c-aa95-4733-b81a-083a894d96f4,"",Forward,100042081822,100042081822,11504,1036.19,5.0,540.0,0.0,540.0,packet_delivered,0.0,0.0,0.0,0.0,0.0,0.0,0.0,0.0,NA,0,1259.0
NFT-/XUTR/DEUTH026124A05FZX,68.67,0.0,0.0,2425.0,1442.0,357.328,6.867,0.0,0.0,prepaid,1.373,0.0,0.0,45.0,0.0,53.1,1023.332,"",'132843015002848557103,2026-05-04,11103812324,a46e3585-e8db-46a4-93d2-f4f846600112,"",Forward,100049083333,100049083333,11504,1373.33,5.0,812.0,0.0,812.0,packet_delivered,0.0,0.0,0.0,0.0,0.0,0.0,0.0,0.0,NA,0,1613.0
NFT-/XUTR/DEUTH026124A05FZX,63.24,0.0,0.0,2999.0,1328.0,329.078,6.324,0.0,0.0,prepaid,1.265,0.0,0.0,45.0,0.0,53.1,938.233,"",'132795996651404663803,2026-05-04,11093735622,400a41aa-4603-4093-ad69-bb5714edddbf,"",Forward,100039006666,100039006666,11504,1264.76,5.0,1500.0,0.0,1500.0,packet_delivered,0.0,0.0,0.0,0.0,0.0,0.0,0.0,0.0,NA,0,1499.0
NFT-/XUTR/DEUTH026124A05FZX,24.57,0.0,0.0,1650.0,516.0,133.954,2.457,0.0,0.0,prepaid,0.491,0.0,0.0,27.0,0.0,31.86,347.238,"",'132815965374439561103,2026-05-04,11098271977,e9593354-d32a-4fee-a186-02507934685f,"",Forward,100043543013,1000012721042,11504,491.43,5.0,1040.0,0.0,1040.0,packet_delivered,0.0,0.0,0.0,0.0,0.0,0.0,0.0,0.0,NA,0,610.0
NFT-/XUTR/DEUTH026124A05FZX,34.29,0.0,0.0,2200.0,720.0,33.984,3.429,0.0,0.0,prepaid,0.686,167.0,0.0,0.0,0.0,197.06,-878.961,"",'132787657062560243901,2026-05-04,11091700920,0fbb0db4-2d45-4e22-b30c-8fb212f93d05,100152845747,Reverse,100036971965,100036971965,11504,685.71,5.0,1386.0,0.0,1386.0,return_refund,0.0,0.0,0.0,0.0,0.0,0.0,0.0,0.0,NA,0,814.0
NFT-/XUTR/DEUTH026124A05FZX,40.33,0.0,0.0,2899.0,847.0,219.881,4.033,0.0,0.0,prepaid,0.807,106.0,0.0,0.0,0.0,125.08,-747.359,"",'132830876170193428501,2026-05-04,11101188661,0927f437-9ef4-453d-999b-a84db1c2b1d0,100153430660,Reverse,100046459688,1000013767080,11504,806.67,5.0,1881.0,0.0,1881.0,return_refund,0.0,0.0,0.0,0.0,0.0,0.0,0.0,0.0,NA,0,1018.0
NFT-/XUTR/DEUTH026124A05FZX,33.57,0.0,0.0,1599.0,705.0,183.018,3.357,0.0,0.0,prepaid,0.671,0.0,0.0,27.0,0.0,31.86,486.094,"",'132785666542858009503,2026-05-04,11091045636,b9ef74f9-8101-459e-9aae-f6a37c4e8509,"",Forward,100036316683,100036316683,11504,671.43,5.0,800.0,0.0,800.0,packet_delivered,0.0,0.0,0.0,0.0,0.0,0.0,0.0,0.0,NA,0,799.0
NFT-/XUTR/DEUTH026124A05FZX,90.14,0.0,0.0,2999.0,1893.0,469.085,9.014,0.0,0.0,prepaid,1.803,0.0,0.0,45.0,0.0,53.1,1359.998,"",'132798687621301378903,2026-05-04,11094551589,fe1df93b-677e-4949-b34b-3fc7838a6c56,"",Forward,100039822631,1000011600909,11504,1802.86,5.0,900.0,0.0,900.0,packet_delivered,0.0,0.0,0.0,0.0,0.0,0.0,0.0,0.0,NA,0,2099.0
NFT-/XUTR/DEUTH026124A05FZX,40.71,0.0,0.0,1999.0,855.0,221.958,4.071,0.0,0.0,prepaid,0.814,0.0,0.0,27.0,0.0,31.86,596.297,"",'132837316771042666401,2026-05-04,11102408749,98afadd6-8a79-4349-a427-2a47bec3e8b8,"",Forward,100047679776,100047679776,11504,814.29,5.0,1050.0,0.0,1050.0,packet_delivered,0.0,0.0,0.0,0.0,0.0,0.0,0.0,0.0,NA,0,949.0
NFT-/XUTR/DEUTH026124A05FZX,43.48,0.0,0.0,3099.0,913.0,237.015,4.348,0.0,0.0,prepaid,0.87,0.0,0.0,27.0,0.0,31.86,638.907,"",'132783949042623340503,2026-05-04,11090595273,9ce27242-8d47-4409-932f-552709653cc3,"",Forward,100035866324,100035866324,11504,869.52,5.0,2015.0,0.0,2015.0,packet_delivered,0.0,0.0,0.0,0.0,0.0,0.0,0.0,0.0,NA,0,1084.0
NFT-/XUTR/DEUTH026124A05FZX,0.0,51.74,51.74,3399.0,2173.0,487.187,0.0,5.174,5.174,prepaid,2.07,106.0,0.0,0.0,0.0,125.08,-1798.475,"",'132793647489951781601,2026-05-04,11093062699,1bbf083e-a417-4bc1-a387-fa92b5902b42,11093062699,Reverse,100038333743,100038333743,11504,2069.52,5.0,1020.0,0.0,1020.0,exchange,0.0,0.0,0.0,0.0,0.0,0.0,0.0,0.0,NA,0,2379.0099999999993
NFT-/XUTR/DEUTH026124A05FZX,72.76,0.0,0.0,1699.0,1528.0,360.608,7.276,0.0,0.0,prepaid,1.455,0.0,0.0,45.0,0.0,53.1,1105.561,"",'132799273629019029103,2026-05-04,11094624877,7ebed1a6-303c-4246-a30f-8f5470dc143c,"",Forward,100039895919,100039895919,11504,1455.24,5.0,0.0,0.0,0.0,packet_delivered,0.0,0.0,0.0,0.0,0.0,0.0,0.0,0.0,NA,0,1699.0
NFT-/XUTR/DEUTH026124A05FZX,35.95,0.0,0.0,1699.0,755.0,195.998,3.595,0.0,0.0,prepaid,0.719,0.0,0.0,27.0,0.0,31.86,522.828,"",'132818633524266800201,2026-05-04,11098453411,ca55954d-3b9f-403a-b9a9-1baa939a2263,"",Forward,100043724447,1000012685591,11504,719.05,5.0,850.0,0.0,850.0,packet_delivered,0.0,0.0,0.0,0.0,0.0,0.0,0.0,0.0,NA,0,848.99
NFT-/XUTR/DEUTH026124A05FZX,75.19,0.0,0.0,1750.0,1579.0,372.644,7.519,0.0,0.0,prepaid,1.504,0.0,0.0,45.0,0.0,53.1,1144.233,"",'132794288150829489803,2026-05-04,11093246256,7fdd36d9-e04c-4a3e-861a-df060699d5e9,"",Forward,100038517300,100038517300,11504,1503.81,5.0,0.0,0.0,0.0,packet_delivered,0.0,0.0,0.0,0.0,0.0,0.0,0.0,0.0,NA,0,1750.0
NFT-/XUTR/DEUTH026124A05FZX,42.62,0.0,0.0,2999.0,895.0,232.342,4.262,0.0,0.0,prepaid,0.852,0.0,0.0,27.0,0.0,31.86,625.684,"",'132798551712084610601,2026-05-04,11094518913,6ac0da32-ac59-493c-b0dc-b448df1d2bbf,"",Forward,100039789955,100039789955,11504,852.38,5.0,2010.0,0.0,2010.0,packet_delivered,0.0,0.0,0.0,0.0,0.0,0.0,0.0,0.0,NA,0,989.0
NFT-/XUTR/DEUTH026124A05FZX,50.19,0.0,0.0,1750.0,1054.0,248.744,5.019,0.0,0.0,prepaid,1.004,0.0,0.0,45.0,0.0,53.1,746.133,"",'132815531050602342901,2026-05-04,11098154938,b3cc30f2-8ccd-447b-9d83-991b29eed866,"",Forward,100043425974,100043425974,11504,1003.81,5.0,525.0,0.0,525.0,packet_delivered,0.0,0.0,0.0,0.0,0.0,0.0,0.0,0.0,NA,0,1225.0
NFT-/XUTR/DEUTH026124A05FZX,0.0,24.24,24.24,1699.0,1018.0,240.248,0.0,2.424,2.424,prepaid,0.97,0.0,0.0,45.0,0.0,53.1,718.834,"",'132827778701014394001,2026-05-04,11100381419,7bc69c38-cc44-4847-866d-06c2ef3a9f33,"",Forward,100045652452,100045652452,11504,969.52,5.0,510.0,0.0,510.0,packet_delivered,0.0,0.0,0.0,0.0,0.0,0.0,0.0,0.0,NA,0,1189.0
NFT-/XUTR/DEUTH026124A05FZX,27.62,0.0,0.0,1499.0,580.0,150.568,2.762,0.0,0.0,prepaid,0.552,167.0,0.0,0.0,0.0,197.06,-623.178,"",'132784632989420466903,2026-05-04,11090723469,6dff32cc-3355-455d-8591-3977488e9f99,11090723469,Reverse,100035994518,100035994518,11504,552.38,5.0,825.0,0.0,825.0,exchange,0.0,0.0,0.0,0.0,0.0,0.0,0.0,0.0,NA,0,674.0
NFT-/XUTR/DEUTH026124A05FZX,23.0,0.0,0.0,1650.0,399.692,18.865,1.903,0.0,0.0,prepaid,0.381,87.717,0.0,0.0,0.0,103.50606,-482.049,"",'132794898023268988401,2026-05-04,11093421681,33935e9a-ca28-4887-a57b-757f989a86ee,11093421681,Reverse,100038692725,100038692725,11504,460,5.0,1073.0,0.0,1073.0,exchange,0.0,0.0,0.0,0.0,0.0,0.0,0.0,0.0,NA,0,576.98
NFT-/XUTR/DEUTH026124A05FZX,23.67,0.0,0.0,1599.0,497.0,23.458,2.367,0.0,0.0,prepaid,0.473,0.0,0.0,27.0,0.0,31.86,438.842,"",'132780605026111865101,2026-05-04,11090154790,82350baa-284f-4ba3-9685-8e8c8b336cb1,"",Forward,100035425841,100035425841,11504,473.33,5.0,1008.0,0.0,1008.0,packet_delivered,0.0,0.0,0.0,0.0,0.0,0.0,0.0,0.0,NA,0,591.0
NFT-/XUTR/DEUTH026124A05FZX,33.57,0.0,0.0,1599.0,705.0,183.018,3.357,0.0,0.0,prepaid,0.671,0.0,0.0,27.0,0.0,31.86,486.094,"",'132792647965536676601,2026-05-04,11092829469,63041d32-93c7-48f4-ac02-1966b73b4d8b,"",Forward,100038100514,100038100514,11504,671.43,5.0,800.0,0.0,800.0,packet_delivered,0.0,0.0,0.0,0.0,0.0,0.0,0.0,0.0,NA,0,799.0
NFT-/XUTR/DEUTH026124A05FZX,63.29,0.0,0.0,2999.0,1329.0,329.326,6.329,0.0,0.0,prepaid,1.266,0.0,0.0,45.0,0.0,53.1,938.979,"",'132838937348625916703,2026-05-04,11102888541,9bc444f1-540c-46cc-a888-88224220b68a,"",Forward,100048159555,1000014223502,11504,1265.71,5.0,1499.0,0.0,1499.0,packet_delivered,0.0,0.0,0.0,0.0,0.0,0.0,0.0,0.0,NA,0,1500.0
NFT-/XUTR/DEUTH026124A05FZX,42.62,0.0,0.0,2999.0,895.0,232.342,4.262,0.0,0.0,prepaid,0.852,0.0,0.0,27.0,0.0,31.86,625.684,"",'132793462900381382801,2026-05-04,11093012842,ec9daad0-8954-416f-833a-aa4a74c7b7d5,"",Forward,100038283886,100038283886,11504,852.38,5.0,2010.0,0.0,2010.0,packet_delivered,0.0,0.0,0.0,0.0,0.0,0.0,0.0,0.0,NA,0,989.0
NFT-/XUTR/DEUTH026124A05FZX,18.95,0.0,0.0,1699.0,398.0,18.786,1.895,0.0,0.0,prepaid,0.379,0.0,0.0,0.0,0.0,0.0,376.94,"",'132803161271856095203,2026-05-04,11095212015,fd218630-ebfb-4881-b48e-904ead654928,"",Forward,100040483057,100040483057,11504,379.05,5.0,1207.0,0.0,1207.0,packet_delivered,0.0,0.0,0.0,0.0,0.0,0.0,0.0,0.0,NA,0,492.0
NFT-/XUTR/DEUTH026124A05FZX,31.29,0.0,0.0,1599.0,657.0,170.557,3.129,0.0,0.0,prepaid,0.626,0.0,0.0,27.0,0.0,31.86,450.828,"",'132805920969931616401,2026-05-04,11096014989,af8846d3-1014-4139-a12d-18dc82a8e614,"",Forward,100041286029,1000011817632,11504,625.71,5.0,848.0,0.0,848.0,packet_delivered,0.0,0.0,0.0,0.0,0.0,0.0,0.0,0.0,NA,0,751.0
NFT-/XUTR/DEUTH026124A05FZX,78.48,0.0,0.0,2599.0,65.68,15.501,0.313,0.0,0.0,prepaid,0.063,0.0,0.0,1.793,0.0,2.11574,47.687,"",'132840985043358709003,2026-05-04,11103431660,52add3e4-408a-41f1-b780-8e994d523792,"",Forward,100048702669,100048702669,11504,1569.52,5.0,780.0,0.0,780.0,packet_delivered,0.0,0.0,0.0,0.0,0.0,0.0,0.0,0.0,NA,0,1819.01
NFT-/XUTR/DEUTH026124A05FZX,103.48,0.0,0.0,3399.0,2173.0,487.187,10.348,0.0,0.0,prepaid,2.07,167.0,0.0,0.0,0.0,197.06,-1870.455,"",'132778123762427264203,2026-05-04,11089415785,bfe01e5b-a204-4efd-84e0-c5ba404bfa52,100151944788,Reverse,100034686837,100034686837,11504,2069.52,5.0,1020.0,0.0,1020.0,return_refund,0.0,0.0,0.0,0.0,0.0,0.0,0.0,0.0,NA,0,2379.0
NFT-/XUTR/DEUTH026124A05FZX,24.05,0.0,0.0,1499.0,504.99999999999994,131.098,2.405,0.0,0.0,prepaid,0.481,167.0,0.0,0.0,0.0,197.06,-568.076,"",'132781475840761352503,2026-05-04,11090426272,c68d0e98-dbfa-4867-8301-a6b346f30e84,100153497156,Reverse,100035697323,1000010983851,11504,480.95,5.0,900.0,0.0,900.0,return_refund,0.0,0.0,0.0,0.0,0.0,0.0,0.0,0.0,NA,0,599.0
NFT-/XUTR/DEUTH026124A05FZX,82.24,0.0,0.0,1899.0,767.85,181.213,3.656,0.0,0.0,prepaid,0.731,56.466,0.0,0.0,0.0,66.62988,-648.88,"",'132797988440028531701,2026-05-04,11094323909,d933fc7f-6acd-4f21-828c-d98cb6820a5c,11094323909,Reverse,100039594951,1000011296218,11504,1644.76,5.0,1.0,0.0,1.0,exchange,0.0,0.0,0.0,0.0,0.0,0.0,0.0,0.0,NA,0,1898.0
NFT-/XUTR/DEUTH026124A05FZX,37.19,0.0,0.0,1750.0,781.0,202.748,3.719,0.0,0.0,prepaid,0.744,0.0,0.0,27.0,0.0,31.86,541.929,"",'132776105953406081801,2026-05-04,11088788029,3b61570f-6e13-415d-a4fc-062812a0cf1a,"",Forward,100034059081,100034059081,11504,743.81,5.0,875.0,0.0,875.0,packet_delivered,0.0,0.0,0.0,0.0,0.0,0.0,0.0,0.0,NA,0,875.0
NFT-/XUTR/DEUTH026124A05FZX,0.0,17.64,17.64,3299.0,499.88699999999994,23.595,0.0,1.19,1.19,prepaid,0.476,71.509,0.0,0.0,0.0,84.38062,-557.817,"",'132837281932136890603,2026-05-04,11102398196,b1acb06e-dced-4541-bb2f-78ea7241110c,100154230635,Reverse,100047669223,1000013758429,11504,705.72,5.0,2464.0,0.0,2464.0,return_refund,0.0,0.0,0.0,0.0,0.0,0.0,0.0,0.0,NA,0,835.01
NFT-/XUTR/DEUTH026124A05FZX,44.67,0.0,0.0,2999.0,938.0,243.505,4.467,0.0,0.0,prepaid,0.893,0.0,0.0,27.0,0.0,31.86,657.275,"",'132802844325381434201,2026-05-04,11095111442,a14ac151-0189-4c5a-8367-93224e86a62d,"",Forward,100040382484,100040382484,11504,893.33,5.0,1890.0,0.0,1890.0,packet_delivered,0.0,0.0,0.0,0.0,0.0,0.0,0.0,0.0,NA,0,1109.0
NFT-/XUTR/DEUTH026124A05FZX,72.76,0.0,0.0,3399.0,1528.0,378.638,7.276,0.0,0.0,prepaid,1.455,0.0,0.0,45.0,0.0,53.1,1087.531,"",'132815680174612291101,2026-05-04,11098206608,013dee35-61e2-45ac-b607-895d3dbe37c3,"",Forward,100043477644,1000012716547,11504,1455.24,5.0,1700.0,0.0,1700.0,packet_delivered,0.0,0.0,0.0,0.0,0.0,0.0,0.0,0.0,NA,0,1699.0
NFT-/XUTR/DEUTH026124A05FZX,19.1,0.0,0.0,1599.0,401.0,18.927,1.91,0.0,0.0,prepaid,0.382,0.0,0.0,15.0,0.0,17.7,362.081,"",'132778825539981243101,2026-05-04,11089617579,0ee178ca-a4ac-4ddf-a6ba-1e5e2a65e43a,"",Forward,100034888630,100034888630,11504,381.9,5.0,1104.0,0.0,1104.0,packet_delivered,0.0,0.0,0.0,0.0,0.0,0.0,0.0,0.0,NA,0,495.0
NFT-/XUTR/DEUTH026124A05FZX,35.95,0.0,0.0,1699.0,755.0,195.998,3.595,0.0,0.0,prepaid,0.719,0.0,0.0,27.0,0.0,31.86,522.828,"",'132806305195235370001,2026-05-04,11096144731,7b1ce243-fd3e-44ec-9294-7db314fbc981,"",Forward,100041415772,1000011850304,11504,719.05,5.0,850.0,0.0,850.0,packet_delivered,0.0,0.0,0.0,0.0,0.0,0.0,0.0,0.0,NA,0,849.0
NFT-/XUTR/DEUTH026124A05FZX,35.76,0.0,0.0,1799.0,751.0,194.96,3.576,0.0,0.0,prepaid,0.715,0.0,0.0,27.0,0.0,31.86,519.889,"",'132816741743356437203,2026-05-04,11098350692,e0193235-3867-4feb-a961-554be16dff70,"",Forward,100043621728,100043621728,11504,715.24,5.0,954.0,0.0,954.0,packet_delivered,0.0,0.0,0.0,0.0,0.0,0.0,0.0,0.0,NA,0,845.0
NFT-/XUTR/DEUTH026124A05FZX,51.81,0.0,0.0,1799.0,1088.0,256.768,5.181,0.0,0.0,prepaid,1.036,0.0,0.0,45.0,0.0,53.1,771.915,"",'132789495206532530503,2026-05-04,11092365886,e5afe6fb-26b9-4a2c-9aa4-34f58139fa7f,"",Forward,100037636931,1000010700179,11504,1036.19,5.0,540.0,0.0,540.0,packet_delivered,0.0,0.0,0.0,0.0,0.0,0.0,0.0,0.0,NA,0,1259.0
NFT-/XUTR/DEUTH026124A05FZX,56.1,0.0,0.0,2999.0,1178.0,291.908,5.61,0.0,0.0,prepaid,1.122,0.0,0.0,45.0,0.0,53.1,826.26,"",'132793915681115735903,2026-05-04,11093137726,1e914104-62d4-4706-b5d0-6f5fe9f72ac0,"",Forward,100038408770,100038408770,11504,1121.9,5.0,1650.0,0.0,1650.0,packet_delivered,0.0,0.0,0.0,0.0,0.0,0.0,0.0,0.0,NA,0,1349.0
NFT-/XUTR/DEUTH026124A05FZX,56.86,0.0,0.0,1950.0,1194.0,281.784,5.686,0.0,0.0,prepaid,1.137,182.0,0.0,0.0,0.0,214.76,-1120.153,"",'132797761117357898801,2026-05-04,11094242579,0c63edda-3953-4844-a146-704b24ac8bf3,100153521012,Reverse,100039513621,100039513621,11504,1137.14,5.0,585.0,0.0,585.0,return_refund,0.0,0.0,0.0,0.0,0.0,0.0,0.0,0.0,NA,0,1365.0
NFT-/XUTR/DEUTH026124A05FZX,90.14,0.0,0.0,2999.0,1893.0,469.085,9.014,0.0,0.0,prepaid,1.803,106.0,0.0,0.0,0.0,125.08,-1538.178,"",'132829446543719189503,2026-05-04,11100827274,4720b33a-103e-48b3-86fe-a48de76d3ba8,100153072209,Reverse,100046098307,1000013771346,11504,1802.86,5.0,900.0,0.0,900.0,return_refund,0.0,0.0,0.0,0.0,0.0,0.0,0.0,0.0,NA,0,2099.0
NFT-/XUTR/DEUTH026124A05FZX,51.81,0.0,0.0,1799.0,1088.0,256.768,5.181,0.0,0.0,prepaid,1.036,0.0,0.0,45.0,0.0,53.1,771.915,"",'132788423744450712203,2026-05-04,11091954907,8da1272f-17b8-40b8-af94-35fb3592fe07,"",Forward,100037225952,100037225952,11504,1036.19,5.0,540.0,0.0,540.0,packet_delivered,0.0,0.0,0.0,0.0,0.0,0.0,0.0,0.0,NA,0,1259.0
NFT-/XUTR/DEUTH026124A05FZX,90.14,0.0,0.0,2999.0,1893.0,469.085,9.014,0.0,0.0,prepaid,1.803,0.0,0.0,45.0,0.0,53.1,1359.998,"",'132798687621301378903,2026-05-04,11094551590,fe1df93b-677e-4949-b34b-3fc7838a6c56,"",Forward,100039822632,1000011600909,11504,1802.86,5.0,900.0,0.0,900.0,packet_delivered,0.0,0.0,0.0,0.0,0.0,0.0,0.0,0.0,NA,0,2099.0
NFT-/XUTR/DEUTH026124A05FZX,70.38,0.0,0.0,3299.0,1478.0,366.248,7.038,0.0,0.0,prepaid,1.408,0.0,0.0,45.0,0.0,53.1,1050.206,"",'132819070940960129903,2026-05-04,11098534738,64c38914-6b7a-41f9-bf41-e2703c56cbff,"",Forward,100043805773,100043805773,11504,1407.62,5.0,1650.0,0.0,1650.0,packet_delivered,0.0,0.0,0.0,0.0,0.0,0.0,0.0,0.0,NA,0,1649.0
NFT-/XUTR/DEUTH026124A05FZX,56.1,0.0,0.0,2999.0,1178.0,291.908,5.61,0.0,0.0,prepaid,1.122,127.0,0.0,0.0,0.0,149.86,-1029.22,"",'132793915681115735903,2026-05-04,11093137726,1e914104-62d4-4706-b5d0-6f5fe9f72ac0,100156276459,Reverse,100038408770,100038408770,11504,1121.9,5.0,1650.0,0.0,1650.0,return_refund,0.0,0.0,0.0,0.0,0.0,0.0,0.0,0.0,NA,0,1349.0
NFT-/XUTR/DEUTH026124A05FZX,38.33,0.0,0.0,1799.0,805.0,208.978,3.833,0.0,0.0,prepaid,0.767,106.0,0.0,0.0,0.0,125.08,-716.502,"",'132819072730691057901,2026-05-04,11098535101,1ed012ef-048e-42f7-bb1e-7696ef2ee200,100152359272,Reverse,100043806136,1000012603915,11504,766.67,5.0,900.0,0.0,900.0,return_refund,0.0,0.0,0.0,0.0,0.0,0.0,0.0,0.0,NA,0,899.0
NFT-/XUTR/DEUTH026124A05FZX,58.95,0.0,0.0,2999.0,1238.0,306.776,5.895,0.0,0.0,prepaid,1.179,0.0,0.0,45.0,0.0,53.1,871.05,"",'132783762438041567701,2026-05-04,11090574690,bb824665-c056-4d11-a188-22e9716288de,"",Forward,100035845741,100035845741,11504,1179.05,5.0,1590.0,0.0,1590.0,packet_delivered,0.0,0.0,0.0,0.0,0.0,0.0,0.0,0.0,NA,0,1409.0
NFT-/XUTR/DEUTH026124A05FZX,90.14,0.0,0.0,2999.0,1893.0,469.085,9.014,0.0,0.0,prepaid,1.803,0.0,0.0,45.0,0.0,53.1,1359.998,"",'132802149479961954401,2026-05-04,11094902387,d9564cb2-16f0-4ecb-b2cc-ae94ec055990,"",Forward,100040173429,100040173429,11504,1802.86,5.0,900.0,0.0,900.0,packet_delivered,0.0,0.0,0.0,0.0,0.0,0.0,0.0,0.0,NA,0,2099.0
NFT-/XUTR/DEUTH026124A05FZX,58.95,0.0,0.0,2999.0,1238.0,306.776,5.895,0.0,0.0,prepaid,1.179,0.0,0.0,45.0,0.0,53.1,871.05,"",'132806413310553450601,2026-05-04,11096185559,444ce5f1-4ff8-41a7-92fe-b49035de7747,"",Forward,100041456600,100041456600,11504,1179.05,5.0,1590.0,0.0,1590.0,packet_delivered,0.0,0.0,0.0,0.0,0.0,0.0,0.0,0.0,NA,0,1409.0
NFT-/XUTR/DEUTH026124A05FZX,19.48,0.0,0.0,1799.0,0.76,0.03599999999999999,0.004,0.0,0.0,prepaid,0.001,0.0,0.0,0.035,0.0,0.0413,0.678,"",'132823959613331734201,2026-05-04,11099917260,732a7117-19f7-4b58-9cb6-57f9436838e7,"",Forward,100045188293,100045188293,11504,389.52,5.0,1296.0,0.0,1296.0,packet_delivered,0.0,0.0,0.0,0.0,0.0,0.0,0.0,0.0,NA,0,503.01
NFT-/XUTR/DEUTH026124A05FZX,63.24,0.0,0.0,2999.0,1328.0,329.078,6.324,0.0,0.0,prepaid,1.265,0.0,0.0,45.0,0.0,53.1,938.233,"",'132805749927307623603,2026-05-04,11095958501,8260c193-bd29-4d11-a899-be82ecf8354f,"",Forward,100041229542,1000012141959,11504,1264.76,5.0,1500.0,0.0,1500.0,packet_delivered,0.0,0.0,0.0,0.0,0.0,0.0,0.0,0.0,NA,0,1499.0
NFT-/XUTR/DEUTH026124A05FZX,33.52,0.0,0.0,1699.0,704.0,182.758,3.352,0.0,0.0,prepaid,0.67,106.0,0.0,0.0,0.0,125.08,-642.3,"",'132827466344072270401,2026-05-04,11100324178,6b182567-a772-493c-9e8f-7b960d4f66f9,11100324178,Reverse,100045595211,1000013226080,11504,670.48,5.0,901.0,0.0,901.0,exchange,0.0,0.0,0.0,0.0,0.0,0.0,0.0,0.0,NA,0,798.0
NFT-/XUTR/DEUTH026124A05FZX,39.52,0.0,0.0,2499.0,830.0,215.468,3.952,0.0,0.0,prepaid,0.79,0.0,0.0,27.0,0.0,31.86,577.93,"",'132777510204521882301,2026-05-04,11089228120,5deb19de-a9cb-4af1-8d17-2cf84e486188,"",Forward,100034499171,1000010371752,11504,790.48,5.0,1575.0,0.0,1575.0,packet_delivered,0.0,0.0,0.0,0.0,0.0,0.0,0.0,0.0,NA,0,924.0
NFT-/XUTR/DEUTH026124A05FZX,31.19,0.0,0.0,1499.0,224.88,58.379,1.071,0.0,0.0,prepaid,0.214,36.393,0.0,0.0,0.0,42.94374,-208.16,"",'132797607739037290701,2026-05-04,11094189817,63e517a2-e4a0-43f0-b6d1-9bebd8e911e7,11094189817,Reverse,100039460859,1000011570295,11504,623.81,5.0,750.0,0.0,750.0,exchange,0.0,0.0,0.0,0.0,0.0,0.0,0.0,0.0,NA,0,749.0
NFT-/XUTR/DEUTH026124A05FZX,18.95,0.0,0.0,1699.0,398.0,18.786,1.895,0.0,0.0,prepaid,0.379,0.0,0.0,0.0,0.0,0.0,376.94,"",'132786405122834616603,2026-05-04,11091295870,c26c46dd-c2ce-4b92-8178-44abc1334842,"",Forward,100036566915,100036566915,11504,379.05,5.0,1207.0,0.0,1207.0,packet_delivered,0.0,0.0,0.0,0.0,0.0,0.0,0.0,0.0,NA,0,492.0
NFT-/XUTR/DEUTH026124A05FZX,63.24,0.0,0.0,2999.0,1328.0,329.078,6.324,0.0,0.0,prepaid,1.265,0.0,0.0,45.0,0.0,53.1,938.233,"",'132786590500571533401,2026-05-04,11091357201,bfe820c8-335d-48ba-9d9e-68fc3d1cc0dc,"",Forward,100036628246,100036628246,11504,1264.76,5.0,1500.0,0.0,1500.0,packet_delivered,0.0,0.0,0.0,0.0,0.0,0.0,0.0,0.0,NA,0,1499.0
NFT-/XUTR/DEUTH026124A05FZX,106.81,0.0,0.0,3499.0,591.573,139.611,2.817,0.0,0.0,prepaid,0.563,0.0,0.0,16.088,0.0,18.98384,429.598,"",'132792399125936873601,2026-05-04,11092796458,06ab2c4b-7039-4171-bbc8-8ec97235d5b3,"",Forward,100038067503,100038067503,11504,2136.19,5.0,1050.0,0.0,1050.0,packet_delivered,0.0,0.0,0.0,0.0,0.0,0.0,0.0,0.0,NA,0,2449.01
NFT-/XUTR/DEUTH026124A05FZX,23.67,0.0,0.0,1599.0,497.0,23.458,2.367,0.0,0.0,prepaid,0.473,0.0,0.0,27.0,0.0,31.86,438.842,"",'132816380613170942503,2026-05-04,11098327439,316eb2c8-8c16-4f6b-8f93-ec75a94aeb88,"",Forward,100043598475,1000012512612,11504,473.33,5.0,1008.0,0.0,1008.0,packet_delivered,0.0,0.0,0.0,0.0,0.0,0.0,0.0,0.0,NA,0,591.0
NFT-/XUTR/DEUTH026124A05FZX,74.38,0.0,0.0,4999.0,1562.0,405.495,7.438,0.0,0.0,prepaid,1.488,0.0,0.0,45.0,0.0,53.1,1094.479,"",'132840918835448703701,2026-05-04,11103411128,49a7e47a-227b-4dbd-ade4-813f2048db1a,"",Forward,100048682137,100048682137,11504,1487.62,5.0,3243.0,0.0,3243.0,packet_delivered,0.0,0.0,0.0,0.0,0.0,0.0,0.0,0.0,NA,0,1756.0
NFT-/XUTR/DEUTH026124A05FZX,66.43,0.0,0.0,3299.0,1174.572,291.059,5.593,0.0,0.0,prepaid,1.119,89.251,0.0,0.0,0.0,105.31618,-982.117,"",'132832630022377664603,2026-05-04,11101680033,77dd05b5-1a7b-4764-9b90-f3da6b204f7b,100153214275,Reverse,100046951060,100046951060,11504,1328.57,5.0,1733.0,0.0,1733.0,return_refund,0.0,0.0,0.0,0.0,0.0,0.0,0.0,0.0,NA,0,1565.99
NFT-/XUTR/DEUTH026124A05FZX,63.24,0.0,0.0,2999.0,1328.0,329.078,6.324,0.0,0.0,prepaid,1.265,0.0,0.0,45.0,0.0,53.1,938.233,"",'132786422932469004703,2026-05-04,11091302090,1201c2f0-0f14-400d-927e-360c957c7703,"",Forward,100036573135,100036573135,11504,1264.76,5.0,1500.0,0.0,1500.0,packet_delivered,0.0,0.0,0.0,0.0,0.0,0.0,0.0,0.0,NA,0,1499.0
NFT-/XUTR/DEUTH026124A05FZX,0.0,19.0,19.0,1899.0,798.0,207.161,0.0,1.9,1.9,prepaid,0.76,106.0,0.0,0.0,0.0,125.08,-711.359,"",'132813013503957931201,2026-05-04,11097430800,2a77df17-adf3-4041-b0bc-5813bdef207e,11097430800,Reverse,100042701840,100042701840,11504,760,5.0,1007.0,0.0,1007.0,exchange,0.0,0.0,0.0,0.0,0.0,0.0,0.0,0.0,NA,0,891.99
NFT-/XUTR/DEUTH026124A05FZX,70.14,0.0,0.0,3499.0,1473.0,365.009,7.014,0.0,0.0,prepaid,1.403,0.0,0.0,45.0,0.0,53.1,1046.474,"",'132822231753600833501,2026-05-04,11099349020,cb1f0208-389e-4c39-8b97-0c4cae96a595,"",Forward,100044620054,1000013201557,11504,1402.86,5.0,1855.0,0.0,1855.0,packet_delivered,0.0,0.0,0.0,0.0,0.0,0.0,0.0,0.0,NA,0,1644.0
NFT-/XUTR/DEUTH026124A05FZX,60.86,0.0,0.0,2899.0,1278.0,316.688,6.086,0.0,0.0,prepaid,1.217,0.0,0.0,45.0,0.0,53.1,900.909,"",'132824226558685560101,2026-05-04,11100016429,1ec778f9-5253-477f-af5d-ddef80c6d16c,"",Forward,100045287462,100045287462,11504,1217.14,5.0,1450.0,0.0,1450.0,packet_delivered,0.0,0.0,0.0,0.0,0.0,0.0,0.0,0.0,NA,0,1449.0
NFT-/XUTR/DEUTH026124A05FZX,68.71,0.0,0.0,3399.0,1443.0,357.575,6.871,0.0,0.0,prepaid,1.374,0.0,0.0,45.0,0.0,53.1,1024.08,"",'132831321477755341503,2026-05-04,11101301230,afb5e296-d6b5-4821-bc7e-247563c49426,"",Forward,100046572257,1000013770251,11504,1374.29,5.0,1785.0,0.0,1785.0,packet_delivered,0.0,0.0,0.0,0.0,0.0,0.0,0.0,0.0,NA,0,1614.0
NFT-/XUTR/DEUTH026124A05FZX,63.24,0.0,0.0,2999.0,1328.0,329.078,6.324,0.0,0.0,prepaid,1.265,0.0,0.0,45.0,0.0,53.1,938.233,"",'132781291551643838401,2026-05-04,11090383300,0cb6754c-c75b-4c41-bb2c-3e49da2a131f,"",Forward,100035654351,1000010986552,11504,1264.76,5.0,1500.0,0.0,1500.0,packet_delivered,0.0,0.0,0.0,0.0,0.0,0.0,0.0,0.0,NA,0,1499.0
NFT-/XUTR/DEUTH026124A05FZX,87.05,0.0,0.0,1999.0,1828.0,431.408,8.705,0.0,0.0,prepaid,1.741,0.0,0.0,45.0,0.0,53.1,1333.046,"",'132806373873183054301,2026-05-04,11096170325,794286fe-eb79-4fe5-8efc-b80c00afbf08,"",Forward,100041441366,1000011855093,11504,1740.95,5.0,0.0,0.0,0.0,packet_delivered,0.0,0.0,0.0,0.0,0.0,0.0,0.0,0.0,NA,0,1999.0
NFT-/XUTR/DEUTH026124A05FZX,24.57,0.0,0.0,1650.0,516.0,133.954,2.457,0.0,0.0,prepaid,0.491,0.0,0.0,27.0,0.0,31.86,347.238,"",'132831507643525772101,2026-05-04,11101350622,6f846045-fa8f-4819-9486-a709045905f2,"",Forward,100046621649,1000013435441,11504,491.43,5.0,1040.0,0.0,1040.0,packet_delivered,0.0,0.0,0.0,0.0,0.0,0.0,0.0,0.0,NA,0,610.0
NFT-/XUTR/DEUTH026124A05FZX,49.19,0.0,0.0,2499.0,1033.0,255.977,4.919,0.0,0.0,prepaid,0.984,0.0,0.0,45.0,0.0,53.1,718.02,"",'132839893307781036303,2026-05-04,11103135950,a3e6c824-3c9f-40c9-8136-0987e6bb4a2f,"",Forward,100048406959,1000014288109,11504,983.81,5.0,1295.0,0.0,1295.0,packet_delivered,0.0,0.0,0.0,0.0,0.0,0.0,0.0,0.0,NA,0,1203.99
NFT-/XUTR/DEUTH026124A05FZX,114.0,0.0,0.0,2600.0,2394.0,564.984,11.4,0.0,0.0,prepaid,2.28,167.0,0.0,0.0,0.0,197.06,-2012.396,"",'132780274574557603003,2026-05-04,11090042423,dfdaf59d-7020-4509-9ddd-d9f30fb9c031,100152248388,Reverse,100035313474,100035313474,11504,2280,5.0,0.0,0.0,0.0,return_refund,0.0,0.0,0.0,0.0,0.0,0.0,0.0,0.0,NA,0,2600.01
NFT-/XUTR/DEUTH026124A05FZX,58.48,0.0,0.0,1999.0,456.266,107.679,2.173,0.0,0.0,prepaid,0.435,47.187,0.0,0.0,0.0,55.68066,-401.66,"",'132806840620084044803,2026-05-04,11096364909,d4ae4f87-2a9d-42c9-b613-a066e229819f,11096364909,Reverse,100041635950,100041635950,11504,1169.52,5.0,600.0,0.0,600.0,exchange,0.0,0.0,0.0,0.0,0.0,0.0,0.0,0.0,NA,0,1398.98
NFT-/XUTR/DEUTH026124A05FZX,44.67,0.0,0.0,2999.0,938.0,243.505,4.467,0.0,0.0,prepaid,0.893,0.0,0.0,27.0,0.0,31.86,657.275,"",'132832200158110419703,2026-05-04,11101544157,4f98fd7d-8373-4aab-aa71-22e9b2f0a832,"",Forward,100046815184,100046815184,11504,893.33,5.0,1890.0,0.0,1890.0,packet_delivered,0.0,0.0,0.0,0.0,0.0,0.0,0.0,0.0,NA,0,1109.0
NFT-/XUTR/DEUTH026124A05FZX,19.1,0.0,0.0,1599.0,401.0,18.927,1.91,0.0,0.0,prepaid,0.382,182.0,0.0,0.0,0.0,214.76,-594.541,"",'132819584426276753801,2026-05-04,11098650174,fe2bd015-02bb-4d27-8c73-2a484399f7b4,100154303287,Reverse,100043921208,1000012655209,11504,381.9,5.0,1104.0,0.0,1104.0,return_refund,0.0,0.0,0.0,0.0,0.0,0.0,0.0,0.0,NA,0,495.0
NFT-/XUTR/DEUTH026124A05FZX,426.05,0.0,0.0,2999.0,2448.069,577.745,10.373,0.0,0.0,prepaid,2.075,0.0,0.0,53.467,0.0,63.09106,1794.785,"",'132829861424289055003,2026-05-04,11100935450,3ab08fc1-06be-4386-a27f-0485d36e9e6c,"",Forward,100046206483,100046206483,11504,2366.95,18.0,0.0,0.0,0.0,packet_delivered,0.0,0.0,0.0,0.0,0.0,0.0,0.0,0.0,NA,0,2999.01
NFT-/XUTR/DEUTH026124A05FZX,51.81,0.0,0.0,1799.0,1088.0,256.768,5.181,0.0,0.0,prepaid,1.036,182.0,0.0,0.0,0.0,214.76,-1039.775,"",'132811834901870384403,2026-05-04,11097125636,38fabc05-b9c9-406c-ab58-e33986282439,11097125636,Reverse,100042396676,100042396676,11504,1036.19,5.0,540.0,0.0,540.0,exchange,0.0,0.0,0.0,0.0,0.0,0.0,0.0,0.0,NA,0,1259.01
NFT-/XUTR/DEUTH026124A05FZX,36.0,0.0,0.0,2299.0,756.0,35.683,3.6,0.0,0.0,prepaid,0.72,0.0,0.0,27.0,0.0,31.86,684.137,"",'132827466344072270401,2026-05-04,11100324176,6b182567-a772-493c-9e8f-7b960d4f66f9,"",Forward,100045595209,1000013226080,11504,720,5.0,1449.0,0.0,1449.0,packet_delivered,0.0,0.0,0.0,0.0,0.0,0.0,0.0,0.0,NA,0,850.0
NFT-/XUTR/DEUTH026124A05FZX,42.91,0.0,0.0,2899.0,901.0,233.9,4.29,0.0,0.0,prepaid,0.858,167.0,0.0,0.0,0.0,197.06,-859.012,"",'132780956278528910403,2026-05-04,11090278652,656ebc36-e872-4692-b474-820b0e9ee6a6,100152656104,Reverse,100035549703,1000010362627,11504,858.1,5.0,1827.0,0.0,1827.0,return_refund,0.0,0.0,0.0,0.0,0.0,0.0,0.0,0.0,NA,0,1072.01
NFT-/XUTR/DEUTH026124A05FZX,56.71,0.0,0.0,2899.0,1191.0,295.13,5.671,0.0,0.0,prepaid,1.134,182.0,0.0,0.0,0.0,214.76,-1103.825,"",'132811075202904879901,2026-05-04,11096923738,e52c660e-c3c7-4644-ae32-7d17dcef41b4,100153769052,Reverse,100042194778,100042194778,11504,1134.29,5.0,1537.0,0.0,1537.0,return_refund,0.0,0.0,0.0,0.0,0.0,0.0,0.0,0.0,NA,0,1362.0
NFT-/XUTR/DEUTH026124A05FZX,19.05,0.0,0.0,1499.0,3.83,0.181,0.018,0.0,0.0,prepaid,0.004,1.216,0.0,0.0,0.0,1.43488,-5.062,"",'132816462843899979803,2026-05-04,11098334203,bd13f9ce-9867-4c30-a025-9dfc00a67c5b,100154027229,Reverse,100043605239,1000012521431,11504,380.95,5.0,1005.0,0.0,1005.0,return_refund,0.0,0.0,0.0,0.0,0.0,0.0,0.0,0.0,NA,0,494.0
NFT-/XUTR/DEUTH026124A05FZX,38.33,0.0,0.0,1799.0,805.0,208.978,3.833,0.0,0.0,prepaid,0.767,0.0,0.0,27.0,0.0,31.86,559.562,"",'132784246975597170601,2026-05-04,11090642376,65fa2243-5daa-4edf-b3d9-d5fd695be1cc,"",Forward,100035913427,1000010243801,11504,766.67,5.0,900.0,0.0,900.0,packet_delivered,0.0,0.0,0.0,0.0,0.0,0.0,0.0,0.0,NA,0,899.0
NFT-/XUTR/DEUTH026124A05FZX,42.43,0.0,0.0,2899.0,891.0,231.304,4.243,0.0,0.0,prepaid,0.849,182.0,0.0,0.0,0.0,214.76,-869.364,"",'132794393343679872001,2026-05-04,11093277116,bf07e267-2d6e-4096-a515-854f1049a3fa,100153137225,Reverse,100038548160,1000011590148,11504,848.57,5.0,1914.0,0.0,1914.0,return_refund,0.0,0.0,0.0,0.0,0.0,0.0,0.0,0.0,NA,0,985.0
NFT-/XUTR/DEUTH026124A05FZX,70.38,0.0,0.0,3299.0,1478.0,366.248,7.038,0.0,0.0,prepaid,1.408,182.0,0.0,0.0,0.0,214.76,-1318.066,"",'132815322955620399203,2026-05-04,11098073396,78998d66-1b96-4ebd-8342-204848a76bca,100153632359,Reverse,100043344432,100043344432,11504,1407.62,5.0,1650.0,0.0,1650.0,return_refund,0.0,0.0,0.0,0.0,0.0,0.0,0.0,0.0,NA,0,1649.0
NFT-/XUTR/DEUTH026124A05FZX,34.05,0.0,0.0,2999.0,715.0,33.748,3.405,0.0,0.0,prepaid,0.681,0.0,0.0,27.0,0.0,31.86,645.306,"",'132814671451362868601,2026-05-04,11097849302,51678fbd-7e59-48cb-9062-f38c3ab9beff,"",Forward,100043120338,100043120338,11504,680.95,5.0,2190.0,0.0,2190.0,packet_delivered,0.0,0.0,0.0,0.0,0.0,0.0,0.0,0.0,NA,0,809.0
NFT-/XUTR/DEUTH026124A05FZX,70.1,0.0,0.0,1999.0,1472.0,347.392,7.01,0.0,0.0,prepaid,1.402,0.0,0.0,45.0,0.0,53.1,1063.096,"",'132821354412421508303,2026-05-04,11099116232,b6e8238c-3d7b-4dd8-b0d3-a643902779b8,"",Forward,100044387267,100044387267,11504,1401.9,5.0,356.0,0.0,356.0,packet_delivered,0.0,0.0,0.0,0.0,0.0,0.0,0.0,0.0,NA,0,1643.0
NFT-/XUTR/DEUTH026124A05FZX,28.67,0.0,0.0,1699.0,602.0,156.279,2.867,0.0,0.0,prepaid,0.573,0.0,0.0,27.0,0.0,31.86,410.421,"",'132800631114187763601,2026-05-04,11094668510,9c67ffce-5adc-41cc-b2b7-0cbd7baf9333,"",Forward,100039939552,100039939552,11504,573.33,5.0,1003.0,0.0,1003.0,packet_delivered,0.0,0.0,0.0,0.0,0.0,0.0,0.0,0.0,NA,0,696.0
NFT-/XUTR/DEUTH026124A05FZX,33.57,0.0,0.0,1599.0,705.0,183.018,3.357,0.0,0.0,prepaid,0.671,0.0,0.0,27.0,0.0,31.86,486.094,"",'132787800747415762603,2026-05-04,11091747627,81f9d163-3ed7-4648-98e4-6cdf7c273889,"",Forward,100037018672,100037018672,11504,671.43,5.0,800.0,0.0,800.0,packet_delivered,0.0,0.0,0.0,0.0,0.0,0.0,0.0,0.0,NA,0,799.0
NFT-/XUTR/DEUTH026124A05FZX,34.29,0.0,0.0,2200.0,720.0,33.984,3.429,0.0,0.0,prepaid,0.686,0.0,0.0,27.0,0.0,31.86,650.041,"",'132827466344072270401,2026-05-04,11100324170,6b182567-a772-493c-9e8f-7b960d4f66f9,"",Forward,100045595204,1000013226080,11504,685.71,5.0,1386.0,0.0,1386.0,packet_delivered,0.0,0.0,0.0,0.0,0.0,0.0,0.0,0.0,NA,0,814.0
NFT-/XUTR/DEUTH026124A05FZX,19.1,0.0,0.0,1599.0,401.0,18.927,1.91,0.0,0.0,prepaid,0.382,0.0,0.0,15.0,0.0,17.7,362.081,"",'132787850381028107803,2026-05-04,11091764229,10c7304b-b53c-48d3-8f45-44e7d8f278b9,"",Forward,100037035274,100037035274,11504,381.9,5.0,1104.0,0.0,1104.0,packet_delivered,0.0,0.0,0.0,0.0,0.0,0.0,0.0,0.0,NA,0,495.0
NFT-/XUTR/DEUTH026124A05FZX,37.19,0.0,0.0,1750.0,781.0,202.748,3.719,0.0,0.0,prepaid,0.744,0.0,0.0,27.0,0.0,31.86,541.929,"",'132809021872203145503,2026-05-04,11096622232,2238ee68-470b-41d2-a48a-9409737577f5,"",Forward,100041893273,100041893273,11504,743.81,5.0,875.0,0.0,875.0,packet_delivered,0.0,0.0,0.0,0.0,0.0,0.0,0.0,0.0,NA,0,875.01
NFT-/XUTR/DEUTH026124A05FZX,426.05,0.0,0.0,2999.0,2793.0,659.148,11.835,0.0,0.0,prepaid,2.367,0.0,0.0,61.0,0.0,71.98,2047.67,"",'132815910692253399903,2026-05-04,11098261677,cba8b4ef-9f79-4d58-965c-8ab2c0a1c3fc,"",Forward,100043532713,100043532713,11504,2366.95,18.0,0.0,0.0,0.0,packet_delivered,0.0,0.0,0.0,0.0,0.0,0.0,0.0,0.0,NA,0,2999.0
NFT-/XUTR/DEUTH026124A05FZX,63.24,0.0,0.0,2999.0,475.73,117.886,2.265,0.0,0.0,prepaid,0.453,37.972,0.0,0.0,0.0,44.80696,-399.933,"",'132832536695357345401,2026-05-04,11101649978,d280b1bb-8042-4d60-8e52-56ac3c16c728,100154450971,Reverse,100046921005,100046921005,11504,1264.76,5.0,1500.0,0.0,1500.0,return_refund,0.0,0.0,0.0,0.0,0.0,0.0,0.0,0.0,NA,0,1498.98
NFT-/XUTR/DEUTH026124A05FZX,25.43,0.0,0.0,1699.0,534.0,37.807,2.543,0.0,0.0,prepaid,0.509,0.0,0.0,27.0,0.0,31.86,461.281,"",'132778202351659418303,2026-05-04,11089438550,79d302c1-2026-40c4-be08-bb8047c814f2,"",Forward,100034709602,1000010373940,11504,508.57,5.0,1071.0,0.0,1071.0,packet_delivered,0.0,0.0,0.0,0.0,0.0,0.0,0.0,0.0,NA,0,628.0
NFT-/XUTR/DEUTH026124A05FZX,23.67,0.0,0.0,1599.0,497.0,23.458,2.367,0.0,0.0,prepaid,0.473,0.0,0.0,27.0,0.0,31.86,438.842,"",'132785904276407378701,2026-05-04,11091128791,f3c1a2ac-ec2d-4edc-aea5-318d43e1afc7,"",Forward,100036399837,1000010398675,11504,473.33,5.0,1008.0,0.0,1008.0,packet_delivered,0.0,0.0,0.0,0.0,0.0,0.0,0.0,0.0,NA,0,591.0
NFT-/XUTR/DEUTH026124A05FZX,75.14,0.0,0.0,3499.0,1578.0,391.028,7.514,0.0,0.0,prepaid,1.503,0.0,0.0,45.0,0.0,53.1,1124.855,"",'132812783883155143101,2026-05-04,11097372068,76afad82-8d9f-4ab1-8bf2-b75411fe836d,"",Forward,100042643108,100042643108,11504,1502.86,5.0,1750.0,0.0,1750.0,packet_delivered,0.0,0.0,0.0,0.0,0.0,0.0,0.0,0.0,NA,0,1749.0
NFT-/XUTR/DEUTH026124A05FZX,55.14,0.0,0.0,1899.0,1158.0,273.288,5.514,0.0,0.0,prepaid,1.103,0.0,0.0,45.0,0.0,53.1,824.995,"",'132814579324222803303,2026-05-04,11097824467,d39f2403-6a2f-4886-893d-4591d4dfa7df,"",Forward,100043095503,100043095503,11504,1102.86,5.0,570.0,0.0,570.0,packet_delivered,0.0,0.0,0.0,0.0,0.0,0.0,0.0,0.0,NA,0,1329.0
NFT-/XUTR/DEUTH026124A05FZX,0.0,25.91,25.91,1799.0,1088.0,256.768,0.0,2.5905,2.5905,prepaid,1.036,0.0,0.0,45.0,0.0,53.1,771.915,"",'132832227605119638803,2026-05-04,11101552305,3307aa86-b47e-4af5-89dd-c714c8bb2f59,"",Forward,100046823332,1000013494303,11504,1036.2,5.0,540.0,0.0,540.0,packet_delivered,0.0,0.0,0.0,0.0,0.0,0.0,0.0,0.0,NA,0,1259.0200000000002
NFT-/XUTR/DEUTH026124A05FZX,100.14,0.0,0.0,3299.0,2103.0,496.308,10.014,0.0,0.0,prepaid,2.003,0.0,0.0,61.0,0.0,71.98,1522.695,"",'132777510204521882301,2026-05-04,11089228122,5deb19de-a9cb-4af1-8d17-2cf84e486188,"",Forward,100034499174,1000010371752,11504,2002.86,5.0,990.0,0.0,990.0,packet_delivered,0.0,0.0,0.0,0.0,0.0,0.0,0.0,0.0,NA,0,2309.0
NFT-/XUTR/DEUTH026124A05FZX,21.91,0.0,0.0,1499.0,15.918999999999999,0.751,0.076,0.0,0.0,prepaid,0.015,5.779,0.0,0.0,0.0,6.81922,-21.896,"",'132778155088185862003,2026-05-04,11089424735,88e94b82-75f2-4a2c-b0e2-5d41572197bd,100152682855,Reverse,100034695787,100034695787,11504,438.1,5.0,945.0,0.0,945.0,return_refund,0.0,0.0,0.0,0.0,0.0,0.0,0.0,0.0,NA,0,553.99
NFT-/XUTR/DEUTH026124A05FZX,43.1,0.0,0.0,2499.0,905.0,234.938,4.31,0.0,0.0,prepaid,0.862,0.0,0.0,27.0,0.0,31.86,633.03,"",'132815680174612291101,2026-05-04,11098206611,013dee35-61e2-45ac-b607-895d3dbe37c3,"",Forward,100043477647,1000012716547,11504,861.9,5.0,1500.0,0.0,1500.0,packet_delivered,0.0,0.0,0.0,0.0,0.0,0.0,0.0,0.0,NA,0,999.0
NFT-/XUTR/DEUTH026124A05FZX,63.24,0.0,0.0,2999.0,1328.0,329.078,6.324,0.0,0.0,prepaid,1.265,0.0,0.0,45.0,0.0,53.1,938.233,"",'132836971908558024001,2026-05-04,11102299758,78ff28f7-fd6e-41c7-8fd9-9d26cea32bc7,"",Forward,100047570785,100047570785,11504,1264.76,5.0,1500.0,0.0,1500.0,packet_delivered,0.0,0.0,0.0,0.0,0.0,0.0,0.0,0.0,NA,0,1499.0
NFT-/XUTR/DEUTH026124A05FZX,25.43,0.0,0.0,1699.0,534.0,138.626,2.543,0.0,0.0,prepaid,0.509,0.0,0.0,27.0,0.0,31.86,360.462,"",'132819584426276753801,2026-05-04,11098650183,fe2bd015-02bb-4d27-8c73-2a484399f7b4,"",Forward,100043921218,1000012655209,11504,508.57,5.0,1071.0,0.0,1071.0,packet_delivered,0.0,0.0,0.0,0.0,0.0,0.0,0.0,0.0,NA,0,628.0
NFT-/XUTR/DEUTH026124A05FZX,43.1,0.0,0.0,1999.0,905.0,234.938,4.31,0.0,0.0,prepaid,0.862,182.0,0.0,0.0,0.0,214.76,-879.65,"",'132790414478254009803,2026-05-04,11092680864,776348f7-6042-4ba5-a438-b331ae59d82b,100153119082,Reverse,100037951909,100037951909,11504,861.9,5.0,1000.0,0.0,1000.0,return_refund,0.0,0.0,0.0,0.0,0.0,0.0,0.0,0.0,NA,0,999.0
NFT-/XUTR/DEUTH026124A05FZX,18.95,0.0,0.0,1699.0,398.0,18.786,1.895,0.0,0.0,prepaid,0.379,182.0,0.0,0.0,0.0,214.76,-591.7,"",'132815965374439561103,2026-05-04,11098271976,e9593354-d32a-4fee-a186-02507934685f,100153352373,Reverse,100043543012,1000012721042,11504,379.05,5.0,1207.0,0.0,1207.0,return_refund,0.0,0.0,0.0,0.0,0.0,0.0,0.0,0.0,NA,0,492.0
NFT-/XUTR/DEUTH026124A05FZX,34.05,0.0,0.0,1799.0,715.0,185.614,3.405,0.0,0.0,prepaid,0.681,0.0,0.0,27.0,0.0,31.86,493.44,"",'132786884751517369103,2026-05-04,11091454586,ed815182-8883-4925-9e98-e1e69c828c33,"",Forward,100036725631,100036725631,11504,680.95,5.0,990.0,0.0,990.0,packet_delivered,0.0,0.0,0.0,0.0,0.0,0.0,0.0,0.0,NA,0,809.0
NFT-/XUTR/DEUTH026124A05FZX,38.33,0.0,0.0,1799.0,435.51,113.058,2.074,0.0,0.0,prepaid,0.415,0.0,0.0,14.607,0.0,17.23626,302.727,"",'132794754639113615103,2026-05-04,11093380940,6b5b7018-699d-455a-bbfd-873740658c8e,"",Forward,100038651984,1000011045029,11504,766.67,5.0,900.0,0.0,900.0,packet_delivered,0.0,0.0,0.0,0.0,0.0,0.0,0.0,0.0,NA,0,899.0
NFT-/XUTR/DEUTH026124A05FZX,48.48,0.0,0.0,1699.0,7.76,1.831,0.037,0.0,0.0,prepaid,0.007,0.0,0.0,0.343,0.0,0.40474,5.48,"",'132819829386237284301,2026-05-04,11098718259,a959b89c-89f5-427b-a5b3-8a0d78a557bc,"",Forward,100043989294,1000012679730,11504,969.52,5.0,510.0,0.0,510.0,packet_delivered,0.0,0.0,0.0,0.0,0.0,0.0,0.0,0.0,NA,0,1189.0
NFT-/XUTR/DEUTH026124A05FZX,77.52,0.0,0.0,1799.0,1628.0,384.208,7.752,0.0,0.0,prepaid,1.55,0.0,0.0,45.0,0.0,53.1,1181.39,"",'132806351366376948803,2026-05-04,11096161719,1242b748-c9af-47ac-b50d-9657d60c216e,"",Forward,100041432760,1000011855059,11504,1550.48,5.0,0.0,0.0,0.0,packet_delivered,0.0,0.0,0.0,0.0,0.0,0.0,0.0,0.0,NA,0,1799.0
NFT-/XUTR/DEUTH026124A05FZX,35.95,0.0,0.0,1699.0,755.0,195.998,3.595,0.0,0.0,prepaid,0.719,0.0,0.0,27.0,0.0,31.86,522.828,"",'132822772355132778603,2026-05-04,11099505687,33c2a36f-dfee-4a12-a513-ce28ed0c5640,"",Forward,100044776721,100044776721,11504,719.05,5.0,850.0,0.0,850.0,packet_delivered,0.0,0.0,0.0,0.0,0.0,0.0,0.0,0.0,NA,0,849.0
NFT-/XUTR/DEUTH026124A05FZX,33.52,0.0,0.0,1699.0,704.0,182.758,3.352,0.0,0.0,prepaid,0.67,0.0,0.0,27.0,0.0,31.86,485.36,"",'132775400315264046203,2026-05-04,11088638200,afa7a9ab-3dba-49cf-9af6-e004e8a617ae,"",Forward,100033909253,100033909253,11504,670.48,5.0,901.0,0.0,901.0,packet_delivered,0.0,0.0,0.0,0.0,0.0,0.0,0.0,0.0,NA,0,798.0
NFT-/XUTR/DEUTH026124A05FZX,82.29,0.0,0.0,1899.0,1728.0,407.808,8.229,0.0,0.0,prepaid,1.646,0.0,0.0,45.0,0.0,53.1,1257.217,"",'132793924764514469401,2026-05-04,11093140270,edf756f2-0fea-4bd5-aacd-effe5d5cabcf,"",Forward,100038411314,100038411314,11504,1645.71,5.0,0.0,0.0,0.0,packet_delivered,0.0,0.0,0.0,0.0,0.0,0.0,0.0,0.0,NA,0,1899.0
NFT-/XUTR/DEUTH026124A05FZX,33.57,0.0,0.0,1599.0,705.0,183.018,3.357,0.0,0.0,prepaid,0.671,0.0,0.0,27.0,0.0,31.86,486.094,"",'132804701483993129201,2026-05-04,11095647341,e015ed33-aa7f-43f7-897d-077c86c06f81,"",Forward,100040918382,100040918382,11504,671.43,5.0,800.0,0.0,800.0,packet_delivered,0.0,0.0,0.0,0.0,0.0,0.0,0.0,0.0,NA,0,799.0
NFT-/XUTR/DEUTH026124A05FZX,34.81,0.0,0.0,1650.0,731.0,189.768,3.481,0.0,0.0,prepaid,0.696,0.0,0.0,27.0,0.0,31.86,505.195,"",'132813193877316488303,2026-05-04,11097474964,53a896fc-c51b-48e7-8126-02eed3859474,"",Forward,100042746002,100042746002,11504,696.19,5.0,825.0,0.0,825.0,packet_delivered,0.0,0.0,0.0,0.0,0.0,0.0,0.0,0.0,NA,0,825.0
NFT-/XUTR/DEUTH026124A05FZX,43.1,0.0,0.0,1999.0,905.0,234.938,4.31,0.0,0.0,prepaid,0.862,0.0,0.0,27.0,0.0,31.86,633.03,"",'132816380613170942503,2026-05-04,11098327435,316eb2c8-8c16-4f6b-8f93-ec75a94aeb88,"",Forward,100043598471,1000012512612,11504,861.9,5.0,1000.0,0.0,1000.0,packet_delivered,0.0,0.0,0.0,0.0,0.0,0.0,0.0,0.0,NA,0,999.0
NFT-/XUTR/DEUTH026124A05FZX,51.81,0.0,0.0,1799.0,1088.0,256.768,5.181,0.0,0.0,prepaid,1.036,106.0,0.0,0.0,0.0,125.08,-950.095,"",'132810600565424985701,2026-05-04,11096810781,b9b88e6c-aa95-4733-b81a-083a894d96f4,100152408855,Reverse,100042081822,100042081822,11504,1036.19,5.0,540.0,0.0,540.0,return_refund,0.0,0.0,0.0,0.0,0.0,0.0,0.0,0.0,NA,0,1259.0
NFT-/XUTR/DEUTH026124A05FZX,0.0,18.6,18.6,1750.0,781.0,202.748,0.0,1.8595,1.8595,prepaid,0.744,0.0,0.0,27.0,0.0,31.86,541.929,"",'132813702674080291301,2026-05-04,11097599758,ce2c37a9-c344-4970-9911-77c4a47532b6,"",Forward,100042870794,100042870794,11504,743.8,5.0,875.0,0.0,875.0,packet_delivered,0.0,0.0,0.0,0.0,0.0,0.0,0.0,0.0,NA,0,875.0
NFT-/XUTR/DEUTH026124A05FZX,49.19,0.0,0.0,2699.0,1033.0,255.977,4.919,0.0,0.0,prepaid,0.984,0.0,0.0,45.0,0.0,53.1,718.02,"",'132832484223130741701,2026-05-04,11101633166,e6b559b5-0970-4c2c-b0a8-0b5891d3dfb0,"",Forward,100046904193,1000013768333,11504,983.81,5.0,1495.0,0.0,1495.0,packet_delivered,0.0,0.0,0.0,0.0,0.0,0.0,0.0,0.0,NA,0,1204.0
NFT-/XUTR/DEUTH026124A05FZX,63.24,0.0,0.0,2999.0,1328.0,329.078,6.324,0.0,0.0,prepaid,1.265,182.0,0.0,0.0,0.0,214.76,-1206.093,"",'132793500952293652101,2026-05-04,11093023117,7c547b17-55f9-41e8-a52b-096a5387aa79,11093023117,Reverse,100038294161,1000011581176,11504,1264.76,5.0,1500.0,0.0,1500.0,exchange,0.0,0.0,0.0,0.0,0.0,0.0,0.0,0.0,NA,0,1499.0
NFT-/XUTR/DEUTH026124A05FZX,60.86,0.0,0.0,2899.0,217.56,53.911,1.036,0.0,0.0,prepaid,0.207,30.983,0.0,0.0,0.0,36.55994,-198.966,"",'132824538199816126201,2026-05-04,11100102002,896ad7fa-6d74-4459-a506-05f472b07314,100154567465,Reverse,100045373035,100045373035,11504,1217.14,5.0,1450.0,0.0,1450.0,return_refund,0.0,0.0,0.0,0.0,0.0,0.0,0.0,0.0,NA,0,1449.0
NFT-/XUTR/DEUTH026124A05FZX,40.71,0.0,0.0,1999.0,855.0,221.958,4.071,0.0,0.0,prepaid,0.814,106.0,0.0,0.0,0.0,125.08,-753.237,"",'132837316771042666401,2026-05-04,11102408749,98afadd6-8a79-4349-a427-2a47bec3e8b8,100154537939,Reverse,100047679776,100047679776,11504,814.29,5.0,1050.0,0.0,1050.0,return_refund,0.0,0.0,0.0,0.0,0.0,0.0,0.0,0.0,NA,0,949.0
NFT-/XUTR/DEUTH026124A05FZX,59.67,0.0,0.0,2999.0,1253.0,310.493,5.967,0.0,0.0,prepaid,1.193,0.0,0.0,45.0,0.0,53.1,882.247,"",'132831777648842803103,2026-05-04,11101424232,2d8e3ad9-3065-46ff-88c4-e71208ff84b1,"",Forward,100046695259,1000013763428,11504,1193.33,5.0,1575.0,0.0,1575.0,packet_delivered,0.0,0.0,0.0,0.0,0.0,0.0,0.0,0.0,NA,0,1424.0
NFT-/XUTR/DEUTH026124A05FZX,0.0,31.62,31.62,2999.0,1328.0,329.078,0.0,3.162,3.162,prepaid,1.265,0.0,0.0,45.0,0.0,53.1,938.233,"",'132832715524419795901,2026-05-04,11101708284,b62145ee-7987-47e8-9f04-134ff24acb13,"",Forward,100046979311,100046979311,11504,1264.76,5.0,1500.0,0.0,1500.0,packet_delivered,0.0,0.0,0.0,0.0,0.0,0.0,0.0,0.0,NA,0,1498.9999999999998
NFT-/XUTR/DEUTH026124A05FZX,43.05,0.0,0.0,2699.0,904.0,234.678,4.305,0.0,0.0,prepaid,0.861,0.0,0.0,27.0,0.0,31.86,632.296,"",'132787001086499468103,2026-05-04,11091491769,dd85e081-a3fe-4fef-9545-47375403e46e,"",Forward,100036762814,100036762814,11504,860.95,5.0,1701.0,0.0,1701.0,packet_delivered,0.0,0.0,0.0,0.0,0.0,0.0,0.0,0.0,NA,0,998.0
NFT-/XUTR/DEUTH026124A05FZX,109.19,0.0,0.0,2499.0,2293.0,514.091,10.919,0.0,0.0,prepaid,2.184,0.0,0.0,61.0,0.0,71.98,1693.826,"",'132789633200847037203,2026-05-04,11092427023,92a5aa7f-2c53-4f52-9549-78179a81ad43,"",Forward,100037698068,100037698068,11504,2183.81,5.0,0.0,0.0,0.0,packet_delivered,0.0,0.0,0.0,0.0,0.0,0.0,0.0,0.0,NA,0,2499.0
NFT-/XUTR/DEUTH026124A05FZX,66.43,0.0,0.0,3299.0,1174.572,291.059,5.593,0.0,0.0,prepaid,1.119,0.0,0.0,37.889,0.0,44.70902,832.092,"",'132832630022377664603,2026-05-04,11101680033,77dd05b5-1a7b-4764-9b90-f3da6b204f7b,"",Forward,100046951060,100046951060,11504,1328.57,5.0,1733.0,0.0,1733.0,packet_delivered,0.0,0.0,0.0,0.0,0.0,0.0,0.0,0.0,NA,0,1565.99
NFT-/XUTR/DEUTH026124A05FZX,0.0,33.1,33.1,3499.0,1390.0,344.44200000000006,0.0,3.3095,3.3095,prepaid,1.324,0.0,0.0,45.0,0.0,53.1,984.515,"",'132836083157276245601,2026-05-04,11102090897,3bfa67e0-d22e-4a44-9390-9438045d2ca1,"",Forward,100047361924,100047361924,11504,1323.8,5.0,1938.0,0.0,1938.0,packet_delivered,0.0,0.0,0.0,0.0,0.0,0.0,0.0,0.0,NA,0,1560.9999999999998
NFT-/XUTR/DEUTH026124A05FZX,62.52,0.0,0.0,3299.0,1313.0,325.361,6.252,0.0,0.0,prepaid,1.25,0.0,0.0,45.0,0.0,53.1,927.037,"",'132784635279957396601,2026-05-04,11090724112,b4782ffe-4f6c-457f-983a-ff78f76d69b4,"",Forward,100035995161,100035995161,11504,1250.48,5.0,1815.0,0.0,1815.0,packet_delivered,0.0,0.0,0.0,0.0,0.0,0.0,0.0,0.0,NA,0,1484.0
NFT-/XUTR/DEUTH026124A05FZX,31.19,0.0,0.0,1499.0,655.0,170.038,3.119,0.0,0.0,prepaid,0.624,0.0,0.0,27.0,0.0,31.86,449.359,"",'132813516625147421303,2026-05-04,11097554658,75c719df-506c-470c-8696-b5312cb972fa,"",Forward,100042825694,100042825694,11504,623.81,5.0,750.0,0.0,750.0,packet_delivered,0.0,0.0,0.0,0.0,0.0,0.0,0.0,0.0,NA,0,749.0
NFT-/XUTR/DEUTH026124A05FZX,31.29,0.0,0.0,1599.0,657.0,170.557,3.129,0.0,0.0,prepaid,0.626,0.0,0.0,27.0,0.0,31.86,450.828,"",'132789165599185373203,2026-05-04,11092221722,491590c1-0530-4405-9882-ebe6150d7421,"",Forward,100037492767,100037492767,11504,625.71,5.0,848.0,0.0,848.0,packet_delivered,0.0,0.0,0.0,0.0,0.0,0.0,0.0,0.0,NA,0,751.0
NFT-/XUTR/DEUTH026124A05FZX,40.71,0.0,0.0,1899.0,855.0,221.958,4.071,0.0,0.0,prepaid,0.814,0.0,0.0,27.0,0.0,31.86,596.297,"",'132806254837776731501,2026-05-04,11096126776,931551f6-4268-477c-8471-0e09ab267a86,"",Forward,100041397817,100041397817,11504,814.29,5.0,950.0,0.0,950.0,packet_delivered,0.0,0.0,0.0,0.0,0.0,0.0,0.0,0.0,NA,0,949.0
NFT-/XUTR/DEUTH026124A05FZX,34.05,0.0,0.0,1799.0,715.0,185.614,3.405,0.0,0.0,prepaid,0.681,0.0,0.0,27.0,0.0,31.86,493.44,"",'132815100646162679301,2026-05-04,11097987439,bc2cd2b2-18af-4a62-8d2d-4465fce8879a,"",Forward,100043258475,100043258475,11504,680.95,5.0,990.0,0.0,990.0,packet_delivered,0.0,0.0,0.0,0.0,0.0,0.0,0.0,0.0,NA,0,809.0
NFT-/XUTR/DEUTH026124A05FZX,99.67,0.0,0.0,2299.0,2093.0,493.948,9.967,0.0,0.0,prepaid,1.993,0.0,0.0,61.0,0.0,71.98,1515.112,"",'132763896853464225401,2026-05-04,11086496252,d5a413aa-5bff-4866-bc92-c469aaa1f7ac,"",Forward,100031767306,100031767306,11504,1993.33,5.0,0.0,0.0,0.0,packet_delivered,0.0,0.0,0.0,0.0,0.0,0.0,0.0,0.0,NA,0,2299.0
NFT-/XUTR/DEUTH026124A05FZX,78.48,0.0,0.0,2599.0,1648.0,388.928,7.848,0.0,0.0,prepaid,1.57,167.0,0.0,0.0,0.0,197.06,-1446.714,"",'132789476443608882103,2026-05-04,11092357765,d9af1856-e67b-411e-8ed9-a30c51d6a65a,100153204344,Reverse,100037628810,100037628810,11504,1569.52,5.0,780.0,0.0,780.0,return_refund,0.0,0.0,0.0,0.0,0.0,0.0,0.0,0.0,NA,0,1819.0
NFT-/XUTR/DEUTH026124A05FZX,40.24,0.0,0.0,1999.0,845.0,219.362,4.024,0.0,0.0,prepaid,0.805,0.0,0.0,27.0,0.0,31.86,588.949,"",'132802785753494358701,2026-05-04,11095092969,d3d3cd42-8223-47f0-86af-f1618fbe704a,"",Forward,100040364011,100040364011,11504,804.76,5.0,1060.0,0.0,1060.0,packet_delivered,0.0,0.0,0.0,0.0,0.0,0.0,0.0,0.0,NA,0,939.0
NFT-/XUTR/DEUTH026124A05FZX,30.71,0.0,0.0,1999.0,645.0,30.443999999999996,3.071,0.0,0.0,prepaid,0.614,0.0,0.0,27.0,0.0,31.86,579.011,"",'132806166119231271903,2026-05-04,11096096542,6b01c6b3-1b90-4ec7-b9f2-e843abd2b3d8,"",Forward,100041367583,100041367583,11504,614.29,5.0,1260.0,0.0,1260.0,packet_delivered,0.0,0.0,0.0,0.0,0.0,0.0,0.0,0.0,NA,0,739.0
NFT-/XUTR/DEUTH026124A05FZX,46.86,0.0,0.0,1650.0,984.0,255.44600000000003,4.686,0.0,0.0,prepaid,0.937,0.0,0.0,27.0,0.0,31.86,691.071,"",'132827946826604687101,2026-05-04,11100417577,430e75e9-c303-4f23-b4f1-14662f6a94ac,"",Forward,100045688610,100045688610,11504,937.14,5.0,495.0,0.0,495.0,packet_delivered,0.0,0.0,0.0,0.0,0.0,0.0,0.0,0.0,NA,0,1155.0
NFT-/XUTR/DEUTH026124A05FZX,48.48,0.0,0.0,1699.0,1017.9999999999999,156.161,4.848,0.0,0.0,prepaid,0.97,106.0,0.0,0.0,0.0,125.08,-981.101,"",'132820677046090045603,2026-05-04,11098929250,fe15ce3c-4434-4d5b-84f0-2e92f6e64d47,100153293465,Reverse,100044200285,100044200285,11504,969.52,5.0,510.0,0.0,510.0,return_refund,0.0,0.0,0.0,0.0,0.0,0.0,0.0,0.0,NA,0,1189.0
NFT-/XUTR/DEUTH026124A05FZX,34.33,0.0,0.0,3399.0,721.0,34.031,3.433,0.0,0.0,prepaid,0.687,0.0,0.0,27.0,0.0,31.86,650.989,"",'132787163837054293103,2026-05-04,11091543895,e8afdfd6-e2a9-4d0c-b0e9-a33837588748,"",Forward,100036814940,100036814940,11504,686.67,5.0,2584.0,0.0,2584.0,packet_delivered,0.0,0.0,0.0,0.0,0.0,0.0,0.0,0.0,NA,0,815.0
NFT-/XUTR/DEUTH026124A05FZX,70.38,0.0,0.0,3299.0,1478.0,366.248,7.038,0.0,0.0,prepaid,1.408,167.0,0.0,0.0,0.0,197.06,-1300.366,"",'132766471406896872801,2026-05-04,11086718947,c23e45f5-8788-4ea3-bafa-4d0fdb068eb1,100155759154,Reverse,100031990001,1000009187941,11504,1407.62,5.0,1650.0,0.0,1650.0,return_refund,0.0,0.0,0.0,0.0,0.0,0.0,0.0,0.0,NA,0,1649.0
NFT-/XUTR/DEUTH026124A05FZX,33.57,0.0,0.0,1599.0,705.0,183.018,3.357,0.0,0.0,prepaid,0.671,127.0,0.0,0.0,0.0,149.86,-667.814,"",'132797461312911983303,2026-05-04,11094141793,cf3b8c8d-f87d-431d-8192-e7f32d0d18d4,11094141793,Reverse,100039412835,100039412835,11504,671.43,5.0,800.0,0.0,800.0,exchange,0.0,0.0,0.0,0.0,0.0,0.0,0.0,0.0,NA,0,799.0
NFT-/XUTR/DEUTH026124A05FZX,33.52,0.0,0.0,1699.0,704.0,182.758,3.352,0.0,0.0,prepaid,0.67,0.0,0.0,27.0,0.0,31.86,485.36,"",'132802103781925190301,2026-05-04,11094889650,ea8542dc-fc31-43fe-93c3-b2aa29ad7e83,"",Forward,100040160692,100040160692,11504,670.48,5.0,901.0,0.0,901.0,packet_delivered,0.0,0.0,0.0,0.0,0.0,0.0,0.0,0.0,NA,0,798.0
NFT-/XUTR/DEUTH026124A05FZX,18.95,0.0,0.0,1699.0,398.0,18.786,1.895,0.0,0.0,prepaid,0.379,0.0,0.0,0.0,0.0,0.0,376.94,"",'132813401921997779201,2026-05-04,11097526477,73886352-fe35-4ac6-a2d4-03ad04aef09f,"",Forward,100042797513,1000012702263,11504,379.05,5.0,1207.0,0.0,1207.0,packet_delivered,0.0,0.0,0.0,0.0,0.0,0.0,0.0,0.0,NA,0,492.0
NFT-/XUTR/DEUTH026124A05FZX,19.1,0.0,0.0,1599.0,401.0,18.927,1.91,0.0,0.0,prepaid,0.382,0.0,0.0,15.0,0.0,17.7,362.081,"",'132814563341542327603,2026-05-04,11097820032,5a58d1e2-75b7-4e49-bfdb-43e51b9af15e,"",Forward,100043091068,100043091068,11504,381.9,5.0,1104.0,0.0,1104.0,packet_delivered,0.0,0.0,0.0,0.0,0.0,0.0,0.0,0.0,NA,0,495.0
NFT-/XUTR/DEUTH026124A05FZX,27.67,0.0,0.0,1999.0,581.0,41.135,2.767,0.0,0.0,prepaid,0.553,0.0,0.0,27.0,0.0,31.86,504.685,"",'132833073618652489903,2026-05-04,11101822817,9f719c53-8aaa-402d-9ee0-5fd0ee79fbfa,"",Forward,100047093844,1000013784174,11504,553.33,5.0,1324.0,0.0,1324.0,packet_delivered,0.0,0.0,0.0,0.0,0.0,0.0,0.0,0.0,NA,0,675.0
NFT-/XUTR/DEUTH026124A05FZX,70.38,0.0,0.0,3299.0,1478.0,366.248,7.038,0.0,0.0,prepaid,1.408,0.0,0.0,45.0,0.0,53.1,1050.206,"",'132821082121820035703,2026-05-04,11099040571,2ccdcef5-7d1f-4d73-b666-c70c46fce879,"",Forward,100044311606,1000013223255,11504,1407.62,5.0,1650.0,0.0,1650.0,packet_delivered,0.0,0.0,0.0,0.0,0.0,0.0,0.0,0.0,NA,0,1649.0
NFT-/XUTR/DEUTH026124A05FZX,28.86,0.0,0.0,2799.0,606.0,28.603,2.886,0.0,0.0,prepaid,0.577,0.0,0.0,27.0,0.0,31.86,542.074,"",'132776274764156712803,2026-05-04,11088833788,3cb595fa-be09-4cb4-afff-ae84530b2688,"",Forward,100034104840,100034104840,11504,577.14,5.0,2099.0,0.0,2099.0,packet_delivered,0.0,0.0,0.0,0.0,0.0,0.0,0.0,0.0,NA,0,700.0
NFT-/XUTR/DEUTH026124A05FZX,426.05,0.0,0.0,2999.0,2793.0,659.148,11.835,0.0,0.0,prepaid,2.367,0.0,0.0,61.0,0.0,71.98,2047.67,"",'132824027354913187201,2026-05-04,11099941851,84f80afd-469c-42ef-ab3d-cf3d4205281b,"",Forward,100045212884,100045212884,11504,2366.95,18.0,0.0,0.0,0.0,packet_delivered,0.0,0.0,0.0,0.0,0.0,0.0,0.0,0.0,NA,0,2999.0
NFT-/XUTR/DEUTH026124A05FZX,87.05,0.0,0.0,3999.0,1828.0,474.549,8.705,0.0,0.0,prepaid,1.741,182.0,0.0,0.0,0.0,214.76,-1557.765,"",'132810767511409854903,2026-05-04,11096847647,111247b4-293a-49b1-84f6-f134b0cf6c86,100153069364,Reverse,100042118688,100042118688,11504,1740.95,5.0,2000.0,0.0,2000.0,return_refund,0.0,0.0,0.0,0.0,0.0,0.0,0.0,0.0,NA,0,1999.0
NFT-/XUTR/DEUTH026124A05FZX,19.1,0.0,0.0,1599.0,401.0,18.927,1.91,0.0,0.0,prepaid,0.382,0.0,0.0,15.0,0.0,17.7,362.081,"",'132752580440570682801,2026-05-04,11083682442,d9f45224-cbdc-4de9-8a5c-900d0807739d,"",Forward,100028953502,100028953502,11504,381.9,5.0,1104.0,0.0,1104.0,packet_delivered,0.0,0.0,0.0,0.0,0.0,0.0,0.0,0.0,NA,0,494.99
NFT-/XUTR/DEUTH026124A05FZX,29.76,0.0,0.0,1599.0,625.0,44.25,2.976,0.0,0.0,prepaid,0.595,0.0,0.0,27.0,0.0,31.86,545.319,"",'132793385625085530701,2026-05-04,11092991065,f33e49b5-e7d1-4502-a25f-54fcdf984f61,"",Forward,100038262109,100038262109,11504,595.24,5.0,880.0,0.0,880.0,packet_delivered,0.0,0.0,0.0,0.0,0.0,0.0,0.0,0.0,NA,0,719.0
NFT-/XUTR/DEUTH026124A05FZX,0.0,11.5,11.5,1650.0,483.0,22.798,0.0,1.15,1.15,prepaid,0.46,0.0,0.0,27.0,0.0,31.86,425.582,"",'132800855677690164303,2026-05-04,11094679965,848e3748-9781-4e8a-88d6-7be39bb0f302,"",Forward,100039951007,100039951007,11504,460,5.0,1073.0,0.0,1073.0,packet_delivered,0.0,0.0,0.0,0.0,0.0,0.0,0.0,0.0,NA,0,577.0
NFT-/XUTR/DEUTH026124A05FZX,38.33,0.0,0.0,1799.0,805.0,208.978,3.833,0.0,0.0,prepaid,0.767,0.0,0.0,27.0,0.0,31.86,559.562,"",'132805240208644340003,2026-05-04,11095797207,a2d149a2-e539-44a8-92e5-34fdfba714a1,"",Forward,100041068248,1000011778910,11504,766.67,5.0,900.0,0.0,900.0,packet_delivered,0.0,0.0,0.0,0.0,0.0,0.0,0.0,0.0,NA,0,899.0
NFT-/XUTR/DEUTH026124A05FZX,487.07,0.0,0.0,3399.0,3193.0,753.548,13.53,0.0,0.0,prepaid,2.706,106.0,0.0,0.0,0.0,125.08,-2548.296,"",'132823776462192284201,2026-05-04,11099834971,d4b68c26-43bc-44e9-b615-9e49e10a33dc,100153468046,Reverse,100045106004,100045106004,11504,2705.93,18.0,0.0,0.0,0.0,return_refund,0.0,0.0,0.0,0.0,0.0,0.0,0.0,0.0,NA,0,3399.0
NFT-/XUTR/DEUTH026124A05FZX,49.62,0.0,0.0,2699.0,1042.0,258.208,4.962,0.0,0.0,prepaid,0.992,127.0,0.0,0.0,0.0,149.86,-927.698,"",'132833454480295448901,2026-05-04,11101900715,499a196a-a8ba-4ab7-9fb9-2a9bddb7ff9b,100153537663,Reverse,100047171742,1000013782167,11504,992.38,5.0,1486.0,0.0,1486.0,return_refund,0.0,0.0,0.0,0.0,0.0,0.0,0.0,0.0,NA,0,1213.0
NFT-/XUTR/DEUTH026124A05FZX,35.76,0.0,0.0,1799.0,751.0,194.96,3.576,0.0,0.0,prepaid,0.715,0.0,0.0,27.0,0.0,31.86,519.889,"",'132788382652578531603,2026-05-04,11091941700,4cf51ff0-dbd2-4c31-b426-0378e0d26a82,"",Forward,100037212745,1000010600500,11504,715.24,5.0,954.0,0.0,954.0,packet_delivered,0.0,0.0,0.0,0.0,0.0,0.0,0.0,0.0,NA,0,844.99
NFT-/XUTR/DEUTH026124A05FZX,18.95,0.0,0.0,1699.0,398.0,18.786,1.895,0.0,0.0,prepaid,0.379,182.0,0.0,0.0,0.0,214.76,-591.7,"",'132810563648277513201,2026-05-04,11096803437,8054be8a-fd08-4def-a7d1-819f7458b125,100153132130,Reverse,100042074478,1000012184473,11504,379.05,5.0,1207.0,0.0,1207.0,return_refund,0.0,0.0,0.0,0.0,0.0,0.0,0.0,0.0,NA,0,492.0
NFT-/XUTR/DEUTH026124A05FZX,23.67,0.0,0.0,1599.0,497.00000000000006,23.458,2.367,0.0,0.0,prepaid,0.473,106.0,0.0,0.0,0.0,125.08,-595.782,"",'132811158670699129603,2026-05-04,11096944925,14526f83-ca37-436a-9530-d36455d375e9,100152269379,Reverse,100042215965,100042215965,11504,473.33,5.0,1008.0,0.0,1008.0,return_refund,0.0,0.0,0.0,0.0,0.0,0.0,0.0,0.0,NA,0,591.0
NFT-/XUTR/DEUTH026124A05FZX,0.0,12.29,12.29,1650.0,516.0,133.954,0.0,1.2285,1.2285,prepaid,0.491,0.0,0.0,27.0,0.0,31.86,347.238,"",'132816064985855803401,2026-05-04,11098289313,06573b8a-0209-4e99-8b9d-96e332f7d0ca,"",Forward,100043560349,100043560349,11504,491.42,5.0,1040.0,0.0,1040.0,packet_delivered,0.0,0.0,0.0,0.0,0.0,0.0,0.0,0.0,NA,0,610.0
NFT-/XUTR/DEUTH026124A05FZX,35.95,0.0,0.0,1699.0,0.85,0.221,0.004,0.0,0.0,prepaid,0.001,0.0,0.0,0.03,0.0,0.0354,0.589,"",'132832600314837012801,2026-05-04,11101670639,3f6a4444-3f95-43f8-8ab0-50212cc4b7c2,"",Forward,100046941666,100046941666,11504,719.05,5.0,850.0,0.0,850.0,packet_delivered,0.0,0.0,0.0,0.0,0.0,0.0,0.0,0.0,NA,0,848.99
NFT-/XUTR/DEUTH026124A05FZX,34.05,0.0,0.0,1799.0,715.0,185.614,3.405,0.0,0.0,prepaid,0.681,106.0,0.0,0.0,0.0,125.08,-650.38,"",'132823831853281931303,2026-05-04,11099859876,f05b84af-de05-4ce5-9f75-f9e9e69ba05b,100152924743,Reverse,100045130909,100045130909,11504,680.95,5.0,990.0,0.0,990.0,return_refund,0.0,0.0,0.0,0.0,0.0,0.0,0.0,0.0,NA,0,809.0
NFT-/XUTR/DEUTH026124A05FZX,34.05,0.0,0.0,1799.0,715.0,185.614,3.405,0.0,0.0,prepaid,0.681,0.0,0.0,27.0,0.0,31.86,493.44,"",'132777138415052264401,2026-05-04,11089112438,2ca23cd5-209a-44aa-b1f6-a43abe76f4a0,"",Forward,100034383490,100034383490,11504,680.95,5.0,990.0,0.0,990.0,packet_delivered,0.0,0.0,0.0,0.0,0.0,0.0,0.0,0.0,NA,0,809.0
NFT-/XUTR/DEUTH026124A05FZX,20.14,0.0,0.0,1799.0,423.0,19.966,2.014,0.0,0.0,prepaid,0.403,0.0,0.0,19.0,0.0,22.42,378.197,"",'132785432231445691701,2026-05-04,11090964281,542186ae-ee27-4e0d-b0f7-ebc1fba435c0,"",Forward,100036235328,100036235328,11504,402.86,5.0,1317.0,0.0,1317.0,packet_delivered,0.0,0.0,0.0,0.0,0.0,0.0,0.0,0.0,NA,0,482.0
NFT-/XUTR/DEUTH026124A05FZX,70.14,0.0,0.0,3499.0,1473.0,365.009,7.014,0.0,0.0,prepaid,1.403,0.0,0.0,45.0,0.0,53.1,1046.474,"",'132788483766846650903,2026-05-04,11091973651,72dc6a41-e8cb-4cf0-a9ad-9fa57da45d2e,"",Forward,100037244696,100037244696,11504,1402.86,5.0,1855.0,0.0,1855.0,packet_delivered,0.0,0.0,0.0,0.0,0.0,0.0,0.0,0.0,NA,0,1644.0
NFT-/XUTR/DEUTH026124A05FZX,18.95,0.0,0.0,1699.0,398.0,18.786,1.895,0.0,0.0,prepaid,0.379,0.0,0.0,0.0,0.0,0.0,376.94,"",'132798560482104714203,2026-05-04,11094521164,7bd4af76-23c5-4d8f-b68c-42065fdebd53,"",Forward,100039792206,1000011332570,11504,379.05,5.0,1207.0,0.0,1207.0,packet_delivered,0.0,0.0,0.0,0.0,0.0,0.0,0.0,0.0,NA,0,492.0
NFT-/XUTR/DEUTH026124A05FZX,77.52,0.0,0.0,1799.0,1628.0,384.208,7.752,0.0,0.0,prepaid,1.55,0.0,0.0,45.0,0.0,53.1,1181.39,"",'132806351366376948803,2026-05-04,11096161720,1242b748-c9af-47ac-b50d-9657d60c216e,"",Forward,100041432761,1000011855059,11504,1550.48,5.0,0.0,0.0,0.0,packet_delivered,0.0,0.0,0.0,0.0,0.0,0.0,0.0,0.0,NA,0,1799.0
NFT-/XUTR/DEUTH026124A05FZX,18.95,0.0,0.0,1699.0,398.0,18.786,1.895,0.0,0.0,prepaid,0.379,182.0,0.0,0.0,0.0,214.76,-591.7,"",'132823778200321831003,2026-05-04,11099835798,aa6e6e20-188c-4dde-aaa3-ba2540a5ecd7,100154736389,Reverse,100045106831,100045106831,11504,379.05,5.0,1207.0,0.0,1207.0,return_refund,0.0,0.0,0.0,0.0,0.0,0.0,0.0,0.0,NA,0,492.0
NFT-/XUTR/DEUTH026124A05FZX,19.67,0.0,0.0,1750.0,413.0,19.494,1.967,0.0,0.0,prepaid,0.393,0.0,0.0,15.0,0.0,17.7,373.446,"",'132792910562858953001,2026-05-04,11092876427,b34bfbd3-9780-4134-8024-5ba6d50ee542,"",Forward,100038147472,100038147472,11504,393.33,5.0,1243.0,0.0,1243.0,packet_delivered,0.0,0.0,0.0,0.0,0.0,0.0,0.0,0.0,NA,0,506.99
NFT-/XUTR/DEUTH026124A05FZX,20.05,0.0,0.0,1599.0,421.0,19.871,2.005,0.0,0.0,prepaid,0.401,0.0,0.0,15.0,0.0,17.7,381.023,"",'132833774450279874001,2026-05-04,11101939621,8e18838b-b56b-441f-83f0-5b48f37d7c77,"",Forward,100047210648,100047210648,11504,400.95,5.0,1084.0,0.0,1084.0,packet_delivered,0.0,0.0,0.0,0.0,0.0,0.0,0.0,0.0,NA,0,514.99
NFT-/XUTR/DEUTH026124A05FZX,33.57,0.0,0.0,1599.0,705.0,183.018,3.357,0.0,0.0,prepaid,0.671,0.0,0.0,27.0,0.0,31.86,486.094,"",'132792130333125072601,2026-05-04,11092773080,e866af7c-ff7d-428f-a9f5-8f3ce04611d8,"",Forward,100038044125,100038044125,11504,671.43,5.0,800.0,0.0,800.0,packet_delivered,0.0,0.0,0.0,0.0,0.0,0.0,0.0,0.0,NA,0,799.0
NFT-/XUTR/DEUTH026124A05FZX,70.38,0.0,0.0,3299.0,1478.0,366.248,7.038,0.0,0.0,prepaid,1.408,0.0,0.0,45.0,0.0,53.1,1050.206,"",'132798687621301378903,2026-05-04,11094551592,fe1df93b-677e-4949-b34b-3fc7838a6c56,"",Forward,100039822634,1000011600909,11504,1407.62,5.0,1650.0,0.0,1650.0,packet_delivered,0.0,0.0,0.0,0.0,0.0,0.0,0.0,0.0,NA,0,1649.0
NFT-/XUTR/DEUTH026124A05FZX,77.52,0.0,0.0,1799.0,1628.0,384.208,7.752,0.0,0.0,prepaid,1.55,0.0,0.0,45.0,0.0,53.1,1181.39,"",'132803027422543693801,2026-05-04,11095169805,159c9689-2505-4964-90d5-f329639d324d,"",Forward,100040440847,100040440847,11504,1550.48,5.0,0.0,0.0,0.0,packet_delivered,0.0,0.0,0.0,0.0,0.0,0.0,0.0,0.0,NA,0,1799.0
NFT-/XUTR/DEUTH026124A05FZX,44.67,0.0,0.0,2999.0,938.0,243.505,4.467,0.0,0.0,prepaid,0.893,0.0,0.0,27.0,0.0,31.86,657.275,"",'132815516778802625901,2026-05-04,11098149561,92a9c095-47d6-4a9b-9fdc-c3f6e0e83147,"",Forward,100043420597,100043420597,11504,893.33,5.0,1890.0,0.0,1890.0,packet_delivered,0.0,0.0,0.0,0.0,0.0,0.0,0.0,0.0,NA,0,1109.0
NFT-/XUTR/DEUTH026124A05FZX,38.33,0.0,0.0,1799.0,805.0,208.978,3.833,0.0,0.0,prepaid,0.767,167.0,0.0,0.0,0.0,197.06,-788.482,"",'132780684269456865901,2026-05-04,11090183453,94f47b00-b823-4c9a-a7e6-134e537d1264,100156340819,Reverse,100035454504,1000010075851,11504,766.67,5.0,900.0,0.0,900.0,return_refund,0.0,0.0,0.0,0.0,0.0,0.0,0.0,0.0,NA,0,899.0
NFT-/XUTR/DEUTH026124A05FZX,19.05,0.0,0.0,1499.0,400.0,18.88,1.905,0.0,0.0,prepaid,0.381,0.0,0.0,0.0,0.0,0.0,378.834,"",'132780748976198419601,2026-05-04,11090206809,f3153a23-e575-4ab2-b86a-c0e8932abbf1,"",Forward,100035477860,100035477860,11504,380.95,5.0,1005.0,0.0,1005.0,packet_delivered,0.0,0.0,0.0,0.0,0.0,0.0,0.0,0.0,NA,0,494.0
NFT-/XUTR/DEUTH026124A05FZX,0.0,25.67,25.67,2499.0,1078.0,267.128,0.0,2.5665,2.5665,prepaid,1.027,0.0,0.0,45.0,0.0,53.1,751.612,"",'132806186522199242301,2026-05-04,11096103417,16354024-95e0-4c63-98ea-ab01f42615a1,"",Forward,100041374458,100041374458,11504,1026.66,5.0,1250.0,0.0,1250.0,packet_delivered,0.0,0.0,0.0,0.0,0.0,0.0,0.0,0.0,NA,0,1249.0000000000002
NFT-/XUTR/DEUTH026124A05FZX,31.19,0.0,0.0,1499.0,655.0,170.038,3.119,0.0,0.0,prepaid,0.624,182.0,0.0,0.0,0.0,214.76,-695.979,"",'132794393343679872001,2026-05-04,11093277121,bf07e267-2d6e-4096-a515-854f1049a3fa,100153136636,Reverse,100038548166,1000011590148,11504,623.81,5.0,750.0,0.0,750.0,return_refund,0.0,0.0,0.0,0.0,0.0,0.0,0.0,0.0,NA,0,749.0
NFT-/XUTR/DEUTH026124A05FZX,49.19,0.0,0.0,2499.0,1033.0,255.977,4.919,0.0,0.0,prepaid,0.984,106.0,0.0,0.0,0.0,125.08,-896.2,"",'132839893307781036303,2026-05-04,11103135950,a3e6c824-3c9f-40c9-8136-0987e6bb4a2f,100153548680,Reverse,100048406959,1000014288109,11504,983.81,5.0,1295.0,0.0,1295.0,return_refund,0.0,0.0,0.0,0.0,0.0,0.0,0.0,0.0,NA,0,1203.99
NFT-/XUTR/DEUTH026124A05FZX,38.33,0.0,0.0,1799.0,805.0,208.978,3.833,0.0,0.0,prepaid,0.767,0.0,0.0,27.0,0.0,31.86,559.562,"",'132784246975597170601,2026-05-04,11090642372,65fa2243-5daa-4edf-b3d9-d5fd695be1cc,"",Forward,100035913423,1000010243801,11504,766.67,5.0,900.0,0.0,900.0,packet_delivered,0.0,0.0,0.0,0.0,0.0,0.0,0.0,0.0,NA,0,899.0
NFT-/XUTR/DEUTH026124A05FZX,31.71,0.0,0.0,1499.0,666.0,172.894,3.171,0.0,0.0,prepaid,0.634,0.0,0.0,27.0,0.0,31.86,457.441,"",'132845311571476265701,2026-05-04,11104042004,cdae2b94-eb86-481b-97e1-dbea28f51ca6,"",Forward,100049313008,100049313008,11504,634.29,5.0,739.0,0.0,739.0,packet_delivered,0.0,0.0,0.0,0.0,0.0,0.0,0.0,0.0,NA,0,760.0
NFT-/XUTR/DEUTH026124A05FZX,38.33,0.0,0.0,1799.0,805.0,208.978,3.833,0.0,0.0,prepaid,0.767,167.0,0.0,0.0,0.0,197.06,-788.482,"",'132780755930612197303,2026-05-04,11090209150,91a3be7f-b1d9-4dd3-b719-7b5af730d27f,100152107912,Reverse,100035480201,100035480201,11504,766.67,5.0,900.0,0.0,900.0,return_refund,0.0,0.0,0.0,0.0,0.0,0.0,0.0,0.0,NA,0,899.0
NFT-/XUTR/DEUTH026124A05FZX,40.29,0.0,0.0,2750.0,846.0,219.622,4.029,0.0,0.0,prepaid,0.806,0.0,0.0,27.0,0.0,31.86,589.683,"",'132798108352307604703,2026-05-04,11094367509,f8c46b83-8716-4fa3-96df-241c7369d02c,"",Forward,100039638551,1000012134843,11504,805.71,5.0,1733.0,0.0,1733.0,packet_delivered,0.0,0.0,0.0,0.0,0.0,0.0,0.0,0.0,NA,0,1017.0
NFT-/XUTR/DEUTH026124A05FZX,24.57,0.0,0.0,1650.0,516.0,133.954,2.457,0.0,0.0,prepaid,0.491,0.0,0.0,27.0,0.0,31.86,347.238,"",'132798289103322436003,2026-05-04,11094435907,6323262c-667c-4f0b-8ece-b1696742ee28,"",Forward,100039706949,1000011314297,11504,491.43,5.0,1040.0,0.0,1040.0,packet_delivered,0.0,0.0,0.0,0.0,0.0,0.0,0.0,0.0,NA,0,610.0
NFT-/XUTR/DEUTH026124A05FZX,72.76,0.0,0.0,3399.0,1528.0,378.638,7.276,0.0,0.0,prepaid,1.455,182.0,0.0,0.0,0.0,214.76,-1355.391,"",'132806901442203618803,2026-05-04,11096390358,31905efa-9812-45b7-a9b2-a4a2bdbe7aa9,100152750557,Reverse,100041661399,100041661399,11504,1455.24,5.0,1700.0,0.0,1700.0,return_refund,0.0,0.0,0.0,0.0,0.0,0.0,0.0,0.0,NA,0,1699.0
NFT-/XUTR/DEUTH026124A05FZX,25.43,0.0,0.0,1699.0,534.0,37.807,2.543,0.0,0.0,prepaid,0.509,0.0,0.0,27.0,0.0,31.86,461.281,"",'132786128897961360903,2026-05-04,11091204260,b7406388-594a-4b9f-8fd9-d6d08c01f718,"",Forward,100036475305,1000010979724,11504,508.57,5.0,1071.0,0.0,1071.0,packet_delivered,0.0,0.0,0.0,0.0,0.0,0.0,0.0,0.0,NA,0,628.0
NFT-/XUTR/DEUTH026124A05FZX,31.19,0.0,0.0,1499.0,224.88,58.379,1.071,0.0,0.0,prepaid,0.214,0.0,0.0,9.27,0.0,10.9386,154.277,"",'132827448160536091001,2026-05-04,11100321250,10adad10-455d-40ac-88e5-fbe0530e11a6,"",Forward,100045592283,100045592283,11504,623.81,5.0,750.0,0.0,750.0,packet_delivered,0.0,0.0,0.0,0.0,0.0,0.0,0.0,0.0,NA,0,749.0
NFT-/XUTR/DEUTH026124A05FZX,0.0,31.71,31.71,3199.0,1332.0,330.07,0.0,3.1715,3.1715,prepaid,1.269,0.0,0.0,45.0,0.0,53.1,941.218,"",'132820566474614368203,2026-05-04,11098897618,a39aef7d-6473-41d7-bfe1-ee55b8d44561,"",Forward,100044168653,100044168653,11504,1268.58,5.0,1696.0,0.0,1696.0,packet_delivered,0.0,0.0,0.0,0.0,0.0,0.0,0.0,0.0,NA,0,1503.0
NFT-/XUTR/DEUTH026124A05FZX,19.05,0.0,0.0,1499.0,400.00000000000006,18.88,1.905,0.0,0.0,prepaid,0.381,106.0,0.0,0.0,0.0,125.08,-503.914,"",'132810791280091434301,2026-05-04,11096853116,3f985cc5-741e-40de-abfc-eb6558a542de,100152231598,Reverse,100042124157,1000012094141,11504,380.95,5.0,1005.0,0.0,1005.0,return_refund,0.0,0.0,0.0,0.0,0.0,0.0,0.0,0.0,NA,0,494.0
NFT-/XUTR/DEUTH026124A05FZX,103.48,0.0,0.0,3399.0,2173.0,512.828,10.348,0.0,0.0,prepaid,2.07,106.0,0.0,0.0,0.0,125.08,-1772.834,"",'132820396928933502403,2026-05-04,11098847831,a6671af2-6177-42dd-8306-da6ef2b63be2,100152782132,Reverse,100044118866,100044118866,11504,2069.52,5.0,1020.0,0.0,1020.0,return_refund,0.0,0.0,0.0,0.0,0.0,0.0,0.0,0.0,NA,0,2379.01
NFT-/XUTR/DEUTH026124A05FZX,33.52,0.0,0.0,1699.0,704.0,182.758,3.352,0.0,0.0,prepaid,0.67,0.0,0.0,27.0,0.0,31.86,485.36,"",'132818598535575303601,2026-05-04,11098448613,d9bb66d8-3207-472c-a9fe-f7c288983781,"",Forward,100043719649,100043719649,11504,670.48,5.0,901.0,0.0,901.0,packet_delivered,0.0,0.0,0.0,0.0,0.0,0.0,0.0,0.0,NA,0,798.0
NFT-/XUTR/DEUTH026124A05FZX,42.62,0.0,0.0,2999.0,895.0,232.342,4.262,0.0,0.0,prepaid,0.852,0.0,0.0,27.0,0.0,31.86,625.684,"",'132830876170193428501,2026-05-04,11101188662,0927f437-9ef4-453d-999b-a84db1c2b1d0,"",Forward,100046459689,1000013767080,11504,852.38,5.0,2010.0,0.0,2010.0,packet_delivered,0.0,0.0,0.0,0.0,0.0,0.0,0.0,0.0,NA,0,989.0
NFT-/XUTR/DEUTH026124A05FZX,56.71,0.0,0.0,2899.0,1191.0,295.13,5.671,0.0,0.0,prepaid,1.134,0.0,0.0,45.0,0.0,53.1,835.965,"",'132793500952293652101,2026-05-04,11093023118,7c547b17-55f9-41e8-a52b-096a5387aa79,"",Forward,100038294162,1000011581176,11504,1134.29,5.0,1537.0,0.0,1537.0,packet_delivered,0.0,0.0,0.0,0.0,0.0,0.0,0.0,0.0,NA,0,1362.0
NFT-/XUTR/DEUTH026124A05FZX,38.33,0.0,0.0,1799.0,805.0,208.978,3.833,0.0,0.0,prepaid,0.767,0.0,0.0,27.0,0.0,31.86,559.562,"",'132802975204169649901,2026-05-04,11095152780,095368fe-7168-47d8-a6e6-19b76e8c72ca,"",Forward,100040423822,100040423822,11504,766.67,5.0,900.0,0.0,900.0,packet_delivered,0.0,0.0,0.0,0.0,0.0,0.0,0.0,0.0,NA,0,899.0
NFT-/XUTR/DEUTH026124A05FZX,53.48,0.0,0.0,3499.0,1023.0,253.499,4.871,0.0,0.0,prepaid,0.974,0.0,0.0,40.993,0.0,48.37174,715.284,"",'132804618445609955203,2026-05-04,11095624760,4e8df301-051e-4ce8-8110-5a472ecfb620,"",Forward,100040895801,100040895801,11504,1069.52,5.0,2205.0,100.0,2305.0,packet_delivered,0.0,0.0,0.0,0.0,0.0,0.0,0.0,0.0,NA,0,1294.0
NFT-/XUTR/DEUTH026124A05FZX,34.05,0.0,0.0,1799.0,715.0,185.614,3.405,0.0,0.0,prepaid,0.681,182.0,0.0,0.0,0.0,214.76,-740.06,"",'132815100646162679301,2026-05-04,11097987439,bc2cd2b2-18af-4a62-8d2d-4465fce8879a,100153520661,Reverse,100043258475,100043258475,11504,680.95,5.0,990.0,0.0,990.0,return_refund,0.0,0.0,0.0,0.0,0.0,0.0,0.0,0.0,NA,0,809.0
NFT-/XUTR/DEUTH026124A05FZX,85.0,0.0,0.0,5999.0,1785.0,463.386,8.5,0.0,0.0,prepaid,1.7,0.0,0.0,45.0,0.0,53.1,1258.314,"",'132805717715663148403,2026-05-04,11095948204,a81e3bff-ffe7-4169-91bb-b819c009a554,"",Forward,100041219245,1000012138768,11504,1700,5.0,4020.0,0.0,4020.0,packet_delivered,0.0,0.0,0.0,0.0,0.0,0.0,0.0,0.0,NA,0,1979.0
NFT-/XUTR/DEUTH026124A05FZX,63.24,0.0,0.0,2999.0,1328.0,329.078,6.324,0.0,0.0,prepaid,1.265,182.0,0.0,0.0,0.0,214.76,-1206.093,"",'132795135789559475303,2026-05-04,11093490633,c2f432d3-dd50-4ce4-9d76-294e5471373f,100153256741,Reverse,100038761677,1000012132179,11504,1264.76,5.0,1500.0,0.0,1500.0,return_refund,0.0,0.0,0.0,0.0,0.0,0.0,0.0,0.0,NA,0,1499.0
NFT-/XUTR/DEUTH026124A05FZX,23.67,0.0,0.0,1599.0,497.0,23.458,2.367,0.0,0.0,prepaid,0.473,182.0,0.0,0.0,0.0,214.76,-685.462,"",'132811296745623921101,2026-05-04,11096980993,bf6d2bc1-0505-4fdf-a22d-83bc533ffee2,100153883805,Reverse,100042252033,100042252033,11504,473.33,5.0,1008.0,0.0,1008.0,return_refund,0.0,0.0,0.0,0.0,0.0,0.0,0.0,0.0,NA,0,591.0
NFT-/XUTR/DEUTH026124A05FZX,38.33,0.0,0.0,1799.0,805.0,208.978,3.833,0.0,0.0,prepaid,0.767,0.0,0.0,27.0,0.0,31.86,559.562,"",'132780755930612197303,2026-05-04,11090209150,91a3be7f-b1d9-4dd3-b719-7b5af730d27f,"",Forward,100035480201,100035480201,11504,766.67,5.0,900.0,0.0,900.0,packet_delivered,0.0,0.0,0.0,0.0,0.0,0.0,0.0,0.0,NA,0,899.0
NFT-/XUTR/DEUTH026124A05FZX,58.48,0.0,0.0,2799.0,1228.0,304.298,5.848,0.0,0.0,prepaid,1.17,0.0,0.0,45.0,0.0,53.1,863.584,"",'132782414637990130501,2026-05-04,11090519549,3d50d68d-c52c-43b4-b73e-f95c172bd8f1,"",Forward,100035790600,1000010987527,11504,1169.52,5.0,1400.0,0.0,1400.0,packet_delivered,0.0,0.0,0.0,0.0,0.0,0.0,0.0,0.0,NA,0,1399.0
NFT-/XUTR/DEUTH026124A05FZX,34.05,0.0,0.0,1799.0,715.0,185.614,3.405,0.0,0.0,prepaid,0.681,0.0,0.0,27.0,0.0,31.86,493.44,"",'132795368843038109003,2026-05-04,11093558217,afec9745-c3dd-4b74-b8ab-19a44606778b,"",Forward,100038829261,1000012152204,11504,680.95,5.0,990.0,0.0,990.0,packet_delivered,0.0,0.0,0.0,0.0,0.0,0.0,0.0,0.0,NA,0,809.0
NFT-/XUTR/DEUTH026124A05FZX,49.95,0.0,0.0,3299.0,1049.0,259.942,4.995,0.0,0.0,prepaid,0.999,0.0,0.0,45.0,0.0,53.1,729.964,"",'132804897473564632703,2026-05-04,11095700318,c7858416-467a-421e-a84c-2f3f28acf396,"",Forward,100040971359,100040971359,11504,999.05,5.0,2079.0,0.0,2079.0,packet_delivered,0.0,0.0,0.0,0.0,0.0,0.0,0.0,0.0,NA,0,1220.0
NFT-/XUTR/DEUTH026124A05FZX,55.14,0.0,0.0,1899.0,1158.0,273.288,5.514,0.0,0.0,prepaid,1.103,106.0,0.0,0.0,0.0,125.08,-1003.175,"",'132812695201510161503,2026-05-04,11097349175,1842689f-fa2d-4a93-8648-52d4bc81c247,100153278713,Reverse,100042620215,1000012281764,11504,1102.86,5.0,570.0,0.0,570.0,return_refund,0.0,0.0,0.0,0.0,0.0,0.0,0.0,0.0,NA,0,1329.0
NFT-/XUTR/DEUTH026124A05FZX,63.24,0.0,0.0,2999.0,1328.0,329.078,6.324,0.0,0.0,prepaid,1.265,182.0,0.0,0.0,0.0,214.76,-1206.093,"",'132796880858333256103,2026-05-04,11093973362,83b8d04a-0901-44a0-8d09-8f45a710cea6,11093973362,Reverse,100039244404,100039244404,11504,1264.76,5.0,1500.0,0.0,1500.0,exchange,0.0,0.0,0.0,0.0,0.0,0.0,0.0,0.0,NA,0,1498.99
NFT-/XUTR/DEUTH026124A05FZX,34.33,0.0,0.0,3399.0,721.0,34.031,3.433,0.0,0.0,prepaid,0.687,0.0,0.0,27.0,0.0,31.86,650.989,"",'132789240620530332703,2026-05-04,11092253399,c4051fc9-2038-4ba3-9da8-a2413ba2d2c9,"",Forward,100037524444,100037524444,11504,686.67,5.0,2584.0,0.0,2584.0,packet_delivered,0.0,0.0,0.0,0.0,0.0,0.0,0.0,0.0,NA,0,815.0
NFT-/XUTR/DEUTH026124A05FZX,45.14,0.0,0.0,1599.0,948.0,246.101,4.514,0.0,0.0,prepaid,0.903,0.0,0.0,27.0,0.0,31.86,664.622,"",'132792893144238910703,2026-05-04,11092872878,6025f4ef-50e7-4d4d-b9d5-f726bf069c7f,"",Forward,100038143923,100038143923,11504,902.86,5.0,480.0,0.0,480.0,packet_delivered,0.0,0.0,0.0,0.0,0.0,0.0,0.0,0.0,NA,0,1119.0
NFT-/XUTR/DEUTH026124A05FZX,90.14,0.0,0.0,2999.0,143.501,35.559,0.683,0.0,0.0,prepaid,0.137,0.0,0.0,3.411,0.0,4.02498,103.097,"",'132810401577114189503,2026-05-04,11096769288,50b9a94a-5d1c-4849-ba5f-1cf02e57018c,"",Forward,100042040329,100042040329,11504,1802.86,5.0,900.0,0.0,900.0,packet_delivered,0.0,0.0,0.0,0.0,0.0,0.0,0.0,0.0,NA,0,2099.01
NFT-/XUTR/DEUTH026124A05FZX,55.14,0.0,0.0,1899.0,1158.0,273.288,5.514,0.0,0.0,prepaid,1.103,0.0,0.0,45.0,0.0,53.1,824.995,"",'132785579689809793101,2026-05-04,11091015201,61823ea3-a252-46da-b257-80a179de2970,"",Forward,100036286248,100036286248,11504,1102.86,5.0,570.0,0.0,570.0,packet_delivered,0.0,0.0,0.0,0.0,0.0,0.0,0.0,0.0,NA,0,1329.0
NFT-/XUTR/DEUTH026124A05FZX,31.29,0.0,0.0,1599.0,657.0,170.557,3.129,0.0,0.0,prepaid,0.626,0.0,0.0,27.0,0.0,31.86,450.828,"",'132830923099918937701,2026-05-04,11101199420,d37c8523-7019-4739-bfb3-26976c24378f,"",Forward,100046470446,100046470446,11504,625.71,5.0,848.0,0.0,848.0,packet_delivered,0.0,0.0,0.0,0.0,0.0,0.0,0.0,0.0,NA,0,751.0
NFT-/XUTR/DEUTH026124A05FZX,27.19,0.0,0.0,1799.0,62.99,16.352,0.3,0.0,0.0,prepaid,0.06,0.0,0.0,2.979,0.0,3.51522,42.763,"",'132778717895016687703,2026-05-04,11089585612,73eca495-3678-4904-b6bf-2728e89412a8,"",Forward,100034856663,100034856663,11504,543.81,5.0,1134.0,0.0,1134.0,packet_delivered,0.0,0.0,0.0,0.0,0.0,0.0,0.0,0.0,NA,0,665.0
NFT-/XUTR/DEUTH026124A05FZX,37.19,0.0,0.0,1750.0,781.0,202.748,3.719,0.0,0.0,prepaid,0.744,0.0,0.0,27.0,0.0,31.86,541.929,"",'132780928821558961401,2026-05-04,11090269003,cac50c2b-3c77-4b94-a1f3-6fcc085ff637,"",Forward,100035540054,100035540054,11504,743.81,5.0,875.0,0.0,875.0,packet_delivered,0.0,0.0,0.0,0.0,0.0,0.0,0.0,0.0,NA,0,875.0
NFT-/XUTR/DEUTH026124A05FZX,63.24,0.0,0.0,2999.0,1328.0,329.078,6.324,0.0,0.0,prepaid,1.265,0.0,0.0,45.0,0.0,53.1,938.233,"",'132811641896540699603,2026-05-04,11097073885,1c5ff8cb-2f97-4ee7-8c99-058aed7e91a7,"",Forward,100042344926,100042344926,11504,1264.76,5.0,1500.0,0.0,1500.0,packet_delivered,0.0,0.0,0.0,0.0,0.0,0.0,0.0,0.0,NA,0,1499.0
NFT-/XUTR/DEUTH026124A05FZX,63.24,0.0,0.0,2999.0,1328.0,329.078,6.324,0.0,0.0,prepaid,1.265,182.0,0.0,0.0,0.0,214.76,-1206.093,"",'132802787255285806801,2026-05-04,11095093428,cbbc66e0-d352-47cc-9730-8c742f0d662f,100152919051,Reverse,100040364469,1000011595936,11504,1264.76,5.0,1500.0,0.0,1500.0,return_refund,0.0,0.0,0.0,0.0,0.0,0.0,0.0,0.0,NA,0,1499.0
NFT-/XUTR/DEUTH026124A05FZX,70.38,0.0,0.0,3299.0,1478.0,366.248,7.038,0.0,0.0,prepaid,1.408,0.0,0.0,45.0,0.0,53.1,1050.206,"",'132797130396770447201,2026-05-04,11094043270,f2e6cf3b-725a-4690-ad9d-695fe9614c24,"",Forward,100039314312,100039314312,11504,1407.62,5.0,1650.0,0.0,1650.0,packet_delivered,0.0,0.0,0.0,0.0,0.0,0.0,0.0,0.0,NA,0,1649.0
NFT-/XUTR/DEUTH026124A05FZX,63.24,0.0,0.0,2999.0,1328.0,329.078,6.324,0.0,0.0,prepaid,1.265,0.0,0.0,45.0,0.0,53.1,938.233,"",'132810937924384882801,2026-05-04,11096888338,3609427e-03f5-4fc6-a5f3-48e831b8880f,"",Forward,100042159379,100042159379,11504,1264.76,5.0,1500.0,0.0,1500.0,packet_delivered,0.0,0.0,0.0,0.0,0.0,0.0,0.0,0.0,NA,0,1499.0
NFT-/XUTR/DEUTH026124A05FZX,63.24,0.0,0.0,2999.0,1328.0,329.078,6.324,0.0,0.0,prepaid,1.265,0.0,0.0,45.0,0.0,53.1,938.233,"",'132832160688724101903,2026-05-04,11101532345,dbb1da83-a395-4783-96ae-3e33b4542ab7,"",Forward,100046803372,100046803372,11504,1264.76,5.0,1500.0,0.0,1500.0,packet_delivered,0.0,0.0,0.0,0.0,0.0,0.0,0.0,0.0,NA,0,1499.0
NFT-/XUTR/DEUTH026124A05FZX,44.19,0.0,0.0,2199.0,928.0,240.909,4.419,0.0,0.0,prepaid,0.884,0.0,0.0,27.0,0.0,31.86,649.928,"",'132786870164697870201,2026-05-04,11091449793,2420a3dc-9a39-43ef-8772-add0b051f473,"",Forward,100036720838,100036720838,11504,883.81,5.0,1100.0,0.0,1100.0,packet_delivered,0.0,0.0,0.0,0.0,0.0,0.0,0.0,0.0,NA,0,1099.0
NFT-/XUTR/DEUTH026124A05FZX,49.24,0.0,0.0,1799.0,1034.0,244.024,4.924,0.0,0.0,prepaid,0.985,0.0,0.0,45.0,0.0,53.1,730.967,"",'132820376328841279301,2026-05-04,11098841635,2a062d42-8fdf-478b-8aa0-d71b80f9ec8b,"",Forward,100044112670,100044112670,11504,984.76,5.0,594.0,0.0,594.0,packet_delivered,0.0,0.0,0.0,0.0,0.0,0.0,0.0,0.0,NA,0,1205.0
NFT-/XUTR/DEUTH026124A05FZX,35.29,0.0,0.0,2499.0,741.0,34.97500000000001,3.529,0.0,0.0,prepaid,0.706,0.0,0.0,27.0,0.0,31.86,669.93,"",'132839893307781036303,2026-05-04,11103135949,a3e6c824-3c9f-40c9-8136-0987e6bb4a2f,"",Forward,100048406958,1000014288109,11504,705.71,5.0,1664.0,0.0,1664.0,packet_delivered,0.0,0.0,0.0,0.0,0.0,0.0,0.0,0.0,NA,0,835.0
NFT-/XUTR/DEUTH026124A05FZX,63.24,0.0,0.0,2999.0,1328.0,329.078,6.324,0.0,0.0,prepaid,1.265,182.0,0.0,0.0,0.0,214.76,-1206.093,"",'132807064665805622803,2026-05-04,11096446577,b474822c-9453-41dc-a381-8d061cddccfc,100154411704,Reverse,100041717618,100041717618,11504,1264.76,5.0,1500.0,0.0,1500.0,return_refund,0.0,0.0,0.0,0.0,0.0,0.0,0.0,0.0,NA,0,1499.0
NFT-/XUTR/DEUTH026124A05FZX,0.0,19.17,19.17,1999.0,805.0,208.978,0.0,1.9165,1.9165,prepaid,0.767,106.0,0.0,0.0,0.0,125.08,-716.502,"",'132827760306617628601,2026-05-04,11100377682,0631cec6-8ef8-48c9-8d96-c433dc703e9c,100155432595,Reverse,100045648715,100045648715,11504,766.66,5.0,1100.0,0.0,1100.0,return_refund,0.0,0.0,0.0,0.0,0.0,0.0,0.0,0.0,NA,0,898.9999999999999
NFT-/XUTR/DEUTH026124A05FZX,33.57,0.0,0.0,1599.0,705.0,183.018,3.357,0.0,0.0,prepaid,0.671,182.0,0.0,0.0,0.0,214.76,-732.714,"",'132805240208644340003,2026-05-04,11095797204,a2d149a2-e539-44a8-92e5-34fdfba714a1,100153150317,Reverse,100041068246,1000011778910,11504,671.43,5.0,800.0,0.0,800.0,return_refund,0.0,0.0,0.0,0.0,0.0,0.0,0.0,0.0,NA,0,799.0
NFT-/XUTR/DEUTH026124A05FZX,31.19,0.0,0.0,1499.0,224.88,58.379,1.071,0.0,0.0,prepaid,0.214,0.0,0.0,9.27,0.0,10.9386,154.277,"",'132797607739037290701,2026-05-04,11094189817,63e517a2-e4a0-43f0-b6d1-9bebd8e911e7,"",Forward,100039460859,1000011570295,11504,623.81,5.0,750.0,0.0,750.0,packet_delivered,0.0,0.0,0.0,0.0,0.0,0.0,0.0,0.0,NA,0,749.0
NFT-/XUTR/DEUTH026124A05FZX,39.86,0.0,0.0,3450.0,837.0,217.285,3.986,0.0,0.0,prepaid,0.797,0.0,0.0,27.0,0.0,31.86,583.072,"",'132813652965812769303,2026-05-04,11097587810,f552061d-a456-469d-b80d-d5530cea91a8,"",Forward,100042858846,1000012701237,11504,797.14,5.0,2519.0,0.0,2519.0,packet_delivered,0.0,0.0,0.0,0.0,0.0,0.0,0.0,0.0,NA,0,931.0
NFT-/XUTR/DEUTH026124A05FZX,28.67,0.0,0.0,1699.0,602.0,156.279,2.867,0.0,0.0,prepaid,0.573,167.0,0.0,0.0,0.0,197.06,-639.341,"",'132777927064661385803,2026-05-04,11089356060,58ac38c2-0be1-4592-9e4a-059bb3ef71a7,100151984794,Reverse,100034627112,1000009864438,11504,573.33,5.0,1003.0,0.0,1003.0,return_refund,0.0,0.0,0.0,0.0,0.0,0.0,0.0,0.0,NA,0,696.0
NFT-/XUTR/DEUTH026124A05FZX,42.43,0.0,0.0,2899.0,891.0,231.304,4.243,0.0,0.0,prepaid,0.849,182.0,0.0,0.0,0.0,214.76,-869.364,"",'132807082410428954203,2026-05-04,11096451651,361aa185-6386-4aa2-9256-66b32f89130d,100153488969,Reverse,100041722692,100041722692,11504,848.57,5.0,1914.0,0.0,1914.0,return_refund,0.0,0.0,0.0,0.0,0.0,0.0,0.0,0.0,NA,0,985.0
NFT-/XUTR/DEUTH026124A05FZX,27.19,0.0,0.0,1799.0,571.0,148.232,2.719,0.0,0.0,prepaid,0.544,0.0,0.0,27.0,0.0,31.86,387.645,"",'132781016626527874103,2026-05-04,11090299522,6f9ecbc3-806c-4027-a8ae-489f4a0ae435,"",Forward,100035570573,100035570573,11504,543.81,5.0,1134.0,0.0,1134.0,packet_delivered,0.0,0.0,0.0,0.0,0.0,0.0,0.0,0.0,NA,0,665.0
NFT-/XUTR/DEUTH026124A05FZX,40.24,0.0,0.0,1999.0,845.0,219.362,4.024,0.0,0.0,prepaid,0.805,0.0,0.0,27.0,0.0,31.86,588.949,"",'132789677285051477103,2026-05-04,11092447751,d474b262-816e-48a3-abd0-b9b40e1e6c27,"",Forward,100037718796,100037718796,11504,804.76,5.0,1060.0,0.0,1060.0,packet_delivered,0.0,0.0,0.0,0.0,0.0,0.0,0.0,0.0,NA,0,939.0
NFT-/XUTR/DEUTH026124A05FZX,75.14,0.0,0.0,3499.0,1578.0,391.028,7.514,0.0,0.0,prepaid,1.503,0.0,0.0,45.0,0.0,53.1,1124.855,"",'132806586077097754103,2026-05-04,11096255295,e350c690-dd28-43b1-8219-216eec8977f4,"",Forward,100041526336,100041526336,11504,1502.86,5.0,1750.0,0.0,1750.0,packet_delivered,0.0,0.0,0.0,0.0,0.0,0.0,0.0,0.0,NA,0,1749.0
NFT-/XUTR/DEUTH026124A05FZX,81.33,0.0,0.0,3999.0,1708.0,423.242,8.133,0.0,0.0,prepaid,1.627,0.0,0.0,45.0,0.0,53.1,1221.898,"",'132819555994910217001,2026-05-04,11098643071,57d25790-36bf-429f-85e3-9270ef5830e2,"",Forward,100043914106,100043914106,11504,1626.67,5.0,2120.0,0.0,2120.0,packet_delivered,0.0,0.0,0.0,0.0,0.0,0.0,0.0,0.0,NA,0,1879.0
NFT-/XUTR/DEUTH026124A05FZX,35.76,0.0,0.0,1799.0,751.0,194.96,3.576,0.0,0.0,prepaid,0.715,0.0,0.0,27.0,0.0,31.86,519.889,"",'132824197206923893701,2026-05-04,11100005145,7d57c36e-4582-4811-b096-b7cd21b5d388,"",Forward,100045276178,1000012995229,11504,715.24,5.0,954.0,0.0,954.0,packet_delivered,0.0,0.0,0.0,0.0,0.0,0.0,0.0,0.0,NA,0,845.0
NFT-/XUTR/DEUTH026124A05FZX,33.57,0.0,0.0,1599.0,705.0,183.018,3.357,0.0,0.0,prepaid,0.671,0.0,0.0,27.0,0.0,31.86,486.094,"",'132838778488653883703,2026-05-04,11102840208,51be108c-2010-4c54-bc94-06d7cda25a6d,"",Forward,100048111224,100048111224,11504,671.43,5.0,800.0,0.0,800.0,packet_delivered,0.0,0.0,0.0,0.0,0.0,0.0,0.0,0.0,NA,0,799.0
NFT-/XUTR/DEUTH026124A05FZX,75.19,0.0,0.0,1750.0,1579.0,372.644,7.519,0.0,0.0,prepaid,1.504,167.0,0.0,0.0,0.0,197.06,-1394.393,"",'132784999677099450601,2026-05-04,11090822050,9ca5a16e-1651-44b6-9205-6e32f1ee378b,100152042959,Reverse,100036093097,100036093097,11504,1503.81,5.0,0.0,0.0,0.0,return_refund,0.0,0.0,0.0,0.0,0.0,0.0,0.0,0.0,NA,0,1750.0
NFT-/XUTR/DEUTH026124A05FZX,487.07,0.0,0.0,3399.0,3193.0,753.548,13.53,0.0,0.0,prepaid,2.706,106.0,0.0,0.0,0.0,125.08,-2548.296,"",'132824868423082570101,2026-05-04,11100155882,c238ab35-a459-43d2-94be-66fbfcd81a45,100152872742,Reverse,100045426915,1000013234479,11504,2705.93,18.0,0.0,0.0,0.0,return_refund,0.0,0.0,0.0,0.0,0.0,0.0,0.0,0.0,NA,0,3399.0
NFT-/XUTR/DEUTH026124A05FZX,72.76,0.0,0.0,3399.0,1528.0,342.578,7.276,0.0,0.0,prepaid,1.455,0.0,0.0,45.0,0.0,53.1,1123.591,"",'132755018697139618001,2026-05-04,11084451389,d546ef63-f119-4c51-a9ae-f4b26a1bd55b,"",Forward,100029722446,100029722446,11504,1455.24,5.0,1700.0,0.0,1700.0,packet_delivered,0.0,0.0,0.0,0.0,0.0,0.0,0.0,0.0,NA,0,1699.0
NFT-/XUTR/DEUTH026124A05FZX,40.71,0.0,0.0,1899.0,855.0,221.958,4.071,0.0,0.0,prepaid,0.814,0.0,0.0,27.0,0.0,31.86,596.297,"",'132785667802703332501,2026-05-04,11091046109,317585ee-1966-4a7f-ba17-b6b4f31c6ef0,"",Forward,100036317156,100036317156,11504,814.29,5.0,950.0,0.0,950.0,packet_delivered,0.0,0.0,0.0,0.0,0.0,0.0,0.0,0.0,NA,0,949.0
NFT-/XUTR/DEUTH026124A05FZX,27.19,0.0,0.0,1799.0,571.0,148.232,2.719,0.0,0.0,prepaid,0.544,0.0,0.0,27.0,0.0,31.86,387.645,"",'132795158433212183203,2026-05-04,11093497029,026bbdee-11b5-479b-96c8-e2dbb684d387,"",Forward,100038768073,1000011087163,11504,543.81,5.0,1134.0,0.0,1134.0,packet_delivered,0.0,0.0,0.0,0.0,0.0,0.0,0.0,0.0,NA,0,665.0
NFT-/XUTR/DEUTH026124A05FZX,34.05,0.0,0.0,1799.0,715.0,185.614,3.405,0.0,0.0,prepaid,0.681,167.0,0.0,0.0,0.0,197.06,-722.36,"",'132770240008302496903,2026-05-04,11087688088,dc526716-16ef-42b8-a6aa-83e3c98e8220,100152447238,Reverse,100032959142,100032959142,11504,680.95,5.0,990.0,0.0,990.0,return_refund,0.0,0.0,0.0,0.0,0.0,0.0,0.0,0.0,NA,0,809.0
NFT-/XUTR/DEUTH026124A05FZX,0.0,22.76,22.76,2399.0,955.9999999999999,248.178,0.0,2.276,2.276,prepaid,0.91,106.0,0.0,0.0,0.0,125.08,-827.44,"",'132824549701732629701,2026-05-04,11100104813,7316b95d-d0b2-434d-91a3-10b93c995ac3,100153411467,Reverse,100045375846,100045375846,11504,910.48,5.0,1272.0,0.0,1272.0,return_refund,0.0,0.0,0.0,0.0,0.0,0.0,0.0,0.0,NA,0,1127.0
NFT-/XUTR/DEUTH026124A05FZX,63.24,0.0,0.0,2999.0,1328.0,329.078,6.324,0.0,0.0,prepaid,1.265,0.0,0.0,45.0,0.0,53.1,938.233,"",'132787572499823628703,2026-05-04,11091673711,7a98b7ae-d2fd-4330-8ca0-a674ecf23f64,"",Forward,100036944756,100036944756,11504,1264.76,5.0,1500.0,0.0,1500.0,packet_delivered,0.0,0.0,0.0,0.0,0.0,0.0,0.0,0.0,NA,0,1499.0
NFT-/XUTR/DEUTH026124A05FZX,33.52,0.0,0.0,3399.0,704.0,33.229,3.352,0.0,0.0,prepaid,0.67,0.0,0.0,27.0,0.0,31.86,634.889,"",'132810992490654279001,2026-05-04,11096902614,cd20ff78-9cb9-48d9-9488-fdc59f36daa7,"",Forward,100042173654,100042173654,11504,670.48,5.0,2601.0,0.0,2601.0,packet_delivered,0.0,0.0,0.0,0.0,0.0,0.0,0.0,0.0,NA,0,797.99
NFT-/XUTR/DEUTH026124A05FZX,38.33,0.0,0.0,1799.0,805.0,208.978,3.833,0.0,0.0,prepaid,0.767,0.0,0.0,27.0,0.0,31.86,559.562,"",'132798736156800981703,2026-05-04,11094561445,0218f464-0c77-40e2-ae60-700a2c627ac0,"",Forward,100039832487,1000011597529,11504,766.67,5.0,900.0,0.0,900.0,packet_delivered,0.0,0.0,0.0,0.0,0.0,0.0,0.0,0.0,NA,0,899.0
NFT-/XUTR/DEUTH026124A05FZX,44.67,0.0,0.0,2999.0,938.0,243.505,4.467,0.0,0.0,prepaid,0.893,0.0,0.0,27.0,0.0,31.86,657.275,"",'132806644173720566503,2026-05-04,11096279206,4f3a708d-3d66-4c40-90ca-308c48cdfa0e,"",Forward,100041550247,100041550247,11504,893.33,5.0,1890.0,0.0,1890.0,packet_delivered,0.0,0.0,0.0,0.0,0.0,0.0,0.0,0.0,NA,0,1109.0
NFT-/XUTR/DEUTH026124A05FZX,33.57,0.0,0.0,1599.0,705.0,183.018,3.357,0.0,0.0,prepaid,0.671,0.0,0.0,27.0,0.0,31.86,486.094,"",'132812341792074251701,2026-05-04,11097254994,aa37b636-acac-4652-86c4-1fc19d2d5ce3,"",Forward,100042526034,100042526034,11504,671.43,5.0,800.0,0.0,800.0,packet_delivered,0.0,0.0,0.0,0.0,0.0,0.0,0.0,0.0,NA,0,799.0
NFT-/XUTR/DEUTH026124A05FZX,0.0,31.64,31.64,2999.0,1329.0,329.326,0.0,3.1645,3.1645,prepaid,1.266,0.0,0.0,45.0,0.0,53.1,938.979,"",'132844639231356278103,2026-05-04,11103909275,57a67669-8323-429b-9b0c-5aabec04bcc2,"",Forward,100049180284,100049180284,11504,1265.72,5.0,1499.0,0.0,1499.0,packet_delivered,0.0,0.0,0.0,0.0,0.0,0.0,0.0,0.0,NA,0,1500.0000000000002
NFT-/XUTR/DEUTH026124A05FZX,28.1,0.0,0.0,1850.0,590.0,153.164,2.81,0.0,0.0,prepaid,0.562,106.0,0.0,0.0,0.0,125.08,-558.544,"",'132797348657240135801,2026-05-04,11094106894,67020de1-a244-4cc5-9273-5bd66eab58ee,11094106894,Reverse,100039377936,100039377936,11504,561.9,5.0,1166.0,0.0,1166.0,exchange,0.0,0.0,0.0,0.0,0.0,0.0,0.0,0.0,NA,0,684.0
NFT-/XUTR/DEUTH026124A05FZX,19.1,0.0,0.0,1599.0,37.269,1.759,0.177,0.0,0.0,prepaid,0.035,11.803,0.0,0.0,0.0,13.92754,-49.226,"",'132802750385861004801,2026-05-04,11095082014,8eae4f36-0b4e-4224-8b0c-f3da13abc4ae,11095082014,Reverse,100040353056,100040353056,11504,381.9,5.0,1104.0,0.0,1104.0,exchange,0.0,0.0,0.0,0.0,0.0,0.0,0.0,0.0,NA,0,494.99
NFT-/XUTR/DEUTH026124A05FZX,28.67,0.0,0.0,1699.0,602.0,156.279,2.867,0.0,0.0,prepaid,0.573,0.0,0.0,27.0,0.0,31.86,410.421,"",'132812678959271364603,2026-05-04,11097344773,75ecb9ba-5fdf-482c-961d-0e1d6d5cfc4f,"",Forward,100042615813,100042615813,11504,573.33,5.0,1003.0,0.0,1003.0,packet_delivered,0.0,0.0,0.0,0.0,0.0,0.0,0.0,0.0,NA,0,696.0
NFT-/XUTR/DEUTH026124A05FZX,39.81,0.0,0.0,2799.0,836.0,217.026,3.981,0.0,0.0,prepaid,0.796,0.0,0.0,27.0,0.0,31.86,582.337,"",'132804018283623778501,2026-05-04,11095459200,1018ef96-9d27-4665-94e1-48206dd77608,"",Forward,100040730241,100040730241,11504,796.19,5.0,1792.0,0.0,1792.0,packet_delivered,0.0,0.0,0.0,0.0,0.0,0.0,0.0,0.0,NA,0,1007.0
NFT-/XUTR/DEUTH026124A05FZX,103.48,0.0,0.0,3399.0,2173.0,512.828,10.348,0.0,0.0,prepaid,2.07,112.0,0.0,0.0,0.0,132.16,-1779.914,"",'132765931978418799301,2026-05-04,11086679804,7de73375-9748-462d-b0e4-b450ec38e81b,100152911457,Reverse,100031950858,100031950858,11504,2069.52,5.0,1020.0,0.0,1020.0,return_refund,0.0,0.0,0.0,0.0,0.0,0.0,0.0,0.0,NA,0,2379.0
NFT-/XUTR/DEUTH026124A05FZX,40.29,0.0,0.0,2750.0,846.0,219.622,4.029,0.0,0.0,prepaid,0.806,0.0,0.0,27.0,0.0,31.86,589.683,"",'132804342958483288101,2026-05-04,11095549066,e67ca6d1-a42c-4d2d-9693-a831d61f1daa,"",Forward,100040820107,100040820107,11504,805.71,5.0,1733.0,0.0,1733.0,packet_delivered,0.0,0.0,0.0,0.0,0.0,0.0,0.0,0.0,NA,0,1017.0
NFT-/XUTR/DEUTH026124A05FZX,19.1,0.0,0.0,1599.0,401.0,18.927,1.91,0.0,0.0,prepaid,0.382,0.0,0.0,15.0,0.0,17.7,362.081,"",'132814748810158584401,2026-05-04,11097871581,76c6e7ec-46ba-4725-af54-41a4d4771e67,"",Forward,100043142617,100043142617,11504,381.9,5.0,1104.0,0.0,1104.0,packet_delivered,0.0,0.0,0.0,0.0,0.0,0.0,0.0,0.0,NA,0,495.0
NFT-/XUTR/DEUTH026124A05FZX,58.95,0.0,0.0,2999.0,1238.0,306.776,5.895,0.0,0.0,prepaid,1.179,0.0,0.0,45.0,0.0,53.1,871.05,"",'132819932682605797601,2026-05-04,11098747953,aeea5fb2-1fd0-4089-948d-186c81096264,"",Forward,100044018988,100044018988,11504,1179.05,5.0,1590.0,0.0,1590.0,packet_delivered,0.0,0.0,0.0,0.0,0.0,0.0,0.0,0.0,NA,0,1409.0
NFT-/XUTR/DEUTH026124A05FZX,87.0,0.0,0.0,1999.0,1827.0,431.172,8.7,0.0,0.0,prepaid,1.74,0.0,0.0,45.0,0.0,53.1,1332.288,"",'132823672510218016603,2026-05-04,11099791120,3fd766c4-6a79-4b6f-a8f3-7ab47b6708a9,"",Forward,100045062153,100045062153,11504,1740,5.0,1.0,0.0,1.0,packet_delivered,0.0,0.0,0.0,0.0,0.0,0.0,0.0,0.0,NA,0,1998.0
NFT-/XUTR/DEUTH026124A05FZX,70.38,0.0,0.0,3299.0,1478.0,366.248,7.038,0.0,0.0,prepaid,1.408,182.0,0.0,0.0,0.0,214.76,-1318.066,"",'132803478448513006603,2026-05-04,11095307487,c7d4686f-b9bb-469a-88a2-ae777531d367,100153435056,Reverse,100040578529,1000012140235,11504,1407.62,5.0,1650.0,0.0,1650.0,return_refund,0.0,0.0,0.0,0.0,0.0,0.0,0.0,0.0,NA,0,1649.0
NFT-/XUTR/DEUTH026124A05FZX,0.0,26.76,26.76,1850.0,1124.0,265.264,0.0,2.676,2.676,prepaid,1.07,106.0,0.0,0.0,0.0,125.08,-977.394,"",'132824792034496305503,2026-05-04,11100146568,9ffaf0d4-58be-49eb-9c11-5b68d3e15236,100154465366,Reverse,100045417601,100045417601,11504,1070.48,5.0,555.0,0.0,555.0,return_refund,0.0,0.0,0.0,0.0,0.0,0.0,0.0,0.0,NA,0,1295.0
NFT-/XUTR/DEUTH026124A05FZX,27.67,0.0,0.0,1999.0,581.0,41.135,2.767,0.0,0.0,prepaid,0.553,106.0,0.0,0.0,0.0,125.08,-661.625,"",'132833073618652489903,2026-05-04,11101822817,9f719c53-8aaa-402d-9ee0-5fd0ee79fbfa,11101822817,Reverse,100047093844,1000013784174,11504,553.33,5.0,1324.0,0.0,1324.0,exchange,0.0,0.0,0.0,0.0,0.0,0.0,0.0,0.0,NA,0,675.0
NFT-/XUTR/DEUTH026124A05FZX,44.19,0.0,0.0,2199.0,928.0,240.909,4.419,0.0,0.0,prepaid,0.884,0.0,0.0,27.0,0.0,31.86,649.928,"",'132795368843038109003,2026-05-04,11093558218,afec9745-c3dd-4b74-b8ab-19a44606778b,"",Forward,100038829262,1000012152204,11504,883.81,5.0,1100.0,0.0,1100.0,packet_delivered,0.0,0.0,0.0,0.0,0.0,0.0,0.0,0.0,NA,0,1099.0
NFT-/XUTR/DEUTH026124A05FZX,103.48,0.0,0.0,3399.0,2173.0,487.187,10.348,0.0,0.0,prepaid,2.07,0.0,0.0,61.0,0.0,71.98,1601.415,"",'132803548384762932203,2026-05-04,11095327624,557bc0ca-446f-4c22-b5c6-852a236d7713,"",Forward,100040598666,100040598666,11504,2069.52,5.0,1020.0,0.0,1020.0,packet_delivered,0.0,0.0,0.0,0.0,0.0,0.0,0.0,0.0,NA,0,2379.0
NFT-/XUTR/DEUTH026124A05FZX,18.48,0.0,0.0,1599.0,388.0,18.314,1.848,0.0,0.0,prepaid,0.37,0.0,0.0,0.0,0.0,0.0,367.468,"",'132813381745422423201,2026-05-04,11097521702,99b8067b-92a1-4f20-ba76-95761ed28cdd,"",Forward,100042792738,1000012702596,11504,369.52,5.0,1152.0,0.0,1152.0,packet_delivered,0.0,0.0,0.0,0.0,0.0,0.0,0.0,0.0,NA,0,447.0
NFT-/XUTR/DEUTH026124A05FZX,23.67,0.0,0.0,1599.0,497.0,23.458,2.367,0.0,0.0,prepaid,0.473,0.0,0.0,27.0,0.0,31.86,438.842,"",'132776478851126481901,2026-05-04,11088894224,31398320-b57f-4585-8bfc-cca7d5e34124,"",Forward,100034165276,1000009727914,11504,473.33,5.0,1008.0,0.0,1008.0,packet_delivered,0.0,0.0,0.0,0.0,0.0,0.0,0.0,0.0,NA,0,591.0
NFT-/XUTR/DEUTH026124A05FZX,33.57,0.0,0.0,1599.0,705.0,183.018,3.357,0.0,0.0,prepaid,0.671,0.0,0.0,27.0,0.0,31.86,486.094,"",'132787425444530852901,2026-05-04,11091626640,be6de373-8e3f-47ab-97c0-de312c5bbaae,"",Forward,100036897685,100036897685,11504,671.43,5.0,800.0,0.0,800.0,packet_delivered,0.0,0.0,0.0,0.0,0.0,0.0,0.0,0.0,NA,0,799.0
NFT-/XUTR/DEUTH026124A05FZX,27.19,0.0,0.0,1799.0,571.0,148.232,2.719,0.0,0.0,prepaid,0.544,0.0,0.0,27.0,0.0,31.86,387.645,"",'132800624036541203301,2026-05-04,11094668202,fe0c9254-e262-4d2e-b135-7fcfd56efdfe,"",Forward,100039939244,100039939244,11504,543.81,5.0,1134.0,0.0,1134.0,packet_delivered,0.0,0.0,0.0,0.0,0.0,0.0,0.0,0.0,NA,0,665.0
NFT-/XUTR/DEUTH026124A05FZX,38.33,0.0,0.0,1799.0,805.0,208.978,3.833,0.0,0.0,prepaid,0.767,0.0,0.0,27.0,0.0,31.86,559.562,"",'132806933452650243201,2026-05-04,11096404170,850dad89-b5ba-4787-89fa-0e3a1a2ef320,"",Forward,100041675211,100041675211,11504,766.67,5.0,900.0,0.0,900.0,packet_delivered,0.0,0.0,0.0,0.0,0.0,0.0,0.0,0.0,NA,0,899.0
NFT-/XUTR/DEUTH026124A05FZX,35.95,0.0,0.0,1699.0,598.692,155.421,2.851,0.0,0.0,prepaid,0.57,0.0,0.0,21.41,0.0,25.2638,414.586,"",'132824471082504066901,2026-05-04,11100085617,5478d2da-956b-4eea-be67-98aa57d810c6,"",Forward,100045356650,100045356650,11504,719.05,5.0,850.0,0.0,850.0,packet_delivered,0.0,0.0,0.0,0.0,0.0,0.0,0.0,0.0,NA,0,848.99
NFT-/XUTR/DEUTH026124A05FZX,0.0,25.1,25.1,1750.0,1054.0,248.744,0.0,2.5095,2.5095,prepaid,1.004,0.0,0.0,45.0,0.0,53.1,746.133,"",'132812230916880320401,2026-05-04,11097226444,e55999f4-fe2b-4308-a8f3-b8ce89628f06,"",Forward,100042497484,1000012228970,11504,1003.8,5.0,525.0,0.0,525.0,packet_delivered,0.0,0.0,0.0,0.0,0.0,0.0,0.0,0.0,NA,0,1224.9999999999998
NFT-/XUTR/DEUTH026124A05FZX,19.67,0.0,0.0,1750.0,413.0,19.494,1.967,0.0,0.0,prepaid,0.393,182.0,0.0,0.0,0.0,214.76,-605.906,"",'132806198703441339403,2026-05-04,11096107709,ce0f6d7b-f96d-418f-a5c1-b78f587c38f3,100153004903,Reverse,100041378750,100041378750,11504,393.33,5.0,1243.0,0.0,1243.0,return_refund,0.0,0.0,0.0,0.0,0.0,0.0,0.0,0.0,NA,0,507.0
NFT-/XUTR/DEUTH026124A05FZX,426.05,0.0,0.0,2999.0,2448.069,577.745,10.373,0.0,0.0,prepaid,2.075,92.909,0.0,0.0,0.0,109.63262,-1967.509,"",'132829861424289055003,2026-05-04,11100935450,3ab08fc1-06be-4386-a27f-0485d36e9e6c,11100935450,Reverse,100046206483,100046206483,11504,2366.95,18.0,0.0,0.0,0.0,exchange,0.0,0.0,0.0,0.0,0.0,0.0,0.0,0.0,NA,0,2999.01
NFT-/XUTR/DEUTH026124A05FZX,37.19,0.0,0.0,1750.0,781.0,202.748,3.719,0.0,0.0,prepaid,0.744,0.0,0.0,27.0,0.0,31.86,541.929,"",'132784160866492338603,2026-05-04,11090627366,4ed50438-6771-48d7-9472-bc50a0b8fe1c,"",Forward,100035898417,100035898417,11504,743.81,5.0,875.0,0.0,875.0,packet_delivered,0.0,0.0,0.0,0.0,0.0,0.0,0.0,0.0,NA,0,875.0
NFT-/XUTR/DEUTH026124A05FZX,37.19,0.0,0.0,1750.0,781.0,202.748,3.719,0.0,0.0,prepaid,0.744,0.0,0.0,27.0,0.0,31.86,541.929,"",'132797931818867634603,2026-05-04,11094303363,e4c4d8a4-635f-4df4-b333-95718bfee4d9,"",Forward,100039574405,100039574405,11504,743.81,5.0,875.0,0.0,875.0,packet_delivered,0.0,0.0,0.0,0.0,0.0,0.0,0.0,0.0,NA,0,875.0
NFT-/XUTR/DEUTH026124A05FZX,63.24,0.0,0.0,2999.0,1328.0,329.078,6.324,0.0,0.0,prepaid,1.265,0.0,0.0,45.0,0.0,53.1,938.233,"",'132813562254285732403,2026-05-04,11097565815,0536a248-7e87-4625-973d-0c80dd678655,"",Forward,100042836851,1000012683481,11504,1264.76,5.0,1500.0,0.0,1500.0,packet_delivered,0.0,0.0,0.0,0.0,0.0,0.0,0.0,0.0,NA,0,1499.0
NFT-/XUTR/DEUTH026124A05FZX,90.14,0.0,0.0,2999.0,1893.0,469.085,9.014,0.0,0.0,prepaid,1.803,0.0,0.0,45.0,0.0,53.1,1359.998,"",'132841564994007435203,2026-05-04,11103616203,19590359-ebb6-47fe-9659-e6648512a07a,"",Forward,100048887212,1000014246015,11504,1802.86,5.0,900.0,0.0,900.0,packet_delivered,0.0,0.0,0.0,0.0,0.0,0.0,0.0,0.0,NA,0,2099.0
NFT-/XUTR/DEUTH026124A05FZX,35.14,0.0,0.0,1850.0,738.0,191.585,3.514,0.0,0.0,prepaid,0.703,182.0,0.0,0.0,0.0,214.76,-756.958,"",'132807992737280798401,2026-05-04,11096591651,33ab2266-d0f4-4846-9615-ed27a4faafe9,100153122667,Reverse,100041862692,100041862692,11504,702.86,5.0,1018.0,0.0,1018.0,return_refund,0.0,0.0,0.0,0.0,0.0,0.0,0.0,0.0,NA,0,832.0
NFT-/XUTR/DEUTH026124A05FZX,57.86,0.0,0.0,2950.0,1215.0,301.077,5.786,0.0,0.0,prepaid,1.157,0.0,0.0,45.0,0.0,53.1,853.88,"",'132781291551643838401,2026-05-04,11090383302,0cb6754c-c75b-4c41-bb2c-3e49da2a131f,"",Forward,100035654353,1000010986552,11504,1157.14,5.0,1564.0,0.0,1564.0,packet_delivered,0.0,0.0,0.0,0.0,0.0,0.0,0.0,0.0,NA,0,1386.0
NFT-/XUTR/DEUTH026124A05FZX,49.24,0.0,0.0,1799.0,1034.0,244.024,4.924,0.0,0.0,prepaid,0.985,182.0,0.0,0.0,0.0,214.76,-998.827,"",'132819550026078729001,2026-05-04,11098641460,096caaf6-02b6-437d-a1fc-cb4b8664499c,100153993287,Reverse,100043912495,1000012654805,11504,984.76,5.0,594.0,0.0,594.0,return_refund,0.0,0.0,0.0,0.0,0.0,0.0,0.0,0.0,NA,0,1205.0
NFT-/XUTR/DEUTH026124A05FZX,0.0,15.6,15.6,1499.0,655.0,170.038,0.0,1.5595,1.5595,prepaid,0.624,0.0,0.0,27.0,0.0,31.86,449.359,"",'132804750924608647603,2026-05-04,11095660700,b798c9b8-775e-435a-b65c-6ce53139b163,"",Forward,100040931741,100040931741,11504,623.8,5.0,750.0,0.0,750.0,packet_delivered,0.0,0.0,0.0,0.0,0.0,0.0,0.0,0.0,NA,0,749.0
NFT-/XUTR/DEUTH026124A05FZX,53.48,0.0,0.0,3499.0,1123.0,278.279,5.348,0.0,0.0,prepaid,1.07,127.0,0.0,0.0,0.0,149.86,-988.163,"",'132813652965812769303,2026-05-04,11097587812,f552061d-a456-469d-b80d-d5530cea91a8,100153078268,Reverse,100042858848,1000012701237,11504,1069.52,5.0,2205.0,0.0,2205.0,return_refund,0.0,0.0,0.0,0.0,0.0,0.0,0.0,0.0,NA,0,1294.0
NFT-/XUTR/DEUTH026124A05FZX,0.0,33.21,33.21,3299.0,1395.0,345.681,0.0,3.3215,3.3215,prepaid,1.329,106.0,0.0,0.0,0.0,125.08,-1166.427,"",'132830104419989908301,2026-05-04,11100997900,601de102-96c8-4091-9452-9b28047407e3,100153132531,Reverse,100046268932,1000013760100,11504,1328.58,5.0,1733.0,0.0,1733.0,return_refund,0.0,0.0,0.0,0.0,0.0,0.0,0.0,0.0,NA,0,1566.0
NFT-/XUTR/DEUTH026124A05FZX,70.38,0.0,0.0,3299.0,1478.0,366.248,7.038,0.0,0.0,prepaid,1.408,0.0,0.0,45.0,0.0,53.1,1050.206,"",'132838937348625916703,2026-05-04,11102888537,9bc444f1-540c-46cc-a888-88224220b68a,"",Forward,100048159551,1000014223502,11504,1407.62,5.0,1650.0,0.0,1650.0,packet_delivered,0.0,0.0,0.0,0.0,0.0,0.0,0.0,0.0,NA,0,1649.0
NFT-/XUTR/DEUTH026124A05FZX,18.38,0.0,0.0,1650.0,386.0,18.219,1.838,0.0,0.0,prepaid,0.368,182.0,0.0,0.0,0.0,214.76,-580.335,"",'132795374337820591703,2026-05-04,11093559814,ba830ac9-6949-4549-b8f7-f191462b7cb1,100152690644,Reverse,100038830858,100038830858,11504,367.62,5.0,1205.0,0.0,1205.0,return_refund,0.0,0.0,0.0,0.0,0.0,0.0,0.0,0.0,NA,0,445.0
NFT-/XUTR/DEUTH026124A05FZX,113.95,0.0,0.0,2599.0,2393.0,564.748,11.395,0.0,0.0,prepaid,2.279,182.0,0.0,0.0,0.0,214.76,-2029.338,"",'132798230210171129703,2026-05-04,11094413111,3c67a8a3-ab8b-48cb-9144-4574f6e95b0e,100153486236,Reverse,100039684153,100039684153,11504,2279.05,5.0,0.0,0.0,0.0,return_refund,0.0,0.0,0.0,0.0,0.0,0.0,0.0,0.0,NA,0,2599.0
NFT-/XUTR/DEUTH026124A05FZX,18.19,0.0,0.0,1699.0,3.66,0.173,0.017,0.0,0.0,prepaid,0.003,0.0,0.0,0.0,0.0,0.0,3.467,"",'132816462843899979803,2026-05-04,11098334202,bd13f9ce-9867-4c30-a025-9dfc00a67c5b,"",Forward,100043605238,1000012521431,11504,363.81,5.0,1258.0,0.0,1258.0,packet_delivered,0.0,0.0,0.0,0.0,0.0,0.0,0.0,0.0,NA,0,441.0
NFT-/XUTR/DEUTH026124A05FZX,33.57,0.0,0.0,1599.0,705.0,183.018,3.357,0.0,0.0,prepaid,0.671,106.0,0.0,0.0,0.0,125.08,-643.034,"",'132838778488653883703,2026-05-04,11102840208,51be108c-2010-4c54-bc94-06d7cda25a6d,100153519268,Reverse,100048111224,100048111224,11504,671.43,5.0,800.0,0.0,800.0,return_refund,0.0,0.0,0.0,0.0,0.0,0.0,0.0,0.0,NA,0,799.0
NFT-/XUTR/DEUTH026124A05FZX,38.33,0.0,0.0,1799.0,805.0,208.978,3.833,0.0,0.0,prepaid,0.767,0.0,0.0,27.0,0.0,31.86,559.562,"",'132811184528354693401,2026-05-04,11096951572,a57c5b12-5f8c-40c0-9803-584778c80aff,"",Forward,100042222612,100042222612,11504,766.67,5.0,900.0,0.0,900.0,packet_delivered,0.0,0.0,0.0,0.0,0.0,0.0,0.0,0.0,NA,0,899.0
NFT-/XUTR/DEUTH026124A05FZX,44.67,0.0,0.0,2999.0,53.26,13.826,0.254,0.0,0.0,prepaid,0.051,7.211,0.0,0.0,0.0,8.50898,-47.638,"",'132805615814401742603,2026-05-04,11095914467,d5a65f8e-3db9-4da3-a1c9-020bb7d1372e,11095914467,Reverse,100041185508,100041185508,11504,893.33,5.0,1890.0,0.0,1890.0,exchange,0.0,0.0,0.0,0.0,0.0,0.0,0.0,0.0,NA,0,1109.0
NFT-/XUTR/DEUTH026124A05FZX,39.81,0.0,0.0,2799.0,836.0,217.026,3.981,0.0,0.0,prepaid,0.796,0.0,0.0,27.0,0.0,31.86,582.337,"",'132793165206330398301,2026-05-04,11092932991,7ded387a-13fb-4dd1-b8e1-887efa477781,"",Forward,100038204035,1000011587451,11504,796.19,5.0,1792.0,0.0,1792.0,packet_delivered,0.0,0.0,0.0,0.0,0.0,0.0,0.0,0.0,NA,0,1007.0
NFT-/XUTR/DEUTH026124A05FZX,20.95,0.0,0.0,1850.0,440.0,20.768,2.095,0.0,0.0,prepaid,0.419,0.0,0.0,19.0,0.0,22.42,394.298,"",'132804644581668358201,2026-05-04,11095631712,ec7c0ba7-2457-474c-8e5f-322d0a22d8a8,"",Forward,100040902754,1000012162241,11504,419.05,5.0,1351.0,0.0,1351.0,packet_delivered,0.0,0.0,0.0,0.0,0.0,0.0,0.0,0.0,NA,0,499.0
NFT-/XUTR/DEUTH026124A05FZX,63.24,0.0,0.0,2999.0,1328.0,329.078,6.324,0.0,0.0,prepaid,1.265,167.0,0.0,0.0,0.0,197.06,-1188.393,"",'132788593273461440501,2026-05-04,11092009619,4f2daf69-05a2-4949-a3ff-f43664222e29,11092009619,Reverse,100037280664,100037280664,11504,1264.76,5.0,1500.0,0.0,1500.0,exchange,0.0,0.0,0.0,0.0,0.0,0.0,0.0,0.0,NA,0,1499.0
NFT-/XUTR/DEUTH026124A05FZX,33.57,0.0,0.0,1599.0,705.0,183.018,3.357,0.0,0.0,prepaid,0.671,0.0,0.0,27.0,0.0,31.86,486.094,"",'132830624631145008301,2026-05-04,11101127817,28d629ca-a4af-4c42-bd86-71cdf5faa69e,"",Forward,100046398845,100046398845,11504,671.43,5.0,800.0,0.0,800.0,packet_delivered,0.0,0.0,0.0,0.0,0.0,0.0,0.0,0.0,NA,0,799.0
NFT-/XUTR/DEUTH026124A05FZX,0.0,18.0,18.0,1699.0,756.0,196.258,0.0,1.8,1.8,prepaid,0.72,0.0,0.0,27.0,0.0,31.86,523.562,"",'132837674467160354501,2026-05-04,11102520707,51b63852-a762-414e-ba68-2a06934f849e,"",Forward,100047791734,1000013782739,11504,720,5.0,849.0,0.0,849.0,packet_delivered,0.0,0.0,0.0,0.0,0.0,0.0,0.0,0.0,NA,0,850.0
NFT-/XUTR/DEUTH026124A05FZX,34.05,0.0,0.0,1799.0,250.84,65.118,1.194,0.0,0.0,prepaid,0.239,0.0,0.0,9.472,0.0,11.17696,173.112,"",'132785983500102600603,2026-05-04,11091155123,37c98b7d-a46f-420f-9748-4bde25b6a970,"",Forward,100036426168,100036426168,11504,680.95,5.0,990.0,0.0,990.0,packet_delivered,0.0,0.0,0.0,0.0,0.0,0.0,0.0,0.0,NA,0,809.0
NFT-/XUTR/DEUTH026124A05FZX,67.76,0.0,0.0,2399.0,1423.0,335.828,6.776,0.0,0.0,prepaid,1.355,0.0,0.0,45.0,0.0,53.1,1025.941,"",'132837091764051561903,2026-05-04,11102336222,c7fc1ef8-ddae-4967-84a6-c7b2d516ab3f,"",Forward,100047607249,100047607249,11504,1355.24,5.0,805.0,0.0,805.0,packet_delivered,0.0,0.0,0.0,0.0,0.0,0.0,0.0,0.0,NA,0,1594.0
NFT-/XUTR/DEUTH026124A05FZX,34.67,0.0,0.0,1750.0,728.0,188.989,3.467,0.0,0.0,prepaid,0.693,106.0,0.0,0.0,0.0,125.08,-659.931,"",'132809999003624878303,2026-05-04,11096699807,e1f1ff86-cb4a-4385-9b5b-923395261a65,100152967348,Reverse,100041970848,100041970848,11504,693.33,5.0,928.0,0.0,928.0,return_refund,0.0,0.0,0.0,0.0,0.0,0.0,0.0,0.0,NA,0,822.0
NFT-/XUTR/DEUTH026124A05FZX,23.67,0.0,0.0,1599.0,497.00000000000006,23.458,2.367,0.0,0.0,prepaid,0.473,106.0,0.0,0.0,0.0,125.08,-595.782,"",'132810791280091434301,2026-05-04,11096853117,3f985cc5-741e-40de-abfc-eb6558a542de,100152231558,Reverse,100042124158,1000012094141,11504,473.33,5.0,1008.0,0.0,1008.0,return_refund,0.0,0.0,0.0,0.0,0.0,0.0,0.0,0.0,NA,0,591.0
NFT-/XUTR/DEUTH026124A05FZX,19.05,0.0,0.0,1499.0,400.0,18.88,1.905,0.0,0.0,prepaid,0.381,0.0,0.0,0.0,0.0,0.0,378.834,"",'132794390737493773103,2026-05-04,11093276308,9c9b045d-7f66-4f3a-b137-23ddbc67fe57,"",Forward,100038547352,100038547352,11504,380.95,5.0,1005.0,0.0,1005.0,packet_delivered,0.0,0.0,0.0,0.0,0.0,0.0,0.0,0.0,NA,0,494.0
NFT-/XUTR/DEUTH026124A05FZX,65.67,0.0,0.0,3299.0,1379.0,341.716,6.567,0.0,0.0,prepaid,1.313,0.0,0.0,45.0,0.0,53.1,976.304,"",'132822183598856813803,2026-05-04,11099334795,ac1c7459-3d03-4e11-9fc1-cba2ebc6c0b4,"",Forward,100044605829,100044605829,11504,1313.33,5.0,1749.0,0.0,1749.0,packet_delivered,0.0,0.0,0.0,0.0,0.0,0.0,0.0,0.0,NA,0,1549.99
NFT-/XUTR/DEUTH026124A05FZX,55.14,0.0,0.0,1899.0,1158.0,273.288,5.514,0.0,0.0,prepaid,1.103,0.0,0.0,45.0,0.0,53.1,824.995,"",'132776927835300280901,2026-05-04,11089041159,e09b8586-0074-46a7-9d05-518924b3def3,"",Forward,100034312211,100034312211,11504,1102.86,5.0,570.0,0.0,570.0,packet_delivered,0.0,0.0,0.0,0.0,0.0,0.0,0.0,0.0,NA,0,1329.0
NFT-/XUTR/DEUTH026124A05FZX,18.95,0.0,0.0,1699.0,398.0,18.786,1.895,0.0,0.0,prepaid,0.379,0.0,0.0,0.0,0.0,0.0,376.94,"",'132810563648277513201,2026-05-04,11096803437,8054be8a-fd08-4def-a7d1-819f7458b125,"",Forward,100042074478,1000012184473,11504,379.05,5.0,1207.0,0.0,1207.0,packet_delivered,0.0,0.0,0.0,0.0,0.0,0.0,0.0,0.0,NA,0,492.0
NFT-/XUTR/DEUTH026124A05FZX,18.48,0.0,0.0,1599.0,10.7,0.505,0.051,0.0,0.0,prepaid,0.01,0.0,0.0,0.0,0.0,0.0,10.134,"",'132815853445746654101,2026-05-04,11098249199,1098f191-e71b-421d-9ecd-17ff64ccce8e,"",Forward,100043520235,100043520235,11504,369.52,5.0,1152.0,0.0,1152.0,packet_delivered,0.0,0.0,0.0,0.0,0.0,0.0,0.0,0.0,NA,0,447.0
NFT-/XUTR/DEUTH026124A05FZX,66.43,0.0,0.0,3299.0,1395.0,345.681,6.643,0.0,0.0,prepaid,1.329,0.0,0.0,45.0,0.0,53.1,988.247,"",'132838791687297091501,2026-05-04,11102844694,4b1a54bb-6fd7-45a5-adea-1fdf4624a2cb,"",Forward,100048115710,100048115710,11504,1328.57,5.0,1733.0,0.0,1733.0,packet_delivered,0.0,0.0,0.0,0.0,0.0,0.0,0.0,0.0,NA,0,1566.0
NFT-/XUTR/DEUTH026124A05FZX,34.14,0.0,0.0,1599.0,717.0,186.133,3.414,0.0,0.0,prepaid,0.683,0.0,0.0,27.0,0.0,31.86,494.91,"",'132841773294290024103,2026-05-04,11103674003,6c313717-f7f9-47a6-bf65-4b406e83572f,"",Forward,100048945012,100048945012,11504,682.86,5.0,788.0,0.0,788.0,packet_delivered,0.0,0.0,0.0,0.0,0.0,0.0,0.0,0.0,NA,0,811.0
NFT-/XUTR/DEUTH026124A05FZX,63.24,0.0,0.0,2999.0,1328.0,329.078,6.324,0.0,0.0,prepaid,1.265,0.0,0.0,45.0,0.0,53.1,938.233,"",'132787490498997709203,2026-05-04,11091647213,bdc5db05-ec47-4716-b637-462e61cbf8fb,"",Forward,100036918258,100036918258,11504,1264.76,5.0,1500.0,0.0,1500.0,packet_delivered,0.0,0.0,0.0,0.0,0.0,0.0,0.0,0.0,NA,0,1499.0
NFT-/XUTR/DEUTH026124A05FZX,37.19,0.0,0.0,1750.0,781.0,202.748,3.719,0.0,0.0,prepaid,0.744,0.0,0.0,27.0,0.0,31.86,541.929,"",'132790277649703175201,2026-05-04,11092654840,23c852f8-8b23-4426-b66d-4ecb8a885682,"",Forward,100037925885,100037925885,11504,743.81,5.0,875.0,0.0,875.0,packet_delivered,0.0,0.0,0.0,0.0,0.0,0.0,0.0,0.0,NA,0,875.0
NFT-/XUTR/DEUTH026124A05FZX,33.57,0.0,0.0,1599.0,705.0,183.018,3.357,0.0,0.0,prepaid,0.671,0.0,0.0,27.0,0.0,31.86,486.094,"",'132814769370134934901,2026-05-04,11097877736,8608e16e-98ea-4783-8c83-36898f7fb516,"",Forward,100043148772,100043148772,11504,671.43,5.0,800.0,0.0,800.0,packet_delivered,0.0,0.0,0.0,0.0,0.0,0.0,0.0,0.0,NA,0,799.0
NFT-/XUTR/DEUTH026124A05FZX,0.0,32.83,32.83,3299.0,1379.0,341.716,0.0,3.2835,3.2835,prepaid,1.313,0.0,0.0,45.0,0.0,53.1,976.304,"",'132818907897375485403,2026-05-04,11098502129,71ba8983-0ca2-41bb-980b-a8359c5f9704,"",Forward,100043773165,100043773165,11504,1313.34,5.0,1749.0,0.0,1749.0,packet_delivered,0.0,0.0,0.0,0.0,0.0,0.0,0.0,0.0,NA,0,1549.9999999999998
NFT-/XUTR/DEUTH026124A05FZX,72.76,0.0,0.0,1699.0,1528.0,360.608,7.276,0.0,0.0,prepaid,1.455,0.0,0.0,45.0,0.0,53.1,1105.561,"",'132779979614267289703,2026-05-04,11089952303,7a7de517-e8f9-4083-856d-ab5b00c5777e,"",Forward,100035223354,100035223354,11504,1455.24,5.0,0.0,0.0,0.0,packet_delivered,0.0,0.0,0.0,0.0,0.0,0.0,0.0,0.0,NA,0,1699.01
NFT-/XUTR/DEUTH026124A05FZX,56.86,0.0,0.0,1950.0,1194.0,281.784,5.686,0.0,0.0,prepaid,1.137,0.0,0.0,45.0,0.0,53.1,852.293,"",'132819550026078729001,2026-05-04,11098641461,096caaf6-02b6-437d-a1fc-cb4b8664499c,"",Forward,100043912496,1000012654805,11504,1137.14,5.0,585.0,0.0,585.0,packet_delivered,0.0,0.0,0.0,0.0,0.0,0.0,0.0,0.0,NA,0,1365.0
NFT-/XUTR/DEUTH026124A05FZX,106.81,0.0,0.0,3499.0,2243.0,529.348,10.681,0.0,0.0,prepaid,2.136,167.0,0.0,0.0,0.0,197.06,-1897.895,"",'132782326578651112903,2026-05-04,11090515974,eeb4efd8-f72d-4739-88cd-0513bdbff460,100152549123,Reverse,100035787025,1000010989271,11504,2136.19,5.0,1050.0,0.0,1050.0,return_refund,0.0,0.0,0.0,0.0,0.0,0.0,0.0,0.0,NA,0,2449.0
NFT-/XUTR/DEUTH026124A05FZX,18.95,0.0,0.0,1699.0,397.99999999999994,18.786,1.895,0.0,0.0,prepaid,0.379,167.0,0.0,0.0,0.0,197.06,-574.0,"",'132786619803178637701,2026-05-04,11091366677,e1764aa1-30b8-463c-9893-a548005425f0,11091366677,Reverse,100036637722,100036637722,11504,379.05,5.0,1207.0,0.0,1207.0,exchange,0.0,0.0,0.0,0.0,0.0,0.0,0.0,0.0,NA,0,492.0
NFT-/XUTR/DEUTH026124A05FZX,63.24,0.0,0.0,2999.0,1328.0,329.078,6.324,0.0,0.0,prepaid,1.265,0.0,0.0,45.0,0.0,53.1,938.233,"",'132761757975261688401,2026-05-04,11085795903,647e73a1-4e87-4797-b432-c88d2cf651fe,"",Forward,100031066957,1000009169411,11504,1264.76,5.0,1500.0,0.0,1500.0,packet_delivered,0.0,0.0,0.0,0.0,0.0,0.0,0.0,0.0,NA,0,1499.0
NFT-/XUTR/DEUTH026124A05FZX,34.81,0.0,0.0,1650.0,731.0,189.768,3.481,0.0,0.0,prepaid,0.696,0.0,0.0,27.0,0.0,31.86,505.195,"",'132787762811089660201,2026-05-04,11091735267,ce5239f6-7bb6-4006-b148-3f7eb50f324e,"",Forward,100037006312,100037006312,11504,696.19,5.0,825.0,0.0,825.0,packet_delivered,0.0,0.0,0.0,0.0,0.0,0.0,0.0,0.0,NA,0,825.0
NFT-/XUTR/DEUTH026124A05FZX,63.24,0.0,0.0,2999.0,1328.0,329.078,6.324,0.0,0.0,prepaid,1.265,0.0,0.0,45.0,0.0,53.1,938.233,"",'132809873334736445403,2026-05-04,11096682566,c299deea-94c7-4ac2-8fbd-f1622f1e8cc7,"",Forward,100041953607,100041953607,11504,1264.76,5.0,1500.0,0.0,1500.0,packet_delivered,0.0,0.0,0.0,0.0,0.0,0.0,0.0,0.0,NA,0,1499.0
NFT-/XUTR/DEUTH026124A05FZX,0.0,22.76,22.76,2399.0,956.0,248.178,0.0,2.276,2.276,prepaid,0.91,0.0,0.0,27.0,0.0,31.86,670.5,"",'132824549701732629701,2026-05-04,11100104813,7316b95d-d0b2-434d-91a3-10b93c995ac3,"",Forward,100045375846,100045375846,11504,910.48,5.0,1272.0,0.0,1272.0,packet_delivered,0.0,0.0,0.0,0.0,0.0,0.0,0.0,0.0,NA,0,1127.0
NFT-/XUTR/DEUTH026124A05FZX,19.1,0.0,0.0,1599.0,401.00000000000006,18.927,1.91,0.0,0.0,prepaid,0.382,106.0,0.0,0.0,0.0,125.08,-504.861,"",'132812695201510161503,2026-05-04,11097349174,1842689f-fa2d-4a93-8648-52d4bc81c247,100153864489,Reverse,100042620214,1000012281764,11504,381.9,5.0,1104.0,0.0,1104.0,return_refund,0.0,0.0,0.0,0.0,0.0,0.0,0.0,0.0,NA,0,495.0
NFT-/XUTR/DEUTH026124A05FZX,36.0,0.0,0.0,2299.0,756.0,35.683,3.6,0.0,0.0,prepaid,0.72,106.0,0.0,0.0,0.0,125.08,-841.077,"",'132827466344072270401,2026-05-04,11100324176,6b182567-a772-493c-9e8f-7b960d4f66f9,100155872096,Reverse,100045595209,1000013226080,11504,720,5.0,1449.0,0.0,1449.0,return_refund,0.0,0.0,0.0,0.0,0.0,0.0,0.0,0.0,NA,0,850.0
NFT-/XUTR/DEUTH026124A05FZX,77.52,0.0,0.0,1799.0,1628.0,384.208,7.752,0.0,0.0,prepaid,1.55,0.0,0.0,45.0,0.0,53.1,1181.39,"",'132788382652578531603,2026-05-04,11091941705,4cf51ff0-dbd2-4c31-b426-0378e0d26a82,"",Forward,100037212750,1000010600500,11504,1550.48,5.0,0.0,0.0,0.0,packet_delivered,0.0,0.0,0.0,0.0,0.0,0.0,0.0,0.0,NA,0,1798.99
NFT-/XUTR/DEUTH026124A05FZX,23.67,0.0,0.0,1599.0,497.00000000000006,23.458,2.367,0.0,0.0,prepaid,0.473,106.0,0.0,0.0,0.0,125.08,-595.782,"",'132816380613170942503,2026-05-04,11098327439,316eb2c8-8c16-4f6b-8f93-ec75a94aeb88,11098327439,Reverse,100043598475,1000012512612,11504,473.33,5.0,1008.0,0.0,1008.0,exchange,0.0,0.0,0.0,0.0,0.0,0.0,0.0,0.0,NA,0,591.0
NFT-/XUTR/DEUTH026124A05FZX,23.67,0.0,0.0,1599.0,497.0,23.458,2.367,0.0,0.0,prepaid,0.473,0.0,0.0,27.0,0.0,31.86,438.842,"",'132779023951156137503,2026-05-04,11089675174,b629bbdc-799b-4752-ab35-0ccf97b3809c,"",Forward,100034946225,100034946225,11504,473.33,5.0,1008.0,0.0,1008.0,packet_delivered,0.0,0.0,0.0,0.0,0.0,0.0,0.0,0.0,NA,0,591.0
NFT-/XUTR/DEUTH026124A05FZX,62.29,0.0,0.0,3999.0,1308.0,324.122,6.229,0.0,0.0,prepaid,1.246,0.0,0.0,45.0,0.0,53.1,923.303,"",'132820928688258558703,2026-05-04,11098998203,0a0c577d-2ed3-43c6-8044-845d479b6cb9,"",Forward,100044269238,100044269238,11504,1245.71,5.0,2520.0,0.0,2520.0,packet_delivered,0.0,0.0,0.0,0.0,0.0,0.0,0.0,0.0,NA,0,1479.0
NFT-/XUTR/DEUTH026124A05FZX,18.57,0.0,0.0,1499.0,390.0,18.408,1.857,0.0,0.0,prepaid,0.371,127.0,0.0,0.0,0.0,149.86,-519.224,"",'132810014806029910701,2026-05-04,11096702130,365ea37a-9cd7-4d71-b395-c063eefe09e8,100152819275,Reverse,100041973171,100041973171,11504,371.43,5.0,1050.0,0.0,1050.0,return_refund,0.0,0.0,0.0,0.0,0.0,0.0,0.0,0.0,NA,0,449.0
NFT-/XUTR/DEUTH026124A05FZX,45.14,0.0,0.0,1599.0,948.0,246.101,4.514,0.0,0.0,prepaid,0.903,0.0,0.0,27.0,0.0,31.86,664.622,"",'132777274134498274003,2026-05-04,11089155849,a83781a2-babf-4b09-a1a7-52db1ecb512d,"",Forward,100034426901,100034426901,11504,902.86,5.0,480.0,0.0,480.0,packet_delivered,0.0,0.0,0.0,0.0,0.0,0.0,0.0,0.0,NA,0,1119.0
NFT-/XUTR/DEUTH026124A05FZX,32.43,0.0,0.0,1650.0,681.0,176.788,3.243,0.0,0.0,prepaid,0.649,0.0,0.0,27.0,0.0,31.86,468.46,"",'132779062943563498001,2026-05-04,11089686339,209f604c-6be5-4e06-be9c-d1a12dabcb08,"",Forward,100034957390,100034957390,11504,648.57,5.0,875.0,0.0,875.0,packet_delivered,0.0,0.0,0.0,0.0,0.0,0.0,0.0,0.0,NA,0,775.0
NFT-/XUTR/DEUTH026124A05FZX,51.81,0.0,0.0,1799.0,157.921,37.269,0.752,0.0,0.0,prepaid,0.15,0.0,0.0,6.532,0.0,7.70776,112.042,"",'132794071768883797103,2026-05-04,11093182666,5bf36b04-5678-4c12-a12f-b38a2145a209,"",Forward,100038453710,100038453710,11504,1036.19,5.0,540.0,0.0,540.0,packet_delivered,0.0,0.0,0.0,0.0,0.0,0.0,0.0,0.0,NA,0,1259.01
NFT-/XUTR/DEUTH026124A05FZX,33.57,0.0,0.0,1599.0,705.0,183.018,3.357,0.0,0.0,prepaid,0.671,0.0,0.0,27.0,0.0,31.86,486.094,"",'132797461312911983303,2026-05-04,11094141793,cf3b8c8d-f87d-431d-8192-e7f32d0d18d4,"",Forward,100039412835,100039412835,11504,671.43,5.0,800.0,0.0,800.0,packet_delivered,0.0,0.0,0.0,0.0,0.0,0.0,0.0,0.0,NA,0,799.0
NFT-/XUTR/DEUTH026124A05FZX,40.71,0.0,0.0,2499.0,855.0,221.958,4.071,0.0,0.0,prepaid,0.814,0.0,0.0,27.0,0.0,31.86,596.297,"",'132784213752764877601,2026-05-04,11090636537,eb2af44a-7076-4cad-8122-9668446e2f63,"",Forward,100035907588,100035907588,11504,814.29,5.0,1550.0,0.0,1550.0,packet_delivered,0.0,0.0,0.0,0.0,0.0,0.0,0.0,0.0,NA,0,949.0
NFT-/XUTR/DEUTH026124A05FZX,60.86,0.0,0.0,2899.0,1278.0,316.688,6.086,0.0,0.0,prepaid,1.217,0.0,0.0,45.0,0.0,53.1,900.909,"",'132786181049304331501,2026-05-04,11091221668,021cb054-7c0f-4096-bc1a-2d19f06ca82f,"",Forward,100036492713,100036492713,11504,1217.14,5.0,1450.0,0.0,1450.0,packet_delivered,0.0,0.0,0.0,0.0,0.0,0.0,0.0,0.0,NA,0,1449.0
NFT-/XUTR/DEUTH026124A05FZX,40.24,0.0,0.0,1999.0,845.0,219.362,4.024,0.0,0.0,prepaid,0.805,0.0,0.0,27.0,0.0,31.86,588.949,"",'132795368843038109003,2026-05-04,11093558222,afec9745-c3dd-4b74-b8ab-19a44606778b,"",Forward,100038829266,1000012152204,11504,804.76,5.0,1060.0,0.0,1060.0,packet_delivered,0.0,0.0,0.0,0.0,0.0,0.0,0.0,0.0,NA,0,939.0
NFT-/XUTR/DEUTH026124A05FZX,60.86,0.0,0.0,2899.0,1278.0,316.688,6.086,0.0,0.0,prepaid,1.217,0.0,0.0,45.0,0.0,53.1,900.909,"",'132814061605224162601,2026-05-04,11097690587,3ddd59b9-a16c-4faa-99c6-6de27085bd42,"",Forward,100042961623,100042961623,11504,1217.14,5.0,1450.0,0.0,1450.0,packet_delivered,0.0,0.0,0.0,0.0,0.0,0.0,0.0,0.0,NA,0,1449.0
NFT-/XUTR/DEUTH026124A05FZX,0.0,24.24,24.24,1699.0,1018.0,240.248,0.0,2.424,2.424,prepaid,0.97,0.0,0.0,45.0,0.0,53.1,718.834,"",'132824618506902704103,2026-05-04,11100118717,73df1d23-d320-4fe5-8aa2-18c480c1f70f,"",Forward,100045389750,100045389750,11504,969.52,5.0,510.0,0.0,510.0,packet_delivered,0.0,0.0,0.0,0.0,0.0,0.0,0.0,0.0,NA,0,1189.0
NFT-/XUTR/DEUTH026124A05FZX,19.05,0.0,0.0,1499.0,400.0,18.88,1.905,0.0,0.0,prepaid,0.381,0.0,0.0,0.0,0.0,0.0,378.834,"",'132780990844684599903,2026-05-04,11090290587,79a50e84-8bac-4fdf-9765-c9ad91d7111f,"",Forward,100035561638,100035561638,11504,380.95,5.0,1005.0,0.0,1005.0,packet_delivered,0.0,0.0,0.0,0.0,0.0,0.0,0.0,0.0,NA,0,494.0
NFT-/XUTR/DEUTH026124A05FZX,24.57,0.0,0.0,1650.0,516.0,133.954,2.457,0.0,0.0,prepaid,0.491,0.0,0.0,27.0,0.0,31.86,347.238,"",'132790423379005187403,2026-05-04,11092682202,f56f12f3-08e7-4873-8894-f9e3f8c2cc38,"",Forward,100037953247,1000011586473,11504,491.43,5.0,1040.0,0.0,1040.0,packet_delivered,0.0,0.0,0.0,0.0,0.0,0.0,0.0,0.0,NA,0,610.0
NFT-/XUTR/DEUTH026124A05FZX,46.86,0.0,0.0,1650.0,984.0,255.44600000000003,4.686,0.0,0.0,prepaid,0.937,182.0,0.0,0.0,0.0,214.76,-937.691,"",'132827946826604687101,2026-05-04,11100417577,430e75e9-c303-4f23-b4f1-14662f6a94ac,100153372068,Reverse,100045688610,100045688610,11504,937.14,5.0,495.0,0.0,495.0,return_refund,0.0,0.0,0.0,0.0,0.0,0.0,0.0,0.0,NA,0,1155.0
NFT-/XUTR/DEUTH026124A05FZX,58.43,0.0,0.0,2899.0,1227.0,304.051,5.843,0.0,0.0,prepaid,1.169,106.0,0.0,0.0,0.0,125.08,-1041.017,"",'132839893307781036303,2026-05-04,11103135944,a3e6c824-3c9f-40c9-8136-0987e6bb4a2f,100153548829,Reverse,100048406953,1000014288109,11504,1168.57,5.0,1501.0,0.0,1501.0,return_refund,0.0,0.0,0.0,0.0,0.0,0.0,0.0,0.0,NA,0,1397.99
NFT-/XUTR/DEUTH026124A05FZX,44.67,0.0,0.0,2999.0,938.0,243.505,4.467,0.0,0.0,prepaid,0.893,0.0,0.0,27.0,0.0,31.86,657.275,"",'132815483985086277701,2026-05-04,11098137127,d7435291-cdd9-4999-8873-f251126e239b,"",Forward,100043408163,100043408163,11504,893.33,5.0,1890.0,0.0,1890.0,packet_delivered,0.0,0.0,0.0,0.0,0.0,0.0,0.0,0.0,NA,0,1109.0
NFT-/XUTR/DEUTH026124A05FZX,30.71,0.0,0.0,1999.0,511.518,132.79,2.436,0.0,0.0,prepaid,0.487,0.0,0.0,21.412,0.0,25.26616,350.539,"",'132816155439605669201,2026-05-04,11098302740,d7adc322-d5af-4075-a388-7a2f1002d536,"",Forward,100043573776,100043573776,11504,614.29,5.0,1260.0,0.0,1260.0,packet_delivered,0.0,0.0,0.0,0.0,0.0,0.0,0.0,0.0,NA,0,738.99
NFT-/XUTR/DEUTH026124A05FZX,63.24,0.0,0.0,2999.0,1328.0,329.078,6.324,0.0,0.0,prepaid,1.265,0.0,0.0,45.0,0.0,53.1,938.233,"",'132795135789559475303,2026-05-04,11093490633,c2f432d3-dd50-4ce4-9d76-294e5471373f,"",Forward,100038761677,1000012132179,11504,1264.76,5.0,1500.0,0.0,1500.0,packet_delivered,0.0,0.0,0.0,0.0,0.0,0.0,0.0,0.0,NA,0,1499.0
NFT-/XUTR/DEUTH026124A05FZX,502.32,0.0,0.0,4999.0,3293.0,777.148,13.953,0.0,0.0,prepaid,2.791,0.0,0.0,61.0,0.0,71.98,2427.128,"",'132776506683225139301,2026-05-04,11088903263,0a49967e-e3ab-477e-9db3-e273cdb6fe39,"",Forward,100034174315,100034174315,11504,2790.68,18.0,1500.0,0.0,1500.0,packet_delivered,0.0,0.0,0.0,0.0,0.0,0.0,0.0,0.0,NA,0,3499.0
NFT-/XUTR/DEUTH026124A05FZX,36.48,0.0,0.0,2899.0,766.0,36.155,3.648,0.0,0.0,prepaid,0.73,0.0,0.0,27.0,0.0,31.86,693.607,"",'132796452240259176001,2026-05-04,11093859174,c2c880fa-56cd-451a-bb8d-e0cecb3f8d7d,"",Forward,100039130216,100039130216,11504,729.52,5.0,2039.0,0.0,2039.0,packet_delivered,0.0,0.0,0.0,0.0,0.0,0.0,0.0,0.0,NA,0,860.0
NFT-/XUTR/DEUTH026124A05FZX,32.91,0.0,0.0,1699.0,691.0,179.384,3.29,0.0,0.0,prepaid,0.658,0.0,0.0,27.0,0.0,31.86,475.808,"",'132840382190000614603,2026-05-04,11103261443,9420e6b3-b4c5-4a64-ba2d-d576cea203e3,"",Forward,100048532452,100048532452,11504,658.1,5.0,914.0,0.0,914.0,packet_delivered,0.0,0.0,0.0,0.0,0.0,0.0,0.0,0.0,NA,0,785.01
NFT-/XUTR/DEUTH026124A05FZX,18.95,0.0,0.0,1699.0,398.0,18.786,1.895,0.0,0.0,prepaid,0.379,0.0,0.0,0.0,0.0,0.0,376.94,"",'132841152449953979803,2026-05-04,11103485068,40a52f8f-0bcb-4eb7-abd5-5b3b0a4770cc,"",Forward,100048756077,100048756077,11504,379.05,5.0,1207.0,0.0,1207.0,packet_delivered,0.0,0.0,0.0,0.0,0.0,0.0,0.0,0.0,NA,0,492.0
NFT-/XUTR/DEUTH026124A05FZX,23.67,0.0,0.0,1599.0,497.0,23.458,2.367,0.0,0.0,prepaid,0.473,0.0,0.0,27.0,0.0,31.86,438.842,"",'132786030328671500201,2026-05-04,11091171055,be9f878f-af55-442f-ab95-4bf2fa357b34,"",Forward,100036442100,100036442100,11504,473.33,5.0,1008.0,0.0,1008.0,packet_delivered,0.0,0.0,0.0,0.0,0.0,0.0,0.0,0.0,NA,0,591.0
NFT-/XUTR/DEUTH026124A05FZX,425.9,0.0,0.0,2999.0,2792.0,658.912,11.831,0.0,0.0,prepaid,2.366,0.0,0.0,61.0,0.0,71.98,2046.911,"",'132798220736530419501,2026-05-04,11094409468,7f113f99-d7e8-45db-84e5-62f6ddd26599,"",Forward,100039680510,100039680510,11504,2366.1,18.0,1.0,0.0,1.0,packet_delivered,0.0,0.0,0.0,0.0,0.0,0.0,0.0,0.0,NA,0,2998.0
NFT-/XUTR/DEUTH026124A05FZX,39.52,0.0,0.0,2499.0,830.0,215.468,3.952,0.0,0.0,prepaid,0.79,0.0,0.0,27.0,0.0,31.86,577.93,"",'132804876943334830303,2026-05-04,11095694259,349c9680-68cf-407c-8e75-ec5491213480,"",Forward,100040965300,100040965300,11504,790.48,5.0,1575.0,0.0,1575.0,packet_delivered,0.0,0.0,0.0,0.0,0.0,0.0,0.0,0.0,NA,0,924.0
NFT-/XUTR/DEUTH026124A05FZX,23.67,0.0,0.0,1599.0,496.99999999999994,23.458,2.367,0.0,0.0,prepaid,0.473,167.0,0.0,0.0,0.0,197.06,-667.762,"",'132776478851126481901,2026-05-04,11088894224,31398320-b57f-4585-8bfc-cca7d5e34124,100152141352,Reverse,100034165276,1000009727914,11504,473.33,5.0,1008.0,0.0,1008.0,return_refund,0.0,0.0,0.0,0.0,0.0,0.0,0.0,0.0,NA,0,591.0
NFT-/XUTR/DEUTH026124A05FZX,18.95,0.0,0.0,1699.0,398.0,18.786,1.895,0.0,0.0,prepaid,0.379,0.0,0.0,0.0,0.0,0.0,376.94,"",'132788051858884926901,2026-05-04,11091830907,806ca848-e0e3-4072-b4d5-b363b7556617,"",Forward,100037101952,1000010586939,11504,379.05,5.0,1207.0,0.0,1207.0,packet_delivered,0.0,0.0,0.0,0.0,0.0,0.0,0.0,0.0,NA,0,492.0
NFT-/XUTR/DEUTH026124A05FZX,33.57,0.0,0.0,2799.0,705.0,33.276,3.357,0.0,0.0,prepaid,0.671,0.0,0.0,27.0,0.0,31.86,635.836,"",'132833454480295448901,2026-05-04,11101900718,499a196a-a8ba-4ab7-9fb9-2a9bddb7ff9b,"",Forward,100047171745,1000013782167,11504,671.43,5.0,2000.0,0.0,2000.0,packet_delivered,0.0,0.0,0.0,0.0,0.0,0.0,0.0,0.0,NA,0,799.0
NFT-/XUTR/DEUTH026124A05FZX,23.0,0.0,0.0,1650.0,483.00000000000006,22.798,2.3,0.0,0.0,prepaid,0.46,106.0,0.0,0.0,0.0,125.08,-582.522,"",'132819072730691057901,2026-05-04,11098535102,1ed012ef-048e-42f7-bb1e-7696ef2ee200,100152359097,Reverse,100043806137,1000012603915,11504,460,5.0,1073.0,0.0,1073.0,return_refund,0.0,0.0,0.0,0.0,0.0,0.0,0.0,0.0,NA,0,577.0
NFT-/XUTR/DEUTH026124A05FZX,30.71,0.0,0.0,1999.0,645.0,30.443999999999996,3.071,0.0,0.0,prepaid,0.614,0.0,0.0,27.0,0.0,31.86,579.011,"",'132784818579875048101,2026-05-04,11090770332,a10d6840-483a-42fe-8ddd-df8cf9aaef80,"",Forward,100036041379,100036041379,11504,614.29,5.0,1260.0,0.0,1260.0,packet_delivered,0.0,0.0,0.0,0.0,0.0,0.0,0.0,0.0,NA,0,739.0
NFT-/XUTR/DEUTH026124A05FZX,68.0,0.0,0.0,3199.0,1428.0,353.858,6.8,0.0,0.0,prepaid,1.36,0.0,0.0,45.0,0.0,53.1,1012.882,"",'132815386429828082101,2026-05-04,11098098959,bd61102f-3048-487e-a0e8-12f90467d33c,"",Forward,100043369995,100043369995,11504,1360,5.0,1600.0,0.0,1600.0,packet_delivered,0.0,0.0,0.0,0.0,0.0,0.0,0.0,0.0,NA,0,1598.98
NFT-/XUTR/DEUTH026124A05FZX,19.1,0.0,0.0,1599.0,401.0,18.927,1.91,0.0,0.0,prepaid,0.382,0.0,0.0,15.0,0.0,17.7,362.081,"",'132801546446344490503,2026-05-04,11094764366,80c87127-5d7c-447a-8865-7d0edc23bfd0,"",Forward,100040035408,100040035408,11504,381.9,5.0,1104.0,0.0,1104.0,packet_delivered,0.0,0.0,0.0,0.0,0.0,0.0,0.0,0.0,NA,0,495.0
NFT-/XUTR/DEUTH026124A05FZX,58.95,0.0,0.0,2999.0,107.311,26.592,0.511,0.0,0.0,prepaid,0.102,0.0,0.0,3.901,0.0,4.60318,75.503,"",'132823245830202737903,2026-05-04,11099641333,35b85432-4baa-4bf1-b02d-98a5b0cd642f,"",Forward,100044912367,100044912367,11504,1179.05,5.0,1590.0,0.0,1590.0,packet_delivered,0.0,0.0,0.0,0.0,0.0,0.0,0.0,0.0,NA,0,1409.01
NFT-/XUTR/DEUTH026124A05FZX,27.19,0.0,0.0,1799.0,571.0,148.232,2.719,0.0,0.0,prepaid,0.544,127.0,0.0,0.0,0.0,149.86,-569.365,"",'132800624036541203301,2026-05-04,11094668202,fe0c9254-e262-4d2e-b135-7fcfd56efdfe,11094668202,Reverse,100039939244,100039939244,11504,543.81,5.0,1134.0,0.0,1134.0,exchange,0.0,0.0,0.0,0.0,0.0,0.0,0.0,0.0,NA,0,665.0
NFT-/XUTR/DEUTH026124A05FZX,44.67,0.0,0.0,2999.0,938.0,243.505,4.467,0.0,0.0,prepaid,0.893,182.0,0.0,0.0,0.0,214.76,-903.895,"",'132802844325381434201,2026-05-04,11095111442,a14ac151-0189-4c5a-8367-93224e86a62d,100152556863,Reverse,100040382484,100040382484,11504,893.33,5.0,1890.0,0.0,1890.0,return_refund,0.0,0.0,0.0,0.0,0.0,0.0,0.0,0.0,NA,0,1109.0
NFT-/XUTR/DEUTH026124A05FZX,51.71,0.0,0.0,3399.0,1086.0,269.111,5.171,0.0,0.0,prepaid,1.034,0.0,0.0,45.0,0.0,53.1,757.584,"",'132807050824148222901,2026-05-04,11096442477,f1ff6685-fc24-436a-8f55-e585b6f4eba7,"",Forward,100041713518,1000012151900,11504,1034.29,5.0,2142.0,0.0,2142.0,packet_delivered,0.0,0.0,0.0,0.0,0.0,0.0,0.0,0.0,NA,0,1257.0
NFT-/XUTR/DEUTH026124A05FZX,28.81,0.0,0.0,1399.0,605.0,42.834,2.881,0.0,0.0,prepaid,0.576,0.0,0.0,27.0,0.0,31.86,526.849,"",'132813381745422423201,2026-05-04,11097521701,99b8067b-92a1-4f20-ba76-95761ed28cdd,"",Forward,100042792737,1000012702596,11504,576.19,5.0,700.0,0.0,700.0,packet_delivered,0.0,0.0,0.0,0.0,0.0,0.0,0.0,0.0,NA,0,699.0
NFT-/XUTR/DEUTH026124A05FZX,68.48,0.0,0.0,2299.0,1438.0,339.368,6.848,0.0,0.0,prepaid,1.37,182.0,0.0,0.0,0.0,214.76,-1305.174,"",'132795539244069280603,2026-05-04,11093606838,8e477f50-9c2b-4ab9-a6d9-eabaea7f0272,100153180169,Reverse,100038877882,100038877882,11504,1369.52,5.0,690.0,0.0,690.0,return_refund,0.0,0.0,0.0,0.0,0.0,0.0,0.0,0.0,NA,0,1609.0
NFT-/XUTR/DEUTH026124A05FZX,0.0,43.52,43.52,3999.0,1828.0,474.549,0.0,4.3525,4.3525,prepaid,1.741,0.0,0.0,45.0,0.0,53.1,1289.905,"",'132810287497470879203,2026-05-04,11096747829,93a56396-ace8-4177-8f87-0a369f390500,"",Forward,100042018870,100042018870,11504,1740.96,5.0,2000.0,0.0,2000.0,packet_delivered,0.0,0.0,0.0,0.0,0.0,0.0,0.0,0.0,NA,0,1999.0
NFT-/XUTR/DEUTH026124A05FZX,58.48,0.0,0.0,1999.0,1228.0,289.808,5.848,0.0,0.0,prepaid,1.17,0.0,0.0,45.0,0.0,53.1,878.074,"",'132827839374541011801,2026-05-04,11100394205,5355fcce-23b0-430f-8487-8f8462d4dd1a,"",Forward,100045665238,100045665238,11504,1169.52,5.0,600.0,0.0,600.0,packet_delivered,0.0,0.0,0.0,0.0,0.0,0.0,0.0,0.0,NA,0,1399.0
NFT-/XUTR/DEUTH026124A05FZX,38.33,0.0,0.0,1799.0,805.0,208.978,3.833,0.0,0.0,prepaid,0.767,0.0,0.0,27.0,0.0,31.86,559.562,"",'132828917139690914103,2026-05-04,11100688759,08d5bd52-c552-4896-a4fa-556652c875af,"",Forward,100045959792,100045959792,11504,766.67,5.0,900.0,0.0,900.0,packet_delivered,0.0,0.0,0.0,0.0,0.0,0.0,0.0,0.0,NA,0,898.99
NFT-/XUTR/DEUTH026124A05FZX,24.57,0.0,0.0,1650.0,516.0,133.954,2.457,0.0,0.0,prepaid,0.491,182.0,0.0,0.0,0.0,214.76,-593.858,"",'132815965374439561103,2026-05-04,11098271977,e9593354-d32a-4fee-a186-02507934685f,100153352303,Reverse,100043543013,1000012721042,11504,491.43,5.0,1040.0,0.0,1040.0,return_refund,0.0,0.0,0.0,0.0,0.0,0.0,0.0,0.0,NA,0,610.0
NFT-/XUTR/DEUTH026124A05FZX,41.19,0.0,0.0,2999.0,865.0,224.554,4.119,0.0,0.0,prepaid,0.824,106.0,0.0,0.0,0.0,125.08,-760.583,"",'132818550824556999301,2026-05-04,11098441694,dd55303a-abc0-4791-aeed-5919d8e17947,100152381912,Reverse,100043712730,100043712730,11504,823.81,5.0,2040.0,0.0,2040.0,return_refund,0.0,0.0,0.0,0.0,0.0,0.0,0.0,0.0,NA,0,959.0
NFT-/XUTR/DEUTH026124A05FZX,68.0,0.0,0.0,3199.0,1428.0,353.858,6.8,0.0,0.0,prepaid,1.36,0.0,0.0,45.0,0.0,53.1,1012.882,"",'132795892466922425301,2026-05-04,11093706010,f94dcbdd-984f-400d-ac6c-5912a82a7305,"",Forward,100038977054,1000012124803,11504,1360,5.0,1600.0,0.0,1600.0,packet_delivered,0.0,0.0,0.0,0.0,0.0,0.0,0.0,0.0,NA,0,1599.0
NFT-/XUTR/DEUTH026124A05FZX,48.48,0.0,0.0,1699.0,1018.0,240.248,4.848,0.0,0.0,prepaid,0.97,0.0,0.0,45.0,0.0,53.1,718.834,"",'132796911700417394103,2026-05-04,11093981673,01c242a4-a61e-4faa-96c5-9137241e6167,"",Forward,100039252715,100039252715,11504,969.52,5.0,510.0,0.0,510.0,packet_delivered,0.0,0.0,0.0,0.0,0.0,0.0,0.0,0.0,NA,0,1189.0
NFT-/XUTR/DEUTH026124A05FZX,34.14,0.0,0.0,1599.0,717.0,186.133,3.414,0.0,0.0,prepaid,0.683,106.0,0.0,0.0,0.0,125.08,-651.85,"",'132841773294290024103,2026-05-04,11103674003,6c313717-f7f9-47a6-bf65-4b406e83572f,100154818068,Reverse,100048945012,100048945012,11504,682.86,5.0,788.0,0.0,788.0,return_refund,0.0,0.0,0.0,0.0,0.0,0.0,0.0,0.0,NA,0,811.0
NFT-/XUTR/DEUTH026124A05FZX,81.33,0.0,0.0,3999.0,1708.0,423.242,8.133,0.0,0.0,prepaid,1.627,0.0,0.0,45.0,0.0,53.1,1221.898,"",'132798356499712055801,2026-05-04,11094460346,d9715c3b-ccd2-4ce6-b460-4b9e14fd1309,"",Forward,100039731388,100039731388,11504,1626.67,5.0,2120.0,0.0,2120.0,packet_delivered,0.0,0.0,0.0,0.0,0.0,0.0,0.0,0.0,NA,0,1879.0
NFT-/XUTR/DEUTH026124A05FZX,19.05,0.0,0.0,1499.0,2.13,0.101,0.01,0.0,0.0,prepaid,0.002,0.0,0.0,0.0,0.0,0.0,2.017,"",'132777706544374153901,2026-05-04,11089287896,fe01c67b-8c8d-4e4d-a049-79380cf3e274,"",Forward,100034558948,100034558948,11504,380.95,5.0,1005.0,0.0,1005.0,packet_delivered,0.0,0.0,0.0,0.0,0.0,0.0,0.0,0.0,NA,0,494.01
NFT-/XUTR/DEUTH026124A05FZX,77.52,0.0,0.0,3999.0,1628.0,422.629,7.752,0.0,0.0,prepaid,1.55,0.0,0.0,45.0,0.0,53.1,1142.969,"",'132805728025807731301,2026-05-04,11095951599,8d472959-4030-4714-8706-9c813c7d86bb,"",Forward,100041222640,1000011804133,11504,1550.48,5.0,2200.0,0.0,2200.0,packet_delivered,0.0,0.0,0.0,0.0,0.0,0.0,0.0,0.0,NA,0,1799.0
NFT-/XUTR/DEUTH026124A05FZX,70.38,0.0,0.0,3299.0,269.98,66.901,1.286,0.0,0.0,prepaid,0.257,0.0,0.0,8.22,0.0,9.6996,191.836,"",'132812986884252139701,2026-05-04,11097423999,c171cd25-e062-4849-b48d-611a5c4680a8,"",Forward,100042695039,100042695039,11504,1407.62,5.0,1650.0,0.0,1650.0,packet_delivered,0.0,0.0,0.0,0.0,0.0,0.0,0.0,0.0,NA,0,1649.0
NFT-/XUTR/DEUTH026124A05FZX,70.38,0.0,0.0,3299.0,1478.0,366.248,7.038,0.0,0.0,prepaid,1.408,182.0,0.0,0.0,0.0,214.76,-1318.066,"",'132798687621301378903,2026-05-04,11094551595,fe1df93b-677e-4949-b34b-3fc7838a6c56,100152543898,Reverse,100039822637,1000011600909,11504,1407.62,5.0,1650.0,0.0,1650.0,return_refund,0.0,0.0,0.0,0.0,0.0,0.0,0.0,0.0,NA,0,1649.0
NFT-/XUTR/DEUTH026124A05FZX,40.71,0.0,0.0,1899.0,855.0,221.958,4.071,0.0,0.0,prepaid,0.814,0.0,0.0,27.0,0.0,31.86,596.297,"",'132789077879389620201,2026-05-04,11092185968,098428a3-a8ae-46ab-b0b5-f2c9844af2b5,"",Forward,100037457013,100037457013,11504,814.29,5.0,950.0,0.0,950.0,packet_delivered,0.0,0.0,0.0,0.0,0.0,0.0,0.0,0.0,NA,0,949.0
NFT-/XUTR/DEUTH026124A05FZX,0.0,19.17,19.17,1799.0,805.0,208.978,0.0,1.9165,1.9165,prepaid,0.767,0.0,0.0,27.0,0.0,31.86,559.562,"",'132832341850159804501,2026-05-04,11101587338,eedd5959-7f38-4a0b-b608-924da92a9a35,"",Forward,100046858365,100046858365,11504,766.66,5.0,900.0,0.0,900.0,packet_delivered,0.0,0.0,0.0,0.0,0.0,0.0,0.0,0.0,NA,0,898.9999999999999
NFT-/XUTR/DEUTH026124A05FZX,41.38,0.0,0.0,1899.0,869.0,225.592,4.138,0.0,0.0,prepaid,0.828,0.0,0.0,27.0,0.0,31.86,606.582,"",'132844677026072692103,2026-05-04,11103915060,f2672544-b718-4f8b-959b-c9dfd51b8f38,"",Forward,100049186069,100049186069,11504,827.62,5.0,936.0,0.0,936.0,packet_delivered,0.0,0.0,0.0,0.0,0.0,0.0,0.0,0.0,NA,0,963.0
NFT-/XUTR/DEUTH026124A05FZX,63.24,0.0,0.0,2999.0,1328.0,329.078,6.324,0.0,0.0,prepaid,1.265,127.0,0.0,0.0,0.0,149.86,-1141.193,"",'132813466341303223201,2026-05-04,11097542153,05a334ec-b8cd-4dfe-9f39-99193af28e35,100152782893,Reverse,100042813189,1000012693691,11504,1264.76,5.0,1500.0,0.0,1500.0,return_refund,0.0,0.0,0.0,0.0,0.0,0.0,0.0,0.0,NA,0,1499.0
NFT-/XUTR/DEUTH026124A05FZX,39.52,0.0,0.0,2499.0,830.0,215.468,3.952,0.0,0.0,prepaid,0.79,0.0,0.0,27.0,0.0,31.86,577.93,"",'132778494358990210401,2026-05-04,11089520260,1ab27ad0-e2e2-4b19-8a02-b28b5617bf1f,"",Forward,100034791311,100034791311,11504,790.48,5.0,1575.0,0.0,1575.0,packet_delivered,0.0,0.0,0.0,0.0,0.0,0.0,0.0,0.0,NA,0,924.0
NFT-/XUTR/DEUTH026124A05FZX,45.38,0.0,0.0,2499.0,953.0,247.399,4.538,0.0,0.0,prepaid,0.908,0.0,0.0,27.0,0.0,31.86,668.295,"",'132789443631532846801,2026-05-04,11092342531,ef28c103-35f5-4927-a577-1ed4bd581724,"",Forward,100037613576,100037613576,11504,907.62,5.0,1375.0,0.0,1375.0,packet_delivered,0.0,0.0,0.0,0.0,0.0,0.0,0.0,0.0,NA,0,1124.0
NFT-/XUTR/DEUTH026124A05FZX,42.43,0.0,0.0,2899.0,891.0,231.304,4.243,0.0,0.0,prepaid,0.849,0.0,0.0,27.0,0.0,31.86,622.744,"",'132769907404337955501,2026-05-04,11087600707,a01d3758-3b7d-4027-ab84-8b1ea6b426f1,"",Forward,100032871760,100032871760,11504,848.57,5.0,1914.0,0.0,1914.0,packet_delivered,0.0,0.0,0.0,0.0,0.0,0.0,0.0,0.0,NA,0,985.0
NFT-/XUTR/DEUTH026124A05FZX,63.24,0.0,0.0,2999.0,1328.0,329.078,6.324,0.0,0.0,prepaid,1.265,0.0,0.0,45.0,0.0,53.1,938.233,"",'132841528651242724501,2026-05-04,11103605484,923f00b0-efdd-4c4b-9089-f937a40524a6,"",Forward,100048876493,100048876493,11504,1264.76,5.0,1500.0,0.0,1500.0,packet_delivered,0.0,0.0,0.0,0.0,0.0,0.0,0.0,0.0,NA,0,1499.0
NFT-/XUTR/DEUTH026124A05FZX,27.19,0.0,0.0,1799.0,571.0,148.232,2.719,0.0,0.0,prepaid,0.544,0.0,0.0,27.0,0.0,31.86,387.645,"",'132772316540504152803,2026-05-04,11088310780,01d42a81-41b3-4ef9-8742-7ac79690b6d5,"",Forward,100033581833,100033581833,11504,543.81,5.0,1134.0,0.0,1134.0,packet_delivered,0.0,0.0,0.0,0.0,0.0,0.0,0.0,0.0,NA,0,665.0
NFT-/XUTR/DEUTH026124A05FZX,70.38,0.0,0.0,3299.0,1478.0,366.248,7.038,0.0,0.0,prepaid,1.408,0.0,0.0,45.0,0.0,53.1,1050.206,"",'132810974149158740703,2026-05-04,11096897794,cc63b296-66bb-45d2-bbf4-313da15cc721,"",Forward,100042168834,100042168834,11504,1407.62,5.0,1650.0,0.0,1650.0,packet_delivered,0.0,0.0,0.0,0.0,0.0,0.0,0.0,0.0,NA,0,1649.0
NFT-/XUTR/DEUTH026124A05FZX,82.29,0.0,0.0,1899.0,1728.0,407.808,8.229,0.0,0.0,prepaid,1.646,127.0,0.0,0.0,0.0,149.86,-1460.177,"",'132793924764514469401,2026-05-04,11093140270,edf756f2-0fea-4bd5-aacd-effe5d5cabcf,11093140270,Reverse,100038411314,100038411314,11504,1645.71,5.0,0.0,0.0,0.0,exchange,0.0,0.0,0.0,0.0,0.0,0.0,0.0,0.0,NA,0,1899.0
NFT-/XUTR/DEUTH026124A05FZX,41.29,0.0,0.0,2599.0,867.0,225.073,4.129,0.0,0.0,prepaid,0.826,182.0,0.0,0.0,0.0,214.76,-851.732,"",'132796165537173866201,2026-05-04,11093782890,2fa9bb21-97e3-4a0d-83ac-869c552aa711,100152974029,Reverse,100039053932,100039053932,11504,825.71,5.0,1638.0,0.0,1638.0,return_refund,0.0,0.0,0.0,0.0,0.0,0.0,0.0,0.0,NA,0,961.0
NFT-/XUTR/DEUTH026124A05FZX,63.24,0.0,0.0,2999.0,1328.0,329.078,6.324,0.0,0.0,prepaid,1.265,0.0,0.0,45.0,0.0,53.1,938.233,"",'132769343160211753703,2026-05-04,11087447457,dc126d91-7d36-4b4c-867e-1e880e2cb9d2,"",Forward,100032718510,100032718510,11504,1264.76,5.0,1500.0,0.0,1500.0,packet_delivered,0.0,0.0,0.0,0.0,0.0,0.0,0.0,0.0,NA,0,1499.0
NFT-/XUTR/DEUTH026124A05FZX,58.29,0.0,0.0,3100.0,1224.0,303.307,5.829,0.0,0.0,prepaid,1.166,0.0,0.0,45.0,0.0,53.1,860.598,"",'132829219348494306601,2026-05-04,11100766626,1154be2a-f914-4d1d-bb24-cd7f11452198,"",Forward,100046037659,100046037659,11504,1165.71,5.0,1705.0,0.0,1705.0,packet_delivered,0.0,0.0,0.0,0.0,0.0,0.0,0.0,0.0,NA,0,1395.0
NFT-/XUTR/DEUTH026124A05FZX,56.1,0.0,0.0,2699.0,1178.0,291.908,5.61,0.0,0.0,prepaid,1.122,0.0,0.0,45.0,0.0,53.1,826.26,"",'132800856227896165203,2026-05-04,11094679994,b8085c0e-0172-4282-acbd-49e8842890a1,"",Forward,100039951036,1000011606267,11504,1121.9,5.0,1350.0,0.0,1350.0,packet_delivered,0.0,0.0,0.0,0.0,0.0,0.0,0.0,0.0,NA,0,1349.0
NFT-/XUTR/DEUTH026124A05FZX,75.14,0.0,0.0,3499.0,1578.0,391.028,7.514,0.0,0.0,prepaid,1.503,0.0,0.0,45.0,0.0,53.1,1124.855,"",'132819298654559899703,2026-05-04,11098582621,147852ae-7083-43ae-b464-7d4318f46ef6,"",Forward,100043853656,1000012729134,11504,1502.86,5.0,1750.0,0.0,1750.0,packet_delivered,0.0,0.0,0.0,0.0,0.0,0.0,0.0,0.0,NA,0,1749.0
NFT-/XUTR/DEUTH026124A05FZX,38.33,0.0,0.0,1799.0,805.0,208.978,3.833,0.0,0.0,prepaid,0.767,0.0,0.0,27.0,0.0,31.86,559.562,"",'132786756870211226203,2026-05-04,11091412637,7e5d4b33-c077-406a-9628-c13eac2e08fe,"",Forward,100036683683,100036683683,11504,766.67,5.0,900.0,0.0,900.0,packet_delivered,0.0,0.0,0.0,0.0,0.0,0.0,0.0,0.0,NA,0,899.0
NFT-/XUTR/DEUTH026124A05FZX,39.81,0.0,0.0,2799.0,836.0,217.026,3.981,0.0,0.0,prepaid,0.796,0.0,0.0,27.0,0.0,31.86,582.337,"",'132792258560471233903,2026-05-04,11092782880,4364a7f0-2e52-4203-8633-f6e51c00d6f0,"",Forward,100038053925,1000011570981,11504,796.19,5.0,1792.0,0.0,1792.0,packet_delivered,0.0,0.0,0.0,0.0,0.0,0.0,0.0,0.0,NA,0,1007.0
NFT-/XUTR/DEUTH026124A05FZX,56.1,0.0,0.0,2999.0,1178.0,291.908,5.61,0.0,0.0,prepaid,1.122,0.0,0.0,45.0,0.0,53.1,826.26,"",'132769988616547010803,2026-05-04,11087622132,1f9ee455-e501-4bd0-a071-4ee4449dc768,"",Forward,100032893185,100032893185,11504,1121.9,5.0,1650.0,0.0,1650.0,packet_delivered,0.0,0.0,0.0,0.0,0.0,0.0,0.0,0.0,NA,0,1348.99
NFT-/XUTR/DEUTH026124A05FZX,28.81,0.0,0.0,1399.0,605.0,42.834,2.881,0.0,0.0,prepaid,0.576,182.0,0.0,0.0,0.0,214.76,-773.469,"",'132813381745422423201,2026-05-04,11097521701,99b8067b-92a1-4f20-ba76-95761ed28cdd,100153491111,Reverse,100042792737,1000012702596,11504,576.19,5.0,700.0,0.0,700.0,return_refund,0.0,0.0,0.0,0.0,0.0,0.0,0.0,0.0,NA,0,699.0
NFT-/XUTR/DEUTH026124A05FZX,0.0,47.31,47.31,3299.0,1987.0,492.379,0.0,4.731,4.731,prepaid,1.892,106.0,0.0,0.0,0.0,125.08,-1608.347,"",'132833859884234426503,2026-05-04,11101946364,facdec4d-c8a2-4f8d-b063-f0348106a0b5,100153778078,Reverse,100047217391,100047217391,11504,1892.38,5.0,1106.0,0.0,1106.0,return_refund,0.0,0.0,0.0,0.0,0.0,0.0,0.0,0.0,NA,0,2193.0
NFT-/XUTR/DEUTH026124A05FZX,0.0,16.29,16.29,2499.0,684.0,32.285,0.0,1.6285,1.6285,prepaid,0.651,0.0,0.0,27.0,0.0,31.86,615.947,"",'132846179525100223101,2026-05-04,11104290395,d9439cad-d372-472a-88b3-6a98c36b64dd,"",Forward,100049561395,1000014294191,11504,651.42,5.0,1721.0,0.0,1721.0,packet_delivered,0.0,0.0,0.0,0.0,0.0,0.0,0.0,0.0,NA,0,777.9999999999999
NFT-/XUTR/DEUTH026124A05FZX,0.0,37.5,37.5,2625.0,1575.0,390.285,0.0,3.75,3.75,prepaid,1.5,106.0,0.0,0.0,0.0,125.08,-1300.795,"",'132839791422394533703,2026-05-04,11103111128,ec0c24b9-705f-457f-ad90-f00e5f641d20,11103111128,Reverse,100048382137,100048382137,11504,1500,5.0,879.0,0.0,879.0,exchange,0.0,0.0,0.0,0.0,0.0,0.0,0.0,0.0,NA,0,1746.0
NFT-/XUTR/DEUTH026124A05FZX,43.1,0.0,0.0,2499.0,905.0,234.938,4.31,0.0,0.0,prepaid,0.862,0.0,0.0,27.0,0.0,31.86,633.03,"",'132779794122853609401,2026-05-04,11089896620,b289446d-94f6-4886-9733-7b1e7e71b19b,"",Forward,100035167671,100035167671,11504,861.9,5.0,1500.0,0.0,1500.0,packet_delivered,0.0,0.0,0.0,0.0,0.0,0.0,0.0,0.0,NA,0,999.0
NFT-/XUTR/DEUTH026124A05FZX,58.95,0.0,0.0,2999.0,1238.0,306.776,5.895,0.0,0.0,prepaid,1.179,167.0,0.0,0.0,0.0,197.06,-1121.21,"",'132789468112379728403,2026-05-04,11092353989,2d3435e0-2d45-4503-8658-f31aba43e177,100152896755,Reverse,100037625034,100037625034,11504,1179.05,5.0,1590.0,0.0,1590.0,return_refund,0.0,0.0,0.0,0.0,0.0,0.0,0.0,0.0,NA,0,1409.0
NFT-/XUTR/DEUTH026124A05FZX,70.38,0.0,0.0,3299.0,1478.0,366.248,7.038,0.0,0.0,prepaid,1.408,182.0,0.0,0.0,0.0,214.76,-1318.066,"",'132811651879850074801,2026-05-04,11097076918,f1b40a50-dbb3-4172-b799-fbf607ff7118,100154500161,Reverse,100042347958,100042347958,11504,1407.62,5.0,1650.0,0.0,1650.0,return_refund,0.0,0.0,0.0,0.0,0.0,0.0,0.0,0.0,NA,0,1649.0
NFT-/XUTR/DEUTH026124A05FZX,42.62,0.0,0.0,2999.0,895.0,232.342,4.262,0.0,0.0,prepaid,0.852,0.0,0.0,27.0,0.0,31.86,625.684,"",'132787846701884856903,2026-05-04,11091763057,7e1a494d-7b11-414f-a6e3-bf4df92f9cbe,"",Forward,100037034102,100037034102,11504,852.38,5.0,2010.0,0.0,2010.0,packet_delivered,0.0,0.0,0.0,0.0,0.0,0.0,0.0,0.0,NA,0,989.0
NFT-/XUTR/DEUTH026124A05FZX,19.05,0.0,0.0,1499.0,399.99999999999994,18.88,1.905,0.0,0.0,prepaid,0.381,167.0,0.0,0.0,0.0,197.06,-575.894,"",'132781475840761352503,2026-05-04,11090426270,c68d0e98-dbfa-4867-8301-a6b346f30e84,100153497263,Reverse,100035697321,1000010983851,11504,380.95,5.0,1005.0,0.0,1005.0,return_refund,0.0,0.0,0.0,0.0,0.0,0.0,0.0,0.0,NA,0,494.0
NFT-/XUTR/DEUTH026124A05FZX,56.1,0.0,0.0,2699.0,404.447,100.222,1.926,0.0,0.0,prepaid,0.385,36.393,0.0,0.0,0.0,42.94374,-344.858,"",'132797607739037290701,2026-05-04,11094189816,63e517a2-e4a0-43f0-b6d1-9bebd8e911e7,100152235796,Reverse,100039460858,1000011570295,11504,1121.9,5.0,1350.0,0.0,1350.0,return_refund,0.0,0.0,0.0,0.0,0.0,0.0,0.0,0.0,NA,0,1348.99
NFT-/XUTR/DEUTH026124A05FZX,56.1,0.0,0.0,2699.0,1178.0,291.908,5.61,0.0,0.0,prepaid,1.122,182.0,0.0,0.0,0.0,214.76,-1094.12,"",'132800856227896165203,2026-05-04,11094679998,b8085c0e-0172-4282-acbd-49e8842890a1,100152671207,Reverse,100039951040,1000011606267,11504,1121.9,5.0,1350.0,0.0,1350.0,return_refund,0.0,0.0,0.0,0.0,0.0,0.0,0.0,0.0,NA,0,1349.0
NFT-/XUTR/DEUTH026124A05FZX,27.62,0.0,0.0,1499.0,580.0,150.568,2.762,0.0,0.0,prepaid,0.552,127.0,0.0,0.0,0.0,149.86,-575.978,"",'132794411933471712103,2026-05-04,11093282523,7753f320-6c4b-4029-9707-d47f82a7351c,100152396031,Reverse,100038553567,1000011594718,11504,552.38,5.0,825.0,0.0,825.0,return_refund,0.0,0.0,0.0,0.0,0.0,0.0,0.0,0.0,NA,0,674.0
NFT-/XUTR/DEUTH026124A05FZX,103.48,0.0,0.0,3399.0,2173.0,512.828,10.348,0.0,0.0,prepaid,2.07,0.0,0.0,61.0,0.0,71.98,1575.774,"",'132765931978418799301,2026-05-04,11086679804,7de73375-9748-462d-b0e4-b450ec38e81b,"",Forward,100031950858,100031950858,11504,2069.52,5.0,1020.0,0.0,1020.0,packet_delivered,0.0,0.0,0.0,0.0,0.0,0.0,0.0,0.0,NA,0,2379.0
NFT-/XUTR/DEUTH026124A05FZX,72.76,0.0,0.0,3399.0,1528.0,378.638,7.276,0.0,0.0,prepaid,1.455,0.0,0.0,45.0,0.0,53.1,1087.531,"",'132779571458459364501,2026-05-04,11089829857,9fcde606-b567-41dc-85e3-0e159f401318,"",Forward,100035100908,100035100908,11504,1455.24,5.0,1700.0,0.0,1700.0,packet_delivered,0.0,0.0,0.0,0.0,0.0,0.0,0.0,0.0,NA,0,1699.0
NFT-/XUTR/DEUTH026124A05FZX,39.52,0.0,0.0,2499.0,830.0,215.468,3.952,0.0,0.0,prepaid,0.79,0.0,0.0,27.0,0.0,31.86,577.93,"",'132804600702877001701,2026-05-04,11095619919,b006dee0-674d-4c36-b0be-c5d8b8a4f39a,"",Forward,100040890960,100040890960,11504,790.48,5.0,1575.0,0.0,1575.0,packet_delivered,0.0,0.0,0.0,0.0,0.0,0.0,0.0,0.0,NA,0,924.0
NFT-/XUTR/DEUTH026124A05FZX,33.57,0.0,0.0,1599.0,705.0,183.018,3.357,0.0,0.0,prepaid,0.671,0.0,0.0,27.0,0.0,31.86,486.094,"",'132805240208644340003,2026-05-04,11095797204,a2d149a2-e539-44a8-92e5-34fdfba714a1,"",Forward,100041068246,1000011778910,11504,671.43,5.0,800.0,0.0,800.0,packet_delivered,0.0,0.0,0.0,0.0,0.0,0.0,0.0,0.0,NA,0,799.0
NFT-/XUTR/DEUTH026124A05FZX,70.38,0.0,0.0,3299.0,1478.0,366.248,7.038,0.0,0.0,prepaid,1.408,0.0,0.0,45.0,0.0,53.1,1050.206,"",'132793165206330398301,2026-05-04,11092932993,7ded387a-13fb-4dd1-b8e1-887efa477781,"",Forward,100038204037,1000011587451,11504,1407.62,5.0,1650.0,0.0,1650.0,packet_delivered,0.0,0.0,0.0,0.0,0.0,0.0,0.0,0.0,NA,0,1649.0
NFT-/XUTR/DEUTH026124A05FZX,63.19,0.0,0.0,2999.0,1327.0,328.831,6.319,0.0,0.0,prepaid,1.264,0.0,0.0,45.0,0.0,53.1,937.486,"",'132845858979202029603,2026-05-04,11104191344,b79bb409-f238-4f89-be9f-c9947b7010ab,"",Forward,100049462344,1000014293154,11504,1263.81,5.0,1501.0,0.0,1501.0,packet_delivered,0.0,0.0,0.0,0.0,0.0,0.0,0.0,0.0,NA,0,1498.0
NFT-/XUTR/DEUTH026124A05FZX,63.24,0.0,0.0,2999.0,1328.0,329.078,6.324,0.0,0.0,prepaid,1.265,106.0,0.0,0.0,0.0,125.08,-1116.413,"",'132832160688724101903,2026-05-04,11101532345,dbb1da83-a395-4783-96ae-3e33b4542ab7,100153299893,Reverse,100046803372,100046803372,11504,1264.76,5.0,1500.0,0.0,1500.0,return_refund,0.0,0.0,0.0,0.0,0.0,0.0,0.0,0.0,NA,0,1499.0
NFT-/XUTR/DEUTH026124A05FZX,39.81,0.0,0.0,2799.0,836.0,217.026,3.981,0.0,0.0,prepaid,0.796,182.0,0.0,0.0,0.0,214.76,-828.957,"",'132793165206330398301,2026-05-04,11092932991,7ded387a-13fb-4dd1-b8e1-887efa477781,100152327048,Reverse,100038204035,1000011587451,11504,796.19,5.0,1792.0,0.0,1792.0,return_refund,0.0,0.0,0.0,0.0,0.0,0.0,0.0,0.0,NA,0,1007.0
NFT-/XUTR/DEUTH026124A05FZX,63.24,0.0,0.0,2999.0,1328.0,329.078,6.324,0.0,0.0,prepaid,1.265,182.0,0.0,0.0,0.0,214.76,-1206.093,"",'132793165206330398301,2026-05-04,11092932992,7ded387a-13fb-4dd1-b8e1-887efa477781,100152326869,Reverse,100038204036,1000011587451,11504,1264.76,5.0,1500.0,0.0,1500.0,return_refund,0.0,0.0,0.0,0.0,0.0,0.0,0.0,0.0,NA,0,1499.0
NFT-/XUTR/DEUTH026124A05FZX,40.71,0.0,0.0,1899.0,855.0,221.958,4.071,0.0,0.0,prepaid,0.814,106.0,0.0,0.0,0.0,125.08,-753.237,"",'132815731311681344303,2026-05-04,11098220335,f7f65da2-69aa-4449-aeba-8a04ac203f71,11098220335,Reverse,100043491371,100043491371,11504,814.29,5.0,950.0,0.0,950.0,exchange,0.0,0.0,0.0,0.0,0.0,0.0,0.0,0.0,NA,0,948.99
NFT-/XUTR/DEUTH026124A05FZX,0.0,27.57,27.57,1899.0,1158.0,273.288,0.0,2.757,2.757,prepaid,1.103,0.0,0.0,45.0,0.0,53.1,824.995,"",'132815480690198899303,2026-05-04,11098135825,92467a6a-02b2-4420-8dfc-ae79a1e9e3f9,"",Forward,100043406861,100043406861,11504,1102.86,5.0,570.0,0.0,570.0,packet_delivered,0.0,0.0,0.0,0.0,0.0,0.0,0.0,0.0,NA,0,1328.9999999999998
NFT-/XUTR/DEUTH026124A05FZX,55.14,0.0,0.0,1899.0,1158.0,273.288,5.514,0.0,0.0,prepaid,1.103,0.0,0.0,45.0,0.0,53.1,824.995,"",'132819484721050303303,2026-05-04,11098625161,cabae500-69b7-4cfa-a348-e1f95e3b99a8,"",Forward,100043896196,100043896196,11504,1102.86,5.0,570.0,0.0,570.0,packet_delivered,0.0,0.0,0.0,0.0,0.0,0.0,0.0,0.0,NA,0,1329.0
NFT-/XUTR/DEUTH026124A05FZX,38.33,0.0,0.0,1799.0,805.0,208.978,3.833,0.0,0.0,prepaid,0.767,112.0,0.0,0.0,0.0,132.16,-723.582,"",'132786756870211226203,2026-05-04,11091412637,7e5d4b33-c077-406a-9628-c13eac2e08fe,100152405848,Reverse,100036683683,100036683683,11504,766.67,5.0,900.0,0.0,900.0,return_refund,0.0,0.0,0.0,0.0,0.0,0.0,0.0,0.0,NA,0,899.0
NFT-/XUTR/DEUTH026124A05FZX,72.67,0.0,0.0,2425.0,1526.0,378.143,7.267,0.0,0.0,prepaid,1.453,127.0,0.0,0.0,0.0,149.86,-1288.997,"",'132817384533109694201,2026-05-04,11098370109,da7a08c1-3ef9-43a3-9278-4004062c7bc4,100153249287,Reverse,100043641145,100043641145,11504,1453.33,5.0,728.0,0.0,728.0,return_refund,0.0,0.0,0.0,0.0,0.0,0.0,0.0,0.0,NA,0,1697.01
NFT-/XUTR/DEUTH026124A05FZX,33.57,0.0,0.0,1599.0,705.0,183.018,3.357,0.0,0.0,prepaid,0.671,167.0,0.0,0.0,0.0,197.06,-715.014,"",'132779475316507155401,2026-05-04,11089801569,76717527-1336-4e07-b4a4-bbf8366eeba3,100152082895,Reverse,100035072621,100035072621,11504,671.43,5.0,800.0,0.0,800.0,return_refund,0.0,0.0,0.0,0.0,0.0,0.0,0.0,0.0,NA,0,799.0
NFT-/XUTR/DEUTH026124A05FZX,29.0,0.0,0.0,1850.0,609.0,158.096,2.9,0.0,0.0,prepaid,0.58,182.0,0.0,0.0,0.0,214.76,-662.184,"",'132795158433212183203,2026-05-04,11093497026,026bbdee-11b5-479b-96c8-e2dbb684d387,11093497026,Reverse,100038768070,1000011087163,11504,580,5.0,1147.0,0.0,1147.0,exchange,0.0,0.0,0.0,0.0,0.0,0.0,0.0,0.0,NA,0,703.0
NFT-/XUTR/DEUTH026124A05FZX,0.0,29.43,29.43,3499.0,1236.0,306.281,0.0,2.943,2.943,prepaid,1.177,106.0,0.0,0.0,0.0,125.08,-1047.736,"",'132845775950365004903,2026-05-04,11104166540,9e8b13a3-4733-4646-822a-f6f69c24e5ed,11104166540,Reverse,100049437540,100049437540,11504,1177.14,5.0,2092.0,0.0,2092.0,exchange,0.0,0.0,0.0,0.0,0.0,0.0,0.0,0.0,NA,0,1407.0000000000002
NFT-/XUTR/DEUTH026124A05FZX,70.38,0.0,0.0,3299.0,1478.0,366.248,7.038,0.0,0.0,prepaid,1.408,0.0,0.0,45.0,0.0,53.1,1050.206,"",'132782116208710677601,2026-05-04,11090504204,7b3c2cd9-6c0f-47fd-8c4e-5549eedc6d9a,"",Forward,100035775255,100035775255,11504,1407.62,5.0,1650.0,0.0,1650.0,packet_delivered,0.0,0.0,0.0,0.0,0.0,0.0,0.0,0.0,NA,0,1649.0
NFT-/XUTR/DEUTH026124A05FZX,37.19,0.0,0.0,1750.0,781.0,202.748,3.719,0.0,0.0,prepaid,0.744,167.0,0.0,0.0,0.0,197.06,-770.849,"",'132788297058023525201,2026-05-04,11091912504,e60480dc-5662-4572-8a84-a0af39dc1f3b,100152927242,Reverse,100037183549,100037183549,11504,743.81,5.0,875.0,0.0,875.0,return_refund,0.0,0.0,0.0,0.0,0.0,0.0,0.0,0.0,NA,0,875.0
NFT-/XUTR/DEUTH026124A05FZX,60.38,0.0,0.0,3199.0,1268.0,314.21,6.038,0.0,0.0,prepaid,1.208,106.0,0.0,0.0,0.0,125.08,-1071.624,"",'132812227809294914603,2026-05-04,11097225683,ba03462e-e830-489d-a236-a5ed06877845,100153063437,Reverse,100042496723,1000012687294,11504,1207.62,5.0,1760.0,0.0,1760.0,return_refund,0.0,0.0,0.0,0.0,0.0,0.0,0.0,0.0,NA,0,1439.0
NFT-/XUTR/DEUTH026124A05FZX,25.43,0.0,0.0,1699.0,534.0,138.626,2.543,0.0,0.0,prepaid,0.509,0.0,0.0,27.0,0.0,31.86,360.462,"",'132793221200909489301,2026-05-04,11092947274,f6adfd39-ff47-4d45-8174-b217d97315a5,"",Forward,100038218318,1000010886542,11504,508.57,5.0,1071.0,0.0,1071.0,packet_delivered,0.0,0.0,0.0,0.0,0.0,0.0,0.0,0.0,NA,0,628.0
NFT-/XUTR/DEUTH026124A05FZX,35.95,0.0,0.0,1699.0,755.0,195.998,3.595,0.0,0.0,prepaid,0.719,182.0,0.0,0.0,0.0,214.76,-769.448,"",'132810137013752753503,2026-05-04,11096721278,e72fc66b-0108-4f88-8c51-87515a4804c5,100153162195,Reverse,100041992319,100041992319,11504,719.05,5.0,850.0,0.0,850.0,return_refund,0.0,0.0,0.0,0.0,0.0,0.0,0.0,0.0,NA,0,849.0
NFT-/XUTR/DEUTH026124A05FZX,56.71,0.0,0.0,2899.0,1191.0,295.13,5.671,0.0,0.0,prepaid,1.134,182.0,0.0,0.0,0.0,214.76,-1103.825,"",'132793500952293652101,2026-05-04,11093023118,7c547b17-55f9-41e8-a52b-096a5387aa79,11093023118,Reverse,100038294162,1000011581176,11504,1134.29,5.0,1537.0,0.0,1537.0,exchange,0.0,0.0,0.0,0.0,0.0,0.0,0.0,0.0,NA,0,1362.0
NFT-/XUTR/DEUTH026124A05FZX,49.95,0.0,0.0,3299.0,1049.0,259.942,4.995,0.0,0.0,prepaid,0.999,127.0,0.0,0.0,0.0,149.86,-932.924,"",'132793865446332034103,2026-05-04,11093123678,1650ff92-3824-4abd-b422-6a756c3c4482,100152791143,Reverse,100038394722,100038394722,11504,999.05,5.0,2079.0,0.0,2079.0,return_refund,0.0,0.0,0.0,0.0,0.0,0.0,0.0,0.0,NA,0,1220.0
NFT-/XUTR/DEUTH026124A05FZX,23.67,0.0,0.0,1599.0,5.0,0.23600000000000002,0.024,0.0,0.0,prepaid,0.005,1.278,0.0,0.0,0.0,1.50804,-6.243,"",'132806617431797380101,2026-05-04,11096268104,231ad488-4b37-46fb-8c58-f9256a0c0f67,100153555298,Reverse,100041539145,100041539145,11504,473.33,5.0,1008.0,0.0,1008.0,return_refund,0.0,0.0,0.0,0.0,0.0,0.0,0.0,0.0,NA,0,591.0
NFT-/XUTR/DEUTH026124A05FZX,426.05,0.0,0.0,2999.0,2793.0,659.148,11.835,0.0,0.0,prepaid,2.367,0.0,0.0,61.0,0.0,71.98,2047.67,"",'132803478448513006603,2026-05-04,11095307489,c7d4686f-b9bb-469a-88a2-ae777531d367,"",Forward,100040578531,1000012140235,11504,2366.95,18.0,0.0,0.0,0.0,packet_delivered,0.0,0.0,0.0,0.0,0.0,0.0,0.0,0.0,NA,0,2999.0
NFT-/XUTR/DEUTH026124A05FZX,42.43,0.0,0.0,3399.0,891.0,231.304,4.243,0.0,0.0,prepaid,0.849,0.0,0.0,27.0,0.0,31.86,622.744,"",'132810138900041540901,2026-05-04,11096721640,5181c793-871b-4298-b834-c0fa138c636a,"",Forward,100041992681,100041992681,11504,848.57,5.0,2414.0,0.0,2414.0,packet_delivered,0.0,0.0,0.0,0.0,0.0,0.0,0.0,0.0,NA,0,985.0
NFT-/XUTR/DEUTH026124A05FZX,40.24,0.0,0.0,1999.0,845.0,219.362,4.024,0.0,0.0,prepaid,0.805,0.0,0.0,27.0,0.0,31.86,588.949,"",'132788977431398665801,2026-05-04,11092147216,0a33f50e-5e3c-4e58-8cb7-a7e8ca75a5e7,"",Forward,100037418261,1000010655773,11504,804.76,5.0,1060.0,0.0,1060.0,packet_delivered,0.0,0.0,0.0,0.0,0.0,0.0,0.0,0.0,NA,0,939.0
NFT-/XUTR/DEUTH026124A05FZX,87.05,0.0,0.0,1999.0,1828.0,431.408,8.705,0.0,0.0,prepaid,1.741,0.0,0.0,45.0,0.0,53.1,1333.046,"",'132806949128700065001,2026-05-04,11096410286,0c3bc778-3738-4a2c-a33c-5de845dbbc74,"",Forward,100041681327,100041681327,11504,1740.95,5.0,0.0,0.0,0.0,packet_delivered,0.0,0.0,0.0,0.0,0.0,0.0,0.0,0.0,NA,0,1998.99
NFT-/XUTR/DEUTH026124A05FZX,100.14,0.0,0.0,3299.0,2103.0,496.308,10.014,0.0,0.0,prepaid,2.003,0.0,0.0,61.0,0.0,71.98,1522.695,"",'132819484450236681001,2026-05-04,11098625107,1eaaac5f-65cb-451e-9938-1d49d5c01016,"",Forward,100043896142,100043896142,11504,2002.86,5.0,990.0,0.0,990.0,packet_delivered,0.0,0.0,0.0,0.0,0.0,0.0,0.0,0.0,NA,0,2309.0
NFT-/XUTR/DEUTH026124A05FZX,0.0,59.33,59.33,2699.0,2492.0,588.112,0.0,5.9335,5.9335,prepaid,2.373,106.0,0.0,0.0,0.0,125.08,-2014.728,"",'132807834660046411003,2026-05-04,11096581319,8feda8da-b602-4543-b213-b371bffe6ea7,100153219715,Reverse,100041852360,100041852360,11504,2373.34,5.0,1.0,0.0,1.0,return_refund,0.0,0.0,0.0,0.0,0.0,0.0,0.0,0.0,NA,0,2698.0
NFT-/XUTR/DEUTH026124A05FZX,34.81,0.0,0.0,1650.0,731.0,189.768,3.481,0.0,0.0,prepaid,0.696,106.0,0.0,0.0,0.0,125.08,-662.135,"",'132813850441731566303,2026-05-04,11097637410,25af4cf9-666a-495a-8832-34836a3875a1,100152943564,Reverse,100042908446,100042908446,11504,696.19,5.0,825.0,0.0,825.0,return_refund,0.0,0.0,0.0,0.0,0.0,0.0,0.0,0.0,NA,0,825.0
NFT-/XUTR/DEUTH026124A05FZX,44.67,0.0,0.0,2999.0,938.0,243.505,4.467,0.0,0.0,prepaid,0.893,167.0,0.0,0.0,0.0,197.06,-886.195,"",'132789264283038050303,2026-05-04,11092263183,56f3f22d-8e1d-4b4e-8300-8fcf61cf1f0d,100152965133,Reverse,100037534228,100037534228,11504,893.33,5.0,1890.0,0.0,1890.0,return_refund,0.0,0.0,0.0,0.0,0.0,0.0,0.0,0.0,NA,0,1109.0
NFT-/XUTR/DEUTH026124A05FZX,72.76,0.0,0.0,3399.0,1528.0,378.638,7.276,0.0,0.0,prepaid,1.455,182.0,0.0,0.0,0.0,214.76,-1355.391,"",'132815645194428128503,2026-05-04,11098196447,a5b29fad-8aaf-446c-87b5-6ba184a82c90,11098196447,Reverse,100043467483,100043467483,11504,1455.24,5.0,1700.0,0.0,1700.0,exchange,0.0,0.0,0.0,0.0,0.0,0.0,0.0,0.0,NA,0,1699.0
NFT-/XUTR/DEUTH026124A05FZX,34.81,0.0,0.0,1650.0,731.0,189.768,3.481,0.0,0.0,prepaid,0.696,0.0,0.0,27.0,0.0,31.86,505.195,"",'132797307480451493203,2026-05-04,11094094200,2aa31ec1-65ad-4e73-b495-bf942e2d646b,"",Forward,100039365242,100039365242,11504,696.19,5.0,825.0,0.0,825.0,packet_delivered,0.0,0.0,0.0,0.0,0.0,0.0,0.0,0.0,NA,0,825.0
NFT-/XUTR/DEUTH026124A05FZX,70.38,0.0,0.0,3299.0,1478.0,366.248,7.038,0.0,0.0,prepaid,1.408,182.0,0.0,0.0,0.0,214.76,-1318.066,"",'132793500952293652101,2026-05-04,11093023120,7c547b17-55f9-41e8-a52b-096a5387aa79,100152925069,Reverse,100038294164,1000011581176,11504,1407.62,5.0,1650.0,0.0,1650.0,return_refund,0.0,0.0,0.0,0.0,0.0,0.0,0.0,0.0,NA,0,1649.0
NFT-/XUTR/DEUTH026124A05FZX,51.81,0.0,0.0,1799.0,24.1,5.688,0.115,0.0,0.0,prepaid,0.023,0.0,0.0,0.997,0.0,1.17646,17.098,"",'132790258908238687303,2026-05-04,11092650938,259825ff-d6d3-447f-85c7-d0233eba785e,"",Forward,100037921983,100037921983,11504,1036.19,5.0,540.0,0.0,540.0,packet_delivered,0.0,0.0,0.0,0.0,0.0,0.0,0.0,0.0,NA,0,1259.0
NFT-/XUTR/DEUTH026124A05FZX,37.19,0.0,0.0,1750.0,781.0,202.748,3.719,0.0,0.0,prepaid,0.744,0.0,0.0,27.0,0.0,31.86,541.929,"",'132810924429471137103,2026-05-04,11096884973,6b9d2e7f-eca5-4f80-9d0f-01630b402c44,"",Forward,100042156014,100042156014,11504,743.81,5.0,875.0,0.0,875.0,packet_delivered,0.0,0.0,0.0,0.0,0.0,0.0,0.0,0.0,NA,0,874.99
NFT-/XUTR/DEUTH026124A05FZX,22.81,0.0,0.0,1599.0,479.0,22.609,2.281,0.0,0.0,prepaid,0.456,0.0,0.0,27.0,0.0,31.86,421.794,"",'132833073618652489903,2026-05-04,11101822819,9f719c53-8aaa-402d-9ee0-5fd0ee79fbfa,"",Forward,100047093846,1000013784174,11504,456.19,5.0,1026.0,0.0,1026.0,packet_delivered,0.0,0.0,0.0,0.0,0.0,0.0,0.0,0.0,NA,0,573.0
NFT-/XUTR/DEUTH026124A05FZX,35.95,0.0,0.0,1699.0,755.0,195.998,3.595,0.0,0.0,prepaid,0.719,182.0,0.0,0.0,0.0,214.76,-769.448,"",'132798289103322436003,2026-05-04,11094435900,6323262c-667c-4f0b-8ece-b1696742ee28,100153021514,Reverse,100039706942,1000011314297,11504,719.05,5.0,850.0,0.0,850.0,return_refund,0.0,0.0,0.0,0.0,0.0,0.0,0.0,0.0,NA,0,849.0
NFT-/XUTR/DEUTH026124A05FZX,51.33,0.0,0.0,2499.0,1078.0,267.128,5.133,0.0,0.0,prepaid,1.027,0.0,0.0,45.0,0.0,53.1,751.612,"",'132776974686114822903,2026-05-04,11089057123,a8a1250f-1acb-49cd-93b7-e52113702cc5,"",Forward,100034328175,100034328175,11504,1026.67,5.0,1250.0,0.0,1250.0,packet_delivered,0.0,0.0,0.0,0.0,0.0,0.0,0.0,0.0,NA,0,1249.0
NFT-/XUTR/DEUTH026124A05FZX,19.1,0.0,0.0,1650.0,401.0,18.927,1.91,0.0,0.0,prepaid,0.382,0.0,0.0,15.0,0.0,17.7,362.081,"",'132797502103694721703,2026-05-04,11094154680,7ae9cb45-b20c-474b-bdaa-3486e46f8d94,"",Forward,100039425722,1000012167980,11504,381.9,5.0,1155.0,0.0,1155.0,packet_delivered,0.0,0.0,0.0,0.0,0.0,0.0,0.0,0.0,NA,0,495.0
NFT-/XUTR/DEUTH026124A05FZX,50.19,0.0,0.0,1750.0,1054.0,248.744,5.019,0.0,0.0,prepaid,1.004,0.0,0.0,45.0,0.0,53.1,746.133,"",'132801838233674395501,2026-05-04,11094823080,746ddfd8-bf21-41a5-b553-e4058d155534,"",Forward,100040094122,100040094122,11504,1003.81,5.0,525.0,0.0,525.0,packet_delivered,0.0,0.0,0.0,0.0,0.0,0.0,0.0,0.0,NA,0,1225.0
NFT-/XUTR/DEUTH026124A05FZX,43.05,0.0,0.0,2699.0,903.9999999999999,234.678,4.305,0.0,0.0,prepaid,0.861,106.0,0.0,0.0,0.0,125.08,-789.236,"",'132805182331910741703,2026-05-04,11095780647,f6894cf4-2559-43cc-8824-1affdb771a38,100152084112,Reverse,100041051688,100041051688,11504,860.95,5.0,1701.0,0.0,1701.0,return_refund,0.0,0.0,0.0,0.0,0.0,0.0,0.0,0.0,NA,0,998.0
NFT-/XUTR/DEUTH026124A05FZX,33.57,0.0,0.0,1599.0,705.0,183.018,3.357,0.0,0.0,prepaid,0.671,0.0,0.0,27.0,0.0,31.86,486.094,"",'132797400585706586501,2026-05-04,11094122876,0ad3b892-db2f-4cfa-9911-1e989453c64f,"",Forward,100039393918,100039393918,11504,671.43,5.0,800.0,0.0,800.0,packet_delivered,0.0,0.0,0.0,0.0,0.0,0.0,0.0,0.0,NA,0,799.0
NFT-/XUTR/DEUTH026124A05FZX,63.24,0.0,0.0,2999.0,1328.0,329.078,6.324,0.0,0.0,prepaid,1.265,0.0,0.0,45.0,0.0,53.1,938.233,"",'132804791820954744101,2026-05-04,11095671651,5c73f257-eaf7-45a4-a3ea-bb565e3c1f33,"",Forward,100040942692,100040942692,11504,1264.76,5.0,1500.0,0.0,1500.0,packet_delivered,0.0,0.0,0.0,0.0,0.0,0.0,0.0,0.0,NA,0,1498.99
NFT-/XUTR/DEUTH026124A05FZX,58.95,0.0,0.0,2999.0,1238.0,306.776,5.895,0.0,0.0,prepaid,1.179,0.0,0.0,45.0,0.0,53.1,871.05,"",'132799428392496685001,2026-05-04,11094633328,de85e8c3-be99-4b03-81ea-6e891805f831,"",Forward,100039904370,100039904370,11504,1179.05,5.0,1590.0,0.0,1590.0,packet_delivered,0.0,0.0,0.0,0.0,0.0,0.0,0.0,0.0,NA,0,1409.0
NFT-/XUTR/DEUTH026124A05FZX,65.67,0.0,0.0,3299.0,1379.0,341.716,6.567,0.0,0.0,prepaid,1.313,0.0,0.0,45.0,0.0,53.1,976.304,"",'132805834130047781001,2026-05-04,11095986608,bf0a21b0-d52c-4a98-924d-1948240cb168,"",Forward,100041257649,100041257649,11504,1313.33,5.0,1749.0,0.0,1749.0,packet_delivered,0.0,0.0,0.0,0.0,0.0,0.0,0.0,0.0,NA,0,1550.0
NFT-/XUTR/DEUTH026124A05FZX,41.14,0.0,0.0,2799.0,864.0,224.294,4.114,0.0,0.0,prepaid,0.823,182.0,0.0,0.0,0.0,214.76,-849.529,"",'132809701354317147803,2026-05-04,11096662134,6161a4b0-6ad7-4330-aba7-1667f7a6d52b,100153222101,Reverse,100041933175,100041933175,11504,822.86,5.0,1764.0,0.0,1764.0,return_refund,0.0,0.0,0.0,0.0,0.0,0.0,0.0,0.0,NA,0,1035.0
NFT-/XUTR/DEUTH026124A05FZX,35.95,0.0,0.0,1699.0,755.0,195.998,3.595,0.0,0.0,prepaid,0.719,182.0,0.0,0.0,0.0,214.76,-769.448,"",'132815697645346980903,2026-05-04,11098211556,ff3cff04-b24d-41e9-b2f1-3e82384a1716,11098211556,Reverse,100043482592,100043482592,11504,719.05,5.0,850.0,0.0,850.0,exchange,0.0,0.0,0.0,0.0,0.0,0.0,0.0,0.0,NA,0,849.0
NFT-/XUTR/DEUTH026124A05FZX,43.1,0.0,0.0,1999.0,905.0,234.938,4.31,0.0,0.0,prepaid,0.862,0.0,0.0,27.0,0.0,31.86,633.03,"",'132789303143439374701,2026-05-04,11092279754,9a8d43c7-3e85-4ab8-9667-16731f1ded3d,"",Forward,100037550799,100037550799,11504,861.9,5.0,1000.0,0.0,1000.0,packet_delivered,0.0,0.0,0.0,0.0,0.0,0.0,0.0,0.0,NA,0,999.0
NFT-/XUTR/DEUTH026124A05FZX,72.76,0.0,0.0,1699.0,1528.0,360.608,7.276,0.0,0.0,prepaid,1.455,0.0,0.0,45.0,0.0,53.1,1105.561,"",'132789721294387550801,2026-05-04,11092466550,7790aafc-8a6d-473b-8c72-088aa11c960b,"",Forward,100037737595,1000011598482,11504,1455.24,5.0,0.0,0.0,0.0,packet_delivered,0.0,0.0,0.0,0.0,0.0,0.0,0.0,0.0,NA,0,1699.0
NFT-/XUTR/DEUTH026124A05FZX,23.67,0.0,0.0,1599.0,497.0,23.458,2.367,0.0,0.0,prepaid,0.473,0.0,0.0,27.0,0.0,31.86,438.842,"",'132819550026078729001,2026-05-04,11098641458,096caaf6-02b6-437d-a1fc-cb4b8664499c,"",Forward,100043912493,1000012654805,11504,473.33,5.0,1008.0,0.0,1008.0,packet_delivered,0.0,0.0,0.0,0.0,0.0,0.0,0.0,0.0,NA,0,591.0
NFT-/XUTR/DEUTH026124A05FZX,27.19,0.0,0.0,1799.0,92.6,24.039,0.441,0.0,0.0,prepaid,0.088,27.083,0.0,0.0,0.0,31.95794,-99.99,"",'132772172092920344003,2026-05-04,11088262895,7aaf989a-2548-4e54-8340-a9af21d0d2b9,100152733288,Reverse,100033533948,1000009485718,11504,543.81,5.0,1134.0,0.0,1134.0,return_refund,0.0,0.0,0.0,0.0,0.0,0.0,0.0,0.0,NA,0,665.0
NFT-/XUTR/DEUTH026124A05FZX,50.19,0.0,0.0,1750.0,1054.0,248.744,5.019,0.0,0.0,prepaid,1.004,127.0,0.0,0.0,0.0,149.86,-949.093,"",'132801838233674395501,2026-05-04,11094823080,746ddfd8-bf21-41a5-b553-e4058d155534,100152316354,Reverse,100040094122,100040094122,11504,1003.81,5.0,525.0,0.0,525.0,return_refund,0.0,0.0,0.0,0.0,0.0,0.0,0.0,0.0,NA,0,1225.0
NFT-/XUTR/DEUTH026124A05FZX,42.91,0.0,0.0,2899.0,900.9999999999999,233.9,4.29,0.0,0.0,prepaid,0.858,127.0,0.0,0.0,0.0,149.86,-811.812,"",'132810798653594904801,2026-05-04,11096854978,969581c8-751a-4a7c-af75-9a0ce9d345e6,100152417934,Reverse,100042126019,100042126019,11504,858.1,5.0,1827.0,0.0,1827.0,return_refund,0.0,0.0,0.0,0.0,0.0,0.0,0.0,0.0,NA,0,1072.01
NFT-/XUTR/DEUTH026124A05FZX,0.0,27.57,27.57,1899.0,1158.0,273.288,0.0,2.757,2.757,prepaid,1.103,106.0,0.0,0.0,0.0,125.08,-1003.175,"",'132815480690198899303,2026-05-04,11098135825,92467a6a-02b2-4420-8dfc-ae79a1e9e3f9,100152556053,Reverse,100043406861,100043406861,11504,1102.86,5.0,570.0,0.0,570.0,return_refund,0.0,0.0,0.0,0.0,0.0,0.0,0.0,0.0,NA,0,1328.9999999999998
NFT-/XUTR/DEUTH026124A05FZX,123.48,0.0,0.0,3999.0,2593.0,611.948,12.348,0.0,0.0,prepaid,2.47,167.0,0.0,0.0,0.0,197.06,-2163.294,"",'132778474962289807501,2026-05-04,11089514974,1ae52aff-8a17-4019-ad16-7c0ecc8b0da1,11089514974,Reverse,100034786025,100034786025,11504,2469.52,5.0,1200.0,0.0,1200.0,exchange,0.0,0.0,0.0,0.0,0.0,0.0,0.0,0.0,NA,0,2799.0
NFT-/XUTR/DEUTH026124A05FZX,63.24,0.0,0.0,2999.0,52.01,12.888,0.248,0.0,0.0,prepaid,0.05,0.0,0.0,1.762,0.0,2.07916,36.745,"",'132815687641184159001,2026-05-04,11098208731,3db0ca96-eed5-4637-80c3-32626470982e,"",Forward,100043479768,100043479768,11504,1264.76,5.0,1500.0,0.0,1500.0,packet_delivered,0.0,0.0,0.0,0.0,0.0,0.0,0.0,0.0,NA,0,1499.0
NFT-/XUTR/DEUTH026124A05FZX,34.05,0.0,0.0,1799.0,715.0,185.614,3.405,0.0,0.0,prepaid,0.681,0.0,0.0,27.0,0.0,31.86,493.44,"",'132820078535057366401,2026-05-04,11098787877,0ed5bedd-217b-4b90-b1ba-72803f21c370,"",Forward,100044058912,100044058912,11504,680.95,5.0,990.0,0.0,990.0,packet_delivered,0.0,0.0,0.0,0.0,0.0,0.0,0.0,0.0,NA,0,809.0
NFT-/XUTR/DEUTH026124A05FZX,19.05,0.0,0.0,1499.0,400.0,18.88,1.905,0.0,0.0,prepaid,0.381,127.0,0.0,0.0,0.0,149.86,-528.694,"",'132828728322388928703,2026-05-04,11100633455,e14e91f9-68f9-4238-a8db-722dfa2d19f4,100153089175,Reverse,100045904488,100045904488,11504,380.95,5.0,1005.0,0.0,1005.0,return_refund,0.0,0.0,0.0,0.0,0.0,0.0,0.0,0.0,NA,0,493.98
NFT-/XUTR/DEUTH026124A05FZX,53.52,0.0,0.0,1850.0,1124.0,265.264,5.352,0.0,0.0,prepaid,1.07,0.0,0.0,45.0,0.0,53.1,799.214,"",'132775938822081105703,2026-05-04,11088746124,d0680855-4a7c-40e7-8502-c9799957a6d3,"",Forward,100034017177,100034017177,11504,1070.48,5.0,555.0,0.0,555.0,packet_delivered,0.0,0.0,0.0,0.0,0.0,0.0,0.0,0.0,NA,0,1295.0
NFT-/XUTR/DEUTH026124A05FZX,63.24,0.0,0.0,2999.0,1328.0,329.078,6.324,0.0,0.0,prepaid,1.265,0.0,0.0,45.0,0.0,53.1,938.233,"",'132787180904056884403,2026-05-04,11091549334,7f61fc53-63ea-439b-9458-dc0d6456186f,"",Forward,100036820379,1000010995617,11504,1264.76,5.0,1500.0,0.0,1500.0,packet_delivered,0.0,0.0,0.0,0.0,0.0,0.0,0.0,0.0,NA,0,1499.0
NFT-/XUTR/DEUTH026124A05FZX,53.52,0.0,0.0,1850.0,1124.0,265.264,5.352,0.0,0.0,prepaid,1.07,106.0,0.0,0.0,0.0,125.08,-977.394,"",'132818035416845855503,2026-05-04,11098392097,ac6d8ee8-cc89-44d2-b9ea-4873669c4c56,11098392097,Reverse,100043663133,100043663133,11504,1070.48,5.0,555.0,0.0,555.0,exchange,0.0,0.0,0.0,0.0,0.0,0.0,0.0,0.0,NA,0,1295.0
NFT-/XUTR/DEUTH026124A05FZX,19.1,0.0,0.0,1599.0,400.99999999999994,18.927,1.91,0.0,0.0,prepaid,0.382,167.0,0.0,0.0,0.0,197.06,-576.841,"",'132778825539981243101,2026-05-04,11089617579,0ee178ca-a4ac-4ddf-a6ba-1e5e2a65e43a,100154458969,Reverse,100034888630,100034888630,11504,381.9,5.0,1104.0,0.0,1104.0,return_refund,0.0,0.0,0.0,0.0,0.0,0.0,0.0,0.0,NA,0,495.0
NFT-/XUTR/DEUTH026124A05FZX,0.0,40.67,40.67,3999.0,1708.0,423.242,0.0,4.0665,4.0665,prepaid,1.627,106.0,0.0,0.0,0.0,125.08,-1400.078,"",'132805131357647530003,2026-05-04,11095765953,5b1865c2-fb26-423b-9744-8a359be798aa,100152402009,Reverse,100041036994,100041036994,11504,1626.66,5.0,2120.0,0.0,2120.0,return_refund,0.0,0.0,0.0,0.0,0.0,0.0,0.0,0.0,NA,0,1879.0000000000002
NFT-/XUTR/DEUTH026124A05FZX,75.14,0.0,0.0,3499.0,1578.0,391.028,7.514,0.0,0.0,prepaid,1.503,0.0,0.0,45.0,0.0,53.1,1124.855,"",'132793829580870244401,2026-05-04,11093113720,389d5fd1-ff0a-460f-b2e5-4a696e93cc79,"",Forward,100038384764,100038384764,11504,1502.86,5.0,1750.0,0.0,1750.0,packet_delivered,0.0,0.0,0.0,0.0,0.0,0.0,0.0,0.0,NA,0,1749.0
NFT-/XUTR/DEUTH026124A05FZX,24.57,0.0,0.0,1650.0,516.0,133.954,2.457,0.0,0.0,prepaid,0.491,106.0,0.0,0.0,0.0,125.08,-504.178,"",'132831507643525772101,2026-05-04,11101350622,6f846045-fa8f-4819-9486-a709045905f2,100153102006,Reverse,100046621649,1000013435441,11504,491.43,5.0,1040.0,0.0,1040.0,return_refund,0.0,0.0,0.0,0.0,0.0,0.0,0.0,0.0,NA,0,610.0
NFT-/XUTR/DEUTH026124A05FZX,21.91,0.0,0.0,1499.0,460.0,21.712,2.19,0.0,0.0,prepaid,0.438,0.0,0.0,27.0,0.0,31.86,403.8,"",'132787959654803132103,2026-05-04,11091800243,c1bc3c45-28f9-49f0-87c6-06484bc6ea79,"",Forward,100037071288,100037071288,11504,438.1,5.0,945.0,0.0,945.0,packet_delivered,0.0,0.0,0.0,0.0,0.0,0.0,0.0,0.0,NA,0,554.01
NFT-/XUTR/DEUTH026124A05FZX,0.0,35.19,35.19,3299.0,1478.0,366.248,0.0,3.519,3.519,prepaid,1.408,106.0,0.0,0.0,0.0,125.08,-1228.386,"",'132816099275230894003,2026-05-04,11098294651,cb46e9f2-1c88-41cd-ab6a-234f2f4e1d63,100152659053,Reverse,100043565687,100043565687,11504,1407.62,5.0,1650.0,0.0,1650.0,return_refund,0.0,0.0,0.0,0.0,0.0,0.0,0.0,0.0,NA,0,1649.0
NFT-/XUTR/DEUTH026124A05FZX,39.81,0.0,0.0,2799.0,836.0,217.026,3.981,0.0,0.0,prepaid,0.796,0.0,0.0,27.0,0.0,31.86,582.337,"",'132778653023972954001,2026-05-04,11089566474,5739329c-4b16-4393-b200-8f55510be939,"",Forward,100034837526,100034837526,11504,796.19,5.0,1792.0,0.0,1792.0,packet_delivered,0.0,0.0,0.0,0.0,0.0,0.0,0.0,0.0,NA,0,1007.0
NFT-/XUTR/DEUTH026124A05FZX,48.48,0.0,0.0,1699.0,1018.0,156.161,4.848,0.0,0.0,prepaid,0.97,0.0,0.0,45.0,0.0,53.1,802.921,"",'132820677046090045603,2026-05-04,11098929250,fe15ce3c-4434-4d5b-84f0-2e92f6e64d47,"",Forward,100044200285,100044200285,11504,969.52,5.0,510.0,0.0,510.0,packet_delivered,0.0,0.0,0.0,0.0,0.0,0.0,0.0,0.0,NA,0,1189.0
NFT-/XUTR/DEUTH026124A05FZX,56.86,0.0,0.0,1950.0,1194.0,281.784,5.686,0.0,0.0,prepaid,1.137,0.0,0.0,45.0,0.0,53.1,852.293,"",'132786960033363386701,2026-05-04,11091478421,57a92d61-4ff4-4a76-be18-1c8ffdf8f183,"",Forward,100036749466,100036749466,11504,1137.14,5.0,585.0,0.0,585.0,packet_delivered,0.0,0.0,0.0,0.0,0.0,0.0,0.0,0.0,NA,0,1365.0
NFT-/XUTR/DEUTH026124A05FZX,58.29,0.0,0.0,3100.0,1224.0,303.307,5.829,0.0,0.0,prepaid,1.166,0.0,0.0,45.0,0.0,53.1,860.598,"",'132832130949823553201,2026-05-04,11101523478,61cad3ca-862a-4cd9-acf4-3b836c7014ed,"",Forward,100046794505,100046794505,11504,1165.71,5.0,1705.0,0.0,1705.0,packet_delivered,0.0,0.0,0.0,0.0,0.0,0.0,0.0,0.0,NA,0,1395.0
NFT-/XUTR/DEUTH026124A05FZX,63.24,0.0,0.0,2999.0,1328.0,329.078,6.324,0.0,0.0,prepaid,1.265,0.0,0.0,45.0,0.0,53.1,938.233,"",'132781432646433398503,2026-05-04,11090417184,b31390d5-20da-47f7-b2eb-10e42dad4f78,"",Forward,100035688235,100035688235,11504,1264.76,5.0,1500.0,0.0,1500.0,packet_delivered,0.0,0.0,0.0,0.0,0.0,0.0,0.0,0.0,NA,0,1498.99
NFT-/XUTR/DEUTH026124A05FZX,58.95,0.0,0.0,2999.0,1238.0,306.776,5.895,0.0,0.0,prepaid,1.179,0.0,0.0,45.0,0.0,53.1,871.05,"",'132789468112379728403,2026-05-04,11092353989,2d3435e0-2d45-4503-8658-f31aba43e177,"",Forward,100037625034,100037625034,11504,1179.05,5.0,1590.0,0.0,1590.0,packet_delivered,0.0,0.0,0.0,0.0,0.0,0.0,0.0,0.0,NA,0,1409.0
NFT-/XUTR/DEUTH026124A05FZX,53.48,0.0,0.0,3499.0,1123.0,278.279,5.348,0.0,0.0,prepaid,1.07,0.0,0.0,45.0,0.0,53.1,785.203,"",'132804644581668358201,2026-05-04,11095631709,ec7c0ba7-2457-474c-8e5f-322d0a22d8a8,"",Forward,100040902750,1000012162241,11504,1069.52,5.0,2205.0,0.0,2205.0,packet_delivered,0.0,0.0,0.0,0.0,0.0,0.0,0.0,0.0,NA,0,1294.0
NFT-/XUTR/DEUTH026124A05FZX,0.0,17.02,17.02,1799.0,715.0,185.614,0.0,1.7025,1.7025,prepaid,0.681,0.0,0.0,27.0,0.0,31.86,493.44,"",'132815652444144358301,2026-05-04,11098198582,3775bac9-790d-4472-94a3-5aaa4903e657,"",Forward,100043469618,100043469618,11504,680.96,5.0,990.0,0.0,990.0,packet_delivered,0.0,0.0,0.0,0.0,0.0,0.0,0.0,0.0,NA,0,809.0
NFT-/XUTR/DEUTH026124A05FZX,41.33,0.0,0.0,2599.0,868.0,225.333,4.133,0.0,0.0,prepaid,0.827,0.0,0.0,27.0,0.0,31.86,605.847,"",'132795340480356651703,2026-05-04,11093549772,3261b73e-8050-4bc3-a0ee-e85f0e0da575,"",Forward,100038820816,100038820816,11504,826.67,5.0,1560.0,0.0,1560.0,packet_delivered,0.0,0.0,0.0,0.0,0.0,0.0,0.0,0.0,NA,0,1039.0
NFT-/XUTR/DEUTH026124A05FZX,18.95,0.0,0.0,1699.0,325.0,15.339999999999996,1.548,0.0,0.0,prepaid,0.31,148.618,0.0,0.0,0.0,175.36924,-483.171,"",'132803110919442371901,2026-05-04,11095196075,ca678a4c-15db-45e6-bbf0-8a0b5aac6b24,100155497312,Reverse,100040467117,1000011598255,11504,379.05,5.0,1207.0,73.0,1280.0,return_refund,0.0,0.0,0.0,0.0,0.0,0.0,0.0,0.0,NA,0,492.0
NFT-/XUTR/DEUTH026124A05FZX,70.38,0.0,0.0,3299.0,1478.0,366.248,7.038,0.0,0.0,prepaid,1.408,127.0,0.0,0.0,0.0,149.86,-1253.166,"",'132813466341303223201,2026-05-04,11097542154,05a334ec-b8cd-4dfe-9f39-99193af28e35,100152782744,Reverse,100042813190,1000012693691,11504,1407.62,5.0,1650.0,0.0,1650.0,return_refund,0.0,0.0,0.0,0.0,0.0,0.0,0.0,0.0,NA,0,1649.0
NFT-/XUTR/DEUTH026124A05FZX,18.95,0.0,0.0,1699.0,398.0,18.786,1.895,0.0,0.0,prepaid,0.379,0.0,0.0,0.0,0.0,0.0,376.94,"",'132797059632711760601,2026-05-04,11094022920,78bb698d-1a8b-4e26-b902-1a35927fbf9e,"",Forward,100039293962,100039293962,11504,379.05,5.0,1207.0,0.0,1207.0,packet_delivered,0.0,0.0,0.0,0.0,0.0,0.0,0.0,0.0,NA,0,492.0
NFT-/XUTR/DEUTH026124A05FZX,87.05,0.0,0.0,3999.0,1828.0,474.549,8.705,0.0,0.0,prepaid,1.741,0.0,0.0,45.0,0.0,53.1,1289.905,"",'132810767511409854903,2026-05-04,11096847647,111247b4-293a-49b1-84f6-f134b0cf6c86,"",Forward,100042118688,100042118688,11504,1740.95,5.0,2000.0,0.0,2000.0,packet_delivered,0.0,0.0,0.0,0.0,0.0,0.0,0.0,0.0,NA,0,1999.0
NFT-/XUTR/DEUTH026124A05FZX,21.91,0.0,0.0,1499.0,460.0,21.712,2.19,0.0,0.0,prepaid,0.438,0.0,0.0,27.0,0.0,31.86,403.8,"",'132818612883537770103,2026-05-04,11098450482,f3bb1ec6-7d5d-42ec-a215-bc2100001917,"",Forward,100043721518,100043721518,11504,438.1,5.0,945.0,0.0,945.0,packet_delivered,0.0,0.0,0.0,0.0,0.0,0.0,0.0,0.0,NA,0,554.0
NFT-/XUTR/DEUTH026124A05FZX,55.62,0.0,0.0,2999.0,1168.0,289.43,5.562,0.0,0.0,prepaid,1.112,0.0,0.0,45.0,0.0,53.1,818.796,"",'132843782245020624103,2026-05-04,11103832291,485c98a4-a5ee-4ac4-89ca-c3f827cca219,"",Forward,100049103300,100049103300,11504,1112.38,5.0,1660.0,0.0,1660.0,packet_delivered,0.0,0.0,0.0,0.0,0.0,0.0,0.0,0.0,NA,0,1339.0
NFT-/XUTR/DEUTH026124A05FZX,39.52,0.0,0.0,2499.0,830.0,215.468,3.952,0.0,0.0,prepaid,0.79,106.0,0.0,0.0,0.0,125.08,-734.87,"",'132804600702877001701,2026-05-04,11095619919,b006dee0-674d-4c36-b0be-c5d8b8a4f39a,11095619919,Reverse,100040890960,100040890960,11504,790.48,5.0,1575.0,0.0,1575.0,exchange,0.0,0.0,0.0,0.0,0.0,0.0,0.0,0.0,NA,0,924.0
NFT-/XUTR/DEUTH026124A05FZX,63.24,0.0,0.0,2999.0,1328.0,329.078,6.324,0.0,0.0,prepaid,1.265,182.0,0.0,0.0,0.0,214.76,-1206.093,"",'132815833587856173201,2026-05-04,11098244873,db1d698e-8213-4d60-93b2-47e0d8169b21,100153479500,Reverse,100043515909,100043515909,11504,1264.76,5.0,1500.0,0.0,1500.0,return_refund,0.0,0.0,0.0,0.0,0.0,0.0,0.0,0.0,NA,0,1499.0
NFT-/XUTR/DEUTH026124A05FZX,90.86,0.0,0.0,4499.0,1487.676,368.646,7.084,0.0,0.0,prepaid,1.417,0.0,0.0,35.087,0.0,41.40266,1069.126,"",'132806484888419176801,2026-05-04,11096214100,727df008-ba75-4a90-a835-433475ff4032,"",Forward,100041485141,100041485141,11504,1817.14,5.0,2385.0,0.0,2385.0,packet_delivered,0.0,0.0,0.0,0.0,0.0,0.0,0.0,0.0,NA,0,2114.02
NFT-/XUTR/DEUTH026124A05FZX,70.38,0.0,0.0,3299.0,1478.0,366.248,7.038,0.0,0.0,prepaid,1.408,0.0,0.0,45.0,0.0,53.1,1050.206,"",'132806859276047169401,2026-05-04,11096372497,bff481ec-2ade-4f4b-b6a0-72c6a00c50b7,"",Forward,100041643538,1000012155087,11504,1407.62,5.0,1650.0,0.0,1650.0,packet_delivered,0.0,0.0,0.0,0.0,0.0,0.0,0.0,0.0,NA,0,1649.01
NFT-/XUTR/DEUTH026124A05FZX,43.24,0.0,0.0,2399.0,908.0,235.717,4.324,0.0,0.0,prepaid,0.865,167.0,0.0,0.0,0.0,197.06,-864.154,"",'132780956278528910403,2026-05-04,11090278657,656ebc36-e872-4692-b474-820b0e9ee6a6,100151974082,Reverse,100035549708,1000010362627,11504,864.76,5.0,1320.0,0.0,1320.0,return_refund,0.0,0.0,0.0,0.0,0.0,0.0,0.0,0.0,NA,0,1079.0
NFT-/XUTR/DEUTH026124A05FZX,38.33,0.0,0.0,1799.0,805.0,208.978,3.833,0.0,0.0,prepaid,0.767,182.0,0.0,0.0,0.0,214.76,-806.182,"",'132789721294387550801,2026-05-04,11092466547,7790aafc-8a6d-473b-8c72-088aa11c960b,100153704380,Reverse,100037737592,1000011598482,11504,766.67,5.0,900.0,0.0,900.0,return_refund,0.0,0.0,0.0,0.0,0.0,0.0,0.0,0.0,NA,0,899.0
NFT-/XUTR/DEUTH026124A05FZX,63.24,0.0,0.0,2999.0,1328.0,329.078,6.324,0.0,0.0,prepaid,1.265,0.0,0.0,45.0,0.0,53.1,938.233,"",'132780583217061168403,2026-05-04,11090147151,3699e076-1907-4fff-9e87-1b635866e7f1,"",Forward,100035418202,100035418202,11504,1264.76,5.0,1500.0,0.0,1500.0,packet_delivered,0.0,0.0,0.0,0.0,0.0,0.0,0.0,0.0,NA,0,1499.0
NFT-/XUTR/DEUTH026124A05FZX,52.24,0.0,0.0,2699.0,1097.0,271.837,5.224,0.0,0.0,prepaid,1.045,0.0,0.0,45.0,0.0,53.1,765.794,"",'132789465752238226801,2026-05-04,11092352891,09c91138-8b16-4f81-b5d7-e17f7a76fdd0,"",Forward,100037623936,100037623936,11504,1044.76,5.0,1431.0,0.0,1431.0,packet_delivered,0.0,0.0,0.0,0.0,0.0,0.0,0.0,0.0,NA,0,1268.0
NFT-/XUTR/DEUTH026124A05FZX,90.14,0.0,0.0,2999.0,1893.0,469.085,9.014,0.0,0.0,prepaid,1.803,0.0,0.0,45.0,0.0,53.1,1359.998,"",'132823309505477661201,2026-05-04,11099660772,1eaaa218-783b-4d7c-aa6d-53ad0f609e0d,"",Forward,100044931806,100044931806,11504,1802.86,5.0,900.0,0.0,900.0,packet_delivered,0.0,0.0,0.0,0.0,0.0,0.0,0.0,0.0,NA,0,2099.0
NFT-/XUTR/DEUTH026124A05FZX,40.71,0.0,0.0,1899.0,855.0,221.958,4.071,0.0,0.0,prepaid,0.814,182.0,0.0,0.0,0.0,214.76,-842.917,"",'132794400379520349101,2026-05-04,11093279210,25345053-77ba-4d69-b5f8-eff252b235b4,100153496849,Reverse,100038550254,1000011012642,11504,814.29,5.0,950.0,0.0,950.0,return_refund,0.0,0.0,0.0,0.0,0.0,0.0,0.0,0.0,NA,0,949.0
NFT-/XUTR/DEUTH026124A05FZX,40.24,0.0,0.0,1999.0,845.0,219.362,4.024,0.0,0.0,prepaid,0.805,127.0,0.0,0.0,0.0,149.86,-770.669,"",'132802785753494358701,2026-05-04,11095092969,d3d3cd42-8223-47f0-86af-f1618fbe704a,100152100025,Reverse,100040364011,100040364011,11504,804.76,5.0,1060.0,0.0,1060.0,return_refund,0.0,0.0,0.0,0.0,0.0,0.0,0.0,0.0,NA,0,939.0
NFT-/XUTR/DEUTH026124A05FZX,31.19,0.0,0.0,1499.0,655.0,170.038,3.119,0.0,0.0,prepaid,0.624,0.0,0.0,27.0,0.0,31.86,449.359,"",'132789127319555792101,2026-05-04,11092205910,ceca2004-0235-4cbf-af9a-d78f4a070130,"",Forward,100037476955,100037476955,11504,623.81,5.0,750.0,0.0,750.0,packet_delivered,0.0,0.0,0.0,0.0,0.0,0.0,0.0,0.0,NA,0,749.0
NFT-/XUTR/DEUTH026124A05FZX,56.71,0.0,0.0,2899.0,1191.0,295.13,5.671,0.0,0.0,prepaid,1.134,0.0,0.0,45.0,0.0,53.1,835.965,"",'132827807422143157603,2026-05-04,11100387317,790454b1-b5bc-41fc-8c3b-4e596cd33f8c,"",Forward,100045658350,100045658350,11504,1134.29,5.0,1537.0,0.0,1537.0,packet_delivered,0.0,0.0,0.0,0.0,0.0,0.0,0.0,0.0,NA,0,1362.0
NFT-/XUTR/DEUTH026124A05FZX,19.91,0.0,0.0,2599.0,418.0,19.73,1.99,0.0,0.0,prepaid,0.398,0.0,0.0,0.0,0.0,0.0,395.882,"",'132798243076986633003,2026-05-04,11094418452,aa2effa2-492f-42ba-9b60-5aba1084267f,"",Forward,100039689494,100039689494,11504,398.1,5.0,2113.0,0.0,2113.0,packet_delivered,0.0,0.0,0.0,0.0,0.0,0.0,0.0,0.0,NA,0,486.01000000000005
NFT-/XUTR/DEUTH026124A05FZX,59.71,0.0,0.0,2999.0,1254.0,310.741,5.971,0.0,0.0,prepaid,1.194,0.0,0.0,45.0,0.0,53.1,882.994,"",'132835368578006272401,2026-05-04,11102004628,b5e12b55-2faa-4a7b-965a-4f7d5cf5e507,"",Forward,100047275655,100047275655,11504,1194.29,5.0,1574.0,0.0,1574.0,packet_delivered,0.0,0.0,0.0,0.0,0.0,0.0,0.0,0.0,NA,0,1425.0
NFT-/XUTR/DEUTH026124A05FZX,40.71,0.0,0.0,1899.0,855.0,221.958,4.071,0.0,0.0,prepaid,0.814,0.0,0.0,27.0,0.0,31.86,596.297,"",'132824197206923893701,2026-05-04,11100005147,7d57c36e-4582-4811-b096-b7cd21b5d388,"",Forward,100045276180,1000012995229,11504,814.29,5.0,950.0,0.0,950.0,packet_delivered,0.0,0.0,0.0,0.0,0.0,0.0,0.0,0.0,NA,0,949.0
NFT-/XUTR/DEUTH026124A05FZX,18.95,0.0,0.0,1699.0,398.0,18.786,1.895,0.0,0.0,prepaid,0.379,182.0,0.0,0.0,0.0,214.76,-591.7,"",'132806204946268961001,2026-05-04,11096109995,ea2b6899-367e-44fa-9b82-a8f4f8c54b5d,11096109995,Reverse,100041381036,100041381036,11504,379.05,5.0,1207.0,0.0,1207.0,exchange,0.0,0.0,0.0,0.0,0.0,0.0,0.0,0.0,NA,0,492.0
NFT-/XUTR/DEUTH026124A05FZX,65.67,0.0,0.0,3299.0,1379.0,341.716,6.567,0.0,0.0,prepaid,1.313,0.0,0.0,45.0,0.0,53.1,976.304,"",'132792494643137967601,2026-05-04,11092807621,fc04c526-2f77-478a-ada8-41398ea5a2ed,"",Forward,100038078666,100038078666,11504,1313.33,5.0,1749.0,0.0,1749.0,packet_delivered,0.0,0.0,0.0,0.0,0.0,0.0,0.0,0.0,NA,0,1550.0
NFT-/XUTR/DEUTH026124A05FZX,55.14,0.0,0.0,1899.0,1158.0,273.288,5.514,0.0,0.0,prepaid,1.103,0.0,0.0,45.0,0.0,53.1,824.995,"",'132812695201510161503,2026-05-04,11097349175,1842689f-fa2d-4a93-8648-52d4bc81c247,"",Forward,100042620215,1000012281764,11504,1102.86,5.0,570.0,0.0,570.0,packet_delivered,0.0,0.0,0.0,0.0,0.0,0.0,0.0,0.0,NA,0,1329.0
NFT-/XUTR/DEUTH026124A05FZX,31.19,0.0,0.0,1499.0,655.0,170.038,3.119,0.0,0.0,prepaid,0.624,0.0,0.0,27.0,0.0,31.86,449.359,"",'132819229003005765401,2026-05-04,11098567574,986f020e-f447-4332-9639-12c3bd4dee97,"",Forward,100043838609,100043838609,11504,623.81,5.0,750.0,0.0,750.0,packet_delivered,0.0,0.0,0.0,0.0,0.0,0.0,0.0,0.0,NA,0,749.0
NFT-/XUTR/DEUTH026124A05FZX,82.24,0.0,0.0,1899.0,767.85,181.213,3.656,0.0,0.0,prepaid,0.731,0.0,0.0,20.008,0.0,23.60944,558.641,"",'132797988440028531701,2026-05-04,11094323909,d933fc7f-6acd-4f21-828c-d98cb6820a5c,"",Forward,100039594951,1000011296218,11504,1644.76,5.0,1.0,0.0,1.0,packet_delivered,0.0,0.0,0.0,0.0,0.0,0.0,0.0,0.0,NA,0,1898.0
NFT-/XUTR/DEUTH026124A05FZX,79.33,0.0,0.0,2625.0,1666.0,412.835,7.933,0.0,0.0,prepaid,1.587,0.0,0.0,45.0,0.0,53.1,1190.545,"",'132815505805726368101,2026-05-04,11098145488,a506b535-101f-45d6-887c-04f63a49acc4,"",Forward,100043416524,100043416524,11504,1586.67,5.0,788.0,0.0,788.0,packet_delivered,0.0,0.0,0.0,0.0,0.0,0.0,0.0,0.0,NA,0,1836.99
NFT-/XUTR/DEUTH026124A05FZX,0.0,20.36,20.36,1899.0,855.0,221.958,0.0,2.0355,2.0355,prepaid,0.814,106.0,0.0,0.0,0.0,125.08,-753.237,"",'132820621695135529403,2026-05-04,11098913379,302dad26-a8d5-4dba-92ae-570ccc9b5a63,100155194895,Reverse,100044184413,100044184413,11504,814.28,5.0,950.0,0.0,950.0,return_refund,0.0,0.0,0.0,0.0,0.0,0.0,0.0,0.0,NA,0,948.99
NFT-/XUTR/DEUTH026124A05FZX,68.71,0.0,0.0,3399.0,1443.0,357.575,6.871,0.0,0.0,prepaid,1.374,106.0,0.0,0.0,0.0,125.08,-1202.26,"",'132831321477755341503,2026-05-04,11101301230,afb5e296-d6b5-4821-bc7e-247563c49426,100154195413,Reverse,100046572257,1000013770251,11504,1374.29,5.0,1785.0,0.0,1785.0,return_refund,0.0,0.0,0.0,0.0,0.0,0.0,0.0,0.0,NA,0,1614.0
NFT-/XUTR/DEUTH026124A05FZX,34.81,0.0,0.0,1650.0,731.0,189.768,3.481,0.0,0.0,prepaid,0.696,0.0,0.0,27.0,0.0,31.86,505.195,"",'132784534163839123303,2026-05-04,11090701030,fece8f03-b62f-4393-9667-f7e14bab3b27,"",Forward,100035972079,1000010260505,11504,696.19,5.0,825.0,0.0,825.0,packet_delivered,0.0,0.0,0.0,0.0,0.0,0.0,0.0,0.0,NA,0,825.0
NFT-/XUTR/DEUTH026124A05FZX,55.14,0.0,0.0,1899.0,1158.0,273.288,5.514,0.0,0.0,prepaid,1.103,0.0,0.0,45.0,0.0,53.1,824.995,"",'132786674438694692901,2026-05-04,11091385214,fb0f46dd-bdde-4169-b143-a225a7fae1ee,"",Forward,100036656259,100036656259,11504,1102.86,5.0,570.0,0.0,570.0,packet_delivered,0.0,0.0,0.0,0.0,0.0,0.0,0.0,0.0,NA,0,1329.0
NFT-/XUTR/DEUTH026124A05FZX,0.0,17.98,17.98,1699.0,755.0,195.998,0.0,1.7975,1.7975,prepaid,0.719,0.0,0.0,27.0,0.0,31.86,522.828,"",'132822888400681796703,2026-05-04,11099539641,e1cedf03-5f45-4cbc-9bb3-47ce73d1770b,"",Forward,100044810675,100044810675,11504,719.04,5.0,850.0,0.0,850.0,packet_delivered,0.0,0.0,0.0,0.0,0.0,0.0,0.0,0.0,NA,0,849.0
NFT-/XUTR/DEUTH026124A05FZX,18.95,0.0,0.0,1699.0,398.0,18.786,1.895,0.0,0.0,prepaid,0.379,0.0,0.0,0.0,0.0,0.0,376.94,"",'132823778200321831003,2026-05-04,11099835798,aa6e6e20-188c-4dde-aaa3-ba2540a5ecd7,"",Forward,100045106831,100045106831,11504,379.05,5.0,1207.0,0.0,1207.0,packet_delivered,0.0,0.0,0.0,0.0,0.0,0.0,0.0,0.0,NA,0,492.0
NFT-/XUTR/DEUTH026124A05FZX,35.95,0.0,0.0,1699.0,0.85,0.221,0.004,0.0,0.0,prepaid,0.001,0.143,0.0,0.0,0.0,0.16874,-0.793,"",'132832600314837012801,2026-05-04,11101670639,3f6a4444-3f95-43f8-8ab0-50212cc4b7c2,11101670639,Reverse,100046941666,100046941666,11504,719.05,5.0,850.0,0.0,850.0,exchange,0.0,0.0,0.0,0.0,0.0,0.0,0.0,0.0,NA,0,848.99
NFT-/XUTR/DEUTH026124A05FZX,58.48,0.0,0.0,2799.0,1228.0,304.298,5.848,0.0,0.0,prepaid,1.17,0.0,0.0,45.0,0.0,53.1,863.584,"",'132805142521780992303,2026-05-04,11095769166,78d75857-06a4-44cd-add4-23d8a493972c,"",Forward,100041040207,1000012170723,11504,1169.52,5.0,1400.0,0.0,1400.0,packet_delivered,0.0,0.0,0.0,0.0,0.0,0.0,0.0,0.0,NA,0,1399.0
NFT-/XUTR/DEUTH026124A05FZX,75.19,0.0,0.0,1750.0,1579.0,372.644,7.519,0.0,0.0,prepaid,1.504,0.0,0.0,45.0,0.0,53.1,1144.233,"",'132806373873183054301,2026-05-04,11096170322,794286fe-eb79-4fe5-8efc-b80c00afbf08,"",Forward,100041441363,1000011855093,11504,1503.81,5.0,0.0,0.0,0.0,packet_delivered,0.0,0.0,0.0,0.0,0.0,0.0,0.0,0.0,NA,0,1750.0
NFT-/XUTR/DEUTH026124A05FZX,104.43,0.0,0.0,2399.0,2193.0,517.548,10.443,0.0,0.0,prepaid,2.089,167.0,0.0,0.0,0.0,197.06,-1859.98,"",'132777626378091147701,2026-05-04,11089263418,5df33141-9017-4476-84af-02d2cafaa43f,11089263418,Reverse,100034534470,100034534470,11504,2088.57,5.0,0.0,0.0,0.0,exchange,0.0,0.0,0.0,0.0,0.0,0.0,0.0,0.0,NA,0,2399.0
NFT-/XUTR/DEUTH026124A05FZX,37.19,0.0,0.0,1750.0,781.0,202.748,3.719,0.0,0.0,prepaid,0.744,182.0,0.0,0.0,0.0,214.76,-788.549,"",'132797404608627679803,2026-05-04,11094123977,0e557224-6e34-44b0-a57d-cdb1e36612c5,100153049551,Reverse,100039395019,100039395019,11504,743.81,5.0,875.0,0.0,875.0,return_refund,0.0,0.0,0.0,0.0,0.0,0.0,0.0,0.0,NA,0,875.0
NFT-/XUTR/DEUTH026124A05FZX,37.19,0.0,0.0,1750.0,781.0,202.748,3.719,0.0,0.0,prepaid,0.744,106.0,0.0,0.0,0.0,125.08,-698.869,"",'132820778744271868601,2026-05-04,11098958101,b4ce5088-7edd-4c50-bf68-307c8c52ffca,100152860335,Reverse,100044229135,100044229135,11504,743.81,5.0,875.0,0.0,875.0,return_refund,0.0,0.0,0.0,0.0,0.0,0.0,0.0,0.0,NA,0,875.0
NFT-/XUTR/DEUTH026124A05FZX,35.29,0.0,0.0,2499.0,741.0,34.97500000000001,3.529,0.0,0.0,prepaid,0.706,106.0,0.0,0.0,0.0,125.08,-826.87,"",'132839893307781036303,2026-05-04,11103135949,a3e6c824-3c9f-40c9-8136-0987e6bb4a2f,100153548784,Reverse,100048406958,1000014288109,11504,705.71,5.0,1664.0,0.0,1664.0,return_refund,0.0,0.0,0.0,0.0,0.0,0.0,0.0,0.0,NA,0,835.0
NFT-/XUTR/DEUTH026124A05FZX,0.0,18.0,18.0,1699.0,756.0,196.258,0.0,1.8,1.8,prepaid,0.72,106.0,0.0,0.0,0.0,125.08,-680.502,"",'132840229988577656001,2026-05-04,11103221524,00735f9c-18bd-4d03-a9a2-f87aedbd8f5f,100154152561,Reverse,100048492533,1000013953731,11504,720,5.0,849.0,0.0,849.0,return_refund,0.0,0.0,0.0,0.0,0.0,0.0,0.0,0.0,NA,0,850.0
NFT-/XUTR/DEUTH026124A05FZX,62.1,0.0,0.0,2950.0,1304.0,323.131,6.21,0.0,0.0,prepaid,1.242,167.0,0.0,0.0,0.0,197.06,-1170.477,"",'132786578485095405201,2026-05-04,11091353509,4c30ccae-1896-4527-861b-b0e9c99760c5,100152023971,Reverse,100036624555,100036624555,11504,1241.9,5.0,1475.0,0.0,1475.0,return_refund,0.0,0.0,0.0,0.0,0.0,0.0,0.0,0.0,NA,0,1475.0
NFT-/XUTR/DEUTH026124A05FZX,35.95,0.0,0.0,1699.0,755.0,195.998,3.595,0.0,0.0,prepaid,0.719,0.0,0.0,27.0,0.0,31.86,522.828,"",'132806449097001805203,2026-05-04,11096199665,b9854abc-561b-41a7-977a-743daa5bdb50,"",Forward,100041470706,100041470706,11504,719.05,5.0,850.0,0.0,850.0,packet_delivered,0.0,0.0,0.0,0.0,0.0,0.0,0.0,0.0,NA,0,849.0
NFT-/XUTR/DEUTH026124A05FZX,0.0,19.83,19.83,1950.0,833.0,216.247,0.0,1.9835,1.9835,prepaid,0.793,106.0,0.0,0.0,0.0,125.08,-737.073,"",'132841267855839945401,2026-05-04,11103522324,0483e67e-0295-439d-8e98-3d873eefa77f,100153581241,Reverse,100048793333,1000014037112,11504,793.34,5.0,1023.0,0.0,1023.0,return_refund,0.0,0.0,0.0,0.0,0.0,0.0,0.0,0.0,NA,0,927.0000000000001
NFT-/XUTR/DEUTH026124A05FZX,56.1,0.0,0.0,2999.0,1178.0,291.908,5.61,0.0,0.0,prepaid,1.122,0.0,0.0,45.0,0.0,53.1,826.26,"",'132815464716365339401,2026-05-04,11098129347,9cbc987f-abd7-4ff8-beec-2af77f7fbd1b,"",Forward,100043400383,100043400383,11504,1121.9,5.0,1650.0,0.0,1650.0,packet_delivered,0.0,0.0,0.0,0.0,0.0,0.0,0.0,0.0,NA,0,1349.0
NFT-/XUTR/DEUTH026124A05FZX,38.33,0.0,0.0,1799.0,805.0,208.978,3.833,0.0,0.0,prepaid,0.767,167.0,0.0,0.0,0.0,197.06,-788.482,"",'132786686085637451403,2026-05-04,11091389083,98d1a506-ce4a-4f74-a4b5-f5df26ee41c8,100153294064,Reverse,100036660128,100036660128,11504,766.67,5.0,900.0,0.0,900.0,return_refund,0.0,0.0,0.0,0.0,0.0,0.0,0.0,0.0,NA,0,899.0
NFT-/XUTR/DEUTH026124A05FZX,18.19,0.0,0.0,1699.0,382.0,18.03,1.819,0.0,0.0,prepaid,0.364,182.0,0.0,0.0,0.0,214.76,-576.547,"",'132812055697248564601,2026-05-04,11097182217,13677242-2e10-476d-850d-6c5b5f3d39a2,100153829913,Reverse,100042453257,100042453257,11504,363.81,5.0,1258.0,0.0,1258.0,return_refund,0.0,0.0,0.0,0.0,0.0,0.0,0.0,0.0,NA,0,441.0
NFT-/XUTR/DEUTH026124A05FZX,33.57,0.0,0.0,1599.0,705.0,183.018,3.357,0.0,0.0,prepaid,0.671,127.0,0.0,0.0,0.0,149.86,-667.814,"",'132812341792074251701,2026-05-04,11097254994,aa37b636-acac-4652-86c4-1fc19d2d5ce3,100153673979,Reverse,100042526034,100042526034,11504,671.43,5.0,800.0,0.0,800.0,return_refund,0.0,0.0,0.0,0.0,0.0,0.0,0.0,0.0,NA,0,799.0
NFT-/XUTR/DEUTH026124A05FZX,42.52,0.0,0.0,2599.0,893.0,231.823,4.252,0.0,0.0,prepaid,0.85,182.0,0.0,0.0,0.0,214.76,-870.835,"",'132815547292203163003,2026-05-04,11098161092,11b5b084-bba2-4f59-b233-9da56cb11814,100154243039,Reverse,100043432128,100043432128,11504,850.48,5.0,1612.0,0.0,1612.0,return_refund,0.0,0.0,0.0,0.0,0.0,0.0,0.0,0.0,NA,0,987.0
NFT-/XUTR/DEUTH026124A05FZX,28.95,0.0,0.0,1899.0,608.0,157.837,2.895,0.0,0.0,prepaid,0.579,0.0,0.0,27.0,0.0,31.86,414.829,"",'132768475432763809401,2026-05-04,11087204176,fd150d79-be58-4f82-b75c-5a79420c3ad9,"",Forward,100032475229,100032475229,11504,579.05,5.0,1197.0,0.0,1197.0,packet_delivered,0.0,0.0,0.0,0.0,0.0,0.0,0.0,0.0,NA,0,702.0
NFT-/XUTR/DEUTH026124A05FZX,72.76,0.0,0.0,3399.0,1528.0,342.578,7.276,0.0,0.0,prepaid,1.455,0.0,0.0,45.0,0.0,53.1,1123.591,"",'132797839560799365001,2026-05-04,11094270208,a2dd6adf-3e76-46c2-8719-0a5620031d8d,"",Forward,100039541250,100039541250,11504,1455.24,5.0,1700.0,0.0,1700.0,packet_delivered,0.0,0.0,0.0,0.0,0.0,0.0,0.0,0.0,NA,0,1699.0
NFT-/XUTR/DEUTH026124A05FZX,77.52,0.0,0.0,3999.0,1628.0,422.629,7.752,0.0,0.0,prepaid,1.55,0.0,0.0,45.0,0.0,53.1,1142.969,"",'132805728025807731301,2026-05-04,11095951601,8d472959-4030-4714-8706-9c813c7d86bb,"",Forward,100041222643,1000011804133,11504,1550.48,5.0,2200.0,0.0,2200.0,packet_delivered,0.0,0.0,0.0,0.0,0.0,0.0,0.0,0.0,NA,0,1799.0
NFT-/XUTR/DEUTH026124A05FZX,0.0,19.57,19.57,1990.0,822.0,213.391,0.0,1.957,1.957,prepaid,0.783,106.0,0.0,0.0,0.0,125.08,-728.992,"",'132837298067630646603,2026-05-04,11102403047,bfd03dbc-b6c5-4137-8007-0b1399541e28,100153245561,Reverse,100047674074,100047674074,11504,782.86,5.0,1074.0,0.0,1074.0,return_refund,0.0,0.0,0.0,0.0,0.0,0.0,0.0,0.0,NA,0,916.0000000000001
NFT-/XUTR/DEUTH026124A05FZX,70.14,0.0,0.0,3499.0,1473.0,365.009,7.014,0.0,0.0,prepaid,1.403,0.0,0.0,45.0,0.0,53.1,1046.474,"",'132779878364768473501,2026-05-04,11089921764,5b6ccbee-8207-4c51-bafb-b27d30b36668,"",Forward,100035192815,100035192815,11504,1402.86,5.0,1855.0,0.0,1855.0,packet_delivered,0.0,0.0,0.0,0.0,0.0,0.0,0.0,0.0,NA,0,1644.0
NFT-/XUTR/DEUTH026124A05FZX,29.76,0.0,0.0,1599.0,625.0,162.25,2.976,0.0,0.0,prepaid,0.595,0.0,0.0,27.0,0.0,31.86,427.319,"",'132803373023212656601,2026-05-04,11095276631,65c1e7d7-8d7b-4dd5-a4e3-c754de84ca8e,"",Forward,100040547673,1000011621091,11504,595.24,5.0,880.0,0.0,880.0,packet_delivered,0.0,0.0,0.0,0.0,0.0,0.0,0.0,0.0,NA,0,719.0
NFT-/XUTR/DEUTH026124A05FZX,448.93,0.0,0.0,4499.0,2943.0,694.548,12.47,0.0,0.0,prepaid,2.494,0.0,0.0,61.0,0.0,71.98,2161.508,"",'132777692643084260403,2026-05-04,11089283484,afacc260-8eb4-487a-bb93-3463fb9da46f,"",Forward,100034554536,100034554536,11504,2494.07,18.0,1350.0,0.0,1350.0,packet_delivered,0.0,0.0,0.0,0.0,0.0,0.0,0.0,0.0,NA,0,3149.0
NFT-/XUTR/DEUTH026124A05FZX,48.48,0.0,0.0,1699.0,1018.0,240.248,4.848,0.0,0.0,prepaid,0.97,0.0,0.0,45.0,0.0,53.1,718.834,"",'132784534163839123303,2026-05-04,11090701028,fece8f03-b62f-4393-9667-f7e14bab3b27,"",Forward,100035972077,1000010260505,11504,969.52,5.0,510.0,0.0,510.0,packet_delivered,0.0,0.0,0.0,0.0,0.0,0.0,0.0,0.0,NA,0,1189.0
NFT-/XUTR/DEUTH026124A05FZX,39.52,0.0,0.0,2499.0,830.0,215.468,3.952,0.0,0.0,prepaid,0.79,0.0,0.0,27.0,0.0,31.86,577.93,"",'132789457465125151401,2026-05-04,11092349034,6fafd382-2c31-42ef-9cbf-570ca092a177,"",Forward,100037620079,1000011592688,11504,790.48,5.0,1575.0,0.0,1575.0,packet_delivered,0.0,0.0,0.0,0.0,0.0,0.0,0.0,0.0,NA,0,924.0
NFT-/XUTR/DEUTH026124A05FZX,42.91,0.0,0.0,2899.0,901.0,233.9,4.29,0.0,0.0,prepaid,0.858,0.0,0.0,27.0,0.0,31.86,630.092,"",'132811609792268649901,2026-05-04,11097064419,6c6754b3-5352-437e-a862-c58740b65391,"",Forward,100042335459,100042335459,11504,858.1,5.0,1827.0,0.0,1827.0,packet_delivered,0.0,0.0,0.0,0.0,0.0,0.0,0.0,0.0,NA,0,1072.01
NFT-/XUTR/DEUTH026124A05FZX,55.14,0.0,0.0,1899.0,1158.0,273.288,5.514,0.0,0.0,prepaid,1.103,0.0,0.0,45.0,0.0,53.1,824.995,"",'132814089857698972103,2026-05-04,11097697493,68bb8af6-cecf-424c-8bf6-d75c2bf970be,"",Forward,100042968529,100042968529,11504,1102.86,5.0,570.0,0.0,570.0,packet_delivered,0.0,0.0,0.0,0.0,0.0,0.0,0.0,0.0,NA,0,1328.99
NFT-/XUTR/DEUTH026124A05FZX,39.81,0.0,0.0,2399.0,836.0,217.026,3.981,0.0,0.0,prepaid,0.796,0.0,0.0,27.0,0.0,31.86,582.337,"",'132793768710392351501,2026-05-04,11093097087,64835aa4-9727-4997-8400-bc608d5a6f36,"",Forward,100038368131,1000011565731,11504,796.19,5.0,1392.0,0.0,1392.0,packet_delivered,0.0,0.0,0.0,0.0,0.0,0.0,0.0,0.0,NA,0,1007.0
NFT-/XUTR/DEUTH026124A05FZX,35.95,0.0,0.0,1699.0,755.0,195.998,3.595,0.0,0.0,prepaid,0.719,106.0,0.0,0.0,0.0,125.08,-679.768,"",'132811579325088833603,2026-05-04,11097056098,d694bde8-3d52-463c-8de2-7d0ebc77a4f9,100153199238,Reverse,100042327138,100042327138,11504,719.05,5.0,850.0,0.0,850.0,return_refund,0.0,0.0,0.0,0.0,0.0,0.0,0.0,0.0,NA,0,849.0
NFT-/XUTR/DEUTH026124A05FZX,60.86,0.0,0.0,2899.0,1278.0,316.688,6.086,0.0,0.0,prepaid,1.217,0.0,0.0,45.0,0.0,53.1,900.909,"",'132805586731286127603,2026-05-04,11095905175,3ceaa3c1-fea0-4a9c-8c2d-57ee2ba386cc,"",Forward,100041176215,100041176215,11504,1217.14,5.0,1450.0,0.0,1450.0,packet_delivered,0.0,0.0,0.0,0.0,0.0,0.0,0.0,0.0,NA,0,1449.0
NFT-/XUTR/DEUTH026124A05FZX,32.43,0.0,0.0,1650.0,681.0,176.788,3.243,0.0,0.0,prepaid,0.649,167.0,0.0,0.0,0.0,197.06,-697.38,"",'132778028194006085401,2026-05-04,11089386768,aa157de4-f63d-4c0d-87f9-2d6ce03ba48c,100152072120,Reverse,100034657820,1000009877924,11504,648.57,5.0,875.0,0.0,875.0,return_refund,0.0,0.0,0.0,0.0,0.0,0.0,0.0,0.0,NA,0,775.0
NFT-/XUTR/DEUTH026124A05FZX,0.0,32.83,32.83,3299.0,1379.0,341.716,0.0,3.2835,3.2835,prepaid,1.313,106.0,0.0,0.0,0.0,125.08,-1154.484,"",'132818907897375485403,2026-05-04,11098502129,71ba8983-0ca2-41bb-980b-a8359c5f9704,11098502129,Reverse,100043773165,100043773165,11504,1313.34,5.0,1749.0,0.0,1749.0,exchange,0.0,0.0,0.0,0.0,0.0,0.0,0.0,0.0,NA,0,1549.9999999999998
NFT-/XUTR/DEUTH026124A05FZX,0.0,18.57,18.57,1750.0,780.0,202.488,0.0,1.857,1.857,prepaid,0.743,106.0,0.0,0.0,0.0,125.08,-698.135,"",'132837674467160354501,2026-05-04,11102520708,51b63852-a762-414e-ba68-2a06934f849e,100153474967,Reverse,100047791735,1000013782739,11504,742.86,5.0,876.0,0.0,876.0,return_refund,0.0,0.0,0.0,0.0,0.0,0.0,0.0,0.0,NA,0,874.0000000000001
NFT-/XUTR/DEUTH026124A05FZX,38.33,0.0,0.0,1799.0,805.0,208.978,3.833,0.0,0.0,prepaid,0.767,0.0,0.0,27.0,0.0,31.86,559.562,"",'132776478851126481901,2026-05-04,11088894222,31398320-b57f-4585-8bfc-cca7d5e34124,"",Forward,100034165274,1000009727914,11504,766.67,5.0,900.0,0.0,900.0,packet_delivered,0.0,0.0,0.0,0.0,0.0,0.0,0.0,0.0,NA,0,899.0
NFT-/XUTR/DEUTH026124A05FZX,60.86,0.0,0.0,2899.0,1278.0,316.688,6.086,0.0,0.0,prepaid,1.217,0.0,0.0,45.0,0.0,53.1,900.909,"",'132779188096433133603,2026-05-04,11089721766,3d709bda-b06b-4fef-bfc8-a94c07887578,"",Forward,100034992817,100034992817,11504,1217.14,5.0,1450.0,0.0,1450.0,packet_delivered,0.0,0.0,0.0,0.0,0.0,0.0,0.0,0.0,NA,0,1449.0
NFT-/XUTR/DEUTH026124A05FZX,82.29,0.0,0.0,1899.0,1728.0,407.808,8.229,0.0,0.0,prepaid,1.646,0.0,0.0,45.0,0.0,53.1,1257.217,"",'132821424649857768903,2026-05-04,11099133657,5341e9ca-f7cf-4908-be1b-d113db71d92b,"",Forward,100044404691,100044404691,11504,1645.71,5.0,0.0,0.0,0.0,packet_delivered,0.0,0.0,0.0,0.0,0.0,0.0,0.0,0.0,NA,0,1899.0
NFT-/XUTR/DEUTH026124A05FZX,0.0,14.05,14.05,1850.0,590.0,153.164,0.0,1.405,1.405,prepaid,0.562,0.0,0.0,27.0,0.0,31.86,401.604,"",'132821775622807577001,2026-05-04,11099227296,c8974c09-238d-4e48-8500-ec57052ab8db,"",Forward,100044498330,100044498330,11504,561.9,5.0,1166.0,0.0,1166.0,packet_delivered,0.0,0.0,0.0,0.0,0.0,0.0,0.0,0.0,NA,0,683.9999999999999
NFT-/XUTR/DEUTH026124A05FZX,68.48,0.0,0.0,3999.0,1438.0,356.336,6.848,0.0,0.0,prepaid,1.37,0.0,0.0,45.0,0.0,53.1,1020.346,"",'132845199733658493803,2026-05-04,11104016439,c7cf1cbf-5476-45e3-afc4-901bbd150d51,"",Forward,100049287444,100049287444,11504,1369.52,5.0,2390.0,0.0,2390.0,packet_delivered,0.0,0.0,0.0,0.0,0.0,0.0,0.0,0.0,NA,0,1609.0
NFT-/XUTR/DEUTH026124A05FZX,0.0,31.62,31.62,2999.0,1328.0,329.078,0.0,3.162,3.162,prepaid,1.265,0.0,0.0,45.0,0.0,53.1,938.233,"",'132805068451936764701,2026-05-04,11095748152,9f7efd54-f61f-493e-a9f4-419105cce534,"",Forward,100041019193,1000012135032,11504,1264.76,5.0,1500.0,0.0,1500.0,packet_delivered,0.0,0.0,0.0,0.0,0.0,0.0,0.0,0.0,NA,0,1498.9999999999998
NFT-/XUTR/DEUTH026124A05FZX,63.24,0.0,0.0,2999.0,1328.0,329.078,6.324,0.0,0.0,prepaid,1.265,167.0,0.0,0.0,0.0,197.06,-1188.393,"",'132786539562964335601,2026-05-04,11091340970,e9d915c9-f953-4ae4-b637-8d9334610645,11091340970,Reverse,100036612015,100036612015,11504,1264.76,5.0,1500.0,0.0,1500.0,exchange,0.0,0.0,0.0,0.0,0.0,0.0,0.0,0.0,NA,0,1499.0
NFT-/XUTR/DEUTH026124A05FZX,23.71,0.0,0.0,1650.0,498.0,23.506,2.371,0.0,0.0,prepaid,0.474,0.0,0.0,27.0,0.0,31.86,439.789,"",'132833073618652489903,2026-05-04,11101822818,9f719c53-8aaa-402d-9ee0-5fd0ee79fbfa,"",Forward,100047093845,1000013784174,11504,474.29,5.0,1058.0,0.0,1058.0,packet_delivered,0.0,0.0,0.0,0.0,0.0,0.0,0.0,0.0,NA,0,592.0
NFT-/XUTR/DEUTH026124A05FZX,37.19,0.0,0.0,1750.0,781.0,202.748,3.719,0.0,0.0,prepaid,0.744,167.0,0.0,0.0,0.0,197.06,-770.849,"",'132787531297464363401,2026-05-04,11091660535,dfb281ee-3030-4c39-b7be-606d3dc55a83,11091660535,Reverse,100036931580,100036931580,11504,743.81,5.0,875.0,0.0,875.0,exchange,0.0,0.0,0.0,0.0,0.0,0.0,0.0,0.0,NA,0,875.0
NFT-/XUTR/DEUTH026124A05FZX,42.91,0.0,0.0,2899.0,901.0,233.9,4.29,0.0,0.0,prepaid,0.858,0.0,0.0,27.0,0.0,31.86,630.092,"",'132775790391038849403,2026-05-04,11088711879,a0aeebde-50e8-4194-a80d-e7f0a2fefea3,"",Forward,100033982932,100033982932,11504,858.1,5.0,1827.0,0.0,1827.0,packet_delivered,0.0,0.0,0.0,0.0,0.0,0.0,0.0,0.0,NA,0,1072.01
NFT-/XUTR/DEUTH026124A05FZX,63.24,0.0,0.0,2999.0,1328.0,329.078,6.324,0.0,0.0,prepaid,1.265,0.0,0.0,45.0,0.0,53.1,938.233,"",'132776518969726571401,2026-05-04,11088907000,559670cc-2a9e-4208-b88a-61f67035d3a7,"",Forward,100034178052,1000010358178,11504,1264.76,5.0,1500.0,0.0,1500.0,packet_delivered,0.0,0.0,0.0,0.0,0.0,0.0,0.0,0.0,NA,0,1499.0
NFT-/XUTR/DEUTH026124A05FZX,63.24,0.0,0.0,2999.0,1328.0,329.078,6.324,0.0,0.0,prepaid,1.265,0.0,0.0,45.0,0.0,53.1,938.233,"",'132836675292477291101,2026-05-04,11102217650,fc7eb5ed-188b-467c-a301-27abd526bba5,"",Forward,100047488677,100047488677,11504,1264.76,5.0,1500.0,0.0,1500.0,packet_delivered,0.0,0.0,0.0,0.0,0.0,0.0,0.0,0.0,NA,0,1499.0
NFT-/XUTR/DEUTH026124A05FZX,34.33,0.0,0.0,3399.0,721.0,34.031,3.433,0.0,0.0,prepaid,0.687,182.0,0.0,0.0,0.0,214.76,-897.609,"",'132811977996712070803,2026-05-04,11097162208,ceb64e7a-02a6-4fa0-81b0-111f089e6770,100154237765,Reverse,100042433248,100042433248,11504,686.67,5.0,2584.0,0.0,2584.0,return_refund,0.0,0.0,0.0,0.0,0.0,0.0,0.0,0.0,NA,0,815.0
NFT-/XUTR/DEUTH026124A05FZX,0.0,24.24,24.24,1699.0,1017.9999999999999,240.248,0.0,2.424,2.424,prepaid,0.97,106.0,0.0,0.0,0.0,125.08,-897.014,"",'132827778701014394001,2026-05-04,11100381419,7bc69c38-cc44-4847-866d-06c2ef3a9f33,100152770085,Reverse,100045652452,100045652452,11504,969.52,5.0,510.0,0.0,510.0,return_refund,0.0,0.0,0.0,0.0,0.0,0.0,0.0,0.0,NA,0,1189.0
NFT-/XUTR/DEUTH026124A05FZX,49.81,0.0,0.0,2999.0,1046.0,259.199,4.981,0.0,0.0,prepaid,0.996,0.0,0.0,45.0,0.0,53.1,727.724,"",'132780921259998895303,2026-05-04,11090266193,c29cfb24-6cf9-47df-9d8c-82f1e72bec00,"",Forward,100035537244,100035537244,11504,996.19,5.0,1782.0,0.0,1782.0,packet_delivered,0.0,0.0,0.0,0.0,0.0,0.0,0.0,0.0,NA,0,1217.0
NFT-/XUTR/DEUTH026124A05FZX,60.86,0.0,0.0,2899.0,1278.0,316.688,6.086,0.0,0.0,prepaid,1.217,0.0,0.0,45.0,0.0,53.1,900.909,"",'132830913985727554803,2026-05-04,11101197358,b400367c-1ef2-43b9-93b4-8a1697f878bf,"",Forward,100046468385,100046468385,11504,1217.14,5.0,1450.0,0.0,1450.0,packet_delivered,0.0,0.0,0.0,0.0,0.0,0.0,0.0,0.0,NA,0,1449.0
NFT-/XUTR/DEUTH026124A05FZX,111.57,0.0,0.0,2999.0,2343.0,552.948,11.157,0.0,0.0,prepaid,2.231,112.0,0.0,0.0,0.0,132.16,-1908.824,"",'132765936077052618601,2026-05-04,11086680021,bc8ef89a-11f1-4a89-b820-c571011f6a11,100154110457,Reverse,100031951075,100031951075,11504,2231.43,5.0,450.0,0.0,450.0,return_refund,0.0,0.0,0.0,0.0,0.0,0.0,0.0,0.0,NA,0,2549.0
NFT-/XUTR/DEUTH026124A05FZX,40.71,0.0,0.0,1899.0,855.0,221.958,4.071,0.0,0.0,prepaid,0.814,0.0,0.0,27.0,0.0,31.86,596.297,"",'132804077211602954701,2026-05-04,11095475513,2a5943bc-c732-4460-b526-83f29f87bc9a,"",Forward,100040746554,100040746554,11504,814.29,5.0,950.0,0.0,950.0,packet_delivered,0.0,0.0,0.0,0.0,0.0,0.0,0.0,0.0,NA,0,949.0
NFT-/XUTR/DEUTH026124A05FZX,0.0,29.43,29.43,3499.0,1236.0,306.281,0.0,2.943,2.943,prepaid,1.177,0.0,0.0,45.0,0.0,53.1,869.556,"",'132845775950365004903,2026-05-04,11104166540,9e8b13a3-4733-4646-822a-f6f69c24e5ed,"",Forward,100049437540,100049437540,11504,1177.14,5.0,2092.0,0.0,2092.0,packet_delivered,0.0,0.0,0.0,0.0,0.0,0.0,0.0,0.0,NA,0,1407.0000000000002
NFT-/XUTR/DEUTH026124A05FZX,72.76,0.0,0.0,1699.0,1528.0,360.608,7.276,0.0,0.0,prepaid,1.455,182.0,0.0,0.0,0.0,214.76,-1373.421,"",'132789721294387550801,2026-05-04,11092466550,7790aafc-8a6d-473b-8c72-088aa11c960b,100153704089,Reverse,100037737595,1000011598482,11504,1455.24,5.0,0.0,0.0,0.0,return_refund,0.0,0.0,0.0,0.0,0.0,0.0,0.0,0.0,NA,0,1699.0
NFT-/XUTR/DEUTH026124A05FZX,63.24,0.0,0.0,2999.0,1328.0,329.078,6.324,0.0,0.0,prepaid,1.265,0.0,0.0,45.0,0.0,53.1,938.233,"",'132787180904056884403,2026-05-04,11091549335,7f61fc53-63ea-439b-9458-dc0d6456186f,"",Forward,100036820380,1000010995617,11504,1264.76,5.0,1500.0,0.0,1500.0,packet_delivered,0.0,0.0,0.0,0.0,0.0,0.0,0.0,0.0,NA,0,1499.0
NFT-/XUTR/DEUTH026124A05FZX,51.81,0.0,0.0,1799.0,423.51,99.948,2.017,0.0,0.0,prepaid,0.403,0.0,0.0,17.517,0.0,20.67006,300.472,"",'132802012920768259603,2026-05-04,11094864694,a12b793f-8e20-4557-be5f-e65fa31548b8,"",Forward,100040135736,100040135736,11504,1036.19,5.0,540.0,0.0,540.0,packet_delivered,0.0,0.0,0.0,0.0,0.0,0.0,0.0,0.0,NA,0,1259.0
NFT-/XUTR/DEUTH026124A05FZX,51.33,0.0,0.0,2499.0,1078.0,267.128,5.133,0.0,0.0,prepaid,1.027,167.0,0.0,0.0,0.0,197.06,-1001.772,"",'132776974686114822903,2026-05-04,11089057123,a8a1250f-1acb-49cd-93b7-e52113702cc5,100152216441,Reverse,100034328175,100034328175,11504,1026.67,5.0,1250.0,0.0,1250.0,return_refund,0.0,0.0,0.0,0.0,0.0,0.0,0.0,0.0,NA,0,1249.0
NFT-/XUTR/DEUTH026124A05FZX,103.48,0.0,0.0,3399.0,2173.0,487.187,10.348,0.0,0.0,prepaid,2.07,0.0,0.0,61.0,0.0,71.98,1601.415,"",'132797689795896897501,2026-05-04,11094217752,d8a0b262-8b9f-4e03-a8c0-c56a5e44439b,"",Forward,100039488794,100039488794,11504,2069.52,5.0,1020.0,0.0,1020.0,packet_delivered,0.0,0.0,0.0,0.0,0.0,0.0,0.0,0.0,NA,0,2379.0
NFT-/XUTR/DEUTH026124A05FZX,51.81,0.0,0.0,1799.0,1088.0,256.768,5.181,0.0,0.0,prepaid,1.036,0.0,0.0,45.0,0.0,53.1,771.915,"",'132830380018808379001,2026-05-04,11101067336,a8808c16-2948-448a-b296-1aa2d679141b,"",Forward,100046338367,100046338367,11504,1036.19,5.0,540.0,0.0,540.0,packet_delivered,0.0,0.0,0.0,0.0,0.0,0.0,0.0,0.0,NA,0,1259.0
NFT-/XUTR/DEUTH026124A05FZX,37.19,0.0,0.0,1750.0,781.0,202.748,3.719,0.0,0.0,prepaid,0.744,0.0,0.0,27.0,0.0,31.86,541.929,"",'132824792156620719801,2026-05-04,11100146589,492cbb3a-1e80-44e8-8648-eb43031f9a5a,"",Forward,100045417622,100045417622,11504,743.81,5.0,875.0,0.0,875.0,packet_delivered,0.0,0.0,0.0,0.0,0.0,0.0,0.0,0.0,NA,0,875.0
NFT-/XUTR/DEUTH026124A05FZX,38.33,0.0,0.0,1799.0,805.0,208.978,3.833,0.0,0.0,prepaid,0.767,106.0,0.0,0.0,0.0,125.08,-716.502,"",'132811086161349332601,2026-05-04,11096926486,0046950d-5ef8-4bb6-b945-99f7e3f1c10f,100152090807,Reverse,100042197526,1000012119945,11504,766.67,5.0,900.0,0.0,900.0,return_refund,0.0,0.0,0.0,0.0,0.0,0.0,0.0,0.0,NA,0,899.0
NFT-/XUTR/DEUTH026124A05FZX,27.62,0.0,0.0,1499.0,580.0,150.568,2.762,0.0,0.0,prepaid,0.552,0.0,0.0,27.0,0.0,31.86,394.258,"",'132788917584060530203,2026-05-04,11092124072,88a3cfd6-f405-494c-b574-bbe5a96906d7,"",Forward,100037395117,100037395117,11504,552.38,5.0,825.0,0.0,825.0,packet_delivered,0.0,0.0,0.0,0.0,0.0,0.0,0.0,0.0,NA,0,674.0
NFT-/XUTR/DEUTH026124A05FZX,44.67,0.0,0.0,2999.0,53.26,13.826,0.254,0.0,0.0,prepaid,0.051,0.0,0.0,1.533,0.0,1.80894,37.32,"",'132805615814401742603,2026-05-04,11095914467,d5a65f8e-3db9-4da3-a1c9-020bb7d1372e,"",Forward,100041185508,100041185508,11504,893.33,5.0,1890.0,0.0,1890.0,packet_delivered,0.0,0.0,0.0,0.0,0.0,0.0,0.0,0.0,NA,0,1109.0
NFT-/XUTR/DEUTH026124A05FZX,0.0,31.64,31.64,2999.0,1329.0,329.326,0.0,3.1645,3.1645,prepaid,1.266,0.0,0.0,45.0,0.0,53.1,938.979,"",'132838531414995606803,2026-05-04,11102762040,08980dd0-595a-4de6-854a-3cd8c98bedd5,"",Forward,100048033066,100048033066,11504,1265.72,5.0,1499.0,0.0,1499.0,packet_delivered,0.0,0.0,0.0,0.0,0.0,0.0,0.0,0.0,NA,0,1500.0000000000002
NFT-/XUTR/DEUTH026124A05FZX,75.19,0.0,0.0,1750.0,424.71299999999997,100.232,2.022,0.0,0.0,prepaid,0.404,34.16,0.0,0.0,0.0,40.3088,-362.364,"",'132801603147519854501,2026-05-04,11094774582,7617efcf-2d94-4513-8a67-584845bba81e,100152922700,Reverse,100040045624,1000011461397,11504,1503.81,5.0,0.0,0.0,0.0,return_refund,0.0,0.0,0.0,0.0,0.0,0.0,0.0,0.0,NA,0,1750.01
NFT-/XUTR/DEUTH026124A05FZX,60.86,0.0,0.0,2899.0,1278.0,316.688,6.086,0.0,0.0,prepaid,1.217,106.0,0.0,0.0,0.0,125.08,-1079.089,"",'132812903519420466901,2026-05-04,11097402809,dfd91605-f126-4650-9f89-f665aed673e5,11097402809,Reverse,100042673849,100042673849,11504,1217.14,5.0,1450.0,0.0,1450.0,exchange,0.0,0.0,0.0,0.0,0.0,0.0,0.0,0.0,NA,0,1449.0
NFT-/XUTR/DEUTH026124A05FZX,40.81,0.0,0.0,2799.0,857.0,222.477,4.081,0.0,0.0,prepaid,0.816,182.0,0.0,0.0,0.0,214.76,-844.386,"",'132798135281704912601,2026-05-04,11094377552,0c052ae7-7abc-4cd0-887e-11053080dfdf,100153024782,Reverse,100039648594,100039648594,11504,816.19,5.0,1848.0,0.0,1848.0,return_refund,0.0,0.0,0.0,0.0,0.0,0.0,0.0,0.0,NA,0,951.0
NFT-/XUTR/DEUTH026124A05FZX,55.14,0.0,0.0,1899.0,1158.0,273.288,5.514,0.0,0.0,prepaid,1.103,0.0,0.0,45.0,0.0,53.1,824.995,"",'132778648153113540103,2026-05-04,11089564978,450172e4-8c3a-40de-af41-a417db7ecaaa,"",Forward,100034836029,1000009938399,11504,1102.86,5.0,570.0,0.0,570.0,packet_delivered,0.0,0.0,0.0,0.0,0.0,0.0,0.0,0.0,NA,0,1329.0
NFT-/XUTR/DEUTH026124A05FZX,63.24,0.0,0.0,2999.0,1328.0,329.078,6.324,0.0,0.0,prepaid,1.265,0.0,0.0,45.0,0.0,53.1,938.233,"",'132793165206330398301,2026-05-04,11092932992,7ded387a-13fb-4dd1-b8e1-887efa477781,"",Forward,100038204036,1000011587451,11504,1264.76,5.0,1500.0,0.0,1500.0,packet_delivered,0.0,0.0,0.0,0.0,0.0,0.0,0.0,0.0,NA,0,1499.0
NFT-/XUTR/DEUTH026124A05FZX,63.24,0.0,0.0,2999.0,1328.0,329.078,6.324,0.0,0.0,prepaid,1.265,0.0,0.0,45.0,0.0,53.1,938.233,"",'132811834666912857403,2026-05-04,11097125538,6983ee9e-0879-4826-a4c3-04080dbc6e87,"",Forward,100042396578,1000012681115,11504,1264.76,5.0,1500.0,0.0,1500.0,packet_delivered,0.0,0.0,0.0,0.0,0.0,0.0,0.0,0.0,NA,0,1499.0
NFT-/XUTR/DEUTH026124A05FZX,103.48,0.0,0.0,3399.0,2173.0,512.828,10.348,0.0,0.0,prepaid,2.07,0.0,0.0,61.0,0.0,71.98,1575.774,"",'132815278958152315001,2026-05-04,11098055805,d3db8690-c10a-4ecb-8c67-0e2ce03e527b,"",Forward,100043326841,100043326841,11504,2069.52,5.0,1020.0,0.0,1020.0,packet_delivered,0.0,0.0,0.0,0.0,0.0,0.0,0.0,0.0,NA,0,2379.0
NFT-/XUTR/DEUTH026124A05FZX,58.48,0.0,0.0,2799.0,1228.0,304.298,5.848,0.0,0.0,prepaid,1.17,127.0,0.0,0.0,0.0,149.86,-1066.544,"",'132805142521780992303,2026-05-04,11095769166,78d75857-06a4-44cd-add4-23d8a493972c,100153500034,Reverse,100041040207,1000012170723,11504,1169.52,5.0,1400.0,0.0,1400.0,return_refund,0.0,0.0,0.0,0.0,0.0,0.0,0.0,0.0,NA,0,1399.0
NFT-/XUTR/DEUTH026124A05FZX,33.52,0.0,0.0,1699.0,704.0,182.758,3.352,0.0,0.0,prepaid,0.67,0.0,0.0,27.0,0.0,31.86,485.36,"",'132779165025702801203,2026-05-04,11089715381,0b708def-b4c1-40b9-a004-94a19dcd1a96,"",Forward,100034986432,100034986432,11504,670.48,5.0,901.0,0.0,901.0,packet_delivered,0.0,0.0,0.0,0.0,0.0,0.0,0.0,0.0,NA,0,798.0
NFT-/XUTR/DEUTH026124A05FZX,70.38,0.0,0.0,3299.0,1478.0,366.248,7.038,0.0,0.0,prepaid,1.408,0.0,0.0,45.0,0.0,53.1,1050.206,"",'132802787255285806801,2026-05-04,11095093424,cbbc66e0-d352-47cc-9730-8c742f0d662f,"",Forward,100040364466,1000011595936,11504,1407.62,5.0,1650.0,0.0,1650.0,packet_delivered,0.0,0.0,0.0,0.0,0.0,0.0,0.0,0.0,NA,0,1649.0
NFT-/XUTR/DEUTH026124A05FZX,0.0,30.43,30.43,2899.0,1278.0,316.688,0.0,3.043,3.043,prepaid,1.217,0.0,0.0,45.0,0.0,53.1,900.909,"",'132818939167583002801,2026-05-04,11098508783,271f121f-9c43-41f4-b949-535eecb2d5c4,"",Forward,100043779819,100043779819,11504,1217.14,5.0,1450.0,0.0,1450.0,packet_delivered,0.0,0.0,0.0,0.0,0.0,0.0,0.0,0.0,NA,0,1449.0000000000002
NFT-/XUTR/DEUTH026124A05FZX,56.1,0.0,0.0,2699.0,1178.0,291.908,5.61,0.0,0.0,prepaid,1.122,182.0,0.0,0.0,0.0,214.76,-1094.12,"",'132800856227896165203,2026-05-04,11094679994,b8085c0e-0172-4282-acbd-49e8842890a1,11094679994,Reverse,100039951036,1000011606267,11504,1121.9,5.0,1350.0,0.0,1350.0,exchange,0.0,0.0,0.0,0.0,0.0,0.0,0.0,0.0,NA,0,1349.0
NFT-/XUTR/DEUTH026124A05FZX,19.1,0.0,0.0,1650.0,401.0,18.927,1.91,0.0,0.0,prepaid,0.382,0.0,0.0,15.0,0.0,17.7,362.081,"",'132785904276407378701,2026-05-04,11091128795,f3c1a2ac-ec2d-4edc-aea5-318d43e1afc7,"",Forward,100036399841,1000010398675,11504,381.9,5.0,1155.0,0.0,1155.0,packet_delivered,0.0,0.0,0.0,0.0,0.0,0.0,0.0,0.0,NA,0,495.0
NFT-/XUTR/DEUTH026124A05FZX,48.48,0.0,0.0,1699.0,1018.0,240.248,4.848,0.0,0.0,prepaid,0.97,0.0,0.0,45.0,0.0,53.1,718.834,"",'132788034932831259603,2026-05-04,11091825233,8217c4c8-861c-4e01-8c70-5812894b16ae,"",Forward,100037096278,1000010585661,11504,969.52,5.0,510.0,0.0,510.0,packet_delivered,0.0,0.0,0.0,0.0,0.0,0.0,0.0,0.0,NA,0,1189.0
NFT-/XUTR/DEUTH026124A05FZX,50.19,0.0,0.0,1750.0,1054.0,248.744,5.019,0.0,0.0,prepaid,1.004,167.0,0.0,0.0,0.0,197.06,-996.293,"",'132788753394210452901,2026-05-04,11092064241,c220375d-9514-4e3c-b3cd-d705ab5a8bec,11092064241,Reverse,100037335286,100037335286,11504,1003.81,5.0,525.0,0.0,525.0,exchange,0.0,0.0,0.0,0.0,0.0,0.0,0.0,0.0,NA,0,1225.0
NFT-/XUTR/DEUTH026124A05FZX,63.24,0.0,0.0,2999.0,1328.0,329.078,6.324,0.0,0.0,prepaid,1.265,182.0,0.0,0.0,0.0,214.76,-1206.093,"",'132789697203203853603,2026-05-04,11092457422,a217c0cd-7268-468e-8241-58d009e25c37,100154626504,Reverse,100037728467,100037728467,11504,1264.76,5.0,1500.0,0.0,1500.0,return_refund,0.0,0.0,0.0,0.0,0.0,0.0,0.0,0.0,NA,0,1499.0
NFT-/XUTR/DEUTH026124A05FZX,21.91,0.0,0.0,1499.0,3.24,0.15299999999999997,0.015,0.0,0.0,prepaid,0.003,1.282,0.0,0.0,0.0,1.51276,-4.582,"",'132814743696199474003,2026-05-04,11097870011,d66d1a0a-6fd4-4593-881b-4d05cd52e8ae,11097870011,Reverse,100043141047,100043141047,11504,438.1,5.0,945.0,0.0,945.0,exchange,0.0,0.0,0.0,0.0,0.0,0.0,0.0,0.0,NA,0,554.01
NFT-/XUTR/DEUTH026124A05FZX,39.57,0.0,0.0,1850.0,831.0,215.728,3.957,0.0,0.0,prepaid,0.791,0.0,0.0,27.0,0.0,31.86,578.664,"",'132803723693589189201,2026-05-04,11095377157,50ac8056-48f6-4d8c-90be-6922be8d9afb,"",Forward,100040648199,100040648199,11504,791.43,5.0,925.0,0.0,925.0,packet_delivered,0.0,0.0,0.0,0.0,0.0,0.0,0.0,0.0,NA,0,925.0
NFT-/XUTR/DEUTH026124A05FZX,33.52,0.0,0.0,1699.0,704.0,182.758,3.352,0.0,0.0,prepaid,0.67,0.0,0.0,27.0,0.0,31.86,485.36,"",'132775472553278083501,2026-05-04,11088649514,307a49c3-892b-4a71-bb4e-34b97c3f90e3,"",Forward,100033920567,1000009642994,11504,670.48,5.0,901.0,0.0,901.0,packet_delivered,0.0,0.0,0.0,0.0,0.0,0.0,0.0,0.0,NA,0,798.0
NFT-/XUTR/DEUTH026124A05FZX,27.62,0.0,0.0,1499.0,580.0,150.568,2.762,0.0,0.0,prepaid,0.552,0.0,0.0,27.0,0.0,31.86,394.258,"",'132784632989420466903,2026-05-04,11090723469,6dff32cc-3355-455d-8591-3977488e9f99,"",Forward,100035994518,100035994518,11504,552.38,5.0,825.0,0.0,825.0,packet_delivered,0.0,0.0,0.0,0.0,0.0,0.0,0.0,0.0,NA,0,674.0
NFT-/XUTR/DEUTH026124A05FZX,63.24,0.0,0.0,2999.0,1328.0,329.078,6.324,0.0,0.0,prepaid,1.265,0.0,0.0,45.0,0.0,53.1,938.233,"",'132786539562964335601,2026-05-04,11091340970,e9d915c9-f953-4ae4-b637-8d9334610645,"",Forward,100036612015,100036612015,11504,1264.76,5.0,1500.0,0.0,1500.0,packet_delivered,0.0,0.0,0.0,0.0,0.0,0.0,0.0,0.0,NA,0,1499.0
NFT-/XUTR/DEUTH026124A05FZX,18.95,0.0,0.0,1699.0,398.0,18.786,1.895,0.0,0.0,prepaid,0.379,0.0,0.0,0.0,0.0,0.0,376.94,"",'132786619803178637701,2026-05-04,11091366677,e1764aa1-30b8-463c-9893-a548005425f0,"",Forward,100036637722,100036637722,11504,379.05,5.0,1207.0,0.0,1207.0,packet_delivered,0.0,0.0,0.0,0.0,0.0,0.0,0.0,0.0,NA,0,492.0
NFT-/XUTR/DEUTH026124A05FZX,51.33,0.0,0.0,2499.0,1078.0,267.128,5.133,0.0,0.0,prepaid,1.027,0.0,0.0,45.0,0.0,53.1,751.612,"",'132786884863117040303,2026-05-04,11091454625,e0688dbd-bff4-48e3-9e18-5364f8a36b91,"",Forward,100036725670,100036725670,11504,1026.67,5.0,1250.0,0.0,1250.0,packet_delivered,0.0,0.0,0.0,0.0,0.0,0.0,0.0,0.0,NA,0,1249.0
NFT-/XUTR/DEUTH026124A05FZX,60.86,0.0,0.0,2899.0,1278.0,316.688,6.086,0.0,0.0,prepaid,1.217,0.0,0.0,45.0,0.0,53.1,900.909,"",'132793500952293652101,2026-05-04,11093023124,7c547b17-55f9-41e8-a52b-096a5387aa79,"",Forward,100038294166,1000011581176,11504,1217.14,5.0,1450.0,0.0,1450.0,packet_delivered,0.0,0.0,0.0,0.0,0.0,0.0,0.0,0.0,NA,0,1449.0
NFT-/XUTR/DEUTH026124A05FZX,35.76,0.0,0.0,1799.0,751.0,194.96,3.576,0.0,0.0,prepaid,0.715,0.0,0.0,27.0,0.0,31.86,519.889,"",'132807881509046103603,2026-05-04,11096584565,c7c8185a-8589-483a-9b73-bd824707ef23,"",Forward,100041855606,1000011962455,11504,715.24,5.0,954.0,0.0,954.0,packet_delivered,0.0,0.0,0.0,0.0,0.0,0.0,0.0,0.0,NA,0,845.0
NFT-/XUTR/DEUTH026124A05FZX,42.62,0.0,0.0,2999.0,895.0,232.342,4.262,0.0,0.0,prepaid,0.852,0.0,0.0,27.0,0.0,31.86,625.684,"",'132813652965812769303,2026-05-04,11097587811,f552061d-a456-469d-b80d-d5530cea91a8,"",Forward,100042858847,1000012701237,11504,852.38,5.0,2010.0,0.0,2010.0,packet_delivered,0.0,0.0,0.0,0.0,0.0,0.0,0.0,0.0,NA,0,989.0
NFT-/XUTR/DEUTH026124A05FZX,56.1,0.0,0.0,2999.0,1178.0,291.908,5.61,0.0,0.0,prepaid,1.122,167.0,0.0,0.0,0.0,197.06,-1076.42,"",'132779410495384710203,2026-05-04,11089783612,aa7d359f-a670-4bd6-b9ae-2c4b16ed6832,100152095088,Reverse,100035054663,1000010362345,11504,1121.9,5.0,1650.0,0.0,1650.0,return_refund,0.0,0.0,0.0,0.0,0.0,0.0,0.0,0.0,NA,0,1349.0
NFT-/XUTR/DEUTH026124A05FZX,63.24,0.0,0.0,2999.0,1328.0,329.078,6.324,0.0,0.0,prepaid,1.265,0.0,0.0,45.0,0.0,53.1,938.233,"",'132801457552451348203,2026-05-04,11094748943,87d4e636-21e9-4217-b6b9-209dd088cd7a,"",Forward,100040019985,100040019985,11504,1264.76,5.0,1500.0,0.0,1500.0,packet_delivered,0.0,0.0,0.0,0.0,0.0,0.0,0.0,0.0,NA,0,1499.0
NFT-/XUTR/DEUTH026124A05FZX,0.0,38.76,38.76,1799.0,1628.0,384.208,0.0,3.876,3.876,prepaid,1.55,0.0,0.0,45.0,0.0,53.1,1181.39,"",'132803339324530230001,2026-05-04,11095266671,d58ac530-c020-4c99-9e9f-88bdb2e5e2ca,"",Forward,100040537713,100040537713,11504,1550.48,5.0,0.0,0.0,0.0,packet_delivered,0.0,0.0,0.0,0.0,0.0,0.0,0.0,0.0,NA,0,1799.0
NFT-/XUTR/DEUTH026124A05FZX,103.48,0.0,0.0,3399.0,2173.0,487.187,10.348,0.0,0.0,prepaid,2.07,182.0,0.0,0.0,0.0,214.76,-1888.155,"",'132803548384762932203,2026-05-04,11095327624,557bc0ca-446f-4c22-b5c6-852a236d7713,100154420534,Reverse,100040598666,100040598666,11504,2069.52,5.0,1020.0,0.0,1020.0,return_refund,0.0,0.0,0.0,0.0,0.0,0.0,0.0,0.0,NA,0,2379.0
NFT-/XUTR/DEUTH026124A05FZX,42.43,0.0,0.0,2899.0,891.0,231.304,4.243,0.0,0.0,prepaid,0.849,182.0,0.0,0.0,0.0,214.76,-869.364,"",'132815965374439561103,2026-05-04,11098271978,e9593354-d32a-4fee-a186-02507934685f,100153351746,Reverse,100043543014,1000012721042,11504,848.57,5.0,1914.0,0.0,1914.0,return_refund,0.0,0.0,0.0,0.0,0.0,0.0,0.0,0.0,NA,0,985.0
NFT-/XUTR/DEUTH026124A05FZX,63.24,0.0,0.0,2999.0,1328.0,329.078,6.324,0.0,0.0,prepaid,1.265,127.0,0.0,0.0,0.0,149.86,-1141.193,"",'132820806287248836503,2026-05-04,11098965651,223d0c3c-6f83-48e1-92e6-419fb1da7525,11098965651,Reverse,100044236686,100044236686,11504,1264.76,5.0,1500.0,0.0,1500.0,exchange,0.0,0.0,0.0,0.0,0.0,0.0,0.0,0.0,NA,0,1498.99
NFT-/XUTR/DEUTH026124A05FZX,35.76,0.0,0.0,1799.0,751.0,194.96,3.576,0.0,0.0,prepaid,0.715,0.0,0.0,27.0,0.0,31.86,519.889,"",'132777927064661385803,2026-05-04,11089356062,58ac38c2-0be1-4592-9e4a-059bb3ef71a7,"",Forward,100034627114,1000009864438,11504,715.24,5.0,954.0,0.0,954.0,packet_delivered,0.0,0.0,0.0,0.0,0.0,0.0,0.0,0.0,NA,0,845.0
NFT-/XUTR/DEUTH026124A05FZX,33.52,0.0,0.0,1699.0,704.0,182.758,3.352,0.0,0.0,prepaid,0.67,0.0,0.0,27.0,0.0,31.86,485.36,"",'132788382652578531603,2026-05-04,11091941703,4cf51ff0-dbd2-4c31-b426-0378e0d26a82,"",Forward,100037212748,1000010600500,11504,670.48,5.0,901.0,0.0,901.0,packet_delivered,0.0,0.0,0.0,0.0,0.0,0.0,0.0,0.0,NA,0,797.99
NFT-/XUTR/DEUTH026124A05FZX,33.52,0.0,0.0,1699.0,704.0,182.758,3.352,0.0,0.0,prepaid,0.67,0.0,0.0,27.0,0.0,31.86,485.36,"",'132792829198928012001,2026-05-04,11092860426,6ac25d62-ba15-44d5-a451-6a14be393591,"",Forward,100038131471,1000010856552,11504,670.48,5.0,901.0,0.0,901.0,packet_delivered,0.0,0.0,0.0,0.0,0.0,0.0,0.0,0.0,NA,0,798.0
NFT-/XUTR/DEUTH026124A05FZX,0.0,21.21,21.21,3399.0,891.0,231.304,0.0,2.1215,2.1215,prepaid,0.849,0.0,0.0,27.0,0.0,31.86,622.744,"",'132811742865749153003,2026-05-04,11097101272,ba44784a-196a-4941-b2a0-34b4f5e8d50d,"",Forward,100042372313,100042372313,11504,848.58,5.0,2414.0,0.0,2414.0,packet_delivered,0.0,0.0,0.0,0.0,0.0,0.0,0.0,0.0,NA,0,985.0000000000001
NFT-/XUTR/DEUTH026124A05FZX,0.0,31.62,31.62,2999.0,1328.0,329.078,0.0,3.162,3.162,prepaid,1.265,0.0,0.0,45.0,0.0,53.1,938.233,"",'132818745238264803603,2026-05-04,11098471936,32e752d0-1ecf-47e0-ac19-e651a4bcb824,"",Forward,100043742972,1000012722164,11504,1264.76,5.0,1500.0,0.0,1500.0,packet_delivered,0.0,0.0,0.0,0.0,0.0,0.0,0.0,0.0,NA,0,1498.9999999999998
NFT-/XUTR/DEUTH026124A05FZX,63.24,0.0,0.0,2999.0,1328.0,329.078,6.324,0.0,0.0,prepaid,1.265,0.0,0.0,45.0,0.0,53.1,938.233,"",'132788491830269252603,2026-05-04,11091976405,4ff959df-a663-425b-abc9-617d6d293f43,"",Forward,100037247450,100037247450,11504,1264.76,5.0,1500.0,0.0,1500.0,packet_delivered,0.0,0.0,0.0,0.0,0.0,0.0,0.0,0.0,NA,0,1499.0
NFT-/XUTR/DEUTH026124A05FZX,42.62,0.0,0.0,2999.0,895.0,232.342,4.262,0.0,0.0,prepaid,0.852,106.0,0.0,0.0,0.0,125.08,-782.624,"",'132821028588457518301,2026-05-04,11099025861,87b19a45-35a4-41f8-9f5d-f2ed53436f0f,100153130123,Reverse,100044296897,100044296897,11504,852.38,5.0,2010.0,0.0,2010.0,return_refund,0.0,0.0,0.0,0.0,0.0,0.0,0.0,0.0,NA,0,989.0
NFT-/XUTR/DEUTH026124A05FZX,42.91,0.0,0.0,2899.0,23.75,6.166,0.113,0.0,0.0,prepaid,0.023,0.0,0.0,0.712,0.0,0.84016,16.608,"",'132781075075329537503,2026-05-04,11090319031,9a07a982-de34-47f7-bf18-1b90e817c0a8,"",Forward,100035590082,1000010370933,11504,858.1,5.0,1827.0,0.0,1827.0,packet_delivered,0.0,0.0,0.0,0.0,0.0,0.0,0.0,0.0,NA,0,1072.02
NFT-/XUTR/DEUTH026124A05FZX,36.19,0.0,0.0,1899.0,65.98,17.128,0.314,0.0,0.0,prepaid,0.063,0.0,0.0,2.344,0.0,2.76592,45.709,"",'132767551410727660603,2026-05-04,11086936106,2a3f0345-a45b-4d84-b860-11cafbe490b0,"",Forward,100032207159,100032207159,11504,723.81,5.0,1045.0,0.0,1045.0,packet_delivered,0.0,0.0,0.0,0.0,0.0,0.0,0.0,0.0,NA,0,854.0
NFT-/XUTR/DEUTH026124A05FZX,35.95,0.0,0.0,1699.0,755.0,195.998,3.595,0.0,0.0,prepaid,0.719,0.0,0.0,27.0,0.0,31.86,522.828,"",'132789432883830025103,2026-05-04,11092337600,b3924b6d-7ee6-4df9-b5f6-89155a13c02b,"",Forward,100037608645,100037608645,11504,719.05,5.0,850.0,0.0,850.0,packet_delivered,0.0,0.0,0.0,0.0,0.0,0.0,0.0,0.0,NA,0,849.0
NFT-/XUTR/DEUTH026124A05FZX,70.38,0.0,0.0,3299.0,1478.0,366.248,7.038,0.0,0.0,prepaid,1.408,0.0,0.0,45.0,0.0,53.1,1050.206,"",'132813466341303223201,2026-05-04,11097542154,05a334ec-b8cd-4dfe-9f39-99193af28e35,"",Forward,100042813190,1000012693691,11504,1407.62,5.0,1650.0,0.0,1650.0,packet_delivered,0.0,0.0,0.0,0.0,0.0,0.0,0.0,0.0,NA,0,1649.0
NFT-/XUTR/DEUTH026124A05FZX,31.19,0.0,0.0,1499.0,655.0,170.038,3.119,0.0,0.0,prepaid,0.624,0.0,0.0,27.0,0.0,31.86,449.359,"",'132802722391416554801,2026-05-04,11095073345,8522f4ac-b19c-410a-b279-4b5bffcdaae2,"",Forward,100040344387,100040344387,11504,623.81,5.0,750.0,0.0,750.0,packet_delivered,0.0,0.0,0.0,0.0,0.0,0.0,0.0,0.0,NA,0,749.0
NFT-/XUTR/DEUTH026124A05FZX,63.24,0.0,0.0,2999.0,1328.0,329.078,6.324,0.0,0.0,prepaid,1.265,0.0,0.0,45.0,0.0,53.1,938.233,"",'132802787255285806801,2026-05-04,11095093428,cbbc66e0-d352-47cc-9730-8c742f0d662f,"",Forward,100040364469,1000011595936,11504,1264.76,5.0,1500.0,0.0,1500.0,packet_delivered,0.0,0.0,0.0,0.0,0.0,0.0,0.0,0.0,NA,0,1499.0
NFT-/XUTR/DEUTH026124A05FZX,48.86,0.0,0.0,1799.0,1026.0,242.136,4.886,0.0,0.0,prepaid,0.977,0.0,0.0,45.0,0.0,53.1,724.901,"",'132837368682177664301,2026-05-04,11102425202,873e84ca-8c31-4257-abbf-d676641688f8,"",Forward,100047696229,1000013763567,11504,977.14,5.0,602.0,0.0,602.0,packet_delivered,0.0,0.0,0.0,0.0,0.0,0.0,0.0,0.0,NA,0,1197.0
NFT-/XUTR/DEUTH026124A05FZX,56.86,0.0,0.0,1950.0,1194.0,281.784,5.686,0.0,0.0,prepaid,1.137,167.0,0.0,0.0,0.0,197.06,-1102.453,"",'132786960033363386701,2026-05-04,11091478421,57a92d61-4ff4-4a76-be18-1c8ffdf8f183,100153433869,Reverse,100036749466,100036749466,11504,1137.14,5.0,585.0,0.0,585.0,return_refund,0.0,0.0,0.0,0.0,0.0,0.0,0.0,0.0,NA,0,1365.0
NFT-/XUTR/DEUTH026124A05FZX,81.33,0.0,0.0,3999.0,1708.0,423.242,8.133,0.0,0.0,prepaid,1.627,167.0,0.0,0.0,0.0,197.06,-1472.058,"",'132761757975261688401,2026-05-04,11085795914,647e73a1-4e87-4797-b432-c88d2cf651fe,100152587935,Reverse,100031066968,1000009169411,11504,1626.67,5.0,2120.0,0.0,2120.0,return_refund,0.0,0.0,0.0,0.0,0.0,0.0,0.0,0.0,NA,0,1879.0
NFT-/XUTR/DEUTH026124A05FZX,26.33,0.0,0.0,1750.0,553.0,143.559,2.633,0.0,0.0,prepaid,0.527,0.0,0.0,27.0,0.0,31.86,374.421,"",'132796510810192010001,2026-05-04,11093874351,1888f797-6514-46bf-9d0d-9fb651e80ec7,"",Forward,100039145393,100039145393,11504,526.67,5.0,1103.0,0.0,1103.0,packet_delivered,0.0,0.0,0.0,0.0,0.0,0.0,0.0,0.0,NA,0,647.0
NFT-/XUTR/DEUTH026124A05FZX,40.24,0.0,0.0,1999.0,845.0,219.362,4.024,0.0,0.0,prepaid,0.805,0.0,0.0,27.0,0.0,31.86,588.949,"",'132804944406099736801,2026-05-04,11095713501,8d0e61d8-0b5a-4935-8e9f-51aa6edc9f1d,"",Forward,100040984542,100040984542,11504,804.76,5.0,1060.0,0.0,1060.0,packet_delivered,0.0,0.0,0.0,0.0,0.0,0.0,0.0,0.0,NA,0,939.0
NFT-/XUTR/DEUTH026124A05FZX,42.43,0.0,0.0,3399.0,891.0,231.304,4.243,0.0,0.0,prepaid,0.849,0.0,0.0,27.0,0.0,31.86,622.744,"",'132815680174612291101,2026-05-04,11098206610,013dee35-61e2-45ac-b607-895d3dbe37c3,"",Forward,100043477646,1000012716547,11504,848.57,5.0,2414.0,0.0,2414.0,packet_delivered,0.0,0.0,0.0,0.0,0.0,0.0,0.0,0.0,NA,0,985.0
NFT-/XUTR/DEUTH026124A05FZX,75.14,0.0,0.0,3499.0,1578.0,391.028,7.514,0.0,0.0,prepaid,1.503,182.0,0.0,0.0,0.0,214.76,-1392.715,"",'132819298654559899703,2026-05-04,11098582621,147852ae-7083-43ae-b464-7d4318f46ef6,100153353910,Reverse,100043853656,1000012729134,11504,1502.86,5.0,1750.0,0.0,1750.0,return_refund,0.0,0.0,0.0,0.0,0.0,0.0,0.0,0.0,NA,0,1749.0
NFT-/XUTR/DEUTH026124A05FZX,34.05,0.0,0.0,1799.0,715.0,185.614,3.405,0.0,0.0,prepaid,0.681,0.0,0.0,27.0,0.0,31.86,493.44,"",'132789964559177215303,2026-05-04,11092562045,c247c80f-7225-4019-be96-3fd2a58d9b7c,"",Forward,100037833090,1000010726751,11504,680.95,5.0,990.0,0.0,990.0,packet_delivered,0.0,0.0,0.0,0.0,0.0,0.0,0.0,0.0,NA,0,809.0
NFT-/XUTR/DEUTH026124A05FZX,90.14,0.0,0.0,2999.0,1893.0,469.085,9.014,0.0,0.0,prepaid,1.803,0.0,0.0,45.0,0.0,53.1,1359.998,"",'132805379262314882003,2026-05-04,11095839689,36439b12-7194-49ae-b955-52bc5ec934a8,"",Forward,100041110730,1000012137433,11504,1802.86,5.0,900.0,0.0,900.0,packet_delivered,0.0,0.0,0.0,0.0,0.0,0.0,0.0,0.0,NA,0,2099.0
NFT-/XUTR/DEUTH026124A05FZX,19.67,0.0,0.0,1750.0,413.0,19.494,1.967,0.0,0.0,prepaid,0.393,0.0,0.0,15.0,0.0,17.7,373.446,"",'132806885788216459903,2026-05-04,11096383528,293b638a-346e-4593-84a7-eb138f1c19af,"",Forward,100041654569,100041654569,11504,393.33,5.0,1243.0,0.0,1243.0,packet_delivered,0.0,0.0,0.0,0.0,0.0,0.0,0.0,0.0,NA,0,507.0
NFT-/XUTR/DEUTH026124A05FZX,53.48,0.0,0.0,3499.0,1123.0,278.279,5.348,0.0,0.0,prepaid,1.07,0.0,0.0,45.0,0.0,53.1,785.203,"",'132813629779107810801,2026-05-04,11097582277,5e22baf6-b356-4122-9f3c-6a2299854230,"",Forward,100042853313,100042853313,11504,1069.52,5.0,2205.0,0.0,2205.0,packet_delivered,0.0,0.0,0.0,0.0,0.0,0.0,0.0,0.0,NA,0,1293.99
NFT-/XUTR/DEUTH026124A05FZX,43.1,0.0,0.0,1999.0,905.0,234.938,4.31,0.0,0.0,prepaid,0.862,0.0,0.0,27.0,0.0,31.86,633.03,"",'132837417906518917703,2026-05-04,11102440407,e8e65b81-ee42-4c1f-8199-60524e2c2ea9,"",Forward,100047711434,1000013763707,11504,861.9,5.0,1000.0,0.0,1000.0,packet_delivered,0.0,0.0,0.0,0.0,0.0,0.0,0.0,0.0,NA,0,999.0
NFT-/XUTR/DEUTH026124A05FZX,51.71,0.0,0.0,3399.0,1086.0,269.111,5.171,0.0,0.0,prepaid,1.034,167.0,0.0,0.0,0.0,197.06,-1007.744,"",'132780226036874969903,2026-05-04,11090026971,dbe4c8db-37da-456d-97f3-5eb4724e201e,100152679807,Reverse,100035298022,100035298022,11504,1034.29,5.0,2142.0,0.0,2142.0,return_refund,0.0,0.0,0.0,0.0,0.0,0.0,0.0,0.0,NA,0,1257.0
NFT-/XUTR/DEUTH026124A05FZX,0.0,39.67,39.67,2625.0,1666.0,412.835,0.0,3.9665,3.9665,prepaid,1.587,106.0,0.0,0.0,0.0,125.08,-1368.725,"",'132807809691222270703,2026-05-04,11096579471,2a44662f-7d74-4628-b3a6-82a9ea0fd9da,100153219716,Reverse,100041850512,100041850512,11504,1586.66,5.0,788.0,0.0,788.0,return_refund,0.0,0.0,0.0,0.0,0.0,0.0,0.0,0.0,NA,0,1837.0000000000002
NFT-/XUTR/DEUTH026124A05FZX,33.52,0.0,0.0,1699.0,704.0,182.758,3.352,0.0,0.0,prepaid,0.67,182.0,0.0,0.0,0.0,214.76,-731.98,"",'132815011271548942203,2026-05-04,11097954218,3f333400-76e5-4ef2-9535-18655de1cc13,100153437658,Reverse,100043225254,100043225254,11504,670.48,5.0,901.0,0.0,901.0,return_refund,0.0,0.0,0.0,0.0,0.0,0.0,0.0,0.0,NA,0,798.0
NFT-/XUTR/DEUTH026124A05FZX,42.91,0.0,0.0,2899.0,901.0,233.9,4.29,0.0,0.0,prepaid,0.858,0.0,0.0,27.0,0.0,31.86,630.092,"",'132776700568282960303,2026-05-04,11088964181,baf43a99-4f75-4a57-bb64-b80f165ec5f8,"",Forward,100034235233,1000010366497,11504,858.1,5.0,1827.0,0.0,1827.0,packet_delivered,0.0,0.0,0.0,0.0,0.0,0.0,0.0,0.0,NA,0,1072.01
NFT-/XUTR/DEUTH026124A05FZX,33.52,0.0,0.0,1699.0,704.0,182.758,3.352,0.0,0.0,prepaid,0.67,0.0,0.0,27.0,0.0,31.86,485.36,"",'132827466344072270401,2026-05-04,11100324178,6b182567-a772-493c-9e8f-7b960d4f66f9,"",Forward,100045595211,1000013226080,11504,670.48,5.0,901.0,0.0,901.0,packet_delivered,0.0,0.0,0.0,0.0,0.0,0.0,0.0,0.0,NA,0,798.0
NFT-/XUTR/DEUTH026124A05FZX,55.14,0.0,0.0,1899.0,1158.0,273.288,5.514,0.0,0.0,prepaid,1.103,0.0,0.0,45.0,0.0,53.1,824.995,"",'132802891365851749701,2026-05-04,11095126294,61e565c7-1eb3-4428-8175-08ed0bd2ee71,"",Forward,100040397336,100040397336,11504,1102.86,5.0,570.0,0.0,570.0,packet_delivered,0.0,0.0,0.0,0.0,0.0,0.0,0.0,0.0,NA,0,1329.0
NFT-/XUTR/DEUTH026124A05FZX,63.24,0.0,0.0,2999.0,1328.0,329.078,6.324,0.0,0.0,prepaid,1.265,0.0,0.0,45.0,0.0,53.1,938.233,"",'132804644581668358201,2026-05-04,11095631714,ec7c0ba7-2457-474c-8e5f-322d0a22d8a8,"",Forward,100040902755,1000012162241,11504,1264.76,5.0,1500.0,0.0,1500.0,packet_delivered,0.0,0.0,0.0,0.0,0.0,0.0,0.0,0.0,NA,0,1499.0
NFT-/XUTR/DEUTH026124A05FZX,51.81,0.0,0.0,1799.0,1088.0,256.768,5.181,0.0,0.0,prepaid,1.036,0.0,0.0,45.0,0.0,53.1,771.915,"",'132806570432004262603,2026-05-04,11096249489,b3984141-a3de-4382-bc3a-db7f3ffce998,"",Forward,100041520530,100041520530,11504,1036.19,5.0,540.0,0.0,540.0,packet_delivered,0.0,0.0,0.0,0.0,0.0,0.0,0.0,0.0,NA,0,1259.0
NFT-/XUTR/DEUTH026124A05FZX,31.14,0.0,0.0,1499.0,654.0,169.778,3.114,0.0,0.0,prepaid,0.623,0.0,0.0,27.0,0.0,31.86,448.625,"",'132833073618652489903,2026-05-04,11101822816,9f719c53-8aaa-402d-9ee0-5fd0ee79fbfa,"",Forward,100047093843,1000013784174,11504,622.86,5.0,751.0,0.0,751.0,packet_delivered,0.0,0.0,0.0,0.0,0.0,0.0,0.0,0.0,NA,0,748.0
