NEFT_Ref,igst_amount,cgst_amount,sgst_amount,MRP,customer_paid_amt,Commission,IGST_TCS,CGST_TCS,SGST_TCS,Payment_Type,TDS,Shipping_Fee,pick_and_pack_fee,fixed_fee,Payment_Gateway_Fee,Logistics_Commission,Settled_Amount,NOD_Comment,Store_Order_id,Payment_Date,order_line_id,seller_order_id,return_id,Order_Type,order_release_id,Packet_Id,Seller_Id,taxable_amount,Tax_Rate,seller_discount,platform_discount,total_discount,comments,fwdAdditionalCharges,rvsAdditionalCharges,techEnablement,airLogistics,royaltyCharges,royaltyPercent,marketingCharges,marketingPercent,marketingContribution,commission_discount,sale_Total_Customer_Paid
NFT-/XUTR/DEUTH02612536756X,41.95,0.0,0.0,1950.0,416.35,108.084,1.983,0.0,0.0,prepaid,0.397,0.0,0.0,12.76,0.0,15.0568,290.829,"",'132832786483002159303,2026-05-05,11101732526,8280a9bd-ac90-47f0-ad5a-5102f91c0c3d,"",Forward,100047003552,100047003552,11504,839.05,5.0,975.0,0.0,975.0,packet_delivered,0.0,0.0,0.0,0.0,0.0,0.0,0.0,0.0,NA,0,975.0
NFT-/XUTR/DEUTH02612536756X,36.24,0.0,0.0,2499.0,761.0,35.919,3.624,0.0,0.0,prepaid,0.725,106.0,0.0,0.0,0.0,125.08,-845.812,"",'132841881770837165403,2026-05-05,11103702408,f241733c-374f-4992-9b01-f64912ab8660,11103702408,Reverse,100048973417,100048973417,11504,724.76,5.0,1644.0,0.0,1644.0,exchange,0.0,0.0,0.0,0.0,0.0,0.0,0.0,0.0,NA,0,855.0
NFT-/XUTR/DEUTH02612536756X,18.38,0.0,0.0,1499.0,386.0,18.219,1.838,0.0,0.0,prepaid,0.368,0.0,0.0,0.0,0.0,0.0,365.575,"",'132840377647132227903,2026-05-05,11103260209,e2ad9cb4-0fe9-4f5d-8ca1-ee4925c99f0e,"",Forward,100048531218,100048531218,11504,367.62,5.0,1054.0,0.0,1054.0,packet_delivered,0.0,0.0,0.0,0.0,0.0,0.0,0.0,0.0,NA,0,444.99
NFT-/XUTR/DEUTH02612536756X,59.62,0.0,0.0,2999.0,1252.0,310.246,5.962,0.0,0.0,prepaid,1.192,0.0,0.0,45.0,0.0,53.1,881.5,"",'132842540060621032401,2026-05-05,11103791782,eab292c2-d816-4856-a6e2-fc7a51765b3a,"",Forward,100049062791,1000014270930,11504,1192.38,5.0,1576.0,0.0,1576.0,packet_delivered,0.0,0.0,0.0,0.0,0.0,0.0,0.0,0.0,NA,0,1423.0
NFT-/XUTR/DEUTH02612536756X,18.38,0.0,0.0,1599.0,386.0,18.219,1.838,0.0,0.0,prepaid,0.368,0.0,0.0,0.0,0.0,0.0,365.575,"",'132836393650250336601,2026-05-05,11102151368,b4b05b2f-c170-4eb5-a6cb-31f998bd4f40,"",Forward,100047422395,1000013761821,11504,367.62,5.0,1154.0,0.0,1154.0,packet_delivered,0.0,0.0,0.0,0.0,0.0,0.0,0.0,0.0,NA,0,445.0
NFT-/XUTR/DEUTH02612536756X,72.76,0.0,0.0,3399.0,1528.0,378.638,7.276,0.0,0.0,prepaid,1.455,0.0,0.0,45.0,0.0,53.1,1087.531,"",'132812330186583266203,2026-05-05,11097251958,b6b438e1-b6f4-439e-a32b-e2d3938f1d2d,"",Forward,100042522998,100042522998,11504,1455.24,5.0,1700.0,0.0,1700.0,packet_delivered,0.0,0.0,0.0,0.0,0.0,0.0,0.0,0.0,NA,0,1699.0
NFT-/XUTR/DEUTH02612536756X,27.19,0.0,0.0,1799.0,571.0,40.427,2.719,0.0,0.0,prepaid,0.544,182.0,0.0,0.0,0.0,214.76,-742.07,"",'132823638157676062401,2026-05-05,11099777132,7370248e-8d58-4c22-a01f-2ea436a3d5ee,100153847076,Reverse,100045048165,100045048165,11504,543.81,5.0,1134.0,0.0,1134.0,return_refund,0.0,0.0,0.0,0.0,0.0,0.0,0.0,0.0,NA,0,665.0
NFT-/XUTR/DEUTH02612536756X,106.81,0.0,0.0,3499.0,2243.0,529.348,10.681,0.0,0.0,prepaid,2.136,0.0,0.0,61.0,0.0,71.98,1628.855,"",'132824112464916324501,2026-05-05,11099973893,99a0d007-6e02-4cb7-a640-3e4ef603f8a0,"",Forward,100045244926,100045244926,11504,2136.19,5.0,1050.0,0.0,1050.0,packet_delivered,0.0,0.0,0.0,0.0,0.0,0.0,0.0,0.0,NA,0,2449.0
NFT-/XUTR/DEUTH02612536756X,0.0,235.91,235.91,3299.0,3093.0,729.948,0.0,6.553,6.553,prepaid,2.621,106.0,0.0,0.0,0.0,125.08,-2472.405,"",'132852898826436160803,2026-05-05,11105755988,a2faa5e7-32f2-4a24-87de-fe5459049814,11105755988,Reverse,100051026972,1000014855328,11504,2621.18,18.0,0.0,0.0,0.0,exchange,0.0,0.0,0.0,0.0,0.0,0.0,0.0,0.0,NA,0,3298.9999999999995
NFT-/XUTR/DEUTH02612536756X,22.29,0.0,0.0,1650.0,468.0,22.09,2.229,0.0,0.0,prepaid,0.446,0.0,0.0,27.0,0.0,31.86,411.375,"",'132842218655589560501,2026-05-05,11103762130,121909b4-2069-4bd1-9d39-364dc2d9d44f,"",Forward,100049033139,1000014097368,11504,445.71,5.0,1088.0,0.0,1088.0,packet_delivered,0.0,0.0,0.0,0.0,0.0,0.0,0.0,0.0,NA,0,562.0
NFT-/XUTR/DEUTH02612536756X,59.62,0.0,0.0,2999.0,1252.0,310.246,5.962,0.0,0.0,prepaid,1.192,0.0,0.0,45.0,0.0,53.1,881.5,"",'132842540060621032401,2026-05-05,11103791783,eab292c2-d816-4856-a6e2-fc7a51765b3a,"",Forward,100049062792,1000014270930,11504,1192.38,5.0,1576.0,0.0,1576.0,packet_delivered,0.0,0.0,0.0,0.0,0.0,0.0,0.0,0.0,NA,0,1423.0
NFT-/XUTR/DEUTH02612536756X,62.1,0.0,0.0,2950.0,1304.0,323.131,6.21,0.0,0.0,prepaid,1.242,0.0,0.0,45.0,0.0,53.1,920.317,"",'132815302504384354203,2026-05-05,11098065194,41d509df-cfba-4a3e-92f9-a6796e369792,"",Forward,100043336230,100043336230,11504,1241.9,5.0,1475.0,0.0,1475.0,packet_delivered,0.0,0.0,0.0,0.0,0.0,0.0,0.0,0.0,NA,0,1475.01
NFT-/XUTR/DEUTH02612536756X,40.71,0.0,0.0,1899.0,855.0,221.958,4.071,0.0,0.0,prepaid,0.814,106.0,0.0,0.0,0.0,125.08,-753.237,"",'132853110408444629003,2026-05-05,11105778278,35087111-696c-4d69-b8df-2d780e510544,11105778278,Reverse,100051049262,100051049262,11504,814.29,5.0,950.0,0.0,950.0,exchange,0.0,0.0,0.0,0.0,0.0,0.0,0.0,0.0,NA,0,949.0
NFT-/XUTR/DEUTH02612536756X,35.76,0.0,0.0,1799.0,751.0,194.96,3.576,0.0,0.0,prepaid,0.715,0.0,0.0,27.0,0.0,31.86,519.889,"",'132819817537814662203,2026-05-05,11098714960,c1b869b8-7941-49fc-9371-0b56475458e1,"",Forward,100043985995,100043985995,11504,715.24,5.0,954.0,0.0,954.0,packet_delivered,0.0,0.0,0.0,0.0,0.0,0.0,0.0,0.0,NA,0,845.0
NFT-/XUTR/DEUTH02612536756X,55.14,0.0,0.0,1899.0,1158.0,273.288,5.514,0.0,0.0,prepaid,1.103,0.0,0.0,45.0,0.0,53.1,824.995,"",'132820695524815473801,2026-05-05,11098934713,0822a00e-7a20-4df2-bd51-80fa67ec471d,"",Forward,100044205748,1000013220253,11504,1102.86,5.0,570.0,0.0,570.0,packet_delivered,0.0,0.0,0.0,0.0,0.0,0.0,0.0,0.0,NA,0,1329.0
NFT-/XUTR/DEUTH02612536756X,0.0,16.76,16.76,1599.0,704.0,182.758,0.0,1.676,1.676,prepaid,0.67,0.0,0.0,27.0,0.0,31.86,485.36,"",'132849152387573822803,2026-05-05,11105182361,384d7052-7315-4541-ac8d-371a90847ecf,"",Forward,100050453346,100050453346,11504,670.48,5.0,801.0,0.0,801.0,packet_delivered,0.0,0.0,0.0,0.0,0.0,0.0,0.0,0.0,NA,0,798.0
NFT-/XUTR/DEUTH02612536756X,24.57,0.0,0.0,1650.0,516.0,36.533,2.457,0.0,0.0,prepaid,0.491,0.0,0.0,27.0,0.0,31.86,444.659,"",'132821749782975184001,2026-05-05,11099220397,1e38a258-1853-4385-aeb0-aa1459298132,"",Forward,100044491431,100044491431,11504,491.43,5.0,1040.0,0.0,1040.0,packet_delivered,0.0,0.0,0.0,0.0,0.0,0.0,0.0,0.0,NA,0,610.0
NFT-/XUTR/DEUTH02612536756X,43.1,0.0,0.0,1999.0,905.0,234.938,4.31,0.0,0.0,prepaid,0.862,0.0,0.0,27.0,0.0,31.86,633.03,"",'132840762296084801603,2026-05-05,11103365230,b67ca3cc-c6d3-4832-b2bc-f978f7faa2e0,"",Forward,100048636239,1000014279457,11504,861.9,5.0,1000.0,0.0,1000.0,packet_delivered,0.0,0.0,0.0,0.0,0.0,0.0,0.0,0.0,NA,0,999.0
NFT-/XUTR/DEUTH02612536756X,37.86,0.0,0.0,2899.0,795.0,37.524,3.786,0.0,0.0,prepaid,0.757,106.0,0.0,0.0,0.0,125.08,-878.013,"",'132848045632183796601,2026-05-05,11104850428,58541cbe-9bdc-4946-9a69-48fa304c07f8,100153831054,Reverse,100050121413,1000014833667,11504,757.14,5.0,2010.0,0.0,2010.0,return_refund,0.0,0.0,0.0,0.0,0.0,0.0,0.0,0.0,NA,0,889.0
NFT-/XUTR/DEUTH02612536756X,66.43,0.0,0.0,3299.0,1395.0,345.681,6.643,0.0,0.0,prepaid,1.329,0.0,0.0,45.0,0.0,53.1,988.247,"",'132846254959981681903,2026-05-05,11104313775,2e99d3d9-9db2-4873-9e90-6d7d7f168463,"",Forward,100049584775,100049584775,11504,1328.57,5.0,1733.0,0.0,1733.0,packet_delivered,0.0,0.0,0.0,0.0,0.0,0.0,0.0,0.0,NA,0,1566.0
NFT-/XUTR/DEUTH02612536756X,38.33,0.0,0.0,1799.0,805.0,208.978,3.833,0.0,0.0,prepaid,0.767,0.0,0.0,27.0,0.0,31.86,559.562,"",'132822310735899536601,2026-05-05,11099370530,041e0e11-b5e1-46c6-8b26-516ddf8285ad,"",Forward,100044641564,1000013219330,11504,766.67,5.0,900.0,0.0,900.0,packet_delivered,0.0,0.0,0.0,0.0,0.0,0.0,0.0,0.0,NA,0,898.99
NFT-/XUTR/DEUTH02612536756X,0.0,45.07,45.07,2999.0,1107.65,274.475,0.0,2.6375,2.6375,prepaid,1.055,62.024,0.0,0.0,0.0,73.18832,-900.033,"",'132850024994403843403,2026-05-05,11105497766,211bfb32-2e89-4430-970a-3a0484b9544c,100156668929,Reverse,100050768751,100050768751,11504,1802.86,5.0,900.0,0.0,900.0,return_refund,0.0,0.0,0.0,0.0,0.0,0.0,0.0,0.0,NA,0,2099.0
NFT-/XUTR/DEUTH02612536756X,27.19,0.0,0.0,1799.0,571.0,148.232,2.719,0.0,0.0,prepaid,0.544,0.0,0.0,27.0,0.0,31.86,387.645,"",'132829209701284587603,2026-05-05,11100764070,6dad13a1-ef2f-4064-b679-588119bf7f98,"",Forward,100046035103,100046035103,11504,543.81,5.0,1134.0,0.0,1134.0,packet_delivered,0.0,0.0,0.0,0.0,0.0,0.0,0.0,0.0,NA,0,665.0
NFT-/XUTR/DEUTH02612536756X,18.1,0.0,0.0,1750.0,380.0,17.936,1.81,0.0,0.0,prepaid,0.362,106.0,0.0,0.0,0.0,125.08,-484.972,"",'132849954084107073903,2026-05-05,11105470881,074b29fa-1485-4a24-a5b7-7e5fb4a87d76,100154159314,Reverse,100050741866,100050741866,11504,361.9,5.0,1311.0,0.0,1311.0,return_refund,0.0,0.0,0.0,0.0,0.0,0.0,0.0,0.0,NA,0,439.0
NFT-/XUTR/DEUTH02612536756X,18.95,0.0,0.0,1699.0,398.0,18.786,1.895,0.0,0.0,prepaid,0.379,0.0,0.0,0.0,0.0,0.0,376.94,"",'132828080151155612003,2026-05-05,11100449751,a2ff64dc-b6cf-41bf-a159-9292a2270ce7,"",Forward,100045720784,100045720784,11504,379.05,5.0,1207.0,0.0,1207.0,packet_delivered,0.0,0.0,0.0,0.0,0.0,0.0,0.0,0.0,NA,0,492.0
NFT-/XUTR/DEUTH02612536756X,27.19,0.0,0.0,1799.0,571.0,148.232,2.719,0.0,0.0,prepaid,0.544,0.0,0.0,27.0,0.0,31.86,387.645,"",'132828831222496232301,2026-05-05,11100664695,8fec2ec3-8e74-4f99-ab2f-941872f81447,"",Forward,100045935728,1000013240958,11504,543.81,5.0,1134.0,0.0,1134.0,packet_delivered,0.0,0.0,0.0,0.0,0.0,0.0,0.0,0.0,NA,0,665.0
NFT-/XUTR/DEUTH02612536756X,0.0,51.74,51.74,3399.0,2173.0,512.828,0.0,5.174,5.174,prepaid,2.07,0.0,0.0,61.0,0.0,71.98,1575.774,"",'132854474826265821701,2026-05-05,11106024111,072c18f4-708a-46d3-89f9-eb34503eed0e,"",Forward,100051295092,100051295092,11504,2069.52,5.0,1020.0,0.0,1020.0,packet_delivered,0.0,0.0,0.0,0.0,0.0,0.0,0.0,0.0,NA,0,2378.9999999999995
NFT-/XUTR/DEUTH02612536756X,90.14,0.0,0.0,2999.0,1893.0,469.085,9.014,0.0,0.0,prepaid,1.803,0.0,0.0,45.0,0.0,53.1,1359.998,"",'132838674594896206101,2026-05-05,11102807359,747a5b11-c169-49cb-a388-45cd4c584c87,"",Forward,100048078377,1000014215613,11504,1802.86,5.0,900.0,0.0,900.0,packet_delivered,0.0,0.0,0.0,0.0,0.0,0.0,0.0,0.0,NA,0,2099.0
NFT-/XUTR/DEUTH02612536756X,94.62,0.0,0.0,3299.0,1987.0,492.379,9.462,0.0,0.0,prepaid,1.892,0.0,0.0,45.0,0.0,53.1,1430.167,"",'132854490858916441803,2026-05-05,11106027732,b0428e10-7516-460b-9818-daccf56032de,"",Forward,100051298713,100051298713,11504,1892.38,5.0,1106.0,0.0,1106.0,packet_delivered,0.0,0.0,0.0,0.0,0.0,0.0,0.0,0.0,NA,0,2193.0
NFT-/XUTR/DEUTH02612536756X,63.24,0.0,0.0,2999.0,1328.0,329.078,6.324,0.0,0.0,prepaid,1.265,182.0,0.0,0.0,0.0,214.76,-1206.093,"",'132824229950005901701,2026-05-05,11100017875,547835b5-b13e-4018-a365-d6d5fa4730ce,100156402846,Reverse,100045288908,100045288908,11504,1264.76,5.0,1500.0,0.0,1500.0,return_refund,0.0,0.0,0.0,0.0,0.0,0.0,0.0,0.0,NA,0,1499.0
NFT-/XUTR/DEUTH02612536756X,34.67,0.0,0.0,2599.0,728.0,34.362,3.467,0.0,0.0,prepaid,0.693,127.0,0.0,0.0,0.0,149.86,-839.338,"",'132845817141919824001,2026-05-05,11104178856,28440131-11eb-4cbd-a3bf-650653323421,100155063846,Reverse,100049449856,100049449856,11504,693.33,5.0,1777.0,0.0,1777.0,return_refund,0.0,0.0,0.0,0.0,0.0,0.0,0.0,0.0,NA,0,821.99
NFT-/XUTR/DEUTH02612536756X,25.43,0.0,0.0,1699.0,534.0,138.626,2.543,0.0,0.0,prepaid,0.509,0.0,0.0,27.0,0.0,31.86,360.462,"",'132828831222496232301,2026-05-05,11100664697,8fec2ec3-8e74-4f99-ab2f-941872f81447,"",Forward,100045935730,1000013240958,11504,508.57,5.0,1071.0,0.0,1071.0,packet_delivered,0.0,0.0,0.0,0.0,0.0,0.0,0.0,0.0,NA,0,628.0
NFT-/XUTR/DEUTH02612536756X,31.1,0.0,0.0,2499.0,653.0,30.822000000000003,3.11,0.0,0.0,prepaid,0.622,0.0,0.0,0.0,0.0,0.0,618.446,"",'132846241361348432201,2026-05-05,11104309510,1c5c9169-7401-4e83-bec6-1ec640076da9,"",Forward,100049580510,100049580510,11504,621.9,5.0,1698.0,0.0,1698.0,packet_delivered,0.0,0.0,0.0,0.0,0.0,0.0,0.0,0.0,NA,0,801.0
NFT-/XUTR/DEUTH02612536756X,100.14,0.0,0.0,3299.0,2103.0,496.308,10.014,0.0,0.0,prepaid,2.003,106.0,0.0,0.0,0.0,125.08,-1719.755,"",'132838674594896206101,2026-05-05,11102807361,747a5b11-c169-49cb-a388-45cd4c584c87,100153809411,Reverse,100048078379,1000014215613,11504,2002.86,5.0,990.0,0.0,990.0,return_refund,0.0,0.0,0.0,0.0,0.0,0.0,0.0,0.0,NA,0,2309.0
NFT-/XUTR/DEUTH02612536756X,31.29,0.0,0.0,1599.0,657.0,170.557,3.129,0.0,0.0,prepaid,0.626,0.0,0.0,27.0,0.0,31.86,450.828,"",'132822263437658521003,2026-05-05,11099358054,7bd96034-26b3-49f0-91fe-8d654bd76dc4,"",Forward,100044629088,1000012876614,11504,625.71,5.0,848.0,0.0,848.0,packet_delivered,0.0,0.0,0.0,0.0,0.0,0.0,0.0,0.0,NA,0,751.0
NFT-/XUTR/DEUTH02612536756X,103.48,0.0,0.0,3399.0,2173.0,487.187,10.348,0.0,0.0,prepaid,2.07,0.0,0.0,61.0,0.0,71.98,1601.415,"",'132823949982826521003,2026-05-05,11099913139,6fcbc9cb-f297-4f5a-9899-d4a867d13dfc,"",Forward,100045184172,100045184172,11504,2069.52,5.0,1020.0,0.0,1020.0,packet_delivered,0.0,0.0,0.0,0.0,0.0,0.0,0.0,0.0,NA,0,2379.0
NFT-/XUTR/DEUTH02612536756X,41.95,0.0,0.0,1950.0,881.0,228.708,4.195,0.0,0.0,prepaid,0.839,0.0,0.0,27.0,0.0,31.86,615.398,"",'132823696248710000901,2026-05-05,11099801036,2a6d96e9-ee0e-44e4-a0bb-7cae7a87f0fd,"",Forward,100045072069,1000012971058,11504,839.05,5.0,975.0,0.0,975.0,packet_delivered,0.0,0.0,0.0,0.0,0.0,0.0,0.0,0.0,NA,0,975.0
NFT-/XUTR/DEUTH02612536756X,61.91,0.0,0.0,3299.0,1300.0,322.14,6.19,0.0,0.0,prepaid,1.238,0.0,0.0,45.0,0.0,53.1,917.332,"",'132841952715408037501,2026-05-05,11103717454,c14012ea-5432-4ff2-9799-58996d89b848,"",Forward,100048988463,100048988463,11504,1238.1,5.0,1828.0,0.0,1828.0,packet_delivered,0.0,0.0,0.0,0.0,0.0,0.0,0.0,0.0,NA,0,1471.01
NFT-/XUTR/DEUTH02612536756X,39.57,0.0,0.0,1850.0,831.0,215.728,3.957,0.0,0.0,prepaid,0.791,0.0,0.0,27.0,0.0,31.86,578.664,"",'132823873892798623803,2026-05-05,11099878654,9a5da827-45a7-4176-8276-ca8394b50ac9,"",Forward,100045149687,100045149687,11504,791.43,5.0,925.0,0.0,925.0,packet_delivered,0.0,0.0,0.0,0.0,0.0,0.0,0.0,0.0,NA,0,925.0
NFT-/XUTR/DEUTH02612536756X,38.33,0.0,0.0,1799.0,805.0,208.978,3.833,0.0,0.0,prepaid,0.767,0.0,0.0,27.0,0.0,31.86,559.562,"",'132824034992528290303,2026-05-05,11099944515,cb04e879-af14-436d-be3c-131c5f55756e,"",Forward,100045215548,100045215548,11504,766.67,5.0,900.0,0.0,900.0,packet_delivered,0.0,0.0,0.0,0.0,0.0,0.0,0.0,0.0,NA,0,899.0
NFT-/XUTR/DEUTH02612536756X,41.19,0.0,0.0,2999.0,865.0,224.554,4.119,0.0,0.0,prepaid,0.824,0.0,0.0,27.0,0.0,31.86,603.643,"",'132819129836641278201,2026-05-05,11098546582,4ca14d31-2f89-4d12-b347-246755258a2f,"",Forward,100043817617,100043817617,11504,823.81,5.0,2040.0,0.0,2040.0,packet_delivered,0.0,0.0,0.0,0.0,0.0,0.0,0.0,0.0,NA,0,959.0
NFT-/XUTR/DEUTH02612536756X,21.91,0.0,0.0,1499.0,460.0,21.712,2.19,0.0,0.0,prepaid,0.438,0.0,0.0,27.0,0.0,31.86,403.8,"",'132820533820391049203,2026-05-05,11098888366,f2898ad8-4e56-4ef8-b501-99aa7a0c405b,"",Forward,100044159401,100044159401,11504,438.1,5.0,945.0,0.0,945.0,packet_delivered,0.0,0.0,0.0,0.0,0.0,0.0,0.0,0.0,NA,0,554.01
NFT-/XUTR/DEUTH02612536756X,64.24,0.0,0.0,3199.0,1349.0,334.282,6.424,0.0,0.0,prepaid,1.285,0.0,0.0,45.0,0.0,53.1,953.909,"",'132836553286954921703,2026-05-05,11102187848,c4f6ff5c-d41f-4d3b-b9dc-e65214028c28,"",Forward,100047458875,100047458875,11504,1284.76,5.0,1679.0,0.0,1679.0,packet_delivered,0.0,0.0,0.0,0.0,0.0,0.0,0.0,0.0,NA,0,1520.0
NFT-/XUTR/DEUTH02612536756X,100.14,0.0,0.0,3299.0,2103.0,496.308,10.014,0.0,0.0,prepaid,2.003,0.0,0.0,61.0,0.0,71.98,1522.695,"",'132821896594083244301,2026-05-05,11099260006,d0d573fa-8ae5-461b-9274-8d8a9af7f7bd,"",Forward,100044531040,1000013210658,11504,2002.86,5.0,990.0,0.0,990.0,packet_delivered,0.0,0.0,0.0,0.0,0.0,0.0,0.0,0.0,NA,0,2309.0
NFT-/XUTR/DEUTH02612536756X,59.62,0.0,0.0,2999.0,1252.0,310.246,5.962,0.0,0.0,prepaid,1.192,0.0,0.0,45.0,0.0,53.1,881.5,"",'132849977668896395601,2026-05-05,11105479919,2d4300fb-d9e7-4cd6-8731-53aee0064fe4,"",Forward,100050750904,1000014858777,11504,1192.38,5.0,1576.0,0.0,1576.0,packet_delivered,0.0,0.0,0.0,0.0,0.0,0.0,0.0,0.0,NA,0,1423.0
NFT-/XUTR/DEUTH02612536756X,471.81,0.0,0.0,3299.0,3093.0,729.948,13.106,0.0,0.0,prepaid,2.621,0.0,0.0,61.0,0.0,71.98,2275.345,"",'132838674594896206101,2026-05-05,11102807360,747a5b11-c169-49cb-a388-45cd4c584c87,"",Forward,100048078378,1000014215613,11504,2621.19,18.0,0.0,0.0,0.0,packet_delivered,0.0,0.0,0.0,0.0,0.0,0.0,0.0,0.0,NA,0,3299.0
NFT-/XUTR/DEUTH02612536756X,44.67,0.0,0.0,2999.0,938.0,243.505,4.467,0.0,0.0,prepaid,0.893,0.0,0.0,27.0,0.0,31.86,657.275,"",'132823598626339133103,2026-05-05,11099762211,46026dc1-8857-4d83-b504-dad141529b17,"",Forward,100045033244,100045033244,11504,893.33,5.0,1890.0,0.0,1890.0,packet_delivered,0.0,0.0,0.0,0.0,0.0,0.0,0.0,0.0,NA,0,1109.0
NFT-/XUTR/DEUTH02612536756X,39.48,0.0,0.0,2299.0,668.17,173.457,3.182,0.0,0.0,prepaid,0.636,0.0,0.0,21.762,0.0,25.67916,465.216,"",'132842158482499123701,2026-05-05,11103753943,af093197-b402-4724-acd3-37a1510bccc2,"",Forward,100049024952,100049024952,11504,789.52,5.0,1376.0,0.0,1376.0,packet_delivered,0.0,0.0,0.0,0.0,0.0,0.0,0.0,0.0,NA,0,922.99
NFT-/XUTR/DEUTH02612536756X,33.57,0.0,0.0,1599.0,705.0,183.018,3.357,0.0,0.0,prepaid,0.671,182.0,0.0,0.0,0.0,214.76,-732.714,"",'132827773062473022803,2026-05-05,11100380302,832f4f24-c9b0-4dc3-af44-c4ab131789b1,100154251737,Reverse,100045651335,100045651335,11504,671.43,5.0,800.0,0.0,800.0,return_refund,0.0,0.0,0.0,0.0,0.0,0.0,0.0,0.0,NA,0,799.0
NFT-/XUTR/DEUTH02612536756X,0.0,25.88,25.88,2799.0,1087.0,269.359,0.0,2.588,2.588,prepaid,1.035,0.0,0.0,45.0,0.0,53.1,758.33,"",'132849320204379076301,2026-05-05,11105234248,874c93d2-3da2-4f20-a77d-746fc9b46a52,"",Forward,100050505233,1000014857206,11504,1035.24,5.0,1541.0,0.0,1541.0,packet_delivered,0.0,0.0,0.0,0.0,0.0,0.0,0.0,0.0,NA,0,1258.0000000000002
NFT-/XUTR/DEUTH02612536756X,81.33,0.0,0.0,3999.0,1708.0,423.242,8.133,0.0,0.0,prepaid,1.627,0.0,0.0,45.0,0.0,53.1,1221.898,"",'132824013516938522203,2026-05-05,11099936722,7aa63227-c4db-479a-9ae6-e1589f5fedd7,"",Forward,100045207755,100045207755,11504,1626.67,5.0,2120.0,0.0,2120.0,packet_delivered,0.0,0.0,0.0,0.0,0.0,0.0,0.0,0.0,NA,0,1879.0
NFT-/XUTR/DEUTH02612536756X,0.0,35.19,35.19,3299.0,1478.0,366.248,0.0,3.519,3.519,prepaid,1.408,106.0,0.0,0.0,0.0,125.08,-1228.386,"",'132852898826436160803,2026-05-05,11105755993,a2faa5e7-32f2-4a24-87de-fe5459049814,100155106658,Reverse,100051026977,1000014855328,11504,1407.62,5.0,1650.0,0.0,1650.0,return_refund,0.0,0.0,0.0,0.0,0.0,0.0,0.0,0.0,NA,0,1649.0
NFT-/XUTR/DEUTH02612536756X,30.81,0.0,0.0,1599.0,427.77,111.049,2.037,0.0,0.0,prepaid,0.407,83.967,0.0,0.0,0.0,99.08106,-413.358,"",'132841726979375148603,2026-05-05,11103661471,11ea025f-f07a-455f-aa1c-3f6b93712799,11103661471,Reverse,100048932480,100048932480,11504,616.19,5.0,858.0,0.0,858.0,exchange,0.0,0.0,0.0,0.0,0.0,0.0,0.0,0.0,NA,0,741.0
NFT-/XUTR/DEUTH02612536756X,27.19,0.0,0.0,1799.0,571.0,148.232,2.719,0.0,0.0,prepaid,0.544,0.0,0.0,27.0,0.0,31.86,387.645,"",'132822249493505270703,2026-05-05,11099354209,5215f425-58dd-4cbe-8a48-6aa0d31db6fa,"",Forward,100044625243,100044625243,11504,543.81,5.0,1134.0,0.0,1134.0,packet_delivered,0.0,0.0,0.0,0.0,0.0,0.0,0.0,0.0,NA,0,664.99
NFT-/XUTR/DEUTH02612536756X,78.33,0.0,0.0,1999.0,1645.0,388.22,7.833,0.0,0.0,prepaid,1.567,0.0,0.0,45.0,0.0,53.1,1194.28,"",'132839489642615089503,2026-05-05,11103034781,024518ba-24c9-4981-9ec6-769184680c2f,"",Forward,100048305791,100048305791,11504,1566.67,5.0,183.0,0.0,183.0,packet_delivered,0.0,0.0,0.0,0.0,0.0,0.0,0.0,0.0,NA,0,1815.99
NFT-/XUTR/DEUTH02612536756X,20.43,0.0,0.0,1850.0,429.0,20.249,2.043,0.0,0.0,prepaid,0.409,0.0,0.0,15.0,0.0,17.7,388.599,"",'132848874397829856101,2026-05-05,11105099457,fcf3cc19-08df-4fb3-8273-0f7dbc7ffbbd,"",Forward,100050370442,100050370442,11504,408.57,5.0,1327.0,0.0,1327.0,packet_delivered,0.0,0.0,0.0,0.0,0.0,0.0,0.0,0.0,NA,0,523.0
NFT-/XUTR/DEUTH02612536756X,90.14,0.0,0.0,2999.0,1893.0,469.085,9.014,0.0,0.0,prepaid,1.803,0.0,0.0,45.0,0.0,53.1,1359.998,"",'132838674594896206101,2026-05-05,11102807356,747a5b11-c169-49cb-a388-45cd4c584c87,"",Forward,100048078374,1000014215613,11504,1802.86,5.0,900.0,0.0,900.0,packet_delivered,0.0,0.0,0.0,0.0,0.0,0.0,0.0,0.0,NA,0,2099.0
NFT-/XUTR/DEUTH02612536756X,20.43,0.0,0.0,1850.0,429.00000000000006,20.249,2.043,0.0,0.0,prepaid,0.409,106.0,0.0,0.0,0.0,125.08,-531.379,"",'132848874397829856101,2026-05-05,11105099457,fcf3cc19-08df-4fb3-8273-0f7dbc7ffbbd,100156344547,Reverse,100050370442,100050370442,11504,408.57,5.0,1327.0,0.0,1327.0,return_refund,0.0,0.0,0.0,0.0,0.0,0.0,0.0,0.0,NA,0,523.0
NFT-/XUTR/DEUTH02612536756X,72.67,0.0,0.0,2425.0,1526.0,378.143,7.267,0.0,0.0,prepaid,1.453,0.0,0.0,45.0,0.0,53.1,1086.037,"",'132820848886033810401,2026-05-05,11098977261,d0a9023f-5238-4acf-8251-8e2c396cd1b0,"",Forward,100044248296,100044248296,11504,1453.33,5.0,728.0,0.0,728.0,packet_delivered,0.0,0.0,0.0,0.0,0.0,0.0,0.0,0.0,NA,0,1697.0
NFT-/XUTR/DEUTH02612536756X,0.0,20.69,20.69,1899.0,869.0,225.592,0.0,2.069,2.069,prepaid,0.828,106.0,0.0,0.0,0.0,125.08,-763.522,"",'132847349039876608701,2026-05-05,11104643834,12212e78-f691-470e-8eb3-94f62832f60f,100153771901,Reverse,100049914829,1000014391950,11504,827.62,5.0,936.0,0.0,936.0,return_refund,0.0,0.0,0.0,0.0,0.0,0.0,0.0,0.0,NA,0,963.0000000000001
NFT-/XUTR/DEUTH02612536756X,40.71,0.0,0.0,1899.0,855.0,221.958,4.071,0.0,0.0,prepaid,0.814,0.0,0.0,27.0,0.0,31.86,596.297,"",'132832676121998608901,2026-05-05,11101695118,8e1dd587-daad-4931-ad35-29f69e7214f5,"",Forward,100046966145,100046966145,11504,814.29,5.0,950.0,0.0,950.0,packet_delivered,0.0,0.0,0.0,0.0,0.0,0.0,0.0,0.0,NA,0,949.0
NFT-/XUTR/DEUTH02612536756X,33.57,0.0,0.0,1599.0,705.0,183.018,3.357,0.0,0.0,prepaid,0.671,127.0,0.0,0.0,0.0,149.86,-667.814,"",'132829231091731153001,2026-05-05,11100769774,1ca45d0a-8255-415c-8138-e740723572a4,100154452311,Reverse,100046040807,1000013267947,11504,671.43,5.0,800.0,0.0,800.0,return_refund,0.0,0.0,0.0,0.0,0.0,0.0,0.0,0.0,NA,0,799.0
NFT-/XUTR/DEUTH02612536756X,50.19,0.0,0.0,1750.0,53.629,12.657,0.255,0.0,0.0,prepaid,0.051,0.0,0.0,2.29,0.0,2.7022,37.964,"",'132812104979624679401,2026-05-05,11097194821,a8fd22bb-50ba-404f-b6b4-398907593bd5,"",Forward,100042465861,100042465861,11504,1003.81,5.0,525.0,0.0,525.0,packet_delivered,0.0,0.0,0.0,0.0,0.0,0.0,0.0,0.0,NA,0,1224.99
NFT-/XUTR/DEUTH02612536756X,27.19,0.0,0.0,1799.0,571.0,40.427,2.719,0.0,0.0,prepaid,0.544,0.0,0.0,27.0,0.0,31.86,495.45,"",'132823638157676062401,2026-05-05,11099777132,7370248e-8d58-4c22-a01f-2ea436a3d5ee,"",Forward,100045048165,100045048165,11504,543.81,5.0,1134.0,0.0,1134.0,packet_delivered,0.0,0.0,0.0,0.0,0.0,0.0,0.0,0.0,NA,0,665.0
NFT-/XUTR/DEUTH02612536756X,40.71,0.0,0.0,1899.0,855.0,221.958,4.071,0.0,0.0,prepaid,0.814,182.0,0.0,0.0,0.0,214.76,-842.917,"",'132824879146746410801,2026-05-05,11100157060,bd757588-a47d-4f1c-85ce-7bdf94c8e124,11100157060,Reverse,100045428093,1000013039516,11504,814.29,5.0,950.0,0.0,950.0,exchange,0.0,0.0,0.0,0.0,0.0,0.0,0.0,0.0,NA,0,949.0
NFT-/XUTR/DEUTH02612536756X,51.76,0.0,0.0,1799.0,1087.0,256.532,5.176,0.0,0.0,prepaid,1.035,106.0,0.0,0.0,0.0,125.08,-949.337,"",'132848890452612844001,2026-05-05,11105104183,c87a8255-0f3a-42d0-beb4-6f8265960e04,11105104183,Reverse,100050375168,100050375168,11504,1035.24,5.0,541.0,0.0,541.0,exchange,0.0,0.0,0.0,0.0,0.0,0.0,0.0,0.0,NA,0,1257.99
NFT-/XUTR/DEUTH02612536756X,33.52,0.0,0.0,1699.0,704.0,182.758,3.352,0.0,0.0,prepaid,0.67,0.0,0.0,27.0,0.0,31.86,485.36,"",'132823696248710000901,2026-05-05,11099801032,2a6d96e9-ee0e-44e4-a0bb-7cae7a87f0fd,"",Forward,100045072065,1000012971058,11504,670.48,5.0,901.0,0.0,901.0,packet_delivered,0.0,0.0,0.0,0.0,0.0,0.0,0.0,0.0,NA,0,798.0
NFT-/XUTR/DEUTH02612536756X,0.0,25.88,25.88,3399.0,1087.0,269.359,0.0,2.588,2.588,prepaid,1.035,0.0,0.0,45.0,0.0,53.1,758.33,"",'132840623717894559701,2026-05-05,11103326416,8d49c3ba-077b-4bd2-8057-f81474ada809,"",Forward,100048597425,100048597425,11504,1035.24,5.0,2141.0,0.0,2141.0,packet_delivered,0.0,0.0,0.0,0.0,0.0,0.0,0.0,0.0,NA,0,1258.0000000000002
NFT-/XUTR/DEUTH02612536756X,24.67,0.0,0.0,1750.0,518.0,36.674,2.467,0.0,0.0,prepaid,0.493,0.0,0.0,27.0,0.0,31.86,446.506,"",'132845723636385921101,2026-05-05,11104151269,2a524088-b63f-476b-b68d-5918505d0b0a,"",Forward,100049422270,1000014263455,11504,493.33,5.0,1138.0,0.0,1138.0,packet_delivered,0.0,0.0,0.0,0.0,0.0,0.0,0.0,0.0,NA,0,612.0
NFT-/XUTR/DEUTH02612536756X,40.71,0.0,0.0,1899.0,855.0,221.958,4.071,0.0,0.0,prepaid,0.814,0.0,0.0,27.0,0.0,31.86,596.297,"",'132823696248710000901,2026-05-05,11099801029,2a6d96e9-ee0e-44e4-a0bb-7cae7a87f0fd,"",Forward,100045072062,1000012971058,11504,814.29,5.0,950.0,0.0,950.0,packet_delivered,0.0,0.0,0.0,0.0,0.0,0.0,0.0,0.0,NA,0,949.0
NFT-/XUTR/DEUTH02612536756X,37.86,0.0,0.0,2750.0,795.0,37.524,3.786,0.0,0.0,prepaid,0.757,0.0,0.0,27.0,0.0,31.86,721.073,"",'132850345557089257203,2026-05-05,11105596597,56d0c161-478c-4ca7-963e-3a23fe5be7ef,"",Forward,100050867582,100050867582,11504,757.14,5.0,1784.0,0.0,1784.0,packet_delivered,0.0,0.0,0.0,0.0,0.0,0.0,0.0,0.0,NA,0,966.0
NFT-/XUTR/DEUTH02612536756X,35.76,0.0,0.0,1799.0,751.0,194.96,3.576,0.0,0.0,prepaid,0.715,0.0,0.0,27.0,0.0,31.86,519.889,"",'132827811798089326503,2026-05-05,11100388263,817c2b44-ef94-4fa1-b5fe-c9f0ae0da80b,"",Forward,100045659296,100045659296,11504,715.24,5.0,954.0,0.0,954.0,packet_delivered,0.0,0.0,0.0,0.0,0.0,0.0,0.0,0.0,NA,0,845.0
NFT-/XUTR/DEUTH02612536756X,31.29,0.0,0.0,1599.0,657.0,170.557,3.129,0.0,0.0,prepaid,0.626,182.0,0.0,0.0,0.0,214.76,-697.448,"",'132815767313504630701,2026-05-05,11098229636,6d9e68f0-248a-42cd-bd77-1489227f3997,100153629660,Reverse,100043500672,100043500672,11504,625.71,5.0,848.0,0.0,848.0,return_refund,0.0,0.0,0.0,0.0,0.0,0.0,0.0,0.0,NA,0,751.0
NFT-/XUTR/DEUTH02612536756X,19.1,0.0,0.0,1599.0,401.0,18.927,1.91,0.0,0.0,prepaid,0.382,0.0,0.0,15.0,0.0,17.7,362.081,"",'132821048121984531103,2026-05-05,11099031334,5460f54b-0916-4123-a8a3-de31f0881288,"",Forward,100044302369,1000012783298,11504,381.9,5.0,1104.0,0.0,1104.0,packet_delivered,0.0,0.0,0.0,0.0,0.0,0.0,0.0,0.0,NA,0,495.0
NFT-/XUTR/DEUTH02612536756X,38.33,0.0,0.0,1799.0,52.031,13.507,0.248,0.0,0.0,prepaid,0.05,0.0,0.0,1.745,0.0,2.0591,36.167,"",'132823964786197844503,2026-05-05,11099918864,5f8559cc-c041-429c-bd1b-eebd53aa87e2,"",Forward,100045189897,100045189897,11504,766.67,5.0,900.0,0.0,900.0,packet_delivered,0.0,0.0,0.0,0.0,0.0,0.0,0.0,0.0,NA,0,899.01
NFT-/XUTR/DEUTH02612536756X,19.52,0.0,0.0,1999.0,410.0,19.352000000000004,1.952,0.0,0.0,prepaid,0.39,0.0,0.0,6.0,0.0,7.08,381.226,"",'132815374479045377701,2026-05-05,11098093994,ff152e39-340a-4a25-bcbf-795244404c70,"",Forward,100043365030,100043365030,11504,390.48,5.0,1500.0,0.0,1500.0,packet_delivered,0.0,0.0,0.0,0.0,0.0,0.0,0.0,0.0,NA,0,499.0
NFT-/XUTR/DEUTH02612536756X,41.33,0.0,0.0,2599.0,868.0,225.333,4.133,0.0,0.0,prepaid,0.827,0.0,0.0,27.0,0.0,31.86,605.847,"",'132812947580615007903,2026-05-05,11097414084,496e20d6-c56b-4463-a28f-96f9a6814ab3,"",Forward,100042685124,100042685124,11504,826.67,5.0,1560.0,0.0,1560.0,packet_delivered,0.0,0.0,0.0,0.0,0.0,0.0,0.0,0.0,NA,0,1039.0
NFT-/XUTR/DEUTH02612536756X,63.24,0.0,0.0,2999.0,723.405,179.26,3.445,0.0,0.0,prepaid,0.689,57.742,0.0,0.0,0.0,68.13556,-608.147,"",'132852620540344439701,2026-05-05,11105737472,ec457e2b-9aa6-42e0-92df-166a0f9fa08d,100154267944,Reverse,100051008456,100051008456,11504,1264.76,5.0,1500.0,0.0,1500.0,return_refund,0.0,0.0,0.0,0.0,0.0,0.0,0.0,0.0,NA,0,1498.99
NFT-/XUTR/DEUTH02612536756X,42.62,0.0,0.0,2999.0,105.09,27.281,0.5,0.0,0.0,prepaid,0.1,21.37,0.0,0.0,0.0,25.2166,-102.426,"",'132798064124120767801,2026-05-05,11094351746,948d9b19-1bd6-4cb2-9cc4-b7b77a5b8f1c,100153805110,Reverse,100039622788,100039622788,11504,852.38,5.0,2010.0,0.0,2010.0,return_refund,0.0,0.0,0.0,0.0,0.0,0.0,0.0,0.0,NA,0,989.0
NFT-/XUTR/DEUTH02612536756X,30.67,0.0,0.0,1850.0,644.0,167.182,3.067,0.0,0.0,prepaid,0.613,0.0,0.0,27.0,0.0,31.86,441.278,"",'132840474189811258201,2026-05-05,11103285306,4203df72-eaca-4384-8d4a-4ed24c69e7d2,"",Forward,100048556315,100048556315,11504,613.33,5.0,1112.0,0.0,1112.0,packet_delivered,0.0,0.0,0.0,0.0,0.0,0.0,0.0,0.0,NA,0,738.0
NFT-/XUTR/DEUTH02612536756X,63.24,0.0,0.0,2999.0,343.987,85.24,1.638,0.0,0.0,prepaid,0.328,0.0,0.0,11.656,0.0,13.75408,243.027,"",'132827027701894465501,2026-05-05,11100260846,32f028cf-7292-47c3-89c2-4691f1e344c6,"",Forward,100045531879,100045531879,11504,1264.76,5.0,1500.0,0.0,1500.0,packet_delivered,0.0,0.0,0.0,0.0,0.0,0.0,0.0,0.0,NA,0,1498.98
NFT-/XUTR/DEUTH02612536756X,40.71,0.0,0.0,1899.0,855.0,221.958,4.071,0.0,0.0,prepaid,0.814,0.0,0.0,27.0,0.0,31.86,596.297,"",'132824879146746410801,2026-05-05,11100157060,bd757588-a47d-4f1c-85ce-7bdf94c8e124,"",Forward,100045428093,1000013039516,11504,814.29,5.0,950.0,0.0,950.0,packet_delivered,0.0,0.0,0.0,0.0,0.0,0.0,0.0,0.0,NA,0,949.0
NFT-/XUTR/DEUTH02612536756X,471.81,0.0,0.0,3299.0,3093.0,729.948,13.106,0.0,0.0,prepaid,2.621,182.0,0.0,0.0,0.0,214.76,-2562.085,"",'132828817873873919803,2026-05-05,11100660652,b6db4ebd-b42b-4068-b7ad-58f38c4ada2d,100154155786,Reverse,100045931686,100045931686,11504,2621.19,18.0,0.0,0.0,0.0,return_refund,0.0,0.0,0.0,0.0,0.0,0.0,0.0,0.0,NA,0,3299.0
NFT-/XUTR/DEUTH02612536756X,31.29,0.0,0.0,1599.0,657.0,170.557,3.129,0.0,0.0,prepaid,0.626,0.0,0.0,27.0,0.0,31.86,450.828,"",'132815767313504630701,2026-05-05,11098229636,6d9e68f0-248a-42cd-bd77-1489227f3997,"",Forward,100043500672,100043500672,11504,625.71,5.0,848.0,0.0,848.0,packet_delivered,0.0,0.0,0.0,0.0,0.0,0.0,0.0,0.0,NA,0,751.0
NFT-/XUTR/DEUTH02612536756X,45.38,0.0,0.0,2499.0,953.0,247.399,4.538,0.0,0.0,prepaid,0.908,0.0,0.0,27.0,0.0,31.86,668.295,"",'132820515427190797203,2026-05-05,11098882737,86afc3dc-767f-4975-8061-7b5ed8711430,"",Forward,100044153772,1000013215294,11504,907.62,5.0,1375.0,0.0,1375.0,packet_delivered,0.0,0.0,0.0,0.0,0.0,0.0,0.0,0.0,NA,0,1124.0
NFT-/XUTR/DEUTH02612536756X,42.62,0.0,0.0,2999.0,895.0,232.342,4.262,0.0,0.0,prepaid,0.852,0.0,0.0,27.0,0.0,31.86,625.684,"",'132811944798169128601,2026-05-05,11097153514,f5e1be67-ee99-428f-a18d-0e899b49f6f0,"",Forward,100042424554,100042424554,11504,852.38,5.0,2010.0,0.0,2010.0,packet_delivered,0.0,0.0,0.0,0.0,0.0,0.0,0.0,0.0,NA,0,989.0
NFT-/XUTR/DEUTH02612536756X,18.48,0.0,0.0,1599.0,388.0,18.314,1.848,0.0,0.0,prepaid,0.37,182.0,0.0,0.0,0.0,214.76,-582.228,"",'132828831222496232301,2026-05-05,11100664691,8fec2ec3-8e74-4f99-ab2f-941872f81447,100154148668,Reverse,100045935724,1000013240958,11504,369.52,5.0,1152.0,0.0,1152.0,return_refund,0.0,0.0,0.0,0.0,0.0,0.0,0.0,0.0,NA,0,447.0
NFT-/XUTR/DEUTH02612536756X,35.95,0.0,0.0,1699.0,755.0,195.998,3.595,0.0,0.0,prepaid,0.719,0.0,0.0,27.0,0.0,31.86,522.828,"",'132823709250257117501,2026-05-05,11099806466,2a642768-0fff-45cb-b498-42e99ca01000,"",Forward,100045077499,100045077499,11504,719.05,5.0,850.0,0.0,850.0,packet_delivered,0.0,0.0,0.0,0.0,0.0,0.0,0.0,0.0,NA,0,849.0
NFT-/XUTR/DEUTH02612536756X,28.86,0.0,0.0,1750.0,606.0,157.318,2.886,0.0,0.0,prepaid,0.577,182.0,0.0,0.0,0.0,214.76,-659.979,"",'132822182063483574503,2026-05-05,11099334359,3b9426ae-cfc9-4816-ab1d-a5a3bf170d46,100154383588,Reverse,100044605393,100044605393,11504,577.14,5.0,1050.0,0.0,1050.0,return_refund,0.0,0.0,0.0,0.0,0.0,0.0,0.0,0.0,NA,0,699.99
NFT-/XUTR/DEUTH02612536756X,34.05,0.0,0.0,1799.0,715.0,185.614,3.405,0.0,0.0,prepaid,0.681,0.0,0.0,27.0,0.0,31.86,493.44,"",'132822263437658521003,2026-05-05,11099358049,7bd96034-26b3-49f0-91fe-8d654bd76dc4,"",Forward,100044629084,1000012876614,11504,680.95,5.0,990.0,0.0,990.0,packet_delivered,0.0,0.0,0.0,0.0,0.0,0.0,0.0,0.0,NA,0,809.0
NFT-/XUTR/DEUTH02612536756X,51.43,0.0,0.0,2799.0,1080.0,267.624,5.143,0.0,0.0,prepaid,1.029,0.0,0.0,45.0,0.0,53.1,753.104,"",'132836016344207122203,2026-05-05,11102079599,4252b634-e14d-4b39-990a-a2fc00b54a74,"",Forward,100047350626,100047350626,11504,1028.57,5.0,1548.0,0.0,1548.0,packet_delivered,0.0,0.0,0.0,0.0,0.0,0.0,0.0,0.0,NA,0,1251.0
NFT-/XUTR/DEUTH02612536756X,24.91,0.0,0.0,1999.0,523.0,24.686000000000003,2.49,0.0,0.0,prepaid,0.498,0.0,0.0,3.0,0.0,3.54,491.786,"",'132836393650250336601,2026-05-05,11102151376,b4b05b2f-c170-4eb5-a6cb-31f998bd4f40,"",Forward,100047422403,1000013761821,11504,498.1,5.0,1382.0,0.0,1382.0,packet_delivered,0.0,0.0,0.0,0.0,0.0,0.0,0.0,0.0,NA,0,617.01
NFT-/XUTR/DEUTH02612536756X,42.43,0.0,0.0,2899.0,891.0,231.304,4.243,0.0,0.0,prepaid,0.849,106.0,0.0,0.0,0.0,125.08,-779.684,"",'132854550633855766903,2026-05-05,11106040654,6e97a7a8-5299-43d6-8034-fc3c25c7e5c0,100153833571,Reverse,100051311635,100051311635,11504,848.57,5.0,1914.0,0.0,1914.0,return_refund,0.0,0.0,0.0,0.0,0.0,0.0,0.0,0.0,NA,0,985.0
NFT-/XUTR/DEUTH02612536756X,18.95,0.0,0.0,1699.0,398.0,18.786,1.895,0.0,0.0,prepaid,0.379,182.0,0.0,0.0,0.0,214.76,-591.7,"",'132828831222496232301,2026-05-05,11100664693,8fec2ec3-8e74-4f99-ab2f-941872f81447,100154148509,Reverse,100045935726,1000013240958,11504,379.05,5.0,1207.0,0.0,1207.0,return_refund,0.0,0.0,0.0,0.0,0.0,0.0,0.0,0.0,NA,0,492.0
NFT-/XUTR/DEUTH02612536756X,45.38,0.0,0.0,2499.0,953.0,247.399,4.538,0.0,0.0,prepaid,0.908,182.0,0.0,0.0,0.0,214.76,-914.915,"",'132820515427190797203,2026-05-05,11098882737,86afc3dc-767f-4975-8061-7b5ed8711430,100154042197,Reverse,100044153772,1000013215294,11504,907.62,5.0,1375.0,0.0,1375.0,return_refund,0.0,0.0,0.0,0.0,0.0,0.0,0.0,0.0,NA,0,1124.0
NFT-/XUTR/DEUTH02612536756X,27.67,0.0,0.0,1999.0,581.0,41.135,2.767,0.0,0.0,prepaid,0.553,0.0,0.0,27.0,0.0,31.86,504.685,"",'132848123183217410401,2026-05-05,11104873226,f6affb47-4f22-41bb-b133-3baf5576c43e,"",Forward,100050144211,100050144211,11504,553.33,5.0,1324.0,0.0,1324.0,packet_delivered,0.0,0.0,0.0,0.0,0.0,0.0,0.0,0.0,NA,0,675.0
NFT-/XUTR/DEUTH02612536756X,62.1,0.0,0.0,2950.0,1304.0,323.131,6.21,0.0,0.0,prepaid,1.242,182.0,0.0,0.0,0.0,214.76,-1188.177,"",'132815302504384354203,2026-05-05,11098065194,41d509df-cfba-4a3e-92f9-a6796e369792,100153663810,Reverse,100043336230,100043336230,11504,1241.9,5.0,1475.0,0.0,1475.0,return_refund,0.0,0.0,0.0,0.0,0.0,0.0,0.0,0.0,NA,0,1475.01
NFT-/XUTR/DEUTH02612536756X,58.95,0.0,0.0,2999.0,107.311,26.592,0.511,0.0,0.0,prepaid,0.102,0.0,0.0,3.901,0.0,4.60318,75.503,"",'132853655406707960303,2026-05-05,11105859036,e86302fc-3c9e-45bb-8ed4-edc65ea1cf16,"",Forward,100051130017,100051130017,11504,1179.05,5.0,1590.0,0.0,1590.0,packet_delivered,0.0,0.0,0.0,0.0,0.0,0.0,0.0,0.0,NA,0,1409.01
NFT-/XUTR/DEUTH02612536756X,21.62,0.0,0.0,1650.0,454.0,21.429,2.162,0.0,0.0,prepaid,0.432,182.0,0.0,0.0,0.0,214.76,-644.737,"",'132832223893083244103,2026-05-05,11101551118,700445dd-58c5-4649-a3d1-e5eac2dcbafb,100153719335,Reverse,100046822145,1000013494300,11504,432.38,5.0,1102.0,0.0,1102.0,return_refund,0.0,0.0,0.0,0.0,0.0,0.0,0.0,0.0,NA,0,548.0
NFT-/XUTR/DEUTH02612536756X,0.0,29.21,29.21,2899.0,1227.0,304.051,0.0,2.9215,2.9215,prepaid,1.169,127.0,0.0,0.0,0.0,149.86,-1065.797,"",'132841643732813870101,2026-05-05,11103638231,7d9e3b56-d0c7-4ac4-a85d-97d03a2e70c7,100153695484,Reverse,100048909240,1000014248041,11504,1168.58,5.0,1501.0,0.0,1501.0,return_refund,0.0,0.0,0.0,0.0,0.0,0.0,0.0,0.0,NA,0,1398.0
NFT-/XUTR/DEUTH02612536756X,63.24,0.0,0.0,2999.0,1231.19,305.089,5.863,0.0,0.0,prepaid,1.173,0.0,0.0,41.72,0.0,49.2296,869.835,"",'132823955093831727301,2026-05-05,11099915494,3c495bff-0347-47e9-bc8e-bdb48acd8c2c,"",Forward,100045186527,100045186527,11504,1264.76,5.0,1500.0,0.0,1500.0,packet_delivered,0.0,0.0,0.0,0.0,0.0,0.0,0.0,0.0,NA,0,1498.99
NFT-/XUTR/DEUTH02612536756X,0.0,36.38,36.38,1699.0,1528.0,360.608,0.0,3.638,3.638,prepaid,1.455,0.0,0.0,45.0,0.0,53.1,1105.561,"",'132840117445341303701,2026-05-05,11103192478,78d68efe-9d74-4198-9a35-0cde90dfcbaf,"",Forward,100048463487,100048463487,11504,1455.24,5.0,0.0,0.0,0.0,packet_delivered,0.0,0.0,0.0,0.0,0.0,0.0,0.0,0.0,NA,0,1699.0000000000002
NFT-/XUTR/DEUTH02612536756X,19.05,0.0,0.0,1499.0,400.0,18.88,1.905,0.0,0.0,prepaid,0.381,182.0,0.0,0.0,0.0,214.76,-593.594,"",'132824676566704789001,2026-05-05,11100128573,0964f5fc-ee7f-4aba-b244-6e5595d1bc65,11100128573,Reverse,100045399606,1000013025747,11504,380.95,5.0,1005.0,0.0,1005.0,exchange,0.0,0.0,0.0,0.0,0.0,0.0,0.0,0.0,NA,0,494.0
NFT-/XUTR/DEUTH02612536756X,56.71,0.0,0.0,2899.0,1191.0,295.13,5.671,0.0,0.0,prepaid,1.134,0.0,0.0,45.0,0.0,53.1,835.965,"",'132837957168114535303,2026-05-05,11102600537,d47da880-df67-47ba-b5b8-ba57c33bfbc4,"",Forward,100047871564,100047871564,11504,1134.29,5.0,1537.0,0.0,1537.0,packet_delivered,0.0,0.0,0.0,0.0,0.0,0.0,0.0,0.0,NA,0,1362.0
NFT-/XUTR/DEUTH02612536756X,63.24,0.0,0.0,2999.0,723.405,179.26,3.445,0.0,0.0,prepaid,0.689,0.0,0.0,24.513,0.0,28.92534,511.086,"",'132852620540344439701,2026-05-05,11105737472,ec457e2b-9aa6-42e0-92df-166a0f9fa08d,"",Forward,100051008456,100051008456,11504,1264.76,5.0,1500.0,0.0,1500.0,packet_delivered,0.0,0.0,0.0,0.0,0.0,0.0,0.0,0.0,NA,0,1498.99
NFT-/XUTR/DEUTH02612536756X,82.24,0.0,0.0,1899.0,1727.0,407.572,8.224,0.0,0.0,prepaid,1.645,0.0,0.0,45.0,0.0,53.1,1256.459,"",'132839110330100093901,2026-05-05,11102936189,0d75d7c8-19b5-4704-8d58-1b51e3259361,"",Forward,100048207200,1000014226698,11504,1644.76,5.0,1.0,0.0,1.0,packet_delivered,0.0,0.0,0.0,0.0,0.0,0.0,0.0,0.0,NA,0,1898.0
NFT-/XUTR/DEUTH02612536756X,19.1,0.0,0.0,1599.0,401.0,18.927,1.91,0.0,0.0,prepaid,0.382,182.0,0.0,0.0,0.0,214.76,-594.541,"",'132831814118138870501,2026-05-05,11101434114,dd238403-2e1e-4bbb-b5f9-8eea7b714d49,11101434114,Reverse,100046705141,100046705141,11504,381.9,5.0,1104.0,0.0,1104.0,exchange,0.0,0.0,0.0,0.0,0.0,0.0,0.0,0.0,NA,0,494.99
NFT-/XUTR/DEUTH02612536756X,6.99,0.0,0.0,299.0,240.0,36.816,1.165,0.0,0.0,prepaid,0.233,0.0,0.0,27.0,0.0,31.86,169.926,"",'132827695081052448003,2026-05-05,11100365362,2efac825-036f-4c3b-9a31-4d77126f5fd4,"",Forward,100045636395,100045636395,11504,233.01,3.0,0.0,0.0,0.0,packet_delivered,0.0,0.0,0.0,0.0,0.0,0.0,0.0,0.0,NA,0,299.0
NFT-/XUTR/DEUTH02612536756X,27.19,0.0,0.0,1799.0,571.0,148.232,2.719,0.0,0.0,prepaid,0.544,0.0,0.0,27.0,0.0,31.86,387.645,"",'132814289110599981201,2026-05-05,11097747664,8057a6f0-746c-4637-b42c-5a2510dd1499,"",Forward,100043018700,100043018700,11504,543.81,5.0,1134.0,0.0,1134.0,packet_delivered,0.0,0.0,0.0,0.0,0.0,0.0,0.0,0.0,NA,0,664.99
NFT-/XUTR/DEUTH02612536756X,19.1,0.0,0.0,1599.0,401.0,18.927,1.91,0.0,0.0,prepaid,0.382,182.0,0.0,0.0,0.0,214.76,-594.541,"",'132824676566704789001,2026-05-05,11100128572,0964f5fc-ee7f-4aba-b244-6e5595d1bc65,100153921973,Reverse,100045399605,1000013025747,11504,381.9,5.0,1104.0,0.0,1104.0,return_refund,0.0,0.0,0.0,0.0,0.0,0.0,0.0,0.0,NA,0,495.0
NFT-/XUTR/DEUTH02612536756X,0.0,9.1,9.1,1699.0,382.0,18.03,0.0,0.9095,0.9095,prepaid,0.364,0.0,0.0,0.0,0.0,0.0,361.787,"",'132853836490970689101,2026-05-05,11105891684,95e9eed3-a22c-4d06-b643-caf4eb70fe43,"",Forward,100051162665,100051162665,11504,363.8,5.0,1258.0,0.0,1258.0,packet_delivered,0.0,0.0,0.0,0.0,0.0,0.0,0.0,0.0,NA,0,441.00000000000006
NFT-/XUTR/DEUTH02612536756X,31.19,0.0,0.0,1499.0,655.0,170.038,3.119,0.0,0.0,prepaid,0.624,0.0,0.0,27.0,0.0,31.86,449.359,"",'132813980028683277001,2026-05-05,11097669415,0b372bb7-afec-4b7a-9cc9-967dbb8ae0af,"",Forward,100042940451,100042940451,11504,623.81,5.0,750.0,0.0,750.0,packet_delivered,0.0,0.0,0.0,0.0,0.0,0.0,0.0,0.0,NA,0,749.0
NFT-/XUTR/DEUTH02612536756X,34.05,0.0,0.0,1799.0,715.0,185.614,3.405,0.0,0.0,prepaid,0.681,0.0,0.0,27.0,0.0,31.86,493.44,"",'132854256862389030501,2026-05-05,11105976547,bcb4c855-0052-48e2-9e19-1e8835b94a53,"",Forward,100051247528,100051247528,11504,680.95,5.0,990.0,0.0,990.0,packet_delivered,0.0,0.0,0.0,0.0,0.0,0.0,0.0,0.0,NA,0,809.0
NFT-/XUTR/DEUTH02612536756X,53.52,0.0,0.0,1850.0,1124.0,265.264,5.352,0.0,0.0,prepaid,1.07,0.0,0.0,45.0,0.0,53.1,799.214,"",'132840762296084801603,2026-05-05,11103365228,b67ca3cc-c6d3-4832-b2bc-f978f7faa2e0,"",Forward,100048636237,1000014279457,11504,1070.48,5.0,555.0,0.0,555.0,packet_delivered,0.0,0.0,0.0,0.0,0.0,0.0,0.0,0.0,NA,0,1295.0
NFT-/XUTR/DEUTH02612536756X,40.71,0.0,0.0,1899.0,855.0,221.958,4.071,0.0,0.0,prepaid,0.814,182.0,0.0,0.0,0.0,214.76,-842.917,"",'132823696248710000901,2026-05-05,11099801029,2a6d96e9-ee0e-44e4-a0bb-7cae7a87f0fd,100153865944,Reverse,100045072062,1000012971058,11504,814.29,5.0,950.0,0.0,950.0,return_refund,0.0,0.0,0.0,0.0,0.0,0.0,0.0,0.0,NA,0,949.0
NFT-/XUTR/DEUTH02612536756X,21.91,0.0,0.0,1499.0,460.0,21.712,2.19,0.0,0.0,prepaid,0.438,0.0,0.0,27.0,0.0,31.86,403.8,"",'132825070270153304003,2026-05-05,11100174575,d8ae5ad4-5c42-412c-9401-3201ba6f30f5,"",Forward,100045445608,100045445608,11504,438.1,5.0,945.0,0.0,945.0,packet_delivered,0.0,0.0,0.0,0.0,0.0,0.0,0.0,0.0,NA,0,554.01
NFT-/XUTR/DEUTH02612536756X,67.91,0.0,0.0,3399.0,7.0,1.735,0.033,0.0,0.0,prepaid,0.007,0.0,0.0,0.221,0.0,0.26078,4.964,"",'132827864208213755903,2026-05-05,11100399420,27b894a8-39e8-4d9e-b26f-b8b5710e101a,"",Forward,100045670453,100045670453,11504,1358.1,5.0,1802.0,0.0,1802.0,packet_delivered,0.0,0.0,0.0,0.0,0.0,0.0,0.0,0.0,NA,0,1597.01
NFT-/XUTR/DEUTH02612536756X,39.81,0.0,0.0,2799.0,836.0,217.026,3.981,0.0,0.0,prepaid,0.796,182.0,0.0,0.0,0.0,214.76,-828.957,"",'132823862411137708901,2026-05-05,11099873791,1b4f3f10-c076-45fd-b921-e986d6275f25,100154175310,Reverse,100045144824,100045144824,11504,796.19,5.0,1792.0,0.0,1792.0,return_refund,0.0,0.0,0.0,0.0,0.0,0.0,0.0,0.0,NA,0,1007.0
NFT-/XUTR/DEUTH02612536756X,48.48,0.0,0.0,1699.0,1018.0,240.248,4.848,0.0,0.0,prepaid,0.97,0.0,0.0,45.0,0.0,53.1,718.834,"",'132823696248710000901,2026-05-05,11099801026,2a6d96e9-ee0e-44e4-a0bb-7cae7a87f0fd,"",Forward,100045072059,1000012971058,11504,969.52,5.0,510.0,0.0,510.0,packet_delivered,0.0,0.0,0.0,0.0,0.0,0.0,0.0,0.0,NA,0,1189.0
NFT-/XUTR/DEUTH02612536756X,0.0,11.41,11.41,1599.0,479.0,22.609,0.0,1.1405,1.1405,prepaid,0.456,0.0,0.0,27.0,0.0,31.86,421.794,"",'132847349039876608701,2026-05-05,11104643837,12212e78-f691-470e-8eb3-94f62832f60f,"",Forward,100049914832,1000014391950,11504,456.2,5.0,1026.0,0.0,1026.0,packet_delivered,0.0,0.0,0.0,0.0,0.0,0.0,0.0,0.0,NA,0,573.02
NFT-/XUTR/DEUTH02612536756X,58.43,0.0,0.0,2899.0,1227.0,304.051,5.843,0.0,0.0,prepaid,1.169,127.0,0.0,0.0,0.0,149.86,-1065.797,"",'132842540060621032401,2026-05-05,11103791785,eab292c2-d816-4856-a6e2-fc7a51765b3a,100154506814,Reverse,100049062794,1000014270930,11504,1168.57,5.0,1501.0,0.0,1501.0,return_refund,0.0,0.0,0.0,0.0,0.0,0.0,0.0,0.0,NA,0,1398.0
NFT-/XUTR/DEUTH02612536756X,18.95,0.0,0.0,1699.0,398.0,18.786,1.895,0.0,0.0,prepaid,0.379,0.0,0.0,0.0,0.0,0.0,376.94,"",'132805841704725468501,2026-05-05,11095989177,778b30fc-c01f-49d5-a871-eceee77ea144,"",Forward,100041260218,100041260218,11504,379.05,5.0,1207.0,0.0,1207.0,packet_delivered,0.0,0.0,0.0,0.0,0.0,0.0,0.0,0.0,NA,0,492.0
NFT-/XUTR/DEUTH02612536756X,0.0,16.76,16.76,1599.0,704.0,182.758,0.0,1.676,1.676,prepaid,0.67,106.0,0.0,0.0,0.0,125.08,-642.3,"",'132849152387573822803,2026-05-05,11105182361,384d7052-7315-4541-ac8d-371a90847ecf,100154000291,Reverse,100050453346,100050453346,11504,670.48,5.0,801.0,0.0,801.0,return_refund,0.0,0.0,0.0,0.0,0.0,0.0,0.0,0.0,NA,0,798.0
NFT-/XUTR/DEUTH02612536756X,36.19,0.0,0.0,1799.0,760.0,197.296,3.619,0.0,0.0,prepaid,0.724,106.0,0.0,0.0,0.0,125.08,-683.441,"",'132850445006579780203,2026-05-05,11105617029,607bb764-1f36-4bfb-854c-54391d2ded94,100156993234,Reverse,100050888014,1000014600527,11504,723.81,5.0,945.0,0.0,945.0,return_refund,0.0,0.0,0.0,0.0,0.0,0.0,0.0,0.0,NA,0,854.0
NFT-/XUTR/DEUTH02612536756X,0.0,25.88,25.88,3399.0,1087.0,269.359,0.0,2.588,2.588,prepaid,1.035,106.0,0.0,0.0,0.0,125.08,-936.51,"",'132840623717894559701,2026-05-05,11103326416,8d49c3ba-077b-4bd2-8057-f81474ada809,100154055910,Reverse,100048597425,100048597425,11504,1035.24,5.0,2141.0,0.0,2141.0,return_refund,0.0,0.0,0.0,0.0,0.0,0.0,0.0,0.0,NA,0,1258.0000000000002
NFT-/XUTR/DEUTH02612536756X,44.67,0.0,0.0,2999.0,938.0,243.505,4.467,0.0,0.0,prepaid,0.893,0.0,0.0,27.0,0.0,31.86,657.275,"",'132824020757735603803,2026-05-05,11099939468,92369a13-737f-4428-a3a9-0f5d39864086,"",Forward,100045210501,100045210501,11504,893.33,5.0,1890.0,0.0,1890.0,packet_delivered,0.0,0.0,0.0,0.0,0.0,0.0,0.0,0.0,NA,0,1109.0
NFT-/XUTR/DEUTH02612536756X,23.67,0.0,0.0,1599.0,497.0,23.458,2.367,0.0,0.0,prepaid,0.473,182.0,0.0,0.0,0.0,214.76,-685.462,"",'132822358380634923103,2026-05-05,11099384547,b9589892-cf86-44f4-a84b-1382003e0880,100153617118,Reverse,100044655581,1000012878607,11504,473.33,5.0,1008.0,0.0,1008.0,return_refund,0.0,0.0,0.0,0.0,0.0,0.0,0.0,0.0,NA,0,591.0
NFT-/XUTR/DEUTH02612536756X,56.1,0.0,0.0,2699.0,1178.0,291.908,5.61,0.0,0.0,prepaid,1.122,0.0,0.0,45.0,0.0,53.1,826.26,"",'132828889827425054903,2026-05-05,11100681369,94d9c4bb-8ab3-4a27-a33d-9ead68dc043c,"",Forward,100045952402,100045952402,11504,1121.9,5.0,1350.0,0.0,1350.0,packet_delivered,0.0,0.0,0.0,0.0,0.0,0.0,0.0,0.0,NA,0,1349.0
NFT-/XUTR/DEUTH02612536756X,18.81,0.0,0.0,1799.0,395.0,18.644,1.881,0.0,0.0,prepaid,0.376,127.0,0.0,0.0,0.0,149.86,-523.959,"",'132836724200019193203,2026-05-05,11102229495,c21030e6-1fc7-4143-8500-dfd673008192,100157378446,Reverse,100047500522,100047500522,11504,376.19,5.0,1310.0,0.0,1310.0,return_refund,0.0,0.0,0.0,0.0,0.0,0.0,0.0,0.0,NA,0,489.0
NFT-/XUTR/DEUTH02612536756X,70.38,0.0,0.0,3299.0,1478.0,366.248,7.038,0.0,0.0,prepaid,1.408,0.0,0.0,45.0,0.0,53.1,1050.206,"",'132821896594083244301,2026-05-05,11099260008,d0d573fa-8ae5-461b-9274-8d8a9af7f7bd,"",Forward,100044531042,1000013210658,11504,1407.62,5.0,1650.0,0.0,1650.0,packet_delivered,0.0,0.0,0.0,0.0,0.0,0.0,0.0,0.0,NA,0,1649.0
NFT-/XUTR/DEUTH02612536756X,106.81,0.0,0.0,3499.0,2243.0,529.348,10.681,0.0,0.0,prepaid,2.136,0.0,0.0,61.0,0.0,71.98,1628.855,"",'132815907121011767701,2026-05-05,11098260947,ee489c8e-b2e5-471b-9eb5-65d8634c9184,"",Forward,100043531983,1000012692143,11504,2136.19,5.0,1050.0,0.0,1050.0,packet_delivered,0.0,0.0,0.0,0.0,0.0,0.0,0.0,0.0,NA,0,2449.0
NFT-/XUTR/DEUTH02612536756X,41.14,0.0,0.0,2799.0,864.0,224.294,4.114,0.0,0.0,prepaid,0.823,0.0,0.0,27.0,0.0,31.86,602.909,"",'132822335004986837803,2026-05-05,11099377789,5c8ccbcd-1b31-43a6-b6c0-0b571b54542c,"",Forward,100044648823,100044648823,11504,822.86,5.0,1764.0,0.0,1764.0,packet_delivered,0.0,0.0,0.0,0.0,0.0,0.0,0.0,0.0,NA,0,1034.99
NFT-/XUTR/DEUTH02612536756X,0.0,18.41,18.41,2899.0,511.637,24.149,0.0,1.218,1.218,prepaid,0.487,70.16,0.0,0.0,0.0,82.7888,-567.354,"",'132847810634061735303,2026-05-05,11104779721,81914379-b3ae-4f1b-999f-3f2383d1ddb9,11104779721,Reverse,100050050709,100050050709,11504,736.2,5.0,2032.0,0.0,2032.0,exchange,0.0,0.0,0.0,0.0,0.0,0.0,0.0,0.0,NA,0,867.03
NFT-/XUTR/DEUTH02612536756X,85.14,0.0,0.0,2999.0,810.9300000000001,200.948,3.862,0.0,0.0,prepaid,0.772,48.075,0.0,0.0,0.0,56.7285,-662.076,"",'132850653632910200901,2026-05-05,11105651256,a1bf6beb-e10e-4e2a-9e95-3baf2811e282,100157506519,Reverse,100050922241,100050922241,11504,1702.86,5.0,1005.0,0.0,1005.0,return_refund,0.0,0.0,0.0,0.0,0.0,0.0,0.0,0.0,NA,0,1994.0
NFT-/XUTR/DEUTH02612536756X,38.33,0.0,0.0,1799.0,805.0,208.978,3.833,0.0,0.0,prepaid,0.767,0.0,0.0,27.0,0.0,31.86,559.562,"",'132823204291832837701,2026-05-05,11099629499,f9920485-c575-4a3d-9f82-894a388ba4f9,"",Forward,100044900533,100044900533,11504,766.67,5.0,900.0,0.0,900.0,packet_delivered,0.0,0.0,0.0,0.0,0.0,0.0,0.0,0.0,NA,0,899.0
NFT-/XUTR/DEUTH02612536756X,33.52,0.0,0.0,1699.0,704.0,182.758,3.352,0.0,0.0,prepaid,0.67,182.0,0.0,0.0,0.0,214.76,-731.98,"",'132792829198928012001,2026-05-05,11092860426,6ac25d62-ba15-44d5-a451-6a14be393591,100157188322,Reverse,100038131471,1000010856552,11504,670.48,5.0,901.0,0.0,901.0,return_refund,0.0,0.0,0.0,0.0,0.0,0.0,0.0,0.0,NA,0,798.0
NFT-/XUTR/DEUTH02612536756X,31.19,0.0,0.0,1499.0,655.0,170.038,3.119,0.0,0.0,prepaid,0.624,182.0,0.0,0.0,0.0,214.76,-695.979,"",'132813980028683277001,2026-05-05,11097669415,0b372bb7-afec-4b7a-9cc9-967dbb8ae0af,100157044870,Reverse,100042940451,100042940451,11504,623.81,5.0,750.0,0.0,750.0,return_refund,0.0,0.0,0.0,0.0,0.0,0.0,0.0,0.0,NA,0,749.0
NFT-/XUTR/DEUTH02612536756X,0.0,43.41,43.41,2899.0,1823.0,451.739,0.0,4.3405,4.3405,prepaid,1.736,0.0,0.0,45.0,0.0,53.1,1307.744,"",'132852718049310434003,2026-05-05,11105742673,15e00e9a-027c-40ca-b099-cfc35a7d2130,"",Forward,100051013657,100051013657,11504,1736.2,5.0,870.0,0.0,870.0,packet_delivered,0.0,0.0,0.0,0.0,0.0,0.0,0.0,0.0,NA,0,2029.0300000000002
NFT-/XUTR/DEUTH02612536756X,29.62,0.0,0.0,1899.0,622.0,44.038,2.962,0.0,0.0,prepaid,0.592,0.0,0.0,27.0,0.0,31.86,542.548,"",'132849319151979623803,2026-05-05,11105233920,02a1a104-4493-44fd-ba91-7cfc0500dc51,"",Forward,100050504905,100050504905,11504,592.38,5.0,1183.0,0.0,1183.0,packet_delivered,0.0,0.0,0.0,0.0,0.0,0.0,0.0,0.0,NA,0,716.0
NFT-/XUTR/DEUTH02612536756X,42.91,0.0,0.0,2899.0,901.0,233.9,4.29,0.0,0.0,prepaid,0.858,0.0,0.0,27.0,0.0,31.86,630.092,"",'132820867341169315003,2026-05-05,11098982155,23cb948a-5468-4e39-9899-617c5406dc82,"",Forward,100044253190,100044253190,11504,858.1,5.0,1827.0,0.0,1827.0,packet_delivered,0.0,0.0,0.0,0.0,0.0,0.0,0.0,0.0,NA,0,1072.01
NFT-/XUTR/DEUTH02612536756X,58.95,0.0,0.0,2999.0,1238.0,306.776,5.895,0.0,0.0,prepaid,1.179,0.0,0.0,45.0,0.0,53.1,871.05,"",'132822472003669783201,2026-05-05,11099417431,e891142b-2f19-4c9c-992e-9b09e65a4478,"",Forward,100044688465,100044688465,11504,1179.05,5.0,1590.0,0.0,1590.0,packet_delivered,0.0,0.0,0.0,0.0,0.0,0.0,0.0,0.0,NA,0,1409.0
NFT-/XUTR/DEUTH02612536756X,0.0,29.86,29.86,2999.0,1254.0,310.741,0.0,2.9855,2.9855,prepaid,1.194,106.0,0.0,0.0,0.0,125.08,-1061.174,"",'132846765663338935803,2026-05-05,11104469768,cc25a82b-a82c-46af-b11b-54541942ed51,100153825150,Reverse,100049740768,100049740768,11504,1194.28,5.0,1574.0,0.0,1574.0,return_refund,0.0,0.0,0.0,0.0,0.0,0.0,0.0,0.0,NA,0,1424.9999999999998
NFT-/XUTR/DEUTH02612536756X,25.1,0.0,0.0,1799.0,527.0,37.312,2.51,0.0,0.0,prepaid,0.502,0.0,0.0,27.0,0.0,31.86,454.816,"",'132845723636385921101,2026-05-05,11104151271,2a524088-b63f-476b-b68d-5918505d0b0a,"",Forward,100049422272,1000014263455,11504,501.9,5.0,1178.0,0.0,1178.0,packet_delivered,0.0,0.0,0.0,0.0,0.0,0.0,0.0,0.0,NA,0,621.0
NFT-/XUTR/DEUTH02612536756X,59.67,0.0,0.0,2999.0,1253.0,310.493,5.967,0.0,0.0,prepaid,1.193,0.0,0.0,45.0,0.0,53.1,882.247,"",'132850095653626006503,2026-05-05,11105524187,0ed18a18-4da6-4b93-b67c-7dcd59e0322d,"",Forward,100050795173,100050795173,11504,1193.33,5.0,1575.0,0.0,1575.0,packet_delivered,0.0,0.0,0.0,0.0,0.0,0.0,0.0,0.0,NA,0,1424.0
NFT-/XUTR/DEUTH02612536756X,68.48,0.0,0.0,2299.0,13.73,3.24,0.065,0.0,0.0,prepaid,0.013,0.0,0.0,0.43,0.0,0.5074,9.905,"",'132821813045834281103,2026-05-05,11099237035,5f04cb2d-24dd-4985-a15f-12786ef072b2,"",Forward,100044508069,100044508069,11504,1369.52,5.0,690.0,0.0,690.0,packet_delivered,0.0,0.0,0.0,0.0,0.0,0.0,0.0,0.0,NA,0,1609.0
NFT-/XUTR/DEUTH02612536756X,81.33,0.0,0.0,3999.0,1708.0,423.242,8.133,0.0,0.0,prepaid,1.627,182.0,0.0,0.0,0.0,214.76,-1489.758,"",'132801518394047746601,2026-05-05,11094759623,d868fbef-f75f-4c78-af75-112ac329800b,100156979078,Reverse,100040030665,100040030665,11504,1626.67,5.0,2120.0,0.0,2120.0,return_refund,0.0,0.0,0.0,0.0,0.0,0.0,0.0,0.0,NA,0,1879.0
NFT-/XUTR/DEUTH02612536756X,42.62,0.0,0.0,2999.0,895.0,232.342,4.262,0.0,0.0,prepaid,0.852,0.0,0.0,27.0,0.0,31.86,625.684,"",'132822310735899536601,2026-05-05,11099370539,041e0e11-b5e1-46c6-8b26-516ddf8285ad,"",Forward,100044641573,1000013219330,11504,852.38,5.0,2010.0,0.0,2010.0,packet_delivered,0.0,0.0,0.0,0.0,0.0,0.0,0.0,0.0,NA,0,988.99
NFT-/XUTR/DEUTH02612536756X,41.05,0.0,0.0,2899.0,862.0,223.775,4.105,0.0,0.0,prepaid,0.821,0.0,0.0,27.0,0.0,31.86,601.439,"",'132829910668697292803,2026-05-05,11100948302,2d3c16f4-d30a-4598-afa7-7de97672714d,"",Forward,100046219335,100046219335,11504,820.95,5.0,1943.0,0.0,1943.0,packet_delivered,0.0,0.0,0.0,0.0,0.0,0.0,0.0,0.0,NA,0,956.0
NFT-/XUTR/DEUTH02612536756X,63.24,0.0,0.0,2999.0,1328.0,329.078,6.324,0.0,0.0,prepaid,1.265,0.0,0.0,45.0,0.0,53.1,938.233,"",'132824229950005901701,2026-05-05,11100017875,547835b5-b13e-4018-a365-d6d5fa4730ce,"",Forward,100045288908,100045288908,11504,1264.76,5.0,1500.0,0.0,1500.0,packet_delivered,0.0,0.0,0.0,0.0,0.0,0.0,0.0,0.0,NA,0,1499.0
NFT-/XUTR/DEUTH02612536756X,43.1,0.0,0.0,1999.0,905.0,234.938,4.31,0.0,0.0,prepaid,0.862,0.0,0.0,27.0,0.0,31.86,633.03,"",'132823409377423507803,2026-05-05,11099693486,c94e6c42-fbe1-4433-99b6-d861015b51c8,"",Forward,100044964520,100044964520,11504,861.9,5.0,1000.0,0.0,1000.0,packet_delivered,0.0,0.0,0.0,0.0,0.0,0.0,0.0,0.0,NA,0,999.0
NFT-/XUTR/DEUTH02612536756X,75.14,0.0,0.0,3499.0,1578.0,391.028,7.514,0.0,0.0,prepaid,1.503,0.0,0.0,45.0,0.0,53.1,1124.855,"",'132828577950981551803,2026-05-05,11100588189,26083be8-1c15-4e40-92c3-cc3f252c16da,"",Forward,100045859222,100045859222,11504,1502.86,5.0,1750.0,0.0,1750.0,packet_delivered,0.0,0.0,0.0,0.0,0.0,0.0,0.0,0.0,NA,0,1749.0
NFT-/XUTR/DEUTH02612536756X,81.33,0.0,0.0,3999.0,1708.0,423.242,8.133,0.0,0.0,prepaid,1.627,106.0,0.0,0.0,0.0,125.08,-1400.078,"",'132854794083411631101,2026-05-05,11106097027,a82b4640-ce27-4fec-95f1-4f12b91d1318,11106097027,Reverse,100051368008,100051368008,11504,1626.67,5.0,2120.0,0.0,2120.0,exchange,0.0,0.0,0.0,0.0,0.0,0.0,0.0,0.0,NA,0,1878.99
NFT-/XUTR/DEUTH02612536756X,35.29,0.0,0.0,2799.0,741.0,34.97500000000001,3.529,0.0,0.0,prepaid,0.706,127.0,0.0,0.0,0.0,149.86,-851.65,"",'132845608808330665901,2026-05-05,11104119157,7dd89cea-bba3-47f6-bb46-7a53f76ca849,100153671815,Reverse,100049390158,100049390158,11504,705.71,5.0,1964.0,0.0,1964.0,return_refund,0.0,0.0,0.0,0.0,0.0,0.0,0.0,0.0,NA,0,835.0
NFT-/XUTR/DEUTH02612536756X,0.0,29.86,29.86,2999.0,1254.0,310.741,0.0,2.9855,2.9855,prepaid,1.194,0.0,0.0,45.0,0.0,53.1,882.994,"",'132846765663338935803,2026-05-05,11104469768,cc25a82b-a82c-46af-b11b-54541942ed51,"",Forward,100049740768,100049740768,11504,1194.28,5.0,1574.0,0.0,1574.0,packet_delivered,0.0,0.0,0.0,0.0,0.0,0.0,0.0,0.0,NA,0,1424.9999999999998
NFT-/XUTR/DEUTH02612536756X,51.81,0.0,0.0,2799.0,1088.0,269.606,5.181,0.0,0.0,prepaid,1.036,0.0,0.0,45.0,0.0,53.1,759.077,"",'132847800071479980401,2026-05-05,11104776485,a72cbb94-d516-43a2-bc74-09d18b4b92cf,"",Forward,100050047473,100050047473,11504,1036.19,5.0,1540.0,0.0,1540.0,packet_delivered,0.0,0.0,0.0,0.0,0.0,0.0,0.0,0.0,NA,0,1259.0
NFT-/XUTR/DEUTH02612536756X,42.43,0.0,0.0,2899.0,891.0,231.304,4.243,0.0,0.0,prepaid,0.849,182.0,0.0,0.0,0.0,214.76,-869.364,"",'132822407911710384301,2026-05-05,11099399126,a5475073-4e15-4297-a44f-0c5fa04f2fa9,100154650458,Reverse,100044670160,1000013213540,11504,848.57,5.0,1914.0,0.0,1914.0,return_refund,0.0,0.0,0.0,0.0,0.0,0.0,0.0,0.0,NA,0,985.0
NFT-/XUTR/DEUTH02612536756X,34.05,0.0,0.0,1799.0,715.0,185.614,3.405,0.0,0.0,prepaid,0.681,0.0,0.0,27.0,0.0,31.86,493.44,"",'132821407836601640301,2026-05-05,11099129381,4cf11645-8e81-4cc2-a373-b9a9630bc6f2,"",Forward,100044400415,100044400415,11504,680.95,5.0,990.0,0.0,990.0,packet_delivered,0.0,0.0,0.0,0.0,0.0,0.0,0.0,0.0,NA,0,809.0
NFT-/XUTR/DEUTH02612536756X,46.91,0.0,0.0,2999.0,984.9999999999999,255.70600000000002,4.69,0.0,0.0,prepaid,0.938,106.0,0.0,0.0,0.0,125.08,-848.746,"",'132847301788795143901,2026-05-05,11104630474,3f5a83c6-120b-4296-a7de-468d209fea41,100155039285,Reverse,100049901471,100049901471,11504,938.1,5.0,1843.0,0.0,1843.0,return_refund,0.0,0.0,0.0,0.0,0.0,0.0,0.0,0.0,NA,0,1156.01
NFT-/XUTR/DEUTH02612536756X,23.71,0.0,0.0,1650.0,498.0,23.506,2.371,0.0,0.0,prepaid,0.474,0.0,0.0,27.0,0.0,31.86,439.789,"",'132836735941297832001,2026-05-05,11102232417,fca585dd-2731-4466-875c-4b0deb6d17cc,"",Forward,100047503444,100047503444,11504,474.29,5.0,1058.0,0.0,1058.0,packet_delivered,0.0,0.0,0.0,0.0,0.0,0.0,0.0,0.0,NA,0,592.0
NFT-/XUTR/DEUTH02612536756X,31.14,0.0,0.0,1499.0,654.0,169.778,3.114,0.0,0.0,prepaid,0.623,106.0,0.0,0.0,0.0,125.08,-605.565,"",'132848166902765294301,2026-05-05,11104886349,daf736ee-7d34-4389-bdb7-a52c56932622,100154052826,Reverse,100050157334,100050157334,11504,622.86,5.0,751.0,0.0,751.0,return_refund,0.0,0.0,0.0,0.0,0.0,0.0,0.0,0.0,NA,0,748.0
NFT-/XUTR/DEUTH02612536756X,47.76,0.0,0.0,2499.0,1003.0,236.708,4.776,0.0,0.0,prepaid,0.955,0.0,0.0,45.0,0.0,53.1,707.461,"",'132818453886027710101,2026-05-05,11098429471,1cd2cbc4-18a1-4015-b74e-2e4762bd1334,"",Forward,100043700507,100043700507,11504,955.24,5.0,1325.0,0.0,1325.0,packet_delivered,0.0,0.0,0.0,0.0,0.0,0.0,0.0,0.0,NA,0,1173.99
NFT-/XUTR/DEUTH02612536756X,24.57,0.0,0.0,1650.0,516.0,133.954,2.457,0.0,0.0,prepaid,0.491,182.0,0.0,0.0,0.0,214.76,-593.858,"",'132831678396023864303,2026-05-05,11101396503,d3771557-2afa-4f2d-9519-eb1552e7d4dd,11101396503,Reverse,100046667530,100046667530,11504,491.43,5.0,1040.0,0.0,1040.0,exchange,0.0,0.0,0.0,0.0,0.0,0.0,0.0,0.0,NA,0,609.98
NFT-/XUTR/DEUTH02612536756X,0.0,235.91,235.91,3299.0,3093.0,729.948,0.0,6.553,6.553,prepaid,2.621,0.0,0.0,61.0,0.0,71.98,2275.345,"",'132852898826436160803,2026-05-05,11105755989,a2faa5e7-32f2-4a24-87de-fe5459049814,"",Forward,100051026973,1000014855328,11504,2621.18,18.0,0.0,0.0,0.0,packet_delivered,0.0,0.0,0.0,0.0,0.0,0.0,0.0,0.0,NA,0,3298.9999999999995
NFT-/XUTR/DEUTH02612536756X,77.52,0.0,0.0,1799.0,1628.0,384.208,7.752,0.0,0.0,prepaid,1.55,0.0,0.0,45.0,0.0,53.1,1181.39,"",'132814999474969506903,2026-05-05,11097950105,4e294fa1-c552-4ec4-88b8-ff7545a7a80d,"",Forward,100043221141,100043221141,11504,1550.48,5.0,0.0,0.0,0.0,packet_delivered,0.0,0.0,0.0,0.0,0.0,0.0,0.0,0.0,NA,0,1799.0
NFT-/XUTR/DEUTH02612536756X,45.52,0.0,0.0,2399.0,956.0,248.178,4.552,0.0,0.0,prepaid,0.91,0.0,0.0,27.0,0.0,31.86,670.5,"",'132823966519623099403,2026-05-05,11099919500,c7bea845-f857-4ca5-b803-afeda2ec1226,"",Forward,100045190533,100045190533,11504,910.48,5.0,1272.0,0.0,1272.0,packet_delivered,0.0,0.0,0.0,0.0,0.0,0.0,0.0,0.0,NA,0,1127.0
NFT-/XUTR/DEUTH02612536756X,51.76,0.0,0.0,1799.0,1087.0,256.532,5.176,0.0,0.0,prepaid,1.035,0.0,0.0,45.0,0.0,53.1,771.157,"",'132848890452612844001,2026-05-05,11105104183,c87a8255-0f3a-42d0-beb4-6f8265960e04,"",Forward,100050375168,100050375168,11504,1035.24,5.0,541.0,0.0,541.0,packet_delivered,0.0,0.0,0.0,0.0,0.0,0.0,0.0,0.0,NA,0,1257.99
NFT-/XUTR/DEUTH02612536756X,42.62,0.0,0.0,2999.0,895.0,232.342,4.262,0.0,0.0,prepaid,0.852,182.0,0.0,0.0,0.0,214.76,-872.304,"",'132822310735899536601,2026-05-05,11099370539,041e0e11-b5e1-46c6-8b26-516ddf8285ad,100153732275,Reverse,100044641573,1000013219330,11504,852.38,5.0,2010.0,0.0,2010.0,return_refund,0.0,0.0,0.0,0.0,0.0,0.0,0.0,0.0,NA,0,988.99
NFT-/XUTR/DEUTH02612536756X,25.43,0.0,0.0,1699.0,534.0,138.626,2.543,0.0,0.0,prepaid,0.509,0.0,0.0,27.0,0.0,31.86,360.462,"",'132828613162505908501,2026-05-05,11100598604,0ec2581b-2c4b-4b6b-99df-8a56f6a6b8e4,"",Forward,100045869637,100045869637,11504,508.57,5.0,1071.0,0.0,1071.0,packet_delivered,0.0,0.0,0.0,0.0,0.0,0.0,0.0,0.0,NA,0,628.0
NFT-/XUTR/DEUTH02612536756X,19.1,0.0,0.0,1599.0,401.0,18.927,1.91,0.0,0.0,prepaid,0.382,182.0,0.0,0.0,0.0,214.76,-594.541,"",'132832389321436613501,2026-05-05,11101602903,c5d96ce4-d961-46fd-a033-d5798eb1bd4c,100153768279,Reverse,100046873930,100046873930,11504,381.9,5.0,1104.0,0.0,1104.0,return_refund,0.0,0.0,0.0,0.0,0.0,0.0,0.0,0.0,NA,0,495.0
NFT-/XUTR/DEUTH02612536756X,36.19,0.0,0.0,1799.0,760.0,197.296,3.619,0.0,0.0,prepaid,0.724,0.0,0.0,27.0,0.0,31.86,526.501,"",'132850445006579780203,2026-05-05,11105617029,607bb764-1f36-4bfb-854c-54391d2ded94,"",Forward,100050888014,1000014600527,11504,723.81,5.0,945.0,0.0,945.0,packet_delivered,0.0,0.0,0.0,0.0,0.0,0.0,0.0,0.0,NA,0,854.0
NFT-/XUTR/DEUTH02612536756X,42.43,0.0,0.0,2899.0,891.0,231.304,4.243,0.0,0.0,prepaid,0.849,0.0,0.0,27.0,0.0,31.86,622.744,"",'132822407911710384301,2026-05-05,11099399126,a5475073-4e15-4297-a44f-0c5fa04f2fa9,"",Forward,100044670160,1000013213540,11504,848.57,5.0,1914.0,0.0,1914.0,packet_delivered,0.0,0.0,0.0,0.0,0.0,0.0,0.0,0.0,NA,0,985.0
NFT-/XUTR/DEUTH02612536756X,103.48,0.0,0.0,3399.0,2173.0,512.828,10.348,0.0,0.0,prepaid,2.07,0.0,0.0,61.0,0.0,71.98,1575.774,"",'132841134611282685501,2026-05-05,11103479397,b1668af2-71ec-4ca6-80ec-91f8a9ccfada,"",Forward,100048750406,100048750406,11504,2069.52,5.0,1020.0,0.0,1020.0,packet_delivered,0.0,0.0,0.0,0.0,0.0,0.0,0.0,0.0,NA,0,2379.0
NFT-/XUTR/DEUTH02612536756X,63.24,0.0,0.0,2999.0,603.095,149.447,2.872,0.0,0.0,prepaid,0.574,0.0,0.0,20.436,0.0,24.11448,426.088,"",'132823561966632172701,2026-05-05,11099748381,1180358f-3818-42b8-87f1-46738ab1ca21,"",Forward,100045019415,100045019415,11504,1264.76,5.0,1500.0,0.0,1500.0,packet_delivered,0.0,0.0,0.0,0.0,0.0,0.0,0.0,0.0,NA,0,1499.01
NFT-/XUTR/DEUTH02612536756X,22.86,0.0,0.0,1599.0,480.0,22.656,2.286,0.0,0.0,prepaid,0.457,0.0,0.0,19.0,0.0,22.42,432.181,"",'132848482498712271503,2026-05-05,11104980266,9e45437e-7312-42c9-bbfe-9e46529aab65,"",Forward,100050251251,100050251251,11504,457.14,5.0,1025.0,0.0,1025.0,packet_delivered,0.0,0.0,0.0,0.0,0.0,0.0,0.0,0.0,NA,0,574.0
NFT-/XUTR/DEUTH02612536756X,38.33,0.0,0.0,1799.0,805.0,208.978,3.833,0.0,0.0,prepaid,0.767,182.0,0.0,0.0,0.0,214.76,-806.182,"",'132823204291832837701,2026-05-05,11099629499,f9920485-c575-4a3d-9f82-894a388ba4f9,100155390472,Reverse,100044900533,100044900533,11504,766.67,5.0,900.0,0.0,900.0,return_refund,0.0,0.0,0.0,0.0,0.0,0.0,0.0,0.0,NA,0,899.0
NFT-/XUTR/DEUTH02612536756X,59.62,0.0,0.0,2999.0,1252.0,310.246,5.962,0.0,0.0,prepaid,1.192,0.0,0.0,45.0,0.0,53.1,881.5,"",'132835921976574811703,2026-05-05,11102064464,c2aedd39-5005-45a4-96a6-615fddf142e6,"",Forward,100047335491,100047335491,11504,1192.38,5.0,1576.0,0.0,1576.0,packet_delivered,0.0,0.0,0.0,0.0,0.0,0.0,0.0,0.0,NA,0,1423.0
NFT-/XUTR/DEUTH02612536756X,61.95,0.0,0.0,2899.0,1301.0,322.388,6.195,0.0,0.0,prepaid,1.239,0.0,0.0,45.0,0.0,53.1,918.078,"",'132837548071826437701,2026-05-05,11102482095,208bfb9b-d338-4773-943b-f7d94543ff12,"",Forward,100047753122,100047753122,11504,1239.05,5.0,1427.0,0.0,1427.0,packet_delivered,0.0,0.0,0.0,0.0,0.0,0.0,0.0,0.0,NA,0,1472.01
NFT-/XUTR/DEUTH02612536756X,70.14,0.0,0.0,3499.0,1473.0,365.009,7.014,0.0,0.0,prepaid,1.403,0.0,0.0,45.0,0.0,53.1,1046.474,"",'132822407911710384301,2026-05-05,11099399130,a5475073-4e15-4297-a44f-0c5fa04f2fa9,"",Forward,100044670164,1000013213540,11504,1402.86,5.0,1855.0,0.0,1855.0,packet_delivered,0.0,0.0,0.0,0.0,0.0,0.0,0.0,0.0,NA,0,1644.0
NFT-/XUTR/DEUTH02612536756X,70.38,0.0,0.0,3299.0,1478.0,366.248,7.038,0.0,0.0,prepaid,1.408,182.0,0.0,0.0,0.0,214.76,-1318.066,"",'132823658911672004503,2026-05-05,11099785560,83133607-e7e5-44c9-900e-290fda5094c7,11099785560,Reverse,100045056593,1000013208759,11504,1407.62,5.0,1650.0,0.0,1650.0,exchange,0.0,0.0,0.0,0.0,0.0,0.0,0.0,0.0,NA,0,1649.0
NFT-/XUTR/DEUTH02612536756X,66.43,0.0,0.0,3299.0,1395.0,345.681,6.643,0.0,0.0,prepaid,1.329,0.0,0.0,45.0,0.0,53.1,988.247,"",'132839110330100093901,2026-05-05,11102936192,0d75d7c8-19b5-4704-8d58-1b51e3259361,"",Forward,100048207203,1000014226698,11504,1328.57,5.0,1733.0,0.0,1733.0,packet_delivered,0.0,0.0,0.0,0.0,0.0,0.0,0.0,0.0,NA,0,1566.0
NFT-/XUTR/DEUTH02612536756X,72.76,0.0,0.0,1699.0,1528.0,360.608,7.276,0.0,0.0,prepaid,1.455,0.0,0.0,45.0,0.0,53.1,1105.561,"",'132824879146746410801,2026-05-05,11100157061,bd757588-a47d-4f1c-85ce-7bdf94c8e124,"",Forward,100045428094,1000013039516,11504,1455.24,5.0,0.0,0.0,0.0,packet_delivered,0.0,0.0,0.0,0.0,0.0,0.0,0.0,0.0,NA,0,1699.0
NFT-/XUTR/DEUTH02612536756X,471.81,0.0,0.0,3299.0,3093.0,729.948,13.106,0.0,0.0,prepaid,2.621,0.0,0.0,61.0,0.0,71.98,2275.345,"",'132828817873873919803,2026-05-05,11100660652,b6db4ebd-b42b-4068-b7ad-58f38c4ada2d,"",Forward,100045931686,100045931686,11504,2621.19,18.0,0.0,0.0,0.0,packet_delivered,0.0,0.0,0.0,0.0,0.0,0.0,0.0,0.0,NA,0,3299.0
NFT-/XUTR/DEUTH02612536756X,90.14,0.0,0.0,2999.0,1893.0,469.085,9.014,0.0,0.0,prepaid,1.803,0.0,0.0,45.0,0.0,53.1,1359.998,"",'132820769270336780801,2026-05-05,11098955505,6a734e49-a34f-4fef-83f8-bb3689b8d5d2,"",Forward,100044226540,100044226540,11504,1802.86,5.0,900.0,0.0,900.0,packet_delivered,0.0,0.0,0.0,0.0,0.0,0.0,0.0,0.0,NA,0,2099.0
NFT-/XUTR/DEUTH02612536756X,41.33,0.0,0.0,2599.0,868.0,225.333,4.133,0.0,0.0,prepaid,0.827,182.0,0.0,0.0,0.0,214.76,-852.467,"",'132812947580615007903,2026-05-05,11097414084,496e20d6-c56b-4463-a28f-96f9a6814ab3,100153746977,Reverse,100042685124,100042685124,11504,826.67,5.0,1560.0,0.0,1560.0,return_refund,0.0,0.0,0.0,0.0,0.0,0.0,0.0,0.0,NA,0,1039.0
NFT-/XUTR/DEUTH02612536756X,34.67,0.0,0.0,2599.0,728.0,34.362,3.467,0.0,0.0,prepaid,0.693,0.0,0.0,27.0,0.0,31.86,657.618,"",'132844656708512094003,2026-05-05,11103911696,126d2dcd-cd3e-4965-92e8-56d551e4da51,"",Forward,100049182705,100049182705,11504,693.33,5.0,1777.0,0.0,1777.0,packet_delivered,0.0,0.0,0.0,0.0,0.0,0.0,0.0,0.0,NA,0,821.98
NFT-/XUTR/DEUTH02612536756X,31.0,0.0,0.0,1699.0,651.0,169.0,3.1,0.0,0.0,prepaid,0.62,0.0,0.0,27.0,0.0,31.86,446.42,"",'132842218655589560501,2026-05-05,11103762132,121909b4-2069-4bd1-9d39-364dc2d9d44f,"",Forward,100049033141,1000014097368,11504,620,5.0,954.0,0.0,954.0,packet_delivered,0.0,0.0,0.0,0.0,0.0,0.0,0.0,0.0,NA,0,745.0
NFT-/XUTR/DEUTH02612536756X,51.81,0.0,0.0,1799.0,1088.0,256.768,5.181,0.0,0.0,prepaid,1.036,167.0,0.0,0.0,0.0,197.06,-1022.075,"",'132789680994126998303,2026-05-05,11092449619,b7126539-dbb9-46e8-a12c-080d4c518cb8,100156437100,Reverse,100037720664,1000010711540,11504,1036.19,5.0,540.0,0.0,540.0,return_refund,0.0,0.0,0.0,0.0,0.0,0.0,0.0,0.0,NA,0,1259.0
NFT-/XUTR/DEUTH02612536756X,90.14,0.0,0.0,2999.0,1893.0000000000002,469.085,9.014,0.0,0.0,prepaid,1.803,182.0,0.0,0.0,0.0,214.76,-1627.858,"",'132815907121011767701,2026-05-05,11098260949,ee489c8e-b2e5-471b-9eb5-65d8634c9184,100156387372,Reverse,100043531985,1000012692143,11504,1802.86,5.0,900.0,0.0,900.0,return_refund,0.0,0.0,0.0,0.0,0.0,0.0,0.0,0.0,NA,0,2099.0
NFT-/XUTR/DEUTH02612536756X,75.19,0.0,0.0,1750.0,1579.0,372.644,7.519,0.0,0.0,prepaid,1.504,0.0,0.0,45.0,0.0,53.1,1144.233,"",'132853604882510445803,2026-05-05,11105850415,6b12f543-3715-4b0a-b32c-53dc78596f79,"",Forward,100051121396,1000014731360,11504,1503.81,5.0,0.0,0.0,0.0,packet_delivered,0.0,0.0,0.0,0.0,0.0,0.0,0.0,0.0,NA,0,1750.0
NFT-/XUTR/DEUTH02612536756X,35.95,0.0,0.0,1699.0,755.0,195.998,3.595,0.0,0.0,prepaid,0.719,182.0,0.0,0.0,0.0,214.76,-769.448,"",'132823709250257117501,2026-05-05,11099806466,2a642768-0fff-45cb-b498-42e99ca01000,100155150550,Reverse,100045077499,100045077499,11504,719.05,5.0,850.0,0.0,850.0,return_refund,0.0,0.0,0.0,0.0,0.0,0.0,0.0,0.0,NA,0,849.0
NFT-/XUTR/DEUTH02612536756X,51.81,0.0,0.0,1799.0,1088.0,256.768,5.181,0.0,0.0,prepaid,1.036,0.0,0.0,45.0,0.0,53.1,771.915,"",'132789680994126998303,2026-05-05,11092449619,b7126539-dbb9-46e8-a12c-080d4c518cb8,"",Forward,100037720664,1000010711540,11504,1036.19,5.0,540.0,0.0,540.0,packet_delivered,0.0,0.0,0.0,0.0,0.0,0.0,0.0,0.0,NA,0,1259.0
NFT-/XUTR/DEUTH02612536756X,42.57,0.0,0.0,2299.0,894.0,232.082,4.257,0.0,0.0,prepaid,0.851,0.0,0.0,27.0,0.0,31.86,624.95,"",'132820495887835362303,2026-05-05,11098876961,3de7f006-7d97-4668-a4d8-fe5d676374ec,"",Forward,100044147996,100044147996,11504,851.43,5.0,1311.0,0.0,1311.0,packet_delivered,0.0,0.0,0.0,0.0,0.0,0.0,0.0,0.0,NA,0,988.0
NFT-/XUTR/DEUTH02612536756X,0.0,230.57,230.57,3399.0,3023.0,713.428,0.0,6.4045,6.4045,prepaid,2.562,0.0,0.0,61.0,0.0,71.98,2222.221,"",'132854364754298229801,2026-05-05,11105999032,ccbe44ee-2652-4b5c-b075-abd8c14e0db4,"",Forward,100051270013,1000014859316,11504,2561.86,18.0,170.0,0.0,170.0,packet_delivered,0.0,0.0,0.0,0.0,0.0,0.0,0.0,0.0,NA,0,3229.0000000000005
NFT-/XUTR/DEUTH02612536756X,34.19,0.0,0.0,2299.0,718.0,33.89,3.419,0.0,0.0,prepaid,0.684,0.0,0.0,27.0,0.0,31.86,648.147,"",'132849708332850780203,2026-05-05,11105371255,e3adb613-bd74-4244-8463-e809a93ec257,"",Forward,100050642240,100050642240,11504,683.81,5.0,1487.0,0.0,1487.0,packet_delivered,0.0,0.0,0.0,0.0,0.0,0.0,0.0,0.0,NA,0,812.0
NFT-/XUTR/DEUTH02612536756X,43.05,0.0,0.0,2699.0,904.0,234.678,4.305,0.0,0.0,prepaid,0.861,182.0,0.0,0.0,0.0,214.76,-878.916,"",'132832096522241260201,2026-05-05,11101513285,d772aabe-46a9-4a33-b44a-cef7dd71eee3,100153831109,Reverse,100046784312,1000013774775,11504,860.95,5.0,1701.0,0.0,1701.0,return_refund,0.0,0.0,0.0,0.0,0.0,0.0,0.0,0.0,NA,0,998.0
NFT-/XUTR/DEUTH02612536756X,76.52,0.0,0.0,3499.0,1607.0,398.215,7.652,0.0,0.0,prepaid,1.53,182.0,0.0,0.0,0.0,214.76,-1414.363,"",'132835711611132254201,2026-05-05,11102036503,d540543f-8a94-41bf-a89b-7c70a58f66e5,100154204286,Reverse,100047307530,100047307530,11504,1530.48,5.0,1721.0,0.0,1721.0,return_refund,0.0,0.0,0.0,0.0,0.0,0.0,0.0,0.0,NA,0,1778.0
NFT-/XUTR/DEUTH02612536756X,41.14,0.0,0.0,2799.0,864.0,224.294,4.114,0.0,0.0,prepaid,0.823,182.0,0.0,0.0,0.0,214.76,-849.529,"",'132822335004986837803,2026-05-05,11099377789,5c8ccbcd-1b31-43a6-b6c0-0b571b54542c,11099377789,Reverse,100044648823,100044648823,11504,822.86,5.0,1764.0,0.0,1764.0,exchange,0.0,0.0,0.0,0.0,0.0,0.0,0.0,0.0,NA,0,1034.99
NFT-/XUTR/DEUTH02612536756X,70.38,0.0,0.0,3299.0,1478.0,366.248,7.038,0.0,0.0,prepaid,1.408,0.0,0.0,45.0,0.0,53.1,1050.206,"",'132814439987293848201,2026-05-05,11097787527,7ad07ff9-ed29-46c1-8d9b-4160773107b5,"",Forward,100043058563,100043058563,11504,1407.62,5.0,1650.0,0.0,1650.0,packet_delivered,0.0,0.0,0.0,0.0,0.0,0.0,0.0,0.0,NA,0,1649.0
NFT-/XUTR/DEUTH02612536756X,51.43,0.0,0.0,2799.0,1080.0,267.624,5.143,0.0,0.0,prepaid,1.029,182.0,0.0,0.0,0.0,214.76,-1020.964,"",'132836016344207122203,2026-05-05,11102079599,4252b634-e14d-4b39-990a-a2fc00b54a74,100156117382,Reverse,100047350626,100047350626,11504,1028.57,5.0,1548.0,0.0,1548.0,return_refund,0.0,0.0,0.0,0.0,0.0,0.0,0.0,0.0,NA,0,1251.0
NFT-/XUTR/DEUTH02612536756X,87.05,0.0,0.0,1999.0,1828.0,431.408,8.705,0.0,0.0,prepaid,1.741,112.0,0.0,0.0,0.0,132.16,-1518.306,"",'132789492404647426003,2026-05-05,11092364696,ef6eddc2-a350-4a16-b884-0df2fb350f31,100157175643,Reverse,100037635741,100037635741,11504,1740.95,5.0,0.0,0.0,0.0,return_refund,0.0,0.0,0.0,0.0,0.0,0.0,0.0,0.0,NA,0,1999.0
NFT-/XUTR/DEUTH02612536756X,42.43,0.0,0.0,2899.0,891.0,231.304,4.243,0.0,0.0,prepaid,0.849,0.0,0.0,27.0,0.0,31.86,622.744,"",'132854550633855766903,2026-05-05,11106040654,6e97a7a8-5299-43d6-8034-fc3c25c7e5c0,"",Forward,100051311635,100051311635,11504,848.57,5.0,1914.0,0.0,1914.0,packet_delivered,0.0,0.0,0.0,0.0,0.0,0.0,0.0,0.0,NA,0,985.0
NFT-/XUTR/DEUTH02612536756X,55.14,0.0,0.0,1899.0,1158.0,273.288,5.514,0.0,0.0,prepaid,1.103,182.0,0.0,0.0,0.0,214.76,-1092.855,"",'132822369777979396003,2026-05-05,11099387708,a1df8aa2-b76c-4621-9a96-d80ca9244428,100153779132,Reverse,100044658742,100044658742,11504,1102.86,5.0,570.0,0.0,570.0,return_refund,0.0,0.0,0.0,0.0,0.0,0.0,0.0,0.0,NA,0,1329.0
NFT-/XUTR/DEUTH02612536756X,33.57,0.0,0.0,1599.0,705.0,183.018,3.357,0.0,0.0,prepaid,0.671,0.0,0.0,27.0,0.0,31.86,486.094,"",'132824264813389205801,2026-05-05,11100029206,65e1d92a-3732-43fd-8052-b264f51822e3,"",Forward,100045300239,100045300239,11504,671.43,5.0,800.0,0.0,800.0,packet_delivered,0.0,0.0,0.0,0.0,0.0,0.0,0.0,0.0,NA,0,799.0
NFT-/XUTR/DEUTH02612536756X,24.57,0.0,0.0,1650.0,516.0,133.954,2.457,0.0,0.0,prepaid,0.491,0.0,0.0,27.0,0.0,31.86,347.238,"",'132831678396023864303,2026-05-05,11101396503,d3771557-2afa-4f2d-9519-eb1552e7d4dd,"",Forward,100046667530,100046667530,11504,491.43,5.0,1040.0,0.0,1040.0,packet_delivered,0.0,0.0,0.0,0.0,0.0,0.0,0.0,0.0,NA,0,609.98
NFT-/XUTR/DEUTH02612536756X,39.57,0.0,0.0,1850.0,831.0,215.728,3.957,0.0,0.0,prepaid,0.791,182.0,0.0,0.0,0.0,214.76,-825.284,"",'132823873892798623803,2026-05-05,11099878654,9a5da827-45a7-4176-8276-ca8394b50ac9,100153861788,Reverse,100045149687,100045149687,11504,791.43,5.0,925.0,0.0,925.0,return_refund,0.0,0.0,0.0,0.0,0.0,0.0,0.0,0.0,NA,0,925.0
NFT-/XUTR/DEUTH02612536756X,60.86,0.0,0.0,2899.0,1278.0,316.688,6.086,0.0,0.0,prepaid,1.217,0.0,0.0,45.0,0.0,53.1,900.909,"",'132820515427190797203,2026-05-05,11098882736,86afc3dc-767f-4975-8061-7b5ed8711430,"",Forward,100044153771,1000013215294,11504,1217.14,5.0,1450.0,0.0,1450.0,packet_delivered,0.0,0.0,0.0,0.0,0.0,0.0,0.0,0.0,NA,0,1449.0
NFT-/XUTR/DEUTH02612536756X,35.95,0.0,0.0,1699.0,755.0,195.998,3.595,0.0,0.0,prepaid,0.719,0.0,0.0,27.0,0.0,31.86,522.828,"",'132829231091731153001,2026-05-05,11100769773,1ca45d0a-8255-415c-8138-e740723572a4,"",Forward,100046040806,1000013267947,11504,719.05,5.0,850.0,0.0,850.0,packet_delivered,0.0,0.0,0.0,0.0,0.0,0.0,0.0,0.0,NA,0,849.0
NFT-/XUTR/DEUTH02612536756X,18.38,0.0,0.0,1599.0,386.0,18.219,1.838,0.0,0.0,prepaid,0.368,182.0,0.0,0.0,0.0,214.76,-580.335,"",'132836393650250336601,2026-05-05,11102151368,b4b05b2f-c170-4eb5-a6cb-31f998bd4f40,100154241428,Reverse,100047422395,1000013761821,11504,367.62,5.0,1154.0,0.0,1154.0,return_refund,0.0,0.0,0.0,0.0,0.0,0.0,0.0,0.0,NA,0,445.0
NFT-/XUTR/DEUTH02612536756X,43.05,0.0,0.0,2699.0,904.0,234.678,4.305,0.0,0.0,prepaid,0.861,0.0,0.0,27.0,0.0,31.86,632.296,"",'132832096522241260201,2026-05-05,11101513287,d772aabe-46a9-4a33-b44a-cef7dd71eee3,"",Forward,100046784314,1000013774775,11504,860.95,5.0,1701.0,0.0,1701.0,packet_delivered,0.0,0.0,0.0,0.0,0.0,0.0,0.0,0.0,NA,0,998.0
NFT-/XUTR/DEUTH02612536756X,0.0,18.6,18.6,1750.0,781.0,202.748,0.0,1.8595,1.8595,prepaid,0.744,0.0,0.0,27.0,0.0,31.86,541.929,"",'132854596234198522801,2026-05-05,11106050949,24b9b130-4ecd-44e6-b30a-dee3060418ee,"",Forward,100051321930,100051321930,11504,743.8,5.0,875.0,0.0,875.0,packet_delivered,0.0,0.0,0.0,0.0,0.0,0.0,0.0,0.0,NA,0,875.0
NFT-/XUTR/DEUTH02612536756X,38.38,0.0,0.0,1799.0,806.0,209.238,3.838,0.0,0.0,prepaid,0.768,106.0,0.0,0.0,0.0,125.08,-717.236,"",'132849178845607891401,2026-05-05,11105190562,aff3d187-2a25-49b5-ab06-6fe487ad89df,11105190562,Reverse,100050461547,100050461547,11504,767.62,5.0,899.0,0.0,899.0,exchange,0.0,0.0,0.0,0.0,0.0,0.0,0.0,0.0,NA,0,900.0
NFT-/XUTR/DEUTH02612536756X,70.38,0.0,0.0,3299.0,1478.0,366.248,7.038,0.0,0.0,prepaid,1.408,182.0,0.0,0.0,0.0,214.76,-1318.066,"",'132820894583041885401,2026-05-05,11098989373,58f8a081-9a3a-4b1a-b5d5-c3c69e4767fd,100153737088,Reverse,100044260408,100044260408,11504,1407.62,5.0,1650.0,0.0,1650.0,return_refund,0.0,0.0,0.0,0.0,0.0,0.0,0.0,0.0,NA,0,1649.0
NFT-/XUTR/DEUTH02612536756X,71.81,0.0,0.0,2399.0,1508.0,355.888,7.181,0.0,0.0,prepaid,1.436,0.0,0.0,45.0,0.0,53.1,1090.395,"",'132828216052425264803,2026-05-05,11100487299,207e5a31-6b91-472f-839f-eb94dd7f0d9c,"",Forward,100045758332,100045758332,11504,1436.19,5.0,720.0,0.0,720.0,packet_delivered,0.0,0.0,0.0,0.0,0.0,0.0,0.0,0.0,NA,0,1679.0
NFT-/XUTR/DEUTH02612536756X,0.0,36.38,36.38,1699.0,1528.0,360.608,0.0,3.638,3.638,prepaid,1.455,106.0,0.0,0.0,0.0,125.08,-1283.741,"",'132840117445341303701,2026-05-05,11103192478,78d68efe-9d74-4198-9a35-0cde90dfcbaf,100155038880,Reverse,100048463487,100048463487,11504,1455.24,5.0,0.0,0.0,0.0,return_refund,0.0,0.0,0.0,0.0,0.0,0.0,0.0,0.0,NA,0,1699.0000000000002
NFT-/XUTR/DEUTH02612536756X,25.57,0.0,0.0,1699.0,537.0,38.02,2.557,0.0,0.0,prepaid,0.511,0.0,0.0,27.0,0.0,31.86,464.052,"",'132838005388580630003,2026-05-05,11102613416,85c865f9-be28-4994-a7fb-7bc864a51b80,"",Forward,100047884443,100047884443,11504,511.43,5.0,1068.0,0.0,1068.0,packet_delivered,0.0,0.0,0.0,0.0,0.0,0.0,0.0,0.0,NA,0,631.0
NFT-/XUTR/DEUTH02612536756X,56.86,0.0,0.0,1950.0,1194.0,281.784,5.686,0.0,0.0,prepaid,1.137,0.0,0.0,45.0,0.0,53.1,852.293,"",'132829355532746002001,2026-05-05,11100802715,4c6e5f35-df06-409e-8c3b-14e29915bfba,"",Forward,100046073748,100046073748,11504,1137.14,5.0,585.0,0.0,585.0,packet_delivered,0.0,0.0,0.0,0.0,0.0,0.0,0.0,0.0,NA,0,1365.0
NFT-/XUTR/DEUTH02612536756X,39.81,0.0,0.0,2799.0,836.0,217.026,3.981,0.0,0.0,prepaid,0.796,0.0,0.0,27.0,0.0,31.86,582.337,"",'132823862411137708901,2026-05-05,11099873791,1b4f3f10-c076-45fd-b921-e986d6275f25,"",Forward,100045144824,100045144824,11504,796.19,5.0,1792.0,0.0,1792.0,packet_delivered,0.0,0.0,0.0,0.0,0.0,0.0,0.0,0.0,NA,0,1007.0
NFT-/XUTR/DEUTH02612536756X,42.62,0.0,0.0,2999.0,895.0,232.342,4.262,0.0,0.0,prepaid,0.852,0.0,0.0,27.0,0.0,31.86,625.684,"",'132823482157412794201,2026-05-05,11099719142,53d0dfa3-b963-4281-aeb5-1aa375c40e0a,"",Forward,100044990176,100044990176,11504,852.38,5.0,2010.0,0.0,2010.0,packet_delivered,0.0,0.0,0.0,0.0,0.0,0.0,0.0,0.0,NA,0,989.01
NFT-/XUTR/DEUTH02612536756X,34.67,0.0,0.0,2599.0,728.0,34.362,3.467,0.0,0.0,prepaid,0.693,0.0,0.0,27.0,0.0,31.86,657.618,"",'132845817141919824001,2026-05-05,11104178856,28440131-11eb-4cbd-a3bf-650653323421,"",Forward,100049449856,100049449856,11504,693.33,5.0,1777.0,0.0,1777.0,packet_delivered,0.0,0.0,0.0,0.0,0.0,0.0,0.0,0.0,NA,0,821.99
NFT-/XUTR/DEUTH02612536756X,41.05,0.0,0.0,2899.0,862.0,223.775,4.105,0.0,0.0,prepaid,0.821,182.0,0.0,0.0,0.0,214.76,-848.059,"",'132829910668697292803,2026-05-05,11100948302,2d3c16f4-d30a-4598-afa7-7de97672714d,100153808021,Reverse,100046219335,100046219335,11504,820.95,5.0,1943.0,0.0,1943.0,return_refund,0.0,0.0,0.0,0.0,0.0,0.0,0.0,0.0,NA,0,956.0
NFT-/XUTR/DEUTH02612536756X,20.57,0.0,0.0,1499.0,432.0,20.39,2.057,0.0,0.0,prepaid,0.411,182.0,0.0,0.0,0.0,214.76,-623.902,"",'132832223893083244103,2026-05-05,11101551116,700445dd-58c5-4649-a3d1-e5eac2dcbafb,100153719481,Reverse,100046822143,1000013494300,11504,411.43,5.0,973.0,0.0,973.0,return_refund,0.0,0.0,0.0,0.0,0.0,0.0,0.0,0.0,NA,0,526.0
NFT-/XUTR/DEUTH02612536756X,59.62,0.0,0.0,2999.0,1252.0,310.246,5.962,0.0,0.0,prepaid,1.192,106.0,0.0,0.0,0.0,125.08,-1059.68,"",'132849977668896395601,2026-05-05,11105479919,2d4300fb-d9e7-4cd6-8731-53aee0064fe4,100153760508,Reverse,100050750904,1000014858777,11504,1192.38,5.0,1576.0,0.0,1576.0,return_refund,0.0,0.0,0.0,0.0,0.0,0.0,0.0,0.0,NA,0,1423.0
NFT-/XUTR/DEUTH02612536756X,41.95,0.0,0.0,1950.0,881.0,228.708,4.195,0.0,0.0,prepaid,0.839,182.0,0.0,0.0,0.0,214.76,-862.018,"",'132823696248710000901,2026-05-05,11099801036,2a6d96e9-ee0e-44e4-a0bb-7cae7a87f0fd,100153865697,Reverse,100045072069,1000012971058,11504,839.05,5.0,975.0,0.0,975.0,return_refund,0.0,0.0,0.0,0.0,0.0,0.0,0.0,0.0,NA,0,975.0
NFT-/XUTR/DEUTH02612536756X,35.76,0.0,0.0,1799.0,751.0,194.96,3.576,0.0,0.0,prepaid,0.715,182.0,0.0,0.0,0.0,214.76,-766.509,"",'132819817537814662203,2026-05-05,11098714960,c1b869b8-7941-49fc-9371-0b56475458e1,100153728611,Reverse,100043985995,100043985995,11504,715.24,5.0,954.0,0.0,954.0,return_refund,0.0,0.0,0.0,0.0,0.0,0.0,0.0,0.0,NA,0,845.0
NFT-/XUTR/DEUTH02612536756X,51.33,0.0,0.0,2799.0,1078.0,267.128,5.133,0.0,0.0,prepaid,1.027,0.0,0.0,45.0,0.0,53.1,751.612,"",'132854845165226881701,2026-05-05,11106108789,d214c8f7-b70c-46ba-ab5d-06cd1a8d0c40,"",Forward,100051379770,100051379770,11504,1026.67,5.0,1550.0,0.0,1550.0,packet_delivered,0.0,0.0,0.0,0.0,0.0,0.0,0.0,0.0,NA,0,1249.0
NFT-/XUTR/DEUTH02612536756X,0.0,29.21,29.21,2899.0,1227.0,304.051,0.0,2.9215,2.9215,prepaid,1.169,0.0,0.0,45.0,0.0,53.1,862.837,"",'132841643732813870101,2026-05-05,11103638232,7d9e3b56-d0c7-4ac4-a85d-97d03a2e70c7,"",Forward,100048909241,1000014248041,11504,1168.58,5.0,1501.0,0.0,1501.0,packet_delivered,0.0,0.0,0.0,0.0,0.0,0.0,0.0,0.0,NA,0,1398.0
NFT-/XUTR/DEUTH02612536756X,38.81,0.0,0.0,2599.0,815.0,211.574,3.881,0.0,0.0,prepaid,0.776,0.0,0.0,27.0,0.0,31.86,566.909,"",'132827228666986438903,2026-05-05,11100286376,60e4ed06-ce2f-41ba-8cc1-a88e428b3aac,"",Forward,100045557409,100045557409,11504,776.19,5.0,1690.0,0.0,1690.0,packet_delivered,0.0,0.0,0.0,0.0,0.0,0.0,0.0,0.0,NA,0,909.0
NFT-/XUTR/DEUTH02612536756X,0.0,45.95,45.95,4499.0,1930.0,478.254,0.0,4.595,4.595,prepaid,1.838,106.0,0.0,0.0,0.0,125.08,-1565.798,"",'132853089061266981703,2026-05-05,11105775801,efc37c28-e9cd-4113-9933-71c94246bf64,100154553402,Reverse,100051046785,100051046785,11504,1838.1,5.0,2363.0,0.0,2363.0,return_refund,0.0,0.0,0.0,0.0,0.0,0.0,0.0,0.0,NA,0,2136.0
NFT-/XUTR/DEUTH02612536756X,33.1,0.0,0.0,2599.0,695.0,32.804,3.31,0.0,0.0,prepaid,0.662,106.0,0.0,0.0,0.0,125.08,-783.304,"",'132848045632183796601,2026-05-05,11104850426,58541cbe-9bdc-4946-9a69-48fa304c07f8,100153832873,Reverse,100050121411,1000014833667,11504,661.9,5.0,1810.0,0.0,1810.0,return_refund,0.0,0.0,0.0,0.0,0.0,0.0,0.0,0.0,NA,0,789.0
NFT-/XUTR/DEUTH02612536756X,0.0,18.6,18.6,1750.0,781.0,202.748,0.0,1.8595,1.8595,prepaid,0.744,0.0,0.0,27.0,0.0,31.86,541.929,"",'132853161372728707901,2026-05-05,11105784619,ebbba803-a2f8-42e2-8253-3693e6048283,"",Forward,100051055603,1000014713759,11504,743.8,5.0,875.0,0.0,875.0,packet_delivered,0.0,0.0,0.0,0.0,0.0,0.0,0.0,0.0,NA,0,875.0
NFT-/XUTR/DEUTH02612536756X,28.86,0.0,0.0,1750.0,606.0,157.318,2.886,0.0,0.0,prepaid,0.577,0.0,0.0,27.0,0.0,31.86,413.359,"",'132822182063483574503,2026-05-05,11099334359,3b9426ae-cfc9-4816-ab1d-a5a3bf170d46,"",Forward,100044605393,100044605393,11504,577.14,5.0,1050.0,0.0,1050.0,packet_delivered,0.0,0.0,0.0,0.0,0.0,0.0,0.0,0.0,NA,0,699.99
NFT-/XUTR/DEUTH02612536756X,45.62,0.0,0.0,1699.0,958.0,248.697,4.562,0.0,0.0,prepaid,0.912,0.0,0.0,27.0,0.0,31.86,671.969,"",'132842540060621032401,2026-05-05,11103791784,eab292c2-d816-4856-a6e2-fc7a51765b3a,"",Forward,100049062793,1000014270930,11504,912.38,5.0,570.0,0.0,570.0,packet_delivered,0.0,0.0,0.0,0.0,0.0,0.0,0.0,0.0,NA,0,1129.0
NFT-/XUTR/DEUTH02612536756X,56.71,0.0,0.0,2899.0,1191.0,295.13,5.671,0.0,0.0,prepaid,1.134,0.0,0.0,45.0,0.0,53.1,835.965,"",'132813377317045979103,2026-05-05,11097520616,51367c4c-3d4f-46a4-bc16-bc4996ca8ba0,"",Forward,100042791652,100042791652,11504,1134.29,5.0,1537.0,0.0,1537.0,packet_delivered,0.0,0.0,0.0,0.0,0.0,0.0,0.0,0.0,NA,0,1362.0
NFT-/XUTR/DEUTH02612536756X,23.67,0.0,0.0,1599.0,497.0,23.458,2.367,0.0,0.0,prepaid,0.473,0.0,0.0,27.0,0.0,31.86,438.842,"",'132822358380634923103,2026-05-05,11099384547,b9589892-cf86-44f4-a84b-1382003e0880,"",Forward,100044655581,1000012878607,11504,473.33,5.0,1008.0,0.0,1008.0,packet_delivered,0.0,0.0,0.0,0.0,0.0,0.0,0.0,0.0,NA,0,591.0
NFT-/XUTR/DEUTH02612536756X,100.14,0.0,0.0,3299.0,2103.0,496.308,10.014,0.0,0.0,prepaid,2.003,0.0,0.0,61.0,0.0,71.98,1522.695,"",'132838674594896206101,2026-05-05,11102807361,747a5b11-c169-49cb-a388-45cd4c584c87,"",Forward,100048078379,1000014215613,11504,2002.86,5.0,990.0,0.0,990.0,packet_delivered,0.0,0.0,0.0,0.0,0.0,0.0,0.0,0.0,NA,0,2309.0
NFT-/XUTR/DEUTH02612536756X,59.62,0.0,0.0,2999.0,1252.0,310.246,5.962,0.0,0.0,prepaid,1.192,182.0,0.0,0.0,0.0,214.76,-1149.36,"",'132835921976574811703,2026-05-05,11102064464,c2aedd39-5005-45a4-96a6-615fddf142e6,11102064464,Reverse,100047335491,100047335491,11504,1192.38,5.0,1576.0,0.0,1576.0,exchange,0.0,0.0,0.0,0.0,0.0,0.0,0.0,0.0,NA,0,1423.0
NFT-/XUTR/DEUTH02612536756X,41.38,0.0,0.0,1899.0,15.71,4.078,0.075,0.0,0.0,prepaid,0.015,2.296,0.0,0.0,0.0,2.70928,-14.251,"",'132836296031923818001,2026-05-05,11102130863,2c2a2b63-d7ab-4b08-a76f-1def2b2df071,100153792029,Reverse,100047401890,100047401890,11504,827.62,5.0,936.0,0.0,936.0,return_refund,0.0,0.0,0.0,0.0,0.0,0.0,0.0,0.0,NA,0,963.0
NFT-/XUTR/DEUTH02612536756X,76.52,0.0,0.0,3499.0,1607.0,398.215,7.652,0.0,0.0,prepaid,1.53,0.0,0.0,45.0,0.0,53.1,1146.503,"",'132835711611132254201,2026-05-05,11102036503,d540543f-8a94-41bf-a89b-7c70a58f66e5,"",Forward,100047307530,100047307530,11504,1530.48,5.0,1721.0,0.0,1721.0,packet_delivered,0.0,0.0,0.0,0.0,0.0,0.0,0.0,0.0,NA,0,1778.0
NFT-/XUTR/DEUTH02612536756X,18.95,0.0,0.0,1699.0,398.0,18.786,1.895,0.0,0.0,prepaid,0.379,0.0,0.0,0.0,0.0,0.0,376.94,"",'132828831222496232301,2026-05-05,11100664693,8fec2ec3-8e74-4f99-ab2f-941872f81447,"",Forward,100045935726,1000013240958,11504,379.05,5.0,1207.0,0.0,1207.0,packet_delivered,0.0,0.0,0.0,0.0,0.0,0.0,0.0,0.0,NA,0,492.0
NFT-/XUTR/DEUTH02612536756X,33.52,0.0,0.0,1699.0,704.0,182.758,3.352,0.0,0.0,prepaid,0.67,182.0,0.0,0.0,0.0,214.76,-731.98,"",'132823696248710000901,2026-05-05,11099801032,2a6d96e9-ee0e-44e4-a0bb-7cae7a87f0fd,100153865828,Reverse,100045072065,1000012971058,11504,670.48,5.0,901.0,0.0,901.0,return_refund,0.0,0.0,0.0,0.0,0.0,0.0,0.0,0.0,NA,0,798.0
NFT-/XUTR/DEUTH02612536756X,0.0,51.74,51.74,3399.0,2173.0,512.828,0.0,5.174,5.174,prepaid,2.07,106.0,0.0,0.0,0.0,125.08,-1772.834,"",'132854474826265821701,2026-05-05,11106024111,072c18f4-708a-46d3-89f9-eb34503eed0e,100154117889,Reverse,100051295092,100051295092,11504,2069.52,5.0,1020.0,0.0,1020.0,return_refund,0.0,0.0,0.0,0.0,0.0,0.0,0.0,0.0,NA,0,2378.9999999999995
NFT-/XUTR/DEUTH02612536756X,35.95,0.0,0.0,1699.0,755.0,195.998,3.595,0.0,0.0,prepaid,0.719,0.0,0.0,27.0,0.0,31.86,522.828,"",'132827939527169893503,2026-05-05,11100415779,36122346-d5da-4f14-882c-9da772fdee76,"",Forward,100045686812,100045686812,11504,719.05,5.0,850.0,0.0,850.0,packet_delivered,0.0,0.0,0.0,0.0,0.0,0.0,0.0,0.0,NA,0,849.0
NFT-/XUTR/DEUTH02612536756X,40.71,0.0,0.0,1899.0,855.0,221.958,4.071,0.0,0.0,prepaid,0.814,0.0,0.0,27.0,0.0,31.86,596.297,"",'132853110408444629003,2026-05-05,11105778278,35087111-696c-4d69-b8df-2d780e510544,"",Forward,100051049262,100051049262,11504,814.29,5.0,950.0,0.0,950.0,packet_delivered,0.0,0.0,0.0,0.0,0.0,0.0,0.0,0.0,NA,0,949.0
NFT-/XUTR/DEUTH02612536756X,63.24,0.0,0.0,2999.0,1328.0,329.078,6.324,0.0,0.0,prepaid,1.265,0.0,0.0,45.0,0.0,53.1,938.233,"",'132823324945132470803,2026-05-05,11099665668,3f36171b-86b5-488e-99ff-e3bbd889b8b9,"",Forward,100044936702,100044936702,11504,1264.76,5.0,1500.0,0.0,1500.0,packet_delivered,0.0,0.0,0.0,0.0,0.0,0.0,0.0,0.0,NA,0,1499.0
NFT-/XUTR/DEUTH02612536756X,35.76,0.0,0.0,1799.0,751.0,194.96,3.576,0.0,0.0,prepaid,0.715,182.0,0.0,0.0,0.0,214.76,-766.509,"",'132827811798089326503,2026-05-05,11100388263,817c2b44-ef94-4fa1-b5fe-c9f0ae0da80b,100154289996,Reverse,100045659296,100045659296,11504,715.24,5.0,954.0,0.0,954.0,return_refund,0.0,0.0,0.0,0.0,0.0,0.0,0.0,0.0,NA,0,845.0
NFT-/XUTR/DEUTH02612536756X,19.1,0.0,0.0,1599.0,401.0,18.927,1.91,0.0,0.0,prepaid,0.382,0.0,0.0,15.0,0.0,17.7,362.081,"",'132832389321436613501,2026-05-05,11101602903,c5d96ce4-d961-46fd-a033-d5798eb1bd4c,"",Forward,100046873930,100046873930,11504,381.9,5.0,1104.0,0.0,1104.0,packet_delivered,0.0,0.0,0.0,0.0,0.0,0.0,0.0,0.0,NA,0,495.0
NFT-/XUTR/DEUTH02612536756X,103.48,0.0,0.0,3399.0,2173.0,487.187,10.348,0.0,0.0,prepaid,2.07,182.0,0.0,0.0,0.0,214.76,-1888.155,"",'132823949982826521003,2026-05-05,11099913139,6fcbc9cb-f297-4f5a-9899-d4a867d13dfc,100153820967,Reverse,100045184172,100045184172,11504,2069.52,5.0,1020.0,0.0,1020.0,return_refund,0.0,0.0,0.0,0.0,0.0,0.0,0.0,0.0,NA,0,2379.0
NFT-/XUTR/DEUTH02612536756X,41.38,0.0,0.0,1899.0,15.71,4.078,0.075,0.0,0.0,prepaid,0.015,0.0,0.0,0.488,0.0,0.57584,10.966,"",'132836296031923818001,2026-05-05,11102130863,2c2a2b63-d7ab-4b08-a76f-1def2b2df071,"",Forward,100047401890,100047401890,11504,827.62,5.0,936.0,0.0,936.0,packet_delivered,0.0,0.0,0.0,0.0,0.0,0.0,0.0,0.0,NA,0,963.0
NFT-/XUTR/DEUTH02612536756X,61.91,0.0,0.0,3299.0,1300.0,322.14,6.19,0.0,0.0,prepaid,1.238,106.0,0.0,0.0,0.0,125.08,-1095.512,"",'132841952715408037501,2026-05-05,11103717454,c14012ea-5432-4ff2-9799-58996d89b848,100153683155,Reverse,100048988463,100048988463,11504,1238.1,5.0,1828.0,0.0,1828.0,return_refund,0.0,0.0,0.0,0.0,0.0,0.0,0.0,0.0,NA,0,1471.01
NFT-/XUTR/DEUTH02612536756X,42.62,0.0,0.0,2999.0,895.0,232.342,4.262,0.0,0.0,prepaid,0.852,0.0,0.0,27.0,0.0,31.86,625.684,"",'132827717611656932001,2026-05-05,11100369506,d4fc2ca3-4c0d-47d5-9e4d-8cafe5911720,"",Forward,100045640539,100045640539,11504,852.38,5.0,2010.0,0.0,2010.0,packet_delivered,0.0,0.0,0.0,0.0,0.0,0.0,0.0,0.0,NA,0,989.0
NFT-/XUTR/DEUTH02612536756X,18.1,0.0,0.0,1750.0,380.0,17.936,1.81,0.0,0.0,prepaid,0.362,0.0,0.0,0.0,0.0,0.0,359.892,"",'132849954084107073903,2026-05-05,11105470881,074b29fa-1485-4a24-a5b7-7e5fb4a87d76,"",Forward,100050741866,100050741866,11504,361.9,5.0,1311.0,0.0,1311.0,packet_delivered,0.0,0.0,0.0,0.0,0.0,0.0,0.0,0.0,NA,0,439.0
NFT-/XUTR/DEUTH02612536756X,403.93,0.0,0.0,6299.0,2648.0,624.928,11.22,0.0,0.0,prepaid,2.244,0.0,0.0,61.0,0.0,71.98,1937.628,"",'132832504509893588703,2026-05-05,11101639666,50ee65df-c9d1-4357-ae73-d91d7935597a,"",Forward,100046910693,100046910693,11504,2244.07,18.0,3339.0,0.0,3339.0,packet_delivered,0.0,0.0,0.0,0.0,0.0,0.0,0.0,0.0,NA,0,2960.0
NFT-/XUTR/DEUTH02612536756X,28.57,0.0,0.0,1599.0,600.0,42.48,2.857,0.0,0.0,prepaid,0.571,0.0,0.0,27.0,0.0,31.86,522.232,"",'132847082520137513201,2026-05-05,11104566896,6c76a4ae-5a37-49ac-9d61-2b26bfaf5743,"",Forward,100049837896,100049837896,11504,571.43,5.0,905.0,0.0,905.0,packet_delivered,0.0,0.0,0.0,0.0,0.0,0.0,0.0,0.0,NA,0,694.0
NFT-/XUTR/DEUTH02612536756X,33.52,0.0,0.0,1699.0,704.0,182.758,3.352,0.0,0.0,prepaid,0.67,0.0,0.0,27.0,0.0,31.86,485.36,"",'132822263437658521003,2026-05-05,11099358052,7bd96034-26b3-49f0-91fe-8d654bd76dc4,"",Forward,100044629086,1000012876614,11504,670.48,5.0,901.0,0.0,901.0,packet_delivered,0.0,0.0,0.0,0.0,0.0,0.0,0.0,0.0,NA,0,798.0
NFT-/XUTR/DEUTH02612536756X,34.71,0.0,0.0,2999.0,729.0,34.40899999999999,3.471,0.0,0.0,prepaid,0.694,0.0,0.0,27.0,0.0,31.86,658.566,"",'132839252031406901701,2026-05-05,11102974120,61bc5ba6-74cf-4df5-ba1a-b3650c85f807,"",Forward,100048245130,100048245130,11504,694.29,5.0,2176.0,0.0,2176.0,packet_delivered,0.0,0.0,0.0,0.0,0.0,0.0,0.0,0.0,NA,0,823.0
NFT-/XUTR/DEUTH02612536756X,106.81,0.0,0.0,3499.0,2243.0,529.348,10.681,0.0,0.0,prepaid,2.136,182.0,0.0,0.0,0.0,214.76,-1915.595,"",'132824112464916324501,2026-05-05,11099973893,99a0d007-6e02-4cb7-a640-3e4ef603f8a0,100153843003,Reverse,100045244926,100045244926,11504,2136.19,5.0,1050.0,0.0,1050.0,return_refund,0.0,0.0,0.0,0.0,0.0,0.0,0.0,0.0,NA,0,2449.0
NFT-/XUTR/DEUTH02612536756X,0.0,16.29,16.29,2799.0,684.0,32.285,0.0,1.6285,1.6285,prepaid,0.651,0.0,0.0,27.0,0.0,31.86,615.947,"",'132846400056486725703,2026-05-05,11104357756,36f3e876-778c-48eb-b046-e1d5eba56aec,"",Forward,100049628756,100049628756,11504,651.42,5.0,2021.0,0.0,2021.0,packet_delivered,0.0,0.0,0.0,0.0,0.0,0.0,0.0,0.0,NA,0,777.9999999999999
NFT-/XUTR/DEUTH02612536756X,56.71,0.0,0.0,2899.0,1191.0,295.13,5.671,0.0,0.0,prepaid,1.134,182.0,0.0,0.0,0.0,214.76,-1103.825,"",'132820695524815473801,2026-05-05,11098934711,0822a00e-7a20-4df2-bd51-80fa67ec471d,11098934711,Reverse,100044205746,1000013220253,11504,1134.29,5.0,1537.0,0.0,1537.0,exchange,0.0,0.0,0.0,0.0,0.0,0.0,0.0,0.0,NA,0,1362.0
NFT-/XUTR/DEUTH02612536756X,36.19,0.0,0.0,1799.0,760.0,197.296,3.619,0.0,0.0,prepaid,0.724,0.0,0.0,27.0,0.0,31.86,526.501,"",'132842540060621032401,2026-05-05,11103791779,eab292c2-d816-4856-a6e2-fc7a51765b3a,"",Forward,100049062788,1000014270930,11504,723.81,5.0,945.0,0.0,945.0,packet_delivered,0.0,0.0,0.0,0.0,0.0,0.0,0.0,0.0,NA,0,854.0
NFT-/XUTR/DEUTH02612536756X,85.14,0.0,0.0,2999.0,810.93,200.948,3.862,0.0,0.0,prepaid,0.772,0.0,0.0,20.409,0.0,24.08262,581.265,"",'132850653632910200901,2026-05-05,11105651256,a1bf6beb-e10e-4e2a-9e95-3baf2811e282,"",Forward,100050922241,100050922241,11504,1702.86,5.0,1005.0,0.0,1005.0,packet_delivered,0.0,0.0,0.0,0.0,0.0,0.0,0.0,0.0,NA,0,1994.0
NFT-/XUTR/DEUTH02612536756X,25.43,0.0,0.0,1699.0,534.0,37.807,2.543,0.0,0.0,prepaid,0.509,182.0,0.0,0.0,0.0,214.76,-707.901,"",'132827674080875515603,2026-05-05,11100361715,3a6ff2a0-f96a-41a4-b29c-114462968338,100153847867,Reverse,100045632748,100045632748,11504,508.57,5.0,1071.0,0.0,1071.0,return_refund,0.0,0.0,0.0,0.0,0.0,0.0,0.0,0.0,NA,0,628.0
NFT-/XUTR/DEUTH02612536756X,0.0,16.29,16.29,2799.0,684.0,32.285,0.0,1.6285,1.6285,prepaid,0.651,106.0,0.0,0.0,0.0,125.08,-772.887,"",'132846400056486725703,2026-05-05,11104357756,36f3e876-778c-48eb-b046-e1d5eba56aec,100154845032,Reverse,100049628756,100049628756,11504,651.42,5.0,2021.0,0.0,2021.0,return_refund,0.0,0.0,0.0,0.0,0.0,0.0,0.0,0.0,NA,0,777.9999999999999
NFT-/XUTR/DEUTH02612536756X,53.52,0.0,0.0,1850.0,1124.0,265.264,5.352,0.0,0.0,prepaid,1.07,0.0,0.0,45.0,0.0,53.1,799.214,"",'132849941177064466801,2026-05-05,11105466074,5eae4287-af12-4c31-a453-f759223652fc,"",Forward,100050737059,100050737059,11504,1070.48,5.0,555.0,0.0,555.0,packet_delivered,0.0,0.0,0.0,0.0,0.0,0.0,0.0,0.0,NA,0,1295.0
NFT-/XUTR/DEUTH02612536756X,90.14,0.0,0.0,2999.0,1893.0,469.085,9.014,0.0,0.0,prepaid,1.803,106.0,0.0,0.0,0.0,125.08,-1538.178,"",'132838674594896206101,2026-05-05,11102807356,747a5b11-c169-49cb-a388-45cd4c584c87,100153802816,Reverse,100048078374,1000014215613,11504,1802.86,5.0,900.0,0.0,900.0,return_refund,0.0,0.0,0.0,0.0,0.0,0.0,0.0,0.0,NA,0,2099.0
NFT-/XUTR/DEUTH02612536756X,33.52,0.0,0.0,1699.0,704.0,182.758,3.352,0.0,0.0,prepaid,0.67,182.0,0.0,0.0,0.0,214.76,-731.98,"",'132822263437658521003,2026-05-05,11099358052,7bd96034-26b3-49f0-91fe-8d654bd76dc4,100154179871,Reverse,100044629086,1000012876614,11504,670.48,5.0,901.0,0.0,901.0,return_refund,0.0,0.0,0.0,0.0,0.0,0.0,0.0,0.0,NA,0,798.0
NFT-/XUTR/DEUTH02612536756X,51.33,0.0,0.0,2799.0,1078.0,267.128,5.133,0.0,0.0,prepaid,1.027,106.0,0.0,0.0,0.0,125.08,-929.792,"",'132854845165226881701,2026-05-05,11106108789,d214c8f7-b70c-46ba-ab5d-06cd1a8d0c40,100153817630,Reverse,100051379770,100051379770,11504,1026.67,5.0,1550.0,0.0,1550.0,return_refund,0.0,0.0,0.0,0.0,0.0,0.0,0.0,0.0,NA,0,1249.0
NFT-/XUTR/DEUTH02612536756X,31.14,0.0,0.0,1499.0,654.0,169.778,3.114,0.0,0.0,prepaid,0.623,0.0,0.0,27.0,0.0,31.86,448.625,"",'132848166902765294301,2026-05-05,11104886349,daf736ee-7d34-4389-bdb7-a52c56932622,"",Forward,100050157334,100050157334,11504,622.86,5.0,751.0,0.0,751.0,packet_delivered,0.0,0.0,0.0,0.0,0.0,0.0,0.0,0.0,NA,0,748.0
NFT-/XUTR/DEUTH02612536756X,55.14,0.0,0.0,1899.0,1158.0,273.288,5.514,0.0,0.0,prepaid,1.103,0.0,0.0,45.0,0.0,53.1,824.995,"",'132822369777979396003,2026-05-05,11099387708,a1df8aa2-b76c-4621-9a96-d80ca9244428,"",Forward,100044658742,100044658742,11504,1102.86,5.0,570.0,0.0,570.0,packet_delivered,0.0,0.0,0.0,0.0,0.0,0.0,0.0,0.0,NA,0,1329.0
NFT-/XUTR/DEUTH02612536756X,28.57,0.0,0.0,1599.0,600.0,42.48,2.857,0.0,0.0,prepaid,0.571,106.0,0.0,0.0,0.0,125.08,-679.172,"",'132847082520137513201,2026-05-05,11104566896,6c76a4ae-5a37-49ac-9d61-2b26bfaf5743,100154784156,Reverse,100049837896,100049837896,11504,571.43,5.0,905.0,0.0,905.0,return_refund,0.0,0.0,0.0,0.0,0.0,0.0,0.0,0.0,NA,0,694.0
NFT-/XUTR/DEUTH02612536756X,18.48,0.0,0.0,1599.0,388.0,18.314,1.848,0.0,0.0,prepaid,0.37,0.0,0.0,0.0,0.0,0.0,367.468,"",'132828831222496232301,2026-05-05,11100664691,8fec2ec3-8e74-4f99-ab2f-941872f81447,"",Forward,100045935724,1000013240958,11504,369.52,5.0,1152.0,0.0,1152.0,packet_delivered,0.0,0.0,0.0,0.0,0.0,0.0,0.0,0.0,NA,0,447.0
NFT-/XUTR/DEUTH02612536756X,58.43,0.0,0.0,2899.0,1227.0,304.051,5.843,0.0,0.0,prepaid,1.169,0.0,0.0,45.0,0.0,53.1,862.837,"",'132842540060621032401,2026-05-05,11103791785,eab292c2-d816-4856-a6e2-fc7a51765b3a,"",Forward,100049062794,1000014270930,11504,1168.57,5.0,1501.0,0.0,1501.0,packet_delivered,0.0,0.0,0.0,0.0,0.0,0.0,0.0,0.0,NA,0,1398.0
NFT-/XUTR/DEUTH02612536756X,0.0,29.21,29.21,2899.0,1227.0,304.051,0.0,2.9215,2.9215,prepaid,1.169,0.0,0.0,45.0,0.0,53.1,862.837,"",'132841643732813870101,2026-05-05,11103638231,7d9e3b56-d0c7-4ac4-a85d-97d03a2e70c7,"",Forward,100048909240,1000014248041,11504,1168.58,5.0,1501.0,0.0,1501.0,packet_delivered,0.0,0.0,0.0,0.0,0.0,0.0,0.0,0.0,NA,0,1398.0
NFT-/XUTR/DEUTH02612536756X,63.24,0.0,0.0,2999.0,1328.0,329.078,6.324,0.0,0.0,prepaid,1.265,182.0,0.0,0.0,0.0,214.76,-1206.093,"",'132823324945132470803,2026-05-05,11099665668,3f36171b-86b5-488e-99ff-e3bbd889b8b9,11099665668,Reverse,100044936702,100044936702,11504,1264.76,5.0,1500.0,0.0,1500.0,exchange,0.0,0.0,0.0,0.0,0.0,0.0,0.0,0.0,NA,0,1499.0
NFT-/XUTR/DEUTH02612536756X,0.0,235.91,235.91,3299.0,3093.0,729.948,0.0,6.553,6.553,prepaid,2.621,106.0,0.0,0.0,0.0,125.08,-2472.405,"",'132852898826436160803,2026-05-05,11105755989,a2faa5e7-32f2-4a24-87de-fe5459049814,100155106955,Reverse,100051026973,1000014855328,11504,2621.18,18.0,0.0,0.0,0.0,return_refund,0.0,0.0,0.0,0.0,0.0,0.0,0.0,0.0,NA,0,3298.9999999999995
NFT-/XUTR/DEUTH02612536756X,0.0,45.07,45.07,2999.0,1107.65,274.475,0.0,2.6375,2.6375,prepaid,1.055,0.0,0.0,26.331,0.0,31.07058,795.774,"",'132850024994403843403,2026-05-05,11105497766,211bfb32-2e89-4430-970a-3a0484b9544c,"",Forward,100050768751,100050768751,11504,1802.86,5.0,900.0,0.0,900.0,packet_delivered,0.0,0.0,0.0,0.0,0.0,0.0,0.0,0.0,NA,0,2099.0
NFT-/XUTR/DEUTH02612536756X,35.29,0.0,0.0,2799.0,741.0,34.97500000000001,3.529,0.0,0.0,prepaid,0.706,0.0,0.0,27.0,0.0,31.86,669.93,"",'132845608808330665901,2026-05-05,11104119157,7dd89cea-bba3-47f6-bb46-7a53f76ca849,"",Forward,100049390158,100049390158,11504,705.71,5.0,1964.0,0.0,1964.0,packet_delivered,0.0,0.0,0.0,0.0,0.0,0.0,0.0,0.0,NA,0,835.0
NFT-/XUTR/DEUTH02612536756X,62.29,0.0,0.0,3999.0,1308.0,324.122,6.229,0.0,0.0,prepaid,1.246,182.0,0.0,0.0,0.0,214.76,-1191.163,"",'132828086011574132601,2026-05-05,11100451325,551e0e10-7cf5-4117-b18f-53e4d9a5f5f3,100154441458,Reverse,100045722358,100045722358,11504,1245.71,5.0,2520.0,0.0,2520.0,return_refund,0.0,0.0,0.0,0.0,0.0,0.0,0.0,0.0,NA,0,1479.0
NFT-/XUTR/DEUTH02612536756X,19.1,0.0,0.0,1599.0,401.0,18.927,1.91,0.0,0.0,prepaid,0.382,0.0,0.0,15.0,0.0,17.7,362.081,"",'132831814118138870501,2026-05-05,11101434114,dd238403-2e1e-4bbb-b5f9-8eea7b714d49,"",Forward,100046705141,100046705141,11504,381.9,5.0,1104.0,0.0,1104.0,packet_delivered,0.0,0.0,0.0,0.0,0.0,0.0,0.0,0.0,NA,0,494.99
NFT-/XUTR/DEUTH02612536756X,37.86,0.0,0.0,2899.0,795.0,37.524,3.786,0.0,0.0,prepaid,0.757,0.0,0.0,27.0,0.0,31.86,721.073,"",'132848045632183796601,2026-05-05,11104850428,58541cbe-9bdc-4946-9a69-48fa304c07f8,"",Forward,100050121413,1000014833667,11504,757.14,5.0,2010.0,0.0,2010.0,packet_delivered,0.0,0.0,0.0,0.0,0.0,0.0,0.0,0.0,NA,0,889.0
NFT-/XUTR/DEUTH02612536756X,90.14,0.0,0.0,2999.0,1893.0,469.085,9.014,0.0,0.0,prepaid,1.803,0.0,0.0,45.0,0.0,53.1,1359.998,"",'132815907121011767701,2026-05-05,11098260949,ee489c8e-b2e5-471b-9eb5-65d8634c9184,"",Forward,100043531985,1000012692143,11504,1802.86,5.0,900.0,0.0,900.0,packet_delivered,0.0,0.0,0.0,0.0,0.0,0.0,0.0,0.0,NA,0,2099.0
NFT-/XUTR/DEUTH02612536756X,44.67,0.0,0.0,2999.0,938.0,243.505,4.467,0.0,0.0,prepaid,0.893,182.0,0.0,0.0,0.0,214.76,-903.895,"",'132828693016357943403,2026-05-05,11100622871,6524fac8-374a-4ef0-b1b5-6c286e1705ee,11100622871,Reverse,100045893904,100045893904,11504,893.33,5.0,1890.0,0.0,1890.0,exchange,0.0,0.0,0.0,0.0,0.0,0.0,0.0,0.0,NA,0,1109.0
NFT-/XUTR/DEUTH02612536756X,70.38,0.0,0.0,3299.0,1478.0,366.248,7.038,0.0,0.0,prepaid,1.408,0.0,0.0,45.0,0.0,53.1,1050.206,"",'132820894583041885401,2026-05-05,11098989373,58f8a081-9a3a-4b1a-b5d5-c3c69e4767fd,"",Forward,100044260408,100044260408,11504,1407.62,5.0,1650.0,0.0,1650.0,packet_delivered,0.0,0.0,0.0,0.0,0.0,0.0,0.0,0.0,NA,0,1649.0
NFT-/XUTR/DEUTH02612536756X,0.0,243.53,243.53,3399.0,3193.0,753.548,0.0,6.765,6.765,prepaid,2.706,0.0,0.0,61.0,0.0,71.98,2351.236,"",'132854364754298229801,2026-05-05,11105999031,ccbe44ee-2652-4b5c-b075-abd8c14e0db4,"",Forward,100051270012,1000014859316,11504,2705.94,18.0,0.0,0.0,0.0,packet_delivered,0.0,0.0,0.0,0.0,0.0,0.0,0.0,0.0,NA,0,3399.0000000000005
NFT-/XUTR/DEUTH02612536756X,89.71,0.0,0.0,4499.0,1884.0,466.855,8.971,0.0,0.0,prepaid,1.794,0.0,0.0,45.0,0.0,53.1,1353.28,"",'132822177053204997303,2026-05-05,11099332972,c75f4195-b337-46ed-bd0e-915f5af1777e,"",Forward,100044604006,100044604006,11504,1794.29,5.0,2385.0,0.0,2385.0,packet_delivered,0.0,0.0,0.0,0.0,0.0,0.0,0.0,0.0,NA,0,2114.0
NFT-/XUTR/DEUTH02612536756X,56.71,0.0,0.0,2899.0,1191.0,295.13,5.671,0.0,0.0,prepaid,1.134,0.0,0.0,45.0,0.0,53.1,835.965,"",'132820695524815473801,2026-05-05,11098934711,0822a00e-7a20-4df2-bd51-80fa67ec471d,"",Forward,100044205746,1000013220253,11504,1134.29,5.0,1537.0,0.0,1537.0,packet_delivered,0.0,0.0,0.0,0.0,0.0,0.0,0.0,0.0,NA,0,1362.0
NFT-/XUTR/DEUTH02612536756X,424.98,0.0,0.0,4499.0,2786.0,657.496,11.805,0.0,0.0,prepaid,2.361,106.0,0.0,0.0,0.0,125.08,-2239.418,"",'132848386283611201201,2026-05-05,11104952565,8087e7ec-88a1-4ff1-a6e7-b62b94c47c21,100153895434,Reverse,100050223550,100050223550,11504,2361.02,18.0,1507.0,0.0,1507.0,return_refund,0.0,0.0,0.0,0.0,0.0,0.0,0.0,0.0,NA,0,2992.0
NFT-/XUTR/DEUTH02612536756X,85.14,0.0,0.0,2999.0,1788.0,443.066,8.514,0.0,0.0,prepaid,1.703,0.0,0.0,45.0,0.0,53.1,1281.617,"",'132853060568124568003,2026-05-05,11105772469,7e701c7c-36b3-4d96-a145-6bf5fa42b03f,"",Forward,100051043453,100051043453,11504,1702.86,5.0,1005.0,0.0,1005.0,packet_delivered,0.0,0.0,0.0,0.0,0.0,0.0,0.0,0.0,NA,0,1994.0
NFT-/XUTR/DEUTH02612536756X,70.38,0.0,0.0,3299.0,1478.0,366.248,7.038,0.0,0.0,prepaid,1.408,0.0,0.0,45.0,0.0,53.1,1050.206,"",'132823658911672004503,2026-05-05,11099785560,83133607-e7e5-44c9-900e-290fda5094c7,"",Forward,100045056593,1000013208759,11504,1407.62,5.0,1650.0,0.0,1650.0,packet_delivered,0.0,0.0,0.0,0.0,0.0,0.0,0.0,0.0,NA,0,1649.0
NFT-/XUTR/DEUTH02612536756X,94.62,0.0,0.0,3299.0,1987.0,492.379,9.462,0.0,0.0,prepaid,1.892,106.0,0.0,0.0,0.0,125.08,-1608.347,"",'132854490858916441803,2026-05-05,11106027732,b0428e10-7516-460b-9818-daccf56032de,100153833944,Reverse,100051298713,100051298713,11504,1892.38,5.0,1106.0,0.0,1106.0,return_refund,0.0,0.0,0.0,0.0,0.0,0.0,0.0,0.0,NA,0,2193.0
NFT-/XUTR/DEUTH02612536756X,100.14,0.0,0.0,3299.0,2103.0,496.308,10.014,0.0,0.0,prepaid,2.003,0.0,0.0,61.0,0.0,71.98,1522.695,"",'132823658911672004503,2026-05-05,11099785559,83133607-e7e5-44c9-900e-290fda5094c7,"",Forward,100045056592,1000013208759,11504,2002.86,5.0,990.0,0.0,990.0,packet_delivered,0.0,0.0,0.0,0.0,0.0,0.0,0.0,0.0,NA,0,2309.0
NFT-/XUTR/DEUTH02612536756X,52.38,0.0,0.0,3499.0,1100.0,259.6,5.238,0.0,0.0,prepaid,1.048,0.0,0.0,45.0,0.0,53.1,781.014,"",'132815519873863469003,2026-05-05,11098150712,adf25dc6-a763-4477-909a-38731853aa3d,"",Forward,100043421748,100043421748,11504,1047.62,5.0,2205.0,0.0,2205.0,packet_delivered,0.0,0.0,0.0,0.0,0.0,0.0,0.0,0.0,NA,0,1294.0
NFT-/XUTR/DEUTH02612536756X,0.0,11.83,11.83,1599.0,497.0,23.458,0.0,1.1835,1.1835,prepaid,0.473,0.0,0.0,27.0,0.0,31.86,438.842,"",'132853161372728707901,2026-05-05,11105784620,ebbba803-a2f8-42e2-8253-3693e6048283,"",Forward,100051055604,1000014713759,11504,473.34,5.0,1008.0,0.0,1008.0,packet_delivered,0.0,0.0,0.0,0.0,0.0,0.0,0.0,0.0,NA,0,591.0
NFT-/XUTR/DEUTH02612536756X,17.05,0.0,0.0,1750.0,358.0,16.898000000000003,1.705,0.0,0.0,prepaid,0.341,0.0,0.0,0.0,0.0,0.0,339.056,"",'132842218655589560501,2026-05-05,11103762126,121909b4-2069-4bd1-9d39-364dc2d9d44f,"",Forward,100049033134,1000014097368,11504,340.95,5.0,1333.0,0.0,1333.0,packet_delivered,0.0,0.0,0.0,0.0,0.0,0.0,0.0,0.0,NA,0,417.0
NFT-/XUTR/DEUTH02612536756X,61.95,0.0,0.0,2899.0,1288.47,319.283,6.136,0.0,0.0,prepaid,1.227,0.0,0.0,44.567,0.0,52.58906,909.235,"",'132845706853041874101,2026-05-05,11104146689,3f0169b9-ad9b-4295-abd9-886446febd61,"",Forward,100049417690,100049417690,11504,1239.05,5.0,1427.0,0.0,1427.0,packet_delivered,0.0,0.0,0.0,0.0,0.0,0.0,0.0,0.0,NA,0,1472.0
NFT-/XUTR/DEUTH02612536756X,36.19,0.0,0.0,1799.0,760.0,197.296,3.619,0.0,0.0,prepaid,0.724,127.0,0.0,0.0,0.0,149.86,-708.221,"",'132842540060621032401,2026-05-05,11103791779,eab292c2-d816-4856-a6e2-fc7a51765b3a,100154506933,Reverse,100049062788,1000014270930,11504,723.81,5.0,945.0,0.0,945.0,return_refund,0.0,0.0,0.0,0.0,0.0,0.0,0.0,0.0,NA,0,854.0
NFT-/XUTR/DEUTH02612536756X,30.81,0.0,0.0,1599.0,427.77,111.049,2.037,0.0,0.0,prepaid,0.407,0.0,0.0,17.851,0.0,21.06418,293.213,"",'132841726979375148603,2026-05-05,11103661471,11ea025f-f07a-455f-aa1c-3f6b93712799,"",Forward,100048932480,100048932480,11504,616.19,5.0,858.0,0.0,858.0,packet_delivered,0.0,0.0,0.0,0.0,0.0,0.0,0.0,0.0,NA,0,741.0
NFT-/XUTR/DEUTH02612536756X,33.1,0.0,0.0,2599.0,695.0,32.804,3.31,0.0,0.0,prepaid,0.662,0.0,0.0,27.0,0.0,31.86,626.364,"",'132848045632183796601,2026-05-05,11104850426,58541cbe-9bdc-4946-9a69-48fa304c07f8,"",Forward,100050121411,1000014833667,11504,661.9,5.0,1810.0,0.0,1810.0,packet_delivered,0.0,0.0,0.0,0.0,0.0,0.0,0.0,0.0,NA,0,789.0
NFT-/XUTR/DEUTH02612536756X,38.33,0.0,0.0,1799.0,805.0,208.978,3.833,0.0,0.0,prepaid,0.767,0.0,0.0,27.0,0.0,31.86,559.562,"",'132824163144117632901,2026-05-05,11099992413,daba107e-ef17-409f-8470-f5289238f8a7,"",Forward,100045263446,100045263446,11504,766.67,5.0,900.0,0.0,900.0,packet_delivered,0.0,0.0,0.0,0.0,0.0,0.0,0.0,0.0,NA,0,899.0
NFT-/XUTR/DEUTH02612536756X,44.67,0.0,0.0,2999.0,938.0,243.505,4.467,0.0,0.0,prepaid,0.893,0.0,0.0,27.0,0.0,31.86,657.275,"",'132828693016357943403,2026-05-05,11100622871,6524fac8-374a-4ef0-b1b5-6c286e1705ee,"",Forward,100045893904,100045893904,11504,893.33,5.0,1890.0,0.0,1890.0,packet_delivered,0.0,0.0,0.0,0.0,0.0,0.0,0.0,0.0,NA,0,1109.0
NFT-/XUTR/DEUTH02612536756X,38.33,0.0,0.0,1799.0,805.0,208.978,3.833,0.0,0.0,prepaid,0.767,182.0,0.0,0.0,0.0,214.76,-806.182,"",'132824163144117632901,2026-05-05,11099992413,daba107e-ef17-409f-8470-f5289238f8a7,11099992413,Reverse,100045263446,100045263446,11504,766.67,5.0,900.0,0.0,900.0,exchange,0.0,0.0,0.0,0.0,0.0,0.0,0.0,0.0,NA,0,899.0
NFT-/XUTR/DEUTH02612536756X,51.81,0.0,0.0,2799.0,1088.0,269.606,5.181,0.0,0.0,prepaid,1.036,106.0,0.0,0.0,0.0,125.08,-937.257,"",'132847800071479980401,2026-05-05,11104776485,a72cbb94-d516-43a2-bc74-09d18b4b92cf,11104776485,Reverse,100050047473,100050047473,11504,1036.19,5.0,1540.0,0.0,1540.0,exchange,0.0,0.0,0.0,0.0,0.0,0.0,0.0,0.0,NA,0,1259.0
NFT-/XUTR/DEUTH02612536756X,70.14,0.0,0.0,3499.0,1473.0,365.009,7.014,0.0,0.0,prepaid,1.403,182.0,0.0,0.0,0.0,214.76,-1314.334,"",'132822407911710384301,2026-05-05,11099399130,a5475073-4e15-4297-a44f-0c5fa04f2fa9,100154650087,Reverse,100044670164,1000013213540,11504,1402.86,5.0,1855.0,0.0,1855.0,return_refund,0.0,0.0,0.0,0.0,0.0,0.0,0.0,0.0,NA,0,1644.0
NFT-/XUTR/DEUTH02612536756X,25.43,0.0,0.0,1699.0,534.0,37.807,2.543,0.0,0.0,prepaid,0.509,0.0,0.0,27.0,0.0,31.86,461.281,"",'132827674080875515603,2026-05-05,11100361715,3a6ff2a0-f96a-41a4-b29c-114462968338,"",Forward,100045632748,100045632748,11504,508.57,5.0,1071.0,0.0,1071.0,packet_delivered,0.0,0.0,0.0,0.0,0.0,0.0,0.0,0.0,NA,0,628.0
NFT-/XUTR/DEUTH02612536756X,72.29,0.0,0.0,3499.0,1518.0,376.16,7.229,0.0,0.0,prepaid,1.446,127.0,0.0,0.0,0.0,149.86,-1283.025,"",'132839110330100093901,2026-05-05,11102936191,0d75d7c8-19b5-4704-8d58-1b51e3259361,100153841047,Reverse,100048207202,1000014226698,11504,1445.71,5.0,1810.0,0.0,1810.0,return_refund,0.0,0.0,0.0,0.0,0.0,0.0,0.0,0.0,NA,0,1689.0
NFT-/XUTR/DEUTH02612536756X,33.57,0.0,0.0,1599.0,705.0,183.018,3.357,0.0,0.0,prepaid,0.671,0.0,0.0,27.0,0.0,31.86,486.094,"",'132829231091731153001,2026-05-05,11100769774,1ca45d0a-8255-415c-8138-e740723572a4,"",Forward,100046040807,1000013267947,11504,671.43,5.0,800.0,0.0,800.0,packet_delivered,0.0,0.0,0.0,0.0,0.0,0.0,0.0,0.0,NA,0,799.0
NFT-/XUTR/DEUTH02612536756X,24.57,0.0,0.0,1650.0,516.0,36.533,2.457,0.0,0.0,prepaid,0.491,182.0,0.0,0.0,0.0,214.76,-691.279,"",'132821749782975184001,2026-05-05,11099220397,1e38a258-1853-4385-aeb0-aa1459298132,11099220397,Reverse,100044491431,100044491431,11504,491.43,5.0,1040.0,0.0,1040.0,exchange,0.0,0.0,0.0,0.0,0.0,0.0,0.0,0.0,NA,0,610.0
NFT-/XUTR/DEUTH02612536756X,90.14,0.0,0.0,2999.0,1893.0,469.085,9.014,0.0,0.0,prepaid,1.803,0.0,0.0,45.0,0.0,53.1,1359.998,"",'132821896594083244301,2026-05-05,11099260007,d0d573fa-8ae5-461b-9274-8d8a9af7f7bd,"",Forward,100044531041,1000013210658,11504,1802.86,5.0,900.0,0.0,900.0,packet_delivered,0.0,0.0,0.0,0.0,0.0,0.0,0.0,0.0,NA,0,2099.0
NFT-/XUTR/DEUTH02612536756X,36.24,0.0,0.0,2499.0,761.0,35.919,3.624,0.0,0.0,prepaid,0.725,0.0,0.0,27.0,0.0,31.86,688.872,"",'132841881770837165403,2026-05-05,11103702408,f241733c-374f-4992-9b01-f64912ab8660,"",Forward,100048973417,100048973417,11504,724.76,5.0,1644.0,0.0,1644.0,packet_delivered,0.0,0.0,0.0,0.0,0.0,0.0,0.0,0.0,NA,0,855.0
NFT-/XUTR/DEUTH02612536756X,104.43,0.0,0.0,2399.0,2193.0,517.548,10.443,0.0,0.0,prepaid,2.089,0.0,0.0,61.0,0.0,71.98,1590.94,"",'132823846916721265101,2026-05-05,11099866605,7ba3ce04-d826-4eda-ba65-e1a1c5bf84b6,"",Forward,100045137638,100045137638,11504,2088.57,5.0,0.0,0.0,0.0,packet_delivered,0.0,0.0,0.0,0.0,0.0,0.0,0.0,0.0,NA,0,2399.0
NFT-/XUTR/DEUTH02612536756X,42.62,0.0,0.0,2999.0,895.0,232.342,4.262,0.0,0.0,prepaid,0.852,182.0,0.0,0.0,0.0,214.76,-872.304,"",'132823482157412794201,2026-05-05,11099719142,53d0dfa3-b963-4281-aeb5-1aa375c40e0a,100153727682,Reverse,100044990176,100044990176,11504,852.38,5.0,2010.0,0.0,2010.0,return_refund,0.0,0.0,0.0,0.0,0.0,0.0,0.0,0.0,NA,0,989.01
NFT-/XUTR/DEUTH02612536756X,104.43,0.0,0.0,2399.0,2193.0,517.548,10.443,0.0,0.0,prepaid,2.089,182.0,0.0,0.0,0.0,214.76,-1877.68,"",'132823846916721265101,2026-05-05,11099866605,7ba3ce04-d826-4eda-ba65-e1a1c5bf84b6,100154090369,Reverse,100045137638,100045137638,11504,2088.57,5.0,0.0,0.0,0.0,return_refund,0.0,0.0,0.0,0.0,0.0,0.0,0.0,0.0,NA,0,2399.0
NFT-/XUTR/DEUTH02612536756X,27.67,0.0,0.0,1999.0,581.0,41.135,2.767,0.0,0.0,prepaid,0.553,106.0,0.0,0.0,0.0,125.08,-661.625,"",'132848123183217410401,2026-05-05,11104873226,f6affb47-4f22-41bb-b133-3baf5576c43e,100154053102,Reverse,100050144211,100050144211,11504,553.33,5.0,1324.0,0.0,1324.0,return_refund,0.0,0.0,0.0,0.0,0.0,0.0,0.0,0.0,NA,0,675.0
NFT-/XUTR/DEUTH02612536756X,19.1,0.0,0.0,1650.0,401.0,18.927,1.91,0.0,0.0,prepaid,0.382,0.0,0.0,15.0,0.0,17.7,362.081,"",'132821048121984531103,2026-05-05,11099031324,5460f54b-0916-4123-a8a3-de31f0881288,"",Forward,100044302359,1000012783298,11504,381.9,5.0,1155.0,0.0,1155.0,packet_delivered,0.0,0.0,0.0,0.0,0.0,0.0,0.0,0.0,NA,0,495.0
NFT-/XUTR/DEUTH02612536756X,59.62,0.0,0.0,2999.0,1252.0,310.246,5.962,0.0,0.0,prepaid,1.192,0.0,0.0,45.0,0.0,53.1,881.5,"",'132849977668896395601,2026-05-05,11105479920,2d4300fb-d9e7-4cd6-8731-53aee0064fe4,"",Forward,100050750905,1000014858777,11504,1192.38,5.0,1576.0,0.0,1576.0,packet_delivered,0.0,0.0,0.0,0.0,0.0,0.0,0.0,0.0,NA,0,1423.0
NFT-/XUTR/DEUTH02612536756X,90.14,0.0,0.0,2999.0,1893.0,469.085,9.014,0.0,0.0,prepaid,1.803,0.0,0.0,45.0,0.0,53.1,1359.998,"",'132820726367457581201,2026-05-05,11098943436,1383384a-4f55-434f-af74-bc57d7d3de88,"",Forward,100044214471,100044214471,11504,1802.86,5.0,900.0,0.0,900.0,packet_delivered,0.0,0.0,0.0,0.0,0.0,0.0,0.0,0.0,NA,0,2099.0
NFT-/XUTR/DEUTH02612536756X,24.57,0.0,0.0,1650.0,516.0,133.954,2.457,0.0,0.0,prepaid,0.491,0.0,0.0,27.0,0.0,31.86,347.238,"",'132822263437658521003,2026-05-05,11099358048,7bd96034-26b3-49f0-91fe-8d654bd76dc4,"",Forward,100044629082,1000012876614,11504,491.43,5.0,1040.0,0.0,1040.0,packet_delivered,0.0,0.0,0.0,0.0,0.0,0.0,0.0,0.0,NA,0,610.0
NFT-/XUTR/DEUTH02612536756X,33.57,0.0,0.0,1599.0,705.0,183.018,3.357,0.0,0.0,prepaid,0.671,182.0,0.0,0.0,0.0,214.76,-732.714,"",'132830486262313626103,2026-05-05,11101093887,af05a05a-0633-479d-8a04-f7eabe09757e,11101093887,Reverse,100046364917,100046364917,11504,671.43,5.0,800.0,0.0,800.0,exchange,0.0,0.0,0.0,0.0,0.0,0.0,0.0,0.0,NA,0,798.98
NFT-/XUTR/DEUTH02612536756X,19.52,0.0,0.0,1999.0,410.0,19.352000000000004,1.952,0.0,0.0,prepaid,0.39,182.0,0.0,0.0,0.0,214.76,-603.066,"",'132815374479045377701,2026-05-05,11098093994,ff152e39-340a-4a25-bcbf-795244404c70,11098093994,Reverse,100043365030,100043365030,11504,390.48,5.0,1500.0,0.0,1500.0,exchange,0.0,0.0,0.0,0.0,0.0,0.0,0.0,0.0,NA,0,499.0
NFT-/XUTR/DEUTH02612536756X,106.81,0.0,0.0,3499.0,2243.0,529.348,10.681,0.0,0.0,prepaid,2.136,0.0,0.0,61.0,0.0,71.98,1628.855,"",'132854194065336107403,2026-05-05,11105963223,d23fd154-3a9b-4ecf-b224-726aa7287c9c,"",Forward,100051234204,100051234204,11504,2136.19,5.0,1050.0,0.0,1050.0,packet_delivered,0.0,0.0,0.0,0.0,0.0,0.0,0.0,0.0,NA,0,2449.0
NFT-/XUTR/DEUTH02612536756X,40.05,0.0,0.0,1990.0,841.0,218.324,4.005,0.0,0.0,prepaid,0.801,0.0,0.0,27.0,0.0,31.86,586.01,"",'132827324559166053103,2026-05-05,11100300566,f85fd2ef-e07c-4e2a-a16e-c8179ef1419c,"",Forward,100045571599,100045571599,11504,800.95,5.0,1055.0,0.0,1055.0,packet_delivered,0.0,0.0,0.0,0.0,0.0,0.0,0.0,0.0,NA,0,935.0
NFT-/XUTR/DEUTH02612536756X,0.0,20.69,20.69,1899.0,869.0,225.592,0.0,2.069,2.069,prepaid,0.828,0.0,0.0,27.0,0.0,31.86,606.582,"",'132847349039876608701,2026-05-05,11104643834,12212e78-f691-470e-8eb3-94f62832f60f,"",Forward,100049914829,1000014391950,11504,827.62,5.0,936.0,0.0,936.0,packet_delivered,0.0,0.0,0.0,0.0,0.0,0.0,0.0,0.0,NA,0,963.0000000000001
NFT-/XUTR/DEUTH02612536756X,21.62,0.0,0.0,1650.0,454.0,21.429,2.162,0.0,0.0,prepaid,0.432,0.0,0.0,27.0,0.0,31.86,398.117,"",'132832223893083244103,2026-05-05,11101551118,700445dd-58c5-4649-a3d1-e5eac2dcbafb,"",Forward,100046822145,1000013494300,11504,432.38,5.0,1102.0,0.0,1102.0,packet_delivered,0.0,0.0,0.0,0.0,0.0,0.0,0.0,0.0,NA,0,548.0
NFT-/XUTR/DEUTH02612536756X,33.57,0.0,0.0,1599.0,705.0,183.018,3.357,0.0,0.0,prepaid,0.671,0.0,0.0,27.0,0.0,31.86,486.094,"",'132821562823975721203,2026-05-05,11099170999,ca6ef16f-ba1a-456d-b8a4-b5e930c88953,"",Forward,100044442033,100044442033,11504,671.43,5.0,800.0,0.0,800.0,packet_delivered,0.0,0.0,0.0,0.0,0.0,0.0,0.0,0.0,NA,0,798.99
NFT-/XUTR/DEUTH02612536756X,25.1,0.0,0.0,1799.0,527.0,37.312,2.51,0.0,0.0,prepaid,0.502,127.0,0.0,0.0,0.0,149.86,-636.536,"",'132845723636385921101,2026-05-05,11104151271,2a524088-b63f-476b-b68d-5918505d0b0a,100153780330,Reverse,100049422272,1000014263455,11504,501.9,5.0,1178.0,0.0,1178.0,return_refund,0.0,0.0,0.0,0.0,0.0,0.0,0.0,0.0,NA,0,621.0
NFT-/XUTR/DEUTH02612536756X,20.57,0.0,0.0,1499.0,432.0,20.39,2.057,0.0,0.0,prepaid,0.411,0.0,0.0,15.0,0.0,17.7,391.442,"",'132832223893083244103,2026-05-05,11101551116,700445dd-58c5-4649-a3d1-e5eac2dcbafb,"",Forward,100046822143,1000013494300,11504,411.43,5.0,973.0,0.0,973.0,packet_delivered,0.0,0.0,0.0,0.0,0.0,0.0,0.0,0.0,NA,0,526.0
NFT-/XUTR/DEUTH02612536756X,30.71,0.0,0.0,1999.0,645.0,30.443999999999996,3.071,0.0,0.0,prepaid,0.614,0.0,0.0,27.0,0.0,31.86,579.011,"",'132820681980112283801,2026-05-05,11098931077,7665240a-112f-4dd6-a071-859ddfe841f6,"",Forward,100044202112,100044202112,11504,614.29,5.0,1260.0,0.0,1260.0,packet_delivered,0.0,0.0,0.0,0.0,0.0,0.0,0.0,0.0,NA,0,739.0
NFT-/XUTR/DEUTH02612536756X,0.0,230.57,230.57,3399.0,3023.0,713.428,0.0,6.4045,6.4045,prepaid,2.562,106.0,0.0,0.0,0.0,125.08,-2419.281,"",'132854364754298229801,2026-05-05,11105999032,ccbe44ee-2652-4b5c-b075-abd8c14e0db4,100153777627,Reverse,100051270013,1000014859316,11504,2561.86,18.0,170.0,0.0,170.0,return_refund,0.0,0.0,0.0,0.0,0.0,0.0,0.0,0.0,NA,0,3229.0000000000005
NFT-/XUTR/DEUTH02612536756X,35.1,0.0,0.0,2699.0,737.0,34.786,3.51,0.0,0.0,prepaid,0.702,106.0,0.0,0.0,0.0,125.08,-823.082,"",'132836713913509132601,2026-05-05,11102227025,c9a84ecb-0682-48b0-a2d1-1f9700afec75,100157427019,Reverse,100047498052,100047498052,11504,701.9,5.0,1868.0,0.0,1868.0,return_refund,0.0,0.0,0.0,0.0,0.0,0.0,0.0,0.0,NA,0,831.0
NFT-/XUTR/DEUTH02612536756X,19.05,0.0,0.0,1499.0,400.0,18.88,1.905,0.0,0.0,prepaid,0.381,0.0,0.0,0.0,0.0,0.0,378.834,"",'132824676566704789001,2026-05-05,11100128573,0964f5fc-ee7f-4aba-b244-6e5595d1bc65,"",Forward,100045399606,1000013025747,11504,380.95,5.0,1005.0,0.0,1005.0,packet_delivered,0.0,0.0,0.0,0.0,0.0,0.0,0.0,0.0,NA,0,494.0
NFT-/XUTR/DEUTH02612536756X,103.48,0.0,0.0,3399.0,2173.0,512.828,10.348,0.0,0.0,prepaid,2.07,0.0,0.0,61.0,0.0,71.98,1575.774,"",'132840534278440643701,2026-05-05,11103301193,f0bf3a15-8262-46a0-bffb-7541d65ddf99,"",Forward,100048572202,100048572202,11504,2069.52,5.0,1020.0,0.0,1020.0,packet_delivered,0.0,0.0,0.0,0.0,0.0,0.0,0.0,0.0,NA,0,2378.99
NFT-/XUTR/DEUTH02612536756X,49.24,0.0,0.0,1799.0,1034.0,244.024,4.924,0.0,0.0,prepaid,0.985,0.0,0.0,45.0,0.0,53.1,730.967,"",'132823174303518845703,2026-05-05,11099620861,aaa1eb54-4089-49f3-a0bf-78c78d834612,"",Forward,100044891895,100044891895,11504,984.76,5.0,594.0,0.0,594.0,packet_delivered,0.0,0.0,0.0,0.0,0.0,0.0,0.0,0.0,NA,0,1205.0
NFT-/XUTR/DEUTH02612536756X,44.67,0.0,0.0,2999.0,938.0,243.505,4.467,0.0,0.0,prepaid,0.893,182.0,0.0,0.0,0.0,214.76,-903.895,"",'132824020757735603803,2026-05-05,11099939468,92369a13-737f-4428-a3a9-0f5d39864086,100156088137,Reverse,100045210501,100045210501,11504,893.33,5.0,1890.0,0.0,1890.0,return_refund,0.0,0.0,0.0,0.0,0.0,0.0,0.0,0.0,NA,0,1109.0
NFT-/XUTR/DEUTH02612536756X,75.19,0.0,0.0,1750.0,1579.0,372.644,7.519,0.0,0.0,prepaid,1.504,106.0,0.0,0.0,0.0,125.08,-1322.413,"",'132853604882510445803,2026-05-05,11105850415,6b12f543-3715-4b0a-b32c-53dc78596f79,100157598974,Reverse,100051121396,1000014731360,11504,1503.81,5.0,0.0,0.0,0.0,return_refund,0.0,0.0,0.0,0.0,0.0,0.0,0.0,0.0,NA,0,1750.0
NFT-/XUTR/DEUTH02612536756X,46.91,0.0,0.0,2999.0,985.0,255.70600000000002,4.69,0.0,0.0,prepaid,0.938,0.0,0.0,27.0,0.0,31.86,691.806,"",'132847301788795143901,2026-05-05,11104630474,3f5a83c6-120b-4296-a7de-468d209fea41,"",Forward,100049901471,100049901471,11504,938.1,5.0,1843.0,0.0,1843.0,packet_delivered,0.0,0.0,0.0,0.0,0.0,0.0,0.0,0.0,NA,0,1156.01
NFT-/XUTR/DEUTH02612536756X,0.0,29.21,29.21,2899.0,1227.0,304.051,0.0,2.9215,2.9215,prepaid,1.169,127.0,0.0,0.0,0.0,149.86,-1065.797,"",'132841643732813870101,2026-05-05,11103638232,7d9e3b56-d0c7-4ac4-a85d-97d03a2e70c7,100153695037,Reverse,100048909241,1000014248041,11504,1168.58,5.0,1501.0,0.0,1501.0,return_refund,0.0,0.0,0.0,0.0,0.0,0.0,0.0,0.0,NA,0,1398.0
NFT-/XUTR/DEUTH02612536756X,24.05,0.0,0.0,1499.0,505.0,131.098,2.405,0.0,0.0,prepaid,0.481,0.0,0.0,27.0,0.0,31.86,339.156,"",'132822358380634923103,2026-05-05,11099384548,b9589892-cf86-44f4-a84b-1382003e0880,"",Forward,100044655582,1000012878607,11504,480.95,5.0,900.0,0.0,900.0,packet_delivered,0.0,0.0,0.0,0.0,0.0,0.0,0.0,0.0,NA,0,599.0
NFT-/XUTR/DEUTH02612536756X,38.33,0.0,0.0,1799.0,805.0,208.978,3.833,0.0,0.0,prepaid,0.767,0.0,0.0,27.0,0.0,31.86,559.562,"",'132823244553264774403,2026-05-05,11099641025,2799cb29-8b9c-49cf-9adf-493c7fcca455,"",Forward,100044912059,100044912059,11504,766.67,5.0,900.0,0.0,900.0,packet_delivered,0.0,0.0,0.0,0.0,0.0,0.0,0.0,0.0,NA,0,899.0
NFT-/XUTR/DEUTH02612536756X,33.57,0.0,0.0,1599.0,705.0,183.018,3.357,0.0,0.0,prepaid,0.671,0.0,0.0,27.0,0.0,31.86,486.094,"",'132830486262313626103,2026-05-05,11101093887,af05a05a-0633-479d-8a04-f7eabe09757e,"",Forward,100046364917,100046364917,11504,671.43,5.0,800.0,0.0,800.0,packet_delivered,0.0,0.0,0.0,0.0,0.0,0.0,0.0,0.0,NA,0,798.98
NFT-/XUTR/DEUTH02612536756X,75.14,0.0,0.0,3499.0,1578.0,391.028,7.514,0.0,0.0,prepaid,1.503,182.0,0.0,0.0,0.0,214.76,-1392.715,"",'132828577950981551803,2026-05-05,11100588189,26083be8-1c15-4e40-92c3-cc3f252c16da,100153695131,Reverse,100045859222,100045859222,11504,1502.86,5.0,1750.0,0.0,1750.0,return_refund,0.0,0.0,0.0,0.0,0.0,0.0,0.0,0.0,NA,0,1749.0
NFT-/XUTR/DEUTH02612536756X,61.95,0.0,0.0,2899.0,1288.47,319.283,6.136,0.0,0.0,prepaid,1.227,125.777,0.0,0.0,0.0,148.41686,-1110.241,"",'132845706853041874101,2026-05-05,11104146689,3f0169b9-ad9b-4295-abd9-886446febd61,100154447300,Reverse,100049417690,100049417690,11504,1239.05,5.0,1427.0,0.0,1427.0,return_refund,0.0,0.0,0.0,0.0,0.0,0.0,0.0,0.0,NA,0,1472.0
NFT-/XUTR/DEUTH02612536756X,55.14,0.0,0.0,1999.0,1158.0,273.288,5.514,0.0,0.0,prepaid,1.103,0.0,0.0,45.0,0.0,53.1,824.995,"",'132839928855285884303,2026-05-05,11103144684,0537c6dc-044e-4413-81e8-9b2abf90c386,"",Forward,100048415693,100048415693,11504,1102.86,5.0,670.0,0.0,670.0,packet_delivered,0.0,0.0,0.0,0.0,0.0,0.0,0.0,0.0,NA,0,1328.98
NFT-/XUTR/DEUTH02612536756X,33.57,0.0,0.0,1599.0,705.0,183.018,3.357,0.0,0.0,prepaid,0.671,0.0,0.0,27.0,0.0,31.86,486.094,"",'132827773062473022803,2026-05-05,11100380302,832f4f24-c9b0-4dc3-af44-c4ab131789b1,"",Forward,100045651335,100045651335,11504,671.43,5.0,800.0,0.0,800.0,packet_delivered,0.0,0.0,0.0,0.0,0.0,0.0,0.0,0.0,NA,0,799.0
NFT-/XUTR/DEUTH02612536756X,0.0,35.19,35.19,3299.0,1478.0,366.248,0.0,3.519,3.519,prepaid,1.408,0.0,0.0,45.0,0.0,53.1,1050.206,"",'132852898826436160803,2026-05-05,11105755991,a2faa5e7-32f2-4a24-87de-fe5459049814,"",Forward,100051026975,1000014855328,11504,1407.62,5.0,1650.0,0.0,1650.0,packet_delivered,0.0,0.0,0.0,0.0,0.0,0.0,0.0,0.0,NA,0,1649.0
NFT-/XUTR/DEUTH02612536756X,63.24,0.0,0.0,2999.0,1328.0,329.078,6.324,0.0,0.0,prepaid,1.265,0.0,0.0,45.0,0.0,53.1,938.233,"",'132840762296084801603,2026-05-05,11103365229,b67ca3cc-c6d3-4832-b2bc-f978f7faa2e0,"",Forward,100048636238,1000014279457,11504,1264.76,5.0,1500.0,0.0,1500.0,packet_delivered,0.0,0.0,0.0,0.0,0.0,0.0,0.0,0.0,NA,0,1499.0
NFT-/XUTR/DEUTH02612536756X,51.81,0.0,0.0,1799.0,1088.0,256.768,5.181,0.0,0.0,prepaid,1.036,0.0,0.0,45.0,0.0,53.1,771.915,"",'132789680994126998303,2026-05-05,11092449626,b7126539-dbb9-46e8-a12c-080d4c518cb8,"",Forward,100037720671,1000010711540,11504,1036.19,5.0,540.0,0.0,540.0,packet_delivered,0.0,0.0,0.0,0.0,0.0,0.0,0.0,0.0,NA,0,1259.0
NFT-/XUTR/DEUTH02612536756X,42.62,0.0,0.0,2999.0,895.0,232.342,4.262,0.0,0.0,prepaid,0.852,182.0,0.0,0.0,0.0,214.76,-872.304,"",'132832723678130305603,2026-05-05,11101711034,7c409acf-82b8-4750-b21a-35eaa962e9ae,100153810552,Reverse,100046982061,100046982061,11504,852.38,5.0,2010.0,0.0,2010.0,return_refund,0.0,0.0,0.0,0.0,0.0,0.0,0.0,0.0,NA,0,989.0
NFT-/XUTR/DEUTH02612536756X,36.24,0.0,0.0,2499.0,761.0,35.919,3.624,0.0,0.0,prepaid,0.725,0.0,0.0,27.0,0.0,31.86,688.872,"",'132848065733774764803,2026-05-05,11104856387,1d9a33d5-e19a-4e31-adad-182e0391d6d9,"",Forward,100050127372,100050127372,11504,724.76,5.0,1644.0,0.0,1644.0,packet_delivered,0.0,0.0,0.0,0.0,0.0,0.0,0.0,0.0,NA,0,855.0
NFT-/XUTR/DEUTH02612536756X,48.48,0.0,0.0,1699.0,1018.0,240.248,4.848,0.0,0.0,prepaid,0.97,0.0,0.0,45.0,0.0,53.1,718.834,"",'132828680948857378003,2026-05-05,11100619233,9581843b-d21f-4627-89aa-0e8ead5b8be3,"",Forward,100045890266,100045890266,11504,969.52,5.0,510.0,0.0,510.0,packet_delivered,0.0,0.0,0.0,0.0,0.0,0.0,0.0,0.0,NA,0,1189.0
NFT-/XUTR/DEUTH02612536756X,0.0,18.41,18.41,2899.0,511.637,24.149,0.0,1.218,1.218,prepaid,0.487,0.0,0.0,17.871,0.0,21.08778,463.477,"",'132847810634061735303,2026-05-05,11104779721,81914379-b3ae-4f1b-999f-3f2383d1ddb9,"",Forward,100050050709,100050050709,11504,736.2,5.0,2032.0,0.0,2032.0,packet_delivered,0.0,0.0,0.0,0.0,0.0,0.0,0.0,0.0,NA,0,867.03
NFT-/XUTR/DEUTH02612536756X,18.81,0.0,0.0,1799.0,395.0,18.644,1.881,0.0,0.0,prepaid,0.376,0.0,0.0,0.0,0.0,0.0,374.099,"",'132836724200019193203,2026-05-05,11102229495,c21030e6-1fc7-4143-8500-dfd673008192,"",Forward,100047500522,100047500522,11504,376.19,5.0,1310.0,0.0,1310.0,packet_delivered,0.0,0.0,0.0,0.0,0.0,0.0,0.0,0.0,NA,0,489.0
NFT-/XUTR/DEUTH02612536756X,42.62,0.0,0.0,2999.0,895.0,232.342,4.262,0.0,0.0,prepaid,0.852,0.0,0.0,27.0,0.0,31.86,625.684,"",'132832723678130305603,2026-05-05,11101711034,7c409acf-82b8-4750-b21a-35eaa962e9ae,"",Forward,100046982061,100046982061,11504,852.38,5.0,2010.0,0.0,2010.0,packet_delivered,0.0,0.0,0.0,0.0,0.0,0.0,0.0,0.0,NA,0,989.0
NFT-/XUTR/DEUTH02612536756X,63.24,0.0,0.0,2999.0,1328.0,329.078,6.324,0.0,0.0,prepaid,1.265,167.0,0.0,0.0,0.0,197.06,-1188.393,"",'132789595851324579803,2026-05-05,11092410414,09fb364d-4930-4c82-85d6-58a68dbd9e7c,100156978966,Reverse,100037681459,100037681459,11504,1264.76,5.0,1500.0,0.0,1500.0,return_refund,0.0,0.0,0.0,0.0,0.0,0.0,0.0,0.0,NA,0,1499.0
NFT-/XUTR/DEUTH02612536756X,90.14,0.0,0.0,2999.0,1893.0,469.085,9.014,0.0,0.0,prepaid,1.803,0.0,0.0,45.0,0.0,53.1,1359.998,"",'132826933731690444001,2026-05-05,11100251081,580c931c-45d2-4993-b12c-1d0ae24b3b65,"",Forward,100045522114,100045522114,11504,1802.86,5.0,900.0,0.0,900.0,packet_delivered,0.0,0.0,0.0,0.0,0.0,0.0,0.0,0.0,NA,0,2099.0
NFT-/XUTR/DEUTH02612536756X,0.0,35.19,35.19,3299.0,1478.0,366.248,0.0,3.519,3.519,prepaid,1.408,0.0,0.0,45.0,0.0,53.1,1050.206,"",'132852898826436160803,2026-05-05,11105755993,a2faa5e7-32f2-4a24-87de-fe5459049814,"",Forward,100051026977,1000014855328,11504,1407.62,5.0,1650.0,0.0,1650.0,packet_delivered,0.0,0.0,0.0,0.0,0.0,0.0,0.0,0.0,NA,0,1649.0
NFT-/XUTR/DEUTH02612536756X,81.33,0.0,0.0,3999.0,1708.0,423.242,8.133,0.0,0.0,prepaid,1.627,182.0,0.0,0.0,0.0,214.76,-1489.758,"",'132824013516938522203,2026-05-05,11099936722,7aa63227-c4db-479a-9ae6-e1589f5fedd7,100154162665,Reverse,100045207755,100045207755,11504,1626.67,5.0,2120.0,0.0,2120.0,return_refund,0.0,0.0,0.0,0.0,0.0,0.0,0.0,0.0,NA,0,1879.0
NFT-/XUTR/DEUTH02612536756X,61.95,0.0,0.0,2899.0,1301.0,322.388,6.195,0.0,0.0,prepaid,1.239,182.0,0.0,0.0,0.0,214.76,-1185.938,"",'132837548071826437701,2026-05-05,11102482095,208bfb9b-d338-4773-943b-f7d94543ff12,100155552405,Reverse,100047753122,100047753122,11504,1239.05,5.0,1427.0,0.0,1427.0,return_refund,0.0,0.0,0.0,0.0,0.0,0.0,0.0,0.0,NA,0,1472.01
NFT-/XUTR/DEUTH02612536756X,471.81,0.0,0.0,3299.0,3093.0,729.948,13.106,0.0,0.0,prepaid,2.621,106.0,0.0,0.0,0.0,125.08,-2472.405,"",'132838674594896206101,2026-05-05,11102807360,747a5b11-c169-49cb-a388-45cd4c584c87,100153808670,Reverse,100048078378,1000014215613,11504,2621.19,18.0,0.0,0.0,0.0,return_refund,0.0,0.0,0.0,0.0,0.0,0.0,0.0,0.0,NA,0,3299.0
NFT-/XUTR/DEUTH02612536756X,62.29,0.0,0.0,3999.0,1308.0,324.122,6.229,0.0,0.0,prepaid,1.246,0.0,0.0,45.0,0.0,53.1,923.303,"",'132828086011574132601,2026-05-05,11100451325,551e0e10-7cf5-4117-b18f-53e4d9a5f5f3,"",Forward,100045722358,100045722358,11504,1245.71,5.0,2520.0,0.0,2520.0,packet_delivered,0.0,0.0,0.0,0.0,0.0,0.0,0.0,0.0,NA,0,1479.0
NFT-/XUTR/DEUTH02612536756X,449.09,0.0,0.0,4499.0,2944.0,694.784,12.475,0.0,0.0,prepaid,2.495,0.0,0.0,61.0,0.0,71.98,2162.266,"",'132839003288349577201,2026-05-05,11102907384,22665d5d-38cd-4a73-a306-52488d109812,"",Forward,100048178395,100048178395,11504,2494.92,18.0,1349.0,0.0,1349.0,packet_delivered,0.0,0.0,0.0,0.0,0.0,0.0,0.0,0.0,NA,0,3150.01
NFT-/XUTR/DEUTH02612536756X,30.24,0.0,0.0,1699.0,215.34,15.245999999999999,1.025,0.0,0.0,prepaid,0.205,0.0,0.0,9.156,0.0,10.80408,188.06,"",'132848546954575364001,2026-05-05,11104999613,3d8c432c-14ad-45f3-bbac-b521b3744d43,"",Forward,100050270598,100050270598,11504,604.76,5.0,970.0,0.0,970.0,packet_delivered,0.0,0.0,0.0,0.0,0.0,0.0,0.0,0.0,NA,0,728.99
NFT-/XUTR/DEUTH02612536756X,43.05,0.0,0.0,2699.0,904.0,234.678,4.305,0.0,0.0,prepaid,0.861,182.0,0.0,0.0,0.0,214.76,-878.916,"",'132832096522241260201,2026-05-05,11101513287,d772aabe-46a9-4a33-b44a-cef7dd71eee3,100153830980,Reverse,100046784314,1000013774775,11504,860.95,5.0,1701.0,0.0,1701.0,return_refund,0.0,0.0,0.0,0.0,0.0,0.0,0.0,0.0,NA,0,998.0
NFT-/XUTR/DEUTH02612536756X,0.0,45.95,45.95,4499.0,1930.0,478.254,0.0,4.595,4.595,prepaid,1.838,0.0,0.0,45.0,0.0,53.1,1387.618,"",'132853089061266981703,2026-05-05,11105775801,efc37c28-e9cd-4113-9933-71c94246bf64,"",Forward,100051046785,100051046785,11504,1838.1,5.0,2363.0,0.0,2363.0,packet_delivered,0.0,0.0,0.0,0.0,0.0,0.0,0.0,0.0,NA,0,2136.0
NFT-/XUTR/DEUTH02612536756X,424.98,0.0,0.0,4499.0,2786.0,657.496,11.805,0.0,0.0,prepaid,2.361,0.0,0.0,61.0,0.0,71.98,2042.358,"",'132848386283611201201,2026-05-05,11104952565,8087e7ec-88a1-4ff1-a6e7-b62b94c47c21,"",Forward,100050223550,100050223550,11504,2361.02,18.0,1507.0,0.0,1507.0,packet_delivered,0.0,0.0,0.0,0.0,0.0,0.0,0.0,0.0,NA,0,2992.0
NFT-/XUTR/DEUTH02612536756X,42.62,0.0,0.0,3299.0,647.0,167.961,3.081,0.0,0.0,prepaid,0.616,0.0,0.0,19.518,0.0,23.03124,452.311,"",'132827791697973855601,2026-05-05,11100384039,5ad1dca8-738a-44a6-b1c6-034ef57d3914,"",Forward,100045655072,100045655072,11504,852.38,5.0,2310.0,248.0,2558.0,packet_delivered,0.0,0.0,0.0,0.0,0.0,0.0,0.0,0.0,NA,0,989.0
NFT-/XUTR/DEUTH02612536756X,23.1,0.0,0.0,1650.0,485.0,22.892,2.31,0.0,0.0,prepaid,0.462,0.0,0.0,27.0,0.0,31.86,427.476,"",'132850445006579780203,2026-05-05,11105617025,607bb764-1f36-4bfb-854c-54391d2ded94,"",Forward,100050888010,1000014600527,11504,461.9,5.0,1071.0,0.0,1071.0,packet_delivered,0.0,0.0,0.0,0.0,0.0,0.0,0.0,0.0,NA,0,578.99
NFT-/XUTR/DEUTH02612536756X,0.0,235.91,235.91,3299.0,3093.0,729.948,0.0,6.553,6.553,prepaid,2.621,0.0,0.0,61.0,0.0,71.98,2275.345,"",'132852898826436160803,2026-05-05,11105755988,a2faa5e7-32f2-4a24-87de-fe5459049814,"",Forward,100051026972,1000014855328,11504,2621.18,18.0,0.0,0.0,0.0,packet_delivered,0.0,0.0,0.0,0.0,0.0,0.0,0.0,0.0,NA,0,3298.9999999999995
NFT-/XUTR/DEUTH02612536756X,81.33,0.0,0.0,3999.0,1708.0,423.242,8.133,0.0,0.0,prepaid,1.627,0.0,0.0,45.0,0.0,53.1,1221.898,"",'132854794083411631101,2026-05-05,11106097027,a82b4640-ce27-4fec-95f1-4f12b91d1318,"",Forward,100051368008,100051368008,11504,1626.67,5.0,2120.0,0.0,2120.0,packet_delivered,0.0,0.0,0.0,0.0,0.0,0.0,0.0,0.0,NA,0,1878.99
NFT-/XUTR/DEUTH02612536756X,63.24,0.0,0.0,2999.0,1328.0,329.078,6.324,0.0,0.0,prepaid,1.265,167.0,0.0,0.0,0.0,197.06,-1188.393,"",'132787572499823628703,2026-05-05,11091673711,7a98b7ae-d2fd-4330-8ca0-a674ecf23f64,100156950787,Reverse,100036944756,100036944756,11504,1264.76,5.0,1500.0,0.0,1500.0,return_refund,0.0,0.0,0.0,0.0,0.0,0.0,0.0,0.0,NA,0,1499.0
NFT-/XUTR/DEUTH02612536756X,48.48,0.0,0.0,1699.0,1018.0,240.248,4.848,0.0,0.0,prepaid,0.97,0.0,0.0,45.0,0.0,53.1,718.834,"",'132828329248667874703,2026-05-05,11100519074,c52a9b88-86eb-413c-a4b9-58ffb22ae1e9,"",Forward,100045790107,100045790107,11504,969.52,5.0,510.0,0.0,510.0,packet_delivered,0.0,0.0,0.0,0.0,0.0,0.0,0.0,0.0,NA,0,1189.0
NFT-/XUTR/DEUTH02612536756X,19.1,0.0,0.0,1599.0,401.0,18.927,1.91,0.0,0.0,prepaid,0.382,0.0,0.0,15.0,0.0,17.7,362.081,"",'132820678364348879203,2026-05-05,11098929671,8f12875e-e655-4a2f-9126-2ddecb097701,"",Forward,100044200706,100044200706,11504,381.9,5.0,1104.0,0.0,1104.0,packet_delivered,0.0,0.0,0.0,0.0,0.0,0.0,0.0,0.0,NA,0,495.0
NFT-/XUTR/DEUTH02612536756X,0.0,27.91,27.91,2899.0,1172.0,290.422,0.0,2.7905,2.7905,prepaid,1.116,0.0,0.0,45.0,0.0,53.1,821.781,"",'132849320204379076301,2026-05-05,11105234245,874c93d2-3da2-4f20-a77d-746fc9b46a52,"",Forward,100050505230,1000014857206,11504,1116.2,5.0,1556.0,0.0,1556.0,packet_delivered,0.0,0.0,0.0,0.0,0.0,0.0,0.0,0.0,NA,0,1343.0200000000002
NFT-/XUTR/DEUTH02612536756X,40.05,0.0,0.0,1990.0,841.0,218.324,4.005,0.0,0.0,prepaid,0.801,182.0,0.0,0.0,0.0,214.76,-832.63,"",'132827324559166053103,2026-05-05,11100300566,f85fd2ef-e07c-4e2a-a16e-c8179ef1419c,100154131999,Reverse,100045571599,100045571599,11504,800.95,5.0,1055.0,0.0,1055.0,return_refund,0.0,0.0,0.0,0.0,0.0,0.0,0.0,0.0,NA,0,935.0
NFT-/XUTR/DEUTH02612536756X,0.0,243.53,243.53,3399.0,3193.0,753.548,0.0,6.765,6.765,prepaid,2.706,106.0,0.0,0.0,0.0,125.08,-2548.296,"",'132854364754298229801,2026-05-05,11105999031,ccbe44ee-2652-4b5c-b075-abd8c14e0db4,100153777877,Reverse,100051270012,1000014859316,11504,2705.94,18.0,0.0,0.0,0.0,return_refund,0.0,0.0,0.0,0.0,0.0,0.0,0.0,0.0,NA,0,3399.0000000000005
NFT-/XUTR/DEUTH02612536756X,40.71,0.0,0.0,1899.0,855.0,221.958,4.071,0.0,0.0,prepaid,0.814,0.0,0.0,27.0,0.0,31.86,596.297,"",'132828829007105373901,2026-05-05,11100663960,e3142fe2-ceea-44ff-adba-add8b2397806,"",Forward,100045934993,100045934993,11504,814.29,5.0,950.0,0.0,950.0,packet_delivered,0.0,0.0,0.0,0.0,0.0,0.0,0.0,0.0,NA,0,949.0
NFT-/XUTR/DEUTH02612536756X,38.38,0.0,0.0,1799.0,806.0,209.238,3.838,0.0,0.0,prepaid,0.768,0.0,0.0,27.0,0.0,31.86,560.296,"",'132849178845607891401,2026-05-05,11105190562,aff3d187-2a25-49b5-ab06-6fe487ad89df,"",Forward,100050461547,100050461547,11504,767.62,5.0,899.0,0.0,899.0,packet_delivered,0.0,0.0,0.0,0.0,0.0,0.0,0.0,0.0,NA,0,900.0
NFT-/XUTR/DEUTH02612536756X,0.0,9.1,9.1,1699.0,382.0,18.03,0.0,0.9095,0.9095,prepaid,0.364,106.0,0.0,0.0,0.0,125.08,-486.867,"",'132853836490970689101,2026-05-05,11105891684,95e9eed3-a22c-4d06-b643-caf4eb70fe43,11105891684,Reverse,100051162665,100051162665,11504,363.8,5.0,1258.0,0.0,1258.0,exchange,0.0,0.0,0.0,0.0,0.0,0.0,0.0,0.0,NA,0,441.00000000000006
NFT-/XUTR/DEUTH02612536756X,38.33,0.0,0.0,1799.0,805.0,208.978,3.833,0.0,0.0,prepaid,0.767,182.0,0.0,0.0,0.0,214.76,-806.182,"",'132824034992528290303,2026-05-05,11099944515,cb04e879-af14-436d-be3c-131c5f55756e,100153851913,Reverse,100045215548,100045215548,11504,766.67,5.0,900.0,0.0,900.0,return_refund,0.0,0.0,0.0,0.0,0.0,0.0,0.0,0.0,NA,0,899.0
NFT-/XUTR/DEUTH02612536756X,18.95,0.0,0.0,1699.0,398.0,18.786,1.895,0.0,0.0,prepaid,0.379,0.0,0.0,0.0,0.0,0.0,376.94,"",'132827088784804685601,2026-05-05,11100267981,98ac5ae1-9e13-4aae-8c49-df201754ddf9,"",Forward,100045539014,100045539014,11504,379.05,5.0,1207.0,0.0,1207.0,packet_delivered,0.0,0.0,0.0,0.0,0.0,0.0,0.0,0.0,NA,0,492.0
NFT-/XUTR/DEUTH02612536756X,47.76,0.0,0.0,2499.0,1003.0,236.708,4.776,0.0,0.0,prepaid,0.955,182.0,0.0,0.0,0.0,214.76,-975.321,"",'132818453886027710101,2026-05-05,11098429471,1cd2cbc4-18a1-4015-b74e-2e4762bd1334,100153938762,Reverse,100043700507,100043700507,11504,955.24,5.0,1325.0,0.0,1325.0,return_refund,0.0,0.0,0.0,0.0,0.0,0.0,0.0,0.0,NA,0,1173.99
NFT-/XUTR/DEUTH02612536756X,48.48,0.0,0.0,1699.0,1018.0,240.248,4.848,0.0,0.0,prepaid,0.97,0.0,0.0,45.0,0.0,53.1,718.834,"",'132822550354398898501,2026-05-05,11099440596,de3d9468-7f53-477c-8b97-42a03b661a66,"",Forward,100044711630,100044711630,11504,969.52,5.0,510.0,0.0,510.0,packet_delivered,0.0,0.0,0.0,0.0,0.0,0.0,0.0,0.0,NA,0,1189.0
NFT-/XUTR/DEUTH02612536756X,42.62,0.0,0.0,2999.0,105.09,27.281,0.5,0.0,0.0,prepaid,0.1,0.0,0.0,3.17,0.0,3.7406,73.468,"",'132798064124120767801,2026-05-05,11094351746,948d9b19-1bd6-4cb2-9cc4-b7b77a5b8f1c,"",Forward,100039622788,100039622788,11504,852.38,5.0,2010.0,0.0,2010.0,packet_delivered,0.0,0.0,0.0,0.0,0.0,0.0,0.0,0.0,NA,0,989.0
NFT-/XUTR/DEUTH02612536756X,0.0,18.6,18.6,1750.0,781.0,202.748,0.0,1.8595,1.8595,prepaid,0.744,106.0,0.0,0.0,0.0,125.08,-698.869,"",'132854596234198522801,2026-05-05,11106050949,24b9b130-4ecd-44e6-b30a-dee3060418ee,11106050949,Reverse,100051321930,100051321930,11504,743.8,5.0,875.0,0.0,875.0,exchange,0.0,0.0,0.0,0.0,0.0,0.0,0.0,0.0,NA,0,875.0
NFT-/XUTR/DEUTH02612536756X,72.76,0.0,0.0,1699.0,1528.0,360.608,7.276,0.0,0.0,prepaid,1.455,0.0,0.0,45.0,0.0,53.1,1105.561,"",'132853604882510445803,2026-05-05,11105850419,6b12f543-3715-4b0a-b32c-53dc78596f79,"",Forward,100051121400,1000014731360,11504,1455.24,5.0,0.0,0.0,0.0,packet_delivered,0.0,0.0,0.0,0.0,0.0,0.0,0.0,0.0,NA,0,1699.0
NFT-/XUTR/DEUTH02612536756X,72.29,0.0,0.0,3499.0,1518.0,376.16,7.229,0.0,0.0,prepaid,1.446,0.0,0.0,45.0,0.0,53.1,1080.065,"",'132839110330100093901,2026-05-05,11102936191,0d75d7c8-19b5-4704-8d58-1b51e3259361,"",Forward,100048207202,1000014226698,11504,1445.71,5.0,1810.0,0.0,1810.0,packet_delivered,0.0,0.0,0.0,0.0,0.0,0.0,0.0,0.0,NA,0,1689.0
NFT-/XUTR/DEUTH02612536756X,70.14,0.0,0.0,3499.0,1473.0,365.009,7.014,0.0,0.0,prepaid,1.403,0.0,0.0,45.0,0.0,53.1,1046.474,"",'132822407911710384301,2026-05-05,11099399128,a5475073-4e15-4297-a44f-0c5fa04f2fa9,"",Forward,100044670162,1000013213540,11504,1402.86,5.0,1855.0,0.0,1855.0,packet_delivered,0.0,0.0,0.0,0.0,0.0,0.0,0.0,0.0,NA,0,1644.0
NFT-/XUTR/DEUTH02612536756X,24.57,0.0,0.0,1650.0,516.0,133.954,2.457,0.0,0.0,prepaid,0.491,182.0,0.0,0.0,0.0,214.76,-593.858,"",'132822263437658521003,2026-05-05,11099358048,7bd96034-26b3-49f0-91fe-8d654bd76dc4,100154180127,Reverse,100044629082,1000012876614,11504,491.43,5.0,1040.0,0.0,1040.0,return_refund,0.0,0.0,0.0,0.0,0.0,0.0,0.0,0.0,NA,0,610.0
NFT-/XUTR/DEUTH02612536756X,55.14,0.0,0.0,1999.0,1158.0,273.288,5.514,0.0,0.0,prepaid,1.103,106.0,0.0,0.0,0.0,125.08,-1003.175,"",'132839928855285884303,2026-05-05,11103144684,0537c6dc-044e-4413-81e8-9b2abf90c386,11103144684,Reverse,100048415693,100048415693,11504,1102.86,5.0,670.0,0.0,670.0,exchange,0.0,0.0,0.0,0.0,0.0,0.0,0.0,0.0,NA,0,1328.98
NFT-/XUTR/DEUTH02612536756X,19.1,0.0,0.0,1599.0,401.0,18.927,1.91,0.0,0.0,prepaid,0.382,0.0,0.0,15.0,0.0,17.7,362.081,"",'132824676566704789001,2026-05-05,11100128572,0964f5fc-ee7f-4aba-b244-6e5595d1bc65,"",Forward,100045399605,1000013025747,11504,381.9,5.0,1104.0,0.0,1104.0,packet_delivered,0.0,0.0,0.0,0.0,0.0,0.0,0.0,0.0,NA,0,495.0
NFT-/XUTR/DEUTH02612536756X,43.05,0.0,0.0,2699.0,904.0,234.678,4.305,0.0,0.0,prepaid,0.861,0.0,0.0,27.0,0.0,31.86,632.296,"",'132832096522241260201,2026-05-05,11101513285,d772aabe-46a9-4a33-b44a-cef7dd71eee3,"",Forward,100046784312,1000013774775,11504,860.95,5.0,1701.0,0.0,1701.0,packet_delivered,0.0,0.0,0.0,0.0,0.0,0.0,0.0,0.0,NA,0,998.0
NFT-/XUTR/DEUTH02612536756X,60.86,0.0,0.0,2899.0,1278.0,316.688,6.086,0.0,0.0,prepaid,1.217,182.0,0.0,0.0,0.0,214.76,-1168.769,"",'132820515427190797203,2026-05-05,11098882736,86afc3dc-767f-4975-8061-7b5ed8711430,100153730870,Reverse,100044153771,1000013215294,11504,1217.14,5.0,1450.0,0.0,1450.0,return_refund,0.0,0.0,0.0,0.0,0.0,0.0,0.0,0.0,NA,0,1449.0
NFT-/XUTR/DEUTH02612536756X,24.67,0.0,0.0,1750.0,518.0,36.674,2.467,0.0,0.0,prepaid,0.493,127.0,0.0,0.0,0.0,149.86,-628.226,"",'132845723636385921101,2026-05-05,11104151269,2a524088-b63f-476b-b68d-5918505d0b0a,100153780531,Reverse,100049422270,1000014263455,11504,493.33,5.0,1138.0,0.0,1138.0,return_refund,0.0,0.0,0.0,0.0,0.0,0.0,0.0,0.0,NA,0,612.0
