NEFT_Ref,igst_amount,cgst_amount,sgst_amount,MRP,customer_paid_amt,Commission,IGST_TCS,CGST_TCS,SGST_TCS,Payment_Type,TDS,Shipping_Fee,pick_and_pack_fee,fixed_fee,Payment_Gateway_Fee,Logistics_Commission,Settled_Amount,NOD_Comment,Store_Order_id,Payment_Date,order_line_id,seller_order_id,return_id,Order_Type,order_release_id,Packet_Id,Seller_Id,taxable_amount,Tax_Rate,seller_discount,platform_discount,total_discount,comments,fwdAdditionalCharges,rvsAdditionalCharges,techEnablement,airLogistics,royaltyCharges,royaltyPercent,marketingCharges,marketingPercent,marketingContribution,commission_discount,sale_Total_Customer_Paid
NFT-/XUTR/DEUTH02615930658X,36.57,0.0,0.0,1699.0,768.0,199.373,3.657,0.0,0.0,prepaid,0.731,0.0,0.0,27.0,0.0,31.86,532.379,"",'133144176252585939201,2026-06-08,11167208816,162ea043-8003-4146-96d1-9fae257bfebd,"",Forward,100112479510,100112479510,11504,731.43,5.0,837.0,0.0,837.0,packet_delivered,0.0,0.0,0.0,0.0,0.0,0.0,0.0,0.0,NA,0,862.0
NFT-/XUTR/DEUTH02615930658X,33.29,0.0,0.0,2799.0,699.0,32.993,3.329,0.0,0.0,prepaid,0.666,0.0,0.0,27.0,0.0,31.86,630.152,"",'133112932265836369003,2026-06-08,11156633343,de48a04d-3642-4c0f-92e0-708b28e2c847,"",Forward,100101904046,1000030231736,11504,665.71,5.0,2006.0,0.0,2006.0,packet_delivered,0.0,0.0,0.0,0.0,0.0,0.0,0.0,0.0,NA,0,793.0
NFT-/XUTR/DEUTH02615930658X,59.62,0.0,0.0,2999.0,1252.0,310.246,5.962,0.0,0.0,prepaid,1.192,182.0,0.0,0.0,0.0,214.76,-1149.36,"",'133119863666872390703,2026-06-08,11159337192,956e5d33-8ee1-49c8-96f3-15ba84c2927f,100164942624,Reverse,100104607894,1000030856853,11504,1192.38,5.0,1576.0,0.0,1576.0,return_refund,0.0,0.0,0.0,0.0,0.0,0.0,0.0,0.0,NA,0,1423.0
NFT-/XUTR/DEUTH02615930658X,424.68,0.0,0.0,4499.0,2784.0,657.024,11.797,0.0,0.0,prepaid,2.359,0.0,0.0,61.0,0.0,71.98,2040.84,"",'133104794363263289503,2026-06-08,11155125533,d1123457-ccc4-4e61-9a0f-a84eb730e8d9,"",Forward,100100396240,100100396240,11504,2359.32,18.0,1509.0,0.0,1509.0,packet_delivered,0.0,0.0,0.0,0.0,0.0,0.0,0.0,0.0,NA,0,2990.0
NFT-/XUTR/DEUTH02615930658X,63.29,0.0,0.0,2999.0,1329.0,329.326,6.329,0.0,0.0,prepaid,1.266,0.0,0.0,45.0,0.0,53.1,938.979,"",'133109123767221988203,2026-06-08,11156207255,dde32c30-51b1-427f-929c-9559a6e57f53,"",Forward,100101477960,100101477960,11504,1265.71,5.0,1499.0,0.0,1499.0,packet_delivered,0.0,0.0,0.0,0.0,0.0,0.0,0.0,0.0,NA,0,1500.0
NFT-/XUTR/DEUTH02615930658X,68.71,0.0,0.0,1699.0,1443.0,340.548,6.871,0.0,0.0,prepaid,1.374,182.0,0.0,0.0,0.0,214.76,-1308.967,"",'133108998297635857601,2026-06-08,11156168703,59cab2cc-318d-4b1f-87c8-66b4a4fd5767,100164778109,Reverse,100101439408,1000030224937,11504,1374.29,5.0,85.0,0.0,85.0,return_refund,0.0,0.0,0.0,0.0,0.0,0.0,0.0,0.0,NA,0,1614.0
NFT-/XUTR/DEUTH02615930658X,19.05,0.0,0.0,1599.0,400.0,18.88,1.905,0.0,0.0,prepaid,0.381,182.0,0.0,0.0,0.0,214.76,-593.594,"",'133112622515382319203,2026-06-08,11156577465,e3a17445-f7d6-469d-9052-6d057913fc4a,100165575162,Reverse,100101848169,100101848169,11504,380.95,5.0,1105.0,0.0,1105.0,return_refund,0.0,0.0,0.0,0.0,0.0,0.0,0.0,0.0,NA,0,494.0
NFT-/XUTR/DEUTH02615930658X,46.86,0.0,0.0,1650.0,984.0,255.44600000000003,4.686,0.0,0.0,prepaid,0.937,182.0,0.0,0.0,0.0,214.76,-937.691,"",'133112937938497456101,2026-06-08,11156634401,4892a3da-ac9a-4ef9-a958-44d3d222fe69,11156634401,Reverse,100101905104,100101905104,11504,937.14,5.0,495.0,0.0,495.0,exchange,0.0,0.0,0.0,0.0,0.0,0.0,0.0,0.0,NA,0,1155.0
NFT-/XUTR/DEUTH02615930658X,35.71,0.0,0.0,1750.0,750.0,194.7,3.571,0.0,0.0,prepaid,0.714,0.0,0.0,27.0,0.0,31.86,519.155,"",'133113851356089508603,2026-06-08,11156898508,458c12cf-61a9-4203-bf39-a63879805d69,"",Forward,100102169211,1000030258991,11504,714.29,5.0,906.0,0.0,906.0,packet_delivered,0.0,0.0,0.0,0.0,0.0,0.0,0.0,0.0,NA,0,844.0
NFT-/XUTR/DEUTH02615930658X,402.87,0.0,0.0,3999.0,2641.0,623.276,11.191,0.0,0.0,prepaid,2.238,182.0,0.0,0.0,0.0,214.76,-2219.055,"",'133105238972262760501,2026-06-08,11155236586,c433c983-c98c-4f8a-98e6-4cc565a551cf,100164165649,Reverse,100100507293,1000029785173,11504,2238.14,18.0,1152.0,0.0,1152.0,return_refund,0.0,0.0,0.0,0.0,0.0,0.0,0.0,0.0,NA,0,2847.0099999999998
NFT-/XUTR/DEUTH02615930658X,34.71,0.0,0.0,2750.0,729.0,34.40899999999999,3.471,0.0,0.0,prepaid,0.694,182.0,0.0,0.0,0.0,214.76,-905.186,"",'133098089351384611201,2026-06-08,11154073877,528d0726-c197-497a-a529-b862eb890be3,100164124473,Reverse,100099344586,100099344586,11504,694.29,5.0,1927.0,0.0,1927.0,return_refund,0.0,0.0,0.0,0.0,0.0,0.0,0.0,0.0,NA,0,823.0
NFT-/XUTR/DEUTH02615930658X,68.71,0.0,0.0,1699.0,1443.0,340.548,6.871,0.0,0.0,prepaid,1.374,0.0,0.0,45.0,0.0,53.1,1041.107,"",'133108998297635857601,2026-06-08,11156168704,59cab2cc-318d-4b1f-87c8-66b4a4fd5767,"",Forward,100101439410,1000030224937,11504,1374.29,5.0,85.0,0.0,85.0,packet_delivered,0.0,0.0,0.0,0.0,0.0,0.0,0.0,0.0,NA,0,1614.0
NFT-/XUTR/DEUTH02615930658X,22.81,0.0,0.0,1599.0,479.0,22.609,2.281,0.0,0.0,prepaid,0.456,0.0,0.0,27.0,0.0,31.86,421.794,"",'133147595961515063803,2026-06-08,11167503712,3c546fdc-63e2-4be8-bb6c-e7087e311226,"",Forward,100112774406,1000032379508,11504,456.19,5.0,1026.0,0.0,1026.0,packet_delivered,0.0,0.0,0.0,0.0,0.0,0.0,0.0,0.0,NA,0,573.0
NFT-/XUTR/DEUTH02615930658X,97.81,0.0,0.0,3399.0,2054.0,484.744,9.781,0.0,0.0,prepaid,1.956,106.0,0.0,0.0,0.0,125.08,-1682.599,"",'133142188348602607301,2026-06-08,11166711491,fc172264-59b8-4974-aab5-1f91a86b70fa,100164639924,Reverse,100111982186,100111982186,11504,1956.19,5.0,1139.0,0.0,1139.0,return_refund,0.0,0.0,0.0,0.0,0.0,0.0,0.0,0.0,NA,0,2260.0
NFT-/XUTR/DEUTH02615930658X,19.05,0.0,0.0,1599.0,400.0,18.88,1.905,0.0,0.0,prepaid,0.381,0.0,0.0,0.0,0.0,0.0,378.834,"",'133112628593788413401,2026-06-08,11156578441,56799b31-5f29-4599-9ae8-0f25efabd219,"",Forward,100101849145,100101849145,11504,380.95,5.0,1105.0,0.0,1105.0,packet_delivered,0.0,0.0,0.0,0.0,0.0,0.0,0.0,0.0,NA,0,494.0
NFT-/XUTR/DEUTH02615930658X,35.24,0.0,0.0,2299.0,40.819,1.9270000000000003,0.194,0.0,0.0,prepaid,0.039,0.0,0.0,1.489,0.0,1.75702,36.902,"",'133127230579973159201,2026-06-08,11161270852,d21364dc-3775-4d80-ad7b-2e5ee9d07ebd,"",Forward,100106541551,100106541551,11504,704.76,5.0,1465.0,0.0,1465.0,packet_delivered,0.0,0.0,0.0,0.0,0.0,0.0,0.0,0.0,NA,0,834.0
NFT-/XUTR/DEUTH02615930658X,22.81,0.0,0.0,1599.0,479.00000000000006,22.609,2.281,0.0,0.0,prepaid,0.456,106.0,0.0,0.0,0.0,125.08,-578.734,"",'133144808772550056303,2026-06-08,11167293627,3d285d0e-90be-4e21-8eb1-d7af76c6dbf9,100164582231,Reverse,100112564321,1000032304255,11504,456.19,5.0,1026.0,0.0,1026.0,return_refund,0.0,0.0,0.0,0.0,0.0,0.0,0.0,0.0,NA,0,573.0
NFT-/XUTR/DEUTH02615930658X,32.91,0.0,0.0,1999.0,665.0,31.388,3.167,0.0,0.0,prepaid,0.633,122.221,0.0,0.0,0.0,144.22078,-774.033,"",'133126449964527944903,2026-06-08,11161108153,c24a7a77-ea79-4b31-a7b9-ce6cd9de5806,100166289752,Reverse,100106378852,100106378852,11504,658.1,5.0,1214.0,26.0,1240.0,return_refund,0.0,0.0,0.0,0.0,0.0,0.0,0.0,0.0,NA,0,785.01
NFT-/XUTR/DEUTH02615930658X,42.0,0.0,0.0,1950.0,882.0,228.967,4.2,0.0,0.0,prepaid,0.84,0.0,0.0,27.0,0.0,31.86,616.133,"",'133126642637637177101,2026-06-08,11161159362,c39b6d0c-3375-49bd-b6f6-91732923c93a,"",Forward,100106430061,100106430061,11504,840,5.0,974.0,0.0,974.0,packet_delivered,0.0,0.0,0.0,0.0,0.0,0.0,0.0,0.0,NA,0,976.0
NFT-/XUTR/DEUTH02615930658X,19.05,0.0,0.0,1699.0,400.0,18.88,1.905,0.0,0.0,prepaid,0.381,0.0,0.0,0.0,0.0,0.0,378.834,"",'133142159149956952603,2026-06-08,11166704600,1532cb62-060f-4ffa-9e3d-52e66096032b,"",Forward,100111975295,100111975295,11504,380.95,5.0,1205.0,0.0,1205.0,packet_delivered,0.0,0.0,0.0,0.0,0.0,0.0,0.0,0.0,NA,0,494.0
NFT-/XUTR/DEUTH02615930658X,639.61,0.0,0.0,4399.0,4193.0,989.548,17.767,0.0,0.0,prepaid,3.553,182.0,0.0,0.0,0.0,214.76,-3396.892,"",'133107846815226718901,2026-06-08,11155863851,6ac4f073-f2b7-4404-928d-6cfb8c2a0e62,100163944280,Reverse,100101134557,1000030239067,11504,3553.39,18.0,0.0,0.0,0.0,return_refund,0.0,0.0,0.0,0.0,0.0,0.0,0.0,0.0,NA,0,4399.0
NFT-/XUTR/DEUTH02615930658X,63.24,0.0,0.0,2999.0,1328.0,329.078,6.324,0.0,0.0,prepaid,1.265,182.0,0.0,0.0,0.0,214.76,-1206.093,"",'133115393065319699703,2026-06-08,11157514577,4d856f97-96dd-47dd-bddb-e76d64429635,100164668031,Reverse,100102785280,100102785280,11504,1264.76,5.0,1500.0,0.0,1500.0,return_refund,0.0,0.0,0.0,0.0,0.0,0.0,0.0,0.0,NA,0,1499.0
NFT-/XUTR/DEUTH02615930658X,59.62,0.0,0.0,2999.0,1252.0,310.246,5.962,0.0,0.0,prepaid,1.192,0.0,0.0,45.0,0.0,53.1,881.5,"",'133100042799153324703,2026-06-08,11154493996,09ef838b-a3c4-436a-9b3e-fe27058be416,"",Forward,100099764704,1000029790292,11504,1192.38,5.0,1576.0,0.0,1576.0,packet_delivered,0.0,0.0,0.0,0.0,0.0,0.0,0.0,0.0,NA,0,1423.0
NFT-/XUTR/DEUTH02615930658X,83.76,0.0,0.0,3999.0,1759.0,435.88,8.376,0.0,0.0,prepaid,1.675,0.0,0.0,45.0,0.0,53.1,1259.969,"",'133105065713121631301,2026-06-08,11155192459,aa6abf7e-2373-4fa6-9619-fc43df3b7164,"",Forward,100100463166,100100463166,11504,1675.24,5.0,2034.0,0.0,2034.0,packet_delivered,0.0,0.0,0.0,0.0,0.0,0.0,0.0,0.0,NA,0,1965.0
NFT-/XUTR/DEUTH02615930658X,34.33,0.0,0.0,2999.0,12.39,0.585,0.059,0.0,0.0,prepaid,0.012,0.0,0.0,0.464,0.0,0.54752,11.186,"",'133113883948279286303,2026-06-08,11156907070,6be6bcb0-2eb8-4aff-925e-5b816a30d825,"",Forward,100102177773,100102177773,11504,686.67,5.0,2184.0,0.0,2184.0,packet_delivered,0.0,0.0,0.0,0.0,0.0,0.0,0.0,0.0,NA,0,815.0
NFT-/XUTR/DEUTH02615930658X,63.19,0.0,0.0,2999.0,1327.0,328.831,6.319,0.0,0.0,prepaid,1.264,0.0,0.0,45.0,0.0,53.1,937.486,"",'133118227708485020601,2026-06-08,11158247559,e5673a4b-ec7b-4c8a-9048-027dde4df3f5,"",Forward,100103518261,100103518261,11504,1263.81,5.0,1501.0,0.0,1501.0,packet_delivered,0.0,0.0,0.0,0.0,0.0,0.0,0.0,0.0,NA,0,1498.0
NFT-/XUTR/DEUTH02615930658X,605.44,0.0,0.0,5999.0,3969.0,983.518,16.818,0.0,0.0,prepaid,3.364,0.0,0.0,61.0,0.0,71.98,2893.32,"",'133097637290348383103,2026-06-08,11153976812,8f54305b-c2fa-41aa-9db3-25d154cfe905,"",Forward,100099247521,100099247521,11504,3363.56,18.0,1800.0,0.0,1800.0,packet_delivered,0.0,0.0,0.0,0.0,0.0,0.0,0.0,0.0,NA,0,4199.0
NFT-/XUTR/DEUTH02615930658X,29.71,0.0,0.0,1699.0,624.0,44.17900000000001,2.971,0.0,0.0,prepaid,0.594,0.0,0.0,27.0,0.0,31.86,544.396,"",'133115808751755129803,2026-06-08,11157614600,cf134843-2e24-4860-ad21-e30f2c0d067c,"",Forward,100102885303,100102885303,11504,594.29,5.0,981.0,0.0,981.0,packet_delivered,0.0,0.0,0.0,0.0,0.0,0.0,0.0,0.0,NA,0,718.0
NFT-/XUTR/DEUTH02615930658X,71.67,0.0,0.0,3299.0,1505.0,372.939,7.167,0.0,0.0,prepaid,1.433,182.0,0.0,0.0,0.0,214.76,-1338.221,"",'133105238972262760501,2026-06-08,11155236583,c433c983-c98c-4f8a-98e6-4cc565a551cf,11155236583,Reverse,100100507290,1000029785173,11504,1433.33,5.0,1623.0,0.0,1623.0,exchange,0.0,0.0,0.0,0.0,0.0,0.0,0.0,0.0,NA,0,1676.0
NFT-/XUTR/DEUTH02615930658X,66.48,0.0,0.0,3299.0,1396.0,345.929,6.648,0.0,0.0,prepaid,1.33,182.0,0.0,0.0,0.0,214.76,-1256.853,"",'133109518848294375501,2026-06-08,11156319873,3c33b8db-722b-4d37-80c8-d470e6fb1096,100164553362,Reverse,100101590578,100101590578,11504,1329.52,5.0,1732.0,0.0,1732.0,return_refund,0.0,0.0,0.0,0.0,0.0,0.0,0.0,0.0,NA,0,1567.0
NFT-/XUTR/DEUTH02615930658X,32.05,0.0,0.0,2499.0,642.0,30.302,3.057,0.0,0.0,prepaid,0.611,0.0,0.0,25.756,0.0,30.39208,577.638,"",'133105546870985136001,2026-06-08,11155318533,00d275c8-5418-4afc-a689-e994fef917bd,"",Forward,100100589240,1000030227890,11504,640.95,5.0,1732.0,31.0,1763.0,packet_delivered,0.0,0.0,0.0,0.0,0.0,0.0,0.0,0.0,NA,0,767.0
NFT-/XUTR/DEUTH02615930658X,38.38,0.0,0.0,1799.0,806.0,209.238,3.838,0.0,0.0,prepaid,0.768,0.0,0.0,27.0,0.0,31.86,560.296,"",'133108469455578159203,2026-06-08,11156017580,ec0372f2-012c-4897-9887-cd04e4b2d7a2,"",Forward,100101288285,100101288285,11504,767.62,5.0,899.0,0.0,899.0,packet_delivered,0.0,0.0,0.0,0.0,0.0,0.0,0.0,0.0,NA,0,900.0
NFT-/XUTR/DEUTH02615930658X,55.67,0.0,0.0,2999.0,1169.0,289.678,5.567,0.0,0.0,prepaid,1.113,0.0,0.0,45.0,0.0,53.1,819.542,"",'133135078975006048001,2026-06-08,11163800141,1c5e1d61-d520-400b-bebf-7d99dd4e0c96,"",Forward,100109070836,1000032010320,11504,1113.33,5.0,1659.0,0.0,1659.0,packet_delivered,0.0,0.0,0.0,0.0,0.0,0.0,0.0,0.0,NA,0,1340.0
NFT-/XUTR/DEUTH02615930658X,0.0,14.19,14.19,1999.0,596.0,28.131,0.0,1.419,1.419,prepaid,0.568,0.0,0.0,3.0,0.0,3.54,560.923,"",'133144857009271181501,2026-06-08,11167296951,85027948-c79a-4138-abb0-63b03210729b,"",Forward,100112567645,1000032433313,11504,567.62,5.0,1309.0,0.0,1309.0,packet_delivered,0.0,0.0,0.0,0.0,0.0,0.0,0.0,0.0,NA,0,690.0000000000001
NFT-/XUTR/DEUTH02615930658X,29.38,0.0,0.0,2299.0,617.0,29.122000000000003,2.938,0.0,0.0,prepaid,0.588,127.0,0.0,0.0,0.0,149.86,-734.212,"",'133118538834736118701,2026-06-08,11158302043,f45c6bb4-88c7-433f-b85e-b7ac25563105,100164557431,Reverse,100103572745,1000030849789,11504,587.62,5.0,1588.0,0.0,1588.0,return_refund,0.0,0.0,0.0,0.0,0.0,0.0,0.0,0.0,NA,0,711.0
NFT-/XUTR/DEUTH02615930658X,69.95,0.0,0.0,3399.0,1469.0,364.018,6.995,0.0,0.0,prepaid,1.399,182.0,0.0,0.0,0.0,214.76,-1311.348,"",'133119863666872390703,2026-06-08,11159337190,956e5d33-8ee1-49c8-96f3-15ba84c2927f,100164973125,Reverse,100104607892,1000030856853,11504,1399.05,5.0,1759.0,0.0,1759.0,return_refund,0.0,0.0,0.0,0.0,0.0,0.0,0.0,0.0,NA,0,1640.0
NFT-/XUTR/DEUTH02615930658X,63.29,0.0,0.0,2999.0,1329.0,329.326,6.329,0.0,0.0,prepaid,1.266,0.0,0.0,45.0,0.0,53.1,938.979,"",'133146607650193692501,2026-06-08,11167362189,8d0558a8-2065-45bb-8b6b-853bb32d1ba6,"",Forward,100112632883,100112632883,11504,1265.71,5.0,1499.0,0.0,1499.0,packet_delivered,0.0,0.0,0.0,0.0,0.0,0.0,0.0,0.0,NA,0,1500.0
NFT-/XUTR/DEUTH02615930658X,63.29,0.0,0.0,2999.0,304.59,75.477,1.45,0.0,0.0,prepaid,0.29,0.0,0.0,10.313,0.0,12.16934,215.204,"",'133133958082764711803,2026-06-08,11163531994,241d9fee-68ed-4317-9857-28e5d3ac3bc9,"",Forward,100108802689,100108802689,11504,1265.71,5.0,1499.0,0.0,1499.0,packet_delivered,0.0,0.0,0.0,0.0,0.0,0.0,0.0,0.0,NA,0,1500.0
NFT-/XUTR/DEUTH02615930658X,33.19,0.0,0.0,2499.0,697.0,32.898,3.319,0.0,0.0,prepaid,0.664,0.0,0.0,27.0,0.0,31.86,628.259,"",'133100522184943096401,2026-06-08,11154622476,70702559-0597-428a-a0b9-24a020011d11,"",Forward,100099893183,100099893183,11504,663.81,5.0,1708.0,0.0,1708.0,packet_delivered,0.0,0.0,0.0,0.0,0.0,0.0,0.0,0.0,NA,0,791.0
NFT-/XUTR/DEUTH02615930658X,55.14,0.0,0.0,1999.0,1158.0,273.288,5.514,0.0,0.0,prepaid,1.103,0.0,0.0,45.0,0.0,53.1,824.995,"",'133114282652485263601,2026-06-08,11157087547,5ba7534c-fe29-4bbd-b3c2-48035f2e0753,"",Forward,100102358250,100102358250,11504,1102.86,5.0,670.0,0.0,670.0,packet_delivered,0.0,0.0,0.0,0.0,0.0,0.0,0.0,0.0,NA,0,1329.0
NFT-/XUTR/DEUTH02615930658X,35.14,0.0,0.0,1999.0,738.0,34.834,3.514,0.0,0.0,prepaid,0.703,0.0,0.0,27.0,0.0,31.86,667.089,"",'133139882364444412201,2026-06-08,11166133477,86e9d6c9-30bc-4d4b-adb5-c4775b6d6505,"",Forward,100111404172,1000032021940,11504,702.86,5.0,1167.0,0.0,1167.0,packet_delivered,0.0,0.0,0.0,0.0,0.0,0.0,0.0,0.0,NA,0,832.0
NFT-/XUTR/DEUTH02615930658X,59.71,0.0,0.0,2999.0,381.573,94.554,1.817,0.0,0.0,prepaid,0.363,55.38,0.0,0.0,0.0,65.3484,-350.187,"",'133097410076461798801,2026-06-08,11153926729,606f9082-ab5a-4adc-a20d-3f49b6e6aa8d,100164050526,Reverse,100099197438,100099197438,11504,1194.29,5.0,1574.0,0.0,1574.0,return_refund,0.0,0.0,0.0,0.0,0.0,0.0,0.0,0.0,NA,0,1425.0
NFT-/XUTR/DEUTH02615930658X,60.71,0.0,0.0,2999.0,1275.0,315.945,6.071,0.0,0.0,prepaid,1.214,0.0,0.0,45.0,0.0,53.1,898.67,"",'133119863666872390703,2026-06-08,11159337183,956e5d33-8ee1-49c8-96f3-15ba84c2927f,"",Forward,100104607885,1000030856853,11504,1214.29,5.0,1553.0,0.0,1553.0,packet_delivered,0.0,0.0,0.0,0.0,0.0,0.0,0.0,0.0,NA,0,1446.0
NFT-/XUTR/DEUTH02615930658X,38.38,0.0,0.0,1799.0,606.0,157.318,2.886,0.0,0.0,prepaid,0.577,0.0,0.0,20.3,0.0,23.954,421.265,"",'133107827253778803103,2026-06-08,11155859272,c3aba93b-8484-4033-b265-068d1908a536,"",Forward,100101129978,100101129978,11504,767.62,5.0,899.0,200.0,1099.0,packet_delivered,0.0,0.0,0.0,0.0,0.0,0.0,0.0,0.0,NA,0,900.0
NFT-/XUTR/DEUTH02615930658X,39.05,0.0,0.0,1799.0,820.0,212.872,3.905,0.0,0.0,prepaid,0.781,0.0,0.0,27.0,0.0,31.86,570.582,"",'133100570673721458801,2026-06-08,11154634827,316d6c22-9510-49cb-a6d6-8cf69e669fb5,"",Forward,100099905534,100099905534,11504,780.95,5.0,885.0,0.0,885.0,packet_delivered,0.0,0.0,0.0,0.0,0.0,0.0,0.0,0.0,NA,0,914.0
NFT-/XUTR/DEUTH02615930658X,70.0,0.0,0.0,3399.0,1470.0,329.574,7.0,0.0,0.0,prepaid,1.4,0.0,0.0,45.0,0.0,53.1,1078.926,"",'133115402335595930801,2026-06-08,11157516861,3fa2300d-ee0e-46b8-8bbf-9dc4a4405302,"",Forward,100102787564,100102787564,11504,1400,5.0,1758.0,0.0,1758.0,packet_delivered,0.0,0.0,0.0,0.0,0.0,0.0,0.0,0.0,NA,0,1641.0
NFT-/XUTR/DEUTH02615930658X,0.0,18.1,18.1,1799.0,760.0,197.296,0.0,1.8095,1.8095,prepaid,0.724,0.0,0.0,27.0,0.0,31.86,526.501,"",'133107036938847460501,2026-06-08,11155679217,c89351d1-f8e1-47b2-91d6-89fc581d0d1b,"",Forward,100100949923,100100949923,11504,723.8,5.0,945.0,0.0,945.0,packet_delivered,0.0,0.0,0.0,0.0,0.0,0.0,0.0,0.0,NA,0,854.0
NFT-/XUTR/DEUTH02615930658X,65.62,0.0,0.0,3299.0,1378.0,341.468,6.562,0.0,0.0,prepaid,1.312,0.0,0.0,45.0,0.0,53.1,975.558,"",'133100448471113159601,2026-06-08,11154603716,0c5a897d-cefc-445b-b72c-bba9eed70f4d,"",Forward,100099874423,1000029776222,11504,1312.38,5.0,1750.0,0.0,1750.0,packet_delivered,0.0,0.0,0.0,0.0,0.0,0.0,0.0,0.0,NA,0,1549.0
NFT-/XUTR/DEUTH02615930658X,34.14,0.0,0.0,1599.0,717.0,186.133,3.414,0.0,0.0,prepaid,0.683,0.0,0.0,27.0,0.0,31.86,494.91,"",'133122697235467020301,2026-06-08,11160169941,dc1970ad-a705-43d2-a312-02ebf434e830,"",Forward,100105440642,100105440642,11504,682.86,5.0,788.0,0.0,788.0,packet_delivered,0.0,0.0,0.0,0.0,0.0,0.0,0.0,0.0,NA,0,811.0
NFT-/XUTR/DEUTH02615930658X,59.62,0.0,0.0,2999.0,1252.0,310.246,5.962,0.0,0.0,prepaid,1.192,0.0,0.0,45.0,0.0,53.1,881.5,"",'133131718583751699903,2026-06-08,11162991573,197ba0f4-d395-4a67-b0ee-b1c9a2d5254c,"",Forward,100108262269,100108262269,11504,1192.38,5.0,1576.0,0.0,1576.0,packet_delivered,0.0,0.0,0.0,0.0,0.0,0.0,0.0,0.0,NA,0,1423.0
NFT-/XUTR/DEUTH02615930658X,90.14,0.0,0.0,2999.0,1893.0000000000002,469.085,9.014,0.0,0.0,prepaid,1.803,182.0,0.0,0.0,0.0,214.76,-1627.858,"",'133117024683932664601,2026-06-08,11157908776,6e481112-ba4e-4b34-a3c9-11a4fd999757,100164865538,Reverse,100103179479,100103179479,11504,1802.86,5.0,900.0,0.0,900.0,return_refund,0.0,0.0,0.0,0.0,0.0,0.0,0.0,0.0,NA,0,2099.0
NFT-/XUTR/DEUTH02615930658X,63.29,0.0,0.0,2999.0,1329.0,329.326,6.329,0.0,0.0,prepaid,1.266,0.0,0.0,45.0,0.0,53.1,938.979,"",'133104515345898415603,2026-06-08,11155061008,4e756f39-4308-4bdc-850c-fc51b53f89d2,"",Forward,100100331715,100100331715,11504,1265.71,5.0,1499.0,0.0,1499.0,packet_delivered,0.0,0.0,0.0,0.0,0.0,0.0,0.0,0.0,NA,0,1500.0
NFT-/XUTR/DEUTH02615930658X,0.0,32.64,32.64,3499.0,205.57,50.94,0.0,0.4895,0.4895,prepaid,0.196,19.043,0.0,0.0,0.0,22.47074,-175.926,"",'133122187093046441901,2026-06-08,11160022602,4208870e-21d1-4821-b3e5-58437556d96e,11160022602,Reverse,100105293303,100105293303,11504,1305.72,5.0,1957.0,0.0,1957.0,exchange,0.0,0.0,0.0,0.0,0.0,0.0,0.0,0.0,NA,0,1542.0000000000002
NFT-/XUTR/DEUTH02615930658X,32.91,0.0,0.0,1699.0,691.0,179.384,3.29,0.0,0.0,prepaid,0.658,0.0,0.0,27.0,0.0,31.86,475.808,"",'133113420037584519801,2026-06-08,11156739241,fd7c011e-cb90-476f-be57-210cce896c5b,"",Forward,100102009944,100102009944,11504,658.1,5.0,914.0,0.0,914.0,packet_delivered,0.0,0.0,0.0,0.0,0.0,0.0,0.0,0.0,NA,0,785.01
NFT-/XUTR/DEUTH02615930658X,59.62,0.0,0.0,2999.0,1252.0,310.246,5.962,0.0,0.0,prepaid,1.192,106.0,0.0,0.0,0.0,125.08,-1059.68,"",'133135120409903970401,2026-06-08,11163810530,ce1a087e-7687-4027-b9a3-63ff0af270c7,11163810530,Reverse,100109081225,100109081225,11504,1192.38,5.0,1576.0,0.0,1576.0,exchange,0.0,0.0,0.0,0.0,0.0,0.0,0.0,0.0,NA,0,1423.0
NFT-/XUTR/DEUTH02615930658X,35.95,0.0,0.0,2999.0,755.0,35.636,3.595,0.0,0.0,prepaid,0.719,0.0,0.0,27.0,0.0,31.86,683.19,"",'133140532228879469901,2026-06-08,11166304882,013b4530-9cde-4d30-9337-1619f80f1ee5,"",Forward,100111575577,100111575577,11504,719.05,5.0,2150.0,0.0,2150.0,packet_delivered,0.0,0.0,0.0,0.0,0.0,0.0,0.0,0.0,NA,0,849.0
NFT-/XUTR/DEUTH02615930658X,29.62,0.0,0.0,1899.0,622.0,44.038,2.962,0.0,0.0,prepaid,0.592,0.0,0.0,27.0,0.0,31.86,542.548,"",'133116171549335698001,2026-06-08,11157699428,fd896a4b-ae06-479d-ade8-77f7e48d269e,"",Forward,100102970131,100102970131,11504,592.38,5.0,1183.0,0.0,1183.0,packet_delivered,0.0,0.0,0.0,0.0,0.0,0.0,0.0,0.0,NA,0,716.0
NFT-/XUTR/DEUTH02615930658X,35.29,0.0,0.0,2799.0,741.0,34.97500000000001,3.529,0.0,0.0,prepaid,0.706,0.0,0.0,27.0,0.0,31.86,669.93,"",'133118246607538338901,2026-06-08,11158251381,48558ccc-5449-461e-9380-1a46c3d4a02a,"",Forward,100103522083,1000030851889,11504,705.71,5.0,1964.0,0.0,1964.0,packet_delivered,0.0,0.0,0.0,0.0,0.0,0.0,0.0,0.0,NA,0,835.0
NFT-/XUTR/DEUTH02615930658X,20.14,0.0,0.0,1799.0,423.0,19.966,2.014,0.0,0.0,prepaid,0.403,0.0,0.0,19.0,0.0,22.42,378.197,"",'133121398947237190703,2026-06-08,11159709715,c4639367-d2e8-4b49-af19-4d531432eeb3,"",Forward,100104980417,100104980417,11504,402.86,5.0,1317.0,0.0,1317.0,packet_delivered,0.0,0.0,0.0,0.0,0.0,0.0,0.0,0.0,NA,0,482.0
NFT-/XUTR/DEUTH02615930658X,487.07,0.0,0.0,3399.0,3104.0,732.544,13.153,0.0,0.0,prepaid,2.631,176.927,0.0,0.0,0.0,208.77386,-2564.446,"",'133096970619956532901,2026-06-08,11153832049,2816790b-6d6b-473b-a7d9-95246d807026,11153832049,Reverse,100099102758,1000029793129,11504,2705.93,18.0,0.0,89.0,89.0,exchange,0.0,0.0,0.0,0.0,0.0,0.0,0.0,0.0,NA,0,3399.0
NFT-/XUTR/DEUTH02615930658X,0.0,11.83,11.83,1650.0,497.0,23.458,0.0,1.1835,1.1835,prepaid,0.473,127.0,0.0,0.0,0.0,149.86,-620.562,"",'133114150856669278303,2026-06-08,11156985333,dedbd134-132b-4ea8-96c0-f2e97aaea085,100164059771,Reverse,100102256036,1000030846482,11504,473.34,5.0,1059.0,0.0,1059.0,return_refund,0.0,0.0,0.0,0.0,0.0,0.0,0.0,0.0,NA,0,591.0
NFT-/XUTR/DEUTH02615930658X,18.38,0.0,0.0,1699.0,386.0,18.219,1.838,0.0,0.0,prepaid,0.368,0.0,0.0,0.0,0.0,0.0,365.575,"",'133112920484087939301,2026-06-08,11156631094,bdb13e49-eac6-4ec8-8c2d-a3bf54cd1691,"",Forward,100101901797,100101901797,11504,367.62,5.0,1254.0,0.0,1254.0,packet_delivered,0.0,0.0,0.0,0.0,0.0,0.0,0.0,0.0,NA,0,445.0
NFT-/XUTR/DEUTH02615930658X,58.43,0.0,0.0,2799.0,1227.0,304.051,5.843,0.0,0.0,prepaid,1.169,0.0,0.0,45.0,0.0,53.1,862.837,"",'133148360901196725903,2026-06-08,11167693553,e54dec27-5ecb-4b76-a906-3bbc3f2c4768,"",Forward,100112964247,100112964247,11504,1168.57,5.0,1401.0,0.0,1401.0,packet_delivered,0.0,0.0,0.0,0.0,0.0,0.0,0.0,0.0,NA,0,1398.0
NFT-/XUTR/DEUTH02615930658X,33.57,0.0,0.0,2799.0,705.0,33.276,3.357,0.0,0.0,prepaid,0.671,182.0,0.0,0.0,0.0,214.76,-882.456,"",'133112766720693326003,2026-06-08,11156602413,4dc35865-62aa-4b8b-9252-9fc9f457516d,100164486258,Reverse,100101873117,100101873117,11504,671.43,5.0,2000.0,0.0,2000.0,return_refund,0.0,0.0,0.0,0.0,0.0,0.0,0.0,0.0,NA,0,799.0
NFT-/XUTR/DEUTH02615930658X,33.57,0.0,0.0,1899.0,705.0,33.276,3.357,0.0,0.0,prepaid,0.671,0.0,0.0,27.0,5.428,38.26504,629.431,"",'133103959843960401201,2026-06-08,11154956008,2bcd3cf2-57ab-4af3-a815-a4b78a62c219,"",Forward,100100226715,100100226715,11504,671.43,5.0,1100.0,0.0,1100.0,packet_delivered,0.0,0.0,0.0,0.0,0.0,0.0,0.0,0.0,NA,0,799.0
NFT-/XUTR/DEUTH02615930658X,45.95,0.0,0.0,1599.0,964.9999999999999,250.514,4.595,0.0,0.0,prepaid,0.919,127.0,0.0,0.0,0.0,149.86,-858.832,"",'133135789222451616801,2026-06-08,11163995183,1a322d6f-effd-4d5e-a57a-4846ef8367f6,100164572474,Reverse,100109265878,100109265878,11504,919.05,5.0,463.0,0.0,463.0,return_refund,0.0,0.0,0.0,0.0,0.0,0.0,0.0,0.0,NA,0,1136.0
NFT-/XUTR/DEUTH02615930658X,66.43,0.0,0.0,3299.0,1395.0,345.681,6.643,0.0,0.0,prepaid,1.329,0.0,0.0,45.0,0.0,53.1,988.247,"",'133122514087164001501,2026-06-08,11160122593,6384adef-57af-42cd-adf0-20d93397a8bb,"",Forward,100105393294,1000030861811,11504,1328.57,5.0,1733.0,0.0,1733.0,packet_delivered,0.0,0.0,0.0,0.0,0.0,0.0,0.0,0.0,NA,0,1566.0
NFT-/XUTR/DEUTH02615930658X,0.0,212.8,212.8,6499.0,2790.0,691.362,0.0,5.911,5.911,prepaid,2.364,0.0,0.0,61.0,0.0,71.98,2012.472,"",'133126138698648364901,2026-06-08,11161019201,1f2ecc6a-4c25-4a7e-999a-79b5b49649da,"",Forward,100106289900,100106289900,11504,2364.4,18.0,3479.0,0.0,3479.0,packet_delivered,0.0,0.0,0.0,0.0,0.0,0.0,0.0,0.0,NA,0,3020.0000000000005
NFT-/XUTR/DEUTH02615930658X,55.67,0.0,0.0,2999.0,1169.0,289.678,5.567,0.0,0.0,prepaid,1.113,106.0,0.0,0.0,0.0,125.08,-997.722,"",'133135078975006048001,2026-06-08,11163800141,1c5e1d61-d520-400b-bebf-7d99dd4e0c96,11163800141,Reverse,100109070836,1000032010320,11504,1113.33,5.0,1659.0,0.0,1659.0,exchange,0.0,0.0,0.0,0.0,0.0,0.0,0.0,0.0,NA,0,1340.0
NFT-/XUTR/DEUTH02615930658X,19.05,0.0,0.0,1650.0,400.0,18.88,1.905,0.0,0.0,prepaid,0.381,0.0,0.0,0.0,0.0,0.0,378.834,"",'133099622843509012101,2026-06-08,11154393351,6d6339be-7593-4aee-a679-0c0df25be0ce,"",Forward,100099664059,100099664059,11504,380.95,5.0,1156.0,0.0,1156.0,packet_delivered,0.0,0.0,0.0,0.0,0.0,0.0,0.0,0.0,NA,0,494.0
NFT-/XUTR/DEUTH02615930658X,58.43,0.0,0.0,2899.0,1227.0,304.051,5.843,0.0,0.0,prepaid,1.169,182.0,0.0,0.0,0.0,214.76,-1130.697,"",'133117400812365434501,2026-06-08,11158012627,a484c602-b5e0-4e3e-82ec-ba98148189a7,100164700062,Reverse,100103283329,100103283329,11504,1168.57,5.0,1501.0,0.0,1501.0,return_refund,0.0,0.0,0.0,0.0,0.0,0.0,0.0,0.0,NA,0,1398.0
NFT-/XUTR/DEUTH02615930658X,32.71,0.0,0.0,2499.0,687.0,32.426,3.271,0.0,0.0,prepaid,0.654,0.0,0.0,27.0,0.0,31.86,618.789,"",'133099467964922212701,2026-06-08,11154359420,f916de4f-3f06-4ddd-88be-1164c0b45708,"",Forward,100099630128,1000029778152,11504,654.29,5.0,1718.0,0.0,1718.0,packet_delivered,0.0,0.0,0.0,0.0,0.0,0.0,0.0,0.0,NA,0,781.0
NFT-/XUTR/DEUTH02615930658X,36.76,0.0,0.0,2599.0,772.0,36.438,3.676,0.0,0.0,prepaid,0.735,0.0,0.0,27.0,0.0,31.86,699.291,"",'133141958730440871801,2026-06-08,11166657245,86985ecd-ff3f-45d5-8695-0074c9ec78d9,"",Forward,100111927940,100111927940,11504,735.24,5.0,1733.0,0.0,1733.0,packet_delivered,0.0,0.0,0.0,0.0,0.0,0.0,0.0,0.0,NA,0,866.0
NFT-/XUTR/DEUTH02615930658X,48.76,0.0,0.0,1799.0,1024.0,241.664,4.876,0.0,0.0,prepaid,0.975,0.0,0.0,45.0,0.0,53.1,723.385,"",'133103990592324092101,2026-06-08,11154960905,606769a1-e58d-4bd4-834a-d471b57ad279,"",Forward,100100231612,1000029787157,11504,975.24,5.0,604.0,0.0,604.0,packet_delivered,0.0,0.0,0.0,0.0,0.0,0.0,0.0,0.0,NA,0,1195.0
NFT-/XUTR/DEUTH02615930658X,24.57,0.0,0.0,1650.0,516.0,133.954,2.457,0.0,0.0,prepaid,0.491,0.0,0.0,27.0,0.0,31.86,347.238,"",'133083809150579631603,2026-06-08,11151171049,44621000-75b7-428d-8610-be14b65f3372,"",Forward,100096441765,100096441765,11504,491.43,5.0,1040.0,0.0,1040.0,packet_delivered,0.0,0.0,0.0,0.0,0.0,0.0,0.0,0.0,NA,0,610.0
NFT-/XUTR/DEUTH02615930658X,35.67,0.0,0.0,2999.0,39.331,1.856,0.187,0.0,0.0,prepaid,0.037,0.0,0.0,1.418,0.33,2.06264,35.188,"",'133097674832180734003,2026-06-08,11153985596,4fb8277a-24b6-4380-8489-4e0e12e13466,"",Forward,100099256305,100099256305,11504,713.33,5.0,2156.0,0.0,2156.0,packet_delivered,0.0,0.0,0.0,0.0,0.0,0.0,0.0,0.0,NA,0,843.0
NFT-/XUTR/DEUTH02615930658X,56.95,0.0,0.0,3399.0,1196.0,296.369,5.695,0.0,0.0,prepaid,1.139,182.0,0.0,0.0,0.0,214.76,-1107.557,"",'133100898588788545101,2026-06-08,11154718153,7cd4305c-62fd-4dd2-b6fc-25e9281eadff,11154718153,Reverse,100099988860,100099988860,11504,1139.05,5.0,2032.0,0.0,2032.0,exchange,0.0,0.0,0.0,0.0,0.0,0.0,0.0,0.0,NA,0,1367.0
NFT-/XUTR/DEUTH02615930658X,33.14,0.0,0.0,1799.0,696.0,180.682,3.314,0.0,0.0,prepaid,0.663,0.0,0.0,27.0,0.0,31.86,479.481,"",'133142355944294799501,2026-06-08,11166750363,71142543-e1a3-4062-aa91-94e0ca968d1a,"",Forward,100112021058,100112021058,11504,662.86,5.0,1009.0,0.0,1009.0,packet_delivered,0.0,0.0,0.0,0.0,0.0,0.0,0.0,0.0,NA,0,790.0
NFT-/XUTR/DEUTH02615930658X,32.71,0.0,0.0,2999.0,687.0,32.426,3.271,0.0,0.0,prepaid,0.654,0.0,0.0,27.0,3.091,35.50738,615.142,"",'133096813776185399801,2026-06-08,11153797315,ed56b7dd-92bc-4944-8ed9-151038920cb4,"",Forward,100099068024,1000029786659,11504,654.29,5.0,2218.0,0.0,2218.0,packet_delivered,0.0,0.0,0.0,0.0,0.0,0.0,0.0,0.0,NA,0,781.0
NFT-/XUTR/DEUTH02615930658X,63.24,0.0,0.0,2999.0,1328.0,329.078,6.324,0.0,0.0,prepaid,1.265,182.0,0.0,0.0,0.0,214.76,-1206.093,"",'133122257342538734001,2026-06-08,11160053371,9bd3bae4-c4ee-4150-9ee4-4d6873c8fe6e,100167190627,Reverse,100105324072,100105324072,11504,1264.76,5.0,1500.0,0.0,1500.0,return_refund,0.0,0.0,0.0,0.0,0.0,0.0,0.0,0.0,NA,0,1499.0
NFT-/XUTR/DEUTH02615930658X,36.62,0.0,0.0,2499.0,769.0,36.297,3.662,0.0,0.0,prepaid,0.732,0.0,0.0,27.0,7.075,40.2085,688.101,"",'133105969516595751403,2026-06-08,11155428286,fc8a6ca4-d296-4fe3-9d6e-58733f8f43e2,"",Forward,100100698992,100100698992,11504,732.38,5.0,1636.0,0.0,1636.0,packet_delivered,0.0,0.0,0.0,0.0,0.0,0.0,0.0,0.0,NA,0,863.0
NFT-/XUTR/DEUTH02615930658X,103.48,0.0,0.0,3399.0,601.813,142.028,2.866,0.0,0.0,prepaid,0.573,0.0,0.0,16.894,0.0,19.93492,436.411,"",'133123753514114174501,2026-06-08,11160440222,9f20f3fb-bbc5-4890-beba-8eadecde2ae6,"",Forward,100105710923,100105710923,11504,2069.52,5.0,1020.0,0.0,1020.0,packet_delivered,0.0,0.0,0.0,0.0,0.0,0.0,0.0,0.0,NA,0,2379.0
NFT-/XUTR/DEUTH02615930658X,18.38,0.0,0.0,1499.0,386.0,18.219,1.838,0.0,0.0,prepaid,0.368,182.0,0.0,0.0,0.0,214.76,-580.335,"",'133106109960570856803,2026-06-08,11155465355,8f186eca-ce95-4536-8193-ba83e1177088,11155465355,Reverse,100100736061,100100736061,11504,367.62,5.0,1054.0,0.0,1054.0,exchange,0.0,0.0,0.0,0.0,0.0,0.0,0.0,0.0,NA,0,445.0
NFT-/XUTR/DEUTH02615930658X,27.95,0.0,0.0,2499.0,587.0,27.706,2.795,0.0,0.0,prepaid,0.559,182.0,0.0,0.0,0.0,214.76,-770.7,"",'133097896572622721903,2026-06-08,11154033610,cb34c2d5-8d19-44c2-9ae6-175bc0be2830,100164257805,Reverse,100099304319,100099304319,11504,559.05,5.0,1818.0,0.0,1818.0,return_refund,0.0,0.0,0.0,0.0,0.0,0.0,0.0,0.0,NA,0,681.0
NFT-/XUTR/DEUTH02615930658X,66.48,0.0,0.0,3299.0,1396.0,345.929,6.648,0.0,0.0,prepaid,1.33,0.0,0.0,45.0,0.0,53.1,988.993,"",'133109518848294375501,2026-06-08,11156319873,3c33b8db-722b-4d37-80c8-d470e6fb1096,"",Forward,100101590578,100101590578,11504,1329.52,5.0,1732.0,0.0,1732.0,packet_delivered,0.0,0.0,0.0,0.0,0.0,0.0,0.0,0.0,NA,0,1567.0
NFT-/XUTR/DEUTH02615930658X,0.0,12.38,12.38,2099.0,233.03,10.999,0.0,0.555,0.555,prepaid,0.222,0.0,0.0,3.137,0.0,3.70166,216.997,"",'133124367827931310403,2026-06-08,11160586864,d6158356-719e-4c6d-b574-9860a80182af,"",Forward,100105857565,100105857565,11504,495.24,5.0,1485.0,0.0,1485.0,packet_delivered,0.0,0.0,0.0,0.0,0.0,0.0,0.0,0.0,NA,0,614.0
NFT-/XUTR/DEUTH02615930658X,44.71,0.0,0.0,1799.0,813.301,211.133,3.873,0.0,0.0,prepaid,0.775,0.0,0.0,23.386,0.0,27.59548,569.925,"",'133122306250019206403,2026-06-08,11160066371,980792e7-d15d-48be-a90e-6338c3230dee,"",Forward,100105337072,100105337072,11504,894.29,5.0,689.0,0.0,689.0,packet_delivered,0.0,0.0,0.0,0.0,0.0,0.0,0.0,0.0,NA,0,1110.0
NFT-/XUTR/DEUTH02615930658X,21.43,0.0,0.0,1499.0,450.0,21.24,2.143,0.0,0.0,prepaid,0.429,0.0,0.0,15.0,0.0,17.7,408.488,"",'133113490250679872603,2026-06-08,11156756184,4c09d2a3-efaf-4508-b481-a5e64ffc7d40,"",Forward,100102026887,1000030262366,11504,428.57,5.0,955.0,0.0,955.0,packet_delivered,0.0,0.0,0.0,0.0,0.0,0.0,0.0,0.0,NA,0,544.0
NFT-/XUTR/DEUTH02615930658X,35.29,0.0,0.0,2799.0,741.0,34.97500000000001,3.529,0.0,0.0,prepaid,0.706,0.0,0.0,27.0,0.0,31.86,669.93,"",'133123382268853594003,2026-06-08,11160343460,ddcafa05-ff1c-46d6-8461-33c168ad9830,"",Forward,100105614161,100105614161,11504,705.71,5.0,1964.0,0.0,1964.0,packet_delivered,0.0,0.0,0.0,0.0,0.0,0.0,0.0,0.0,NA,0,835.0
NFT-/XUTR/DEUTH02615930658X,59.71,0.0,0.0,2999.0,1254.0,310.741,5.971,0.0,0.0,prepaid,1.194,106.0,0.0,0.0,0.0,125.08,-1061.174,"",'133135879597588185203,2026-06-08,11164047748,a77cf1ae-ce78-44bd-80ca-123da253b3e4,11164047748,Reverse,100109318443,100109318443,11504,1194.29,5.0,1574.0,0.0,1574.0,exchange,0.0,0.0,0.0,0.0,0.0,0.0,0.0,0.0,NA,0,1425.0
NFT-/XUTR/DEUTH02615930658X,0.0,24.05,24.05,1750.0,1010.0,238.36,0.0,2.405,2.405,prepaid,0.962,0.0,0.0,45.0,0.0,53.1,712.768,"",'133134199289175313203,2026-06-08,11163586041,f6bec769-1cf0-4859-88ab-5fa28cb81342,"",Forward,100108856736,100108856736,11504,961.9,5.0,569.0,0.0,569.0,packet_delivered,0.0,0.0,0.0,0.0,0.0,0.0,0.0,0.0,NA,0,1181.0
NFT-/XUTR/DEUTH02615930658X,35.67,0.0,0.0,2999.0,39.331,1.856,0.187,0.0,0.0,prepaid,0.037,9.557,0.0,0.0,0.0,11.27726,-48.528,"",'133097674832180734003,2026-06-08,11153985596,4fb8277a-24b6-4380-8489-4e0e12e13466,100164675673,Reverse,100099256305,100099256305,11504,713.33,5.0,2156.0,0.0,2156.0,return_refund,0.0,0.0,0.0,0.0,0.0,0.0,0.0,0.0,NA,0,843.0
NFT-/XUTR/DEUTH02615930658X,19.05,0.0,0.0,1499.0,400.0,18.88,1.905,0.0,0.0,prepaid,0.381,182.0,0.0,0.0,0.0,214.76,-593.594,"",'133122575777564222003,2026-06-08,11160138780,ee1252ba-40b4-4d66-a9eb-f64440375f4b,100164701792,Reverse,100105409481,1000030852740,11504,380.95,5.0,1005.0,0.0,1005.0,return_refund,0.0,0.0,0.0,0.0,0.0,0.0,0.0,0.0,NA,0,494.0
NFT-/XUTR/DEUTH02615930658X,21.48,0.0,0.0,1599.0,451.0,21.287,2.148,0.0,0.0,prepaid,0.43,0.0,0.0,19.0,0.0,22.42,404.715,"",'133116320240915811603,2026-06-08,11157733696,75500597-c834-40da-aa39-a48090e4cf01,"",Forward,100103004399,1000030857404,11504,429.52,5.0,1054.0,0.0,1054.0,packet_delivered,0.0,0.0,0.0,0.0,0.0,0.0,0.0,0.0,NA,0,545.0
NFT-/XUTR/DEUTH02615930658X,33.19,0.0,0.0,2499.0,697.0,32.898,3.319,0.0,0.0,prepaid,0.664,0.0,0.0,27.0,0.0,31.86,628.259,"",'133123209048359603601,2026-06-08,11160298823,736ead2b-f9b6-4c74-924c-9646029dd566,"",Forward,100105569524,1000031406648,11504,663.81,5.0,1708.0,0.0,1708.0,packet_delivered,0.0,0.0,0.0,0.0,0.0,0.0,0.0,0.0,NA,0,791.0
NFT-/XUTR/DEUTH02615930658X,36.76,0.0,0.0,2599.0,772.0,36.438,3.676,0.0,0.0,prepaid,0.735,0.0,0.0,27.0,0.0,31.86,699.291,"",'133139766492709839901,2026-06-08,11166101158,81670932-0046-419a-b306-e307cf08aa88,"",Forward,100111371853,100111371853,11504,735.24,5.0,1733.0,0.0,1733.0,packet_delivered,0.0,0.0,0.0,0.0,0.0,0.0,0.0,0.0,NA,0,866.0
NFT-/XUTR/DEUTH02615930658X,49.81,0.0,0.0,2999.0,423.67,104.985,2.017,0.0,0.0,prepaid,0.403,0.0,0.0,18.227,0.0,21.50786,294.757,"",'133123304837920938301,2026-06-08,11160323667,c05a43b4-4716-4944-8195-8f3656927b6f,"",Forward,100105594368,100105594368,11504,996.19,5.0,1782.0,0.0,1782.0,packet_delivered,0.0,0.0,0.0,0.0,0.0,0.0,0.0,0.0,NA,0,1217.0
NFT-/XUTR/DEUTH02615930658X,20.05,0.0,0.0,1599.0,421.0,19.871,2.005,0.0,0.0,prepaid,0.401,0.0,0.0,15.0,0.0,17.7,381.023,"",'133115548389615869703,2026-06-08,11157552254,6e42a56d-6a88-4bd9-8fb4-26218c181736,"",Forward,100102822957,100102822957,11504,400.95,5.0,1084.0,0.0,1084.0,packet_delivered,0.0,0.0,0.0,0.0,0.0,0.0,0.0,0.0,NA,0,515.0
NFT-/XUTR/DEUTH02615930658X,0.0,12.83,12.83,1599.0,539.0,38.161,0.0,1.2835,1.2835,prepaid,0.513,106.0,0.0,0.0,0.0,125.08,-622.839,"",'133140636836865938203,2026-06-08,11166331221,1386db9c-6830-49b8-8be2-a75252a0ca0a,100165984539,Reverse,100111601916,100111601916,11504,513.34,5.0,966.0,0.0,966.0,return_refund,0.0,0.0,0.0,0.0,0.0,0.0,0.0,0.0,NA,0,633.0000000000001
NFT-/XUTR/DEUTH02615930658X,0.0,17.43,17.43,1650.0,732.0,190.027,0.0,1.743,1.743,prepaid,0.697,106.0,0.0,0.0,0.0,125.08,-662.87,"",'133141113900016394103,2026-06-08,11166452459,3194861d-5142-4b12-af93-cf2a2e8dd933,11166452459,Reverse,100111723154,100111723154,11504,697.14,5.0,824.0,0.0,824.0,exchange,0.0,0.0,0.0,0.0,0.0,0.0,0.0,0.0,NA,0,825.9999999999999
NFT-/XUTR/DEUTH02615930658X,19.05,0.0,0.0,1699.0,400.0,18.88,1.905,0.0,0.0,prepaid,0.381,0.0,0.0,0.0,0.0,0.0,378.834,"",'133144906524254977603,2026-06-08,11167300202,b04f75e9-6b31-4610-96e4-d381fc3ba951,"",Forward,100112570896,100112570896,11504,380.95,5.0,1205.0,0.0,1205.0,packet_delivered,0.0,0.0,0.0,0.0,0.0,0.0,0.0,0.0,NA,0,494.0
NFT-/XUTR/DEUTH02615930658X,48.48,0.0,0.0,1699.0,1018.0,240.248,4.848,0.0,0.0,prepaid,0.97,182.0,0.0,0.0,0.0,214.76,-986.694,"",'133098903093015732103,2026-06-08,11154241054,e9f90ded-9412-4a6e-8e39-3f57ed12d01e,100167208026,Reverse,100099511762,100099511762,11504,969.52,5.0,510.0,0.0,510.0,return_refund,0.0,0.0,0.0,0.0,0.0,0.0,0.0,0.0,NA,0,1189.0
NFT-/XUTR/DEUTH02615930658X,0.0,9.52,9.52,1699.0,365.0,17.228,0.0,0.869,0.869,prepaid,0.348,115.888,0.0,0.0,0.0,136.74784,-482.434,"",'133100310429010295601,2026-06-08,11154566179,82817c4b-708d-4b44-b293-577cf9630344,100164028948,Reverse,100099836887,100099836887,11504,380.96,5.0,1205.0,35.0,1240.0,return_refund,0.0,0.0,0.0,0.0,0.0,0.0,0.0,0.0,NA,0,493.99999999999994
NFT-/XUTR/DEUTH02615930658X,26.52,0.0,0.0,1499.0,557.0,39.436,2.652,0.0,0.0,prepaid,0.53,106.0,0.0,0.0,0.0,125.08,-639.462,"",'133143845196523634801,2026-06-08,11167125600,e1627801-28a1-4fc8-86ac-0a4e4d55620c,11167125600,Reverse,100112396294,100112396294,11504,530.48,5.0,848.0,0.0,848.0,exchange,0.0,0.0,0.0,0.0,0.0,0.0,0.0,0.0,NA,0,651.0
NFT-/XUTR/DEUTH02615930658X,0.0,38.76,38.76,1799.0,1628.0,384.208,0.0,3.876,3.876,prepaid,1.55,0.0,0.0,45.0,0.0,53.1,1181.39,"",'133126624902101948803,2026-06-08,11161154751,2d88b805-2bbf-4b63-8881-908cf1166fd0,"",Forward,100106425450,100106425450,11504,1550.48,5.0,0.0,0.0,0.0,packet_delivered,0.0,0.0,0.0,0.0,0.0,0.0,0.0,0.0,NA,0,1799.0
NFT-/XUTR/DEUTH02615930658X,63.24,0.0,0.0,2999.0,1328.0,329.078,6.324,0.0,0.0,prepaid,1.265,0.0,0.0,45.0,0.0,53.1,938.233,"",'133115981871430733401,2026-06-08,11157655504,37018d1b-00f3-4e21-b87c-850919933454,"",Forward,100102926207,100102926207,11504,1264.76,5.0,1500.0,0.0,1500.0,packet_delivered,0.0,0.0,0.0,0.0,0.0,0.0,0.0,0.0,NA,0,1499.0
NFT-/XUTR/DEUTH02615930658X,36.24,0.0,0.0,1799.0,761.0,197.556,3.624,0.0,0.0,prepaid,0.725,127.0,0.0,0.0,0.0,149.86,-708.955,"",'133115975019170179503,2026-06-08,11157653940,2b1140dc-f31f-451d-81e3-c2f082034762,11157653940,Reverse,100102924643,1000030395520,11504,724.76,5.0,944.0,0.0,944.0,exchange,0.0,0.0,0.0,0.0,0.0,0.0,0.0,0.0,NA,0,855.0
NFT-/XUTR/DEUTH02615930658X,19.05,0.0,0.0,1499.0,400.0,18.88,1.905,0.0,0.0,prepaid,0.381,0.0,0.0,0.0,0.0,0.0,378.834,"",'133122575777564222003,2026-06-08,11160138780,ee1252ba-40b4-4d66-a9eb-f64440375f4b,"",Forward,100105409481,1000030852740,11504,380.95,5.0,1005.0,0.0,1005.0,packet_delivered,0.0,0.0,0.0,0.0,0.0,0.0,0.0,0.0,NA,0,494.0
NFT-/XUTR/DEUTH02615930658X,49.67,0.0,0.0,1799.0,1043.0,246.148,4.967,0.0,0.0,prepaid,0.993,0.0,0.0,45.0,0.0,53.1,737.792,"",'133113726857029264001,2026-06-08,11156815600,f475e720-e98a-4838-ab95-7e1451923e92,"",Forward,100102086303,100102086303,11504,993.33,5.0,585.0,0.0,585.0,packet_delivered,0.0,0.0,0.0,0.0,0.0,0.0,0.0,0.0,NA,0,1214.0
NFT-/XUTR/DEUTH02615930658X,56.95,0.0,0.0,3399.0,1196.0,296.369,5.695,0.0,0.0,prepaid,1.139,0.0,0.0,45.0,0.0,53.1,839.697,"",'133137537444016599201,2026-06-08,11165735935,c70b33d2-e1fa-4dd0-9146-d722544f144a,"",Forward,100111006630,1000031996115,11504,1139.05,5.0,2032.0,0.0,2032.0,packet_delivered,0.0,0.0,0.0,0.0,0.0,0.0,0.0,0.0,NA,0,1367.0
NFT-/XUTR/DEUTH02615930658X,30.14,0.0,0.0,1999.0,633.0,29.878000000000004,3.014,0.0,0.0,prepaid,0.603,106.0,0.0,0.0,0.0,125.08,-724.585,"",'133137537444016599201,2026-06-08,11165735946,c70b33d2-e1fa-4dd0-9146-d722544f144a,100164388356,Reverse,100111006641,1000031996115,11504,602.86,5.0,1272.0,0.0,1272.0,return_refund,0.0,0.0,0.0,0.0,0.0,0.0,0.0,0.0,NA,0,727.0
NFT-/XUTR/DEUTH02615930658X,39.05,0.0,0.0,1899.0,773.0,200.671,3.681,0.0,0.0,prepaid,0.736,171.568,0.0,0.0,0.0,202.45024,-770.362,"",'133108017007499252103,2026-06-08,11155904384,9f10216f-0e2a-49e9-85e9-e1bde9250569,100164270047,Reverse,100101175090,1000029943831,11504,780.95,5.0,985.0,47.0,1032.0,return_refund,0.0,0.0,0.0,0.0,0.0,0.0,0.0,0.0,NA,0,914.0
NFT-/XUTR/DEUTH02615930658X,102.86,0.0,0.0,3499.0,2160.0,509.75999999999993,10.286,0.0,0.0,prepaid,2.057,127.0,0.0,0.0,0.0,149.86,-1787.757,"",'133126248533452202603,2026-06-08,11161050772,e8273883-8f15-491a-8722-504adad0fe19,100165675104,Reverse,100106321471,100106321471,11504,2057.14,5.0,1133.0,0.0,1133.0,return_refund,0.0,0.0,0.0,0.0,0.0,0.0,0.0,0.0,NA,0,2366.0
NFT-/XUTR/DEUTH02615930658X,18.38,0.0,0.0,1650.0,386.0,18.219,1.838,0.0,0.0,prepaid,0.368,0.0,0.0,0.0,0.0,0.0,365.575,"",'133126194910578744501,2026-06-08,11161035392,7cf561ac-38da-4679-b390-5fab4caef5d6,"",Forward,100106306091,1000031399062,11504,367.62,5.0,1205.0,0.0,1205.0,packet_delivered,0.0,0.0,0.0,0.0,0.0,0.0,0.0,0.0,NA,0,445.0
NFT-/XUTR/DEUTH02615930658X,21.81,0.0,0.0,1399.0,458.0,21.618,2.181,0.0,0.0,prepaid,0.436,182.0,0.0,0.0,0.0,214.76,-648.525,"",'133118969115505205801,2026-06-08,11158578285,2e409c04-739f-4d84-a23e-b9eeff6eec35,100165376959,Reverse,100103848987,1000030853643,11504,436.19,5.0,847.0,0.0,847.0,return_refund,0.0,0.0,0.0,0.0,0.0,0.0,0.0,0.0,NA,0,552.0
NFT-/XUTR/DEUTH02615930658X,35.14,0.0,0.0,1799.0,738.0,191.585,3.514,0.0,0.0,prepaid,0.703,0.0,0.0,27.0,0.0,31.86,510.338,"",'133117757675461228003,2026-06-08,11158120072,cdf6883a-512a-42b6-a1c3-22fd406a2c35,"",Forward,100103390775,100103390775,11504,702.86,5.0,967.0,0.0,967.0,packet_delivered,0.0,0.0,0.0,0.0,0.0,0.0,0.0,0.0,NA,0,832.0
NFT-/XUTR/DEUTH02615930658X,103.48,0.0,0.0,3399.0,2173.0,512.828,10.348,0.0,0.0,prepaid,2.07,106.0,0.0,0.0,0.0,125.08,-1772.834,"",'133139184037673410103,2026-06-08,11165954485,7c66e780-3600-479b-941e-363d9bfcbdd5,100164376079,Reverse,100111225180,1000032008263,11504,2069.52,5.0,1020.0,0.0,1020.0,return_refund,0.0,0.0,0.0,0.0,0.0,0.0,0.0,0.0,NA,0,2379.0
NFT-/XUTR/DEUTH02615930658X,43.05,0.0,0.0,1999.0,904.0,234.678,4.305,0.0,0.0,prepaid,0.861,0.0,0.0,27.0,0.0,31.86,632.296,"",'133098253079957849701,2026-06-08,11154107188,a885ec42-4a2d-47a3-bc8a-7ba3a6932eae,"",Forward,100099377897,1000029784711,11504,860.95,5.0,1001.0,0.0,1001.0,packet_delivered,0.0,0.0,0.0,0.0,0.0,0.0,0.0,0.0,NA,0,998.0
NFT-/XUTR/DEUTH02615930658X,51.81,0.0,0.0,1799.0,1088.0,256.768,5.181,0.0,0.0,prepaid,1.036,0.0,0.0,45.0,0.0,53.1,771.915,"",'133112454571881420303,2026-06-08,11156550881,b115e212-511d-490f-a25c-09ff561aa07a,"",Forward,100101821585,100101821585,11504,1036.19,5.0,540.0,0.0,540.0,packet_delivered,0.0,0.0,0.0,0.0,0.0,0.0,0.0,0.0,NA,0,1259.0
NFT-/XUTR/DEUTH02615930658X,75.19,0.0,0.0,1750.0,1579.0,372.644,7.519,0.0,0.0,prepaid,1.504,0.0,0.0,45.0,0.0,53.1,1144.233,"",'133142602594188409303,2026-06-08,11166807933,913fe7d5-14c5-4451-8ff8-b0cab72a054f,"",Forward,100112078628,1000032417937,11504,1503.81,5.0,0.0,0.0,0.0,packet_delivered,0.0,0.0,0.0,0.0,0.0,0.0,0.0,0.0,NA,0,1750.0
NFT-/XUTR/DEUTH02615930658X,52.0,0.0,0.0,1899.0,1092.0,257.712,5.2,0.0,0.0,prepaid,1.04,106.0,0.0,0.0,0.0,125.08,-953.128,"",'133143093231201405001,2026-06-08,11166926197,a97d331a-3e0b-402a-a770-d8d04dfda379,100168286553,Reverse,100112196891,100112196891,11504,1040,5.0,636.0,0.0,636.0,return_refund,0.0,0.0,0.0,0.0,0.0,0.0,0.0,0.0,NA,0,1263.0
NFT-/XUTR/DEUTH02615930658X,36.05,0.0,0.0,2499.0,757.0,35.73,3.605,0.0,0.0,prepaid,0.721,106.0,0.0,0.0,0.0,125.08,-842.024,"",'133147081926201186001,2026-06-08,11167412999,5b65c085-61d3-40d8-9549-f6a22a6b8d8f,100164557914,Reverse,100112683693,100112683693,11504,720.95,5.0,1648.0,0.0,1648.0,return_refund,0.0,0.0,0.0,0.0,0.0,0.0,0.0,0.0,NA,0,851.0
NFT-/XUTR/DEUTH02615930658X,34.14,0.0,0.0,1599.0,717.0,186.133,3.414,0.0,0.0,prepaid,0.683,0.0,0.0,27.0,0.0,31.86,494.91,"",'133118165031771585701,2026-06-08,11158233688,6d6bfb09-ce01-44f5-b861-2f79535f3df3,"",Forward,100103504390,100103504390,11504,682.86,5.0,788.0,0.0,788.0,packet_delivered,0.0,0.0,0.0,0.0,0.0,0.0,0.0,0.0,NA,0,811.0
NFT-/XUTR/DEUTH02615930658X,59.71,0.0,0.0,2999.0,1254.0,310.741,5.971,0.0,0.0,prepaid,1.194,106.0,0.0,0.0,0.0,125.08,-1061.174,"",'133135542587188672001,2026-06-08,11163905912,1f6107f9-a425-4306-9c7b-33bbb488b3e3,11163905912,Reverse,100109176607,100109176607,11504,1194.29,5.0,1574.0,0.0,1574.0,exchange,0.0,0.0,0.0,0.0,0.0,0.0,0.0,0.0,NA,0,1425.0
NFT-/XUTR/DEUTH02615930658X,17.62,0.0,0.0,1799.0,0.78,0.03699999999999999,0.004,0.0,0.0,prepaid,0.001,0.0,0.0,0.0,0.0,0.0,0.738,"",'133117143194906522003,2026-06-08,11157940228,03a4ea46-01be-45df-8d14-75fe78f7658b,"",Forward,100103210930,1000030450611,11504,352.38,5.0,1335.0,0.0,1335.0,packet_delivered,0.0,0.0,0.0,0.0,0.0,0.0,0.0,0.0,NA,0,464.0
NFT-/XUTR/DEUTH02615930658X,32.91,0.0,0.0,1999.0,665.0,31.388,3.167,0.0,0.0,prepaid,0.633,0.0,0.0,25.984,0.0,30.66112,599.151,"",'133126449964527944903,2026-06-08,11161108153,c24a7a77-ea79-4b31-a7b9-ce6cd9de5806,"",Forward,100106378852,100106378852,11504,658.1,5.0,1214.0,26.0,1240.0,packet_delivered,0.0,0.0,0.0,0.0,0.0,0.0,0.0,0.0,NA,0,785.01
NFT-/XUTR/DEUTH02615930658X,20.29,0.0,0.0,1699.0,426.0,20.107,2.029,0.0,0.0,prepaid,0.406,0.0,0.0,15.0,0.0,17.7,385.758,"",'133144808772550056303,2026-06-08,11167293625,3d285d0e-90be-4e21-8eb1-d7af76c6dbf9,"",Forward,100112564319,1000032304255,11504,405.71,5.0,1179.0,0.0,1179.0,packet_delivered,0.0,0.0,0.0,0.0,0.0,0.0,0.0,0.0,NA,0,520.0
NFT-/XUTR/DEUTH02615930658X,22.14,0.0,0.0,1499.0,465.0,21.948,2.214,0.0,0.0,prepaid,0.443,0.0,0.0,19.0,0.0,22.42,417.975,"",'133131548982555942201,2026-06-08,11162694708,46860759-74ab-4758-9c31-bb77b8b2c52a,"",Forward,100107965404,1000031996528,11504,442.86,5.0,940.0,0.0,940.0,packet_delivered,0.0,0.0,0.0,0.0,0.0,0.0,0.0,0.0,NA,0,559.0
NFT-/XUTR/DEUTH02615930658X,26.86,0.0,0.0,1699.0,537.06,38.024,2.557,0.0,0.0,prepaid,0.511,0.0,0.0,25.71,4.726,35.91448,460.054,"",'133143853258710856303,2026-06-08,11167127832,47a510ac-a9be-4906-b822-429b501bf81c,"",Forward,100112398526,100112398526,11504,537.14,5.0,1041.0,0.0,1041.0,packet_delivered,0.0,0.0,0.0,0.0,0.0,0.0,0.0,0.0,NA,0,658.0
NFT-/XUTR/DEUTH02615930658X,32.57,0.0,0.0,2499.0,653.0,30.822000000000003,3.11,0.0,0.0,prepaid,0.622,173.751,0.0,0.0,0.0,205.02618,-823.472,"",'133105546870985136001,2026-06-08,11155318534,00d275c8-5418-4afc-a689-e994fef917bd,100165813400,Reverse,100100589241,1000030227890,11504,651.43,5.0,1721.0,31.0,1752.0,return_refund,0.0,0.0,0.0,0.0,0.0,0.0,0.0,0.0,NA,0,778.0
NFT-/XUTR/DEUTH02615930658X,32.57,0.0,0.0,2899.0,684.0,32.285,3.257,0.0,0.0,prepaid,0.651,0.0,0.0,27.0,0.0,31.86,615.947,"",'133105005562332308301,2026-06-08,11155177272,e339791c-c3df-422d-9481-aecfdd0eb886,"",Forward,100100447979,100100447979,11504,651.43,5.0,2121.0,0.0,2121.0,packet_delivered,0.0,0.0,0.0,0.0,0.0,0.0,0.0,0.0,NA,0,778.0
NFT-/XUTR/DEUTH02615930658X,32.57,0.0,0.0,3450.0,684.0,32.285,3.257,0.0,0.0,prepaid,0.651,0.0,0.0,27.0,0.0,31.86,615.947,"",'133125384986304667603,2026-06-08,11160821175,73a83de1-1b2e-49aa-9254-978d2e3da9b3,"",Forward,100106091876,100106091876,11504,651.43,5.0,2672.0,0.0,2672.0,packet_delivered,0.0,0.0,0.0,0.0,0.0,0.0,0.0,0.0,NA,0,778.0
NFT-/XUTR/DEUTH02615930658X,38.38,0.0,0.0,1799.0,806.0,209.238,3.838,0.0,0.0,prepaid,0.768,0.0,0.0,27.0,0.0,31.86,560.296,"",'133097440905265852001,2026-06-08,11153933439,78d54603-4a09-41ef-94f2-d1b13fe02162,"",Forward,100099204148,100099204148,11504,767.62,5.0,899.0,0.0,899.0,packet_delivered,0.0,0.0,0.0,0.0,0.0,0.0,0.0,0.0,NA,0,900.0
NFT-/XUTR/DEUTH02615930658X,55.81,0.0,0.0,2899.0,1172.0,290.422,5.581,0.0,0.0,prepaid,1.116,0.0,0.0,45.0,0.0,53.1,821.781,"",'133098108590392373301,2026-06-08,11154077825,49d8e21a-02df-4f44-b035-f05a602022f5,"",Forward,100099348534,100099348534,11504,1116.19,5.0,1556.0,0.0,1556.0,packet_delivered,0.0,0.0,0.0,0.0,0.0,0.0,0.0,0.0,NA,0,1343.0
NFT-/XUTR/DEUTH02615930658X,18.38,0.0,0.0,1650.0,386.0,18.219,1.838,0.0,0.0,prepaid,0.368,127.0,0.0,0.0,0.0,149.86,-515.435,"",'133126194910578744501,2026-06-08,11161035392,7cf561ac-38da-4679-b390-5fab4caef5d6,100166172073,Reverse,100106306091,1000031399062,11504,367.62,5.0,1205.0,0.0,1205.0,return_refund,0.0,0.0,0.0,0.0,0.0,0.0,0.0,0.0,NA,0,445.0
NFT-/XUTR/DEUTH02615930658X,104.43,0.0,0.0,2399.0,2193.0,491.671,10.443,0.0,0.0,prepaid,2.089,0.0,0.0,61.0,0.0,71.98,1616.817,"",'133086865546310139503,2026-06-08,11151453558,5c0224c7-28b1-4a55-be7f-8cd7cd480fda,"",Forward,100096724273,100096724273,11504,2088.57,5.0,0.0,0.0,0.0,packet_delivered,0.0,0.0,0.0,0.0,0.0,0.0,0.0,0.0,NA,0,2399.0
NFT-/XUTR/DEUTH02615930658X,104.14,0.0,0.0,6399.0,2187.0,516.132,10.414,0.0,0.0,prepaid,2.083,0.0,0.0,61.0,0.0,71.98,1586.391,"",'133106065488171264103,2026-06-08,11155453580,bcacadcd-fecc-4bf2-ae96-9c0120779557,"",Forward,100100724286,100100724286,11504,2082.86,5.0,3900.0,0.0,3900.0,packet_delivered,0.0,0.0,0.0,0.0,0.0,0.0,0.0,0.0,NA,0,2499.0
NFT-/XUTR/DEUTH02615930658X,34.14,0.0,0.0,1599.0,717.0,186.133,3.414,0.0,0.0,prepaid,0.683,0.0,0.0,27.0,0.0,31.86,494.91,"",'133113490250679872603,2026-06-08,11156756186,4c09d2a3-efaf-4508-b481-a5e64ffc7d40,"",Forward,100102026889,1000030262366,11504,682.86,5.0,788.0,0.0,788.0,packet_delivered,0.0,0.0,0.0,0.0,0.0,0.0,0.0,0.0,NA,0,811.0
NFT-/XUTR/DEUTH02615930658X,32.57,0.0,0.0,2499.0,653.0,30.822000000000003,3.11,0.0,0.0,prepaid,0.622,0.0,0.0,25.776,0.0,30.41568,588.03,"",'133105546870985136001,2026-06-08,11155318534,00d275c8-5418-4afc-a689-e994fef917bd,"",Forward,100100589241,1000030227890,11504,651.43,5.0,1721.0,31.0,1752.0,packet_delivered,0.0,0.0,0.0,0.0,0.0,0.0,0.0,0.0,NA,0,778.0
NFT-/XUTR/DEUTH02615930658X,82.24,0.0,0.0,2899.0,1727.0,427.951,8.224,0.0,0.0,prepaid,1.645,0.0,0.0,45.0,0.0,53.1,1236.08,"",'133114818243592442703,2026-06-08,11157379231,f9f25004-e604-4e9f-9c22-3e60461d13a2,"",Forward,100102649934,100102649934,11504,1644.76,5.0,966.0,0.0,966.0,packet_delivered,0.0,0.0,0.0,0.0,0.0,0.0,0.0,0.0,NA,0,1933.0
NFT-/XUTR/DEUTH02615930658X,19.05,0.0,0.0,1599.0,400.0,18.88,1.905,0.0,0.0,prepaid,0.381,182.0,0.0,0.0,0.0,214.76,-593.594,"",'133112628593788413401,2026-06-08,11156578441,56799b31-5f29-4599-9ae8-0f25efabd219,100165117673,Reverse,100101849145,100101849145,11504,380.95,5.0,1105.0,0.0,1105.0,return_refund,0.0,0.0,0.0,0.0,0.0,0.0,0.0,0.0,NA,0,494.0
NFT-/XUTR/DEUTH02615930658X,36.76,0.0,0.0,2599.0,772.0,36.438,3.676,0.0,0.0,prepaid,0.735,0.0,0.0,27.0,0.0,31.86,699.291,"",'133123209048359603601,2026-06-08,11160298820,736ead2b-f9b6-4c74-924c-9646029dd566,"",Forward,100105569521,1000031406648,11504,735.24,5.0,1733.0,0.0,1733.0,packet_delivered,0.0,0.0,0.0,0.0,0.0,0.0,0.0,0.0,NA,0,866.0
NFT-/XUTR/DEUTH02615930658X,31.29,0.0,0.0,2499.0,657.0,31.009999999999998,3.129,0.0,0.0,prepaid,0.626,0.0,0.0,27.0,0.0,31.86,590.375,"",'133098504880114798803,2026-06-08,11154159254,7e579f97-6cff-4705-9a34-4c51716c4a2d,"",Forward,100099429963,1000029785823,11504,625.71,5.0,1748.0,0.0,1748.0,packet_delivered,0.0,0.0,0.0,0.0,0.0,0.0,0.0,0.0,NA,0,751.0
NFT-/XUTR/DEUTH02615930658X,51.29,0.0,0.0,2499.0,1077.0,266.881,5.129,0.0,0.0,prepaid,1.026,106.0,0.0,0.0,0.0,125.08,-929.044,"",'133123708143087586703,2026-06-08,11160428879,a85e52f1-e8b6-4bd9-8447-630030d8c958,100164196864,Reverse,100105699580,100105699580,11504,1025.71,5.0,1251.0,0.0,1251.0,return_refund,0.0,0.0,0.0,0.0,0.0,0.0,0.0,0.0,NA,0,1248.0
NFT-/XUTR/DEUTH02615930658X,22.33,0.0,0.0,1599.0,469.0,22.137,2.233,0.0,0.0,prepaid,0.447,0.0,0.0,27.0,0.0,31.86,412.323,"",'133093320595958617703,2026-06-08,11153387762,367207e3-af9c-4da1-a685-7591ba1d87e7,"",Forward,100098658471,1000029310353,11504,446.67,5.0,1036.0,0.0,1036.0,packet_delivered,0.0,0.0,0.0,0.0,0.0,0.0,0.0,0.0,NA,0,563.0
NFT-/XUTR/DEUTH02615930658X,66.43,0.0,0.0,3299.0,1395.0,345.681,6.643,0.0,0.0,prepaid,1.329,182.0,0.0,0.0,0.0,214.76,-1256.107,"",'133122514087164001501,2026-06-08,11160122593,6384adef-57af-42cd-adf0-20d93397a8bb,100168283313,Reverse,100105393294,1000030861811,11504,1328.57,5.0,1733.0,0.0,1733.0,return_refund,0.0,0.0,0.0,0.0,0.0,0.0,0.0,0.0,NA,0,1566.0
NFT-/XUTR/DEUTH02615930658X,74.14,0.0,0.0,3399.0,1557.0,349.079,7.414,0.0,0.0,prepaid,1.483,106.0,0.0,0.0,0.0,125.08,-1324.104,"",'133147061063510421003,2026-06-08,11167410153,bd412a51-e685-40a3-866a-c14af1357d89,100164715053,Reverse,100112680847,100112680847,11504,1482.86,5.0,1671.0,0.0,1671.0,return_refund,0.0,0.0,0.0,0.0,0.0,0.0,0.0,0.0,NA,0,1728.0
NFT-/XUTR/DEUTH02615930658X,22.81,0.0,0.0,1599.0,479.0,22.609,2.281,0.0,0.0,prepaid,0.456,0.0,0.0,27.0,0.0,31.86,421.794,"",'133126692421700893403,2026-06-08,11161172485,aacad0f3-7749-46ec-84c9-b253046cd7de,"",Forward,100106443184,100106443184,11504,456.19,5.0,1026.0,0.0,1026.0,packet_delivered,0.0,0.0,0.0,0.0,0.0,0.0,0.0,0.0,NA,0,573.0
NFT-/XUTR/DEUTH02615930658X,0.0,17.43,17.43,1650.0,732.0,190.027,0.0,1.743,1.743,prepaid,0.697,0.0,0.0,27.0,0.0,31.86,505.93,"",'133141113900016394103,2026-06-08,11166452459,3194861d-5142-4b12-af93-cf2a2e8dd933,"",Forward,100111723154,100111723154,11504,697.14,5.0,824.0,0.0,824.0,packet_delivered,0.0,0.0,0.0,0.0,0.0,0.0,0.0,0.0,NA,0,825.9999999999999
NFT-/XUTR/DEUTH02615930658X,33.67,0.0,0.0,2599.0,707.0,33.37,3.367,0.0,0.0,prepaid,0.673,0.0,0.0,27.0,0.0,31.86,637.73,"",'133141128591646805901,2026-06-08,11166456195,71d86e1c-32e3-4297-b970-cd35adf11f06,"",Forward,100111726890,100111726890,11504,673.33,5.0,1798.0,0.0,1798.0,packet_delivered,0.0,0.0,0.0,0.0,0.0,0.0,0.0,0.0,NA,0,801.0
NFT-/XUTR/DEUTH02615930658X,34.19,0.0,0.0,2899.0,685.0,32.332,3.262,0.0,0.0,prepaid,0.652,0.0,0.0,25.759,0.0,30.39562,618.358,"",'133105546870985136001,2026-06-08,11155318538,00d275c8-5418-4afc-a689-e994fef917bd,"",Forward,100100589245,1000030227890,11504,683.81,5.0,2087.0,33.0,2120.0,packet_delivered,0.0,0.0,0.0,0.0,0.0,0.0,0.0,0.0,NA,0,812.0
NFT-/XUTR/DEUTH02615930658X,28.48,0.0,0.0,1999.0,598.0,28.226,2.848,0.0,0.0,prepaid,0.57,0.0,0.0,0.0,0.478,0.56404,565.792,"",'133126643271221292303,2026-06-08,11161159542,4cba5aa4-8a0d-4475-9733-ba67c7e349ce,"",Forward,100106430241,100106430241,11504,569.52,5.0,1283.0,0.0,1283.0,packet_delivered,0.0,0.0,0.0,0.0,0.0,0.0,0.0,0.0,NA,0,716.0
NFT-/XUTR/DEUTH02615930658X,53.67,0.0,0.0,3399.0,1127.0,279.271,5.367,0.0,0.0,prepaid,1.073,182.0,0.0,0.0,0.0,214.76,-1056.049,"",'133097882710731465301,2026-06-08,11154030809,ee14aaa0-189f-4cb7-b01c-584829696447,100163942634,Reverse,100099301518,100099301518,11504,1073.33,5.0,2101.0,0.0,2101.0,return_refund,0.0,0.0,0.0,0.0,0.0,0.0,0.0,0.0,NA,0,1298.0
NFT-/XUTR/DEUTH02615930658X,76.52,0.0,0.0,3499.0,1607.0,398.215,7.652,0.0,0.0,prepaid,1.53,0.0,0.0,45.0,0.0,53.1,1146.503,"",'133113924079952783501,2026-06-08,11156917338,dc5056ea-82d2-4993-a7d3-8b2e2cc3af7e,"",Forward,100102188041,100102188041,11504,1530.48,5.0,1721.0,0.0,1721.0,packet_delivered,0.0,0.0,0.0,0.0,0.0,0.0,0.0,0.0,NA,0,1778.0
NFT-/XUTR/DEUTH02615930658X,18.62,0.0,0.0,1599.0,391.0,18.455,1.862,0.0,0.0,prepaid,0.372,0.0,0.0,0.0,0.0,0.0,370.311,"",'133127416034287463903,2026-06-08,11161287389,2e80d795-19b5-4c04-ac54-0633dc3a5a1f,"",Forward,100106558088,100106558088,11504,372.38,5.0,1114.0,0.0,1114.0,packet_delivered,0.0,0.0,0.0,0.0,0.0,0.0,0.0,0.0,NA,0,485.0
NFT-/XUTR/DEUTH02615930658X,19.05,0.0,0.0,1699.0,400.0,18.88,1.905,0.0,0.0,prepaid,0.381,0.0,0.0,0.0,0.0,0.0,378.834,"",'133130660597105601003,2026-06-08,11162441011,d520894f-348a-4ff3-93cd-a9fc7262e735,"",Forward,100107711709,100107711709,11504,380.95,5.0,1205.0,0.0,1205.0,packet_delivered,0.0,0.0,0.0,0.0,0.0,0.0,0.0,0.0,NA,0,494.0
NFT-/XUTR/DEUTH02615930658X,35.29,0.0,0.0,2799.0,639.0,30.161,3.043,0.0,0.0,prepaid,0.609,156.947,0.0,0.0,0.0,185.19746,-790.384,"",'133109079693463005501,2026-06-08,11156194029,53f46973-688a-4e81-a6b1-3236c2404de4,100165980266,Reverse,100101464734,100101464734,11504,705.71,5.0,1964.0,102.0,2066.0,return_refund,0.0,0.0,0.0,0.0,0.0,0.0,0.0,0.0,NA,0,835.0
NFT-/XUTR/DEUTH02615930658X,18.62,0.0,0.0,1499.0,391.0,18.455,1.862,0.0,0.0,prepaid,0.372,0.0,0.0,0.0,0.0,0.0,370.311,"",'133122575777564222003,2026-06-08,11160138779,ee1252ba-40b4-4d66-a9eb-f64440375f4b,"",Forward,100105409480,1000030852740,11504,372.38,5.0,1014.0,0.0,1014.0,packet_delivered,0.0,0.0,0.0,0.0,0.0,0.0,0.0,0.0,NA,0,485.0
NFT-/XUTR/DEUTH02615930658X,74.1,0.0,0.0,3399.0,1556.0,385.577,7.41,0.0,0.0,prepaid,1.482,0.0,0.0,45.0,0.0,53.1,1108.431,"",'133097836000417767501,2026-06-08,11154020884,a850f485-b96a-4543-8c90-fcca9e978907,"",Forward,100099291593,100099291593,11504,1481.9,5.0,1672.0,0.0,1672.0,packet_delivered,0.0,0.0,0.0,0.0,0.0,0.0,0.0,0.0,NA,0,1727.0
NFT-/XUTR/DEUTH02615930658X,24.05,0.0,0.0,1699.0,505.0,35.754,2.405,0.0,0.0,prepaid,0.481,0.0,0.0,27.0,0.0,31.86,434.5,"",'133118969115505205801,2026-06-08,11158578286,2e409c04-739f-4d84-a23e-b9eeff6eec35,"",Forward,100103848988,1000030853643,11504,480.95,5.0,1100.0,0.0,1100.0,packet_delivered,0.0,0.0,0.0,0.0,0.0,0.0,0.0,0.0,NA,0,599.0
NFT-/XUTR/DEUTH02615930658X,0.0,14.14,14.14,1699.0,594.0,42.055,0.0,1.4145,1.4145,prepaid,0.566,127.0,0.0,0.0,0.0,149.86,-698.41,"",'133114150856669278303,2026-06-08,11156985330,dedbd134-132b-4ea8-96c0-f2e97aaea085,100164059917,Reverse,100102256033,1000030846482,11504,565.72,5.0,1011.0,0.0,1011.0,return_refund,0.0,0.0,0.0,0.0,0.0,0.0,0.0,0.0,NA,0,688.0
NFT-/XUTR/DEUTH02615930658X,59.71,0.0,0.0,2999.0,381.573,94.554,1.817,0.0,0.0,prepaid,0.363,0.0,0.0,13.693,0.0,16.15774,268.681,"",'133097410076461798801,2026-06-08,11153926729,606f9082-ab5a-4adc-a20d-3f49b6e6aa8d,"",Forward,100099197438,100099197438,11504,1194.29,5.0,1574.0,0.0,1574.0,packet_delivered,0.0,0.0,0.0,0.0,0.0,0.0,0.0,0.0,NA,0,1425.0
NFT-/XUTR/DEUTH02615930658X,59.62,0.0,0.0,2999.0,1252.0,310.246,5.962,0.0,0.0,prepaid,1.192,0.0,0.0,45.0,0.0,53.1,881.5,"",'133100042799153324703,2026-06-08,11154493997,09ef838b-a3c4-436a-9b3e-fe27058be416,"",Forward,100099764705,1000029790292,11504,1192.38,5.0,1576.0,0.0,1576.0,packet_delivered,0.0,0.0,0.0,0.0,0.0,0.0,0.0,0.0,NA,0,1423.0
NFT-/XUTR/DEUTH02615930658X,41.95,0.0,0.0,1950.0,881.0,228.708,4.195,0.0,0.0,prepaid,0.839,0.0,0.0,27.0,0.0,31.86,615.398,"",'133117690221732467403,2026-06-08,11158099910,f76255df-4179-4953-9c22-5145118065e6,"",Forward,100103370612,100103370612,11504,839.05,5.0,975.0,0.0,975.0,packet_delivered,0.0,0.0,0.0,0.0,0.0,0.0,0.0,0.0,NA,0,975.0
NFT-/XUTR/DEUTH02615930658X,0.0,35.21,35.21,1650.0,1479.0,349.044,0.0,3.5215,3.5215,prepaid,1.409,0.0,0.0,45.0,0.0,53.1,1068.404,"",'133146422552873229403,2026-06-08,11167350507,ec5e6f27-18f8-47a0-9c3d-ef85bf3be27c,"",Forward,100112621201,100112621201,11504,1408.58,5.0,0.0,0.0,0.0,packet_delivered,0.0,0.0,0.0,0.0,0.0,0.0,0.0,0.0,NA,0,1650.0
NFT-/XUTR/DEUTH02615930658X,61.95,0.0,0.0,2899.0,1301.0,322.388,6.195,0.0,0.0,prepaid,1.239,182.0,0.0,0.0,0.0,214.76,-1185.938,"",'133125496385865268301,2026-06-08,11160850350,a8a50ed6-8a8f-412b-b75c-7f31f10f39df,100165824253,Reverse,100106121050,100106121050,11504,1239.05,5.0,1427.0,0.0,1427.0,return_refund,0.0,0.0,0.0,0.0,0.0,0.0,0.0,0.0,NA,0,1472.0
NFT-/XUTR/DEUTH02615930658X,35.05,0.0,0.0,1750.0,736.0,191.066,3.505,0.0,0.0,prepaid,0.701,0.0,0.0,27.0,0.0,31.86,508.868,"",'133136279307417703003,2026-06-08,11164602515,84497042-c0d0-4521-ac77-0a361a9aed4b,"",Forward,100109873209,1000031737543,11504,700.95,5.0,920.0,0.0,920.0,packet_delivered,0.0,0.0,0.0,0.0,0.0,0.0,0.0,0.0,NA,0,830.0
NFT-/XUTR/DEUTH02615930658X,53.52,0.0,0.0,1950.0,3.48,0.821,0.017,0.0,0.0,prepaid,0.003,0.0,0.0,0.139,0.0,0.16402,2.475,"",'133108564764677713901,2026-06-08,11156043510,94436563-52e5-4251-a292-701f98ee6c84,"",Forward,100101314215,100101314215,11504,1070.48,5.0,655.0,0.0,655.0,packet_delivered,0.0,0.0,0.0,0.0,0.0,0.0,0.0,0.0,NA,0,1295.0
NFT-/XUTR/DEUTH02615930658X,70.0,0.0,0.0,3399.0,1470.0,329.574,7,0.0,0.0,prepaid,1.4,106.0,0.0,0.0,0.0,125.08,-1257.106,"",'133127027105671445803,2026-06-08,11161244383,2c4b4fef-bfc2-45ca-90d5-24a0aa8f8f7d,100164719165,Reverse,100106515082,1000031128815,11504,1400,5.0,1758.0,0.0,1758.0,return_refund,0.0,0.0,0.0,0.0,0.0,0.0,0.0,0.0,NA,0,1641.0
NFT-/XUTR/DEUTH02615930658X,20.43,0.0,0.0,1850.0,429.0,20.249,2.043,0.0,0.0,prepaid,0.409,0.0,0.0,15.0,0.0,17.7,388.599,"",'133106367763665493903,2026-06-08,11155529629,eb5b0ed9-4f90-4417-8a51-01e45d21844d,"",Forward,100100800335,100100800335,11504,408.57,5.0,1327.0,0.0,1327.0,packet_delivered,0.0,0.0,0.0,0.0,0.0,0.0,0.0,0.0,NA,0,523.0
NFT-/XUTR/DEUTH02615930658X,56.95,0.0,0.0,3399.0,1196.0,296.369,5.695,0.0,0.0,prepaid,1.139,0.0,0.0,45.0,0.0,53.1,839.697,"",'133100898588788545101,2026-06-08,11154718153,7cd4305c-62fd-4dd2-b6fc-25e9281eadff,"",Forward,100099988860,100099988860,11504,1139.05,5.0,2032.0,0.0,2032.0,packet_delivered,0.0,0.0,0.0,0.0,0.0,0.0,0.0,0.0,NA,0,1367.0
NFT-/XUTR/DEUTH02615930658X,31.71,0.0,0.0,1499.0,151.09199999999998,39.224,0.719,0.0,0.0,prepaid,0.144,28.812,0.0,0.0,0.0,33.99816,-145.003,"",'133121580742314771303,2026-06-08,11159744255,47680ab3-9202-4def-ad94-a2f7e2c28d2e,100164507805,Reverse,100105014956,100105014956,11504,634.29,5.0,739.0,0.0,739.0,return_refund,0.0,0.0,0.0,0.0,0.0,0.0,0.0,0.0,NA,0,760.0
NFT-/XUTR/DEUTH02615930658X,35.71,0.0,0.0,2899.0,750.0,35.4,3.571,0.0,0.0,prepaid,0.714,0.0,0.0,27.0,0.0,31.86,678.455,"",'133108182166718210301,2026-06-08,11155945217,758e1cbd-39d4-4cef-a24a-85aa29573b08,"",Forward,100101215923,1000030240502,11504,714.29,5.0,2055.0,0.0,2055.0,packet_delivered,0.0,0.0,0.0,0.0,0.0,0.0,0.0,0.0,NA,0,844.0
NFT-/XUTR/DEUTH02615930658X,20.14,0.0,0.0,1799.0,423.0,19.966,2.014,0.0,0.0,prepaid,0.403,182.0,0.0,0.0,0.0,214.76,-615.377,"",'133121398947237190703,2026-06-08,11159709715,c4639367-d2e8-4b49-af19-4d531432eeb3,100165719138,Reverse,100104980417,100104980417,11504,402.86,5.0,1317.0,0.0,1317.0,return_refund,0.0,0.0,0.0,0.0,0.0,0.0,0.0,0.0,NA,0,482.0
NFT-/XUTR/DEUTH02615930658X,59.62,0.0,0.0,2999.0,1252.0,310.246,5.962,0.0,0.0,prepaid,1.192,0.0,0.0,45.0,0.0,53.1,881.5,"",'133097356533335327003,2026-06-08,11153914944,2187c547-1375-4f3d-925d-783de46291fb,"",Forward,100099185653,100099185653,11504,1192.38,5.0,1576.0,0.0,1576.0,packet_delivered,0.0,0.0,0.0,0.0,0.0,0.0,0.0,0.0,NA,0,1423.0
NFT-/XUTR/DEUTH02615930658X,59.71,0.0,0.0,2999.0,1254.0,310.741,5.971,0.0,0.0,prepaid,1.194,0.0,0.0,45.0,0.0,53.1,882.994,"",'133119665861321219403,2026-06-08,11159044135,5dc0a7ef-c206-4de8-96f1-971ae7dce153,"",Forward,100104314837,100104314837,11504,1194.29,5.0,1574.0,0.0,1574.0,packet_delivered,0.0,0.0,0.0,0.0,0.0,0.0,0.0,0.0,NA,0,1425.0
NFT-/XUTR/DEUTH02615930658X,97.81,0.0,0.0,3399.0,2054.0,484.744,9.781,0.0,0.0,prepaid,1.956,0.0,0.0,61.0,0.0,71.98,1485.539,"",'133142188348602607301,2026-06-08,11166711491,fc172264-59b8-4974-aab5-1f91a86b70fa,"",Forward,100111982186,100111982186,11504,1956.19,5.0,1139.0,0.0,1139.0,packet_delivered,0.0,0.0,0.0,0.0,0.0,0.0,0.0,0.0,NA,0,2260.0
NFT-/XUTR/DEUTH02615930658X,63.29,0.0,0.0,2999.0,1329.0,329.326,6.329,0.0,0.0,prepaid,1.266,0.0,0.0,45.0,0.0,53.1,938.979,"",'133144286163257344501,2026-06-08,11167230876,3b65b89f-cc4e-4a1a-9f5c-01ca8851a27a,"",Forward,100112501570,100112501570,11504,1265.71,5.0,1499.0,0.0,1499.0,packet_delivered,0.0,0.0,0.0,0.0,0.0,0.0,0.0,0.0,NA,0,1500.0
NFT-/XUTR/DEUTH02615930658X,21.43,0.0,0.0,1499.0,450.0,21.24,2.143,0.0,0.0,prepaid,0.429,182.0,0.0,0.0,0.0,214.76,-640.948,"",'133112960888161521501,2026-06-08,11156638892,3de52ffb-2324-41de-a601-798789e9cfcf,100164187501,Reverse,100101909595,100101909595,11504,428.57,5.0,955.0,0.0,955.0,return_refund,0.0,0.0,0.0,0.0,0.0,0.0,0.0,0.0,NA,0,544.0
NFT-/XUTR/DEUTH02615930658X,20.43,0.0,0.0,1850.0,429.0,20.249,2.043,0.0,0.0,prepaid,0.409,0.0,0.0,15.0,0.0,17.7,388.599,"",'133101383205301614801,2026-06-08,11154795258,68ae0b02-84db-4417-87ae-88a73d656246,"",Forward,100100065965,1000029783447,11504,408.57,5.0,1327.0,0.0,1327.0,packet_delivered,0.0,0.0,0.0,0.0,0.0,0.0,0.0,0.0,NA,0,523.0
NFT-/XUTR/DEUTH02615930658X,38.33,0.0,0.0,1799.0,805.0,208.978,3.833,0.0,0.0,prepaid,0.767,182.0,0.0,0.0,0.0,214.76,-806.182,"",'133106027979362811301,2026-06-08,11155443772,ab6e05a4-0c32-413e-bf92-bdbe0410808f,100164777543,Reverse,100100714478,100100714478,11504,766.67,5.0,900.0,0.0,900.0,return_refund,0.0,0.0,0.0,0.0,0.0,0.0,0.0,0.0,NA,0,899.0
NFT-/XUTR/DEUTH02615930658X,108.86,0.0,0.0,3499.0,2286.0,539.496,10.886,0.0,0.0,prepaid,2.177,182.0,0.0,0.0,0.0,214.76,-1948.201,"",'133098710764429164201,2026-06-08,11154201546,b17572f6-7501-421a-87cc-0aa736496df5,100164037547,Reverse,100099472255,100099472255,11504,2177.14,5.0,1007.0,0.0,1007.0,return_refund,0.0,0.0,0.0,0.0,0.0,0.0,0.0,0.0,NA,0,2492.0
NFT-/XUTR/DEUTH02615930658X,471.81,0.0,0.0,3299.0,3093.0,729.948,13.106,0.0,0.0,prepaid,2.621,0.0,0.0,61.0,0.0,71.98,2275.345,"",'133115204897337827301,2026-06-08,11157470366,88cbc788-910f-4d10-8054-f54a99fd20f7,"",Forward,100102741069,100102741069,11504,2621.19,18.0,0.0,0.0,0.0,packet_delivered,0.0,0.0,0.0,0.0,0.0,0.0,0.0,0.0,NA,0,3299.0
NFT-/XUTR/DEUTH02615930658X,87.05,0.0,0.0,1999.0,1828.0,431.408,8.705,0.0,0.0,prepaid,1.741,0.0,0.0,45.0,0.0,53.1,1333.046,"",'133103990592324092101,2026-06-08,11154960907,606769a1-e58d-4bd4-834a-d471b57ad279,"",Forward,100100231614,1000029787157,11504,1740.95,5.0,0.0,0.0,0.0,packet_delivered,0.0,0.0,0.0,0.0,0.0,0.0,0.0,0.0,NA,0,1999.0
NFT-/XUTR/DEUTH02615930658X,578.59,0.0,0.0,3999.0,3793.0,895.148,16.072,0.0,0.0,prepaid,3.214,0.0,0.0,61.0,0.0,71.98,2806.586,"",'133117528435433315301,2026-06-08,11158050853,5bd0e31c-558d-4622-a651-c7792b18f8d3,"",Forward,100103321555,100103321555,11504,3214.41,18.0,0.0,0.0,0.0,packet_delivered,0.0,0.0,0.0,0.0,0.0,0.0,0.0,0.0,NA,0,3999.0
NFT-/XUTR/DEUTH02615930658X,0.0,24.43,24.43,1799.0,1026.0,242.136,0.0,2.443,2.443,prepaid,0.977,106.0,0.0,0.0,0.0,125.08,-903.081,"",'133123589081803083303,2026-06-08,11160397672,03fff5c5-62ea-4119-8bd3-13cb0e374ce4,100164176166,Reverse,100105668373,100105668373,11504,977.14,5.0,602.0,0.0,602.0,return_refund,0.0,0.0,0.0,0.0,0.0,0.0,0.0,0.0,NA,0,1197.0
NFT-/XUTR/DEUTH02615930658X,21.43,0.0,0.0,1599.0,450.00000000000006,21.24,2.143,0.0,0.0,prepaid,0.429,106.0,0.0,0.0,0.0,125.08,-551.268,"",'133136279307417703003,2026-06-08,11164602526,84497042-c0d0-4521-ac77-0a361a9aed4b,100164998542,Reverse,100109873220,1000031737543,11504,428.57,5.0,1055.0,0.0,1055.0,return_refund,0.0,0.0,0.0,0.0,0.0,0.0,0.0,0.0,NA,0,544.0
NFT-/XUTR/DEUTH02615930658X,19.05,0.0,0.0,1699.0,400.0,18.88,1.905,0.0,0.0,prepaid,0.381,0.0,0.0,0.0,0.0,0.0,378.834,"",'133105019404825374101,2026-06-08,11155180718,b7e62c0a-5884-4682-ae16-9d00f20ca146,"",Forward,100100451425,100100451425,11504,380.95,5.0,1205.0,0.0,1205.0,packet_delivered,0.0,0.0,0.0,0.0,0.0,0.0,0.0,0.0,NA,0,494.0
NFT-/XUTR/DEUTH02615930658X,54.48,0.0,0.0,2799.0,92.481,22.917,0.44,0.0,0.0,prepaid,0.088,14.713,0.0,0.0,0.0,17.36134,-86.397,"",'133062235517693729903,2026-06-08,11146260586,9b2479cb-6a9a-45cc-bb9d-74e964ec6b05,11146260586,Reverse,100091531316,100091531316,11504,1089.52,5.0,1484.0,0.0,1484.0,exchange,0.0,0.0,0.0,0.0,0.0,0.0,0.0,0.0,NA,0,1315.0
NFT-/XUTR/DEUTH02615930658X,33.95,0.0,0.0,1699.0,713.0,185.095,3.395,0.0,0.0,prepaid,0.679,0.0,0.0,27.0,0.0,31.86,491.971,"",'133116320240915811603,2026-06-08,11157733698,75500597-c834-40da-aa39-a48090e4cf01,"",Forward,100103004402,1000030857404,11504,679.05,5.0,892.0,0.0,892.0,packet_delivered,0.0,0.0,0.0,0.0,0.0,0.0,0.0,0.0,NA,0,807.0
NFT-/XUTR/DEUTH02615930658X,47.05,0.0,0.0,2499.0,988.0,256.485,4.705,0.0,0.0,prepaid,0.941,182.0,0.0,0.0,0.0,214.76,-940.629,"",'133100413325052461101,2026-06-08,11154594376,eec938b4-a3a6-4fc1-a6a5-e3412168bf8c,100164422174,Reverse,100099865083,100099865083,11504,940.95,5.0,1340.0,0.0,1340.0,return_refund,0.0,0.0,0.0,0.0,0.0,0.0,0.0,0.0,NA,0,1159.0
NFT-/XUTR/DEUTH02615930658X,68.67,0.0,0.0,3399.0,1442.0,357.328,6.867,0.0,0.0,prepaid,1.373,0.0,0.0,45.0,0.0,53.1,1023.332,"",'133124960997722339603,2026-06-08,11160720235,ee78f42c-f8e3-41ba-a7df-76c924fdfa42,"",Forward,100105990936,100105990936,11504,1373.33,5.0,1786.0,0.0,1786.0,packet_delivered,0.0,0.0,0.0,0.0,0.0,0.0,0.0,0.0,NA,0,1613.0
NFT-/XUTR/DEUTH02615930658X,36.76,0.0,0.0,2599.0,772.0,36.438,3.676,0.0,0.0,prepaid,0.735,106.0,0.0,0.0,0.0,125.08,-856.231,"",'133139766492709839901,2026-06-08,11166101158,81670932-0046-419a-b306-e307cf08aa88,11166101158,Reverse,100111371853,100111371853,11504,735.24,5.0,1733.0,0.0,1733.0,exchange,0.0,0.0,0.0,0.0,0.0,0.0,0.0,0.0,NA,0,866.0
NFT-/XUTR/DEUTH02615930658X,63.29,0.0,0.0,2999.0,1329.0,329.326,6.329,0.0,0.0,prepaid,1.266,0.0,0.0,45.0,0.0,53.1,938.979,"",'133100814366052906403,2026-06-08,11154697207,0f0f09dc-aef6-47c4-9dba-e931708b993a,"",Forward,100099967914,100099967914,11504,1265.71,5.0,1499.0,0.0,1499.0,packet_delivered,0.0,0.0,0.0,0.0,0.0,0.0,0.0,0.0,NA,0,1500.0
NFT-/XUTR/DEUTH02615930658X,97.29,0.0,0.0,2999.0,2043.0,482.148,9.729,0.0,0.0,prepaid,1.946,106.0,0.0,0.0,0.0,125.08,-1674.257,"",'133139184037673410103,2026-06-08,11165954483,7c66e780-3600-479b-941e-363d9bfcbdd5,100164376268,Reverse,100111225178,1000032008263,11504,1945.71,5.0,750.0,0.0,750.0,return_refund,0.0,0.0,0.0,0.0,0.0,0.0,0.0,0.0,NA,0,2249.0
NFT-/XUTR/DEUTH02615930658X,37.14,0.0,0.0,1750.0,780.0,202.488,3.714,0.0,0.0,prepaid,0.743,0.0,0.0,27.0,0.0,31.86,541.195,"",'133115042259908155803,2026-06-08,11157432844,a6b9f751-6275-4c18-9ea7-4555a18fed9a,"",Forward,100102703547,100102703547,11504,742.86,5.0,876.0,0.0,876.0,packet_delivered,0.0,0.0,0.0,0.0,0.0,0.0,0.0,0.0,NA,0,874.0
NFT-/XUTR/DEUTH02615930658X,59.71,0.0,0.0,2999.0,1254.0,310.741,5.971,0.0,0.0,prepaid,1.194,182.0,0.0,0.0,0.0,214.76,-1150.854,"",'133122514087164001501,2026-06-08,11160122595,6384adef-57af-42cd-adf0-20d93397a8bb,100166372342,Reverse,100105393296,1000030861811,11504,1194.29,5.0,1574.0,0.0,1574.0,return_refund,0.0,0.0,0.0,0.0,0.0,0.0,0.0,0.0,NA,0,1425.0
NFT-/XUTR/DEUTH02615930658X,32.91,0.0,0.0,1699.0,691.0,179.384,3.29,0.0,0.0,prepaid,0.658,0.0,0.0,27.0,0.0,31.86,475.808,"",'133115019285444239403,2026-06-08,11157427222,37217897-7f05-491d-8fc9-650e93de3696,"",Forward,100102697925,100102697925,11504,658.1,5.0,914.0,0.0,914.0,packet_delivered,0.0,0.0,0.0,0.0,0.0,0.0,0.0,0.0,NA,0,785.01
NFT-/XUTR/DEUTH02615930658X,74.1,0.0,0.0,3399.0,1556.0,385.577,7.41,0.0,0.0,prepaid,1.482,182.0,0.0,0.0,0.0,214.76,-1376.291,"",'133097836000417767501,2026-06-08,11154020884,a850f485-b96a-4543-8c90-fcca9e978907,11154020884,Reverse,100099291593,100099291593,11504,1481.9,5.0,1672.0,0.0,1672.0,exchange,0.0,0.0,0.0,0.0,0.0,0.0,0.0,0.0,NA,0,1727.0
NFT-/XUTR/DEUTH02615930658X,80.38,0.0,0.0,3999.0,1688.0,418.286,8.038,0.0,0.0,prepaid,1.608,182.0,0.0,0.0,0.0,214.76,-1474.828,"",'133105898153226927703,2026-06-08,11155409473,378a7e8f-0a3f-48d3-8adf-2c50e38e40ea,100165278066,Reverse,100100680179,100100680179,11504,1607.62,5.0,2140.0,0.0,2140.0,return_refund,0.0,0.0,0.0,0.0,0.0,0.0,0.0,0.0,NA,0,1859.0
NFT-/XUTR/DEUTH02615930658X,49.62,0.0,0.0,3099.0,1042.0,258.208,4.962,0.0,0.0,prepaid,0.992,0.0,0.0,45.0,0.0,53.1,724.738,"",'133132038400687509101,2026-06-08,11163098600,8a89ea2c-f5da-487c-b5cf-058a183aa9be,"",Forward,100108369296,100108369296,11504,992.38,5.0,1886.0,0.0,1886.0,packet_delivered,0.0,0.0,0.0,0.0,0.0,0.0,0.0,0.0,NA,0,1213.0
NFT-/XUTR/DEUTH02615930658X,65.81,0.0,0.0,2250.0,1382.0,326.152,6.581,0.0,0.0,prepaid,1.316,0.0,0.0,45.0,0.0,53.1,994.851,"",'133099854185433458003,2026-06-08,11154446572,4fcde2b3-c656-4c4d-bd35-99bcb9ee8486,"",Forward,100099717280,100099717280,11504,1316.19,5.0,697.0,0.0,697.0,packet_delivered,0.0,0.0,0.0,0.0,0.0,0.0,0.0,0.0,NA,0,1553.0
NFT-/XUTR/DEUTH02615930658X,34.33,0.0,0.0,2999.0,721.0,34.031,3.433,0.0,0.0,prepaid,0.687,0.0,0.0,27.0,0.0,31.86,650.989,"",'133118280597781141303,2026-06-08,11158258731,ee99cb45-8c89-48a0-b469-8e97b015740b,"",Forward,100103529433,100103529433,11504,686.67,5.0,2184.0,0.0,2184.0,packet_delivered,0.0,0.0,0.0,0.0,0.0,0.0,0.0,0.0,NA,0,815.0
NFT-/XUTR/DEUTH02615930658X,66.43,0.0,0.0,3299.0,1395.0,345.681,6.643,0.0,0.0,prepaid,1.329,182.0,0.0,0.0,0.0,214.76,-1256.107,"",'133118185812337501701,2026-06-08,11158238199,0e77c74a-631c-4649-96e0-1d48ee4a5eaf,100164976082,Reverse,100103508901,1000030850270,11504,1328.57,5.0,1733.0,0.0,1733.0,return_refund,0.0,0.0,0.0,0.0,0.0,0.0,0.0,0.0,NA,0,1566.0
NFT-/XUTR/DEUTH02615930658X,66.43,0.0,0.0,3299.0,1395.0,345.681,6.643,0.0,0.0,prepaid,1.329,0.0,0.0,45.0,0.0,53.1,988.247,"",'133118185812337501701,2026-06-08,11158238199,0e77c74a-631c-4649-96e0-1d48ee4a5eaf,"",Forward,100103508901,1000030850270,11504,1328.57,5.0,1733.0,0.0,1733.0,packet_delivered,0.0,0.0,0.0,0.0,0.0,0.0,0.0,0.0,NA,0,1566.0
NFT-/XUTR/DEUTH02615930658X,69.95,0.0,0.0,3399.0,1469.0,364.018,6.995,0.0,0.0,prepaid,1.399,0.0,0.0,45.0,0.0,53.1,1043.488,"",'133148648218104018701,2026-06-08,11167776684,fc58dfd0-2fc2-4701-882e-f551c393de31,"",Forward,100113047378,100113047378,11504,1399.05,5.0,1759.0,0.0,1759.0,packet_delivered,0.0,0.0,0.0,0.0,0.0,0.0,0.0,0.0,NA,0,1640.0
NFT-/XUTR/DEUTH02615930658X,32.19,0.0,0.0,1599.0,676.0,175.49,3.219,0.0,0.0,prepaid,0.644,0.0,0.0,27.0,0.0,31.86,464.787,"",'133098196134817541001,2026-06-08,11154095648,d08cf8db-a1b0-4d9e-9c73-c6c139496179,"",Forward,100099366357,1000029430800,11504,643.81,5.0,829.0,0.0,829.0,packet_delivered,0.0,0.0,0.0,0.0,0.0,0.0,0.0,0.0,NA,0,770.0
NFT-/XUTR/DEUTH02615930658X,49.81,0.0,0.0,2999.0,1046.0,259.199,4.981,0.0,0.0,prepaid,0.996,0.0,0.0,45.0,0.0,53.1,727.724,"",'133112574201550162001,2026-06-08,11156569284,30766731-341a-4955-a801-72e3291bbc15,"",Forward,100101839988,100101839988,11504,996.19,5.0,1782.0,0.0,1782.0,packet_delivered,0.0,0.0,0.0,0.0,0.0,0.0,0.0,0.0,NA,0,1217.0
NFT-/XUTR/DEUTH02615930658X,0.0,9.52,9.52,1499.0,12.959999999999999,0.6119999999999999,0.0,0.031,0.031,prepaid,0.012,3.434,0.0,0.0,0.0,4.05212,-16.326,"",'133140170368479445803,2026-06-08,11166211409,f8139930-8427-4edc-92c8-c9400ca25c1d,100164696442,Reverse,100111482104,100111482104,11504,380.96,5.0,1005.0,0.0,1005.0,return_refund,0.0,0.0,0.0,0.0,0.0,0.0,0.0,0.0,NA,0,493.99999999999994
NFT-/XUTR/DEUTH02615930658X,43.1,0.0,0.0,2499.0,581.41,150.934,2.769,0.0,0.0,prepaid,0.554,116.924,0.0,0.0,0.0,137.97032,-565.123,"",'133090617296746573903,2026-06-08,11152633416,a997dedd-0805-4aaf-b34d-a5441595e27d,100168953364,Reverse,100097904126,100097904126,11504,861.9,5.0,1500.0,0.0,1500.0,return_refund,0.0,0.0,0.0,0.0,0.0,0.0,0.0,0.0,NA,0,999.0
NFT-/XUTR/DEUTH02615930658X,60.71,0.0,0.0,2999.0,1275.0,315.945,6.071,0.0,0.0,prepaid,1.214,106.0,0.0,0.0,0.0,125.08,-1076.85,"",'133148661991499563001,2026-06-08,11167780699,3e23b4fb-1447-4f1d-bc16-a1641da4d5cc,11167780699,Reverse,100113051393,100113051393,11504,1214.29,5.0,1553.0,0.0,1553.0,exchange,0.0,0.0,0.0,0.0,0.0,0.0,0.0,0.0,NA,0,1446.0
NFT-/XUTR/DEUTH02615930658X,46.71,0.0,0.0,3099.0,981.0,254.66800000000003,4.671,0.0,0.0,prepaid,0.934,0.0,0.0,27.0,0.0,31.86,688.867,"",'133123953365969154601,2026-06-08,11160488911,187f6cf9-18fc-43d1-a411-e96746408af4,"",Forward,100105759612,100105759612,11504,934.29,5.0,1947.0,0.0,1947.0,packet_delivered,0.0,0.0,0.0,0.0,0.0,0.0,0.0,0.0,NA,0,1152.0
NFT-/XUTR/DEUTH02615930658X,59.71,0.0,0.0,2999.0,1254.0,310.741,5.971,0.0,0.0,prepaid,1.194,0.0,0.0,45.0,0.0,53.1,882.994,"",'133125471667744803403,2026-06-08,11160843460,a293eaaa-9bdd-4466-8baf-0ea189fee29b,"",Forward,100106114160,100106114160,11504,1194.29,5.0,1574.0,0.0,1574.0,packet_delivered,0.0,0.0,0.0,0.0,0.0,0.0,0.0,0.0,NA,0,1425.0
NFT-/XUTR/DEUTH02615930658X,35.05,0.0,0.0,1750.0,736.0,191.066,3.505,0.0,0.0,prepaid,0.701,0.0,0.0,27.0,0.0,31.86,508.868,"",'133093320595958617703,2026-06-08,11153387764,367207e3-af9c-4da1-a685-7591ba1d87e7,"",Forward,100098658473,1000029310353,11504,700.95,5.0,920.0,0.0,920.0,packet_delivered,0.0,0.0,0.0,0.0,0.0,0.0,0.0,0.0,NA,0,830.0
NFT-/XUTR/DEUTH02615930658X,504.61,0.0,0.0,3699.0,3308.0,780.688,14.017,0.0,0.0,prepaid,2.803,0.0,0.0,61.0,0.0,71.98,2438.512,"",'133136133356682319203,2026-06-08,11164346588,aca218f9-b62a-4bfd-b40a-706345ff28c1,"",Forward,100109617283,1000032011965,11504,2803.39,18.0,185.0,0.0,185.0,packet_delivered,0.0,0.0,0.0,0.0,0.0,0.0,0.0,0.0,NA,0,3514.0
NFT-/XUTR/DEUTH02615930658X,20.05,0.0,0.0,1599.0,421.0,19.871,2.005,0.0,0.0,prepaid,0.401,0.0,0.0,15.0,0.0,17.7,381.023,"",'133106093153593231603,2026-06-08,11155460808,c6581d00-ba79-49cf-9f79-23a9f23f88e5,"",Forward,100100731514,100100731514,11504,400.95,5.0,1084.0,0.0,1084.0,packet_delivered,0.0,0.0,0.0,0.0,0.0,0.0,0.0,0.0,NA,0,515.0
NFT-/XUTR/DEUTH02615930658X,38.33,0.0,0.0,1799.0,805.0,208.978,3.833,0.0,0.0,prepaid,0.767,0.0,0.0,27.0,0.0,31.86,559.562,"",'133092225412143341203,2026-06-08,11153274680,71e9e2cf-e382-4ce8-8a30-2a7403605a2c,"",Forward,100098545389,100098545389,11504,766.67,5.0,900.0,0.0,900.0,packet_delivered,0.0,0.0,0.0,0.0,0.0,0.0,0.0,0.0,NA,0,899.0
NFT-/XUTR/DEUTH02615930658X,22.81,0.0,0.0,1599.0,479.0,22.609,2.281,0.0,0.0,prepaid,0.456,127.0,0.0,0.0,0.0,149.86,-603.514,"",'133126692421700893403,2026-06-08,11161172485,aacad0f3-7749-46ec-84c9-b253046cd7de,100164467731,Reverse,100106443184,100106443184,11504,456.19,5.0,1026.0,0.0,1026.0,return_refund,0.0,0.0,0.0,0.0,0.0,0.0,0.0,0.0,NA,0,573.0
NFT-/XUTR/DEUTH02615930658X,68.71,0.0,0.0,1699.0,1443.0,340.548,6.871,0.0,0.0,prepaid,1.374,0.0,0.0,45.0,0.0,53.1,1041.107,"",'133108998297635857601,2026-06-08,11156168703,59cab2cc-318d-4b1f-87c8-66b4a4fd5767,"",Forward,100101439408,1000030224937,11504,1374.29,5.0,85.0,0.0,85.0,packet_delivered,0.0,0.0,0.0,0.0,0.0,0.0,0.0,0.0,NA,0,1614.0
NFT-/XUTR/DEUTH02615930658X,35.05,0.0,0.0,1750.0,1.55,0.402,0.007,0.0,0.0,prepaid,0.001,0.0,0.0,0.057,0.0,0.06726,1.073,"",'133117143194906522003,2026-06-08,11157940226,03a4ea46-01be-45df-8d14-75fe78f7658b,"",Forward,100103210928,1000030450611,11504,700.95,5.0,920.0,0.0,920.0,packet_delivered,0.0,0.0,0.0,0.0,0.0,0.0,0.0,0.0,NA,0,830.0
NFT-/XUTR/DEUTH02615930658X,504.61,0.0,0.0,3699.0,3308.0,780.688,14.017,0.0,0.0,prepaid,2.803,106.0,0.0,0.0,0.0,125.08,-2635.572,"",'133136133356682319203,2026-06-08,11164346588,aca218f9-b62a-4bfd-b40a-706345ff28c1,100166308968,Reverse,100109617283,1000032011965,11504,2803.39,18.0,185.0,0.0,185.0,return_refund,0.0,0.0,0.0,0.0,0.0,0.0,0.0,0.0,NA,0,3514.0
NFT-/XUTR/DEUTH02615930658X,63.29,0.0,0.0,2999.0,1276.0,316.193,6.076,0.0,0.0,prepaid,1.215,0.0,0.0,43.205,0.0,50.9819,901.534,"",'133092142087863031301,2026-06-08,11153253659,46ecced1-ea23-4e1b-84ab-ebd1e4ef44e7,"",Forward,100098524368,100098524368,11504,1265.71,5.0,1499.0,53.0,1552.0,packet_delivered,0.0,0.0,0.0,0.0,0.0,0.0,0.0,0.0,NA,0,1500.0
NFT-/XUTR/DEUTH02615930658X,36.05,0.0,0.0,2499.0,757.0,35.73,3.605,0.0,0.0,prepaid,0.721,0.0,0.0,27.0,12.793,46.95574,669.988,"",'133147081926201186001,2026-06-08,11167412999,5b65c085-61d3-40d8-9549-f6a22a6b8d8f,"",Forward,100112683693,100112683693,11504,720.95,5.0,1648.0,0.0,1648.0,packet_delivered,0.0,0.0,0.0,0.0,0.0,0.0,0.0,0.0,NA,0,851.0
NFT-/XUTR/DEUTH02615930658X,40.81,0.0,0.0,2799.0,857.0,222.477,4.081,0.0,0.0,prepaid,0.816,0.0,0.0,27.0,0.0,31.86,597.766,"",'133085817405810146303,2026-06-08,11151315655,476578ad-ddc7-440d-9897-316de3e49643,"",Forward,100096586370,100096586370,11504,816.19,5.0,1848.0,0.0,1848.0,packet_delivered,0.0,0.0,0.0,0.0,0.0,0.0,0.0,0.0,NA,0,951.0
NFT-/XUTR/DEUTH02615930658X,6.99,0.0,0.0,299.0,240.0,36.816,1.165,0.0,0.0,prepaid,0.233,0.0,0.0,27.0,0.0,31.86,169.926,"",'133141296416260452503,2026-06-08,11166496361,b40ee74a-9482-4aba-af7a-c04c15e3cc39,"",Forward,100111767056,1000032112835,11504,233.01,3.0,0.0,0.0,0.0,packet_delivered,0.0,0.0,0.0,0.0,0.0,0.0,0.0,0.0,NA,0,299.0
NFT-/XUTR/DEUTH02615930658X,34.19,0.0,0.0,2899.0,685.0,32.332,3.262,0.0,0.0,prepaid,0.652,0.0,0.0,25.759,0.0,30.39562,618.358,"",'133105546870985136001,2026-06-08,11155318531,00d275c8-5418-4afc-a689-e994fef917bd,"",Forward,100100589238,1000030227890,11504,683.81,5.0,2087.0,33.0,2120.0,packet_delivered,0.0,0.0,0.0,0.0,0.0,0.0,0.0,0.0,NA,0,812.0
NFT-/XUTR/DEUTH02615930658X,39.05,0.0,0.0,1899.0,773.0,200.671,3.681,0.0,0.0,prepaid,0.736,0.0,0.0,25.452,0.0,30.03336,537.879,"",'133108017007499252103,2026-06-08,11155904384,9f10216f-0e2a-49e9-85e9-e1bde9250569,"",Forward,100101175090,1000029943831,11504,780.95,5.0,985.0,47.0,1032.0,packet_delivered,0.0,0.0,0.0,0.0,0.0,0.0,0.0,0.0,NA,0,914.0
NFT-/XUTR/DEUTH02615930658X,56.81,0.0,0.0,1950.0,1193.0,281.548,5.681,0.0,0.0,prepaid,1.136,0.0,0.0,45.0,0.0,53.1,851.535,"",'133098415174362934401,2026-06-08,11154140082,1f5824a2-364e-4eda-b423-866f3513a260,"",Forward,100099410791,1000029445758,11504,1136.19,5.0,586.0,0.0,586.0,packet_delivered,0.0,0.0,0.0,0.0,0.0,0.0,0.0,0.0,NA,0,1364.0
NFT-/XUTR/DEUTH02615930658X,0.0,29.21,29.21,2899.0,1227.0,304.051,0.0,2.9215,2.9215,prepaid,1.169,106.0,0.0,0.0,0.0,125.08,-1041.017,"",'133130243085433305803,2026-06-08,11162067807,28bb1265-bb7e-49e0-a1b8-cbea19ec9c77,100167020425,Reverse,100107338505,1000031406713,11504,1168.58,5.0,1501.0,0.0,1501.0,return_refund,0.0,0.0,0.0,0.0,0.0,0.0,0.0,0.0,NA,0,1398.0
NFT-/XUTR/DEUTH02615930658X,24.57,0.0,0.0,1650.0,516.0,133.954,2.457,0.0,0.0,prepaid,0.491,0.0,0.0,27.0,0.0,31.86,347.238,"",'133099756294844251401,2026-06-08,11154423775,55c20b61-e272-47ed-a128-4eb20132e928,"",Forward,100099694483,100099694483,11504,491.43,5.0,1040.0,0.0,1040.0,packet_delivered,0.0,0.0,0.0,0.0,0.0,0.0,0.0,0.0,NA,0,610.0
NFT-/XUTR/DEUTH02615930658X,35.71,0.0,0.0,1750.0,750.0,194.7,3.571,0.0,0.0,prepaid,0.714,182.0,0.0,0.0,0.0,214.76,-765.775,"",'133113851356089508603,2026-06-08,11156898508,458c12cf-61a9-4203-bf39-a63879805d69,11156898508,Reverse,100102169211,1000030258991,11504,714.29,5.0,906.0,0.0,906.0,exchange,0.0,0.0,0.0,0.0,0.0,0.0,0.0,0.0,NA,0,844.0
NFT-/XUTR/DEUTH02615930658X,70.43,0.0,0.0,3299.0,1479.0,366.496,7.043,0.0,0.0,prepaid,1.409,182.0,0.0,0.0,0.0,214.76,-1318.812,"",'133100448471113159601,2026-06-08,11154603718,0c5a897d-cefc-445b-b72c-bba9eed70f4d,100164023183,Reverse,100099874425,1000029776222,11504,1408.57,5.0,1649.0,0.0,1649.0,return_refund,0.0,0.0,0.0,0.0,0.0,0.0,0.0,0.0,NA,0,1650.0
NFT-/XUTR/DEUTH02615930658X,72.76,0.0,0.0,1699.0,1528.0,360.608,7.276,0.0,0.0,prepaid,1.455,0.0,0.0,45.0,0.0,53.1,1105.561,"",'133108288243343263503,2026-06-08,11155971817,91607204-dd1e-41f6-ab18-bceef3dbdeef,"",Forward,100101242523,100101242523,11504,1455.24,5.0,0.0,0.0,0.0,packet_delivered,0.0,0.0,0.0,0.0,0.0,0.0,0.0,0.0,NA,0,1699.0
NFT-/XUTR/DEUTH02615930658X,96.43,0.0,0.0,3299.0,2025.0,477.9,9.643,0.0,0.0,prepaid,1.929,0.0,0.0,61.0,0.0,71.98,1463.548,"",'133136133356682319203,2026-06-08,11164346580,aca218f9-b62a-4bfd-b40a-706345ff28c1,"",Forward,100109617275,1000032011965,11504,1928.57,5.0,1068.0,0.0,1068.0,packet_delivered,0.0,0.0,0.0,0.0,0.0,0.0,0.0,0.0,NA,0,2231.0
NFT-/XUTR/DEUTH02615930658X,35.95,0.0,0.0,2999.0,755.0,35.636,3.595,0.0,0.0,prepaid,0.719,106.0,0.0,0.0,0.0,125.08,-840.13,"",'133140532228879469901,2026-06-08,11166304882,013b4530-9cde-4d30-9337-1619f80f1ee5,100164560790,Reverse,100111575577,100111575577,11504,719.05,5.0,2150.0,0.0,2150.0,return_refund,0.0,0.0,0.0,0.0,0.0,0.0,0.0,0.0,NA,0,849.0
NFT-/XUTR/DEUTH02615930658X,20.43,0.0,0.0,1850.0,429.0,20.249,2.043,0.0,0.0,prepaid,0.409,127.0,0.0,0.0,0.0,149.86,-556.159,"",'133123867614601337303,2026-06-08,11160468366,4ee0eb63-fb2c-40b7-be55-7a323e361a9e,100165109692,Reverse,100105739067,100105739067,11504,408.57,5.0,1327.0,0.0,1327.0,return_refund,0.0,0.0,0.0,0.0,0.0,0.0,0.0,0.0,NA,0,523.0
NFT-/XUTR/DEUTH02615930658X,32.95,0.0,0.0,3450.0,692.0,32.662,3.295,0.0,0.0,prepaid,0.659,0.0,0.0,27.0,6.366,39.37188,616.012,"",'133096867448363527803,2026-06-08,11153809203,f25f89e1-2b40-4eea-beac-13301c5ee8fe,"",Forward,100099079912,1000029783518,11504,659.05,5.0,2664.0,0.0,2664.0,packet_delivered,0.0,0.0,0.0,0.0,0.0,0.0,0.0,0.0,NA,0,786.0
NFT-/XUTR/DEUTH02615930658X,63.29,0.0,0.0,2999.0,1329.0,329.326,6.329,0.0,0.0,prepaid,1.266,0.0,0.0,45.0,0.0,53.1,938.979,"",'133134128195173728503,2026-06-08,11163570048,6f92f795-8a0e-4a9d-be61-2b597864a852,"",Forward,100108840743,100108840743,11504,1265.71,5.0,1499.0,0.0,1499.0,packet_delivered,0.0,0.0,0.0,0.0,0.0,0.0,0.0,0.0,NA,0,1500.0
NFT-/XUTR/DEUTH02615930658X,59.71,0.0,0.0,2999.0,1254.0,310.741,5.971,0.0,0.0,prepaid,1.194,0.0,0.0,45.0,0.0,53.1,882.994,"",'133101069533288429701,2026-06-08,11154754119,86e46db9-ea85-4796-b2ed-ad441e5e005d,"",Forward,100100024826,100100024826,11504,1194.29,5.0,1574.0,0.0,1574.0,packet_delivered,0.0,0.0,0.0,0.0,0.0,0.0,0.0,0.0,NA,0,1425.0
NFT-/XUTR/DEUTH02615930658X,402.87,0.0,0.0,3999.0,2641.0,623.276,11.191,0.0,0.0,prepaid,2.238,127.0,0.0,0.0,0.0,149.86,-2154.155,"",'133115346134730679501,2026-06-08,11157503095,0ae2f719-a7ea-4d6c-9bf0-80a26e9d6baf,100169231912,Reverse,100102773798,100102773798,11504,2238.14,18.0,1152.0,0.0,1152.0,return_refund,0.0,0.0,0.0,0.0,0.0,0.0,0.0,0.0,NA,0,2847.0099999999998
NFT-/XUTR/DEUTH02615930658X,80.38,0.0,0.0,3999.0,1688.0,418.286,8.038,0.0,0.0,prepaid,1.608,106.0,0.0,0.0,0.0,125.08,-1385.148,"",'133148271214300924903,2026-06-08,11167668324,a10d70cc-2d33-447f-a907-6657cb479c18,11167668324,Reverse,100112939018,100112939018,11504,1607.62,5.0,2140.0,0.0,2140.0,exchange,0.0,0.0,0.0,0.0,0.0,0.0,0.0,0.0,NA,0,1859.0
NFT-/XUTR/DEUTH02615930658X,34.33,0.0,0.0,2999.0,12.39,0.585,0.059,0.0,0.0,prepaid,0.012,3.127,0.0,0.0,0.0,3.68986,-15.424,"",'133113883948279286303,2026-06-08,11156907070,6be6bcb0-2eb8-4aff-925e-5b816a30d825,100164790410,Reverse,100102177773,100102177773,11504,686.67,5.0,2184.0,0.0,2184.0,return_refund,0.0,0.0,0.0,0.0,0.0,0.0,0.0,0.0,NA,0,815.0
NFT-/XUTR/DEUTH02615930658X,36.81,0.0,0.0,2899.0,773.0,36.486,3.681,0.0,0.0,prepaid,0.736,0.0,0.0,27.0,0.0,31.86,700.237,"",'133113577424564232503,2026-06-08,11156777097,6254f6b3-faf1-45ea-ad13-1915f0e7f8d3,"",Forward,100102047799,100102047799,11504,736.19,5.0,2032.0,0.0,2032.0,packet_delivered,0.0,0.0,0.0,0.0,0.0,0.0,0.0,0.0,NA,0,867.0
NFT-/XUTR/DEUTH02615930658X,58.1,0.0,0.0,2999.0,1220.0,302.316,5.81,0.0,0.0,prepaid,1.162,0.0,0.0,45.0,0.0,53.1,857.612,"",'133114046290077873103,2026-06-08,11156948777,3c0dca55-e7b7-418a-9ffc-9cc1af853454,"",Forward,100102219480,1000030264213,11504,1161.9,5.0,1608.0,0.0,1608.0,packet_delivered,0.0,0.0,0.0,0.0,0.0,0.0,0.0,0.0,NA,0,1391.0
NFT-/XUTR/DEUTH02615930658X,23.62,0.0,0.0,1999.0,496.0,23.411,2.362,0.0,0.0,prepaid,0.472,0.0,0.0,6.0,0.0,7.08,462.675,"",'133117060794421343203,2026-06-08,11157918242,54464e37-d913-47f9-9b76-0a51f884b644,"",Forward,100103188945,100103188945,11504,472.38,5.0,1409.0,0.0,1409.0,packet_delivered,0.0,0.0,0.0,0.0,0.0,0.0,0.0,0.0,NA,0,590.0
NFT-/XUTR/DEUTH02615930658X,77.52,0.0,0.0,1799.0,1628.0,384.208,7.752,0.0,0.0,prepaid,1.55,0.0,0.0,45.0,0.0,53.1,1181.39,"",'133107752624091970601,2026-06-08,11155842303,61f922bf-32fb-4f53-bcc1-4bb7fdc3dcb9,"",Forward,100101113009,100101113009,11504,1550.48,5.0,0.0,0.0,0.0,packet_delivered,0.0,0.0,0.0,0.0,0.0,0.0,0.0,0.0,NA,0,1799.0
NFT-/XUTR/DEUTH02615930658X,37.14,0.0,0.0,1750.0,780.0,202.488,3.714,0.0,0.0,prepaid,0.743,182.0,0.0,0.0,0.0,214.76,-787.815,"",'133098058253067731401,2026-06-08,11154067326,bbb46c5d-b967-4f1d-a298-2b614622ef32,11154067326,Reverse,100099338035,100099338035,11504,742.86,5.0,876.0,0.0,876.0,exchange,0.0,0.0,0.0,0.0,0.0,0.0,0.0,0.0,NA,0,874.0
NFT-/XUTR/DEUTH02615930658X,35.52,0.0,0.0,2799.0,746.0,35.211,3.552,0.0,0.0,prepaid,0.71,0.0,0.0,27.0,0.0,31.86,674.667,"",'133101383205301614801,2026-06-08,11154795260,68ae0b02-84db-4417-87ae-88a73d656246,"",Forward,100100065967,1000029783447,11504,710.48,5.0,1959.0,0.0,1959.0,packet_delivered,0.0,0.0,0.0,0.0,0.0,0.0,0.0,0.0,NA,0,840.0
NFT-/XUTR/DEUTH02615930658X,18.62,0.0,0.0,1499.0,391.0,18.455,1.862,0.0,0.0,prepaid,0.372,182.0,0.0,0.0,0.0,214.76,-585.071,"",'133122575777564222003,2026-06-08,11160138779,ee1252ba-40b4-4d66-a9eb-f64440375f4b,11160138779,Reverse,100105409480,1000030852740,11504,372.38,5.0,1014.0,0.0,1014.0,exchange,0.0,0.0,0.0,0.0,0.0,0.0,0.0,0.0,NA,0,485.0
NFT-/XUTR/DEUTH02615930658X,508.73,0.0,0.0,7999.0,3335.0,787.06,14.131,0.0,0.0,prepaid,2.826,182.0,0.0,0.0,0.0,214.76,-2745.743,"",'133127203456467196901,2026-06-08,11161267751,393e0971-e40a-470a-8d13-50c3a5974c26,100164730208,Reverse,100106538450,100106538450,11504,2826.27,18.0,4458.0,0.0,4458.0,return_refund,0.0,0.0,0.0,0.0,0.0,0.0,0.0,0.0,NA,0,3541.0
NFT-/XUTR/DEUTH02615930658X,31.62,0.0,0.0,2499.0,664.0,31.340999999999998,3.162,0.0,0.0,prepaid,0.632,0.0,0.0,27.0,5.445,38.2851,590.58,"",'133113513545370932501,2026-06-08,11156761816,61619056-31bf-4670-bdb0-c9e6d0680ee8,"",Forward,100102032519,1000030232606,11504,632.38,5.0,1741.0,0.0,1741.0,packet_delivered,0.0,0.0,0.0,0.0,0.0,0.0,0.0,0.0,NA,0,758.0
NFT-/XUTR/DEUTH02615930658X,97.81,0.0,0.0,3399.0,2054.0,484.744,9.781,0.0,0.0,prepaid,1.956,182.0,0.0,0.0,0.0,214.76,-1772.279,"",'133107692435131443603,2026-06-08,11155828513,3195468d-1ced-43d5-99bf-071b1bc87c9b,100166132366,Reverse,100101099219,100101099219,11504,1956.19,5.0,1139.0,0.0,1139.0,return_refund,0.0,0.0,0.0,0.0,0.0,0.0,0.0,0.0,NA,0,2260.0
NFT-/XUTR/DEUTH02615930658X,50.43,0.0,0.0,1850.0,63.17,14.908,0.301,0.0,0.0,prepaid,0.06,10.856,0.0,0.0,0.0,12.81008,-60.711,"",'133109107128274468703,2026-06-08,11156202128,9358f8fa-0057-4a83-ad8f-da0013021a77,11156202128,Reverse,100101472833,100101472833,11504,1008.57,5.0,620.0,0.0,620.0,exchange,0.0,0.0,0.0,0.0,0.0,0.0,0.0,0.0,NA,0,1230.0
NFT-/XUTR/DEUTH02615930658X,32.19,0.0,0.0,1599.0,676.0,175.49,3.219,0.0,0.0,prepaid,0.644,182.0,0.0,0.0,0.0,214.76,-711.407,"",'133098196134817541001,2026-06-08,11154095648,d08cf8db-a1b0-4d9e-9c73-c6c139496179,100165341451,Reverse,100099366357,1000029430800,11504,643.81,5.0,829.0,0.0,829.0,return_refund,0.0,0.0,0.0,0.0,0.0,0.0,0.0,0.0,NA,0,770.0
NFT-/XUTR/DEUTH02615930658X,35.95,0.0,0.0,2199.0,755.0,35.636,3.595,0.0,0.0,prepaid,0.719,0.0,0.0,27.0,6.04,38.9872,676.063,"",'133117392136795481701,2026-06-08,11158010136,57e67429-1b60-49f0-9623-a3a3afa49bfc,"",Forward,100103280838,100103280838,11504,719.05,5.0,1350.0,0.0,1350.0,packet_delivered,0.0,0.0,0.0,0.0,0.0,0.0,0.0,0.0,NA,0,849.0
NFT-/XUTR/DEUTH02615930658X,79.1,0.0,0.0,1999.0,1661.0,391.996,7.91,0.0,0.0,prepaid,1.582,0.0,0.0,45.0,0.0,53.1,1206.412,"",'133105860191848826901,2026-06-08,11155399045,61b304f0-c3df-44c4-b322-8937b88924c4,"",Forward,100100669751,100100669751,11504,1581.9,5.0,167.0,0.0,167.0,packet_delivered,0.0,0.0,0.0,0.0,0.0,0.0,0.0,0.0,NA,0,1832.0
NFT-/XUTR/DEUTH02615930658X,59.71,0.0,0.0,2999.0,1254.0,310.741,5.971,0.0,0.0,prepaid,1.194,0.0,0.0,45.0,0.0,53.1,882.994,"",'133117988155162849201,2026-06-08,11158187477,cea60da4-7565-4367-b6ad-7e30c9a4fed3,"",Forward,100103458179,100103458179,11504,1194.29,5.0,1574.0,0.0,1574.0,packet_delivered,0.0,0.0,0.0,0.0,0.0,0.0,0.0,0.0,NA,0,1425.0
NFT-/XUTR/DEUTH02615930658X,33.33,0.0,0.0,2899.0,700.0,33.04,3.333,0.0,0.0,prepaid,0.667,0.0,0.0,27.0,12.81,46.9758,615.984,"",'133109791551319010003,2026-06-08,11156375712,4c4233b9-fd1a-4a79-aa66-0bbe9f03dcba,"",Forward,100101646417,100101646417,11504,666.67,5.0,2105.0,0.0,2105.0,packet_delivered,0.0,0.0,0.0,0.0,0.0,0.0,0.0,0.0,NA,0,794.0
NFT-/XUTR/DEUTH02615930658X,33.48,0.0,0.0,2999.0,703.0,33.182,3.348,0.0,0.0,prepaid,0.67,182.0,0.0,0.0,0.0,214.76,-880.56,"",'133096867448363527803,2026-06-08,11153809206,f25f89e1-2b40-4eea-beac-13301c5ee8fe,11153809206,Reverse,100099079915,1000029783518,11504,669.52,5.0,2202.0,0.0,2202.0,exchange,0.0,0.0,0.0,0.0,0.0,0.0,0.0,0.0,NA,0,797.0
NFT-/XUTR/DEUTH02615930658X,31.14,0.0,0.0,1499.0,654.0,169.778,3.114,0.0,0.0,prepaid,0.623,106.0,0.0,0.0,0.0,125.08,-605.565,"",'133124743514405603001,2026-06-08,11160671513,32bfa0ab-d7ae-47d3-8e3f-56f0219623d4,100164034188,Reverse,100105942214,100105942214,11504,622.86,5.0,751.0,0.0,751.0,return_refund,0.0,0.0,0.0,0.0,0.0,0.0,0.0,0.0,NA,0,748.0
NFT-/XUTR/DEUTH02615930658X,0.0,17.33,17.33,2499.0,728.0,34.362,0.0,1.7335,1.7335,prepaid,0.693,0.0,0.0,27.0,0.0,31.86,657.618,"",'133132311367101993003,2026-06-08,11163165667,17b1143b-b9eb-458c-9325-6eca9fc0b537,"",Forward,100108436363,100108436363,11504,693.34,5.0,1677.0,0.0,1677.0,packet_delivered,0.0,0.0,0.0,0.0,0.0,0.0,0.0,0.0,NA,0,822.0000000000001
NFT-/XUTR/DEUTH02615930658X,34.33,0.0,0.0,2999.0,543.3,25.644,2.587,0.0,0.0,prepaid,0.517,0.0,0.0,20.345,0.0,24.0071,490.545,"",'133133334279010154403,2026-06-08,11163396453,102e4b3d-bcc9-48c7-bf76-899b53da70da,"",Forward,100108667149,100108667149,11504,686.67,5.0,2184.0,0.0,2184.0,packet_delivered,0.0,0.0,0.0,0.0,0.0,0.0,0.0,0.0,NA,0,815.0
NFT-/XUTR/DEUTH02615930658X,35.29,0.0,0.0,2599.0,741.0,34.97500000000001,3.529,0.0,0.0,prepaid,0.706,0.0,0.0,27.0,0.0,31.86,669.93,"",'133128399216523595103,2026-06-08,11161323076,6c2ba692-3825-4cf9-9e56-6327a2b0ee7b,"",Forward,100106593775,100106593775,11504,705.71,5.0,1764.0,0.0,1764.0,packet_delivered,0.0,0.0,0.0,0.0,0.0,0.0,0.0,0.0,NA,0,835.0
NFT-/XUTR/DEUTH02615930658X,0.0,11.83,11.83,1650.0,497.0,23.458,0.0,1.1835,1.1835,prepaid,0.473,0.0,0.0,19.0,0.0,22.42,448.282,"",'133114150856669278303,2026-06-08,11156985333,dedbd134-132b-4ea8-96c0-f2e97aaea085,"",Forward,100102256036,1000030846482,11504,473.34,5.0,1059.0,0.0,1059.0,packet_delivered,0.0,0.0,0.0,0.0,0.0,0.0,0.0,0.0,NA,0,591.0
NFT-/XUTR/DEUTH02615930658X,59.67,0.0,0.0,2999.0,1253.0,310.493,5.967,0.0,0.0,prepaid,1.193,182.0,0.0,0.0,0.0,214.76,-1150.107,"",'133096968378919411503,2026-06-08,11153831542,a7aba259-4c0e-4281-94b4-686faddd7c95,100167182651,Reverse,100099102251,100099102251,11504,1193.33,5.0,1575.0,0.0,1575.0,return_refund,0.0,0.0,0.0,0.0,0.0,0.0,0.0,0.0,NA,0,1424.0
NFT-/XUTR/DEUTH02615930658X,103.48,0.0,0.0,3399.0,2173.0,487.187,10.348,0.0,0.0,prepaid,2.07,0.0,0.0,61.0,0.0,71.98,1601.415,"",'133122993814125509501,2026-06-08,11160242673,6ab7fbda-0a84-49c0-a453-527cb031bc5f,"",Forward,100105513374,100105513374,11504,2069.52,5.0,1020.0,0.0,1020.0,packet_delivered,0.0,0.0,0.0,0.0,0.0,0.0,0.0,0.0,NA,0,2379.0
NFT-/XUTR/DEUTH02615930658X,23.62,0.0,0.0,1999.0,496.0,23.411,2.362,0.0,0.0,prepaid,0.472,127.0,0.0,0.0,0.0,149.86,-619.615,"",'133117060794421343203,2026-06-08,11157918242,54464e37-d913-47f9-9b76-0a51f884b644,100165095902,Reverse,100103188945,100103188945,11504,472.38,5.0,1409.0,0.0,1409.0,return_refund,0.0,0.0,0.0,0.0,0.0,0.0,0.0,0.0,NA,0,590.0
NFT-/XUTR/DEUTH02615930658X,18.38,0.0,0.0,1499.0,386.0,18.219,1.838,0.0,0.0,prepaid,0.368,0.0,0.0,0.0,0.0,0.0,365.575,"",'133101383205301614801,2026-06-08,11154795257,68ae0b02-84db-4417-87ae-88a73d656246,"",Forward,100100065964,1000029783447,11504,367.62,5.0,1054.0,0.0,1054.0,packet_delivered,0.0,0.0,0.0,0.0,0.0,0.0,0.0,0.0,NA,0,445.0
NFT-/XUTR/DEUTH02615930658X,0.0,14.14,14.14,1699.0,594.0,42.055,0.0,1.4145,1.4145,prepaid,0.566,0.0,0.0,27.0,0.0,31.86,516.69,"",'133114150856669278303,2026-06-08,11156985330,dedbd134-132b-4ea8-96c0-f2e97aaea085,"",Forward,100102256033,1000030846482,11504,565.72,5.0,1011.0,0.0,1011.0,packet_delivered,0.0,0.0,0.0,0.0,0.0,0.0,0.0,0.0,NA,0,688.0
NFT-/XUTR/DEUTH02615930658X,59.71,0.0,0.0,2999.0,2.01,0.498,0.01,0.0,0.0,prepaid,0.002,0.0,0.0,0.072,0.0,0.08496,1.415,"",'133123300370055910601,2026-06-08,11160322551,80a1130d-d9d6-4c1e-8e97-183bb51d78bd,"",Forward,100105593252,100105593252,11504,1194.29,5.0,1574.0,67.0,1641.0,packet_delivered,0.0,0.0,0.0,0.0,0.0,0.0,0.0,0.0,NA,0,1425.0
NFT-/XUTR/DEUTH02615930658X,30.57,0.0,0.0,1699.0,642.0,45.454,3.057,0.0,0.0,prepaid,0.611,106.0,0.0,0.0,0.0,125.08,-717.958,"",'133139079325984220401,2026-06-08,11165931630,9fa8319c-9720-49f9-b72f-d2d4382592ce,100164427934,Reverse,100111202325,100111202325,11504,611.43,5.0,963.0,0.0,963.0,return_refund,0.0,0.0,0.0,0.0,0.0,0.0,0.0,0.0,NA,0,736.0
NFT-/XUTR/DEUTH02615930658X,35.14,0.0,0.0,1799.0,738.0,191.585,3.514,0.0,0.0,prepaid,0.703,106.0,0.0,0.0,0.0,125.08,-667.278,"",'133133747028651006603,2026-06-08,11163485581,8343a539-6744-42c1-b1fe-4bb88865e01f,11163485581,Reverse,100108756276,100108756276,11504,702.86,5.0,967.0,0.0,967.0,exchange,0.0,0.0,0.0,0.0,0.0,0.0,0.0,0.0,NA,0,832.0
NFT-/XUTR/DEUTH02615930658X,30.57,0.0,0.0,1699.0,642.0,45.454,3.057,0.0,0.0,prepaid,0.611,0.0,0.0,27.0,0.0,31.86,561.018,"",'133117359965571630103,2026-06-08,11158000713,c84b827a-2b52-4eec-9c3d-008185be37dd,"",Forward,100103271415,1000030849454,11504,611.43,5.0,963.0,0.0,963.0,packet_delivered,0.0,0.0,0.0,0.0,0.0,0.0,0.0,0.0,NA,0,736.0
NFT-/XUTR/DEUTH02615930658X,23.76,0.0,0.0,1599.0,499.0,23.553,2.376,0.0,0.0,prepaid,0.475,0.0,0.0,27.0,0.0,31.86,440.736,"",'133114296398697209603,2026-06-08,11157090893,6935c50d-5910-4136-bfff-3f24dbae2301,"",Forward,100102361596,100102361596,11504,475.24,5.0,1006.0,0.0,1006.0,packet_delivered,0.0,0.0,0.0,0.0,0.0,0.0,0.0,0.0,NA,0,593.0
NFT-/XUTR/DEUTH02615930658X,35.19,0.0,0.0,1999.0,739.0,34.881,3.519,0.0,0.0,prepaid,0.704,0.0,0.0,27.0,0.0,31.86,668.036,"",'133114533359267444101,2026-06-08,11157165071,295498f1-4121-4945-bb5d-450a44a5f260,"",Forward,100102435774,100102435774,11504,703.81,5.0,1166.0,0.0,1166.0,packet_delivered,0.0,0.0,0.0,0.0,0.0,0.0,0.0,0.0,NA,0,833.0
NFT-/XUTR/DEUTH02615930658X,35.29,0.0,0.0,2799.0,741.0,34.97500000000001,3.529,0.0,0.0,prepaid,0.706,106.0,0.0,0.0,0.0,125.08,-826.87,"",'133123382268853594003,2026-06-08,11160343460,ddcafa05-ff1c-46d6-8461-33c168ad9830,11160343460,Reverse,100105614161,100105614161,11504,705.71,5.0,1964.0,0.0,1964.0,exchange,0.0,0.0,0.0,0.0,0.0,0.0,0.0,0.0,NA,0,835.0
NFT-/XUTR/DEUTH02615930658X,36.19,0.0,0.0,1799.0,760.0,197.296,3.619,0.0,0.0,prepaid,0.724,0.0,0.0,27.0,0.0,31.86,526.501,"",'133122818796453021403,2026-06-08,11160200324,bb5b4c2c-d057-4450-a827-bf7761f1884e,"",Forward,100105471025,1000031411397,11504,723.81,5.0,945.0,0.0,945.0,packet_delivered,0.0,0.0,0.0,0.0,0.0,0.0,0.0,0.0,NA,0,854.0
NFT-/XUTR/DEUTH02615930658X,56.95,0.0,0.0,3399.0,1196.0,296.369,5.695,0.0,0.0,prepaid,1.139,106.0,0.0,0.0,0.0,125.08,-1017.877,"",'133137537444016599201,2026-06-08,11165735935,c70b33d2-e1fa-4dd0-9146-d722544f144a,100164403249,Reverse,100111006630,1000031996115,11504,1139.05,5.0,2032.0,0.0,2032.0,return_refund,0.0,0.0,0.0,0.0,0.0,0.0,0.0,0.0,NA,0,1367.0
NFT-/XUTR/DEUTH02615930658X,68.71,0.0,0.0,1699.0,1443.0,340.548,6.871,0.0,0.0,prepaid,1.374,0.0,0.0,45.0,0.0,53.1,1041.107,"",'133103594952994022401,2026-06-08,11154904451,a65e4aac-4998-40f0-904a-5d4ce8cb3096,"",Forward,100100175158,100100175158,11504,1374.29,5.0,85.0,0.0,85.0,packet_delivered,0.0,0.0,0.0,0.0,0.0,0.0,0.0,0.0,NA,0,1614.0
NFT-/XUTR/DEUTH02615930658X,36.57,0.0,0.0,1699.0,768.0,199.373,3.657,0.0,0.0,prepaid,0.731,0.0,0.0,27.0,0.0,31.86,532.379,"",'133112779380062698601,2026-06-08,11156604661,1b754650-500b-43d9-a4f3-44f15db41e5a,"",Forward,100101875365,100101875365,11504,731.43,5.0,837.0,0.0,837.0,packet_delivered,0.0,0.0,0.0,0.0,0.0,0.0,0.0,0.0,NA,0,862.0
NFT-/XUTR/DEUTH02615930658X,36.76,0.0,0.0,2599.0,772.0,36.438,3.676,0.0,0.0,prepaid,0.735,106.0,0.0,0.0,0.0,125.08,-856.231,"",'133141958730440871801,2026-06-08,11166657245,86985ecd-ff3f-45d5-8695-0074c9ec78d9,100165317181,Reverse,100111927940,100111927940,11504,735.24,5.0,1733.0,0.0,1733.0,return_refund,0.0,0.0,0.0,0.0,0.0,0.0,0.0,0.0,NA,0,866.0
NFT-/XUTR/DEUTH02615930658X,51.81,0.0,0.0,3299.0,1088.0,269.606,5.181,0.0,0.0,prepaid,1.036,0.0,0.0,45.0,0.0,53.1,759.077,"",'133104944646091923601,2026-06-08,11155161862,4e07f6e6-3826-4d57-a160-63b176ffcd99,"",Forward,100100432569,100100432569,11504,1036.19,5.0,2040.0,0.0,2040.0,packet_delivered,0.0,0.0,0.0,0.0,0.0,0.0,0.0,0.0,NA,0,1259.0
NFT-/XUTR/DEUTH02615930658X,56.14,0.0,0.0,2699.0,388.2,96.196,1.849,0.0,0.0,prepaid,0.37,0.0,0.0,14.817,0.0,17.48406,272.301,"",'133123008694817255303,2026-06-08,11160246595,f5b77abb-b6a0-41cb-8379-63e9ed9043b9,"",Forward,100105517296,100105517296,11504,1122.86,5.0,1349.0,0.0,1349.0,packet_delivered,0.0,0.0,0.0,0.0,0.0,0.0,0.0,0.0,NA,0,1350.0
NFT-/XUTR/DEUTH02615930658X,102.86,0.0,0.0,3499.0,1104.845,260.743,5.261,0.0,0.0,prepaid,1.052,0.0,0.0,31.202,0.0,36.81836,800.971,"",'133139633196321448703,2026-06-08,11166065912,0c3d023b-a920-4221-ab98-7a7cc3840c81,"",Forward,100111336607,100111336607,11504,2057.14,5.0,1133.0,0.0,1133.0,packet_delivered,0.0,0.0,0.0,0.0,0.0,0.0,0.0,0.0,NA,0,2366.0
NFT-/XUTR/DEUTH02615930658X,35.33,0.0,0.0,2499.0,742.0,35.022,3.533,0.0,0.0,prepaid,0.707,106.0,0.0,0.0,0.0,125.08,-827.818,"",'133137537444016599201,2026-06-08,11165735929,c70b33d2-e1fa-4dd0-9146-d722544f144a,100164688695,Reverse,100111006624,1000031996115,11504,706.67,5.0,1663.0,0.0,1663.0,return_refund,0.0,0.0,0.0,0.0,0.0,0.0,0.0,0.0,NA,0,836.0
NFT-/XUTR/DEUTH02615930658X,63.19,0.0,0.0,2999.0,1327.0,328.831,6.319,0.0,0.0,prepaid,1.264,0.0,0.0,45.0,0.0,53.1,937.486,"",'133133172695232397303,2026-06-08,11163361806,de0cc201-da0f-416f-9da5-de61fd290ba4,"",Forward,100108632502,100108632502,11504,1263.81,5.0,1501.0,0.0,1501.0,packet_delivered,0.0,0.0,0.0,0.0,0.0,0.0,0.0,0.0,NA,0,1498.0
NFT-/XUTR/DEUTH02615930658X,21.81,0.0,0.0,1399.0,458.0,21.618,2.181,0.0,0.0,prepaid,0.436,0.0,0.0,19.0,4.351,27.55418,406.211,"",'133118969115505205801,2026-06-08,11158578285,2e409c04-739f-4d84-a23e-b9eeff6eec35,"",Forward,100103848987,1000030853643,11504,436.19,5.0,847.0,0.0,847.0,packet_delivered,0.0,0.0,0.0,0.0,0.0,0.0,0.0,0.0,NA,0,552.0
NFT-/XUTR/DEUTH02615930658X,35.52,0.0,0.0,2799.0,746.0,35.211,3.552,0.0,0.0,prepaid,0.71,182.0,0.0,0.0,0.0,214.76,-921.287,"",'133105920457326506801,2026-06-08,11155415278,02900ed0-67de-4e3e-935a-37fd0cfea857,100165269870,Reverse,100100685984,100100685984,11504,710.48,5.0,1959.0,0.0,1959.0,return_refund,0.0,0.0,0.0,0.0,0.0,0.0,0.0,0.0,NA,0,840.0
NFT-/XUTR/DEUTH02615930658X,35.29,0.0,0.0,2799.0,639.0,30.161,3.043,0.0,0.0,prepaid,0.609,0.0,0.0,23.283,0.0,27.47394,577.713,"",'133109079693463005501,2026-06-08,11156194029,53f46973-688a-4e81-a6b1-3236c2404de4,"",Forward,100101464734,100101464734,11504,705.71,5.0,1964.0,102.0,2066.0,packet_delivered,0.0,0.0,0.0,0.0,0.0,0.0,0.0,0.0,NA,0,835.0
NFT-/XUTR/DEUTH02615930658X,59.71,0.0,0.0,2999.0,860.973,213.349,4.1,0.0,0.0,prepaid,0.82,0.0,0.0,30.896,0.0,36.45728,606.247,"",'133111289000807931001,2026-06-08,11156460064,e31805dd-ae20-4126-b74a-5fc235ee564b,"",Forward,100101730769,100101730769,11504,1194.29,5.0,1574.0,0.0,1574.0,packet_delivered,0.0,0.0,0.0,0.0,0.0,0.0,0.0,0.0,NA,0,1425.0
NFT-/XUTR/DEUTH02615930658X,66.19,0.0,0.0,3499.0,1390.0,344.44200000000006,6.619,0.0,0.0,prepaid,1.324,182.0,0.0,0.0,0.0,214.76,-1252.375,"",'133109292698907918101,2026-06-08,11156256893,37471ebe-71eb-49d1-bcd1-1d48a80b8961,100164686285,Reverse,100101527598,100101527598,11504,1323.81,5.0,1938.0,0.0,1938.0,return_refund,0.0,0.0,0.0,0.0,0.0,0.0,0.0,0.0,NA,0,1561.0
NFT-/XUTR/DEUTH02615930658X,75.0,0.0,0.0,2625.0,1575.0,390.285,7.5,0.0,0.0,prepaid,1.5,0.0,0.0,45.0,0.0,53.1,1122.615,"",'133100875959537145403,2026-06-08,11154712756,31d11b23-65f5-448d-a02f-5ec088cdedb1,"",Forward,100099983463,100099983463,11504,1500,5.0,879.0,0.0,879.0,packet_delivered,0.0,0.0,0.0,0.0,0.0,0.0,0.0,0.0,NA,0,1746.0
NFT-/XUTR/DEUTH02615930658X,37.81,0.0,0.0,3399.0,794.0,37.477,3.781,0.0,0.0,prepaid,0.756,0.0,0.0,27.0,0.0,31.86,720.126,"",'133128185329789056303,2026-06-08,11161318274,f50ed936-5ebc-48d7-8d14-a8ffd9358cd9,"",Forward,100106588973,100106588973,11504,756.19,5.0,2511.0,0.0,2511.0,packet_delivered,0.0,0.0,0.0,0.0,0.0,0.0,0.0,0.0,NA,0,888.0
NFT-/XUTR/DEUTH02615930658X,35.29,0.0,0.0,2799.0,741.0,34.97500000000001,3.529,0.0,0.0,prepaid,0.706,0.0,0.0,27.0,0.0,31.86,669.93,"",'133144367470019929603,2026-06-08,11167244556,c2f35a0c-3a70-449b-acbc-061af2103dbf,"",Forward,100112515250,1000032428462,11504,705.71,5.0,1964.0,0.0,1964.0,packet_delivered,0.0,0.0,0.0,0.0,0.0,0.0,0.0,0.0,NA,0,835.0
NFT-/XUTR/DEUTH02615930658X,31.62,0.0,0.0,2499.0,664.0,31.340999999999998,3.162,0.0,0.0,prepaid,0.632,182.0,0.0,0.0,0.0,214.76,-843.625,"",'133113513545370932501,2026-06-08,11156761816,61619056-31bf-4670-bdb0-c9e6d0680ee8,100164304443,Reverse,100102032519,1000030232606,11504,632.38,5.0,1741.0,0.0,1741.0,return_refund,0.0,0.0,0.0,0.0,0.0,0.0,0.0,0.0,NA,0,758.0
NFT-/XUTR/DEUTH02615930658X,30.14,0.0,0.0,1999.0,633.0,29.878000000000004,3.014,0.0,0.0,prepaid,0.603,127.0,0.0,0.0,0.0,149.86,-749.365,"",'133121471350185806103,2026-06-08,11159722810,ee47614c-ed9e-4b84-b3ce-1f71282d9ba6,100165218276,Reverse,100104993511,100104993511,11504,602.86,5.0,1272.0,0.0,1272.0,return_refund,0.0,0.0,0.0,0.0,0.0,0.0,0.0,0.0,NA,0,727.0
NFT-/XUTR/DEUTH02615930658X,35.05,0.0,0.0,1750.0,693.0,179.903,3.3,0.0,0.0,prepaid,0.66,171.367,0.0,0.0,0.0,202.21306,-711.35,"",'133108017007499252103,2026-06-08,11155904382,9f10216f-0e2a-49e9-85e9-e1bde9250569,100164270290,Reverse,100101175088,1000029943831,11504,700.95,5.0,920.0,43.0,963.0,return_refund,0.0,0.0,0.0,0.0,0.0,0.0,0.0,0.0,NA,0,830.0
NFT-/XUTR/DEUTH02615930658X,36.24,0.0,0.0,2499.0,761.0,35.919,3.624,0.0,0.0,prepaid,0.725,106.0,0.0,0.0,0.0,125.08,-845.812,"",'133139411139930365301,2026-06-08,11166008702,4bdaf6d8-f4e5-4bd0-831d-708c3545fb49,11166008702,Reverse,100111279397,100111279397,11504,724.76,5.0,1644.0,0.0,1644.0,exchange,0.0,0.0,0.0,0.0,0.0,0.0,0.0,0.0,NA,0,855.0
NFT-/XUTR/DEUTH02615930658X,35.1,0.0,0.0,2699.0,737.0,34.786,3.51,0.0,0.0,prepaid,0.702,0.0,0.0,27.0,0.0,31.86,666.142,"",'133137537444016599201,2026-06-08,11165735927,c70b33d2-e1fa-4dd0-9146-d722544f144a,"",Forward,100111006622,1000031996115,11504,701.9,5.0,1868.0,0.0,1868.0,packet_delivered,0.0,0.0,0.0,0.0,0.0,0.0,0.0,0.0,NA,0,831.0
NFT-/XUTR/DEUTH02615930658X,59.67,0.0,0.0,2999.0,1253.0,310.493,5.967,0.0,0.0,prepaid,1.193,0.0,0.0,45.0,0.0,53.1,882.247,"",'133112198281959809901,2026-06-08,11156516151,6e416409-53c3-4f42-861e-8ed1563c41ee,"",Forward,100101786855,100101786855,11504,1193.33,5.0,1575.0,0.0,1575.0,packet_delivered,0.0,0.0,0.0,0.0,0.0,0.0,0.0,0.0,NA,0,1424.0
NFT-/XUTR/DEUTH02615930658X,17.62,0.0,0.0,1799.0,370.0,17.464,1.762,0.0,0.0,prepaid,0.352,0.0,0.0,0.0,0.0,0.0,350.422,"",'133126194910578744501,2026-06-08,11161035394,7cf561ac-38da-4679-b390-5fab4caef5d6,"",Forward,100106306094,1000031399062,11504,352.38,5.0,1335.0,0.0,1335.0,packet_delivered,0.0,0.0,0.0,0.0,0.0,0.0,0.0,0.0,NA,0,464.0
NFT-/XUTR/DEUTH02615930658X,108.81,0.0,0.0,3499.0,2285.0,539.26,10.881,0.0,0.0,prepaid,2.176,182.0,0.0,0.0,0.0,214.76,-1947.443,"",'133107391425533017703,2026-06-08,11155759553,79b1209c-99ae-42b1-8a43-cace447cd772,11155759553,Reverse,100101030259,100101030259,11504,2176.19,5.0,1008.0,0.0,1008.0,exchange,0.0,0.0,0.0,0.0,0.0,0.0,0.0,0.0,NA,0,2491.0
NFT-/XUTR/DEUTH02615930658X,36.52,0.0,0.0,2499.0,767.0,36.202,3.652,0.0,0.0,prepaid,0.73,0.0,0.0,27.0,0.0,31.86,694.556,"",'133101037080792233601,2026-06-08,11154748161,195c1f49-aeb0-492a-9918-26d38d044bdb,"",Forward,100100018868,100100018868,11504,730.48,5.0,1638.0,0.0,1638.0,packet_delivered,0.0,0.0,0.0,0.0,0.0,0.0,0.0,0.0,NA,0,861.0
NFT-/XUTR/DEUTH02615930658X,39.43,0.0,0.0,1999.0,828.0,214.949,3.943,0.0,0.0,prepaid,0.789,0.0,0.0,27.0,0.0,31.86,576.459,"",'133109678187121757903,2026-06-08,11156355839,a4dd1191-6831-4374-a981-0c16ecc772e9,"",Forward,100101626544,100101626544,11504,788.57,5.0,1077.0,0.0,1077.0,packet_delivered,0.0,0.0,0.0,0.0,0.0,0.0,0.0,0.0,NA,0,922.0
NFT-/XUTR/DEUTH02615930658X,29.0,0.0,0.0,1850.0,609.0,158.096,2.9,0.0,0.0,prepaid,0.58,0.0,0.0,27.0,0.0,31.86,415.564,"",'133116597254444430601,2026-06-08,11157799721,4a0034ee-6328-4acd-b554-c43feb09d675,"",Forward,100103070424,100103070424,11504,580,5.0,1147.0,0.0,1147.0,packet_delivered,0.0,0.0,0.0,0.0,0.0,0.0,0.0,0.0,NA,0,703.0
NFT-/XUTR/DEUTH02615930658X,102.05,0.0,0.0,3299.0,2143.0,505.74800000000005,10.205,0.0,0.0,prepaid,2.041,0.0,0.0,61.0,0.0,71.98,1553.026,"",'133114046290077873103,2026-06-08,11156948776,3c0dca55-e7b7-418a-9ffc-9cc1af853454,"",Forward,100102219479,1000030264213,11504,2040.95,5.0,950.0,0.0,950.0,packet_delivered,0.0,0.0,0.0,0.0,0.0,0.0,0.0,0.0,NA,0,2349.0
NFT-/XUTR/DEUTH02615930658X,20.43,0.0,0.0,1850.0,429.0,20.249,2.043,0.0,0.0,prepaid,0.409,0.0,0.0,15.0,0.0,17.7,388.599,"",'133112926324275992001,2026-06-08,11156632170,cc289b18-3922-47af-a652-3b2ec2e5690a,"",Forward,100101902873,100101902873,11504,408.57,5.0,1327.0,0.0,1327.0,packet_delivered,0.0,0.0,0.0,0.0,0.0,0.0,0.0,0.0,NA,0,523.0
NFT-/XUTR/DEUTH02615930658X,59.71,0.0,0.0,2999.0,1254.0,310.741,5.971,0.0,0.0,prepaid,1.194,182.0,0.0,0.0,0.0,214.76,-1150.854,"",'133109254572748503601,2026-06-08,11156245659,e91bc781-474f-431c-9996-274ec2fac3ee,100164327317,Reverse,100101516364,1000030229924,11504,1194.29,5.0,1574.0,0.0,1574.0,return_refund,0.0,0.0,0.0,0.0,0.0,0.0,0.0,0.0,NA,0,1425.0
NFT-/XUTR/DEUTH02615930658X,53.81,0.0,0.0,2999.0,1130.0,280.014,5.381,0.0,0.0,prepaid,1.076,0.0,0.0,45.0,0.0,53.1,790.429,"",'133140351190298714303,2026-06-08,11166258029,22b9be71-4d07-4cc4-9893-f97e63bf2a8e,"",Forward,100111528723,1000032419695,11504,1076.19,5.0,1698.0,0.0,1698.0,packet_delivered,0.0,0.0,0.0,0.0,0.0,0.0,0.0,0.0,NA,0,1301.0
NFT-/XUTR/DEUTH02615930658X,37.86,0.0,0.0,1750.0,795.0,206.382,3.786,0.0,0.0,prepaid,0.757,0.0,0.0,27.0,0.0,31.86,552.215,"",'133098086954875874801,2026-06-08,11154073339,d7f5eec5-fd4f-4169-bb0a-4043944da790,"",Forward,100099344048,100099344048,11504,757.14,5.0,861.0,0.0,861.0,packet_delivered,0.0,0.0,0.0,0.0,0.0,0.0,0.0,0.0,NA,0,889.0
NFT-/XUTR/DEUTH02615930658X,33.57,0.0,0.0,1899.0,705.0,33.276,3.357,0.0,0.0,prepaid,0.671,182.0,0.0,0.0,0.0,214.76,-882.456,"",'133103959843960401201,2026-06-08,11154956008,2bcd3cf2-57ab-4af3-a815-a4b78a62c219,11154956008,Reverse,100100226715,100100226715,11504,671.43,5.0,1100.0,0.0,1100.0,exchange,0.0,0.0,0.0,0.0,0.0,0.0,0.0,0.0,NA,0,799.0
NFT-/XUTR/DEUTH02615930658X,38.91,0.0,0.0,1799.0,817.0,212.093,3.89,0.0,0.0,prepaid,0.778,0.0,0.0,27.0,0.0,31.86,568.379,"",'133104542281024650701,2026-06-08,11155067006,8a0f1a27-664a-4308-8094-7a5aa6effa3b,"",Forward,100100337713,100100337713,11504,778.1,5.0,888.0,0.0,888.0,packet_delivered,0.0,0.0,0.0,0.0,0.0,0.0,0.0,0.0,NA,0,911.01
NFT-/XUTR/DEUTH02615930658X,59.62,0.0,0.0,2999.0,1252.0,310.246,5.962,0.0,0.0,prepaid,1.192,0.0,0.0,45.0,0.0,53.1,881.5,"",'133119863666872390703,2026-06-08,11159337187,956e5d33-8ee1-49c8-96f3-15ba84c2927f,"",Forward,100104607889,1000030856853,11504,1192.38,5.0,1576.0,0.0,1576.0,packet_delivered,0.0,0.0,0.0,0.0,0.0,0.0,0.0,0.0,NA,0,1423.0
NFT-/XUTR/DEUTH02615930658X,34.71,0.0,0.0,2499.0,729.0,34.40899999999999,3.471,0.0,0.0,prepaid,0.694,0.0,0.0,27.0,0.0,31.86,658.566,"",'133121522838233090003,2026-06-08,11159733098,795e346f-ef32-494a-aa12-29f138e9b2e6,"",Forward,100105003799,100105003799,11504,694.29,5.0,1676.0,0.0,1676.0,packet_delivered,0.0,0.0,0.0,0.0,0.0,0.0,0.0,0.0,NA,0,823.0
NFT-/XUTR/DEUTH02615930658X,50.38,0.0,0.0,3499.0,858.0,212.612,4.086,0.0,0.0,prepaid,0.817,147.595,0.0,0.0,0.0,174.1621,-814.647,"",'133064223622035205901,2026-06-08,11146763717,4f243a90-3dc2-40c7-a484-2c4e27dd5ad5,100164610197,Reverse,100092034446,100092034446,11504,1007.62,5.0,2270.0,200.0,2470.0,return_refund,0.0,0.0,0.0,0.0,0.0,0.0,0.0,0.0,NA,0,1229.0
NFT-/XUTR/DEUTH02615930658X,35.05,0.0,0.0,2599.0,636.22,30.03,3.03,0.0,0.0,prepaid,0.606,157.326,0.0,0.0,0.0,185.64468,-788.199,"",'133112884677861418403,2026-06-08,11156624244,b7137edc-46a7-47e2-8c5f-e3feecd3979a,100165441178,Reverse,100101894947,100101894947,11504,700.95,5.0,1769.0,0.0,1769.0,return_refund,0.0,0.0,0.0,0.0,0.0,0.0,0.0,0.0,NA,0,830.0
NFT-/XUTR/DEUTH02615930658X,61.95,0.0,0.0,3299.0,1301.0,322.388,6.195,0.0,0.0,prepaid,1.239,0.0,0.0,45.0,0.0,53.1,918.078,"",'133061743395989167301,2026-06-08,11146123864,57854ca6-141e-4e39-b514-1e7f43905cac,"",Forward,100091394594,100091394594,11504,1239.05,5.0,1827.0,0.0,1827.0,packet_delivered,0.0,0.0,0.0,0.0,0.0,0.0,0.0,0.0,NA,0,1472.0
NFT-/XUTR/DEUTH02615930658X,38.0,0.0,0.0,1899.0,798.0,207.161,3.8,0.0,0.0,prepaid,0.76,106.0,0.0,0.0,0.0,125.08,-711.359,"",'133134510460788736901,2026-06-08,11163657568,b33f916a-aa53-4600-a7e9-d43732e02ba0,11163657568,Reverse,100108928263,100108928263,11504,760,5.0,1007.0,0.0,1007.0,exchange,0.0,0.0,0.0,0.0,0.0,0.0,0.0,0.0,NA,0,892.0
NFT-/XUTR/DEUTH02615930658X,0.0,31.64,31.64,2999.0,1329.0,329.326,0.0,3.1645,3.1645,prepaid,1.266,106.0,0.0,0.0,0.0,125.08,-1117.159,"",'133135458737668139501,2026-06-08,11163889785,db6dcd76-6ab0-463b-b569-3ed2403d09fa,100164320125,Reverse,100109160480,100109160480,11504,1265.72,5.0,1499.0,0.0,1499.0,return_refund,0.0,0.0,0.0,0.0,0.0,0.0,0.0,0.0,NA,0,1500.0000000000002
NFT-/XUTR/DEUTH02615930658X,118.95,0.0,0.0,3999.0,2498.0,589.528,11.895,0.0,0.0,prepaid,2.379,106.0,0.0,0.0,0.0,125.08,-2019.278,"",'133106161847999326903,2026-06-08,11155479202,5a172cf0-aba3-41ed-8fea-feeef9ee9f12,11155479202,Reverse,100100749908,100100749908,11504,2379.05,5.0,1295.0,0.0,1295.0,exchange,0.0,0.0,0.0,0.0,0.0,0.0,0.0,0.0,NA,0,2704.0
NFT-/XUTR/DEUTH02615930658X,471.81,0.0,0.0,3299.0,3093.0,729.948,13.106,0.0,0.0,prepaid,2.621,106.0,0.0,0.0,0.0,125.08,-2472.405,"",'133148263666400519301,2026-06-08,11167666178,edc34ef1-00f3-4d66-b037-2abc7169714a,100169282192,Reverse,100112936872,100112936872,11504,2621.19,18.0,0.0,0.0,0.0,return_refund,0.0,0.0,0.0,0.0,0.0,0.0,0.0,0.0,NA,0,3299.0
NFT-/XUTR/DEUTH02615930658X,36.19,0.0,0.0,1799.0,760.0,197.296,3.619,0.0,0.0,prepaid,0.724,0.0,0.0,27.0,0.0,31.86,526.501,"",'133105736600560253903,2026-06-08,11155366496,767efe3c-23be-4cdc-a41c-4930abb4e2af,"",Forward,100100637202,1000029812119,11504,723.81,5.0,945.0,0.0,945.0,packet_delivered,0.0,0.0,0.0,0.0,0.0,0.0,0.0,0.0,NA,0,854.0
NFT-/XUTR/DEUTH02615930658X,22.29,0.0,0.0,1650.0,468.0,22.09,2.229,0.0,0.0,prepaid,0.446,0.0,0.0,27.0,0.0,31.86,411.375,"",'133115975019170179503,2026-06-08,11157653941,2b1140dc-f31f-451d-81e3-c2f082034762,"",Forward,100102924644,1000030395520,11504,445.71,5.0,1088.0,0.0,1088.0,packet_delivered,0.0,0.0,0.0,0.0,0.0,0.0,0.0,0.0,NA,0,562.0
NFT-/XUTR/DEUTH02615930658X,30.14,0.0,0.0,1999.0,633.0,29.878000000000004,3.014,0.0,0.0,prepaid,0.603,0.0,0.0,27.0,0.0,31.86,567.645,"",'133121471350185806103,2026-06-08,11159722810,ee47614c-ed9e-4b84-b3ce-1f71282d9ba6,"",Forward,100104993511,100104993511,11504,602.86,5.0,1272.0,0.0,1272.0,packet_delivered,0.0,0.0,0.0,0.0,0.0,0.0,0.0,0.0,NA,0,727.0
NFT-/XUTR/DEUTH02615930658X,43.05,0.0,0.0,1999.0,904.0,234.678,4.305,0.0,0.0,prepaid,0.861,0.0,0.0,27.0,0.0,31.86,632.296,"",'133131548982555942201,2026-06-08,11162694711,46860759-74ab-4758-9c31-bb77b8b2c52a,"",Forward,100107965407,1000031996528,11504,860.95,5.0,1001.0,0.0,1001.0,packet_delivered,0.0,0.0,0.0,0.0,0.0,0.0,0.0,0.0,NA,0,998.0
NFT-/XUTR/DEUTH02615930658X,41.38,0.0,0.0,1899.0,869.0,225.592,4.138,0.0,0.0,prepaid,0.828,182.0,0.0,0.0,0.0,214.76,-853.202,"",'133118092716678808901,2026-06-08,11158216081,e302f473-f4f9-4061-a47d-8b60850f158c,11158216081,Reverse,100103486783,100103486783,11504,827.62,5.0,936.0,0.0,936.0,exchange,0.0,0.0,0.0,0.0,0.0,0.0,0.0,0.0,NA,0,963.0
NFT-/XUTR/DEUTH02615930658X,96.43,0.0,0.0,3299.0,2025.0,477.9,9.643,0.0,0.0,prepaid,1.929,0.0,0.0,61.0,0.0,71.98,1463.548,"",'133108254225493287501,2026-06-08,11155963447,8f5b6b90-fd97-4fb9-8a81-a5c527c55608,"",Forward,100101234153,100101234153,11504,1928.57,5.0,1068.0,0.0,1068.0,packet_delivered,0.0,0.0,0.0,0.0,0.0,0.0,0.0,0.0,NA,0,2231.0
NFT-/XUTR/DEUTH02615930658X,426.05,0.0,0.0,2999.0,2793.0,659.148,11.835,0.0,0.0,prepaid,2.367,0.0,0.0,61.0,0.0,71.98,2047.67,"",'133122177377763131801,2026-06-08,11160019911,15d10cd1-d40c-40d8-bc8a-b09610d60b9c,"",Forward,100105290612,100105290612,11504,2366.95,18.0,0.0,0.0,0.0,packet_delivered,0.0,0.0,0.0,0.0,0.0,0.0,0.0,0.0,NA,0,2999.0
NFT-/XUTR/DEUTH02615930658X,69.95,0.0,0.0,3399.0,1469.0,364.018,6.995,0.0,0.0,prepaid,1.399,0.0,0.0,45.0,0.0,53.1,1043.488,"",'133135078975006048001,2026-06-08,11163800144,1c5e1d61-d520-400b-bebf-7d99dd4e0c96,"",Forward,100109070839,1000032010320,11504,1399.05,5.0,1759.0,0.0,1759.0,packet_delivered,0.0,0.0,0.0,0.0,0.0,0.0,0.0,0.0,NA,0,1640.0
NFT-/XUTR/DEUTH02615930658X,35.05,0.0,0.0,1750.0,736.0,191.066,3.505,0.0,0.0,prepaid,0.701,127.0,0.0,0.0,0.0,149.86,-690.588,"",'133122818796453021403,2026-06-08,11160200323,bb5b4c2c-d057-4450-a827-bf7761f1884e,100165064398,Reverse,100105471024,1000031411397,11504,700.95,5.0,920.0,0.0,920.0,return_refund,0.0,0.0,0.0,0.0,0.0,0.0,0.0,0.0,NA,0,830.0
NFT-/XUTR/DEUTH02615930658X,23.95,0.0,0.0,1699.0,503.0,35.612,2.395,0.0,0.0,prepaid,0.479,0.0,0.0,27.0,0.0,31.86,432.654,"",'133095308530691295801,2026-06-08,11153497079,be030dc9-3385-46c0-8803-d7cf7109efb6,"",Forward,100098767788,1000029323052,11504,479.05,5.0,1102.0,0.0,1102.0,packet_delivered,0.0,0.0,0.0,0.0,0.0,0.0,0.0,0.0,NA,0,597.0
NFT-/XUTR/DEUTH02615930658X,39.43,0.0,0.0,1999.0,828.0,214.949,3.943,0.0,0.0,prepaid,0.789,127.0,0.0,0.0,0.0,149.86,-758.179,"",'133109678187121757903,2026-06-08,11156355839,a4dd1191-6831-4374-a981-0c16ecc772e9,100166886835,Reverse,100101626544,100101626544,11504,788.57,5.0,1077.0,0.0,1077.0,return_refund,0.0,0.0,0.0,0.0,0.0,0.0,0.0,0.0,NA,0,922.0
NFT-/XUTR/DEUTH02615930658X,79.1,0.0,0.0,1999.0,1661.0,391.996,7.91,0.0,0.0,prepaid,1.582,182.0,0.0,0.0,0.0,214.76,-1474.272,"",'133105860191848826901,2026-06-08,11155399045,61b304f0-c3df-44c4-b322-8937b88924c4,11155399045,Reverse,100100669751,100100669751,11504,1581.9,5.0,167.0,0.0,167.0,exchange,0.0,0.0,0.0,0.0,0.0,0.0,0.0,0.0,NA,0,1832.0
NFT-/XUTR/DEUTH02615930658X,63.19,0.0,0.0,2999.0,1327.0,328.831,6.319,0.0,0.0,prepaid,1.264,182.0,0.0,0.0,0.0,214.76,-1205.346,"",'133118227708485020601,2026-06-08,11158247559,e5673a4b-ec7b-4c8a-9048-027dde4df3f5,100165383002,Reverse,100103518261,100103518261,11504,1263.81,5.0,1501.0,0.0,1501.0,return_refund,0.0,0.0,0.0,0.0,0.0,0.0,0.0,0.0,NA,0,1498.0
NFT-/XUTR/DEUTH02615930658X,22.81,0.0,0.0,1599.0,479.0,22.609,2.281,0.0,0.0,prepaid,0.456,0.0,0.0,27.0,0.0,31.86,421.794,"",'133107889853861068301,2026-06-08,11155873808,a20f39f7-05e2-4448-bdb5-da0f60625103,"",Forward,100101144514,100101144514,11504,456.19,5.0,1026.0,0.0,1026.0,packet_delivered,0.0,0.0,0.0,0.0,0.0,0.0,0.0,0.0,NA,0,573.0
NFT-/XUTR/DEUTH02615930658X,38.38,0.0,0.0,1799.0,806.0,209.238,3.838,0.0,0.0,prepaid,0.768,0.0,0.0,27.0,0.0,31.86,560.296,"",'133111341586839558601,2026-06-08,11156461417,6d80213f-8174-45cd-b296-3bab9fef85cc,"",Forward,100101732122,100101732122,11504,767.62,5.0,899.0,0.0,899.0,packet_delivered,0.0,0.0,0.0,0.0,0.0,0.0,0.0,0.0,NA,0,900.0
NFT-/XUTR/DEUTH02615930658X,0.0,13.45,13.45,1599.0,565.0,40.002,0.0,1.345,1.345,prepaid,0.538,0.0,0.0,27.0,0.0,31.86,489.91,"",'133114150856669278303,2026-06-08,11156985328,dedbd134-132b-4ea8-96c0-f2e97aaea085,"",Forward,100102256031,1000030846482,11504,538.1,5.0,940.0,0.0,940.0,packet_delivered,0.0,0.0,0.0,0.0,0.0,0.0,0.0,0.0,NA,0,659.0000000000001
NFT-/XUTR/DEUTH02615930658X,59.71,0.0,0.0,2999.0,1254.0,310.741,5.971,0.0,0.0,prepaid,1.194,0.0,0.0,45.0,0.0,53.1,882.994,"",'133135879597588185203,2026-06-08,11164047748,a77cf1ae-ce78-44bd-80ca-123da253b3e4,"",Forward,100109318443,100109318443,11504,1194.29,5.0,1574.0,0.0,1574.0,packet_delivered,0.0,0.0,0.0,0.0,0.0,0.0,0.0,0.0,NA,0,1425.0
NFT-/XUTR/DEUTH02615930658X,28.14,0.0,0.0,1599.0,591.0,41.843,2.814,0.0,0.0,prepaid,0.563,106.0,0.0,0.0,0.0,125.08,-670.86,"",'133114411426892585501,2026-06-08,11157118605,9b54055f-927b-4d53-b2a2-f3a9b2bf37e6,100168956461,Reverse,100102389308,100102389308,11504,562.86,5.0,914.0,0.0,914.0,return_refund,0.0,0.0,0.0,0.0,0.0,0.0,0.0,0.0,NA,0,685.0
NFT-/XUTR/DEUTH02615930658X,100.95,0.0,0.0,3499.0,2120.0,500.31999999999994,10.095,0.0,0.0,prepaid,2.019,0.0,0.0,61.0,0.0,71.98,1535.586,"",'133105529822244585303,2026-06-08,11155313922,a7dc2fd4-adeb-46db-843d-d659eec16178,"",Forward,100100584629,100100584629,11504,2019.05,5.0,1173.0,0.0,1173.0,packet_delivered,0.0,0.0,0.0,0.0,0.0,0.0,0.0,0.0,NA,0,2326.0
NFT-/XUTR/DEUTH02615930658X,34.33,0.0,0.0,2999.0,721.0,34.031,3.433,0.0,0.0,prepaid,0.687,127.0,0.0,0.0,0.0,149.86,-832.709,"",'133118280597781141303,2026-06-08,11158258731,ee99cb45-8c89-48a0-b469-8e97b015740b,100165755190,Reverse,100103529433,100103529433,11504,686.67,5.0,2184.0,0.0,2184.0,return_refund,0.0,0.0,0.0,0.0,0.0,0.0,0.0,0.0,NA,0,815.0
NFT-/XUTR/DEUTH02615930658X,0.0,48.91,48.91,3399.0,2054.0,484.744,0.0,4.8905,4.8905,prepaid,1.956,106.0,0.0,0.0,0.0,125.08,-1682.599,"",'133144251909607742201,2026-06-08,11167224414,b0999e44-b724-41ab-b65b-ffc39de3036a,100166335392,Reverse,100112495108,100112495108,11504,1956.2,5.0,1139.0,0.0,1139.0,return_refund,0.0,0.0,0.0,0.0,0.0,0.0,0.0,0.0,NA,0,2260.02
NFT-/XUTR/DEUTH02615930658X,22.29,0.0,0.0,1650.0,468.0,22.09,2.229,0.0,0.0,prepaid,0.446,0.0,0.0,27.0,0.0,31.86,411.375,"",'133144367470019929603,2026-06-08,11167244557,c2f35a0c-3a70-449b-acbc-061af2103dbf,"",Forward,100112515251,1000032428462,11504,445.71,5.0,1088.0,0.0,1088.0,packet_delivered,0.0,0.0,0.0,0.0,0.0,0.0,0.0,0.0,NA,0,562.0
NFT-/XUTR/DEUTH02615930658X,63.29,0.0,0.0,2999.0,1329.0,329.326,6.329,0.0,0.0,prepaid,1.266,106.0,0.0,0.0,0.0,125.08,-1117.159,"",'133143247665915160701,2026-06-08,11166965179,35645f00-6737-45f0-8584-18b1f0bbf981,11166965179,Reverse,100112235873,100112235873,11504,1265.71,5.0,1499.0,0.0,1499.0,exchange,0.0,0.0,0.0,0.0,0.0,0.0,0.0,0.0,NA,0,1500.0
NFT-/XUTR/DEUTH02615930658X,63.24,0.0,0.0,2999.0,1328.0,329.078,6.324,0.0,0.0,prepaid,1.265,0.0,0.0,45.0,0.0,53.1,938.233,"",'133115393065319699703,2026-06-08,11157514577,4d856f97-96dd-47dd-bddb-e76d64429635,"",Forward,100102785280,100102785280,11504,1264.76,5.0,1500.0,0.0,1500.0,packet_delivered,0.0,0.0,0.0,0.0,0.0,0.0,0.0,0.0,NA,0,1499.0
NFT-/XUTR/DEUTH02615930658X,0.0,43.36,43.36,2999.0,1821.0,451.244,0.0,4.3355,4.3355,prepaid,1.734,0.0,0.0,45.0,0.0,53.1,1306.251,"",'133117961557711820401,2026-06-08,11158180183,87546c9b-c9c9-406b-a4f6-dadf97b3e519,"",Forward,100103450885,100103450885,11504,1734.28,5.0,972.0,0.0,972.0,packet_delivered,0.0,0.0,0.0,0.0,0.0,0.0,0.0,0.0,NA,0,2026.9999999999998
NFT-/XUTR/DEUTH02615930658X,0.0,27.38,27.38,2999.0,1150.0,284.97,0.0,2.738,2.738,prepaid,1.095,0.0,0.0,45.0,0.0,53.1,805.359,"",'133140261198618028501,2026-06-08,11166235033,0082eaf2-d757-4dc4-9495-828a982511a3,"",Forward,100111505728,100111505728,11504,1095.24,5.0,1678.0,0.0,1678.0,packet_delivered,0.0,0.0,0.0,0.0,0.0,0.0,0.0,0.0,NA,0,1321.0000000000002
NFT-/XUTR/DEUTH02615930658X,48.48,0.0,0.0,1699.0,1018.0,240.248,4.848,0.0,0.0,prepaid,0.97,0.0,0.0,45.0,0.0,53.1,718.834,"",'133126336521220861003,2026-06-08,11161075917,3e61628c-61a2-41ee-a615-726c680e1ad2,"",Forward,100106346616,100106346616,11504,969.52,5.0,510.0,0.0,510.0,packet_delivered,0.0,0.0,0.0,0.0,0.0,0.0,0.0,0.0,NA,0,1189.0
NFT-/XUTR/DEUTH02615930658X,53.52,0.0,0.0,1950.0,1124.0,265.264,5.352,0.0,0.0,prepaid,1.07,0.0,0.0,45.0,0.0,53.1,799.214,"",'133123627302560486701,2026-06-08,11160407849,779affdd-6be6-4ac1-b52d-314bea196d64,"",Forward,100105678550,100105678550,11504,1070.48,5.0,655.0,0.0,655.0,packet_delivered,0.0,0.0,0.0,0.0,0.0,0.0,0.0,0.0,NA,0,1295.0
NFT-/XUTR/DEUTH02615930658X,25.24,0.0,0.0,1599.0,530.0,37.524,2.524,0.0,0.0,prepaid,0.505,0.0,0.0,27.0,0.0,31.86,457.587,"",'133138620632942827003,2026-06-08,11165843089,623cbffa-5235-454f-b1d3-cdb1cf4d39a1,"",Forward,100111113784,100111113784,11504,504.76,5.0,975.0,0.0,975.0,packet_delivered,0.0,0.0,0.0,0.0,0.0,0.0,0.0,0.0,NA,0,624.0
NFT-/XUTR/DEUTH02615930658X,34.14,0.0,0.0,1599.0,717.0,186.133,3.414,0.0,0.0,prepaid,0.683,106.0,0.0,0.0,0.0,125.08,-651.85,"",'133122697235467020301,2026-06-08,11160169941,dc1970ad-a705-43d2-a312-02ebf434e830,100164497598,Reverse,100105440642,100105440642,11504,682.86,5.0,788.0,0.0,788.0,return_refund,0.0,0.0,0.0,0.0,0.0,0.0,0.0,0.0,NA,0,811.0
NFT-/XUTR/DEUTH02615930658X,59.67,0.0,0.0,2999.0,1253.0,310.493,5.967,0.0,0.0,prepaid,1.193,0.0,0.0,45.0,0.0,53.1,882.247,"",'133071150675257179803,2026-06-08,11148130239,23a4c431-0835-4316-9e76-96db04f7fdca,"",Forward,100093400967,100093400967,11504,1193.33,5.0,1575.0,0.0,1575.0,packet_delivered,0.0,0.0,0.0,0.0,0.0,0.0,0.0,0.0,NA,0,1424.0
NFT-/XUTR/DEUTH02615930658X,16.33,0.0,0.0,1799.0,343.0,16.19,1.633,0.0,0.0,prepaid,0.327,0.0,0.0,17.0,0.0,20.06,304.79,"",'133104036288129254501,2026-06-08,11154968573,50a7482a-015e-4db7-85c1-27935c1c67db,"",Forward,100100239280,1000029681140,11504,326.67,5.0,1397.0,0.0,1397.0,packet_delivered,0.0,0.0,0.0,0.0,0.0,0.0,0.0,0.0,NA,0,402.0
NFT-/XUTR/DEUTH02615930658X,55.67,0.0,0.0,2999.0,1169.0,289.678,5.567,0.0,0.0,prepaid,1.113,0.0,0.0,45.0,0.0,53.1,819.542,"",'133114572892091242203,2026-06-08,11157201074,60b7cfdf-029a-4770-9fa8-8d5407816600,"",Forward,100102471777,100102471777,11504,1113.33,5.0,1659.0,0.0,1659.0,packet_delivered,0.0,0.0,0.0,0.0,0.0,0.0,0.0,0.0,NA,0,1340.0
NFT-/XUTR/DEUTH02615930658X,40.52,0.0,0.0,2100.0,851.0,220.92,4.052,0.0,0.0,prepaid,0.81,106.0,0.0,0.0,0.0,125.08,-750.298,"",'133143441866176963501,2026-06-08,11167015786,e057d450-21be-4a9b-9fe0-edf5c4b01e74,100165249651,Reverse,100112286480,100112286480,11504,810.48,5.0,1155.0,0.0,1155.0,return_refund,0.0,0.0,0.0,0.0,0.0,0.0,0.0,0.0,NA,0,945.0
NFT-/XUTR/DEUTH02615930658X,0.0,9.52,9.52,1699.0,365.0,17.228,0.0,0.869,0.869,prepaid,0.348,0.0,0.0,0.0,0.0,0.0,345.686,"",'133100310429010295601,2026-06-08,11154566179,82817c4b-708d-4b44-b293-577cf9630344,"",Forward,100099836887,100099836887,11504,380.96,5.0,1205.0,35.0,1240.0,packet_delivered,0.0,0.0,0.0,0.0,0.0,0.0,0.0,0.0,NA,0,493.99999999999994
NFT-/XUTR/DEUTH02615930658X,0.0,36.38,36.38,1699.0,1528.0,360.608,0.0,3.638,3.638,prepaid,1.455,106.0,0.0,0.0,0.0,125.08,-1283.741,"",'133126121173870443701,2026-06-08,11161014276,02060b78-e739-4406-9422-b87b7c3658c3,11161014276,Reverse,100106284975,1000031083807,11504,1455.24,5.0,0.0,0.0,0.0,exchange,0.0,0.0,0.0,0.0,0.0,0.0,0.0,0.0,NA,0,1699.0000000000002
NFT-/XUTR/DEUTH02615930658X,62.1,0.0,0.0,2250.0,1304.0,307.744,6.21,0.0,0.0,prepaid,1.242,0.0,0.0,45.0,0.0,53.1,935.704,"",'133113338100918412001,2026-06-08,11156720085,50cb3a3a-3a4c-452a-9bbf-f6f5c0101f9f,"",Forward,100101990788,1000030195170,11504,1241.9,5.0,775.0,0.0,775.0,packet_delivered,0.0,0.0,0.0,0.0,0.0,0.0,0.0,0.0,NA,0,1475.0
NFT-/XUTR/DEUTH02615930658X,59.62,0.0,0.0,2999.0,1252.0,310.246,5.962,0.0,0.0,prepaid,1.192,0.0,0.0,45.0,0.0,53.1,881.5,"",'133119863666872390703,2026-06-08,11159337192,956e5d33-8ee1-49c8-96f3-15ba84c2927f,"",Forward,100104607894,1000030856853,11504,1192.38,5.0,1576.0,0.0,1576.0,packet_delivered,0.0,0.0,0.0,0.0,0.0,0.0,0.0,0.0,NA,0,1423.0
NFT-/XUTR/DEUTH02615930658X,59.71,0.0,0.0,2999.0,1254.0,310.741,5.971,0.0,0.0,prepaid,1.194,0.0,0.0,45.0,0.0,53.1,882.994,"",'133135542587188672001,2026-06-08,11163905912,1f6107f9-a425-4306-9c7b-33bbb488b3e3,"",Forward,100109176607,100109176607,11504,1194.29,5.0,1574.0,0.0,1574.0,packet_delivered,0.0,0.0,0.0,0.0,0.0,0.0,0.0,0.0,NA,0,1425.0
NFT-/XUTR/DEUTH02615930658X,77.52,0.0,0.0,1799.0,1628.0,384.208,7.752,0.0,0.0,prepaid,1.55,0.0,0.0,45.0,0.0,53.1,1181.39,"",'133099438639419659603,2026-06-08,11154353027,88164e5d-1919-4822-9bba-a7ab5b8a0fd1,"",Forward,100099623735,100099623735,11504,1550.48,5.0,0.0,0.0,0.0,packet_delivered,0.0,0.0,0.0,0.0,0.0,0.0,0.0,0.0,NA,0,1799.0
NFT-/XUTR/DEUTH02615930658X,67.1,0.0,0.0,3199.0,1409.0,349.15,6.71,0.0,0.0,prepaid,1.342,127.0,0.0,0.0,0.0,149.86,-1201.658,"",'133133272711622807701,2026-06-08,11163382856,7cc31e55-79da-487d-a69f-640e3a352e6b,11163382856,Reverse,100108653552,100108653552,11504,1341.9,5.0,1619.0,0.0,1619.0,exchange,0.0,0.0,0.0,0.0,0.0,0.0,0.0,0.0,NA,0,1580.0
NFT-/XUTR/DEUTH02615930658X,19.05,0.0,0.0,1699.0,400.00000000000006,18.88,1.905,0.0,0.0,prepaid,0.381,106.0,0.0,0.0,0.0,125.08,-503.914,"",'133144906524254977603,2026-06-08,11167300202,b04f75e9-6b31-4610-96e4-d381fc3ba951,100164589110,Reverse,100112570896,100112570896,11504,380.95,5.0,1205.0,0.0,1205.0,return_refund,0.0,0.0,0.0,0.0,0.0,0.0,0.0,0.0,NA,0,494.0
NFT-/XUTR/DEUTH02615930658X,20.29,0.0,0.0,1699.0,426.00000000000006,20.107,2.029,0.0,0.0,prepaid,0.406,106.0,0.0,0.0,0.0,125.08,-528.538,"",'133144808772550056303,2026-06-08,11167293625,3d285d0e-90be-4e21-8eb1-d7af76c6dbf9,11167293625,Reverse,100112564319,1000032304255,11504,405.71,5.0,1179.0,0.0,1179.0,exchange,0.0,0.0,0.0,0.0,0.0,0.0,0.0,0.0,NA,0,520.0
NFT-/XUTR/DEUTH02615930658X,9.9,0.0,0.0,399.0,340.0,52.156,1.65,0.0,0.0,prepaid,0.33,0.0,0.0,27.0,0.0,31.86,254.004,"",'133100577578889409901,2026-06-08,11154636526,c192c97f-fb95-4a7a-b539-ee89a4128c3b,"",Forward,100099907233,100099907233,11504,330.1,3.0,0.0,0.0,0.0,packet_delivered,0.0,0.0,0.0,0.0,0.0,0.0,0.0,0.0,NA,0,399.0
NFT-/XUTR/DEUTH02615930658X,59.67,0.0,0.0,2999.0,1253.0,310.493,5.967,0.0,0.0,prepaid,1.193,0.0,0.0,45.0,0.0,53.1,882.247,"",'133081064474795883201,2026-06-08,11150330330,83d2aad2-a8a4-45f9-9900-41ea2e122b54,"",Forward,100095601048,100095601048,11504,1193.33,5.0,1575.0,0.0,1575.0,packet_delivered,0.0,0.0,0.0,0.0,0.0,0.0,0.0,0.0,NA,0,1424.0
NFT-/XUTR/DEUTH02615930658X,85.14,0.0,0.0,2999.0,41.24,10.219,0.196,0.0,0.0,prepaid,0.039,0.0,0.0,1.038,0.0,1.22484,29.561,"",'133104236607240762703,2026-06-08,11155004162,c19ffd73-ffe3-4b92-96ca-7e12da7c8fe4,"",Forward,100100274869,1000029795702,11504,1702.86,5.0,1005.0,0.0,1005.0,packet_delivered,0.0,0.0,0.0,0.0,0.0,0.0,0.0,0.0,NA,0,1994.0
NFT-/XUTR/DEUTH02615930658X,32.57,0.0,0.0,2499.0,684.0,32.285,3.257,0.0,0.0,prepaid,0.651,0.0,0.0,27.0,0.0,31.86,615.947,"",'133114708011438123301,2026-06-08,11157298426,5b8e9303-6eee-42ab-8edf-94b945b890ad,"",Forward,100102569129,100102569129,11504,651.43,5.0,1721.0,0.0,1721.0,packet_delivered,0.0,0.0,0.0,0.0,0.0,0.0,0.0,0.0,NA,0,778.0
NFT-/XUTR/DEUTH02615930658X,0.0,31.64,31.64,2999.0,1329.0,329.326,0.0,3.1645,3.1645,prepaid,1.266,0.0,0.0,45.0,0.0,53.1,938.979,"",'133148047969895896303,2026-06-08,11167607150,815f475a-debb-4a82-a5f2-77e0341698ec,"",Forward,100112877844,100112877844,11504,1265.72,5.0,1499.0,0.0,1499.0,packet_delivered,0.0,0.0,0.0,0.0,0.0,0.0,0.0,0.0,NA,0,1500.0000000000002
NFT-/XUTR/DEUTH02615930658X,28.91,0.0,0.0,1699.0,607.0,157.577,2.89,0.0,0.0,prepaid,0.578,106.0,0.0,0.0,0.0,125.08,-571.035,"",'133142829690740551103,2026-06-08,11166862238,c3f523c9-e49d-47c4-ab39-93bb93ac6d96,11166862238,Reverse,100112132933,1000032191873,11504,578.1,5.0,998.0,0.0,998.0,exchange,0.0,0.0,0.0,0.0,0.0,0.0,0.0,0.0,NA,0,701.01
NFT-/XUTR/DEUTH02615930658X,80.38,0.0,0.0,3999.0,1688.0,418.286,8.038,0.0,0.0,prepaid,1.608,0.0,0.0,45.0,0.0,53.1,1206.968,"",'133105898153226927703,2026-06-08,11155409473,378a7e8f-0a3f-48d3-8adf-2c50e38e40ea,"",Forward,100100680179,100100680179,11504,1607.62,5.0,2140.0,0.0,2140.0,packet_delivered,0.0,0.0,0.0,0.0,0.0,0.0,0.0,0.0,NA,0,1859.0
NFT-/XUTR/DEUTH02615930658X,26.86,0.0,0.0,1699.0,537.06,38.024,2.557,0.0,0.0,prepaid,0.511,100.937,0.0,0.0,0.0,119.10566,-615.074,"",'133143853258710856303,2026-06-08,11167127832,47a510ac-a9be-4906-b822-429b501bf81c,11167127832,Reverse,100112398526,100112398526,11504,537.14,5.0,1041.0,0.0,1041.0,exchange,0.0,0.0,0.0,0.0,0.0,0.0,0.0,0.0,NA,0,658.0
NFT-/XUTR/DEUTH02615930658X,37.81,0.0,0.0,3399.0,794.0,37.477,3.781,0.0,0.0,prepaid,0.756,127.0,0.0,0.0,0.0,149.86,-901.846,"",'133128185329789056303,2026-06-08,11161318274,f50ed936-5ebc-48d7-8d14-a8ffd9358cd9,100166018114,Reverse,100106588973,100106588973,11504,756.19,5.0,2511.0,0.0,2511.0,return_refund,0.0,0.0,0.0,0.0,0.0,0.0,0.0,0.0,NA,0,888.0
NFT-/XUTR/DEUTH02615930658X,75.48,0.0,0.0,4999.0,1585.0,392.763,7.548,0.0,0.0,prepaid,1.51,0.0,0.0,45.0,0.0,53.1,1130.079,"",'133090135176434237403,2026-06-08,11152483084,eca116a8-e037-4587-adc8-956775dca1af,"",Forward,100097753794,100097753794,11504,1509.52,5.0,3243.0,0.0,3243.0,packet_delivered,0.0,0.0,0.0,0.0,0.0,0.0,0.0,0.0,NA,0,1756.0
NFT-/XUTR/DEUTH02615930658X,34.71,0.0,0.0,2499.0,729.0,34.40899999999999,3.471,0.0,0.0,prepaid,0.694,0.0,0.0,27.0,0.0,31.86,658.566,"",'133097921992384179601,2026-06-08,11154039019,337a535e-43a9-40b5-a57c-f95bf97819d9,"",Forward,100099309728,100099309728,11504,694.29,5.0,1676.0,0.0,1676.0,packet_delivered,0.0,0.0,0.0,0.0,0.0,0.0,0.0,0.0,NA,0,823.0
NFT-/XUTR/DEUTH02615930658X,0.0,23.07,23.07,1599.0,969.0,251.552,0.0,2.307,2.307,prepaid,0.923,0.0,0.0,27.0,0.0,31.86,680.051,"",'133139957348591446701,2026-06-08,11166153819,b0630639-8ef6-4074-9f5c-6fc8deb4950f,"",Forward,100111424514,100111424514,11504,922.86,5.0,459.0,0.0,459.0,packet_delivered,0.0,0.0,0.0,0.0,0.0,0.0,0.0,0.0,NA,0,1140.0
NFT-/XUTR/DEUTH02615930658X,61.95,0.0,0.0,2899.0,1301.0,322.388,6.195,0.0,0.0,prepaid,1.239,0.0,0.0,45.0,0.0,53.1,918.078,"",'133125496385865268301,2026-06-08,11160850350,a8a50ed6-8a8f-412b-b75c-7f31f10f39df,"",Forward,100106121050,100106121050,11504,1239.05,5.0,1427.0,0.0,1427.0,packet_delivered,0.0,0.0,0.0,0.0,0.0,0.0,0.0,0.0,NA,0,1472.0
NFT-/XUTR/DEUTH02615930658X,59.67,0.0,0.0,2999.0,1145.57,283.872,5.455,0.0,0.0,prepaid,1.091,0.0,0.0,41.142,0.0,48.54756,806.604,"",'133100806971371722803,2026-06-08,11154695420,346c6ae9-fb7e-4c1e-8da4-2ed883c81f25,"",Forward,100099966127,100099966127,11504,1193.33,5.0,1575.0,0.0,1575.0,packet_delivered,0.0,0.0,0.0,0.0,0.0,0.0,0.0,0.0,NA,0,1424.0
NFT-/XUTR/DEUTH02615930658X,59.67,0.0,0.0,2999.0,1253.0,310.493,5.967,0.0,0.0,prepaid,1.193,0.0,0.0,45.0,0.0,53.1,882.247,"",'133096968378919411503,2026-06-08,11153831542,a7aba259-4c0e-4281-94b4-686faddd7c95,"",Forward,100099102251,100099102251,11504,1193.33,5.0,1575.0,0.0,1575.0,packet_delivered,0.0,0.0,0.0,0.0,0.0,0.0,0.0,0.0,NA,0,1424.0
NFT-/XUTR/DEUTH02615930658X,40.71,0.0,0.0,1999.0,855.0,221.958,4.071,0.0,0.0,prepaid,0.814,182.0,0.0,0.0,0.0,214.76,-842.917,"",'133103990592324092101,2026-06-08,11154960904,606769a1-e58d-4bd4-834a-d471b57ad279,100164020821,Reverse,100100231611,1000029787157,11504,814.29,5.0,1050.0,0.0,1050.0,return_refund,0.0,0.0,0.0,0.0,0.0,0.0,0.0,0.0,NA,0,949.0
NFT-/XUTR/DEUTH02615930658X,55.48,0.0,0.0,3499.0,251.042,62.208,1.195,0.0,0.0,prepaid,0.239,0.0,0.0,9.697,0.0,11.44246,175.958,"",'133125952014304089403,2026-06-08,11160966756,f3170879-545e-4d56-bafb-d2f3e79516bb,"",Forward,100106237456,100106237456,11504,1109.52,5.0,2163.0,0.0,2163.0,packet_delivered,0.0,0.0,0.0,0.0,0.0,0.0,0.0,0.0,NA,0,1336.0
NFT-/XUTR/DEUTH02615930658X,103.48,0.0,0.0,3399.0,2173.0,512.828,10.348,0.0,0.0,prepaid,2.07,0.0,0.0,61.0,0.0,71.98,1575.774,"",'133139184037673410103,2026-06-08,11165954485,7c66e780-3600-479b-941e-363d9bfcbdd5,"",Forward,100111225180,1000032008263,11504,2069.52,5.0,1020.0,0.0,1020.0,packet_delivered,0.0,0.0,0.0,0.0,0.0,0.0,0.0,0.0,NA,0,2379.0
NFT-/XUTR/DEUTH02615930658X,23.71,0.0,0.0,1650.0,314.74,14.856,1.499,0.0,0.0,prepaid,0.3,0.0,0.0,17.064,0.0,20.13552,277.949,"",'133103753285789424501,2026-06-08,11154924869,a5e64d54-084a-450a-8a70-b0a987dba5c2,"",Forward,100100195576,100100195576,11504,474.29,5.0,1058.0,0.0,1058.0,packet_delivered,0.0,0.0,0.0,0.0,0.0,0.0,0.0,0.0,NA,0,592.0
NFT-/XUTR/DEUTH02615930658X,100.95,0.0,0.0,3499.0,2120.0,500.31999999999994,10.095,0.0,0.0,prepaid,2.019,0.0,0.0,61.0,0.0,71.98,1535.586,"",'133122818796453021403,2026-06-08,11160200317,bb5b4c2c-d057-4450-a827-bf7761f1884e,"",Forward,100105471018,1000031411397,11504,2019.05,5.0,1173.0,0.0,1173.0,packet_delivered,0.0,0.0,0.0,0.0,0.0,0.0,0.0,0.0,NA,0,2326.0
NFT-/XUTR/DEUTH02615930658X,37.33,0.0,0.0,2899.0,784.0,37.005,3.733,0.0,0.0,prepaid,0.747,0.0,0.0,27.0,0.0,31.86,710.655,"",'133105238972262760501,2026-06-08,11155236589,c433c983-c98c-4f8a-98e6-4cc565a551cf,"",Forward,100100507296,1000029785173,11504,746.67,5.0,2021.0,0.0,2021.0,packet_delivered,0.0,0.0,0.0,0.0,0.0,0.0,0.0,0.0,NA,0,878.0
NFT-/XUTR/DEUTH02615930658X,59.71,0.0,0.0,2999.0,1254.0,310.741,5.971,0.0,0.0,prepaid,1.194,0.0,0.0,45.0,0.0,53.1,882.994,"",'133122514087164001501,2026-06-08,11160122595,6384adef-57af-42cd-adf0-20d93397a8bb,"",Forward,100105393296,1000030861811,11504,1194.29,5.0,1574.0,0.0,1574.0,packet_delivered,0.0,0.0,0.0,0.0,0.0,0.0,0.0,0.0,NA,0,1425.0
NFT-/XUTR/DEUTH02615930658X,46.86,0.0,0.0,2599.0,984.0,255.44600000000003,4.686,0.0,0.0,prepaid,0.937,0.0,0.0,27.0,0.0,31.86,691.071,"",'133148591124243681603,2026-06-08,11167759973,a3e65f6e-8cef-46e7-86df-ccc90cf67aa9,"",Forward,100113030667,100113030667,11504,937.14,5.0,1444.0,0.0,1444.0,packet_delivered,0.0,0.0,0.0,0.0,0.0,0.0,0.0,0.0,NA,0,1155.0
NFT-/XUTR/DEUTH02615930658X,33.14,0.0,0.0,1799.0,696.0,180.682,3.314,0.0,0.0,prepaid,0.663,182.0,0.0,0.0,0.0,214.76,-726.101,"",'133113851356089508603,2026-06-08,11156898509,458c12cf-61a9-4203-bf39-a63879805d69,100165009892,Reverse,100102169212,1000030258991,11504,662.86,5.0,1009.0,0.0,1009.0,return_refund,0.0,0.0,0.0,0.0,0.0,0.0,0.0,0.0,NA,0,790.0
NFT-/XUTR/DEUTH02615930658X,0.0,24.05,24.05,1750.0,1009.9999999999999,238.36,0.0,2.405,2.405,prepaid,0.962,106.0,0.0,0.0,0.0,125.08,-890.948,"",'133134199289175313203,2026-06-08,11163586041,f6bec769-1cf0-4859-88ab-5fa28cb81342,100164240442,Reverse,100108856736,100108856736,11504,961.9,5.0,569.0,0.0,569.0,return_refund,0.0,0.0,0.0,0.0,0.0,0.0,0.0,0.0,NA,0,1181.0
NFT-/XUTR/DEUTH02615930658X,31.29,0.0,0.0,2499.0,657.0,31.009999999999998,3.129,0.0,0.0,prepaid,0.626,0.0,0.0,27.0,0.0,31.86,590.375,"",'133098504880114798803,2026-06-08,11154159250,7e579f97-6cff-4705-9a34-4c51716c4a2d,"",Forward,100099429959,1000029785823,11504,625.71,5.0,1748.0,0.0,1748.0,packet_delivered,0.0,0.0,0.0,0.0,0.0,0.0,0.0,0.0,NA,0,751.0
NFT-/XUTR/DEUTH02615930658X,19.05,0.0,0.0,1599.0,400.0,18.88,1.905,0.0,0.0,prepaid,0.381,0.0,0.0,0.0,0.0,0.0,378.834,"",'133112622515382319203,2026-06-08,11156577465,e3a17445-f7d6-469d-9052-6d057913fc4a,"",Forward,100101848169,100101848169,11504,380.95,5.0,1105.0,0.0,1105.0,packet_delivered,0.0,0.0,0.0,0.0,0.0,0.0,0.0,0.0,NA,0,494.0
NFT-/XUTR/DEUTH02615930658X,21.38,0.0,0.0,1599.0,449.0,21.193,2.138,0.0,0.0,prepaid,0.428,0.0,0.0,15.0,0.0,17.7,407.541,"",'133122575777564222003,2026-06-08,11160138781,ee1252ba-40b4-4d66-a9eb-f64440375f4b,"",Forward,100105409482,1000030852740,11504,427.62,5.0,1056.0,0.0,1056.0,packet_delivered,0.0,0.0,0.0,0.0,0.0,0.0,0.0,0.0,NA,0,543.0
NFT-/XUTR/DEUTH02615930658X,33.19,0.0,0.0,2499.0,697.0,32.898,3.319,0.0,0.0,prepaid,0.664,182.0,0.0,0.0,0.0,214.76,-874.879,"",'133100522184943096401,2026-06-08,11154622476,70702559-0597-428a-a0b9-24a020011d11,100165425208,Reverse,100099893183,100099893183,11504,663.81,5.0,1708.0,0.0,1708.0,return_refund,0.0,0.0,0.0,0.0,0.0,0.0,0.0,0.0,NA,0,791.0
NFT-/XUTR/DEUTH02615930658X,29.14,0.0,0.0,1699.0,612.0,43.33,2.914,0.0,0.0,prepaid,0.583,0.0,0.0,27.0,0.0,31.86,533.313,"",'133124705692949613601,2026-06-08,11160663241,490540a1-4f6b-4736-b41c-9e6c2c8ee5e2,"",Forward,100105933942,1000031003665,11504,582.86,5.0,993.0,0.0,993.0,packet_delivered,0.0,0.0,0.0,0.0,0.0,0.0,0.0,0.0,NA,0,706.0
NFT-/XUTR/DEUTH02615930658X,0.0,32.64,32.64,3499.0,205.57,50.94,0.0,0.4895,0.4895,prepaid,0.196,19.043,0.0,0.0,0.0,22.47074,-175.926,"",'133097045604251801501,2026-06-08,11153847836,245e4820-4b28-467c-a6d3-88e3e4456527,11153847836,Reverse,100099118545,1000029788434,11504,1305.72,5.0,1957.0,0.0,1957.0,exchange,0.0,0.0,0.0,0.0,0.0,0.0,0.0,0.0,NA,0,1542.0000000000002
NFT-/XUTR/DEUTH02615930658X,70.38,0.0,0.0,3299.0,1478.0,366.248,7.038,0.0,0.0,prepaid,1.408,182.0,0.0,0.0,0.0,214.76,-1318.066,"",'133122477606321803303,2026-06-08,11160113124,9baad516-2c6c-44f0-935c-a4a37d875319,11160113124,Reverse,100105383825,100105383825,11504,1407.62,5.0,1650.0,0.0,1650.0,exchange,0.0,0.0,0.0,0.0,0.0,0.0,0.0,0.0,NA,0,1649.0
NFT-/XUTR/DEUTH02615930658X,66.19,0.0,0.0,3499.0,1390.0,344.44200000000006,6.619,0.0,0.0,prepaid,1.324,182.0,0.0,0.0,0.0,214.76,-1252.375,"",'133113909146677715701,2026-06-08,11156913631,d5a4ade2-0a3e-484b-a30d-246796fd39ae,100166006659,Reverse,100102184334,100102184334,11504,1323.81,5.0,1938.0,0.0,1938.0,return_refund,0.0,0.0,0.0,0.0,0.0,0.0,0.0,0.0,NA,0,1561.0
NFT-/XUTR/DEUTH02615930658X,487.07,0.0,0.0,3399.0,3104.0,732.544,13.153,0.0,0.0,prepaid,2.631,0.0,0.0,59.3,0.0,69.974,2285.698,"",'133096970619956532901,2026-06-08,11153832049,2816790b-6d6b-473b-a7d9-95246d807026,"",Forward,100099102758,1000029793129,11504,2705.93,18.0,0.0,89.0,89.0,packet_delivered,0.0,0.0,0.0,0.0,0.0,0.0,0.0,0.0,NA,0,3399.0
NFT-/XUTR/DEUTH02615930658X,58.43,0.0,0.0,2899.0,86.609,21.462,0.412,0.0,0.0,prepaid,0.082,0.0,0.0,3.176,0.0,3.74768,60.905,"",'133099502539338781003,2026-06-08,11154367148,e145089e-033f-4c2f-a07d-deedc933d408,"",Forward,100099637856,100099637856,11504,1168.57,5.0,1501.0,0.0,1501.0,packet_delivered,0.0,0.0,0.0,0.0,0.0,0.0,0.0,0.0,NA,0,1398.0
NFT-/XUTR/DEUTH02615930658X,28.38,0.0,0.0,1999.0,596.0,28.131,2.838,0.0,0.0,prepaid,0.568,0.0,0.0,3.0,0.0,3.54,560.923,"",'133113513545370932501,2026-06-08,11156761812,61619056-31bf-4670-bdb0-c9e6d0680ee8,"",Forward,100102032515,1000030232606,11504,567.62,5.0,1309.0,0.0,1309.0,packet_delivered,0.0,0.0,0.0,0.0,0.0,0.0,0.0,0.0,NA,0,690.0
NFT-/XUTR/DEUTH02615930658X,19.05,0.0,0.0,1699.0,400.00000000000006,18.88,1.905,0.0,0.0,prepaid,0.381,106.0,0.0,0.0,0.0,125.08,-503.914,"",'133148267572890059903,2026-06-08,11167667280,23f1c324-d298-4f76-be39-18ec2e6b9461,100165707499,Reverse,100112937974,100112937974,11504,380.95,5.0,1205.0,0.0,1205.0,return_refund,0.0,0.0,0.0,0.0,0.0,0.0,0.0,0.0,NA,0,494.0
NFT-/XUTR/DEUTH02615930658X,18.38,0.0,0.0,1650.0,386.0,18.219,1.838,0.0,0.0,prepaid,0.368,0.0,0.0,0.0,0.0,0.0,365.575,"",'133147595961515063803,2026-06-08,11167503715,3c546fdc-63e2-4be8-bb6c-e7087e311226,"",Forward,100112774409,1000032379508,11504,367.62,5.0,1205.0,0.0,1205.0,packet_delivered,0.0,0.0,0.0,0.0,0.0,0.0,0.0,0.0,NA,0,445.0
NFT-/XUTR/DEUTH02615930658X,0.0,27.6,27.6,1999.0,1159.0,273.524,0.0,2.7595,2.7595,prepaid,1.104,0.0,0.0,45.0,0.0,53.1,825.753,"",'133126121173870443701,2026-06-08,11161014274,02060b78-e739-4406-9422-b87b7c3658c3,"",Forward,100106284973,1000031083807,11504,1103.8,5.0,669.0,0.0,669.0,packet_delivered,0.0,0.0,0.0,0.0,0.0,0.0,0.0,0.0,NA,0,1329.9999999999998
NFT-/XUTR/DEUTH02615930658X,37.33,0.0,0.0,2899.0,784.0,37.005,3.733,0.0,0.0,prepaid,0.747,182.0,0.0,0.0,0.0,214.76,-957.275,"",'133105238972262760501,2026-06-08,11155236589,c433c983-c98c-4f8a-98e6-4cc565a551cf,100164165509,Reverse,100100507296,1000029785173,11504,746.67,5.0,2021.0,0.0,2021.0,return_refund,0.0,0.0,0.0,0.0,0.0,0.0,0.0,0.0,NA,0,878.0
NFT-/XUTR/DEUTH02615930658X,58.95,0.0,0.0,2999.0,1101.0,272.828,5.243,0.0,0.0,prepaid,1.049,0.0,0.0,40.02,0.0,47.2236,774.656,"",'133098394120912451601,2026-06-08,11154135724,b2920ba7-5b54-4b53-a86e-648af31468eb,"",Forward,100099406433,100099406433,11504,1179.05,5.0,1590.0,137.0,1727.0,packet_delivered,0.0,0.0,0.0,0.0,0.0,0.0,0.0,0.0,NA,0,1409.0
NFT-/XUTR/DEUTH02615930658X,34.71,0.0,0.0,2499.0,729.0,34.40899999999999,3.471,0.0,0.0,prepaid,0.694,0.0,0.0,27.0,0.0,31.86,658.566,"",'133109315085270431401,2026-06-08,11156263620,1aa17a07-7f30-4942-a655-b023ad6c77da,"",Forward,100101534325,100101534325,11504,694.29,5.0,1676.0,0.0,1676.0,packet_delivered,0.0,0.0,0.0,0.0,0.0,0.0,0.0,0.0,NA,0,823.0
NFT-/XUTR/DEUTH02615930658X,34.52,0.0,0.0,2999.0,85.091,4.016,0.405,0.0,0.0,prepaid,0.081,0.0,0.0,3.169,0.357,4.16068,76.428,"",'133139807780679102803,2026-06-08,11166112518,4c29d966-e7d9-49f3-9137-dd063681a6ce,"",Forward,100111383213,100111383213,11504,690.48,5.0,2180.0,0.0,2180.0,packet_delivered,0.0,0.0,0.0,0.0,0.0,0.0,0.0,0.0,NA,0,819.0
NFT-/XUTR/DEUTH02615930658X,26.52,0.0,0.0,1499.0,557.0,39.436,2.652,0.0,0.0,prepaid,0.53,0.0,0.0,27.0,0.0,31.86,482.522,"",'133143845196523634801,2026-06-08,11167125600,e1627801-28a1-4fc8-86ac-0a4e4d55620c,"",Forward,100112396294,100112396294,11504,530.48,5.0,848.0,0.0,848.0,packet_delivered,0.0,0.0,0.0,0.0,0.0,0.0,0.0,0.0,NA,0,651.0
NFT-/XUTR/DEUTH02615930658X,42.62,0.0,0.0,2999.0,180.632,46.892,0.86,0.0,0.0,prepaid,0.172,0.0,0.0,5.449,0.0,6.42982,126.278,"",'133091778347600834501,2026-06-08,11153083841,00535e19-4af3-41b5-93ba-84aec2929b93,"",Forward,100098354550,100098354550,11504,852.38,5.0,2010.0,0.0,2010.0,packet_delivered,0.0,0.0,0.0,0.0,0.0,0.0,0.0,0.0,NA,0,989.0
NFT-/XUTR/DEUTH02615930658X,77.52,0.0,0.0,1799.0,1628.0,384.208,7.752,0.0,0.0,prepaid,1.55,182.0,0.0,0.0,0.0,214.76,-1449.25,"",'133099826444927621301,2026-06-08,11154439860,afc8576e-a02e-4a2f-acfb-c1d7d56e7677,100164836679,Reverse,100099710568,100099710568,11504,1550.48,5.0,0.0,0.0,0.0,return_refund,0.0,0.0,0.0,0.0,0.0,0.0,0.0,0.0,NA,0,1799.0
NFT-/XUTR/DEUTH02615930658X,64.38,0.0,0.0,2999.0,1352.0,335.026,6.438,0.0,0.0,prepaid,1.288,0.0,0.0,45.0,0.0,53.1,956.148,"",'133122415160781351601,2026-06-08,11160096123,d0860c71-94d7-4277-b8fb-3e69d772ddf9,"",Forward,100105366824,100105366824,11504,1287.62,5.0,1476.0,0.0,1476.0,packet_delivered,0.0,0.0,0.0,0.0,0.0,0.0,0.0,0.0,NA,0,1523.0
NFT-/XUTR/DEUTH02615930658X,53.52,0.0,0.0,1950.0,1124.0,265.264,5.352,0.0,0.0,prepaid,1.07,127.0,0.0,0.0,0.0,149.86,-1002.174,"",'133123627302560486701,2026-06-08,11160407849,779affdd-6be6-4ac1-b52d-314bea196d64,100164901426,Reverse,100105678550,100105678550,11504,1070.48,5.0,655.0,0.0,655.0,return_refund,0.0,0.0,0.0,0.0,0.0,0.0,0.0,0.0,NA,0,1295.0
NFT-/XUTR/DEUTH02615930658X,58.43,0.0,0.0,2899.0,1227.0,304.051,5.843,0.0,0.0,prepaid,1.169,0.0,0.0,45.0,0.0,53.1,862.837,"",'133117400812365434501,2026-06-08,11158012627,a484c602-b5e0-4e3e-82ec-ba98148189a7,"",Forward,100103283329,100103283329,11504,1168.57,5.0,1501.0,0.0,1501.0,packet_delivered,0.0,0.0,0.0,0.0,0.0,0.0,0.0,0.0,NA,0,1398.0
NFT-/XUTR/DEUTH02615930658X,26.86,0.0,0.0,1599.0,564.0,39.931,2.686,0.0,0.0,prepaid,0.537,127.0,0.0,0.0,0.0,149.86,-670.706,"",'133126194910578744501,2026-06-08,11161035390,7cf561ac-38da-4679-b390-5fab4caef5d6,100166306139,Reverse,100106306089,1000031399062,11504,537.14,5.0,941.0,0.0,941.0,return_refund,0.0,0.0,0.0,0.0,0.0,0.0,0.0,0.0,NA,0,658.0
NFT-/XUTR/DEUTH02615930658X,38.33,0.0,0.0,1799.0,805.0,208.978,3.833,0.0,0.0,prepaid,0.767,0.0,0.0,27.0,0.0,31.86,559.562,"",'133104667703819983703,2026-06-08,11155095843,1abc1b02-21a7-436a-9f06-7c6999a701f2,"",Forward,100100366550,100100366550,11504,766.67,5.0,900.0,0.0,900.0,packet_delivered,0.0,0.0,0.0,0.0,0.0,0.0,0.0,0.0,NA,0,899.0
NFT-/XUTR/DEUTH02615930658X,64.38,0.0,0.0,2999.0,509.154,126.16800000000003,2.425,0.0,0.0,prepaid,0.485,0.0,0.0,16.947,0.0,19.99746,360.079,"",'133105641574339266603,2026-06-08,11155342698,89315075-5f96-42c9-8d5f-953ce86db6b9,"",Forward,100100613405,100100613405,11504,1287.62,5.0,1476.0,0.0,1476.0,packet_delivered,0.0,0.0,0.0,0.0,0.0,0.0,0.0,0.0,NA,0,1523.0
NFT-/XUTR/DEUTH02615930658X,59.62,0.0,0.0,2999.0,1252.0,310.246,5.962,0.0,0.0,prepaid,1.192,182.0,0.0,0.0,0.0,214.76,-1149.36,"",'133100042799153324703,2026-06-08,11154493996,09ef838b-a3c4-436a-9b3e-fe27058be416,100164775968,Reverse,100099764704,1000029790292,11504,1192.38,5.0,1576.0,0.0,1576.0,return_refund,0.0,0.0,0.0,0.0,0.0,0.0,0.0,0.0,NA,0,1423.0
NFT-/XUTR/DEUTH02615930658X,63.29,0.0,0.0,2999.0,1276.0,316.193,6.076,0.0,0.0,prepaid,1.215,174.742,0.0,0.0,0.0,206.19556,-1158.712,"",'133092142087863031301,2026-06-08,11153253659,46ecced1-ea23-4e1b-84ab-ebd1e4ef44e7,100164468553,Reverse,100098524368,100098524368,11504,1265.71,5.0,1499.0,53.0,1552.0,return_refund,0.0,0.0,0.0,0.0,0.0,0.0,0.0,0.0,NA,0,1500.0
NFT-/XUTR/DEUTH02615930658X,21.43,0.0,0.0,1499.0,450.0,21.24,2.143,0.0,0.0,prepaid,0.429,0.0,0.0,15.0,0.0,17.7,408.488,"",'133112960888161521501,2026-06-08,11156638892,3de52ffb-2324-41de-a601-798789e9cfcf,"",Forward,100101909595,100101909595,11504,428.57,5.0,955.0,0.0,955.0,packet_delivered,0.0,0.0,0.0,0.0,0.0,0.0,0.0,0.0,NA,0,544.0
NFT-/XUTR/DEUTH02615930658X,0.0,32.64,32.64,3499.0,205.57,50.94,0.0,0.4895,0.4895,prepaid,0.196,0.0,0.0,6.747,0.0,7.96146,145.494,"",'133122187093046441901,2026-06-08,11160022602,4208870e-21d1-4821-b3e5-58437556d96e,"",Forward,100105293303,100105293303,11504,1305.72,5.0,1957.0,0.0,1957.0,packet_delivered,0.0,0.0,0.0,0.0,0.0,0.0,0.0,0.0,NA,0,1542.0000000000002
NFT-/XUTR/DEUTH02615930658X,66.43,0.0,0.0,3299.0,1395.0,345.681,6.643,0.0,0.0,prepaid,1.329,106.0,0.0,0.0,0.0,125.08,-1166.427,"",'133130802374864653403,2026-06-08,11162474047,a3144fca-64f2-4b7a-80d7-e69dde09aa09,100164187996,Reverse,100107744745,100107744745,11504,1328.57,5.0,1733.0,0.0,1733.0,return_refund,0.0,0.0,0.0,0.0,0.0,0.0,0.0,0.0,NA,0,1566.0
NFT-/XUTR/DEUTH02615930658X,41.38,0.0,0.0,1899.0,869.0,225.592,4.138,0.0,0.0,prepaid,0.828,0.0,0.0,27.0,0.0,31.86,606.582,"",'133118092716678808901,2026-06-08,11158216081,e302f473-f4f9-4061-a47d-8b60850f158c,"",Forward,100103486783,100103486783,11504,827.62,5.0,936.0,0.0,936.0,packet_delivered,0.0,0.0,0.0,0.0,0.0,0.0,0.0,0.0,NA,0,963.0
NFT-/XUTR/DEUTH02615930658X,58.43,0.0,0.0,2899.0,1227.0,304.051,5.843,0.0,0.0,prepaid,1.169,0.0,0.0,45.0,0.0,53.1,862.837,"",'133113045938532870903,2026-06-08,11156655816,27984286-18b5-43a6-a9f4-301aeccd4bda,"",Forward,100101926519,1000030237467,11504,1168.57,5.0,1501.0,0.0,1501.0,packet_delivered,0.0,0.0,0.0,0.0,0.0,0.0,0.0,0.0,NA,0,1398.0
NFT-/XUTR/DEUTH02615930658X,36.52,0.0,0.0,2499.0,767.0,36.202,3.652,0.0,0.0,prepaid,0.73,182.0,0.0,0.0,0.0,214.76,-941.176,"",'133101037080792233601,2026-06-08,11154748161,195c1f49-aeb0-492a-9918-26d38d044bdb,100164028313,Reverse,100100018868,100100018868,11504,730.48,5.0,1638.0,0.0,1638.0,return_refund,0.0,0.0,0.0,0.0,0.0,0.0,0.0,0.0,NA,0,861.0
NFT-/XUTR/DEUTH02615930658X,36.19,0.0,0.0,1799.0,760.0,197.296,3.619,0.0,0.0,prepaid,0.724,182.0,0.0,0.0,0.0,214.76,-773.121,"",'133105736600560253903,2026-06-08,11155366496,767efe3c-23be-4cdc-a41c-4930abb4e2af,100167442046,Reverse,100100637202,1000029812119,11504,723.81,5.0,945.0,0.0,945.0,return_refund,0.0,0.0,0.0,0.0,0.0,0.0,0.0,0.0,NA,0,854.0
NFT-/XUTR/DEUTH02615930658X,18.95,0.0,0.0,1699.0,398.0,18.786,1.895,0.0,0.0,prepaid,0.379,0.0,0.0,0.0,0.0,0.0,376.94,"",'133040542463323349403,2026-06-08,11142248513,643b649f-7e50-4fae-babe-044122b4bdc0,"",Forward,100087519265,100087519265,11504,379.05,5.0,1207.0,0.0,1207.0,packet_delivered,0.0,0.0,0.0,0.0,0.0,0.0,0.0,0.0,NA,0,492.0
NFT-/XUTR/DEUTH02615930658X,426.05,0.0,0.0,2999.0,2793.0,659.148,11.835,0.0,0.0,prepaid,2.367,0.0,0.0,61.0,0.0,71.98,2047.67,"",'133091616578339573903,2026-06-08,11153007764,d9547f4a-8b19-48dc-bb94-25a194e33468,"",Forward,100098278473,100098278473,11504,2366.95,18.0,0.0,0.0,0.0,packet_delivered,0.0,0.0,0.0,0.0,0.0,0.0,0.0,0.0,NA,0,2999.0
NFT-/XUTR/DEUTH02615930658X,0.0,45.05,45.05,2999.0,1892.0,468.838,0.0,4.505,4.505,prepaid,1.802,0.0,0.0,45.0,0.0,53.1,1359.25,"",'133122992015865841503,2026-06-08,11160242192,15008641-9e24-4e99-9f54-c107c4f22cbd,"",Forward,100105512893,100105512893,11504,1801.9,5.0,901.0,0.0,901.0,packet_delivered,0.0,0.0,0.0,0.0,0.0,0.0,0.0,0.0,NA,0,2098.0
NFT-/XUTR/DEUTH02615930658X,46.0,0.0,0.0,2399.0,966.0,250.774,4.6,0.0,0.0,prepaid,0.92,0.0,0.0,27.0,0.0,31.86,677.846,"",'133104187023191177001,2026-06-08,11154995256,5de95279-d70f-45d2-90d3-f4e5b8563663,"",Forward,100100265963,100100265963,11504,920,5.0,1262.0,0.0,1262.0,packet_delivered,0.0,0.0,0.0,0.0,0.0,0.0,0.0,0.0,NA,0,1137.0
NFT-/XUTR/DEUTH02615930658X,85.14,0.0,0.0,2999.0,1456.1,360.822,6.934,0.0,0.0,prepaid,1.387,0.0,0.0,36.647,0.0,43.24346,1043.714,"",'133148443727588829901,2026-06-08,11167717648,93caa285-975d-4285-b7f2-af83f140261a,"",Forward,100112988342,100112988342,11504,1702.86,5.0,1005.0,0.0,1005.0,packet_delivered,0.0,0.0,0.0,0.0,0.0,0.0,0.0,0.0,NA,0,1994.0
NFT-/XUTR/DEUTH02615930658X,30.67,0.0,0.0,1699.0,618.0,160.433,2.943,0.0,0.0,prepaid,0.589,0.0,0.0,25.91,0.0,30.5738,423.461,"",'133100941464297753501,2026-06-08,11154727944,19d35977-172b-4d17-b767-d7672cc53f6e,"",Forward,100099998651,100099998651,11504,613.33,5.0,961.0,26.0,987.0,packet_delivered,0.0,0.0,0.0,0.0,0.0,0.0,0.0,0.0,NA,0,738.0
NFT-/XUTR/DEUTH02615930658X,0.0,31.6,31.6,2999.0,1327.0,328.831,0.0,3.1595,3.1595,prepaid,1.264,0.0,0.0,45.0,0.0,53.1,937.486,"",'133143622809468688901,2026-06-08,11167064543,471bd5b1-5dc8-411c-8b2f-e4380d9a0cac,"",Forward,100112335237,100112335237,11504,1263.8,5.0,1501.0,0.0,1501.0,packet_delivered,0.0,0.0,0.0,0.0,0.0,0.0,0.0,0.0,NA,0,1497.9999999999998
NFT-/XUTR/DEUTH02615930658X,22.29,0.0,0.0,1650.0,468.0,22.09,2.229,0.0,0.0,prepaid,0.446,182.0,0.0,0.0,0.0,214.76,-657.995,"",'133093320595958617703,2026-06-08,11153387765,367207e3-af9c-4da1-a685-7591ba1d87e7,100164681405,Reverse,100098658474,1000029310353,11504,445.71,5.0,1088.0,0.0,1088.0,return_refund,0.0,0.0,0.0,0.0,0.0,0.0,0.0,0.0,NA,0,562.0
NFT-/XUTR/DEUTH02615930658X,32.76,0.0,0.0,1650.0,688.0,178.605,3.276,0.0,0.0,prepaid,0.655,182.0,0.0,0.0,0.0,214.76,-720.224,"",'133105736600560253903,2026-06-08,11155366498,767efe3c-23be-4cdc-a41c-4930abb4e2af,11155366498,Reverse,100100637204,1000029812119,11504,655.24,5.0,868.0,0.0,868.0,exchange,0.0,0.0,0.0,0.0,0.0,0.0,0.0,0.0,NA,0,782.0
NFT-/XUTR/DEUTH02615930658X,36.24,0.0,0.0,2499.0,761.0,35.919,3.624,0.0,0.0,prepaid,0.725,0.0,0.0,27.0,0.0,31.86,688.872,"",'133131113317270933403,2026-06-08,11162552171,316ffa8e-1acd-4c33-8e22-a2f823799eae,"",Forward,100107822868,100107822868,11504,724.76,5.0,1644.0,0.0,1644.0,packet_delivered,0.0,0.0,0.0,0.0,0.0,0.0,0.0,0.0,NA,0,855.0
NFT-/XUTR/DEUTH02615930658X,0.0,32.64,32.64,3499.0,25.69,6.366,0.0,0.061,0.061,prepaid,0.024,0.0,0.0,0.843,0.0,0.99474,18.183,"",'133139452229855651601,2026-06-08,11166019019,5ba9ca55-9e7b-43ab-9bcd-76387413ae80,"",Forward,100111289714,100111289714,11504,1305.72,5.0,1957.0,0.0,1957.0,packet_delivered,0.0,0.0,0.0,0.0,0.0,0.0,0.0,0.0,NA,0,1542.0000000000002
NFT-/XUTR/DEUTH02615930658X,97.81,0.0,0.0,3399.0,2054.0,484.744,9.781,0.0,0.0,prepaid,1.956,0.0,0.0,61.0,0.0,71.98,1485.539,"",'133122818796453021403,2026-06-08,11160200319,bb5b4c2c-d057-4450-a827-bf7761f1884e,"",Forward,100105471020,1000031411397,11504,1956.19,5.0,1139.0,0.0,1139.0,packet_delivered,0.0,0.0,0.0,0.0,0.0,0.0,0.0,0.0,NA,0,2260.0
NFT-/XUTR/DEUTH02615930658X,0.0,31.64,31.64,2999.0,1329.0,329.326,0.0,3.1645,3.1645,prepaid,1.266,0.0,0.0,45.0,0.0,53.1,938.979,"",'133135458737668139501,2026-06-08,11163889785,db6dcd76-6ab0-463b-b569-3ed2403d09fa,"",Forward,100109160480,100109160480,11504,1265.72,5.0,1499.0,0.0,1499.0,packet_delivered,0.0,0.0,0.0,0.0,0.0,0.0,0.0,0.0,NA,0,1500.0000000000002
NFT-/XUTR/DEUTH02615930658X,30.48,0.0,0.0,1999.0,640.0,30.208,3.048,0.0,0.0,prepaid,0.61,182.0,0.0,0.0,0.0,214.76,-820.894,"",'133096813776185399801,2026-06-08,11153797317,ed56b7dd-92bc-4944-8ed9-151038920cb4,100164749584,Reverse,100099068026,1000029786659,11504,609.52,5.0,1265.0,0.0,1265.0,return_refund,0.0,0.0,0.0,0.0,0.0,0.0,0.0,0.0,NA,0,734.0
NFT-/XUTR/DEUTH02615930658X,97.81,0.0,0.0,3399.0,2054.0,460.507,9.781,0.0,0.0,prepaid,1.956,106.0,0.0,0.0,0.0,125.08,-1706.836,"",'133127027105671445803,2026-06-08,11161244385,2c4b4fef-bfc2-45ca-90d5-24a0aa8f8f7d,100165369745,Reverse,100106515084,1000031128815,11504,1956.19,5.0,1139.0,0.0,1139.0,return_refund,0.0,0.0,0.0,0.0,0.0,0.0,0.0,0.0,NA,0,2260.0
NFT-/XUTR/DEUTH02615930658X,46.86,0.0,0.0,1650.0,984.0,255.44600000000003,4.686,0.0,0.0,prepaid,0.937,0.0,0.0,27.0,0.0,31.86,691.071,"",'133112937938497456101,2026-06-08,11156634401,4892a3da-ac9a-4ef9-a958-44d3d222fe69,"",Forward,100101905104,100101905104,11504,937.14,5.0,495.0,0.0,495.0,packet_delivered,0.0,0.0,0.0,0.0,0.0,0.0,0.0,0.0,NA,0,1155.0
NFT-/XUTR/DEUTH02615930658X,23.67,0.0,0.0,1599.0,497.0,23.458,2.367,0.0,0.0,prepaid,0.473,182.0,0.0,0.0,0.0,214.76,-685.462,"",'133100193888662108403,2026-06-08,11154534512,a0757475-909f-4d4e-b79d-dc918359517e,100164533684,Reverse,100099805219,100099805219,11504,473.33,5.0,1008.0,0.0,1008.0,return_refund,0.0,0.0,0.0,0.0,0.0,0.0,0.0,0.0,NA,0,591.0
NFT-/XUTR/DEUTH02615930658X,28.48,0.0,0.0,1999.0,598.0,28.226,2.848,0.0,0.0,prepaid,0.57,233.0,0.0,0.0,0.0,274.94,-841.296,"",'133126643271221292303,2026-06-08,11161159542,4cba5aa4-8a0d-4475-9733-ba67c7e349ce,100166702456,Reverse,100106430241,100106430241,11504,569.52,5.0,1283.0,0.0,1283.0,return_refund,0.0,0.0,0.0,0.0,0.0,0.0,0.0,0.0,NA,0,716.0
NFT-/XUTR/DEUTH02615930658X,31.29,0.0,0.0,2499.0,657.0,31.009999999999998,3.129,0.0,0.0,prepaid,0.626,0.0,0.0,27.0,0.0,31.86,590.375,"",'133109254572748503601,2026-06-08,11156245658,e91bc781-474f-431c-9996-274ec2fac3ee,"",Forward,100101516363,1000030229924,11504,625.71,5.0,1748.0,0.0,1748.0,packet_delivered,0.0,0.0,0.0,0.0,0.0,0.0,0.0,0.0,NA,0,751.0
NFT-/XUTR/DEUTH02615930658X,58.48,0.0,0.0,2799.0,1228.0,304.298,5.848,0.0,0.0,prepaid,1.17,0.0,0.0,45.0,0.0,53.1,863.584,"",'133099227415922174901,2026-06-08,11154307425,8814953d-d6cb-4cc6-8ad8-a38f20fc52e0,"",Forward,100099578133,100099578133,11504,1169.52,5.0,1400.0,0.0,1400.0,packet_delivered,0.0,0.0,0.0,0.0,0.0,0.0,0.0,0.0,NA,0,1399.0
NFT-/XUTR/DEUTH02615930658X,30.57,0.0,0.0,1699.0,642.0,45.454,3.057,0.0,0.0,prepaid,0.611,106.0,0.0,0.0,0.0,125.08,-717.958,"",'133140024429213026803,2026-06-08,11166172259,00b52a69-57a9-4070-a6e3-f22bd3f50e1c,11166172259,Reverse,100111442954,100111442954,11504,611.43,5.0,963.0,0.0,963.0,exchange,0.0,0.0,0.0,0.0,0.0,0.0,0.0,0.0,NA,0,736.0
NFT-/XUTR/DEUTH02615930658X,54.14,0.0,0.0,2799.0,1137.0,281.749,5.414,0.0,0.0,prepaid,1.083,0.0,0.0,45.0,0.0,53.1,795.654,"",'133116829127499022303,2026-06-08,11157858084,86f6eba4-0e31-49ec-b414-dfb89ab14de8,"",Forward,100103128787,100103128787,11504,1082.86,5.0,1491.0,0.0,1491.0,packet_delivered,0.0,0.0,0.0,0.0,0.0,0.0,0.0,0.0,NA,0,1308.0
NFT-/XUTR/DEUTH02615930658X,0.0,42.57,42.57,2999.0,1788.0,443.066,0.0,4.257,4.257,prepaid,1.703,0.0,0.0,45.0,0.0,53.1,1281.617,"",'133140827977305095703,2026-06-08,11166380238,38f6960c-85e5-4540-a7c1-346e5bf317b2,"",Forward,100111650933,100111650933,11504,1702.86,5.0,1005.0,0.0,1005.0,packet_delivered,0.0,0.0,0.0,0.0,0.0,0.0,0.0,0.0,NA,0,1993.9999999999998
NFT-/XUTR/DEUTH02615930658X,40.33,0.0,0.0,2899.0,847.0,219.881,4.033,0.0,0.0,prepaid,0.807,0.0,0.0,27.0,0.0,31.86,590.419,"",'133089134920980232601,2026-06-08,11152168817,ed45824a-f765-484d-b4ee-4eae88113281,"",Forward,100097439528,100097439528,11504,806.67,5.0,1881.0,0.0,1881.0,packet_delivered,0.0,0.0,0.0,0.0,0.0,0.0,0.0,0.0,NA,0,1018.0
NFT-/XUTR/DEUTH02615930658X,90.14,0.0,0.0,2999.0,1893.0,469.085,9.014,0.0,0.0,prepaid,1.803,0.0,0.0,45.0,0.0,53.1,1359.998,"",'133117024683932664601,2026-06-08,11157908776,6e481112-ba4e-4b34-a3c9-11a4fd999757,"",Forward,100103179479,100103179479,11504,1802.86,5.0,900.0,0.0,900.0,packet_delivered,0.0,0.0,0.0,0.0,0.0,0.0,0.0,0.0,NA,0,2099.0
NFT-/XUTR/DEUTH02615930658X,30.57,0.0,0.0,1699.0,642.0,45.454,3.057,0.0,0.0,prepaid,0.611,0.0,0.0,27.0,0.0,31.86,561.018,"",'133140024429213026803,2026-06-08,11166172259,00b52a69-57a9-4070-a6e3-f22bd3f50e1c,"",Forward,100111442954,100111442954,11504,611.43,5.0,963.0,0.0,963.0,packet_delivered,0.0,0.0,0.0,0.0,0.0,0.0,0.0,0.0,NA,0,736.0
NFT-/XUTR/DEUTH02615930658X,60.71,0.0,0.0,2999.0,1275.0,315.945,6.071,0.0,0.0,prepaid,1.214,0.0,0.0,45.0,0.0,53.1,898.67,"",'133148661991499563001,2026-06-08,11167780699,3e23b4fb-1447-4f1d-bc16-a1641da4d5cc,"",Forward,100113051393,100113051393,11504,1214.29,5.0,1553.0,0.0,1553.0,packet_delivered,0.0,0.0,0.0,0.0,0.0,0.0,0.0,0.0,NA,0,1446.0
NFT-/XUTR/DEUTH02615930658X,18.38,0.0,0.0,1499.0,386.0,18.219,1.838,0.0,0.0,prepaid,0.368,0.0,0.0,0.0,0.0,0.0,365.575,"",'133106109960570856803,2026-06-08,11155465355,8f186eca-ce95-4536-8193-ba83e1177088,"",Forward,100100736061,100100736061,11504,367.62,5.0,1054.0,0.0,1054.0,packet_delivered,0.0,0.0,0.0,0.0,0.0,0.0,0.0,0.0,NA,0,445.0
NFT-/XUTR/DEUTH02615930658X,41.38,0.0,0.0,1899.0,869.0,225.592,4.138,0.0,0.0,prepaid,0.828,0.0,0.0,27.0,0.0,31.86,606.582,"",'133117032857806909301,2026-06-08,11157910951,99de76a9-f6d3-47d8-ac98-c216ca7ac982,"",Forward,100103181654,100103181654,11504,827.62,5.0,936.0,0.0,936.0,packet_delivered,0.0,0.0,0.0,0.0,0.0,0.0,0.0,0.0,NA,0,963.0
NFT-/XUTR/DEUTH02615930658X,22.29,0.0,0.0,1650.0,468.0,22.09,2.229,0.0,0.0,prepaid,0.446,0.0,0.0,27.0,0.0,31.86,411.375,"",'133144367470019929603,2026-06-08,11167244558,c2f35a0c-3a70-449b-acbc-061af2103dbf,"",Forward,100112515252,1000032428462,11504,445.71,5.0,1088.0,0.0,1088.0,packet_delivered,0.0,0.0,0.0,0.0,0.0,0.0,0.0,0.0,NA,0,562.0
NFT-/XUTR/DEUTH02615930658X,33.29,0.0,0.0,2799.0,699.0,32.993,3.329,0.0,0.0,prepaid,0.666,182.0,0.0,0.0,0.0,214.76,-876.772,"",'133096867448363527803,2026-06-08,11153809205,f25f89e1-2b40-4eea-beac-13301c5ee8fe,11153809205,Reverse,100099079914,1000029783518,11504,665.71,5.0,2006.0,0.0,2006.0,exchange,0.0,0.0,0.0,0.0,0.0,0.0,0.0,0.0,NA,0,793.0
NFT-/XUTR/DEUTH02615930658X,30.57,0.0,0.0,1699.0,642.0,45.454,3.057,0.0,0.0,prepaid,0.611,106.0,0.0,0.0,0.0,125.08,-717.958,"",'133117359965571630103,2026-06-08,11158000713,c84b827a-2b52-4eec-9c3d-008185be37dd,11158000713,Reverse,100103271415,1000030849454,11504,611.43,5.0,963.0,0.0,963.0,exchange,0.0,0.0,0.0,0.0,0.0,0.0,0.0,0.0,NA,0,736.0
NFT-/XUTR/DEUTH02615930658X,29.62,0.0,0.0,1899.0,622.0,44.038,2.962,0.0,0.0,prepaid,0.592,0.0,0.0,27.0,0.0,31.86,542.548,"",'133130145133043862201,2026-06-08,11162027428,e75c4113-0c6c-4bdb-af19-3431e51872ee,"",Forward,100107298126,100107298126,11504,592.38,5.0,1183.0,0.0,1183.0,packet_delivered,0.0,0.0,0.0,0.0,0.0,0.0,0.0,0.0,NA,0,716.0
NFT-/XUTR/DEUTH02615930658X,19.05,0.0,0.0,1699.0,400.0,18.88,1.905,0.0,0.0,prepaid,0.381,182.0,0.0,0.0,0.0,214.76,-593.594,"",'133099639414278213801,2026-06-08,11154397092,ce9d0ba8-ab7d-4b08-97d0-388842a82bbe,100167152545,Reverse,100099667800,100099667800,11504,380.95,5.0,1205.0,0.0,1205.0,return_refund,0.0,0.0,0.0,0.0,0.0,0.0,0.0,0.0,NA,0,494.0
NFT-/XUTR/DEUTH02615930658X,18.38,0.0,0.0,1650.0,386.0,18.219,1.838,0.0,0.0,prepaid,0.368,182.0,0.0,0.0,0.0,214.76,-580.335,"",'133113513545370932501,2026-06-08,11156761810,61619056-31bf-4670-bdb0-c9e6d0680ee8,100164304859,Reverse,100102032513,1000030232606,11504,367.62,5.0,1205.0,0.0,1205.0,return_refund,0.0,0.0,0.0,0.0,0.0,0.0,0.0,0.0,NA,0,445.0
NFT-/XUTR/DEUTH02615930658X,59.71,0.0,0.0,2999.0,1254.0,310.741,5.971,0.0,0.0,prepaid,1.194,106.0,0.0,0.0,0.0,125.08,-1061.174,"",'133143955286974422303,2026-06-08,11167154831,efebca97-198a-400f-85e9-e25c531a7005,100166433916,Reverse,100112425525,100112425525,11504,1194.29,5.0,1574.0,0.0,1574.0,return_refund,0.0,0.0,0.0,0.0,0.0,0.0,0.0,0.0,NA,0,1425.0
NFT-/XUTR/DEUTH02615930658X,54.76,0.0,0.0,2999.0,1150.0,284.97,5.476,0.0,0.0,prepaid,1.095,0.0,0.0,45.0,0.0,53.1,805.359,"",'133112818202682533303,2026-06-08,11156611765,0f4436fd-5c8d-4650-a16f-0de414fbac55,"",Forward,100101882468,100101882468,11504,1095.24,5.0,1678.0,0.0,1678.0,packet_delivered,0.0,0.0,0.0,0.0,0.0,0.0,0.0,0.0,NA,0,1321.0
NFT-/XUTR/DEUTH02615930658X,31.05,0.0,0.0,2299.0,7.63,0.36,0.036,0.0,0.0,prepaid,0.007,2.13,0.0,0.0,0.0,2.5134,-9.74,"",'133096855930637798003,2026-06-08,11153806631,7bc02861-68a5-4ed8-b2c3-ea378f5b5007,11153806631,Reverse,100099077340,100099077340,11504,620.95,5.0,1553.0,0.0,1553.0,exchange,0.0,0.0,0.0,0.0,0.0,0.0,0.0,0.0,NA,0,746.0
NFT-/XUTR/DEUTH02615930658X,47.19,0.0,0.0,2699.0,991.0,257.264,4.719,0.0,0.0,prepaid,0.944,0.0,0.0,27.0,0.0,31.86,696.213,"",'133117836914404938601,2026-06-08,11158144335,7251316e-7871-45f7-b30e-1fd9a41967ee,"",Forward,100103415037,100103415037,11504,943.81,5.0,1537.0,0.0,1537.0,packet_delivered,0.0,0.0,0.0,0.0,0.0,0.0,0.0,0.0,NA,0,1162.0
NFT-/XUTR/DEUTH02615930658X,66.43,0.0,0.0,3299.0,1395.0,345.681,6.643,0.0,0.0,prepaid,1.329,0.0,0.0,45.0,0.0,53.1,988.247,"",'133130802374864653403,2026-06-08,11162474047,a3144fca-64f2-4b7a-80d7-e69dde09aa09,"",Forward,100107744745,100107744745,11504,1328.57,5.0,1733.0,0.0,1733.0,packet_delivered,0.0,0.0,0.0,0.0,0.0,0.0,0.0,0.0,NA,0,1566.0
NFT-/XUTR/DEUTH02615930658X,33.14,0.0,0.0,1799.0,696.0,180.682,3.314,0.0,0.0,prepaid,0.663,0.0,0.0,27.0,0.0,31.86,479.481,"",'133113851356089508603,2026-06-08,11156898509,458c12cf-61a9-4203-bf39-a63879805d69,"",Forward,100102169212,1000030258991,11504,662.86,5.0,1009.0,0.0,1009.0,packet_delivered,0.0,0.0,0.0,0.0,0.0,0.0,0.0,0.0,NA,0,790.0
NFT-/XUTR/DEUTH02615930658X,77.52,0.0,0.0,1799.0,1628.0,384.208,7.752,0.0,0.0,prepaid,1.55,182.0,0.0,0.0,0.0,214.76,-1449.25,"",'133107752624091970601,2026-06-08,11155842303,61f922bf-32fb-4f53-bcc1-4bb7fdc3dcb9,11155842303,Reverse,100101113009,100101113009,11504,1550.48,5.0,0.0,0.0,0.0,exchange,0.0,0.0,0.0,0.0,0.0,0.0,0.0,0.0,NA,0,1799.0
NFT-/XUTR/DEUTH02615930658X,97.81,0.0,0.0,3399.0,2054.0,460.507,9.781,0.0,0.0,prepaid,1.956,0.0,0.0,61.0,0.0,71.98,1509.776,"",'133127027105671445803,2026-06-08,11161244385,2c4b4fef-bfc2-45ca-90d5-24a0aa8f8f7d,"",Forward,100106515084,1000031128815,11504,1956.19,5.0,1139.0,0.0,1139.0,packet_delivered,0.0,0.0,0.0,0.0,0.0,0.0,0.0,0.0,NA,0,2260.0
NFT-/XUTR/DEUTH02615930658X,28.38,0.0,0.0,1999.0,596.0,28.131,2.838,0.0,0.0,prepaid,0.568,182.0,0.0,0.0,0.0,214.76,-779.223,"",'133113513545370932501,2026-06-08,11156761812,61619056-31bf-4670-bdb0-c9e6d0680ee8,100165170053,Reverse,100102032515,1000030232606,11504,567.62,5.0,1309.0,0.0,1309.0,return_refund,0.0,0.0,0.0,0.0,0.0,0.0,0.0,0.0,NA,0,690.0
NFT-/XUTR/DEUTH02615930658X,23.71,0.0,0.0,1599.0,498.0,23.506,2.371,0.0,0.0,prepaid,0.474,0.0,0.0,19.0,0.0,22.42,449.229,"",'133095308530691295801,2026-06-08,11153497081,be030dc9-3385-46c0-8803-d7cf7109efb6,"",Forward,100098767790,1000029323052,11504,474.29,5.0,1007.0,0.0,1007.0,packet_delivered,0.0,0.0,0.0,0.0,0.0,0.0,0.0,0.0,NA,0,592.0
NFT-/XUTR/DEUTH02615930658X,31.14,0.0,0.0,1499.0,654.0,169.778,3.114,0.0,0.0,prepaid,0.623,0.0,0.0,27.0,0.0,31.86,448.625,"",'133124743514405603001,2026-06-08,11160671513,32bfa0ab-d7ae-47d3-8e3f-56f0219623d4,"",Forward,100105942214,100105942214,11504,622.86,5.0,751.0,0.0,751.0,packet_delivered,0.0,0.0,0.0,0.0,0.0,0.0,0.0,0.0,NA,0,748.0
NFT-/XUTR/DEUTH02615930658X,35.95,0.0,0.0,2199.0,755.0,35.636,3.595,0.0,0.0,prepaid,0.719,127.0,0.0,0.0,0.0,149.86,-864.91,"",'133117392136795481701,2026-06-08,11158010136,57e67429-1b60-49f0-9623-a3a3afa49bfc,100164308768,Reverse,100103280838,100103280838,11504,719.05,5.0,1350.0,0.0,1350.0,return_refund,0.0,0.0,0.0,0.0,0.0,0.0,0.0,0.0,NA,0,849.0
NFT-/XUTR/DEUTH02615930658X,38.33,0.0,0.0,1799.0,805.0,208.978,3.833,0.0,0.0,prepaid,0.767,0.0,0.0,27.0,0.0,31.86,559.562,"",'133120954950757263803,2026-06-08,11159636914,a366910b-fde5-45c2-83b7-387fa47ad708,"",Forward,100104907616,100104907616,11504,766.67,5.0,900.0,0.0,900.0,packet_delivered,0.0,0.0,0.0,0.0,0.0,0.0,0.0,0.0,NA,0,899.0
NFT-/XUTR/DEUTH02615930658X,20.14,0.0,0.0,1799.0,423.0,19.966,2.014,0.0,0.0,prepaid,0.403,0.0,0.0,19.0,0.0,22.42,378.197,"",'133113823739727650801,2026-06-08,11156869143,35020d86-5018-4653-bb4f-513d2549e632,"",Forward,100102139846,100102139846,11504,402.86,5.0,1317.0,0.0,1317.0,packet_delivered,0.0,0.0,0.0,0.0,0.0,0.0,0.0,0.0,NA,0,482.0
NFT-/XUTR/DEUTH02615930658X,38.33,0.0,0.0,1799.0,805.0,208.978,3.833,0.0,0.0,prepaid,0.767,182.0,0.0,0.0,0.0,214.76,-806.182,"",'133104667703819983703,2026-06-08,11155095843,1abc1b02-21a7-436a-9f06-7c6999a701f2,100164172619,Reverse,100100366550,100100366550,11504,766.67,5.0,900.0,0.0,900.0,return_refund,0.0,0.0,0.0,0.0,0.0,0.0,0.0,0.0,NA,0,899.0
NFT-/XUTR/DEUTH02615930658X,19.05,0.0,0.0,1699.0,400.0,18.88,1.905,0.0,0.0,prepaid,0.381,0.0,0.0,0.0,0.0,0.0,378.834,"",'133118246607538338901,2026-06-08,11158251380,48558ccc-5449-461e-9380-1a46c3d4a02a,"",Forward,100103522082,1000030851889,11504,380.95,5.0,1205.0,0.0,1205.0,packet_delivered,0.0,0.0,0.0,0.0,0.0,0.0,0.0,0.0,NA,0,494.0
NFT-/XUTR/DEUTH02615930658X,26.24,0.0,0.0,1799.0,551.0,39.011,2.624,0.0,0.0,prepaid,0.525,0.0,0.0,27.0,0.0,31.86,476.98,"",'133093320595958617703,2026-06-08,11153387761,367207e3-af9c-4da1-a685-7591ba1d87e7,"",Forward,100098658470,1000029310353,11504,524.76,5.0,1154.0,0.0,1154.0,packet_delivered,0.0,0.0,0.0,0.0,0.0,0.0,0.0,0.0,NA,0,645.0
NFT-/XUTR/DEUTH02615930658X,97.81,0.0,0.0,3399.0,2054.0,484.744,9.781,0.0,0.0,prepaid,1.956,127.0,0.0,0.0,0.0,149.86,-1707.379,"",'133122818796453021403,2026-06-08,11160200319,bb5b4c2c-d057-4450-a827-bf7761f1884e,100164440575,Reverse,100105471020,1000031411397,11504,1956.19,5.0,1139.0,0.0,1139.0,return_refund,0.0,0.0,0.0,0.0,0.0,0.0,0.0,0.0,NA,0,2260.0
NFT-/XUTR/DEUTH02615930658X,71.67,0.0,0.0,3299.0,1505.0,372.939,7.167,0.0,0.0,prepaid,1.433,0.0,0.0,45.0,0.0,53.1,1070.361,"",'133105238972262760501,2026-06-08,11155236583,c433c983-c98c-4f8a-98e6-4cc565a551cf,"",Forward,100100507290,1000029785173,11504,1433.33,5.0,1623.0,0.0,1623.0,packet_delivered,0.0,0.0,0.0,0.0,0.0,0.0,0.0,0.0,NA,0,1676.0
NFT-/XUTR/DEUTH02615930658X,26.86,0.0,0.0,1599.0,564.0,39.931,2.686,0.0,0.0,prepaid,0.537,0.0,0.0,27.0,0.0,31.86,488.986,"",'133126194910578744501,2026-06-08,11161035390,7cf561ac-38da-4679-b390-5fab4caef5d6,"",Forward,100106306089,1000031399062,11504,537.14,5.0,941.0,0.0,941.0,packet_delivered,0.0,0.0,0.0,0.0,0.0,0.0,0.0,0.0,NA,0,658.0
NFT-/XUTR/DEUTH02615930658X,23.29,0.0,0.0,2099.0,489.0,23.081,2.329,0.0,0.0,prepaid,0.466,182.0,0.0,0.0,0.0,214.76,-677.884,"",'133097720984587086303,2026-06-08,11153996015,f9096fcb-c1b8-4d8d-a2d5-203917d894fd,100164168600,Reverse,100099266724,100099266724,11504,465.71,5.0,1516.0,0.0,1516.0,return_refund,0.0,0.0,0.0,0.0,0.0,0.0,0.0,0.0,NA,0,583.0
NFT-/XUTR/DEUTH02615930658X,19.05,0.0,0.0,1599.0,400.0,18.88,1.905,0.0,0.0,prepaid,0.381,0.0,0.0,0.0,0.0,0.0,378.834,"",'133093320595958617703,2026-06-08,11153387763,367207e3-af9c-4da1-a685-7591ba1d87e7,"",Forward,100098658472,1000029310353,11504,380.95,5.0,1105.0,0.0,1105.0,packet_delivered,0.0,0.0,0.0,0.0,0.0,0.0,0.0,0.0,NA,0,494.0
NFT-/XUTR/DEUTH02615930658X,50.43,0.0,0.0,1850.0,63.17,14.908,0.301,0.0,0.0,prepaid,0.06,0.0,0.0,2.684,0.0,3.16712,44.734,"",'133109107128274468703,2026-06-08,11156202128,9358f8fa-0057-4a83-ad8f-da0013021a77,"",Forward,100101472833,100101472833,11504,1008.57,5.0,620.0,0.0,620.0,packet_delivered,0.0,0.0,0.0,0.0,0.0,0.0,0.0,0.0,NA,0,1230.0
NFT-/XUTR/DEUTH02615930658X,35.14,0.0,0.0,1799.0,738.0,191.585,3.514,0.0,0.0,prepaid,0.703,0.0,0.0,27.0,0.0,31.86,510.338,"",'133133747028651006603,2026-06-08,11163485581,8343a539-6744-42c1-b1fe-4bb88865e01f,"",Forward,100108756276,100108756276,11504,702.86,5.0,967.0,0.0,967.0,packet_delivered,0.0,0.0,0.0,0.0,0.0,0.0,0.0,0.0,NA,0,832.0
NFT-/XUTR/DEUTH02615930658X,36.24,0.0,0.0,2499.0,761.0,35.919,3.624,0.0,0.0,prepaid,0.725,0.0,0.0,27.0,0.0,31.86,688.872,"",'133139411139930365301,2026-06-08,11166008702,4bdaf6d8-f4e5-4bd0-831d-708c3545fb49,"",Forward,100111279397,100111279397,11504,724.76,5.0,1644.0,0.0,1644.0,packet_delivered,0.0,0.0,0.0,0.0,0.0,0.0,0.0,0.0,NA,0,855.0
NFT-/XUTR/DEUTH02615930658X,55.14,0.0,0.0,1899.0,1158.0,273.288,5.514,0.0,0.0,prepaid,1.103,182.0,0.0,0.0,0.0,214.76,-1092.855,"",'133090011423495197803,2026-06-08,11152445851,20f4a988-c638-4da9-99b2-18d7a182f10e,100164714277,Reverse,100097716561,100097716561,11504,1102.86,5.0,570.0,0.0,570.0,return_refund,0.0,0.0,0.0,0.0,0.0,0.0,0.0,0.0,NA,0,1329.0
NFT-/XUTR/DEUTH02615930658X,46.91,0.0,0.0,2999.0,985.0,255.70600000000002,4.69,0.0,0.0,prepaid,0.938,0.0,0.0,27.0,0.0,31.86,691.806,"",'133108182166718210301,2026-06-08,11155945215,758e1cbd-39d4-4cef-a24a-85aa29573b08,"",Forward,100101215921,1000030240502,11504,938.1,5.0,1843.0,0.0,1843.0,packet_delivered,0.0,0.0,0.0,0.0,0.0,0.0,0.0,0.0,NA,0,1156.01
NFT-/XUTR/DEUTH02615930658X,20.29,0.0,0.0,1650.0,2.32,0.11,0.011,0.0,0.0,prepaid,0.002,0.0,0.0,0.082,0.02,0.12036,2.077,"",'133140018763404678801,2026-06-08,11166170853,aa72274c-dc91-4619-a8c8-7fd65bb05472,"",Forward,100111441548,100111441548,11504,405.71,5.0,1130.0,0.0,1130.0,packet_delivered,0.0,0.0,0.0,0.0,0.0,0.0,0.0,0.0,NA,0,520.0
NFT-/XUTR/DEUTH02615930658X,20.05,0.0,0.0,1599.0,421.0,19.871,2.005,0.0,0.0,prepaid,0.401,182.0,0.0,0.0,0.0,214.76,-613.483,"",'133106093153593231603,2026-06-08,11155460808,c6581d00-ba79-49cf-9f79-23a9f23f88e5,100164821695,Reverse,100100731514,100100731514,11504,400.95,5.0,1084.0,0.0,1084.0,return_refund,0.0,0.0,0.0,0.0,0.0,0.0,0.0,0.0,NA,0,515.0
NFT-/XUTR/DEUTH02615930658X,22.33,0.0,0.0,1599.0,469.0,22.137,2.233,0.0,0.0,prepaid,0.447,182.0,0.0,0.0,0.0,214.76,-658.943,"",'133093320595958617703,2026-06-08,11153387762,367207e3-af9c-4da1-a685-7591ba1d87e7,100165540276,Reverse,100098658471,1000029310353,11504,446.67,5.0,1036.0,0.0,1036.0,return_refund,0.0,0.0,0.0,0.0,0.0,0.0,0.0,0.0,NA,0,563.0
NFT-/XUTR/DEUTH02615930658X,59.62,0.0,0.0,2999.0,1252.0,310.246,5.962,0.0,0.0,prepaid,1.192,0.0,0.0,45.0,0.0,53.1,881.5,"",'133107785299893309103,2026-06-08,11155849688,7e0334a4-fddc-42cb-a6d6-451e644f6a22,"",Forward,100101120394,1000030231579,11504,1192.38,5.0,1576.0,0.0,1576.0,packet_delivered,0.0,0.0,0.0,0.0,0.0,0.0,0.0,0.0,NA,0,1423.0
NFT-/XUTR/DEUTH02615930658X,35.05,0.0,0.0,1750.0,736.0,191.066,3.505,0.0,0.0,prepaid,0.701,0.0,0.0,27.0,0.0,31.86,508.868,"",'133105736600560253903,2026-06-08,11155366499,767efe3c-23be-4cdc-a41c-4930abb4e2af,"",Forward,100100637205,1000029812119,11504,700.95,5.0,920.0,0.0,920.0,packet_delivered,0.0,0.0,0.0,0.0,0.0,0.0,0.0,0.0,NA,0,830.0
NFT-/XUTR/DEUTH02615930658X,59.71,0.0,0.0,2999.0,1254.0,310.741,5.971,0.0,0.0,prepaid,1.194,0.0,0.0,45.0,0.0,53.1,882.994,"",'133133756068786079201,2026-06-08,11163487649,040a3e03-93d2-468c-9b6e-cc0e7dbb3720,"",Forward,100108758344,100108758344,11504,1194.29,5.0,1574.0,0.0,1574.0,packet_delivered,0.0,0.0,0.0,0.0,0.0,0.0,0.0,0.0,NA,0,1425.0
NFT-/XUTR/DEUTH02615930658X,39.05,0.0,0.0,1799.0,820.0,212.872,3.905,0.0,0.0,prepaid,0.781,182.0,0.0,0.0,0.0,214.76,-817.202,"",'133100570673721458801,2026-06-08,11154634827,316d6c22-9510-49cb-a6d6-8cf69e669fb5,11154634827,Reverse,100099905534,100099905534,11504,780.95,5.0,885.0,0.0,885.0,exchange,0.0,0.0,0.0,0.0,0.0,0.0,0.0,0.0,NA,0,914.0
NFT-/XUTR/DEUTH02615930658X,471.81,0.0,0.0,3299.0,3093.0,729.948,13.106,0.0,0.0,prepaid,2.621,182.0,0.0,0.0,0.0,214.76,-2562.085,"",'133115204897337827301,2026-06-08,11157470366,88cbc788-910f-4d10-8054-f54a99fd20f7,100164684326,Reverse,100102741069,100102741069,11504,2621.19,18.0,0.0,0.0,0.0,return_refund,0.0,0.0,0.0,0.0,0.0,0.0,0.0,0.0,NA,0,3299.0
NFT-/XUTR/DEUTH02615930658X,35.1,0.0,0.0,2699.0,737.0,34.786,3.51,0.0,0.0,prepaid,0.702,0.0,0.0,27.0,0.0,31.86,666.142,"",'133105297089735960401,2026-06-08,11155252417,76fba5a5-f07b-4cfa-a979-59321bceb4ef,"",Forward,100100523124,100100523124,11504,701.9,5.0,1868.0,0.0,1868.0,packet_delivered,0.0,0.0,0.0,0.0,0.0,0.0,0.0,0.0,NA,0,831.0
NFT-/XUTR/DEUTH02615930658X,59.71,0.0,0.0,2999.0,1254.0,310.741,5.971,0.0,0.0,prepaid,1.194,0.0,0.0,45.0,0.0,53.1,882.994,"",'133107389343367315103,2026-06-08,11155759073,42a347a2-314e-4922-822b-6227f685687a,"",Forward,100101029779,100101029779,11504,1194.29,5.0,1574.0,0.0,1574.0,packet_delivered,0.0,0.0,0.0,0.0,0.0,0.0,0.0,0.0,NA,0,1425.0
NFT-/XUTR/DEUTH02615930658X,59.62,0.0,0.0,2999.0,1252.0,310.246,5.962,0.0,0.0,prepaid,1.192,0.0,0.0,45.0,0.0,53.1,881.5,"",'133128804514441789901,2026-06-08,11161333131,bd7fccd4-a31e-4392-9fc4-aa952121ab5e,"",Forward,100106603830,100106603830,11504,1192.38,5.0,1576.0,0.0,1576.0,packet_delivered,0.0,0.0,0.0,0.0,0.0,0.0,0.0,0.0,NA,0,1423.0
NFT-/XUTR/DEUTH02615930658X,33.29,0.0,0.0,2799.0,699.0,32.993,3.329,0.0,0.0,prepaid,0.666,182.0,0.0,0.0,0.0,214.76,-876.772,"",'133112932265836369003,2026-06-08,11156633346,de48a04d-3642-4c0f-92e0-708b28e2c847,100165559118,Reverse,100101904049,1000030231736,11504,665.71,5.0,2006.0,0.0,2006.0,return_refund,0.0,0.0,0.0,0.0,0.0,0.0,0.0,0.0,NA,0,793.0
NFT-/XUTR/DEUTH02615930658X,0.0,31.62,31.62,2999.0,1328.0,329.078,0.0,3.162,3.162,prepaid,1.265,0.0,0.0,45.0,0.0,53.1,938.233,"",'133135574317075566101,2026-06-08,11163911894,4706cda3-4d07-498a-b9b2-1766e69f69b3,"",Forward,100109182589,1000032012151,11504,1264.76,5.0,1500.0,0.0,1500.0,packet_delivered,0.0,0.0,0.0,0.0,0.0,0.0,0.0,0.0,NA,0,1498.9999999999998
NFT-/XUTR/DEUTH02615930658X,63.29,0.0,0.0,2999.0,28.950000000000003,7.174,0.138,0.0,0.0,prepaid,0.028,2.309,0.0,0.0,0.0,2.72462,-24.335,"",'133094555408642381303,2026-06-08,11153421939,3cc1e910-4dd5-41b4-8304-4ffcba6d6751,100167634792,Reverse,100098692648,100098692648,11504,1265.71,5.0,1499.0,0.0,1499.0,return_refund,0.0,0.0,0.0,0.0,0.0,0.0,0.0,0.0,NA,0,1500.0
NFT-/XUTR/DEUTH02615930658X,0.0,13.45,13.45,1599.0,565.0,40.002,0.0,1.345,1.345,prepaid,0.538,127.0,0.0,0.0,0.0,149.86,-671.63,"",'133114150856669278303,2026-06-08,11156985328,dedbd134-132b-4ea8-96c0-f2e97aaea085,100164060028,Reverse,100102256031,1000030846482,11504,538.1,5.0,940.0,0.0,940.0,return_refund,0.0,0.0,0.0,0.0,0.0,0.0,0.0,0.0,NA,0,659.0000000000001
NFT-/XUTR/DEUTH02615930658X,31.67,0.0,0.0,2499.0,665.0,31.388,3.167,0.0,0.0,prepaid,0.633,106.0,0.0,0.0,0.0,125.08,-754.892,"",'133140351190298714303,2026-06-08,11166258071,22b9be71-4d07-4cc4-9893-f97e63bf2a8e,11166258071,Reverse,100111528766,1000032419695,11504,633.33,5.0,1740.0,0.0,1740.0,exchange,0.0,0.0,0.0,0.0,0.0,0.0,0.0,0.0,NA,0,759.0
NFT-/XUTR/DEUTH02615930658X,36.71,0.0,0.0,2999.0,771.0,36.391,3.671,0.0,0.0,prepaid,0.734,0.0,0.0,38.0,0.0,44.84,685.364,"",'133147595961515063803,2026-06-08,11167503711,3c546fdc-63e2-4be8-bb6c-e7087e311226,"",Forward,100112774405,1000032379508,11504,734.29,5.0,2134.0,0.0,2134.0,packet_delivered,0.0,0.0,0.0,0.0,0.0,0.0,0.0,0.0,NA,0,865.0
NFT-/XUTR/DEUTH02615930658X,38.33,0.0,0.0,1799.0,805.0,208.978,3.833,0.0,0.0,prepaid,0.767,182.0,0.0,0.0,0.0,214.76,-806.182,"",'133012455417429474303,2026-06-08,11135870638,ac12e8bb-d429-441e-830a-b3a2fe192304,100164357645,Reverse,100081141425,100081141425,11504,766.67,5.0,900.0,0.0,900.0,return_refund,0.0,0.0,0.0,0.0,0.0,0.0,0.0,0.0,NA,0,899.0
NFT-/XUTR/DEUTH02615930658X,51.81,0.0,0.0,3299.0,1088.0,269.606,5.181,0.0,0.0,prepaid,1.036,182.0,0.0,0.0,0.0,214.76,-1026.937,"",'133104944646091923601,2026-06-08,11155161862,4e07f6e6-3826-4d57-a160-63b176ffcd99,100164633291,Reverse,100100432569,100100432569,11504,1036.19,5.0,2040.0,0.0,2040.0,return_refund,0.0,0.0,0.0,0.0,0.0,0.0,0.0,0.0,NA,0,1259.0
NFT-/XUTR/DEUTH02615930658X,36.57,0.0,0.0,1699.0,768.0,199.373,3.657,0.0,0.0,prepaid,0.731,182.0,0.0,0.0,0.0,214.76,-778.999,"",'133112779380062698601,2026-06-08,11156604661,1b754650-500b-43d9-a4f3-44f15db41e5a,100164164629,Reverse,100101875365,100101875365,11504,731.43,5.0,837.0,0.0,837.0,return_refund,0.0,0.0,0.0,0.0,0.0,0.0,0.0,0.0,NA,0,862.0
NFT-/XUTR/DEUTH02615930658X,64.38,0.0,0.0,2999.0,1352.0,335.026,6.438,0.0,0.0,prepaid,1.288,182.0,0.0,0.0,0.0,214.76,-1224.008,"",'133122415160781351601,2026-06-08,11160096123,d0860c71-94d7-4277-b8fb-3e69d772ddf9,11160096123,Reverse,100105366824,100105366824,11504,1287.62,5.0,1476.0,0.0,1476.0,exchange,0.0,0.0,0.0,0.0,0.0,0.0,0.0,0.0,NA,0,1523.0
NFT-/XUTR/DEUTH02615930658X,35.05,0.0,0.0,1750.0,736.0,191.066,3.505,0.0,0.0,prepaid,0.701,106.0,0.0,0.0,0.0,125.08,-665.808,"",'133136279307417703003,2026-06-08,11164602515,84497042-c0d0-4521-ac77-0a361a9aed4b,100164998689,Reverse,100109873209,1000031737543,11504,700.95,5.0,920.0,0.0,920.0,return_refund,0.0,0.0,0.0,0.0,0.0,0.0,0.0,0.0,NA,0,830.0
NFT-/XUTR/DEUTH02615930658X,43.05,0.0,0.0,1999.0,904.0,234.678,4.305,0.0,0.0,prepaid,0.861,0.0,0.0,27.0,0.0,31.86,632.296,"",'133098253079957849701,2026-06-08,11154107189,a885ec42-4a2d-47a3-bc8a-7ba3a6932eae,"",Forward,100099377898,1000029784711,11504,860.95,5.0,1001.0,0.0,1001.0,packet_delivered,0.0,0.0,0.0,0.0,0.0,0.0,0.0,0.0,NA,0,998.0
NFT-/XUTR/DEUTH02615930658X,24.81,0.0,0.0,2199.0,521.0,24.591000000000005,2.481,0.0,0.0,prepaid,0.496,0.0,0.0,24.0,0.0,28.32,465.112,"",'133132952526093342001,2026-06-08,11163313375,32b8810b-396e-4ec0-af93-8353b0229dac,"",Forward,100108584071,100108584071,11504,496.19,5.0,1584.0,0.0,1584.0,packet_delivered,0.0,0.0,0.0,0.0,0.0,0.0,0.0,0.0,NA,0,615.0
NFT-/XUTR/DEUTH02615930658X,75.19,0.0,0.0,1750.0,1579.0,372.644,7.519,0.0,0.0,prepaid,1.504,106.0,0.0,0.0,0.0,125.08,-1322.413,"",'133142602594188409303,2026-06-08,11166807933,913fe7d5-14c5-4451-8ff8-b0cab72a054f,100164759970,Reverse,100112078628,1000032417937,11504,1503.81,5.0,0.0,0.0,0.0,return_refund,0.0,0.0,0.0,0.0,0.0,0.0,0.0,0.0,NA,0,1750.0
NFT-/XUTR/DEUTH02615930658X,20.0,0.0,0.0,1499.0,420.00000000000006,19.824,2,0.0,0.0,prepaid,0.4,106.0,0.0,0.0,0.0,125.08,-522.856,"",'133147595961515063803,2026-06-08,11167503713,3c546fdc-63e2-4be8-bb6c-e7087e311226,100164780181,Reverse,100112774407,1000032379508,11504,400,5.0,985.0,0.0,985.0,return_refund,0.0,0.0,0.0,0.0,0.0,0.0,0.0,0.0,NA,0,514.0
NFT-/XUTR/DEUTH02615930658X,63.29,0.0,0.0,2999.0,1329.0,329.326,6.329,0.0,0.0,prepaid,1.266,0.0,0.0,45.0,0.0,53.1,938.979,"",'133106256580655614401,2026-06-08,11155502954,310ab376-3476-4c94-a8f3-7daa12ab9bfc,"",Forward,100100773660,100100773660,11504,1265.71,5.0,1499.0,0.0,1499.0,packet_delivered,0.0,0.0,0.0,0.0,0.0,0.0,0.0,0.0,NA,0,1500.0
NFT-/XUTR/DEUTH02615930658X,59.62,0.0,0.0,2999.0,1252.0,310.246,5.962,0.0,0.0,prepaid,1.192,106.0,0.0,0.0,0.0,125.08,-1059.68,"",'133134005761695225501,2026-06-08,11163542649,8cac5c70-434d-44f9-9a6b-ac74484a5b9f,100164523362,Reverse,100108813344,100108813344,11504,1192.38,5.0,1576.0,0.0,1576.0,return_refund,0.0,0.0,0.0,0.0,0.0,0.0,0.0,0.0,NA,0,1423.0
NFT-/XUTR/DEUTH02615930658X,51.76,0.0,0.0,3399.0,1087.0,269.359,5.176,0.0,0.0,prepaid,1.035,106.0,0.0,0.0,0.0,125.08,-936.51,"",'133134355910190173203,2026-06-08,11163621310,993d7609-d5fc-4e45-bf57-2c4f74174a37,100165564278,Reverse,100108892005,100108892005,11504,1035.24,5.0,2141.0,0.0,2141.0,return_refund,0.0,0.0,0.0,0.0,0.0,0.0,0.0,0.0,NA,0,1258.0
NFT-/XUTR/DEUTH02615930658X,34.67,0.0,0.0,2299.0,728.0,34.362,3.467,0.0,0.0,prepaid,0.693,0.0,0.0,27.0,0.0,31.86,657.618,"",'133101383205301614801,2026-06-08,11154795243,68ae0b02-84db-4417-87ae-88a73d656246,"",Forward,100100065950,1000029783447,11504,693.33,5.0,1477.0,0.0,1477.0,packet_delivered,0.0,0.0,0.0,0.0,0.0,0.0,0.0,0.0,NA,0,822.0
NFT-/XUTR/DEUTH02615930658X,72.76,0.0,0.0,1699.0,1528.0,360.608,7.276,0.0,0.0,prepaid,1.455,182.0,0.0,0.0,0.0,214.76,-1373.421,"",'133108288243343263503,2026-06-08,11155971817,91607204-dd1e-41f6-ab18-bceef3dbdeef,100164350181,Reverse,100101242523,100101242523,11504,1455.24,5.0,0.0,0.0,0.0,return_refund,0.0,0.0,0.0,0.0,0.0,0.0,0.0,0.0,NA,0,1699.0
NFT-/XUTR/DEUTH02615930658X,639.61,0.0,0.0,4399.0,4193.0,989.548,17.767,0.0,0.0,prepaid,3.553,182.0,0.0,0.0,0.0,214.76,-3396.892,"",'133107846815226718901,2026-06-08,11155863852,6ac4f073-f2b7-4404-928d-6cfb8c2a0e62,100163943996,Reverse,100101134558,1000030239067,11504,3553.39,18.0,0.0,0.0,0.0,return_refund,0.0,0.0,0.0,0.0,0.0,0.0,0.0,0.0,NA,0,4399.0
NFT-/XUTR/DEUTH02615930658X,57.1,0.0,0.0,2999.0,1199.0,297.112,5.71,0.0,0.0,prepaid,1.142,0.0,0.0,45.0,0.0,53.1,841.936,"",'133133401643161786901,2026-06-08,11163411337,0ac4ca1c-968c-4040-8764-d7b79c4b081b,"",Forward,100108682033,100108682033,11504,1141.9,5.0,1629.0,0.0,1629.0,packet_delivered,0.0,0.0,0.0,0.0,0.0,0.0,0.0,0.0,NA,0,1370.0
NFT-/XUTR/DEUTH02615930658X,63.24,0.0,0.0,2999.0,1328.0,329.078,6.324,0.0,0.0,prepaid,1.265,0.0,0.0,45.0,0.0,53.1,938.233,"",'133096113830267366803,2026-06-08,11153637952,39403646-2cff-4b50-b8ed-c16f3f749cf7,"",Forward,100098908661,100098908661,11504,1264.76,5.0,1500.0,0.0,1500.0,packet_delivered,0.0,0.0,0.0,0.0,0.0,0.0,0.0,0.0,NA,0,1499.0
NFT-/XUTR/DEUTH02615930658X,52.0,0.0,0.0,1899.0,1092.0,257.712,5.2,0.0,0.0,prepaid,1.04,0.0,0.0,45.0,0.0,53.1,774.948,"",'133099504279539132501,2026-06-08,11154367536,24602ff4-9af1-498e-8623-88f4ce034e72,"",Forward,100099638244,100099638244,11504,1040,5.0,636.0,0.0,636.0,packet_delivered,0.0,0.0,0.0,0.0,0.0,0.0,0.0,0.0,NA,0,1263.0
NFT-/XUTR/DEUTH02615930658X,508.73,0.0,0.0,7999.0,3335.0,787.06,14.131,0.0,0.0,prepaid,2.826,0.0,0.0,61.0,0.0,71.98,2459.003,"",'133109035536317836403,2026-06-08,11156180004,0215f1cb-88f1-4019-bb7f-75eded8400e1,"",Forward,100101450709,100101450709,11504,2826.27,18.0,4458.0,0.0,4458.0,packet_delivered,0.0,0.0,0.0,0.0,0.0,0.0,0.0,0.0,NA,0,3541.0
NFT-/XUTR/DEUTH02615930658X,36.81,0.0,0.0,2899.0,773.0,36.486,3.681,0.0,0.0,prepaid,0.736,0.0,0.0,27.0,0.0,31.86,700.237,"",'133120209780717560801,2026-06-08,11159391182,f11740e1-dc6a-423c-a1d5-2b9a44a3fd37,"",Forward,100104661884,100104661884,11504,736.19,5.0,2032.0,0.0,2032.0,packet_delivered,0.0,0.0,0.0,0.0,0.0,0.0,0.0,0.0,NA,0,867.0
NFT-/XUTR/DEUTH02615930658X,48.48,0.0,0.0,1699.0,1018.0,240.248,4.848,0.0,0.0,prepaid,0.97,0.0,0.0,45.0,0.0,53.1,718.834,"",'133090201251547987303,2026-06-08,11152503558,d6702188-c3b7-4830-94ae-c371674c5f45,"",Forward,100097774268,100097774268,11504,969.52,5.0,510.0,0.0,510.0,packet_delivered,0.0,0.0,0.0,0.0,0.0,0.0,0.0,0.0,NA,0,1189.0
NFT-/XUTR/DEUTH02615930658X,32.19,0.0,0.0,1599.0,676.0,175.49,3.219,0.0,0.0,prepaid,0.644,106.0,0.0,0.0,0.0,125.08,-621.727,"",'133142829690740551103,2026-06-08,11166862240,c3f523c9-e49d-47c4-ab39-93bb93ac6d96,11166862240,Reverse,100112132935,1000032191873,11504,643.81,5.0,829.0,0.0,829.0,exchange,0.0,0.0,0.0,0.0,0.0,0.0,0.0,0.0,NA,0,770.0
NFT-/XUTR/DEUTH02615930658X,34.19,0.0,0.0,2899.0,718.0,33.89,3.419,0.0,0.0,prepaid,0.684,0.0,0.0,27.0,0.0,31.86,648.147,"",'133142015742105728501,2026-06-08,11166670814,5167629c-ef2f-4d19-b20f-feb4cc24d63c,"",Forward,100111941509,100111941509,11504,683.81,5.0,2087.0,0.0,2087.0,packet_delivered,0.0,0.0,0.0,0.0,0.0,0.0,0.0,0.0,NA,0,812.0
NFT-/XUTR/DEUTH02615930658X,31.29,0.0,0.0,2499.0,657.0,31.009999999999998,3.129,0.0,0.0,prepaid,0.626,182.0,0.0,0.0,0.0,214.76,-836.995,"",'133098504880114798803,2026-06-08,11154159250,7e579f97-6cff-4705-9a34-4c51716c4a2d,100164267532,Reverse,100099429959,1000029785823,11504,625.71,5.0,1748.0,0.0,1748.0,return_refund,0.0,0.0,0.0,0.0,0.0,0.0,0.0,0.0,NA,0,751.0
NFT-/XUTR/DEUTH02615930658X,30.14,0.0,0.0,1999.0,633.0,29.878000000000004,3.014,0.0,0.0,prepaid,0.603,106.0,0.0,0.0,0.0,125.08,-724.585,"",'133137537444016599201,2026-06-08,11165735945,c70b33d2-e1fa-4dd0-9146-d722544f144a,100164388493,Reverse,100111006640,1000031996115,11504,602.86,5.0,1272.0,0.0,1272.0,return_refund,0.0,0.0,0.0,0.0,0.0,0.0,0.0,0.0,NA,0,727.0
NFT-/XUTR/DEUTH02615930658X,32.62,0.0,0.0,2199.0,685.0,32.332,3.262,0.0,0.0,prepaid,0.652,0.0,0.0,27.0,0.0,31.86,616.894,"",'133114997338281303603,2026-06-08,11157422077,835dc23b-1b4a-4656-999a-43ee971bca6c,"",Forward,100102692780,100102692780,11504,652.38,5.0,1420.0,0.0,1420.0,packet_delivered,0.0,0.0,0.0,0.0,0.0,0.0,0.0,0.0,NA,0,779.0
NFT-/XUTR/DEUTH02615930658X,35.29,0.0,0.0,3299.0,741.0,34.97500000000001,3.529,0.0,0.0,prepaid,0.706,0.0,0.0,27.0,0.0,31.86,669.93,"",'133116184629387876801,2026-06-08,11157702457,c9f14b36-27b1-453e-97b0-cc06a4893040,"",Forward,100102973160,100102973160,11504,705.71,5.0,2464.0,0.0,2464.0,packet_delivered,0.0,0.0,0.0,0.0,0.0,0.0,0.0,0.0,NA,0,835.0
NFT-/XUTR/DEUTH02615930658X,20.43,0.0,0.0,1850.0,429.0,20.249,2.043,0.0,0.0,prepaid,0.409,0.0,0.0,15.0,0.0,17.7,388.599,"",'133100460213232610503,2026-06-08,11154606610,356e2fdd-281b-433b-8074-a81ee5106463,"",Forward,100099877317,100099877317,11504,408.57,5.0,1327.0,0.0,1327.0,packet_delivered,0.0,0.0,0.0,0.0,0.0,0.0,0.0,0.0,NA,0,523.0
NFT-/XUTR/DEUTH02615930658X,50.38,0.0,0.0,3499.0,858.0,212.612,4.086,0.0,0.0,prepaid,0.817,0.0,0.0,36.493,0.0,43.06174,597.423,"",'133064223622035205901,2026-06-08,11146763717,4f243a90-3dc2-40c7-a484-2c4e27dd5ad5,"",Forward,100092034446,100092034446,11504,1007.62,5.0,2270.0,200.0,2470.0,packet_delivered,0.0,0.0,0.0,0.0,0.0,0.0,0.0,0.0,NA,0,1229.0
NFT-/XUTR/DEUTH02615930658X,33.52,0.0,0.0,1799.0,704.0,132.915,3.352,0.0,0.0,prepaid,0.67,0.0,0.0,27.0,0.0,31.86,535.203,"",'133124705692949613601,2026-06-08,11160663242,490540a1-4f6b-4736-b41c-9e6c2c8ee5e2,"",Forward,100105933943,1000031003665,11504,670.48,5.0,1001.0,0.0,1001.0,packet_delivered,0.0,0.0,0.0,0.0,0.0,0.0,0.0,0.0,NA,0,798.0
NFT-/XUTR/DEUTH02615930658X,59.67,0.0,0.0,2999.0,1253.0,310.493,5.967,0.0,0.0,prepaid,1.193,182.0,0.0,0.0,0.0,214.76,-1150.107,"",'133081064474795883201,2026-06-08,11150330330,83d2aad2-a8a4-45f9-9900-41ea2e122b54,100165329090,Reverse,100095601048,100095601048,11504,1193.33,5.0,1575.0,0.0,1575.0,return_refund,0.0,0.0,0.0,0.0,0.0,0.0,0.0,0.0,NA,0,1424.0
NFT-/XUTR/DEUTH02615930658X,35.05,0.0,0.0,1750.0,693.0,179.903,3.3,0.0,0.0,prepaid,0.66,0.0,0.0,25.423,0.0,29.99914,479.138,"",'133108017007499252103,2026-06-08,11155904382,9f10216f-0e2a-49e9-85e9-e1bde9250569,"",Forward,100101175088,1000029943831,11504,700.95,5.0,920.0,43.0,963.0,packet_delivered,0.0,0.0,0.0,0.0,0.0,0.0,0.0,0.0,NA,0,830.0
NFT-/XUTR/DEUTH02615930658X,29.62,0.0,0.0,1899.0,622.0,44.038,2.962,0.0,0.0,prepaid,0.592,0.0,0.0,27.0,0.0,31.86,542.548,"",'133096836881108189601,2026-06-08,11153802282,a123baec-3d09-4dd5-b61f-62c964746601,"",Forward,100099072991,100099072991,11504,592.38,5.0,1183.0,0.0,1183.0,packet_delivered,0.0,0.0,0.0,0.0,0.0,0.0,0.0,0.0,NA,0,716.0
NFT-/XUTR/DEUTH02615930658X,33.57,0.0,0.0,1899.0,228.52,10.785999999999998,1.088,0.0,0.0,prepaid,0.218,0.0,0.0,8.752,1.76,12.40416,204.024,"",'133107365761864393401,2026-06-08,11155753938,1263d742-2a32-4d80-8ee8-04e3024f389b,"",Forward,100101024644,100101024644,11504,671.43,5.0,1100.0,0.0,1100.0,packet_delivered,0.0,0.0,0.0,0.0,0.0,0.0,0.0,0.0,NA,0,799.0
NFT-/XUTR/DEUTH02615930658X,33.29,0.0,0.0,2799.0,699.0,32.993,3.329,0.0,0.0,prepaid,0.666,0.0,0.0,27.0,0.0,31.86,630.152,"",'133096867448363527803,2026-06-08,11153809205,f25f89e1-2b40-4eea-beac-13301c5ee8fe,"",Forward,100099079914,1000029783518,11504,665.71,5.0,2006.0,0.0,2006.0,packet_delivered,0.0,0.0,0.0,0.0,0.0,0.0,0.0,0.0,NA,0,793.0
NFT-/XUTR/DEUTH02615930658X,0.0,18.26,18.26,2499.0,767.0,36.202,0.0,1.826,1.826,prepaid,0.73,0.0,0.0,27.0,0.0,31.86,694.556,"",'133140720358644385803,2026-06-08,11166352885,8bece359-9edf-4ece-9425-bcaf6275f282,"",Forward,100111623580,100111623580,11504,730.48,5.0,1638.0,0.0,1638.0,packet_delivered,0.0,0.0,0.0,0.0,0.0,0.0,0.0,0.0,NA,0,861.0
NFT-/XUTR/DEUTH02615930658X,32.57,0.0,0.0,2999.0,684.0,32.285,3.257,0.0,0.0,prepaid,0.651,0.0,0.0,27.0,0.0,31.86,615.947,"",'133112984195304770003,2026-06-08,11156643234,dab45bf6-16bd-4f8d-98b8-585e3cb3bc7f,"",Forward,100101913937,100101913937,11504,651.43,5.0,2221.0,0.0,2221.0,packet_delivered,0.0,0.0,0.0,0.0,0.0,0.0,0.0,0.0,NA,0,778.0
NFT-/XUTR/DEUTH02615930658X,63.29,0.0,0.0,2999.0,1329.0,329.326,6.329,0.0,0.0,prepaid,1.266,0.0,0.0,45.0,0.0,53.1,938.979,"",'133134793905431650903,2026-06-08,11163727809,ebbd954c-8afb-488d-85a6-c626ef2b2839,"",Forward,100108998504,100108998504,11504,1265.71,5.0,1499.0,0.0,1499.0,packet_delivered,0.0,0.0,0.0,0.0,0.0,0.0,0.0,0.0,NA,0,1500.0
NFT-/XUTR/DEUTH02615930658X,72.29,0.0,0.0,3499.0,1518.0,376.16,7.229,0.0,0.0,prepaid,1.446,0.0,0.0,45.0,0.0,53.1,1080.065,"",'133118185812337501701,2026-06-08,11158238197,0e77c74a-631c-4649-96e0-1d48ee4a5eaf,"",Forward,100103508899,1000030850270,11504,1445.71,5.0,1810.0,0.0,1810.0,packet_delivered,0.0,0.0,0.0,0.0,0.0,0.0,0.0,0.0,NA,0,1689.0
NFT-/XUTR/DEUTH02615930658X,66.43,0.0,0.0,3299.0,1395.0,345.681,6.643,0.0,0.0,prepaid,1.329,0.0,0.0,45.0,0.0,53.1,988.247,"",'133089299822196127801,2026-06-08,11152221776,1ee8e9cb-d4f3-4345-abfd-4ecab3365699,"",Forward,100097492487,100097492487,11504,1328.57,5.0,1733.0,0.0,1733.0,packet_delivered,0.0,0.0,0.0,0.0,0.0,0.0,0.0,0.0,NA,0,1566.0
NFT-/XUTR/DEUTH02615930658X,48.76,0.0,0.0,2799.0,772.0,191.302,3.676,0.0,0.0,prepaid,0.735,0.0,0.0,33.926,0.0,40.03268,536.254,"",'133106714222004540703,2026-06-08,11155605345,48552e9e-945a-4710-8462-d39a6c7cd08c,"",Forward,100100876051,100100876051,11504,975.24,5.0,1604.0,252.0,1856.0,packet_delivered,0.0,0.0,0.0,0.0,0.0,0.0,0.0,0.0,NA,0,1195.0
NFT-/XUTR/DEUTH02615930658X,67.67,0.0,0.0,3299.0,1421.0,352.124,6.767,0.0,0.0,prepaid,1.353,0.0,0.0,45.0,0.0,53.1,1007.656,"",'133113524901303373303,2026-06-08,11156764535,28d5a4aa-8436-4f8d-b49a-ab00011af49e,"",Forward,100102035238,1000030237792,11504,1353.33,5.0,1707.0,0.0,1707.0,packet_delivered,0.0,0.0,0.0,0.0,0.0,0.0,0.0,0.0,NA,0,1592.0
NFT-/XUTR/DEUTH02615930658X,0.0,29.21,29.21,2899.0,1227.0,304.051,0.0,2.9215,2.9215,prepaid,1.169,0.0,0.0,45.0,0.0,53.1,862.837,"",'133130243085433305803,2026-06-08,11162067807,28bb1265-bb7e-49e0-a1b8-cbea19ec9c77,"",Forward,100107338505,1000031406713,11504,1168.58,5.0,1501.0,0.0,1501.0,packet_delivered,0.0,0.0,0.0,0.0,0.0,0.0,0.0,0.0,NA,0,1398.0
NFT-/XUTR/DEUTH02615930658X,68.67,0.0,0.0,3399.0,1442.0,357.328,6.867,0.0,0.0,prepaid,1.373,106.0,0.0,0.0,0.0,125.08,-1201.512,"",'133142602594188409303,2026-06-08,11166807935,913fe7d5-14c5-4451-8ff8-b0cab72a054f,11166807935,Reverse,100112078630,1000032417937,11504,1373.33,5.0,1786.0,0.0,1786.0,exchange,0.0,0.0,0.0,0.0,0.0,0.0,0.0,0.0,NA,0,1613.0
NFT-/XUTR/DEUTH02615930658X,19.05,0.0,0.0,1650.0,400.0,18.88,1.905,0.0,0.0,prepaid,0.381,0.0,0.0,0.0,0.0,0.0,378.834,"",'133101101930638287603,2026-06-08,11154759672,8e9ee6f0-cff6-4430-bac5-826fcc3131a6,"",Forward,100100030379,1000029586119,11504,380.95,5.0,1156.0,0.0,1156.0,packet_delivered,0.0,0.0,0.0,0.0,0.0,0.0,0.0,0.0,NA,0,494.0
NFT-/XUTR/DEUTH02615930658X,46.71,0.0,0.0,2999.0,981.0,254.66800000000003,4.671,0.0,0.0,prepaid,0.934,0.0,0.0,27.0,0.0,31.86,688.867,"",'133110400286994723101,2026-06-08,11156433673,3dbb8f80-b6c8-479e-83bf-44eaa8cb8352,"",Forward,100101704378,100101704378,11504,934.29,5.0,1847.0,0.0,1847.0,packet_delivered,0.0,0.0,0.0,0.0,0.0,0.0,0.0,0.0,NA,0,1152.0
NFT-/XUTR/DEUTH02615930658X,77.52,0.0,0.0,1799.0,1628.0,384.208,7.752,0.0,0.0,prepaid,1.55,0.0,0.0,45.0,0.0,53.1,1181.39,"",'133147861391700989801,2026-06-08,11167561641,b2b0ce55-8ae3-48aa-aba5-efc9989a79bf,"",Forward,100112832335,100112832335,11504,1550.48,5.0,0.0,0.0,0.0,packet_delivered,0.0,0.0,0.0,0.0,0.0,0.0,0.0,0.0,NA,0,1799.0
NFT-/XUTR/DEUTH02615930658X,27.57,0.0,0.0,2999.0,579.0,27.329,2.757,0.0,0.0,prepaid,0.551,0.0,0.0,3.0,0.0,3.54,544.823,"",'133116083233352317403,2026-06-08,11157678588,02ba1f04-a8d9-4809-bc4d-6c471d1ae8b4,"",Forward,100102949291,100102949291,11504,551.43,5.0,2326.0,0.0,2326.0,packet_delivered,0.0,0.0,0.0,0.0,0.0,0.0,0.0,0.0,NA,0,673.0
NFT-/XUTR/DEUTH02615930658X,59.71,0.0,0.0,2999.0,220.82,54.719,1.052,0.0,0.0,prepaid,0.21,0.0,0.0,7.924,0.0,9.35032,155.489,"",'133116358840784719801,2026-06-08,11157742868,8bfe0c67-842b-4411-8cea-fa5a0ad12850,"",Forward,100103013571,100103013571,11504,1194.29,5.0,1574.0,0.0,1574.0,packet_delivered,0.0,0.0,0.0,0.0,0.0,0.0,0.0,0.0,NA,0,1425.0
NFT-/XUTR/DEUTH02615930658X,32.57,0.0,0.0,2899.0,684.0,32.285,3.257,0.0,0.0,prepaid,0.651,182.0,0.0,0.0,0.0,214.76,-862.567,"",'133105005562332308301,2026-06-08,11155177272,e339791c-c3df-422d-9481-aecfdd0eb886,100164615149,Reverse,100100447979,100100447979,11504,651.43,5.0,2121.0,0.0,2121.0,return_refund,0.0,0.0,0.0,0.0,0.0,0.0,0.0,0.0,NA,0,778.0
NFT-/XUTR/DEUTH02615930658X,34.71,0.0,0.0,2499.0,729.0,34.40899999999999,3.471,0.0,0.0,prepaid,0.694,182.0,0.0,0.0,0.0,214.76,-905.186,"",'133097921992384179601,2026-06-08,11154039019,337a535e-43a9-40b5-a57c-f95bf97819d9,100164226781,Reverse,100099309728,100099309728,11504,694.29,5.0,1676.0,0.0,1676.0,return_refund,0.0,0.0,0.0,0.0,0.0,0.0,0.0,0.0,NA,0,823.0
NFT-/XUTR/DEUTH02615930658X,72.76,0.0,0.0,1699.0,1528.0,360.608,7.276,0.0,0.0,prepaid,1.455,0.0,0.0,45.0,0.0,53.1,1105.561,"",'133103990592324092101,2026-06-08,11154960908,606769a1-e58d-4bd4-834a-d471b57ad279,"",Forward,100100231615,1000029787157,11504,1455.24,5.0,0.0,0.0,0.0,packet_delivered,0.0,0.0,0.0,0.0,0.0,0.0,0.0,0.0,NA,0,1699.0
NFT-/XUTR/DEUTH02615930658X,0.0,17.57,17.57,1799.0,738.0,191.585,0.0,1.757,1.757,prepaid,0.703,0.0,0.0,27.0,0.0,31.86,510.338,"",'133125492868802531703,2026-06-08,11160849428,24d76299-f512-441b-ad69-a3d03d73a2fb,"",Forward,100106120128,100106120128,11504,702.86,5.0,967.0,0.0,967.0,packet_delivered,0.0,0.0,0.0,0.0,0.0,0.0,0.0,0.0,NA,0,832.0000000000001
NFT-/XUTR/DEUTH02615930658X,35.1,0.0,0.0,2699.0,737.0,34.786,3.51,0.0,0.0,prepaid,0.702,106.0,0.0,0.0,0.0,125.08,-823.082,"",'133137537444016599201,2026-06-08,11165735927,c70b33d2-e1fa-4dd0-9146-d722544f144a,100164688881,Reverse,100111006622,1000031996115,11504,701.9,5.0,1868.0,0.0,1868.0,return_refund,0.0,0.0,0.0,0.0,0.0,0.0,0.0,0.0,NA,0,831.0
NFT-/XUTR/DEUTH02615930658X,63.29,0.0,0.0,2999.0,1329.0,329.326,6.329,0.0,0.0,prepaid,1.266,106.0,0.0,0.0,0.0,125.08,-1117.159,"",'133134128195173728503,2026-06-08,11163570048,6f92f795-8a0e-4a9d-be61-2b597864a852,100167548504,Reverse,100108840743,100108840743,11504,1265.71,5.0,1499.0,0.0,1499.0,return_refund,0.0,0.0,0.0,0.0,0.0,0.0,0.0,0.0,NA,0,1500.0
NFT-/XUTR/DEUTH02615930658X,30.05,0.0,0.0,1699.0,631.0,163.808,3.005,0.0,0.0,prepaid,0.601,0.0,0.0,27.0,0.0,31.86,431.726,"",'133092119147733002901,2026-06-08,11153247155,abc8c160-176f-4f78-ac8a-f25e34bd1e50,"",Forward,100098517864,100098517864,11504,600.95,5.0,974.0,0.0,974.0,packet_delivered,0.0,0.0,0.0,0.0,0.0,0.0,0.0,0.0,NA,0,725.0
NFT-/XUTR/DEUTH02615930658X,35.05,0.0,0.0,1750.0,736.0,191.066,3.505,0.0,0.0,prepaid,0.701,0.0,0.0,27.0,0.0,31.86,508.868,"",'133122818796453021403,2026-06-08,11160200323,bb5b4c2c-d057-4450-a827-bf7761f1884e,"",Forward,100105471024,1000031411397,11504,700.95,5.0,920.0,0.0,920.0,packet_delivered,0.0,0.0,0.0,0.0,0.0,0.0,0.0,0.0,NA,0,830.0
NFT-/XUTR/DEUTH02615930658X,28.14,0.0,0.0,1599.0,591.0,41.843,2.814,0.0,0.0,prepaid,0.563,0.0,0.0,27.0,0.0,31.86,513.92,"",'133139727730294566001,2026-06-08,11166090509,324087d3-f3fe-4e55-b2ff-17b519d3e06a,"",Forward,100111361204,100111361204,11504,562.86,5.0,914.0,0.0,914.0,packet_delivered,0.0,0.0,0.0,0.0,0.0,0.0,0.0,0.0,NA,0,685.0
NFT-/XUTR/DEUTH02615930658X,20.29,0.0,0.0,1999.0,426.0,20.107,2.029,0.0,0.0,prepaid,0.406,0.0,0.0,15.0,0.0,17.7,385.758,"",'133109621925396420201,2026-06-08,11156344493,1b4440e1-b6a5-432f-92c7-7a5b1d3c2e73,"",Forward,100101615198,100101615198,11504,405.71,5.0,1479.0,0.0,1479.0,packet_delivered,0.0,0.0,0.0,0.0,0.0,0.0,0.0,0.0,NA,0,520.0
NFT-/XUTR/DEUTH02615930658X,35.29,0.0,0.0,2499.0,741.0,34.97500000000001,3.529,0.0,0.0,prepaid,0.706,0.0,0.0,27.0,0.0,31.86,669.93,"",'133115058790605758303,2026-06-08,11157436637,4b906b33-5248-44a3-9981-d0c4797c6b22,"",Forward,100102707340,100102707340,11504,705.71,5.0,1664.0,0.0,1664.0,packet_delivered,0.0,0.0,0.0,0.0,0.0,0.0,0.0,0.0,NA,0,835.0
NFT-/XUTR/DEUTH02615930658X,36.62,0.0,0.0,2499.0,769.0,36.297,3.662,0.0,0.0,prepaid,0.732,182.0,0.0,0.0,0.0,214.76,-943.069,"",'133117743046537437001,2026-06-08,11158115823,9635b069-8a96-41f0-8287-7af918c6f5d4,100164833189,Reverse,100103386525,100103386525,11504,732.38,5.0,1636.0,0.0,1636.0,return_refund,0.0,0.0,0.0,0.0,0.0,0.0,0.0,0.0,NA,0,863.0
NFT-/XUTR/DEUTH02615930658X,20.14,0.0,0.0,1799.0,110.92699999999999,5.235999999999999,0.528,0.0,0.0,prepaid,0.106,33.304,0.0,0.0,0.0,39.29872,-144.356,"",'133123671061082836201,2026-06-08,11160419208,93b15ad4-5849-46de-ae23-cdeac61f3323,11160419208,Reverse,100105689909,100105689909,11504,402.86,5.0,1317.0,0.0,1317.0,exchange,0.0,0.0,0.0,0.0,0.0,0.0,0.0,0.0,NA,0,482.0
NFT-/XUTR/DEUTH02615930658X,0.0,24.43,24.43,1799.0,1026.0,242.136,0.0,2.443,2.443,prepaid,0.977,0.0,0.0,45.0,0.0,53.1,724.901,"",'133123589081803083303,2026-06-08,11160397672,03fff5c5-62ea-4119-8bd3-13cb0e374ce4,"",Forward,100105668373,100105668373,11504,977.14,5.0,602.0,0.0,602.0,packet_delivered,0.0,0.0,0.0,0.0,0.0,0.0,0.0,0.0,NA,0,1197.0
NFT-/XUTR/DEUTH02615930658X,0.0,45.05,45.05,2999.0,1892.0,468.838,0.0,4.505,4.505,prepaid,1.802,106.0,0.0,0.0,0.0,125.08,-1537.43,"",'133122992015865841503,2026-06-08,11160242192,15008641-9e24-4e99-9f54-c107c4f22cbd,11160242192,Reverse,100105512893,100105512893,11504,1801.9,5.0,901.0,0.0,901.0,exchange,0.0,0.0,0.0,0.0,0.0,0.0,0.0,0.0,NA,0,2098.0
NFT-/XUTR/DEUTH02615930658X,30.05,0.0,0.0,1699.0,631.0,163.808,3.005,0.0,0.0,prepaid,0.601,182.0,0.0,0.0,0.0,214.76,-678.346,"",'133092119147733002901,2026-06-08,11153247155,abc8c160-176f-4f78-ac8a-f25e34bd1e50,100165398965,Reverse,100098517864,100098517864,11504,600.95,5.0,974.0,0.0,974.0,return_refund,0.0,0.0,0.0,0.0,0.0,0.0,0.0,0.0,NA,0,725.0
NFT-/XUTR/DEUTH02615930658X,33.48,0.0,0.0,2999.0,703.0,33.182,3.348,0.0,0.0,prepaid,0.67,0.0,0.0,27.0,0.0,31.86,633.94,"",'133096867448363527803,2026-06-08,11153809206,f25f89e1-2b40-4eea-beac-13301c5ee8fe,"",Forward,100099079915,1000029783518,11504,669.52,5.0,2202.0,0.0,2202.0,packet_delivered,0.0,0.0,0.0,0.0,0.0,0.0,0.0,0.0,NA,0,797.0
NFT-/XUTR/DEUTH02615930658X,24.91,0.0,0.0,1999.0,523.0,24.686000000000003,2.49,0.0,0.0,prepaid,0.498,0.0,0.0,3.0,0.0,3.54,491.786,"",'133126395174237388701,2026-06-08,11161092489,1f00ffdb-5246-4ac5-8c3d-94ea6acc74bb,"",Forward,100106363188,100106363188,11504,498.1,5.0,1382.0,0.0,1382.0,packet_delivered,0.0,0.0,0.0,0.0,0.0,0.0,0.0,0.0,NA,0,617.01
NFT-/XUTR/DEUTH02615930658X,26.24,0.0,0.0,1699.0,551.0,39.011,2.624,0.0,0.0,prepaid,0.525,0.0,0.0,27.0,0.0,31.86,476.98,"",'133118314442279388301,2026-06-08,11158265407,80c5ca1d-c7ba-4e2b-89a4-a017aa5ae09b,"",Forward,100103536109,100103536109,11504,524.76,5.0,1054.0,0.0,1054.0,packet_delivered,0.0,0.0,0.0,0.0,0.0,0.0,0.0,0.0,NA,0,645.0
NFT-/XUTR/DEUTH02615930658X,23.29,0.0,0.0,2099.0,489.0,23.081,2.329,0.0,0.0,prepaid,0.466,0.0,0.0,6.0,0.0,7.08,456.044,"",'133097720984587086303,2026-06-08,11153996015,f9096fcb-c1b8-4d8d-a2d5-203917d894fd,"",Forward,100099266724,100099266724,11504,465.71,5.0,1516.0,0.0,1516.0,packet_delivered,0.0,0.0,0.0,0.0,0.0,0.0,0.0,0.0,NA,0,583.0
NFT-/XUTR/DEUTH02615930658X,48.48,0.0,0.0,1699.0,1018.0,240.248,4.848,0.0,0.0,prepaid,0.97,0.0,0.0,45.0,0.0,53.1,718.834,"",'133098903093015732103,2026-06-08,11154241054,e9f90ded-9412-4a6e-8e39-3f57ed12d01e,"",Forward,100099511762,100099511762,11504,969.52,5.0,510.0,0.0,510.0,packet_delivered,0.0,0.0,0.0,0.0,0.0,0.0,0.0,0.0,NA,0,1189.0
NFT-/XUTR/DEUTH02615930658X,34.71,0.0,0.0,2899.0,729.0,34.40899999999999,3.471,0.0,0.0,prepaid,0.694,0.0,0.0,27.0,0.0,31.86,658.566,"",'133096520042817608103,2026-06-08,11153729434,5da35a3a-1dda-4306-a926-4f89ba3fddf1,"",Forward,100099000143,1000029321600,11504,694.29,5.0,2076.0,0.0,2076.0,packet_delivered,0.0,0.0,0.0,0.0,0.0,0.0,0.0,0.0,NA,0,823.0
NFT-/XUTR/DEUTH02615930658X,59.71,0.0,0.0,2999.0,1254.0,310.741,5.971,0.0,0.0,prepaid,1.194,0.0,0.0,45.0,0.0,53.1,882.994,"",'133143955286974422303,2026-06-08,11167154831,efebca97-198a-400f-85e9-e25c531a7005,"",Forward,100112425525,100112425525,11504,1194.29,5.0,1574.0,0.0,1574.0,packet_delivered,0.0,0.0,0.0,0.0,0.0,0.0,0.0,0.0,NA,0,1425.0
NFT-/XUTR/DEUTH02615930658X,34.14,0.0,0.0,1599.0,717.0,186.133,3.414,0.0,0.0,prepaid,0.683,182.0,0.0,0.0,0.0,214.76,-741.53,"",'133118165031771585701,2026-06-08,11158233688,6d6bfb09-ce01-44f5-b861-2f79535f3df3,100164780162,Reverse,100103504390,100103504390,11504,682.86,5.0,788.0,0.0,788.0,return_refund,0.0,0.0,0.0,0.0,0.0,0.0,0.0,0.0,NA,0,811.0
NFT-/XUTR/DEUTH02615930658X,52.0,0.0,0.0,1899.0,1092.0,257.712,5.2,0.0,0.0,prepaid,1.04,0.0,0.0,45.0,0.0,53.1,774.948,"",'133143093231201405001,2026-06-08,11166926197,a97d331a-3e0b-402a-a770-d8d04dfda379,"",Forward,100112196891,100112196891,11504,1040,5.0,636.0,0.0,636.0,packet_delivered,0.0,0.0,0.0,0.0,0.0,0.0,0.0,0.0,NA,0,1263.0
NFT-/XUTR/DEUTH02615930658X,36.24,0.0,0.0,2499.0,761.0,35.919,3.624,0.0,0.0,prepaid,0.725,127.0,0.0,0.0,0.0,149.86,-870.592,"",'133131113317270933403,2026-06-08,11162552171,316ffa8e-1acd-4c33-8e22-a2f823799eae,100165728069,Reverse,100107822868,100107822868,11504,724.76,5.0,1644.0,0.0,1644.0,return_refund,0.0,0.0,0.0,0.0,0.0,0.0,0.0,0.0,NA,0,855.0
NFT-/XUTR/DEUTH02615930658X,69.95,0.0,0.0,3399.0,1469.0,364.018,6.995,0.0,0.0,prepaid,1.399,0.0,0.0,45.0,0.0,53.1,1043.488,"",'133119863666872390703,2026-06-08,11159337190,956e5d33-8ee1-49c8-96f3-15ba84c2927f,"",Forward,100104607892,1000030856853,11504,1399.05,5.0,1759.0,0.0,1759.0,packet_delivered,0.0,0.0,0.0,0.0,0.0,0.0,0.0,0.0,NA,0,1640.0
NFT-/XUTR/DEUTH02615930658X,31.29,0.0,0.0,2499.0,657.0,31.009999999999998,3.129,0.0,0.0,prepaid,0.626,182.0,0.0,0.0,0.0,214.76,-836.995,"",'133109254572748503601,2026-06-08,11156245658,e91bc781-474f-431c-9996-274ec2fac3ee,100164327562,Reverse,100101516363,1000030229924,11504,625.71,5.0,1748.0,0.0,1748.0,return_refund,0.0,0.0,0.0,0.0,0.0,0.0,0.0,0.0,NA,0,751.0
NFT-/XUTR/DEUTH02615930658X,0.0,19.17,19.17,1799.0,805.0,208.978,0.0,1.9165,1.9165,prepaid,0.767,106.0,0.0,0.0,0.0,125.08,-716.502,"",'133148317910213751303,2026-06-08,11167681404,7f468813-46cb-4b5d-a1d8-bc9685cfe250,100164733152,Reverse,100112952098,100112952098,11504,766.66,5.0,900.0,0.0,900.0,return_refund,0.0,0.0,0.0,0.0,0.0,0.0,0.0,0.0,NA,0,898.9999999999999
NFT-/XUTR/DEUTH02615930658X,59.62,0.0,0.0,2999.0,1252.0,310.246,5.962,0.0,0.0,prepaid,1.192,182.0,0.0,0.0,0.0,214.76,-1149.36,"",'133119863666872390703,2026-06-08,11159337187,956e5d33-8ee1-49c8-96f3-15ba84c2927f,100166749105,Reverse,100104607889,1000030856853,11504,1192.38,5.0,1576.0,0.0,1576.0,return_refund,0.0,0.0,0.0,0.0,0.0,0.0,0.0,0.0,NA,0,1423.0
NFT-/XUTR/DEUTH02615930658X,48.1,0.0,0.0,1750.0,1010.0,238.36,4.81,0.0,0.0,prepaid,0.962,0.0,0.0,45.0,0.0,53.1,712.768,"",'133117987708797609803,2026-06-08,11158187352,718d1cea-1157-4415-97ac-0fa73fd1c8dc,"",Forward,100103458054,100103458054,11504,961.9,5.0,569.0,0.0,569.0,packet_delivered,0.0,0.0,0.0,0.0,0.0,0.0,0.0,0.0,NA,0,1181.0
NFT-/XUTR/DEUTH02615930658X,40.52,0.0,0.0,2100.0,851.0,220.92,4.052,0.0,0.0,prepaid,0.81,106.0,0.0,0.0,0.0,125.08,-750.298,"",'133137537444016599201,2026-06-08,11165735933,c70b33d2-e1fa-4dd0-9146-d722544f144a,100164688559,Reverse,100111006628,1000031996115,11504,810.48,5.0,1155.0,0.0,1155.0,return_refund,0.0,0.0,0.0,0.0,0.0,0.0,0.0,0.0,NA,0,945.0
NFT-/XUTR/DEUTH02615930658X,19.05,0.0,0.0,1699.0,400.0,18.88,1.905,0.0,0.0,prepaid,0.381,0.0,0.0,0.0,0.0,0.0,378.834,"",'133117794503767287703,2026-06-08,11158131499,911202dc-cbe9-4ff7-a10f-f4552b8f77f7,"",Forward,100103402201,100103402201,11504,380.95,5.0,1205.0,0.0,1205.0,packet_delivered,0.0,0.0,0.0,0.0,0.0,0.0,0.0,0.0,NA,0,494.0
NFT-/XUTR/DEUTH02615930658X,25.67,0.0,0.0,1650.0,539.0,38.161,2.567,0.0,0.0,prepaid,0.513,0.0,0.0,27.0,0.0,31.86,465.899,"",'133142898965184232603,2026-06-08,11166878915,8bc3e0c9-5b2f-4c54-a389-703d9b10f33d,"",Forward,100112149610,100112149610,11504,513.33,5.0,1017.0,0.0,1017.0,packet_delivered,0.0,0.0,0.0,0.0,0.0,0.0,0.0,0.0,NA,0,633.0
NFT-/XUTR/DEUTH02615930658X,39.52,0.0,0.0,1850.0,830.0,215.468,3.952,0.0,0.0,prepaid,0.79,182.0,0.0,0.0,0.0,214.76,-824.55,"",'133115799995580815103,2026-06-08,11157612326,4f84c287-e3fc-45ac-8a41-9c2da293496a,100164693631,Reverse,100102883029,100102883029,11504,790.48,5.0,926.0,0.0,926.0,return_refund,0.0,0.0,0.0,0.0,0.0,0.0,0.0,0.0,NA,0,924.0
NFT-/XUTR/DEUTH02615930658X,59.62,0.0,0.0,2999.0,1252.0,310.246,5.962,0.0,0.0,prepaid,1.192,0.0,0.0,45.0,0.0,53.1,881.5,"",'133143632501412723603,2026-06-08,11167067317,eaf6eabe-2e8b-4f52-b55b-30ea887c71ea,"",Forward,100112338011,100112338011,11504,1192.38,5.0,1576.0,0.0,1576.0,packet_delivered,0.0,0.0,0.0,0.0,0.0,0.0,0.0,0.0,NA,0,1423.0
NFT-/XUTR/DEUTH02615930658X,80.38,0.0,0.0,3999.0,1688.0,418.286,8.038,0.0,0.0,prepaid,1.608,0.0,0.0,45.0,0.0,53.1,1206.968,"",'133148271214300924903,2026-06-08,11167668324,a10d70cc-2d33-447f-a907-6657cb479c18,"",Forward,100112939018,100112939018,11504,1607.62,5.0,2140.0,0.0,2140.0,packet_delivered,0.0,0.0,0.0,0.0,0.0,0.0,0.0,0.0,NA,0,1859.0
NFT-/XUTR/DEUTH02615930658X,102.86,0.0,0.0,3499.0,2160.0,509.75999999999993,10.286,0.0,0.0,prepaid,2.057,0.0,0.0,61.0,0.0,71.98,1565.917,"",'133126248533452202603,2026-06-08,11161050772,e8273883-8f15-491a-8722-504adad0fe19,"",Forward,100106321471,100106321471,11504,2057.14,5.0,1133.0,0.0,1133.0,packet_delivered,0.0,0.0,0.0,0.0,0.0,0.0,0.0,0.0,NA,0,2366.0
NFT-/XUTR/DEUTH02615930658X,55.14,0.0,0.0,1899.0,1158.0,273.288,5.514,0.0,0.0,prepaid,1.103,0.0,0.0,45.0,0.0,53.1,824.995,"",'133090011423495197803,2026-06-08,11152445851,20f4a988-c638-4da9-99b2-18d7a182f10e,"",Forward,100097716561,100097716561,11504,1102.86,5.0,570.0,0.0,570.0,packet_delivered,0.0,0.0,0.0,0.0,0.0,0.0,0.0,0.0,NA,0,1329.0
NFT-/XUTR/DEUTH02615930658X,30.38,0.0,0.0,1599.0,638.0,45.17,3.038,0.0,0.0,prepaid,0.608,0.0,0.0,27.0,0.0,31.86,557.324,"",'133109418764688099203,2026-06-08,11156292743,5f6f4b29-4de2-4a78-9c5e-efda92827879,"",Forward,100101563448,100101563448,11504,607.62,5.0,867.0,0.0,867.0,packet_delivered,0.0,0.0,0.0,0.0,0.0,0.0,0.0,0.0,NA,0,732.0
NFT-/XUTR/DEUTH02615930658X,46.91,0.0,0.0,2999.0,985.0,255.70600000000002,4.69,0.0,0.0,prepaid,0.938,0.0,0.0,27.0,0.0,31.86,691.806,"",'133113045938532870903,2026-06-08,11156655815,27984286-18b5-43a6-a9f4-301aeccd4bda,"",Forward,100101926518,1000030237467,11504,938.1,5.0,1843.0,0.0,1843.0,packet_delivered,0.0,0.0,0.0,0.0,0.0,0.0,0.0,0.0,NA,0,1156.01
NFT-/XUTR/DEUTH02615930658X,0.0,36.38,36.38,1699.0,1528.0,360.608,0.0,3.638,3.638,prepaid,1.455,0.0,0.0,45.0,0.0,53.1,1105.561,"",'133126121173870443701,2026-06-08,11161014276,02060b78-e739-4406-9422-b87b7c3658c3,"",Forward,100106284975,1000031083807,11504,1455.24,5.0,0.0,0.0,0.0,packet_delivered,0.0,0.0,0.0,0.0,0.0,0.0,0.0,0.0,NA,0,1699.0000000000002
NFT-/XUTR/DEUTH02615930658X,48.86,0.0,0.0,1799.0,1026.0,242.136,4.886,0.0,0.0,prepaid,0.977,0.0,0.0,45.0,0.0,53.1,724.901,"",'133134532330973129201,2026-06-08,11163662989,99c6d0ea-5a9b-4e5d-bc70-12a2faac0b6e,"",Forward,100108933684,100108933684,11504,977.14,5.0,602.0,0.0,602.0,packet_delivered,0.0,0.0,0.0,0.0,0.0,0.0,0.0,0.0,NA,0,1197.0
NFT-/XUTR/DEUTH02615930658X,19.05,0.0,0.0,1650.0,400.0,18.88,1.905,0.0,0.0,prepaid,0.381,182.0,0.0,0.0,0.0,214.76,-593.594,"",'133099622843509012101,2026-06-08,11154393351,6d6339be-7593-4aee-a679-0c0df25be0ce,100164013743,Reverse,100099664059,100099664059,11504,380.95,5.0,1156.0,0.0,1156.0,return_refund,0.0,0.0,0.0,0.0,0.0,0.0,0.0,0.0,NA,0,494.0
NFT-/XUTR/DEUTH02615930658X,18.38,0.0,0.0,1650.0,386.0,18.219,1.838,0.0,0.0,prepaid,0.368,0.0,0.0,0.0,0.0,0.0,365.575,"",'133126769960778381601,2026-06-08,11161192007,1bc3bfdc-5de2-4618-8eeb-48d7f239928e,"",Forward,100106462706,100106462706,11504,367.62,5.0,1205.0,0.0,1205.0,packet_delivered,0.0,0.0,0.0,0.0,0.0,0.0,0.0,0.0,NA,0,445.0
NFT-/XUTR/DEUTH02615930658X,0.0,59.48,59.48,3999.0,2498.0,589.528,0.0,5.9475,5.9475,prepaid,2.379,0.0,0.0,61.0,0.0,71.98,1822.218,"",'133130899463789571901,2026-06-08,11162497517,0a7df9df-82e0-4a35-983f-c4389d1bca35,"",Forward,100107768215,100107768215,11504,2379.04,5.0,1295.0,0.0,1295.0,packet_delivered,0.0,0.0,0.0,0.0,0.0,0.0,0.0,0.0,NA,0,2704.0
NFT-/XUTR/DEUTH02615930658X,0.0,16.29,16.29,2999.0,684.0,32.285,0.0,1.6285,1.6285,prepaid,0.651,0.0,0.0,27.0,0.0,31.86,615.947,"",'133143218705943409903,2026-06-08,11166957588,bf3a1f81-1afe-41c8-802a-7163b05fb05f,"",Forward,100112228282,100112228282,11504,651.42,5.0,2221.0,0.0,2221.0,packet_delivered,0.0,0.0,0.0,0.0,0.0,0.0,0.0,0.0,NA,0,777.9999999999999
NFT-/XUTR/DEUTH02615930658X,66.19,0.0,0.0,3499.0,1390.0,344.44200000000006,6.619,0.0,0.0,prepaid,1.324,0.0,0.0,45.0,0.0,53.1,984.515,"",'133113909146677715701,2026-06-08,11156913631,d5a4ade2-0a3e-484b-a30d-246796fd39ae,"",Forward,100102184334,100102184334,11504,1323.81,5.0,1938.0,0.0,1938.0,packet_delivered,0.0,0.0,0.0,0.0,0.0,0.0,0.0,0.0,NA,0,1561.0
NFT-/XUTR/DEUTH02615930658X,28.81,0.0,0.0,1999.0,605.0,28.555999999999997,2.881,0.0,0.0,prepaid,0.576,0.0,0.0,27.0,0.0,31.86,541.127,"",'133139882364444412201,2026-06-08,11166133425,86e9d6c9-30bc-4d4b-adb5-c4775b6d6505,"",Forward,100111404120,1000032021940,11504,576.19,5.0,1300.0,0.0,1300.0,packet_delivered,0.0,0.0,0.0,0.0,0.0,0.0,0.0,0.0,NA,0,699.0
NFT-/XUTR/DEUTH02615930658X,70.43,0.0,0.0,3299.0,1479.0,366.496,7.043,0.0,0.0,prepaid,1.409,0.0,0.0,45.0,0.0,53.1,1050.952,"",'133100448471113159601,2026-06-08,11154603718,0c5a897d-cefc-445b-b72c-bba9eed70f4d,"",Forward,100099874425,1000029776222,11504,1408.57,5.0,1649.0,0.0,1649.0,packet_delivered,0.0,0.0,0.0,0.0,0.0,0.0,0.0,0.0,NA,0,1650.0
NFT-/XUTR/DEUTH02615930658X,67.1,0.0,0.0,3199.0,1409.0,349.15,6.71,0.0,0.0,prepaid,1.342,0.0,0.0,45.0,0.0,53.1,998.698,"",'133133272711622807701,2026-06-08,11163382856,7cc31e55-79da-487d-a69f-640e3a352e6b,"",Forward,100108653552,100108653552,11504,1341.9,5.0,1619.0,0.0,1619.0,packet_delivered,0.0,0.0,0.0,0.0,0.0,0.0,0.0,0.0,NA,0,1580.0
NFT-/XUTR/DEUTH02615930658X,35.05,0.0,0.0,1750.0,736.0,191.066,3.505,0.0,0.0,prepaid,0.701,182.0,0.0,0.0,0.0,214.76,-755.488,"",'133103990592324092101,2026-06-08,11154960903,606769a1-e58d-4bd4-834a-d471b57ad279,100164020929,Reverse,100100231610,1000029787157,11504,700.95,5.0,920.0,0.0,920.0,return_refund,0.0,0.0,0.0,0.0,0.0,0.0,0.0,0.0,NA,0,830.0
NFT-/XUTR/DEUTH02615930658X,20.43,0.0,0.0,1850.0,429.0,20.249,2.043,0.0,0.0,prepaid,0.409,0.0,0.0,15.0,0.0,17.7,388.599,"",'133123867614601337303,2026-06-08,11160468366,4ee0eb63-fb2c-40b7-be55-7a323e361a9e,"",Forward,100105739067,100105739067,11504,408.57,5.0,1327.0,0.0,1327.0,packet_delivered,0.0,0.0,0.0,0.0,0.0,0.0,0.0,0.0,NA,0,523.0
NFT-/XUTR/DEUTH02615930658X,20.48,0.0,0.0,1650.0,430.0,20.296000000000003,2.048,0.0,0.0,prepaid,0.41,0.0,0.0,15.0,3.999,22.41882,384.827,"",'133101383205301614801,2026-06-08,11154795247,68ae0b02-84db-4417-87ae-88a73d656246,"",Forward,100100065954,1000029783447,11504,409.52,5.0,1126.0,0.0,1126.0,packet_delivered,0.0,0.0,0.0,0.0,0.0,0.0,0.0,0.0,NA,0,524.0
NFT-/XUTR/DEUTH02615930658X,66.43,0.0,0.0,3299.0,1395.0,345.681,6.643,0.0,0.0,prepaid,1.329,0.0,0.0,45.0,0.0,53.1,988.247,"",'133105144577318091501,2026-06-08,11155212480,bc0cca47-0b07-4572-9ae9-e82a573d881d,"",Forward,100100483187,100100483187,11504,1328.57,5.0,1733.0,0.0,1733.0,packet_delivered,0.0,0.0,0.0,0.0,0.0,0.0,0.0,0.0,NA,0,1566.0
NFT-/XUTR/DEUTH02615930658X,33.52,0.0,0.0,2499.0,89.47,4.223,0.426,0.0,0.0,prepaid,0.085,13.471,0.0,0.0,0.0,15.89578,-100.632,"",'133134180658251366903,2026-06-08,11163581698,b7925429-f98e-4516-a937-8210ecba7093,11163581698,Reverse,100108852393,100108852393,11504,670.48,5.0,1701.0,0.0,1701.0,exchange,0.0,0.0,0.0,0.0,0.0,0.0,0.0,0.0,NA,0,798.0
NFT-/XUTR/DEUTH02615930658X,38.38,0.0,0.0,1799.0,806.0,209.238,3.838,0.0,0.0,prepaid,0.768,0.0,0.0,27.0,0.0,31.86,560.296,"",'133100793010501818703,2026-06-08,11154691735,135a8f7b-39a4-4be5-840a-63e1433ca219,"",Forward,100099962442,100099962442,11504,767.62,5.0,899.0,0.0,899.0,packet_delivered,0.0,0.0,0.0,0.0,0.0,0.0,0.0,0.0,NA,0,900.0
NFT-/XUTR/DEUTH02615930658X,36.62,0.0,0.0,2499.0,769.0,36.297,3.662,0.0,0.0,prepaid,0.732,0.0,0.0,27.0,7.075,40.2085,688.101,"",'133117513026472884103,2026-06-08,11158046170,35b6140a-dc04-4474-8b73-e0e18ffa3401,"",Forward,100103316872,100103316872,11504,732.38,5.0,1636.0,0.0,1636.0,packet_delivered,0.0,0.0,0.0,0.0,0.0,0.0,0.0,0.0,NA,0,863.0
NFT-/XUTR/DEUTH02615930658X,51.76,0.0,0.0,3399.0,1087.0,269.359,5.176,0.0,0.0,prepaid,1.035,0.0,0.0,45.0,0.0,53.1,758.33,"",'133134355910190173203,2026-06-08,11163621310,993d7609-d5fc-4e45-bf57-2c4f74174a37,"",Forward,100108892005,100108892005,11504,1035.24,5.0,2141.0,0.0,2141.0,packet_delivered,0.0,0.0,0.0,0.0,0.0,0.0,0.0,0.0,NA,0,1258.0
NFT-/XUTR/DEUTH02615930658X,35.52,0.0,0.0,2799.0,746.0,35.211,3.552,0.0,0.0,prepaid,0.71,0.0,0.0,27.0,0.0,31.86,674.667,"",'133098097435867125801,2026-06-08,11154075531,4ada77f2-c1bb-4deb-8eae-34b876ea5e8a,"",Forward,100099346240,100099346240,11504,710.48,5.0,1959.0,0.0,1959.0,packet_delivered,0.0,0.0,0.0,0.0,0.0,0.0,0.0,0.0,NA,0,840.0
NFT-/XUTR/DEUTH02615930658X,49.19,0.0,0.0,2499.0,1033.0,255.977,4.919,0.0,0.0,prepaid,0.984,182.0,0.0,0.0,0.0,214.76,-985.88,"",'133108580639586728203,2026-06-08,11156047609,eac14c14-ef4b-4dba-9169-0b9325ca1ce2,100164259339,Reverse,100101318314,100101318314,11504,983.81,5.0,1295.0,0.0,1295.0,return_refund,0.0,0.0,0.0,0.0,0.0,0.0,0.0,0.0,NA,0,1204.0
NFT-/XUTR/DEUTH02615930658X,36.62,0.0,0.0,2499.0,769.0,36.297,3.662,0.0,0.0,prepaid,0.732,0.0,0.0,27.0,7.075,40.2085,688.101,"",'133117743046537437001,2026-06-08,11158115823,9635b069-8a96-41f0-8287-7af918c6f5d4,"",Forward,100103386525,100103386525,11504,732.38,5.0,1636.0,0.0,1636.0,packet_delivered,0.0,0.0,0.0,0.0,0.0,0.0,0.0,0.0,NA,0,863.0
NFT-/XUTR/DEUTH02615930658X,0.0,42.57,42.57,2999.0,1788.0,443.066,0.0,4.257,4.257,prepaid,1.703,106.0,0.0,0.0,0.0,125.08,-1459.797,"",'133140827977305095703,2026-06-08,11166380238,38f6960c-85e5-4540-a7c1-346e5bf317b2,100164722482,Reverse,100111650933,100111650933,11504,1702.86,5.0,1005.0,0.0,1005.0,return_refund,0.0,0.0,0.0,0.0,0.0,0.0,0.0,0.0,NA,0,1993.9999999999998
NFT-/XUTR/DEUTH02615930658X,85.14,0.0,0.0,2999.0,1456.1000000000001,360.822,6.934,0.0,0.0,prepaid,1.387,86.324,0.0,0.0,0.0,101.86232,-1188.819,"",'133148443727588829901,2026-06-08,11167717648,93caa285-975d-4285-b7f2-af83f140261a,11167717648,Reverse,100112988342,100112988342,11504,1702.86,5.0,1005.0,0.0,1005.0,exchange,0.0,0.0,0.0,0.0,0.0,0.0,0.0,0.0,NA,0,1994.0
NFT-/XUTR/DEUTH02615930658X,63.29,0.0,0.0,2999.0,1329.0,329.326,6.329,0.0,0.0,prepaid,1.266,106.0,0.0,0.0,0.0,125.08,-1117.159,"",'133146607650193692501,2026-06-08,11167362189,8d0558a8-2065-45bb-8b6b-853bb32d1ba6,11167362189,Reverse,100112632883,100112632883,11504,1265.71,5.0,1499.0,0.0,1499.0,exchange,0.0,0.0,0.0,0.0,0.0,0.0,0.0,0.0,NA,0,1500.0
NFT-/XUTR/DEUTH02615930658X,19.05,0.0,0.0,1599.0,400.0,18.88,1.905,0.0,0.0,prepaid,0.381,0.0,0.0,0.0,0.0,0.0,378.834,"",'133101101930638287603,2026-06-08,11154759663,8e9ee6f0-cff6-4430-bac5-826fcc3131a6,"",Forward,100100030370,1000029586119,11504,380.95,5.0,1105.0,0.0,1105.0,packet_delivered,0.0,0.0,0.0,0.0,0.0,0.0,0.0,0.0,NA,0,494.0
NFT-/XUTR/DEUTH02615930658X,19.05,0.0,0.0,1699.0,400.0,18.88,1.905,0.0,0.0,prepaid,0.381,0.0,0.0,0.0,0.0,0.0,378.834,"",'133148267572890059903,2026-06-08,11167667280,23f1c324-d298-4f76-be39-18ec2e6b9461,"",Forward,100112937974,100112937974,11504,380.95,5.0,1205.0,0.0,1205.0,packet_delivered,0.0,0.0,0.0,0.0,0.0,0.0,0.0,0.0,NA,0,494.0
NFT-/XUTR/DEUTH02615930658X,37.14,0.0,0.0,1750.0,780.0,202.488,3.714,0.0,0.0,prepaid,0.743,0.0,0.0,27.0,0.0,31.86,541.195,"",'133098058253067731401,2026-06-08,11154067326,bbb46c5d-b967-4f1d-a298-2b614622ef32,"",Forward,100099338035,100099338035,11504,742.86,5.0,876.0,0.0,876.0,packet_delivered,0.0,0.0,0.0,0.0,0.0,0.0,0.0,0.0,NA,0,874.0
NFT-/XUTR/DEUTH02615930658X,0.0,38.76,38.76,1799.0,1628.0,384.208,0.0,3.876,3.876,prepaid,1.55,106.0,0.0,0.0,0.0,125.08,-1359.57,"",'133126624902101948803,2026-06-08,11161154751,2d88b805-2bbf-4b63-8881-908cf1166fd0,100164079932,Reverse,100106425450,100106425450,11504,1550.48,5.0,0.0,0.0,0.0,return_refund,0.0,0.0,0.0,0.0,0.0,0.0,0.0,0.0,NA,0,1799.0
NFT-/XUTR/DEUTH02615930658X,30.57,0.0,0.0,1699.0,642.0,45.454,3.057,0.0,0.0,prepaid,0.611,0.0,0.0,27.0,0.0,31.86,561.018,"",'133139079325984220401,2026-06-08,11165931630,9fa8319c-9720-49f9-b72f-d2d4382592ce,"",Forward,100111202325,100111202325,11504,611.43,5.0,963.0,0.0,963.0,packet_delivered,0.0,0.0,0.0,0.0,0.0,0.0,0.0,0.0,NA,0,736.0
NFT-/XUTR/DEUTH02615930658X,26.24,0.0,0.0,1699.0,551.0,39.011,2.624,0.0,0.0,prepaid,0.525,0.0,0.0,27.0,0.0,31.86,476.98,"",'133117359965571630103,2026-06-08,11158000714,c84b827a-2b52-4eec-9c3d-008185be37dd,"",Forward,100103271416,1000030849454,11504,524.76,5.0,1054.0,0.0,1054.0,packet_delivered,0.0,0.0,0.0,0.0,0.0,0.0,0.0,0.0,NA,0,645.0
NFT-/XUTR/DEUTH02615930658X,34.67,0.0,0.0,1799.0,23.92,6.21,0.114,0.0,0.0,prepaid,0.023,0.0,0.0,0.887,0.0,1.04666,16.526,"",'133122975347542614901,2026-06-08,11160237930,525215e0-9571-4789-8141-0f16cf62e56d,"",Forward,100105508631,100105508631,11504,693.33,5.0,977.0,0.0,977.0,packet_delivered,0.0,0.0,0.0,0.0,0.0,0.0,0.0,0.0,NA,0,822.0
NFT-/XUTR/DEUTH02615930658X,63.29,0.0,0.0,2999.0,1329.0,329.326,6.329,0.0,0.0,prepaid,1.266,0.0,0.0,45.0,0.0,53.1,938.979,"",'133113243534697654401,2026-06-08,11156698363,d8376757-ed7d-44e3-ae02-4fe105b88623,"",Forward,100101969066,100101969066,11504,1265.71,5.0,1499.0,0.0,1499.0,packet_delivered,0.0,0.0,0.0,0.0,0.0,0.0,0.0,0.0,NA,0,1500.0
NFT-/XUTR/DEUTH02615930658X,24.48,0.0,0.0,1699.0,514.0,36.391,2.448,0.0,0.0,prepaid,0.49,0.0,0.0,27.0,0.0,31.86,442.811,"",'133125449679544419203,2026-06-08,11160837412,f6ea53d2-3d84-4e41-a977-9e5b722b437c,"",Forward,100106108112,1000031410059,11504,489.52,5.0,1091.0,0.0,1091.0,packet_delivered,0.0,0.0,0.0,0.0,0.0,0.0,0.0,0.0,NA,0,608.0
NFT-/XUTR/DEUTH02615930658X,31.05,0.0,0.0,2299.0,7.63,0.36,0.036,0.0,0.0,prepaid,0.007,0.0,0.0,0.316,0.063,0.44722,6.78,"",'133096855930637798003,2026-06-08,11153806631,7bc02861-68a5-4ed8-b2c3-ea378f5b5007,"",Forward,100099077340,100099077340,11504,620.95,5.0,1553.0,0.0,1553.0,packet_delivered,0.0,0.0,0.0,0.0,0.0,0.0,0.0,0.0,NA,0,746.0
NFT-/XUTR/DEUTH02615930658X,36.81,0.0,0.0,2899.0,773.0,36.486,3.681,0.0,0.0,prepaid,0.736,182.0,0.0,0.0,0.0,214.76,-946.857,"",'133120209780717560801,2026-06-08,11159391182,f11740e1-dc6a-423c-a1d5-2b9a44a3fd37,100164788081,Reverse,100104661884,100104661884,11504,736.19,5.0,2032.0,0.0,2032.0,return_refund,0.0,0.0,0.0,0.0,0.0,0.0,0.0,0.0,NA,0,867.0
NFT-/XUTR/DEUTH02615930658X,22.29,0.0,0.0,1650.0,468.0,22.09,2.229,0.0,0.0,prepaid,0.446,127.0,0.0,0.0,0.0,149.86,-593.095,"",'133134257618882269003,2026-06-08,11163599053,0c2f48c2-0820-4026-91ed-60c634385ec9,100164936159,Reverse,100108869748,1000031584842,11504,445.71,5.0,1088.0,0.0,1088.0,return_refund,0.0,0.0,0.0,0.0,0.0,0.0,0.0,0.0,NA,0,562.0
NFT-/XUTR/DEUTH02615930658X,41.38,0.0,0.0,1899.0,869.0,225.592,4.138,0.0,0.0,prepaid,0.828,0.0,0.0,27.0,0.0,31.86,606.582,"",'133113591767904461703,2026-06-08,11156781024,88b105c8-3f21-415c-818c-c1d2d287d542,"",Forward,100102051727,100102051727,11504,827.62,5.0,936.0,0.0,936.0,packet_delivered,0.0,0.0,0.0,0.0,0.0,0.0,0.0,0.0,NA,0,963.0
NFT-/XUTR/DEUTH02615930658X,97.29,0.0,0.0,2999.0,2043.0,482.148,9.729,0.0,0.0,prepaid,1.946,0.0,0.0,61.0,0.0,71.98,1477.197,"",'133139184037673410103,2026-06-08,11165954483,7c66e780-3600-479b-941e-363d9bfcbdd5,"",Forward,100111225178,1000032008263,11504,1945.71,5.0,750.0,0.0,750.0,packet_delivered,0.0,0.0,0.0,0.0,0.0,0.0,0.0,0.0,NA,0,2249.0
NFT-/XUTR/DEUTH02615930658X,59.71,0.0,0.0,2999.0,1254.0,310.741,5.971,0.0,0.0,prepaid,1.194,0.0,0.0,45.0,0.0,53.1,882.994,"",'133143915478711706401,2026-06-08,11167144128,a898bd66-bc02-4676-833c-160dc9d64117,"",Forward,100112414822,100112414822,11504,1194.29,5.0,1574.0,0.0,1574.0,packet_delivered,0.0,0.0,0.0,0.0,0.0,0.0,0.0,0.0,NA,0,1425.0
NFT-/XUTR/DEUTH02615930658X,30.67,0.0,0.0,1999.0,644.0,167.182,3.067,0.0,0.0,prepaid,0.613,0.0,0.0,27.0,0.0,31.86,441.278,"",'133115683985721447903,2026-06-08,11157585138,db487a17-cea7-4f42-9a26-addb66b5c3cf,"",Forward,100102855841,100102855841,11504,613.33,5.0,1261.0,0.0,1261.0,packet_delivered,0.0,0.0,0.0,0.0,0.0,0.0,0.0,0.0,NA,0,738.0
NFT-/XUTR/DEUTH02615930658X,59.71,0.0,0.0,2999.0,1254.0,310.741,5.971,0.0,0.0,prepaid,1.194,106.0,0.0,0.0,0.0,125.08,-1061.174,"",'133133447164084914403,2026-06-08,11163421229,b956510d-806f-49b7-b626-25f2233c98fe,100165699226,Reverse,100108691924,100108691924,11504,1194.29,5.0,1574.0,0.0,1574.0,return_refund,0.0,0.0,0.0,0.0,0.0,0.0,0.0,0.0,NA,0,1425.0
NFT-/XUTR/DEUTH02615930658X,18.38,0.0,0.0,1599.0,386.0,18.219,1.838,0.0,0.0,prepaid,0.368,0.0,0.0,0.0,0.0,0.0,365.575,"",'133123491078750805201,2026-06-08,11160371715,2e9fa252-c0cb-4b23-bb3e-3b437372c68e,"",Forward,100105642416,1000030920725,11504,367.62,5.0,1154.0,0.0,1154.0,packet_delivered,0.0,0.0,0.0,0.0,0.0,0.0,0.0,0.0,NA,0,445.0
NFT-/XUTR/DEUTH02615930658X,32.57,0.0,0.0,2999.0,684.0,32.285,3.257,0.0,0.0,prepaid,0.651,0.0,0.0,27.0,0.0,31.86,615.947,"",'133143589983924653703,2026-06-08,11167055393,6a945500-e429-45f6-b18c-e31ec73fa27a,"",Forward,100112326087,100112326087,11504,651.43,5.0,2221.0,0.0,2221.0,packet_delivered,0.0,0.0,0.0,0.0,0.0,0.0,0.0,0.0,NA,0,778.0
NFT-/XUTR/DEUTH02615930658X,31.67,0.0,0.0,2499.0,665.0,31.388,3.167,0.0,0.0,prepaid,0.633,0.0,0.0,27.0,0.0,31.86,597.952,"",'133140351190298714303,2026-06-08,11166258071,22b9be71-4d07-4cc4-9893-f97e63bf2a8e,"",Forward,100111528766,1000032419695,11504,633.33,5.0,1740.0,0.0,1740.0,packet_delivered,0.0,0.0,0.0,0.0,0.0,0.0,0.0,0.0,NA,0,759.0
NFT-/XUTR/DEUTH02615930658X,55.48,0.0,0.0,3499.0,251.042,62.208,1.195,0.0,0.0,prepaid,0.239,22.842,0.0,0.0,0.0,26.95356,-214.354,"",'133125952014304089403,2026-06-08,11160966756,f3170879-545e-4d56-bafb-d2f3e79516bb,100164092562,Reverse,100106237456,100106237456,11504,1109.52,5.0,2163.0,0.0,2163.0,return_refund,0.0,0.0,0.0,0.0,0.0,0.0,0.0,0.0,NA,0,1336.0
NFT-/XUTR/DEUTH02615930658X,0.0,18.57,18.57,1750.0,780.0,147.264,0.0,1.857,1.857,prepaid,0.743,0.0,0.0,27.0,0.0,31.86,596.419,"",'133132293899243197303,2026-06-08,11163161246,b9b793e6-5eee-48c5-b907-ede018eac0b0,"",Forward,100108431942,100108431942,11504,742.86,5.0,876.0,0.0,876.0,packet_delivered,0.0,0.0,0.0,0.0,0.0,0.0,0.0,0.0,NA,0,874.0000000000001
NFT-/XUTR/DEUTH02615930658X,20.29,0.0,0.0,1750.0,426.0,20.107,2.029,0.0,0.0,prepaid,0.406,0.0,0.0,15.0,0.0,17.7,385.758,"",'133101383205301614801,2026-06-08,11154795245,68ae0b02-84db-4417-87ae-88a73d656246,"",Forward,100100065952,1000029783447,11504,405.71,5.0,1230.0,0.0,1230.0,packet_delivered,0.0,0.0,0.0,0.0,0.0,0.0,0.0,0.0,NA,0,520.0
NFT-/XUTR/DEUTH02615930658X,97.81,0.0,0.0,3399.0,2054.0,460.507,9.781,0.0,0.0,prepaid,1.956,0.0,0.0,61.0,0.0,71.98,1509.776,"",'133123212662138716101,2026-06-08,11160299753,8330a218-db34-47b4-9c57-9dbbecfc22d5,"",Forward,100105570454,100105570454,11504,1956.19,5.0,1139.0,0.0,1139.0,packet_delivered,0.0,0.0,0.0,0.0,0.0,0.0,0.0,0.0,NA,0,2260.0
NFT-/XUTR/DEUTH02615930658X,23.67,0.0,0.0,1599.0,497.0,23.458,2.367,0.0,0.0,prepaid,0.473,0.0,0.0,27.0,4.225,36.8455,433.857,"",'133100193888662108403,2026-06-08,11154534512,a0757475-909f-4d4e-b79d-dc918359517e,"",Forward,100099805219,100099805219,11504,473.33,5.0,1008.0,0.0,1008.0,packet_delivered,0.0,0.0,0.0,0.0,0.0,0.0,0.0,0.0,NA,0,591.0
NFT-/XUTR/DEUTH02615930658X,59.62,0.0,0.0,2999.0,1252.0,310.246,5.962,0.0,0.0,prepaid,1.192,106.0,0.0,0.0,0.0,125.08,-1059.68,"",'133131052174968822201,2026-06-08,11162536480,71420534-59ba-4285-afa4-6d684d19441f,100164575023,Reverse,100107807177,100107807177,11504,1192.38,5.0,1576.0,0.0,1576.0,return_refund,0.0,0.0,0.0,0.0,0.0,0.0,0.0,0.0,NA,0,1423.0
NFT-/XUTR/DEUTH02615930658X,23.71,0.0,0.0,1650.0,498.0,23.506,2.371,0.0,0.0,prepaid,0.474,0.0,0.0,27.0,0.0,31.86,439.789,"",'133098461609101026603,2026-06-08,11154149996,8df9f498-1b3b-4df6-981c-22947cbcf674,"",Forward,100099420705,100099420705,11504,474.29,5.0,1058.0,0.0,1058.0,packet_delivered,0.0,0.0,0.0,0.0,0.0,0.0,0.0,0.0,NA,0,592.0
NFT-/XUTR/DEUTH02615930658X,35.05,0.0,0.0,2599.0,636.22,30.03,3.03,0.0,0.0,prepaid,0.606,0.0,0.0,23.34,5.153,33.62174,568.932,"",'133112884677861418403,2026-06-08,11156624244,b7137edc-46a7-47e2-8c5f-e3feecd3979a,"",Forward,100101894947,100101894947,11504,700.95,5.0,1769.0,0.0,1769.0,packet_delivered,0.0,0.0,0.0,0.0,0.0,0.0,0.0,0.0,NA,0,830.0
NFT-/XUTR/DEUTH02615930658X,59.71,0.0,0.0,2999.0,1254.0,310.741,5.971,0.0,0.0,prepaid,1.194,0.0,0.0,45.0,0.0,53.1,882.994,"",'133133447164084914403,2026-06-08,11163421229,b956510d-806f-49b7-b626-25f2233c98fe,"",Forward,100108691924,100108691924,11504,1194.29,5.0,1574.0,0.0,1574.0,packet_delivered,0.0,0.0,0.0,0.0,0.0,0.0,0.0,0.0,NA,0,1425.0
NFT-/XUTR/DEUTH02615930658X,14.71,0.0,0.0,599.0,505.0,77.467,2.451,0.0,0.0,prepaid,0.49,0.0,0.0,27.0,0.0,31.86,392.732,"",'133141296416260452503,2026-06-08,11166496370,b40ee74a-9482-4aba-af7a-c04c15e3cc39,"",Forward,100111767065,1000032112835,11504,490.29,3.0,0.0,0.0,0.0,packet_delivered,0.0,0.0,0.0,0.0,0.0,0.0,0.0,0.0,NA,0,599.0
NFT-/XUTR/DEUTH02615930658X,0.0,9.41,9.41,1799.0,395.0,18.644,0.0,0.9405,0.9405,prepaid,0.376,0.0,0.0,0.0,0.0,0.0,374.099,"",'133131357760886608101,2026-06-08,11162647426,22a7bdb6-b945-416c-9235-e8536d12e922,"",Forward,100107918122,100107918122,11504,376.2,5.0,1310.0,0.0,1310.0,packet_delivered,0.0,0.0,0.0,0.0,0.0,0.0,0.0,0.0,NA,0,489.02000000000004
NFT-/XUTR/DEUTH02615930658X,0.0,9.52,9.52,1499.0,12.96,0.6119999999999999,0.0,0.031,0.031,prepaid,0.012,0.0,0.0,0.0,0.0,0.0,12.274,"",'133140170368479445803,2026-06-08,11166211409,f8139930-8427-4edc-92c8-c9400ca25c1d,"",Forward,100111482104,100111482104,11504,380.96,5.0,1005.0,0.0,1005.0,packet_delivered,0.0,0.0,0.0,0.0,0.0,0.0,0.0,0.0,NA,0,493.99999999999994
NFT-/XUTR/DEUTH02615930658X,20.0,0.0,0.0,1499.0,420.0,19.824,2.0,0.0,0.0,prepaid,0.4,0.0,0.0,15.0,0.0,17.7,380.076,"",'133147595961515063803,2026-06-08,11167503713,3c546fdc-63e2-4be8-bb6c-e7087e311226,"",Forward,100112774407,1000032379508,11504,400,5.0,985.0,0.0,985.0,packet_delivered,0.0,0.0,0.0,0.0,0.0,0.0,0.0,0.0,NA,0,514.0
NFT-/XUTR/DEUTH02615930658X,34.52,0.0,0.0,2999.0,85.09100000000001,4.016,0.405,0.0,0.0,prepaid,0.081,14.906,0.0,0.0,0.0,17.58908,-98.178,"",'133139807780679102803,2026-06-08,11166112518,4c29d966-e7d9-49f3-9137-dd063681a6ce,100164700086,Reverse,100111383213,100111383213,11504,690.48,5.0,2180.0,0.0,2180.0,return_refund,0.0,0.0,0.0,0.0,0.0,0.0,0.0,0.0,NA,0,819.0
NFT-/XUTR/DEUTH02615930658X,71.76,0.0,0.0,2399.0,1507.0,355.652,7.176,0.0,0.0,prepaid,1.435,0.0,0.0,45.0,0.0,53.1,1089.637,"",'133135885741828740501,2026-06-08,11164048352,b10f9f56-5e57-4513-a40b-57c008089dea,"",Forward,100109319047,100109319047,11504,1435.24,5.0,721.0,0.0,721.0,packet_delivered,0.0,0.0,0.0,0.0,0.0,0.0,0.0,0.0,NA,0,1678.0
NFT-/XUTR/DEUTH02615930658X,65.62,0.0,0.0,3299.0,1378.0,341.468,6.562,0.0,0.0,prepaid,1.312,182.0,0.0,0.0,0.0,214.76,-1243.418,"",'133100448471113159601,2026-06-08,11154603716,0c5a897d-cefc-445b-b72c-bba9eed70f4d,100164023281,Reverse,100099874423,1000029776222,11504,1312.38,5.0,1750.0,0.0,1750.0,return_refund,0.0,0.0,0.0,0.0,0.0,0.0,0.0,0.0,NA,0,1549.0
NFT-/XUTR/DEUTH02615930658X,22.29,0.0,0.0,1650.0,468.00000000000006,22.09,2.229,0.0,0.0,prepaid,0.446,106.0,0.0,0.0,0.0,125.08,-568.315,"",'133144367470019929603,2026-06-08,11167244557,c2f35a0c-3a70-449b-acbc-061af2103dbf,11167244557,Reverse,100112515251,1000032428462,11504,445.71,5.0,1088.0,0.0,1088.0,exchange,0.0,0.0,0.0,0.0,0.0,0.0,0.0,0.0,NA,0,562.0
NFT-/XUTR/DEUTH02615930658X,97.81,0.0,0.0,3399.0,2054.0,484.744,9.781,0.0,0.0,prepaid,1.956,0.0,0.0,61.0,0.0,71.98,1485.539,"",'133107692435131443603,2026-06-08,11155828513,3195468d-1ced-43d5-99bf-071b1bc87c9b,"",Forward,100101099219,100101099219,11504,1956.19,5.0,1139.0,0.0,1139.0,packet_delivered,0.0,0.0,0.0,0.0,0.0,0.0,0.0,0.0,NA,0,2260.0
NFT-/XUTR/DEUTH02615930658X,53.52,0.0,0.0,1850.0,45.41,10.717,0.216,0.0,0.0,prepaid,0.043,0.0,0.0,1.818,0.0,2.14524,32.289,"",'133112339141827792701,2026-06-08,11156534274,c0820c17-24d1-4d37-8068-f0baf45a606f,"",Forward,100101804978,100101804978,11504,1070.48,5.0,555.0,0.0,555.0,packet_delivered,0.0,0.0,0.0,0.0,0.0,0.0,0.0,0.0,NA,0,1295.0
NFT-/XUTR/DEUTH02615930658X,30.14,0.0,0.0,1999.0,633.0,29.878000000000004,3.014,0.0,0.0,prepaid,0.603,0.0,0.0,27.0,0.0,31.86,567.645,"",'133137537444016599201,2026-06-08,11165735945,c70b33d2-e1fa-4dd0-9146-d722544f144a,"",Forward,100111006640,1000031996115,11504,602.86,5.0,1272.0,0.0,1272.0,packet_delivered,0.0,0.0,0.0,0.0,0.0,0.0,0.0,0.0,NA,0,727.0
NFT-/XUTR/DEUTH02615930658X,63.29,0.0,0.0,2999.0,1329.0,329.326,6.329,0.0,0.0,prepaid,1.266,0.0,0.0,45.0,0.0,53.1,938.979,"",'133143247665915160701,2026-06-08,11166965179,35645f00-6737-45f0-8584-18b1f0bbf981,"",Forward,100112235873,100112235873,11504,1265.71,5.0,1499.0,0.0,1499.0,packet_delivered,0.0,0.0,0.0,0.0,0.0,0.0,0.0,0.0,NA,0,1500.0
NFT-/XUTR/DEUTH02615930658X,108.86,0.0,0.0,3499.0,2286.0,539.496,10.886,0.0,0.0,prepaid,2.177,0.0,0.0,61.0,0.0,71.98,1661.461,"",'133098710764429164201,2026-06-08,11154201546,b17572f6-7501-421a-87cc-0aa736496df5,"",Forward,100099472255,100099472255,11504,2177.14,5.0,1007.0,0.0,1007.0,packet_delivered,0.0,0.0,0.0,0.0,0.0,0.0,0.0,0.0,NA,0,2492.0
NFT-/XUTR/DEUTH02615930658X,40.67,0.0,0.0,1899.0,854.0,221.698,4.067,0.0,0.0,prepaid,0.813,0.0,0.0,27.0,0.0,31.86,595.562,"",'133114736246324860203,2026-06-08,11157327780,60569e3b-229d-48ce-9a62-7125ec294a62,"",Forward,100102598483,100102598483,11504,813.33,5.0,951.0,0.0,951.0,packet_delivered,0.0,0.0,0.0,0.0,0.0,0.0,0.0,0.0,NA,0,948.0
NFT-/XUTR/DEUTH02615930658X,59.71,0.0,0.0,2999.0,1254.0,310.741,5.971,0.0,0.0,prepaid,1.194,106.0,0.0,0.0,0.0,125.08,-1061.174,"",'133133756068786079201,2026-06-08,11163487649,040a3e03-93d2-468c-9b6e-cc0e7dbb3720,11163487649,Reverse,100108758344,100108758344,11504,1194.29,5.0,1574.0,0.0,1574.0,exchange,0.0,0.0,0.0,0.0,0.0,0.0,0.0,0.0,NA,0,1425.0
NFT-/XUTR/DEUTH02615930658X,17.62,0.0,0.0,1799.0,0.78,0.03699999999999999,0.004,0.0,0.0,prepaid,0.001,0.384,0.0,0.0,0.0,0.45312,-1.191,"",'133117143194906522003,2026-06-08,11157940228,03a4ea46-01be-45df-8d14-75fe78f7658b,100164622523,Reverse,100103210930,1000030450611,11504,352.38,5.0,1335.0,0.0,1335.0,return_refund,0.0,0.0,0.0,0.0,0.0,0.0,0.0,0.0,NA,0,464.0
NFT-/XUTR/DEUTH02615930658X,30.48,0.0,0.0,1999.0,640.0,30.208,3.048,0.0,0.0,prepaid,0.61,0.0,0.0,27.0,5.056,37.82608,568.308,"",'133096813776185399801,2026-06-08,11153797317,ed56b7dd-92bc-4944-8ed9-151038920cb4,"",Forward,100099068026,1000029786659,11504,609.52,5.0,1265.0,0.0,1265.0,packet_delivered,0.0,0.0,0.0,0.0,0.0,0.0,0.0,0.0,NA,0,734.0
NFT-/XUTR/DEUTH02615930658X,85.14,0.0,0.0,2999.0,1788.0,443.066,8.514,0.0,0.0,prepaid,1.703,0.0,0.0,45.0,0.0,53.1,1281.617,"",'133134280542526262003,2026-06-08,11163604105,56f09e60-38d3-4351-b103-f7317f55f284,"",Forward,100108874800,100108874800,11504,1702.86,5.0,1005.0,0.0,1005.0,packet_delivered,0.0,0.0,0.0,0.0,0.0,0.0,0.0,0.0,NA,0,1994.0
NFT-/XUTR/DEUTH02615930658X,88.71,0.0,0.0,3999.0,1863.0000000000002,461.651,8.871,0.0,0.0,prepaid,1.774,182.0,0.0,0.0,0.0,214.76,-1605.464,"",'133109577008638378003,2026-06-08,11156334229,b0613881-40d7-445a-abcc-83355dc2739e,100164627405,Reverse,100101604934,100101604934,11504,1774.29,5.0,1930.0,0.0,1930.0,return_refund,0.0,0.0,0.0,0.0,0.0,0.0,0.0,0.0,NA,0,2069.0
NFT-/XUTR/DEUTH02615930658X,25.24,0.0,0.0,1599.0,530.0,37.524,2.524,0.0,0.0,prepaid,0.505,0.0,0.0,27.0,0.0,31.86,457.587,"",'133111102077325345601,2026-06-08,11156455472,bd82c525-8c25-4aec-a65f-718c3bdc7d65,"",Forward,100101726177,100101726177,11504,504.76,5.0,975.0,0.0,975.0,packet_delivered,0.0,0.0,0.0,0.0,0.0,0.0,0.0,0.0,NA,0,624.0
NFT-/XUTR/DEUTH02615930658X,19.05,0.0,0.0,1499.0,400.0,18.88,1.905,0.0,0.0,prepaid,0.381,0.0,0.0,0.0,0.0,0.0,378.834,"",'133096830216832913703,2026-06-08,11153800826,5f4c0079-16d1-407c-bcf2-e7c96f91dacb,"",Forward,100099071535,100099071535,11504,380.95,5.0,1005.0,0.0,1005.0,packet_delivered,0.0,0.0,0.0,0.0,0.0,0.0,0.0,0.0,NA,0,494.0
NFT-/XUTR/DEUTH02615930658X,66.19,0.0,0.0,3499.0,1390.0,344.44200000000006,6.619,0.0,0.0,prepaid,1.324,0.0,0.0,45.0,0.0,53.1,984.515,"",'133109292698907918101,2026-06-08,11156256893,37471ebe-71eb-49d1-bcd1-1d48a80b8961,"",Forward,100101527598,100101527598,11504,1323.81,5.0,1938.0,0.0,1938.0,packet_delivered,0.0,0.0,0.0,0.0,0.0,0.0,0.0,0.0,NA,0,1561.0
NFT-/XUTR/DEUTH02615930658X,108.71,0.0,0.0,2999.0,1983.0,467.988,9.443,0.0,0.0,prepaid,1.889,0.0,0.0,52.984,0.0,62.52112,1441.159,"",'133114513012869863501,2026-06-08,11157147246,d792abc1-b680-4823-8da8-356f5567786b,"",Forward,100102417949,100102417949,11504,2174.29,5.0,510.0,300.0,810.0,packet_delivered,0.0,0.0,0.0,0.0,0.0,0.0,0.0,0.0,NA,0,2489.0
NFT-/XUTR/DEUTH02615930658X,59.67,0.0,0.0,2999.0,1253.0,310.493,5.967,0.0,0.0,prepaid,1.193,127.0,0.0,0.0,0.0,149.86,-1085.207,"",'133089400566353455203,2026-06-08,11152254410,b98ad959-0151-4c48-a3d5-b0b76674c5a7,100166752461,Reverse,100097525121,1000029297763,11504,1193.33,5.0,1575.0,0.0,1575.0,return_refund,0.0,0.0,0.0,0.0,0.0,0.0,0.0,0.0,NA,0,1424.0
NFT-/XUTR/DEUTH02615930658X,64.24,0.0,0.0,3199.0,1349.0,334.282,6.424,0.0,0.0,prepaid,1.285,182.0,0.0,0.0,0.0,214.76,-1221.769,"",'133113973185555811201,2026-06-08,11156929849,875bbc0e-0071-4b11-b10c-960faa592815,100164834561,Reverse,100102200552,100102200552,11504,1284.76,5.0,1679.0,0.0,1679.0,return_refund,0.0,0.0,0.0,0.0,0.0,0.0,0.0,0.0,NA,0,1520.0
NFT-/XUTR/DEUTH02615930658X,55.81,0.0,0.0,2899.0,1172.0,290.422,5.581,0.0,0.0,prepaid,1.116,0.0,0.0,45.0,0.0,53.1,821.781,"",'133127225292014156801,2026-06-08,11161270369,59c9eec3-8900-4db7-b4b1-f34a591612d4,"",Forward,100106541068,100106541068,11504,1116.19,5.0,1556.0,0.0,1556.0,packet_delivered,0.0,0.0,0.0,0.0,0.0,0.0,0.0,0.0,NA,0,1343.0
NFT-/XUTR/DEUTH02615930658X,51.95,0.0,0.0,1899.0,1091.0,257.476,5.195,0.0,0.0,prepaid,1.039,106.0,0.0,0.0,0.0,125.08,-952.37,"",'133133816004688861503,2026-06-08,11163500707,ac294661-f29e-4670-9aa5-07b71ea00e5e,100165574258,Reverse,100108771402,100108771402,11504,1039.05,5.0,637.0,0.0,637.0,return_refund,0.0,0.0,0.0,0.0,0.0,0.0,0.0,0.0,NA,0,1262.0
NFT-/XUTR/DEUTH02615930658X,560.75,0.0,0.0,5999.0,3676.0,867.536,15.576,0.0,0.0,prepaid,3.115,0.0,0.0,61.0,0.0,71.98,2717.793,"",'133100439529725374501,2026-06-08,11154601391,3c8cbbb0-e86e-45dc-8a6c-f772475a2aa2,"",Forward,100099872098,100099872098,11504,3115.25,18.0,2011.0,0.0,2011.0,packet_delivered,0.0,0.0,0.0,0.0,0.0,0.0,0.0,0.0,NA,0,3988.0
NFT-/XUTR/DEUTH02615930658X,28.81,0.0,0.0,1999.0,605.0,28.555999999999997,2.881,0.0,0.0,prepaid,0.576,0.0,0.0,27.0,0.0,31.86,541.127,"",'133118538834736118701,2026-06-08,11158302045,f45c6bb4-88c7-433f-b85e-b7ac25563105,"",Forward,100103572747,1000030849789,11504,576.19,5.0,1300.0,0.0,1300.0,packet_delivered,0.0,0.0,0.0,0.0,0.0,0.0,0.0,0.0,NA,0,699.0
NFT-/XUTR/DEUTH02615930658X,59.62,0.0,0.0,2999.0,1252.0,310.246,5.962,0.0,0.0,prepaid,1.192,0.0,0.0,45.0,0.0,53.1,881.5,"",'133134409519820472001,2026-06-08,11163633850,479cccc0-e2bd-49dc-b1e0-958f021499de,"",Forward,100108904545,100108904545,11504,1192.38,5.0,1576.0,0.0,1576.0,packet_delivered,0.0,0.0,0.0,0.0,0.0,0.0,0.0,0.0,NA,0,1423.0
NFT-/XUTR/DEUTH02615930658X,0.0,19.17,19.17,1799.0,805.0,208.978,0.0,1.9165,1.9165,prepaid,0.767,106.0,0.0,0.0,0.0,125.08,-716.502,"",'133140484342965497103,2026-06-08,11166292923,fb1b5d4c-885c-4d8d-8110-e0a47ac8ef5e,100164620338,Reverse,100111563618,100111563618,11504,766.66,5.0,900.0,0.0,900.0,return_refund,0.0,0.0,0.0,0.0,0.0,0.0,0.0,0.0,NA,0,898.9999999999999
NFT-/XUTR/DEUTH02615930658X,58.43,0.0,0.0,2899.0,86.60900000000001,21.462,0.412,0.0,0.0,prepaid,0.082,12.847,0.0,0.0,0.0,15.15946,-79.812,"",'133099502539338781003,2026-06-08,11154367148,e145089e-033f-4c2f-a07d-deedc933d408,100165081537,Reverse,100099637856,100099637856,11504,1168.57,5.0,1501.0,0.0,1501.0,return_refund,0.0,0.0,0.0,0.0,0.0,0.0,0.0,0.0,NA,0,1398.0
NFT-/XUTR/DEUTH02615930658X,104.14,0.0,0.0,6399.0,2187.0,516.132,10.414,0.0,0.0,prepaid,2.083,346.0,0.0,0.0,0.0,408.28,-2066.651,"",'133106065488171264103,2026-06-08,11155453580,bcacadcd-fecc-4bf2-ae96-9c0120779557,100164460734,Reverse,100100724286,100100724286,11504,2082.86,5.0,3900.0,0.0,3900.0,return_refund,0.0,0.0,0.0,0.0,0.0,0.0,0.0,0.0,NA,0,2499.0
NFT-/XUTR/DEUTH02615930658X,30.14,0.0,0.0,1999.0,633.0,29.878000000000004,3.014,0.0,0.0,prepaid,0.603,0.0,0.0,27.0,0.0,31.86,567.645,"",'133117510703608863703,2026-06-08,11158045429,c8690119-476d-4014-8682-c57ee8216376,"",Forward,100103316131,100103316131,11504,602.86,5.0,1272.0,0.0,1272.0,packet_delivered,0.0,0.0,0.0,0.0,0.0,0.0,0.0,0.0,NA,0,727.0
NFT-/XUTR/DEUTH02615930658X,0.0,31.64,31.64,2999.0,1329.0,329.326,0.0,3.1645,3.1645,prepaid,1.266,0.0,0.0,45.0,0.0,53.1,938.979,"",'133135574317075566101,2026-06-08,11163911891,4706cda3-4d07-498a-b9b2-1766e69f69b3,"",Forward,100109182586,1000032012151,11504,1265.72,5.0,1499.0,0.0,1499.0,packet_delivered,0.0,0.0,0.0,0.0,0.0,0.0,0.0,0.0,NA,0,1500.0000000000002
NFT-/XUTR/DEUTH02615930658X,19.05,0.0,0.0,1699.0,400.0,18.88,1.905,0.0,0.0,prepaid,0.381,182.0,0.0,0.0,0.0,214.76,-593.594,"",'133118246607538338901,2026-06-08,11158251380,48558ccc-5449-461e-9380-1a46c3d4a02a,100165263876,Reverse,100103522082,1000030851889,11504,380.95,5.0,1205.0,0.0,1205.0,return_refund,0.0,0.0,0.0,0.0,0.0,0.0,0.0,0.0,NA,0,494.0
NFT-/XUTR/DEUTH02615930658X,34.19,0.0,0.0,2899.0,685.0,32.332,3.262,0.0,0.0,prepaid,0.652,173.635,0.0,0.0,0.0,204.8893,-853.643,"",'133105546870985136001,2026-06-08,11155318538,00d275c8-5418-4afc-a689-e994fef917bd,100165813836,Reverse,100100589245,1000030227890,11504,683.81,5.0,2087.0,33.0,2120.0,return_refund,0.0,0.0,0.0,0.0,0.0,0.0,0.0,0.0,NA,0,812.0
NFT-/XUTR/DEUTH02615930658X,30.14,0.0,0.0,1999.0,633.0,29.878000000000004,3.014,0.0,0.0,prepaid,0.603,106.0,0.0,0.0,0.0,125.08,-724.585,"",'133137537444016599201,2026-06-08,11165735948,c70b33d2-e1fa-4dd0-9146-d722544f144a,100164388016,Reverse,100111006643,1000031996115,11504,602.86,5.0,1272.0,0.0,1272.0,return_refund,0.0,0.0,0.0,0.0,0.0,0.0,0.0,0.0,NA,0,727.0
NFT-/XUTR/DEUTH02615930658X,82.24,0.0,0.0,1899.0,1727.0,407.572,8.224,0.0,0.0,prepaid,1.645,0.0,0.0,45.0,0.0,53.1,1256.459,"",'133109630151341818501,2026-06-08,11156346241,25b1bec9-9889-4178-b83b-1a1d802192ed,"",Forward,100101616946,100101616946,11504,1644.76,5.0,1.0,0.0,1.0,packet_delivered,0.0,0.0,0.0,0.0,0.0,0.0,0.0,0.0,NA,0,1898.0
NFT-/XUTR/DEUTH02615930658X,70.38,0.0,0.0,3299.0,1478.0,366.248,7.038,0.0,0.0,prepaid,1.408,0.0,0.0,45.0,0.0,53.1,1050.206,"",'133122477606321803303,2026-06-08,11160113124,9baad516-2c6c-44f0-935c-a4a37d875319,"",Forward,100105383825,100105383825,11504,1407.62,5.0,1650.0,0.0,1650.0,packet_delivered,0.0,0.0,0.0,0.0,0.0,0.0,0.0,0.0,NA,0,1649.0
NFT-/XUTR/DEUTH02615930658X,63.24,0.0,0.0,2999.0,1328.0,329.078,6.324,0.0,0.0,prepaid,1.265,182.0,0.0,0.0,0.0,214.76,-1206.093,"",'133096113830267366803,2026-06-08,11153637952,39403646-2cff-4b50-b8ed-c16f3f749cf7,100164668403,Reverse,100098908661,100098908661,11504,1264.76,5.0,1500.0,0.0,1500.0,return_refund,0.0,0.0,0.0,0.0,0.0,0.0,0.0,0.0,NA,0,1499.0
NFT-/XUTR/DEUTH02615930658X,34.33,0.0,0.0,2999.0,543.3,25.644,2.587,0.0,0.0,prepaid,0.517,79.875,0.0,0.0,0.0,94.2525,-608.805,"",'133133334279010154403,2026-06-08,11163396453,102e4b3d-bcc9-48c7-bf76-899b53da70da,100164418438,Reverse,100108667149,100108667149,11504,686.67,5.0,2184.0,0.0,2184.0,return_refund,0.0,0.0,0.0,0.0,0.0,0.0,0.0,0.0,NA,0,815.0
NFT-/XUTR/DEUTH02615930658X,20.05,0.0,0.0,1599.0,421.0,19.871,2.005,0.0,0.0,prepaid,0.401,0.0,0.0,15.0,0.0,17.7,381.023,"",'133101101930638287603,2026-06-08,11154759666,8e9ee6f0-cff6-4430-bac5-826fcc3131a6,"",Forward,100100030373,1000029586119,11504,400.95,5.0,1084.0,0.0,1084.0,packet_delivered,0.0,0.0,0.0,0.0,0.0,0.0,0.0,0.0,NA,0,515.0
NFT-/XUTR/DEUTH02615930658X,26.71,0.0,0.0,1999.0,561.0,26.479,2.671,0.0,0.0,prepaid,0.534,0.0,0.0,3.0,0.0,3.54,527.776,"",'133125269724331781403,2026-06-08,11160793401,578338ba-53d0-4d95-bf8e-6795e0b6845f,"",Forward,100106064102,100106064102,11504,534.29,5.0,1344.0,0.0,1344.0,packet_delivered,0.0,0.0,0.0,0.0,0.0,0.0,0.0,0.0,NA,0,655.0
NFT-/XUTR/DEUTH02615930658X,26.29,0.0,0.0,1999.0,552.0,26.054,2.629,0.0,0.0,prepaid,0.526,182.0,0.0,0.0,0.0,214.76,-737.551,"",'133105188542720799401,2026-06-08,11155223732,726a15cc-9843-477f-9151-bd3e23100aae,100164216548,Reverse,100100494439,100100494439,11504,525.71,5.0,1353.0,0.0,1353.0,return_refund,0.0,0.0,0.0,0.0,0.0,0.0,0.0,0.0,NA,0,646.0
NFT-/XUTR/DEUTH02615930658X,31.19,0.0,0.0,2299.0,554.0,26.149,2.638,0.0,0.0,prepaid,0.528,0.0,0.0,22.837,7.257,35.51092,489.174,"",'133121438737240534003,2026-06-08,11159716807,0ba621a9-7658-4c27-9f0b-ace5df52dc9f,"",Forward,100104987508,1000030856548,11504,623.81,5.0,1550.0,101.0,1651.0,packet_delivered,0.0,0.0,0.0,0.0,0.0,0.0,0.0,0.0,NA,0,749.0
NFT-/XUTR/DEUTH02615930658X,85.1,0.0,0.0,2999.0,1787.0,442.819,8.51,0.0,0.0,prepaid,1.702,0.0,0.0,45.0,0.0,53.1,1280.869,"",'133140840782764255701,2026-06-08,11166383402,6f3c7197-c945-4e07-85d5-2e831a569795,"",Forward,100111654097,100111654097,11504,1701.9,5.0,1006.0,0.0,1006.0,packet_delivered,0.0,0.0,0.0,0.0,0.0,0.0,0.0,0.0,NA,0,1993.0
NFT-/XUTR/DEUTH02615930658X,52.57,0.0,0.0,2899.0,1068.0,264.65,5.086,0.0,0.0,prepaid,1.017,0.0,0.0,43.533,0.0,51.36894,745.878,"",'133096970619956532901,2026-06-08,11153832055,2816790b-6d6b-473b-a7d9-95246d807026,"",Forward,100099102765,1000029793129,11504,1051.43,5.0,1624.0,36.0,1660.0,packet_delivered,0.0,0.0,0.0,0.0,0.0,0.0,0.0,0.0,NA,0,1275.0
NFT-/XUTR/DEUTH02615930658X,18.76,0.0,0.0,1799.0,394.0,18.597,1.876,0.0,0.0,prepaid,0.375,0.0,0.0,17.0,0.0,20.06,353.092,"",'133104036288129254501,2026-06-08,11154968571,50a7482a-015e-4db7-85c1-27935c1c67db,"",Forward,100100239278,1000029681140,11504,375.24,5.0,1346.0,0.0,1346.0,packet_delivered,0.0,0.0,0.0,0.0,0.0,0.0,0.0,0.0,NA,0,453.0
NFT-/XUTR/DEUTH02615930658X,46.91,0.0,0.0,2999.0,985.0,255.70600000000002,4.69,0.0,0.0,prepaid,0.938,0.0,0.0,27.0,0.0,31.86,691.806,"",'133109138064051781903,2026-06-08,11156211524,e70aec28-9edb-4dbf-88ec-bc859d30d6ca,"",Forward,100101482229,100101482229,11504,938.1,5.0,1843.0,0.0,1843.0,packet_delivered,0.0,0.0,0.0,0.0,0.0,0.0,0.0,0.0,NA,0,1156.01
NFT-/XUTR/DEUTH02615930658X,33.52,0.0,0.0,2499.0,89.47,4.223,0.426,0.0,0.0,prepaid,0.085,0.0,0.0,3.431,0.734,4.9147,79.821,"",'133134180658251366903,2026-06-08,11163581698,b7925429-f98e-4516-a937-8210ecba7093,"",Forward,100108852393,100108852393,11504,670.48,5.0,1701.0,0.0,1701.0,packet_delivered,0.0,0.0,0.0,0.0,0.0,0.0,0.0,0.0,NA,0,798.0
NFT-/XUTR/DEUTH02615930658X,22.81,0.0,0.0,1599.0,479.0,22.609,2.281,0.0,0.0,prepaid,0.456,0.0,0.0,27.0,0.0,31.86,421.794,"",'133122575777564222003,2026-06-08,11160138782,ee1252ba-40b4-4d66-a9eb-f64440375f4b,"",Forward,100105409483,1000030852740,11504,456.19,5.0,1026.0,0.0,1026.0,packet_delivered,0.0,0.0,0.0,0.0,0.0,0.0,0.0,0.0,NA,0,573.0
NFT-/XUTR/DEUTH02615930658X,20.29,0.0,0.0,1699.0,426.0,20.107,2.029,0.0,0.0,prepaid,0.406,0.0,0.0,15.0,0.0,17.7,385.758,"",'133144808772550056303,2026-06-08,11167293626,3d285d0e-90be-4e21-8eb1-d7af76c6dbf9,"",Forward,100112564320,1000032304255,11504,405.71,5.0,1179.0,0.0,1179.0,packet_delivered,0.0,0.0,0.0,0.0,0.0,0.0,0.0,0.0,NA,0,520.0
NFT-/XUTR/DEUTH02615930658X,35.14,0.0,0.0,1799.0,573.0,148.751,2.729,0.0,0.0,prepaid,0.546,0.0,0.0,20.963,0.0,24.73634,396.238,"",'133112895188571756003,2026-06-08,11156626342,504bca48-6672-4046-94f8-818f7362b0bf,"",Forward,100101897045,100101897045,11504,702.86,5.0,967.0,165.0,1132.0,packet_delivered,0.0,0.0,0.0,0.0,0.0,0.0,0.0,0.0,NA,0,832.0
NFT-/XUTR/DEUTH02615930658X,34.71,0.0,0.0,3100.0,729.0,34.40899999999999,3.471,0.0,0.0,prepaid,0.694,0.0,0.0,27.0,0.0,31.86,658.566,"",'133134047701026606101,2026-06-08,11163552260,a4999347-1654-4f27-969d-ad4ddd709cde,"",Forward,100108822955,100108822955,11504,694.29,5.0,2277.0,0.0,2277.0,packet_delivered,0.0,0.0,0.0,0.0,0.0,0.0,0.0,0.0,NA,0,823.0
NFT-/XUTR/DEUTH02615930658X,30.71,0.0,0.0,2399.0,645.0,30.443999999999996,3.071,0.0,0.0,prepaid,0.614,0.0,0.0,27.0,0.0,31.86,579.011,"",'133100042799153324703,2026-06-08,11154493994,09ef838b-a3c4-436a-9b3e-fe27058be416,"",Forward,100099764702,1000029790292,11504,614.29,5.0,1660.0,0.0,1660.0,packet_delivered,0.0,0.0,0.0,0.0,0.0,0.0,0.0,0.0,NA,0,739.0
NFT-/XUTR/DEUTH02615930658X,64.38,0.0,0.0,2999.0,509.154,126.16800000000003,2.425,0.0,0.0,prepaid,0.485,68.54,0.0,0.0,0.0,80.8772,-460.953,"",'133105641574339266603,2026-06-08,11155342698,89315075-5f96-42c9-8d5f-953ce86db6b9,100164534832,Reverse,100100613405,100100613405,11504,1287.62,5.0,1476.0,0.0,1476.0,return_refund,0.0,0.0,0.0,0.0,0.0,0.0,0.0,0.0,NA,0,1523.0
NFT-/XUTR/DEUTH02615930658X,31.29,0.0,0.0,2499.0,657.0,31.009999999999998,3.129,0.0,0.0,prepaid,0.626,0.0,0.0,27.0,0.0,31.86,590.375,"",'133099467964922212701,2026-06-08,11154359419,f916de4f-3f06-4ddd-88be-1164c0b45708,"",Forward,100099630127,1000029778152,11504,625.71,5.0,1748.0,0.0,1748.0,packet_delivered,0.0,0.0,0.0,0.0,0.0,0.0,0.0,0.0,NA,0,751.0
NFT-/XUTR/DEUTH02615930658X,52.57,0.0,0.0,2899.0,1104.0,273.571,5.257,0.0,0.0,prepaid,1.051,0.0,0.0,45.0,0.0,53.1,771.021,"",'133112590664229687503,2026-06-08,11156571952,368031f3-f3e6-48d2-bd1a-fb81def2f4fc,"",Forward,100101842656,100101842656,11504,1051.43,5.0,1624.0,0.0,1624.0,packet_delivered,0.0,0.0,0.0,0.0,0.0,0.0,0.0,0.0,NA,0,1275.0
NFT-/XUTR/DEUTH02615930658X,29.14,0.0,0.0,1699.0,612.0,43.33,2.914,0.0,0.0,prepaid,0.583,106.0,0.0,0.0,0.0,125.08,-690.253,"",'133124705692949613601,2026-06-08,11160663241,490540a1-4f6b-4736-b41c-9e6c2c8ee5e2,100167214171,Reverse,100105933942,1000031003665,11504,582.86,5.0,993.0,0.0,993.0,return_refund,0.0,0.0,0.0,0.0,0.0,0.0,0.0,0.0,NA,0,706.0
NFT-/XUTR/DEUTH02615930658X,48.48,0.0,0.0,1699.0,1017.9999999999999,240.248,4.848,0.0,0.0,prepaid,0.97,106.0,0.0,0.0,0.0,125.08,-897.014,"",'133142028840933125201,2026-06-08,11166673905,91c9b37b-7d40-4548-a77b-56a55f09af99,100164557399,Reverse,100111944600,100111944600,11504,969.52,5.0,510.0,0.0,510.0,return_refund,0.0,0.0,0.0,0.0,0.0,0.0,0.0,0.0,NA,0,1189.0
NFT-/XUTR/DEUTH02615930658X,63.24,0.0,0.0,2999.0,1328.0,329.078,6.324,0.0,0.0,prepaid,1.265,0.0,0.0,45.0,0.0,53.1,938.233,"",'133122257342538734001,2026-06-08,11160053371,9bd3bae4-c4ee-4150-9ee4-4d6873c8fe6e,"",Forward,100105324072,100105324072,11504,1264.76,5.0,1500.0,0.0,1500.0,packet_delivered,0.0,0.0,0.0,0.0,0.0,0.0,0.0,0.0,NA,0,1499.0
NFT-/XUTR/DEUTH02615930658X,0.0,12.83,12.83,1599.0,539.0,38.161,0.0,1.2835,1.2835,prepaid,0.513,0.0,0.0,27.0,0.0,31.86,465.899,"",'133140636836865938203,2026-06-08,11166331221,1386db9c-6830-49b8-8be2-a75252a0ca0a,"",Forward,100111601916,100111601916,11504,513.34,5.0,966.0,0.0,966.0,packet_delivered,0.0,0.0,0.0,0.0,0.0,0.0,0.0,0.0,NA,0,633.0000000000001
NFT-/XUTR/DEUTH02615930658X,54.76,0.0,0.0,2999.0,1150.0,284.97,5.476,0.0,0.0,prepaid,1.095,0.0,0.0,45.0,0.0,53.1,805.359,"",'133117251561810322501,2026-06-08,11157969897,d391d015-03f2-42b2-9850-209fcef7fc92,"",Forward,100103240599,100103240599,11504,1095.24,5.0,1678.0,0.0,1678.0,packet_delivered,0.0,0.0,0.0,0.0,0.0,0.0,0.0,0.0,NA,0,1321.0
NFT-/XUTR/DEUTH02615930658X,59.62,0.0,0.0,2999.0,1252.0,310.246,5.962,0.0,0.0,prepaid,1.192,182.0,0.0,0.0,0.0,214.76,-1149.36,"",'133107785299893309103,2026-06-08,11155849688,7e0334a4-fddc-42cb-a6d6-451e644f6a22,100164439775,Reverse,100101120394,1000030231579,11504,1192.38,5.0,1576.0,0.0,1576.0,return_refund,0.0,0.0,0.0,0.0,0.0,0.0,0.0,0.0,NA,0,1423.0
NFT-/XUTR/DEUTH02615930658X,19.05,0.0,0.0,1699.0,400.00000000000006,18.88,1.905,0.0,0.0,prepaid,0.381,106.0,0.0,0.0,0.0,125.08,-503.914,"",'133130660597105601003,2026-06-08,11162441011,d520894f-348a-4ff3-93cd-a9fc7262e735,100164123169,Reverse,100107711709,100107711709,11504,380.95,5.0,1205.0,0.0,1205.0,return_refund,0.0,0.0,0.0,0.0,0.0,0.0,0.0,0.0,NA,0,494.0
NFT-/XUTR/DEUTH02615930658X,40.71,0.0,0.0,1999.0,855.0,221.958,4.071,0.0,0.0,prepaid,0.814,0.0,0.0,27.0,0.0,31.86,596.297,"",'133121097087325548603,2026-06-08,11159658285,a75fe9a3-b83c-40d9-bcce-bd1e526bda29,"",Forward,100104928987,100104928987,11504,814.29,5.0,1050.0,0.0,1050.0,packet_delivered,0.0,0.0,0.0,0.0,0.0,0.0,0.0,0.0,NA,0,949.0
NFT-/XUTR/DEUTH02615930658X,38.38,0.0,0.0,1799.0,806.0,209.238,3.838,0.0,0.0,prepaid,0.768,182.0,0.0,0.0,0.0,214.76,-806.916,"",'133111341586839558601,2026-06-08,11156461417,6d80213f-8174-45cd-b296-3bab9fef85cc,100166340498,Reverse,100101732122,100101732122,11504,767.62,5.0,899.0,0.0,899.0,return_refund,0.0,0.0,0.0,0.0,0.0,0.0,0.0,0.0,NA,0,900.0
NFT-/XUTR/DEUTH02615930658X,24.48,0.0,0.0,1699.0,514.0,36.391,2.448,0.0,0.0,prepaid,0.49,106.0,0.0,0.0,0.0,125.08,-599.751,"",'133125449679544419203,2026-06-08,11160837412,f6ea53d2-3d84-4e41-a977-9e5b722b437c,11160837412,Reverse,100106108112,1000031410059,11504,489.52,5.0,1091.0,0.0,1091.0,exchange,0.0,0.0,0.0,0.0,0.0,0.0,0.0,0.0,NA,0,608.0
NFT-/XUTR/DEUTH02615930658X,55.14,0.0,0.0,1999.0,1088.0,256.768,5.181,0.0,0.0,prepaid,1.036,0.0,0.0,42.28,0.0,49.8904,775.125,"",'133097742817877527701,2026-06-08,11154000788,1d326d9c-81ea-44fc-8c4a-dc69d6578506,"",Forward,100099271497,100099271497,11504,1102.86,5.0,670.0,70.0,740.0,packet_delivered,0.0,0.0,0.0,0.0,0.0,0.0,0.0,0.0,NA,0,1329.0
NFT-/XUTR/DEUTH02615930658X,79.1,0.0,0.0,1999.0,1461.0,344.796,6.957,0.0,0.0,prepaid,1.391,0.0,0.0,39.582,0.0,46.70676,1061.149,"",'133122986374415800601,2026-06-08,11160240660,337165cd-930d-416a-b07b-d47040375515,"",Forward,100105511361,100105511361,11504,1581.9,5.0,167.0,200.0,367.0,packet_delivered,0.0,0.0,0.0,0.0,0.0,0.0,0.0,0.0,NA,0,1832.0
NFT-/XUTR/DEUTH02615930658X,59.62,0.0,0.0,2999.0,1252.0,310.246,5.962,0.0,0.0,prepaid,1.192,182.0,0.0,0.0,0.0,214.76,-1149.36,"",'133097356533335327003,2026-06-08,11153914944,2187c547-1375-4f3d-925d-783de46291fb,100164612631,Reverse,100099185653,100099185653,11504,1192.38,5.0,1576.0,0.0,1576.0,return_refund,0.0,0.0,0.0,0.0,0.0,0.0,0.0,0.0,NA,0,1423.0
NFT-/XUTR/DEUTH02615930658X,85.1,0.0,0.0,2999.0,1787.0,442.819,8.51,0.0,0.0,prepaid,1.702,106.0,0.0,0.0,0.0,125.08,-1459.049,"",'133140840782764255701,2026-06-08,11166383402,6f3c7197-c945-4e07-85d5-2e831a569795,11166383402,Reverse,100111654097,100111654097,11504,1701.9,5.0,1006.0,0.0,1006.0,exchange,0.0,0.0,0.0,0.0,0.0,0.0,0.0,0.0,NA,0,1993.0
NFT-/XUTR/DEUTH02615930658X,88.71,0.0,0.0,3999.0,1863.0,461.651,8.871,0.0,0.0,prepaid,1.774,0.0,0.0,45.0,0.0,53.1,1337.604,"",'133109577008638378003,2026-06-08,11156334229,b0613881-40d7-445a-abcc-83355dc2739e,"",Forward,100101604934,100101604934,11504,1774.29,5.0,1930.0,0.0,1930.0,packet_delivered,0.0,0.0,0.0,0.0,0.0,0.0,0.0,0.0,NA,0,2069.0
NFT-/XUTR/DEUTH02615930658X,19.05,0.0,0.0,1699.0,400.0,18.88,1.905,0.0,0.0,prepaid,0.381,0.0,0.0,0.0,0.0,0.0,378.834,"",'133126194910578744501,2026-06-08,11161035389,7cf561ac-38da-4679-b390-5fab4caef5d6,"",Forward,100106306088,1000031399062,11504,380.95,5.0,1205.0,0.0,1205.0,packet_delivered,0.0,0.0,0.0,0.0,0.0,0.0,0.0,0.0,NA,0,494.0
NFT-/XUTR/DEUTH02615930658X,403.17,0.0,0.0,2999.0,2643.0,623.748,11.199,0.0,0.0,prepaid,2.24,0.0,0.0,61.0,0.0,71.98,1933.833,"",'133100097017425886403,2026-06-08,11154508204,fed61b02-cb4c-49b9-a0ea-c5513381c768,"",Forward,100099778912,100099778912,11504,2239.83,18.0,150.0,0.0,150.0,packet_delivered,0.0,0.0,0.0,0.0,0.0,0.0,0.0,0.0,NA,0,2849.0
NFT-/XUTR/DEUTH02615930658X,47.05,0.0,0.0,2499.0,988.0,256.485,4.705,0.0,0.0,prepaid,0.941,0.0,0.0,27.0,0.0,31.86,694.009,"",'133100413325052461101,2026-06-08,11154594376,eec938b4-a3a6-4fc1-a6a5-e3412168bf8c,"",Forward,100099865083,100099865083,11504,940.95,5.0,1340.0,0.0,1340.0,packet_delivered,0.0,0.0,0.0,0.0,0.0,0.0,0.0,0.0,NA,0,1159.0
NFT-/XUTR/DEUTH02615930658X,59.71,0.0,0.0,2999.0,1086.43,269.217,5.173,0.0,0.0,prepaid,1.035,0.0,0.0,38.987,0.0,46.00466,765.0,"",'133133220343861451103,2026-06-08,11163371767,8d132a75-c21f-42a2-b694-49b421ec1291,"",Forward,100108642463,100108642463,11504,1194.29,5.0,1574.0,0.0,1574.0,packet_delivered,0.0,0.0,0.0,0.0,0.0,0.0,0.0,0.0,NA,0,1425.0
NFT-/XUTR/DEUTH02615930658X,59.62,0.0,0.0,2999.0,1252.0,310.246,5.962,0.0,0.0,prepaid,1.192,0.0,0.0,45.0,0.0,53.1,881.5,"",'133134005761695225501,2026-06-08,11163542649,8cac5c70-434d-44f9-9a6b-ac74484a5b9f,"",Forward,100108813344,100108813344,11504,1192.38,5.0,1576.0,0.0,1576.0,packet_delivered,0.0,0.0,0.0,0.0,0.0,0.0,0.0,0.0,NA,0,1423.0
NFT-/XUTR/DEUTH02615930658X,36.24,0.0,0.0,1799.0,761.0,197.556,3.624,0.0,0.0,prepaid,0.725,182.0,0.0,0.0,0.0,214.76,-773.855,"",'133098196134817541001,2026-06-08,11154095651,d08cf8db-a1b0-4d9e-9c73-c6c139496179,100165407309,Reverse,100099366360,1000029430800,11504,724.76,5.0,944.0,0.0,944.0,return_refund,0.0,0.0,0.0,0.0,0.0,0.0,0.0,0.0,NA,0,855.0
NFT-/XUTR/DEUTH02615930658X,18.38,0.0,0.0,1650.0,386.0,18.219,1.838,0.0,0.0,prepaid,0.368,127.0,0.0,0.0,0.0,149.86,-515.435,"",'133126769960778381601,2026-06-08,11161192007,1bc3bfdc-5de2-4618-8eeb-48d7f239928e,100164350627,Reverse,100106462706,100106462706,11504,367.62,5.0,1205.0,0.0,1205.0,return_refund,0.0,0.0,0.0,0.0,0.0,0.0,0.0,0.0,NA,0,445.0
NFT-/XUTR/DEUTH02615930658X,35.52,0.0,0.0,2799.0,746.0,35.211,3.552,0.0,0.0,prepaid,0.71,0.0,0.0,27.0,0.0,31.86,674.667,"",'133105920457326506801,2026-06-08,11155415278,02900ed0-67de-4e3e-935a-37fd0cfea857,"",Forward,100100685984,100100685984,11504,710.48,5.0,1959.0,0.0,1959.0,packet_delivered,0.0,0.0,0.0,0.0,0.0,0.0,0.0,0.0,NA,0,840.0
NFT-/XUTR/DEUTH02615930658X,27.57,0.0,0.0,2999.0,579.0,27.329,2.757,0.0,0.0,prepaid,0.551,0.0,0.0,3.0,0.0,3.54,544.823,"",'133126729500222779203,2026-06-08,11161182122,b8490ce5-8f8d-4334-a7df-13e2a1e300e0,"",Forward,100106452821,100106452821,11504,551.43,5.0,2326.0,0.0,2326.0,packet_delivered,0.0,0.0,0.0,0.0,0.0,0.0,0.0,0.0,NA,0,673.0
NFT-/XUTR/DEUTH02615930658X,31.71,0.0,0.0,1499.0,666.0,172.894,3.171,0.0,0.0,prepaid,0.634,0.0,0.0,27.0,0.0,31.86,457.441,"",'133113490250679872603,2026-06-08,11156756183,4c09d2a3-efaf-4508-b481-a5e64ffc7d40,"",Forward,100102026886,1000030262366,11504,634.29,5.0,739.0,0.0,739.0,packet_delivered,0.0,0.0,0.0,0.0,0.0,0.0,0.0,0.0,NA,0,760.0
NFT-/XUTR/DEUTH02615930658X,70.0,0.0,0.0,3399.0,1470.0,329.574,7.0,0.0,0.0,prepaid,1.4,0.0,0.0,45.0,0.0,53.1,1078.926,"",'133127027105671445803,2026-06-08,11161244383,2c4b4fef-bfc2-45ca-90d5-24a0aa8f8f7d,"",Forward,100106515082,1000031128815,11504,1400,5.0,1758.0,0.0,1758.0,packet_delivered,0.0,0.0,0.0,0.0,0.0,0.0,0.0,0.0,NA,0,1641.0
NFT-/XUTR/DEUTH02615930658X,55.14,0.0,0.0,1999.0,1088.0,256.768,5.181,0.0,0.0,prepaid,1.036,170.998,0.0,0.0,0.0,201.77764,-1026.793,"",'133097742817877527701,2026-06-08,11154000788,1d326d9c-81ea-44fc-8c4a-dc69d6578506,11154000788,Reverse,100099271497,100099271497,11504,1102.86,5.0,670.0,70.0,740.0,exchange,0.0,0.0,0.0,0.0,0.0,0.0,0.0,0.0,NA,0,1329.0
NFT-/XUTR/DEUTH02615930658X,22.29,0.0,0.0,1650.0,468.0,22.09,2.229,0.0,0.0,prepaid,0.446,0.0,0.0,27.0,0.0,31.86,411.375,"",'133093320595958617703,2026-06-08,11153387765,367207e3-af9c-4da1-a685-7591ba1d87e7,"",Forward,100098658474,1000029310353,11504,445.71,5.0,1088.0,0.0,1088.0,packet_delivered,0.0,0.0,0.0,0.0,0.0,0.0,0.0,0.0,NA,0,562.0
NFT-/XUTR/DEUTH02615930658X,58.86,0.0,0.0,3499.0,1236.0,306.281,5.886,0.0,0.0,prepaid,1.177,182.0,0.0,0.0,0.0,214.76,-1137.416,"",'133107785299893309103,2026-06-08,11155849687,7e0334a4-fddc-42cb-a6d6-451e644f6a22,11155849687,Reverse,100101120393,1000030231579,11504,1177.14,5.0,2092.0,0.0,2092.0,exchange,0.0,0.0,0.0,0.0,0.0,0.0,0.0,0.0,NA,0,1407.0
NFT-/XUTR/DEUTH02615930658X,54.76,0.0,0.0,2999.0,1150.0,284.97,5.476,0.0,0.0,prepaid,1.095,182.0,0.0,0.0,0.0,214.76,-1073.219,"",'133113524901303373303,2026-06-08,11156764537,28d5a4aa-8436-4f8d-b49a-ab00011af49e,100164366894,Reverse,100102035240,1000030237792,11504,1095.24,5.0,1678.0,0.0,1678.0,return_refund,0.0,0.0,0.0,0.0,0.0,0.0,0.0,0.0,NA,0,1321.0
NFT-/XUTR/DEUTH02615930658X,0.0,29.86,29.86,2999.0,1254.0,310.741,0.0,2.9855,2.9855,prepaid,1.194,0.0,0.0,45.0,0.0,53.1,882.994,"",'133130243085433305803,2026-06-08,11162067814,28bb1265-bb7e-49e0-a1b8-cbea19ec9c77,"",Forward,100107338512,1000031406713,11504,1194.28,5.0,1574.0,0.0,1574.0,packet_delivered,0.0,0.0,0.0,0.0,0.0,0.0,0.0,0.0,NA,0,1424.9999999999998
NFT-/XUTR/DEUTH02615930658X,71.67,0.0,0.0,3299.0,1505.0,372.939,7.167,0.0,0.0,prepaid,1.433,0.0,0.0,45.0,0.0,53.1,1070.361,"",'133111945404013587501,2026-06-08,11156490749,8091f8f4-b26a-43e3-b2fc-2b686c6b38dd,"",Forward,100101761453,100101761453,11504,1433.33,5.0,1623.0,0.0,1623.0,packet_delivered,0.0,0.0,0.0,0.0,0.0,0.0,0.0,0.0,NA,0,1676.0
NFT-/XUTR/DEUTH02615930658X,39.52,0.0,0.0,1850.0,830.0,215.468,3.952,0.0,0.0,prepaid,0.79,0.0,0.0,27.0,0.0,31.86,577.93,"",'133115799995580815103,2026-06-08,11157612326,4f84c287-e3fc-45ac-8a41-9c2da293496a,"",Forward,100102883029,100102883029,11504,790.48,5.0,926.0,0.0,926.0,packet_delivered,0.0,0.0,0.0,0.0,0.0,0.0,0.0,0.0,NA,0,924.0
NFT-/XUTR/DEUTH02615930658X,30.71,0.0,0.0,1999.0,645.0,167.442,3.071,0.0,0.0,prepaid,0.614,0.0,0.0,27.0,0.0,31.86,442.013,"",'133098965453182506803,2026-06-08,11154253774,2157b275-b513-4b5d-b31a-7f60b002a855,"",Forward,100099524482,100099524482,11504,614.29,5.0,1260.0,0.0,1260.0,packet_delivered,0.0,0.0,0.0,0.0,0.0,0.0,0.0,0.0,NA,0,739.0
NFT-/XUTR/DEUTH02615930658X,51.29,0.0,0.0,2499.0,1077.0,266.881,5.129,0.0,0.0,prepaid,1.026,0.0,0.0,45.0,0.0,53.1,750.864,"",'133123708143087586703,2026-06-08,11160428879,a85e52f1-e8b6-4bd9-8447-630030d8c958,"",Forward,100105699580,100105699580,11504,1025.71,5.0,1251.0,0.0,1251.0,packet_delivered,0.0,0.0,0.0,0.0,0.0,0.0,0.0,0.0,NA,0,1248.0
NFT-/XUTR/DEUTH02615930658X,0.0,38.86,38.86,1899.0,1632.0,385.152,0.0,3.8855,3.8855,prepaid,1.554,0.0,0.0,45.0,0.0,53.1,1184.423,"",'133131061057546835801,2026-06-08,11162538881,908e4014-d57e-4b6c-b814-94da6db446b6,"",Forward,100107809578,100107809578,11504,1554.28,5.0,96.0,0.0,96.0,packet_delivered,0.0,0.0,0.0,0.0,0.0,0.0,0.0,0.0,NA,0,1802.9999999999998
NFT-/XUTR/DEUTH02615930658X,52.57,0.0,0.0,2899.0,1068.0,264.65,5.086,0.0,0.0,prepaid,1.017,176.065,0.0,0.0,0.0,207.7567,-1005.004,"",'133096970619956532901,2026-06-08,11153832055,2816790b-6d6b-473b-a7d9-95246d807026,100165715169,Reverse,100099102765,1000029793129,11504,1051.43,5.0,1624.0,36.0,1660.0,return_refund,0.0,0.0,0.0,0.0,0.0,0.0,0.0,0.0,NA,0,1275.0
NFT-/XUTR/DEUTH02615930658X,51.86,0.0,0.0,1799.0,1089.0,257.004,5.186,0.0,0.0,prepaid,1.037,0.0,0.0,45.0,0.0,53.1,772.673,"",'133098415174362934401,2026-06-08,11154140083,1f5824a2-364e-4eda-b423-866f3513a260,"",Forward,100099410792,1000029445758,11504,1037.14,5.0,539.0,0.0,539.0,packet_delivered,0.0,0.0,0.0,0.0,0.0,0.0,0.0,0.0,NA,0,1260.0
NFT-/XUTR/DEUTH02615930658X,28.91,0.0,0.0,1699.0,607.0,157.577,2.89,0.0,0.0,prepaid,0.578,0.0,0.0,27.0,0.0,31.86,414.095,"",'133142829690740551103,2026-06-08,11166862238,c3f523c9-e49d-47c4-ab39-93bb93ac6d96,"",Forward,100112132933,1000032191873,11504,578.1,5.0,998.0,0.0,998.0,packet_delivered,0.0,0.0,0.0,0.0,0.0,0.0,0.0,0.0,NA,0,701.01
NFT-/XUTR/DEUTH02615930658X,36.24,0.0,0.0,1799.0,761.0,197.556,3.624,0.0,0.0,prepaid,0.725,0.0,0.0,27.0,0.0,31.86,527.235,"",'133098196134817541001,2026-06-08,11154095651,d08cf8db-a1b0-4d9e-9c73-c6c139496179,"",Forward,100099366360,1000029430800,11504,724.76,5.0,944.0,0.0,944.0,packet_delivered,0.0,0.0,0.0,0.0,0.0,0.0,0.0,0.0,NA,0,855.0
NFT-/XUTR/DEUTH02615930658X,34.71,0.0,0.0,2750.0,729.0,34.40899999999999,3.471,0.0,0.0,prepaid,0.694,0.0,0.0,27.0,0.0,31.86,658.566,"",'133100338632757539901,2026-06-08,11154574053,fc8c19de-f78d-41f6-878d-ed4cb267a64a,"",Forward,100099844760,100099844760,11504,694.29,5.0,1927.0,0.0,1927.0,packet_delivered,0.0,0.0,0.0,0.0,0.0,0.0,0.0,0.0,NA,0,823.0
NFT-/XUTR/DEUTH02615930658X,36.76,0.0,0.0,2599.0,772.0,36.438,3.676,0.0,0.0,prepaid,0.735,106.0,0.0,0.0,0.0,125.08,-856.231,"",'133123209048359603601,2026-06-08,11160298820,736ead2b-f9b6-4c74-924c-9646029dd566,11160298820,Reverse,100105569521,1000031406648,11504,735.24,5.0,1733.0,0.0,1733.0,exchange,0.0,0.0,0.0,0.0,0.0,0.0,0.0,0.0,NA,0,866.0
NFT-/XUTR/DEUTH02615930658X,33.52,0.0,0.0,1799.0,704.0,132.915,3.352,0.0,0.0,prepaid,0.67,106.0,0.0,0.0,0.0,125.08,-692.143,"",'133124705692949613601,2026-06-08,11160663242,490540a1-4f6b-4736-b41c-9e6c2c8ee5e2,100164423333,Reverse,100105933943,1000031003665,11504,670.48,5.0,1001.0,0.0,1001.0,return_refund,0.0,0.0,0.0,0.0,0.0,0.0,0.0,0.0,NA,0,798.0
NFT-/XUTR/DEUTH02615930658X,108.43,0.0,0.0,5799.0,2277.0,537.372,10.843,0.0,0.0,prepaid,2.169,0.0,0.0,61.0,0.0,71.98,1654.636,"",'133101170305520544703,2026-06-08,11154770183,47649d9f-4680-4182-a7ee-aa335b9f95a3,"",Forward,100100040890,100100040890,11504,2168.57,5.0,3210.0,0.0,3210.0,packet_delivered,0.0,0.0,0.0,0.0,0.0,0.0,0.0,0.0,NA,0,2589.0
NFT-/XUTR/DEUTH02615930658X,59.71,0.0,0.0,2999.0,1086.43,269.217,5.173,0.0,0.0,prepaid,1.035,91.835,0.0,0.0,0.0,108.3653,-919.37,"",'133133220343861451103,2026-06-08,11163371767,8d132a75-c21f-42a2-b694-49b421ec1291,100164372129,Reverse,100108642463,100108642463,11504,1194.29,5.0,1574.0,0.0,1574.0,return_refund,0.0,0.0,0.0,0.0,0.0,0.0,0.0,0.0,NA,0,1425.0
NFT-/XUTR/DEUTH02615930658X,37.14,0.0,0.0,1750.0,780.0,202.488,3.714,0.0,0.0,prepaid,0.743,0.0,0.0,27.0,0.0,31.86,541.195,"",'133109258825773211201,2026-06-08,11156246934,268e5426-c524-4ab8-a104-4721d3436a05,"",Forward,100101517639,100101517639,11504,742.86,5.0,876.0,0.0,876.0,packet_delivered,0.0,0.0,0.0,0.0,0.0,0.0,0.0,0.0,NA,0,874.0
NFT-/XUTR/DEUTH02615930658X,40.24,0.0,0.0,1999.0,845.0,219.362,4.024,0.0,0.0,prepaid,0.805,0.0,0.0,27.0,0.0,31.86,588.949,"",'133105652261753354603,2026-06-08,11155345478,3e799578-b573-4df5-a6e5-97ad2c34741d,"",Forward,100100616185,100100616185,11504,804.76,5.0,1060.0,0.0,1060.0,packet_delivered,0.0,0.0,0.0,0.0,0.0,0.0,0.0,0.0,NA,0,939.0
NFT-/XUTR/DEUTH02615930658X,27.57,0.0,0.0,2999.0,579.0,27.329,2.757,0.0,0.0,prepaid,0.551,127.0,0.0,0.0,0.0,149.86,-698.223,"",'133126729500222779203,2026-06-08,11161182122,b8490ce5-8f8d-4334-a7df-13e2a1e300e0,100168230545,Reverse,100106452821,100106452821,11504,551.43,5.0,2326.0,0.0,2326.0,return_refund,0.0,0.0,0.0,0.0,0.0,0.0,0.0,0.0,NA,0,673.0
NFT-/XUTR/DEUTH02615930658X,29.95,0.0,0.0,2099.0,629.0,29.688999999999993,2.995,0.0,0.0,prepaid,0.599,0.0,0.0,27.0,0.0,31.86,563.857,"",'133125449679544419203,2026-06-08,11160837411,f6ea53d2-3d84-4e41-a977-9e5b722b437c,"",Forward,100106108111,1000031410059,11504,599.05,5.0,1376.0,0.0,1376.0,packet_delivered,0.0,0.0,0.0,0.0,0.0,0.0,0.0,0.0,NA,0,723.0
NFT-/XUTR/DEUTH02615930658X,578.59,0.0,0.0,3999.0,3793.0,895.148,16.072,0.0,0.0,prepaid,3.214,127.0,0.0,0.0,0.0,149.86,-3028.426,"",'133117528435433315301,2026-06-08,11158050853,5bd0e31c-558d-4622-a651-c7792b18f8d3,100165632111,Reverse,100103321555,100103321555,11504,3214.41,18.0,0.0,0.0,0.0,return_refund,0.0,0.0,0.0,0.0,0.0,0.0,0.0,0.0,NA,0,3999.0
NFT-/XUTR/DEUTH02615930658X,19.05,0.0,0.0,1699.0,400.0,18.88,1.905,0.0,0.0,prepaid,0.381,182.0,0.0,0.0,0.0,214.76,-593.594,"",'133105019404825374101,2026-06-08,11155180718,b7e62c0a-5884-4682-ae16-9d00f20ca146,100164001685,Reverse,100100451425,100100451425,11504,380.95,5.0,1205.0,0.0,1205.0,return_refund,0.0,0.0,0.0,0.0,0.0,0.0,0.0,0.0,NA,0,494.0
NFT-/XUTR/DEUTH02615930658X,0.0,14.19,14.19,1999.0,596.0,28.131,0.0,1.419,1.419,prepaid,0.568,106.0,0.0,0.0,0.0,125.08,-689.543,"",'133144857009271181501,2026-06-08,11167296951,85027948-c79a-4138-abb0-63b03210729b,100164859861,Reverse,100112567645,1000032433313,11504,567.62,5.0,1309.0,0.0,1309.0,return_refund,0.0,0.0,0.0,0.0,0.0,0.0,0.0,0.0,NA,0,690.0000000000001
NFT-/XUTR/DEUTH02615930658X,18.95,0.0,0.0,1699.0,398.0,18.786,1.895,0.0,0.0,prepaid,0.379,0.0,0.0,0.0,0.0,0.0,376.94,"",'133086646816421024701,2026-06-08,11151409964,95ae240b-a675-4a25-b00e-6d48e42e5d66,"",Forward,100096680679,100096680679,11504,379.05,5.0,1207.0,0.0,1207.0,packet_delivered,0.0,0.0,0.0,0.0,0.0,0.0,0.0,0.0,NA,0,492.0
NFT-/XUTR/DEUTH02615930658X,36.52,0.0,0.0,2499.0,767.0,36.202,3.652,0.0,0.0,prepaid,0.73,0.0,0.0,27.0,0.0,31.86,694.556,"",'133112908873955438303,2026-06-08,11156628791,7b92ce79-39b9-4f9e-9693-57782a5e2087,"",Forward,100101899494,100101899494,11504,730.48,5.0,1638.0,0.0,1638.0,packet_delivered,0.0,0.0,0.0,0.0,0.0,0.0,0.0,0.0,NA,0,861.0
NFT-/XUTR/DEUTH02615930658X,33.95,0.0,0.0,1699.0,713.0,185.095,3.395,0.0,0.0,prepaid,0.679,182.0,0.0,0.0,0.0,214.76,-738.591,"",'133116320240915811603,2026-06-08,11157733698,75500597-c834-40da-aa39-a48090e4cf01,100164535484,Reverse,100103004402,1000030857404,11504,679.05,5.0,892.0,0.0,892.0,return_refund,0.0,0.0,0.0,0.0,0.0,0.0,0.0,0.0,NA,0,807.0
NFT-/XUTR/DEUTH02615930658X,0.0,42.57,42.57,2999.0,1788.0,443.066,0.0,4.257,4.257,prepaid,1.703,0.0,0.0,45.0,0.0,53.1,1281.617,"",'133134274185298572503,2026-06-08,11163602641,53149883-b769-4d58-b967-8154e4ed25ec,"",Forward,100108873336,100108873336,11504,1702.86,5.0,1005.0,0.0,1005.0,packet_delivered,0.0,0.0,0.0,0.0,0.0,0.0,0.0,0.0,NA,0,1993.9999999999998
NFT-/XUTR/DEUTH02615930658X,61.1,0.0,0.0,3299.0,1283.0,317.927,6.11,0.0,0.0,prepaid,1.222,0.0,0.0,45.0,0.0,53.1,904.641,"",'133096520042817608103,2026-06-08,11153729436,5da35a3a-1dda-4306-a926-4f89ba3fddf1,"",Forward,100099000145,1000029321600,11504,1221.9,5.0,1845.0,0.0,1845.0,packet_delivered,0.0,0.0,0.0,0.0,0.0,0.0,0.0,0.0,NA,0,1454.0
NFT-/XUTR/DEUTH02615930658X,33.57,0.0,0.0,2799.0,705.0,33.276,3.357,0.0,0.0,prepaid,0.671,0.0,0.0,27.0,0.0,31.86,635.836,"",'133112766720693326003,2026-06-08,11156602413,4dc35865-62aa-4b8b-9252-9fc9f457516d,"",Forward,100101873117,100101873117,11504,671.43,5.0,2000.0,0.0,2000.0,packet_delivered,0.0,0.0,0.0,0.0,0.0,0.0,0.0,0.0,NA,0,799.0
NFT-/XUTR/DEUTH02615930658X,55.81,0.0,0.0,2899.0,1172.0,290.422,5.581,0.0,0.0,prepaid,1.116,0.0,0.0,45.0,0.0,53.1,821.781,"",'133139863651593430603,2026-06-08,11166128243,cd21c17c-f2a5-4b21-92d4-0db6c35847e8,"",Forward,100111398938,100111398938,11504,1116.19,5.0,1556.0,0.0,1556.0,packet_delivered,0.0,0.0,0.0,0.0,0.0,0.0,0.0,0.0,NA,0,1343.0
NFT-/XUTR/DEUTH02615930658X,29.95,0.0,0.0,2099.0,629.0,29.688999999999993,2.995,0.0,0.0,prepaid,0.599,106.0,0.0,0.0,0.0,125.08,-720.797,"",'133125449679544419203,2026-06-08,11160837411,f6ea53d2-3d84-4e41-a977-9e5b722b437c,11160837411,Reverse,100106108111,1000031410059,11504,599.05,5.0,1376.0,0.0,1376.0,exchange,0.0,0.0,0.0,0.0,0.0,0.0,0.0,0.0,NA,0,723.0
NFT-/XUTR/DEUTH02615930658X,20.29,0.0,0.0,1699.0,426.00000000000006,20.107,2.029,0.0,0.0,prepaid,0.406,106.0,0.0,0.0,0.0,125.08,-528.538,"",'133144808772550056303,2026-06-08,11167293626,3d285d0e-90be-4e21-8eb1-d7af76c6dbf9,100164582408,Reverse,100112564320,1000032304255,11504,405.71,5.0,1179.0,0.0,1179.0,return_refund,0.0,0.0,0.0,0.0,0.0,0.0,0.0,0.0,NA,0,520.0
NFT-/XUTR/DEUTH02615930658X,22.29,0.0,0.0,1650.0,468.0,22.09,2.229,0.0,0.0,prepaid,0.446,0.0,0.0,27.0,0.0,31.86,411.375,"",'133134257618882269003,2026-06-08,11163599053,0c2f48c2-0820-4026-91ed-60c634385ec9,"",Forward,100108869748,1000031584842,11504,445.71,5.0,1088.0,0.0,1088.0,packet_delivered,0.0,0.0,0.0,0.0,0.0,0.0,0.0,0.0,NA,0,562.0
NFT-/XUTR/DEUTH02615930658X,53.67,0.0,0.0,3399.0,1127.0,279.271,5.367,0.0,0.0,prepaid,1.073,0.0,0.0,45.0,0.0,53.1,788.189,"",'133097882710731465301,2026-06-08,11154030809,ee14aaa0-189f-4cb7-b01c-584829696447,"",Forward,100099301518,100099301518,11504,1073.33,5.0,2101.0,0.0,2101.0,packet_delivered,0.0,0.0,0.0,0.0,0.0,0.0,0.0,0.0,NA,0,1298.0
NFT-/XUTR/DEUTH02615930658X,471.81,0.0,0.0,3299.0,3093.0,729.948,13.106,0.0,0.0,prepaid,2.621,0.0,0.0,61.0,0.0,71.98,2275.345,"",'133148263666400519301,2026-06-08,11167666178,edc34ef1-00f3-4d66-b037-2abc7169714a,"",Forward,100112936872,100112936872,11504,2621.19,18.0,0.0,0.0,0.0,packet_delivered,0.0,0.0,0.0,0.0,0.0,0.0,0.0,0.0,NA,0,3299.0
NFT-/XUTR/DEUTH02615930658X,46.91,0.0,0.0,2399.0,985.0,255.70600000000002,4.69,0.0,0.0,prepaid,0.938,0.0,0.0,27.0,0.0,31.86,691.806,"",'133099260875092546501,2026-06-08,11154314420,fbdd618a-3e44-4082-9ce0-558c7369e8f2,"",Forward,100099585128,100099585128,11504,938.1,5.0,1243.0,0.0,1243.0,packet_delivered,0.0,0.0,0.0,0.0,0.0,0.0,0.0,0.0,NA,0,1156.01
NFT-/XUTR/DEUTH02615930658X,76.52,0.0,0.0,3499.0,1607.0,398.215,7.652,0.0,0.0,prepaid,1.53,182.0,0.0,0.0,0.0,214.76,-1414.363,"",'133113924079952783501,2026-06-08,11156917338,dc5056ea-82d2-4993-a7d3-8b2e2cc3af7e,100164937198,Reverse,100102188041,100102188041,11504,1530.48,5.0,1721.0,0.0,1721.0,return_refund,0.0,0.0,0.0,0.0,0.0,0.0,0.0,0.0,NA,0,1778.0
NFT-/XUTR/DEUTH02615930658X,63.19,0.0,0.0,2999.0,1327.0,328.831,6.319,0.0,0.0,prepaid,1.264,0.0,0.0,45.0,0.0,53.1,937.486,"",'133100635205869029603,2026-06-08,11154650493,80352b2c-e24a-483b-810a-d3aa6d5d2e44,"",Forward,100099921200,100099921200,11504,1263.81,5.0,1501.0,0.0,1501.0,packet_delivered,0.0,0.0,0.0,0.0,0.0,0.0,0.0,0.0,NA,0,1498.0
NFT-/XUTR/DEUTH02615930658X,29.38,0.0,0.0,2299.0,617.0,29.122000000000003,2.938,0.0,0.0,prepaid,0.588,0.0,0.0,27.0,8.083,41.39794,542.954,"",'133118538834736118701,2026-06-08,11158302043,f45c6bb4-88c7-433f-b85e-b7ac25563105,"",Forward,100103572745,1000030849789,11504,587.62,5.0,1588.0,0.0,1588.0,packet_delivered,0.0,0.0,0.0,0.0,0.0,0.0,0.0,0.0,NA,0,711.0
NFT-/XUTR/DEUTH02615930658X,31.71,0.0,0.0,1499.0,151.092,39.224,0.719,0.0,0.0,prepaid,0.144,0.0,0.0,6.125,0.0,7.2275,103.778,"",'133121580742314771303,2026-06-08,11159744255,47680ab3-9202-4def-ad94-a2f7e2c28d2e,"",Forward,100105014956,100105014956,11504,634.29,5.0,739.0,0.0,739.0,packet_delivered,0.0,0.0,0.0,0.0,0.0,0.0,0.0,0.0,NA,0,760.0
NFT-/XUTR/DEUTH02615930658X,27.86,0.0,0.0,1799.0,585.0,41.418,2.786,0.0,0.0,prepaid,0.557,0.0,0.0,27.0,0.0,31.86,508.379,"",'133122110432368370303,2026-06-08,11159983567,aa63abba-b359-4c73-9fd2-9bd0432ccd4d,"",Forward,100105254268,100105254268,11504,557.14,5.0,1120.0,0.0,1120.0,packet_delivered,0.0,0.0,0.0,0.0,0.0,0.0,0.0,0.0,NA,0,679.0
NFT-/XUTR/DEUTH02615930658X,0.0,30.55,30.55,3299.0,1283.0,317.927,0.0,3.055,3.055,prepaid,1.222,0.0,0.0,45.0,0.0,53.1,904.641,"",'133148002514696298201,2026-06-08,11167595675,3f3b2b3c-74ea-49de-a734-bd9a84f17b04,"",Forward,100112866369,100112866369,11504,1221.9,5.0,1845.0,0.0,1845.0,packet_delivered,0.0,0.0,0.0,0.0,0.0,0.0,0.0,0.0,NA,0,1454.0
NFT-/XUTR/DEUTH02615930658X,59.71,0.0,0.0,2999.0,1254.0,310.741,5.971,0.0,0.0,prepaid,1.194,0.0,0.0,45.0,0.0,53.1,882.994,"",'133109254572748503601,2026-06-08,11156245659,e91bc781-474f-431c-9996-274ec2fac3ee,"",Forward,100101516364,1000030229924,11504,1194.29,5.0,1574.0,0.0,1574.0,packet_delivered,0.0,0.0,0.0,0.0,0.0,0.0,0.0,0.0,NA,0,1425.0
NFT-/XUTR/DEUTH02615930658X,29.29,0.0,0.0,1499.0,615.0,159.654,2.929,0.0,0.0,prepaid,0.586,0.0,0.0,27.0,0.0,31.86,419.971,"",'133134257618882269003,2026-06-08,11163599052,0c2f48c2-0820-4026-91ed-60c634385ec9,"",Forward,100108869747,1000031584842,11504,585.71,5.0,790.0,0.0,790.0,packet_delivered,0.0,0.0,0.0,0.0,0.0,0.0,0.0,0.0,NA,0,709.0
NFT-/XUTR/DEUTH02615930658X,40.52,0.0,0.0,2100.0,851.0,220.92,4.052,0.0,0.0,prepaid,0.81,0.0,0.0,27.0,0.0,31.86,593.358,"",'133143441866176963501,2026-06-08,11167015786,e057d450-21be-4a9b-9fe0-edf5c4b01e74,"",Forward,100112286480,100112286480,11504,810.48,5.0,1155.0,0.0,1155.0,packet_delivered,0.0,0.0,0.0,0.0,0.0,0.0,0.0,0.0,NA,0,945.0
NFT-/XUTR/DEUTH02615930658X,0.0,27.6,27.6,1999.0,1159.0,273.524,0.0,2.7595,2.7595,prepaid,1.104,106.0,0.0,0.0,0.0,125.08,-1003.933,"",'133126121173870443701,2026-06-08,11161014274,02060b78-e739-4406-9422-b87b7c3658c3,11161014274,Reverse,100106284973,1000031083807,11504,1103.8,5.0,669.0,0.0,669.0,exchange,0.0,0.0,0.0,0.0,0.0,0.0,0.0,0.0,NA,0,1329.9999999999998
NFT-/XUTR/DEUTH02615930658X,35.14,0.0,0.0,1799.0,191.28,49.656,0.911,0.0,0.0,prepaid,0.182,0.0,0.0,6.998,0.0,8.25764,132.273,"",'133133315534130746303,2026-06-08,11163392173,acda477b-3a97-47ab-91a8-f9176e3fc742,"",Forward,100108662869,100108662869,11504,702.86,5.0,967.0,0.0,967.0,packet_delivered,0.0,0.0,0.0,0.0,0.0,0.0,0.0,0.0,NA,0,832.0
NFT-/XUTR/DEUTH02615930658X,48.86,0.0,0.0,1799.0,1026.0,242.136,4.886,0.0,0.0,prepaid,0.977,0.0,0.0,45.0,0.0,53.1,724.901,"",'133113649104954898701,2026-06-08,11156795525,7fa8fa1d-bf7b-47de-9dee-3380902ac80a,"",Forward,100102066228,100102066228,11504,977.14,5.0,602.0,0.0,602.0,packet_delivered,0.0,0.0,0.0,0.0,0.0,0.0,0.0,0.0,NA,0,1197.0
NFT-/XUTR/DEUTH02615930658X,58.1,0.0,0.0,2999.0,1220.0,302.316,5.81,0.0,0.0,prepaid,1.162,0.0,0.0,45.0,0.0,53.1,857.612,"",'133125395973968127003,2026-06-08,11160823976,a54231e7-7e4d-4ef1-ac52-78e5c45036f5,"",Forward,100106094677,100106094677,11504,1161.9,5.0,1608.0,0.0,1608.0,packet_delivered,0.0,0.0,0.0,0.0,0.0,0.0,0.0,0.0,NA,0,1391.0
NFT-/XUTR/DEUTH02615930658X,34.71,0.0,0.0,2750.0,729.0,34.40899999999999,3.471,0.0,0.0,prepaid,0.694,0.0,0.0,27.0,0.0,31.86,658.566,"",'133098089351384611201,2026-06-08,11154073877,528d0726-c197-497a-a529-b862eb890be3,"",Forward,100099344586,100099344586,11504,694.29,5.0,1927.0,0.0,1927.0,packet_delivered,0.0,0.0,0.0,0.0,0.0,0.0,0.0,0.0,NA,0,823.0
NFT-/XUTR/DEUTH02615930658X,54.76,0.0,0.0,2999.0,1150.0,284.97,5.476,0.0,0.0,prepaid,1.095,127.0,0.0,0.0,0.0,149.86,-1008.319,"",'133117251561810322501,2026-06-08,11157969897,d391d015-03f2-42b2-9850-209fcef7fc92,100165119608,Reverse,100103240599,100103240599,11504,1095.24,5.0,1678.0,0.0,1678.0,return_refund,0.0,0.0,0.0,0.0,0.0,0.0,0.0,0.0,NA,0,1321.0
NFT-/XUTR/DEUTH02615930658X,38.33,0.0,0.0,1799.0,805.0,208.978,3.833,0.0,0.0,prepaid,0.767,0.0,0.0,27.0,0.0,31.86,559.562,"",'133012455417429474303,2026-06-08,11135870638,ac12e8bb-d429-441e-830a-b3a2fe192304,"",Forward,100081141425,100081141425,11504,766.67,5.0,900.0,0.0,900.0,packet_delivered,0.0,0.0,0.0,0.0,0.0,0.0,0.0,0.0,NA,0,899.0
NFT-/XUTR/DEUTH02615930658X,44.71,0.0,0.0,1799.0,813.3009999999999,211.133,3.873,0.0,0.0,prepaid,0.775,91.81,0.0,0.0,0.0,108.3358,-705.856,"",'133122306250019206403,2026-06-08,11160066371,980792e7-d15d-48be-a90e-6338c3230dee,100164814758,Reverse,100105337072,100105337072,11504,894.29,5.0,689.0,0.0,689.0,return_refund,0.0,0.0,0.0,0.0,0.0,0.0,0.0,0.0,NA,0,1110.0
NFT-/XUTR/DEUTH02615930658X,76.52,0.0,0.0,3499.0,1607.0,398.215,7.652,0.0,0.0,prepaid,1.53,0.0,0.0,45.0,0.0,53.1,1146.503,"",'133098338940131081603,2026-06-08,11154124739,11c65f17-5691-4c74-bb0a-831ffdd4afd1,"",Forward,100099395448,100099395448,11504,1530.48,5.0,1721.0,0.0,1721.0,packet_delivered,0.0,0.0,0.0,0.0,0.0,0.0,0.0,0.0,NA,0,1778.0
NFT-/XUTR/DEUTH02615930658X,48.48,0.0,0.0,1699.0,1018.0,240.248,4.848,0.0,0.0,prepaid,0.97,0.0,0.0,45.0,0.0,53.1,718.834,"",'133142028840933125201,2026-06-08,11166673905,91c9b37b-7d40-4548-a77b-56a55f09af99,"",Forward,100111944600,100111944600,11504,969.52,5.0,510.0,0.0,510.0,packet_delivered,0.0,0.0,0.0,0.0,0.0,0.0,0.0,0.0,NA,0,1189.0
NFT-/XUTR/DEUTH02615930658X,63.24,0.0,0.0,2999.0,1328.0,329.078,6.324,0.0,0.0,prepaid,1.265,0.0,0.0,45.0,0.0,53.1,938.233,"",'133086812235582582901,2026-06-08,11151442137,251202a6-d035-4ad3-ba9a-d71e4f118c05,"",Forward,100096712852,100096712852,11504,1264.76,5.0,1500.0,0.0,1500.0,packet_delivered,0.0,0.0,0.0,0.0,0.0,0.0,0.0,0.0,NA,0,1499.0
NFT-/XUTR/DEUTH02615930658X,58.86,0.0,0.0,3499.0,1236.0,306.281,5.886,0.0,0.0,prepaid,1.177,0.0,0.0,45.0,0.0,53.1,869.556,"",'133107785299893309103,2026-06-08,11155849687,7e0334a4-fddc-42cb-a6d6-451e644f6a22,"",Forward,100101120393,1000030231579,11504,1177.14,5.0,2092.0,0.0,2092.0,packet_delivered,0.0,0.0,0.0,0.0,0.0,0.0,0.0,0.0,NA,0,1407.0
NFT-/XUTR/DEUTH02615930658X,0.0,30.36,30.36,2999.0,1275.0,315.945,0.0,3.0355,3.0355,prepaid,1.214,106.0,0.0,0.0,0.0,125.08,-1076.85,"",'133144857009271181501,2026-06-08,11167296950,85027948-c79a-4138-abb0-63b03210729b,100164859983,Reverse,100112567644,1000032433313,11504,1214.28,5.0,1553.0,0.0,1553.0,return_refund,0.0,0.0,0.0,0.0,0.0,0.0,0.0,0.0,NA,0,1445.9999999999998
NFT-/XUTR/DEUTH02615930658X,53.52,0.0,0.0,1950.0,3.4799999999999995,0.821,0.017,0.0,0.0,prepaid,0.003,0.563,0.0,0.0,0.0,0.66434,-3.303,"",'133108564764677713901,2026-06-08,11156043510,94436563-52e5-4251-a292-701f98ee6c84,11156043510,Reverse,100101314215,100101314215,11504,1070.48,5.0,655.0,0.0,655.0,exchange,0.0,0.0,0.0,0.0,0.0,0.0,0.0,0.0,NA,0,1295.0
NFT-/XUTR/DEUTH02615930658X,28.81,0.0,0.0,1999.0,605.0,28.555999999999997,2.881,0.0,0.0,prepaid,0.576,127.0,0.0,0.0,0.0,149.86,-722.847,"",'133118538834736118701,2026-06-08,11158302045,f45c6bb4-88c7-433f-b85e-b7ac25563105,100164557250,Reverse,100103572747,1000030849789,11504,576.19,5.0,1300.0,0.0,1300.0,return_refund,0.0,0.0,0.0,0.0,0.0,0.0,0.0,0.0,NA,0,699.0
NFT-/XUTR/DEUTH02615930658X,71.67,0.0,0.0,3299.0,1505.0,372.939,7.167,0.0,0.0,prepaid,1.433,0.0,0.0,45.0,0.0,53.1,1070.361,"",'133118885823576640203,2026-06-08,11158573069,17ded8f0-9589-449b-bcf0-3ac3b48f083b,"",Forward,100103843771,100103843771,11504,1433.33,5.0,1623.0,0.0,1623.0,packet_delivered,0.0,0.0,0.0,0.0,0.0,0.0,0.0,0.0,NA,0,1676.0
NFT-/XUTR/DEUTH02615930658X,40.71,0.0,0.0,1999.0,855.0,221.958,4.071,0.0,0.0,prepaid,0.814,0.0,0.0,27.0,0.0,31.86,596.297,"",'133110621804542082601,2026-06-08,11156442915,ed602a44-6e09-48e9-a5aa-6ba563c07ccc,"",Forward,100101713620,100101713620,11504,814.29,5.0,1050.0,0.0,1050.0,packet_delivered,0.0,0.0,0.0,0.0,0.0,0.0,0.0,0.0,NA,0,949.0
NFT-/XUTR/DEUTH02615930658X,18.38,0.0,0.0,1650.0,386.0,18.219,1.838,0.0,0.0,prepaid,0.368,106.0,0.0,0.0,0.0,125.08,-490.655,"",'133147595961515063803,2026-06-08,11167503715,3c546fdc-63e2-4be8-bb6c-e7087e311226,100164781825,Reverse,100112774409,1000032379508,11504,367.62,5.0,1205.0,0.0,1205.0,return_refund,0.0,0.0,0.0,0.0,0.0,0.0,0.0,0.0,NA,0,445.0
NFT-/XUTR/DEUTH02615930658X,0.0,31.6,31.6,2999.0,1327.0,328.831,0.0,3.1595,3.1595,prepaid,1.264,106.0,0.0,0.0,0.0,125.08,-1115.666,"",'133143622809468688901,2026-06-08,11167064543,471bd5b1-5dc8-411c-8b2f-e4380d9a0cac,11167064543,Reverse,100112335237,100112335237,11504,1263.8,5.0,1501.0,0.0,1501.0,exchange,0.0,0.0,0.0,0.0,0.0,0.0,0.0,0.0,NA,0,1497.9999999999998
NFT-/XUTR/DEUTH02615930658X,31.95,0.0,0.0,3399.0,671.0,31.671000000000003,3.195,0.0,0.0,prepaid,0.639,0.0,0.0,27.0,5.771,38.66978,596.825,"",'133096867448363527803,2026-06-08,11153809204,f25f89e1-2b40-4eea-beac-13301c5ee8fe,"",Forward,100099079913,1000029783518,11504,639.05,5.0,2634.0,0.0,2634.0,packet_delivered,0.0,0.0,0.0,0.0,0.0,0.0,0.0,0.0,NA,0,765.0
NFT-/XUTR/DEUTH02615930658X,35.29,0.0,0.0,2999.0,741.0,34.97500000000001,3.529,0.0,0.0,prepaid,0.706,0.0,0.0,27.0,0.0,31.86,669.93,"",'133105810804337201801,2026-06-08,11155385874,1c2820e1-4aee-4a67-98b4-5710274609a0,"",Forward,100100656580,100100656580,11504,705.71,5.0,2164.0,0.0,2164.0,packet_delivered,0.0,0.0,0.0,0.0,0.0,0.0,0.0,0.0,NA,0,835.0
NFT-/XUTR/DEUTH02615930658X,20.14,0.0,0.0,1799.0,110.927,5.235999999999999,0.528,0.0,0.0,prepaid,0.106,0.0,0.0,4.983,0.0,5.87994,99.177,"",'133123671061082836201,2026-06-08,11160419208,93b15ad4-5849-46de-ae23-cdeac61f3323,"",Forward,100105689909,100105689909,11504,402.86,5.0,1317.0,0.0,1317.0,packet_delivered,0.0,0.0,0.0,0.0,0.0,0.0,0.0,0.0,NA,0,482.0
NFT-/XUTR/DEUTH02615930658X,58.1,0.0,0.0,2999.0,1220.0,302.316,5.81,0.0,0.0,prepaid,1.162,106.0,0.0,0.0,0.0,125.08,-1035.792,"",'133125395973968127003,2026-06-08,11160823976,a54231e7-7e4d-4ef1-ac52-78e5c45036f5,100164454354,Reverse,100106094677,100106094677,11504,1161.9,5.0,1608.0,0.0,1608.0,return_refund,0.0,0.0,0.0,0.0,0.0,0.0,0.0,0.0,NA,0,1391.0
NFT-/XUTR/DEUTH02615930658X,30.14,0.0,0.0,1999.0,633.0,29.878000000000004,3.014,0.0,0.0,prepaid,0.603,0.0,0.0,27.0,0.0,31.86,567.645,"",'133137537444016599201,2026-06-08,11165735948,c70b33d2-e1fa-4dd0-9146-d722544f144a,"",Forward,100111006643,1000031996115,11504,602.86,5.0,1272.0,0.0,1272.0,packet_delivered,0.0,0.0,0.0,0.0,0.0,0.0,0.0,0.0,NA,0,727.0
NFT-/XUTR/DEUTH02615930658X,68.67,0.0,0.0,3399.0,1442.0,357.328,6.867,0.0,0.0,prepaid,1.373,0.0,0.0,45.0,0.0,53.1,1023.332,"",'133142602594188409303,2026-06-08,11166807935,913fe7d5-14c5-4451-8ff8-b0cab72a054f,"",Forward,100112078630,1000032417937,11504,1373.33,5.0,1786.0,0.0,1786.0,packet_delivered,0.0,0.0,0.0,0.0,0.0,0.0,0.0,0.0,NA,0,1613.0
NFT-/XUTR/DEUTH02615930658X,96.43,0.0,0.0,3299.0,2025.0,477.9,9.643,0.0,0.0,prepaid,1.929,106.0,0.0,0.0,0.0,125.08,-1660.608,"",'133136133356682319203,2026-06-08,11164346580,aca218f9-b62a-4bfd-b40a-706345ff28c1,100166309303,Reverse,100109617275,1000032011965,11504,1928.57,5.0,1068.0,0.0,1068.0,return_refund,0.0,0.0,0.0,0.0,0.0,0.0,0.0,0.0,NA,0,2231.0
NFT-/XUTR/DEUTH02615930658X,22.81,0.0,0.0,1599.0,479.0,22.609,2.281,0.0,0.0,prepaid,0.456,0.0,0.0,27.0,0.0,31.86,421.794,"",'133144808772550056303,2026-06-08,11167293627,3d285d0e-90be-4e21-8eb1-d7af76c6dbf9,"",Forward,100112564321,1000032304255,11504,456.19,5.0,1026.0,0.0,1026.0,packet_delivered,0.0,0.0,0.0,0.0,0.0,0.0,0.0,0.0,NA,0,573.0
NFT-/XUTR/DEUTH02615930658X,41.19,0.0,0.0,2999.0,865.0,224.554,4.119,0.0,0.0,prepaid,0.824,0.0,0.0,27.0,3.892,36.45256,599.05,"",'133109310530847793801,2026-06-08,11156262480,480d92bd-0494-4469-ba6e-58395ffb6c84,"",Forward,100101533185,100101533185,11504,823.81,5.0,2040.0,0.0,2040.0,packet_delivered,0.0,0.0,0.0,0.0,0.0,0.0,0.0,0.0,NA,0,959.0
NFT-/XUTR/DEUTH02615930658X,77.52,0.0,0.0,1799.0,1628.0,384.208,7.752,0.0,0.0,prepaid,1.55,0.0,0.0,45.0,0.0,53.1,1181.39,"",'133099826444927621301,2026-06-08,11154439860,afc8576e-a02e-4a2f-acfb-c1d7d56e7677,"",Forward,100099710568,100099710568,11504,1550.48,5.0,0.0,0.0,0.0,packet_delivered,0.0,0.0,0.0,0.0,0.0,0.0,0.0,0.0,NA,0,1799.0
NFT-/XUTR/DEUTH02615930658X,38.1,0.0,0.0,2299.0,680.0,176.528,3.238,0.0,0.0,prepaid,0.648,0.0,0.0,22.95,0.0,27.081,472.505,"",'133121438737240534003,2026-06-08,11159716804,0ba621a9-7658-4c27-9f0b-ace5df52dc9f,"",Forward,100104987505,1000030856548,11504,761.9,5.0,1405.0,120.0,1525.0,packet_delivered,0.0,0.0,0.0,0.0,0.0,0.0,0.0,0.0,NA,0,894.0
NFT-/XUTR/DEUTH02615930658X,43.05,0.0,0.0,1999.0,904.0,234.678,4.305,0.0,0.0,prepaid,0.861,0.0,0.0,27.0,0.0,31.86,632.296,"",'133147770870676442603,2026-06-08,11167540746,d97ae70f-75fd-4182-9591-1b2af51864af,"",Forward,100112811440,100112811440,11504,860.95,5.0,1001.0,0.0,1001.0,packet_delivered,0.0,0.0,0.0,0.0,0.0,0.0,0.0,0.0,NA,0,998.0
NFT-/XUTR/DEUTH02615930658X,46.71,0.0,0.0,3099.0,981.0,254.66800000000003,4.671,0.0,0.0,prepaid,0.934,182.0,0.0,0.0,0.0,214.76,-935.487,"",'133123953365969154601,2026-06-08,11160488911,187f6cf9-18fc-43d1-a411-e96746408af4,100164725116,Reverse,100105759612,100105759612,11504,934.29,5.0,1947.0,0.0,1947.0,return_refund,0.0,0.0,0.0,0.0,0.0,0.0,0.0,0.0,NA,0,1152.0
NFT-/XUTR/DEUTH02615930658X,56.71,0.0,0.0,2899.0,1191.0,295.13,5.671,0.0,0.0,prepaid,1.134,0.0,0.0,45.0,0.0,53.1,835.965,"",'133098465559891866701,2026-06-08,11154150895,3fa57e61-5ff8-46a0-a8bf-edc13b6724f6,"",Forward,100099421604,100099421604,11504,1134.29,5.0,1537.0,0.0,1537.0,packet_delivered,0.0,0.0,0.0,0.0,0.0,0.0,0.0,0.0,NA,0,1362.0
NFT-/XUTR/DEUTH02615930658X,32.19,0.0,0.0,1599.0,676.0,175.49,3.219,0.0,0.0,prepaid,0.644,0.0,0.0,27.0,0.0,31.86,464.787,"",'133142829690740551103,2026-06-08,11166862240,c3f523c9-e49d-47c4-ab39-93bb93ac6d96,"",Forward,100112132935,1000032191873,11504,643.81,5.0,829.0,0.0,829.0,packet_delivered,0.0,0.0,0.0,0.0,0.0,0.0,0.0,0.0,NA,0,770.0
NFT-/XUTR/DEUTH02615930658X,22.29,0.0,0.0,1650.0,468.00000000000006,22.09,2.229,0.0,0.0,prepaid,0.446,106.0,0.0,0.0,0.0,125.08,-568.315,"",'133144367470019929603,2026-06-08,11167244558,c2f35a0c-3a70-449b-acbc-061af2103dbf,11167244558,Reverse,100112515252,1000032428462,11504,445.71,5.0,1088.0,0.0,1088.0,exchange,0.0,0.0,0.0,0.0,0.0,0.0,0.0,0.0,NA,0,562.0
NFT-/XUTR/DEUTH02615930658X,20.95,0.0,0.0,1750.0,440.0,20.768,2.095,0.0,0.0,prepaid,0.419,0.0,0.0,19.0,0.0,22.42,394.298,"",'133136491966915023403,2026-06-08,11164980468,9727a61b-2205-4bb7-b86e-81b42e80961d,"",Forward,100110251163,100110251163,11504,419.05,5.0,1251.0,0.0,1251.0,packet_delivered,0.0,0.0,0.0,0.0,0.0,0.0,0.0,0.0,NA,0,499.0
NFT-/XUTR/DEUTH02615930658X,68.67,0.0,0.0,3399.0,1442.0,357.328,6.867,0.0,0.0,prepaid,1.373,106.0,0.0,0.0,0.0,125.08,-1201.512,"",'133124960997722339603,2026-06-08,11160720235,ee78f42c-f8e3-41ba-a7df-76c924fdfa42,11160720235,Reverse,100105990936,100105990936,11504,1373.33,5.0,1786.0,0.0,1786.0,exchange,0.0,0.0,0.0,0.0,0.0,0.0,0.0,0.0,NA,0,1613.0
NFT-/XUTR/DEUTH02615930658X,21.38,0.0,0.0,1599.0,449.0,21.193,2.138,0.0,0.0,prepaid,0.428,182.0,0.0,0.0,0.0,214.76,-640.001,"",'133122575777564222003,2026-06-08,11160138781,ee1252ba-40b4-4d66-a9eb-f64440375f4b,100164701576,Reverse,100105409482,1000030852740,11504,427.62,5.0,1056.0,0.0,1056.0,return_refund,0.0,0.0,0.0,0.0,0.0,0.0,0.0,0.0,NA,0,543.0
NFT-/XUTR/DEUTH02615930658X,59.62,0.0,0.0,2999.0,1252.0,310.246,5.962,0.0,0.0,prepaid,1.192,0.0,0.0,45.0,0.0,53.1,881.5,"",'133135120409903970401,2026-06-08,11163810530,ce1a087e-7687-4027-b9a3-63ff0af270c7,"",Forward,100109081225,100109081225,11504,1192.38,5.0,1576.0,0.0,1576.0,packet_delivered,0.0,0.0,0.0,0.0,0.0,0.0,0.0,0.0,NA,0,1423.0
NFT-/XUTR/DEUTH02615930658X,30.67,0.0,0.0,1699.0,644.0,167.182,3.067,0.0,0.0,prepaid,0.613,0.0,0.0,27.0,0.0,31.86,441.278,"",'133124118741419723901,2026-06-08,11160528687,c53588ef-489a-4ff0-b1b5-d5b9d87ce64d,"",Forward,100105799388,100105799388,11504,613.33,5.0,961.0,0.0,961.0,packet_delivered,0.0,0.0,0.0,0.0,0.0,0.0,0.0,0.0,NA,0,738.0
NFT-/XUTR/DEUTH02615930658X,69.95,0.0,0.0,3399.0,1469.0,364.018,6.995,0.0,0.0,prepaid,1.399,106.0,0.0,0.0,0.0,125.08,-1221.668,"",'133135078975006048001,2026-06-08,11163800144,1c5e1d61-d520-400b-bebf-7d99dd4e0c96,11163800144,Reverse,100109070839,1000032010320,11504,1399.05,5.0,1759.0,0.0,1759.0,exchange,0.0,0.0,0.0,0.0,0.0,0.0,0.0,0.0,NA,0,1640.0
NFT-/XUTR/DEUTH02615930658X,403.17,0.0,0.0,2999.0,2643.0,623.748,11.199,0.0,0.0,prepaid,2.24,0.0,0.0,61.0,0.0,71.98,1933.833,"",'133099001514871437101,2026-06-08,11154260970,6c5f4b1b-d445-47ac-b5c3-f973ea961eda,"",Forward,100099531678,100099531678,11504,2239.83,18.0,150.0,0.0,150.0,packet_delivered,0.0,0.0,0.0,0.0,0.0,0.0,0.0,0.0,NA,0,2849.0
NFT-/XUTR/DEUTH02615930658X,26.52,0.0,0.0,1499.0,557.0,39.436,2.652,0.0,0.0,prepaid,0.53,0.0,0.0,27.0,0.0,31.86,482.522,"",'133099589968074217503,2026-06-08,11154386144,fa3d4061-c7f0-498a-b06f-117131c36fba,"",Forward,100099656852,100099656852,11504,530.48,5.0,848.0,0.0,848.0,packet_delivered,0.0,0.0,0.0,0.0,0.0,0.0,0.0,0.0,NA,0,651.0
NFT-/XUTR/DEUTH02615930658X,31.19,0.0,0.0,2299.0,554.0,26.149,2.638,0.0,0.0,prepaid,0.528,153.936,0.0,0.0,0.0,181.64448,-706.329,"",'133121438737240534003,2026-06-08,11159716807,0ba621a9-7658-4c27-9f0b-ace5df52dc9f,100164821530,Reverse,100104987508,1000030856548,11504,623.81,5.0,1550.0,101.0,1651.0,return_refund,0.0,0.0,0.0,0.0,0.0,0.0,0.0,0.0,NA,0,749.0
NFT-/XUTR/DEUTH02615930658X,639.61,0.0,0.0,4399.0,4193.0,989.548,17.767,0.0,0.0,prepaid,3.553,0.0,0.0,61.0,0.0,71.98,3110.152,"",'133107846815226718901,2026-06-08,11155863851,6ac4f073-f2b7-4404-928d-6cfb8c2a0e62,"",Forward,100101134557,1000030239067,11504,3553.39,18.0,0.0,0.0,0.0,packet_delivered,0.0,0.0,0.0,0.0,0.0,0.0,0.0,0.0,NA,0,4399.0
NFT-/XUTR/DEUTH02615930658X,20.29,0.0,0.0,1750.0,426.0,20.107,2.029,0.0,0.0,prepaid,0.406,0.0,0.0,15.0,0.0,17.7,385.758,"",'133125755920295441403,2026-06-08,11160915770,8e48331e-1041-4997-9983-62afa66a0766,"",Forward,100106186470,100106186470,11504,405.71,5.0,1230.0,0.0,1230.0,packet_delivered,0.0,0.0,0.0,0.0,0.0,0.0,0.0,0.0,NA,0,520.0
NFT-/XUTR/DEUTH02615930658X,32.57,0.0,0.0,2499.0,684.0,32.285,3.257,0.0,0.0,prepaid,0.651,182.0,0.0,0.0,0.0,214.76,-862.567,"",'133114708011438123301,2026-06-08,11157298426,5b8e9303-6eee-42ab-8edf-94b945b890ad,100165589849,Reverse,100102569129,100102569129,11504,651.43,5.0,1721.0,0.0,1721.0,return_refund,0.0,0.0,0.0,0.0,0.0,0.0,0.0,0.0,NA,0,778.0
NFT-/XUTR/DEUTH02615930658X,26.29,0.0,0.0,1999.0,552.0,26.054,2.629,0.0,0.0,prepaid,0.526,0.0,0.0,7.0,0.0,8.26,514.531,"",'133105188542720799401,2026-06-08,11155223732,726a15cc-9843-477f-9151-bd3e23100aae,"",Forward,100100494439,100100494439,11504,525.71,5.0,1353.0,0.0,1353.0,packet_delivered,0.0,0.0,0.0,0.0,0.0,0.0,0.0,0.0,NA,0,646.0
NFT-/XUTR/DEUTH02615930658X,35.05,0.0,0.0,1750.0,736.0,191.066,3.505,0.0,0.0,prepaid,0.701,0.0,0.0,27.0,0.0,31.86,508.868,"",'133103990592324092101,2026-06-08,11154960903,606769a1-e58d-4bd4-834a-d471b57ad279,"",Forward,100100231610,1000029787157,11504,700.95,5.0,920.0,0.0,920.0,packet_delivered,0.0,0.0,0.0,0.0,0.0,0.0,0.0,0.0,NA,0,830.0
NFT-/XUTR/DEUTH02615930658X,25.33,0.0,0.0,1999.0,28.049,1.324,0.134,0.0,0.0,prepaid,0.027,0.0,0.0,0.158,0.373,0.62658,25.937,"",'133108200400916943201,2026-06-08,11155949817,f843f683-f0d7-459c-b066-466cf5d0c12d,"",Forward,100101220523,100101220523,11504,506.67,5.0,1373.0,0.0,1373.0,packet_delivered,0.0,0.0,0.0,0.0,0.0,0.0,0.0,0.0,NA,0,626.0
NFT-/XUTR/DEUTH02615930658X,0.0,48.91,48.91,3399.0,2054.0,484.744,0.0,4.8905,4.8905,prepaid,1.956,0.0,0.0,61.0,0.0,71.98,1485.539,"",'133144251909607742201,2026-06-08,11167224414,b0999e44-b724-41ab-b65b-ffc39de3036a,"",Forward,100112495108,100112495108,11504,1956.2,5.0,1139.0,0.0,1139.0,packet_delivered,0.0,0.0,0.0,0.0,0.0,0.0,0.0,0.0,NA,0,2260.02
NFT-/XUTR/DEUTH02615930658X,40.52,0.0,0.0,2100.0,851.0,220.92,4.052,0.0,0.0,prepaid,0.81,0.0,0.0,27.0,0.0,31.86,593.358,"",'133137537444016599201,2026-06-08,11165735933,c70b33d2-e1fa-4dd0-9146-d722544f144a,"",Forward,100111006628,1000031996115,11504,810.48,5.0,1155.0,0.0,1155.0,packet_delivered,0.0,0.0,0.0,0.0,0.0,0.0,0.0,0.0,NA,0,945.0
NFT-/XUTR/DEUTH02615930658X,27.95,0.0,0.0,2499.0,587.0,27.706,2.795,0.0,0.0,prepaid,0.559,0.0,0.0,3.0,0.0,3.54,552.4,"",'133097896572622721903,2026-06-08,11154033610,cb34c2d5-8d19-44c2-9ae6-175bc0be2830,"",Forward,100099304319,100099304319,11504,559.05,5.0,1818.0,0.0,1818.0,packet_delivered,0.0,0.0,0.0,0.0,0.0,0.0,0.0,0.0,NA,0,681.0
NFT-/XUTR/DEUTH02615930658X,49.19,0.0,0.0,2499.0,1033.0,255.977,4.919,0.0,0.0,prepaid,0.984,0.0,0.0,45.0,0.0,53.1,718.02,"",'133108580639586728203,2026-06-08,11156047609,eac14c14-ef4b-4dba-9169-0b9325ca1ce2,"",Forward,100101318314,100101318314,11504,983.81,5.0,1295.0,0.0,1295.0,packet_delivered,0.0,0.0,0.0,0.0,0.0,0.0,0.0,0.0,NA,0,1204.0
NFT-/XUTR/DEUTH02615930658X,66.43,0.0,0.0,3299.0,1395.0,345.681,6.643,0.0,0.0,prepaid,1.329,0.0,0.0,45.0,0.0,53.1,988.247,"",'133130143417299587501,2026-06-08,11162027129,62c3c347-cd17-43bb-b0a8-e8a9bbfb3e85,"",Forward,100107297827,100107297827,11504,1328.57,5.0,1733.0,0.0,1733.0,packet_delivered,0.0,0.0,0.0,0.0,0.0,0.0,0.0,0.0,NA,0,1566.0
NFT-/XUTR/DEUTH02615930658X,24.91,0.0,0.0,1999.0,523.0,24.686000000000003,2.49,0.0,0.0,prepaid,0.498,0.0,0.0,3.0,0.0,3.54,491.786,"",'133148565232901303703,2026-06-08,11167752416,25ab2f9b-758a-4638-bbaf-2b26b338e097,"",Forward,100113023110,100113023110,11504,498.1,5.0,1382.0,0.0,1382.0,packet_delivered,0.0,0.0,0.0,0.0,0.0,0.0,0.0,0.0,NA,0,617.01
NFT-/XUTR/DEUTH02615930658X,59.62,0.0,0.0,2999.0,1252.0,310.246,5.962,0.0,0.0,prepaid,1.192,0.0,0.0,45.0,0.0,53.1,881.5,"",'133100212334234775601,2026-06-08,11154539635,9c65904b-a081-4ead-9c23-ae295a2e4d5d,"",Forward,100099810343,100099810343,11504,1192.38,5.0,1576.0,0.0,1576.0,packet_delivered,0.0,0.0,0.0,0.0,0.0,0.0,0.0,0.0,NA,0,1423.0
NFT-/XUTR/DEUTH02615930658X,38.33,0.0,0.0,1799.0,805.0,208.978,3.833,0.0,0.0,prepaid,0.767,0.0,0.0,27.0,0.0,31.86,559.562,"",'133106027979362811301,2026-06-08,11155443772,ab6e05a4-0c32-413e-bf92-bdbe0410808f,"",Forward,100100714478,100100714478,11504,766.67,5.0,900.0,0.0,900.0,packet_delivered,0.0,0.0,0.0,0.0,0.0,0.0,0.0,0.0,NA,0,899.0
NFT-/XUTR/DEUTH02615930658X,21.43,0.0,0.0,1599.0,450.0,21.24,2.143,0.0,0.0,prepaid,0.429,0.0,0.0,15.0,0.0,17.7,408.488,"",'133136279307417703003,2026-06-08,11164602526,84497042-c0d0-4521-ac77-0a361a9aed4b,"",Forward,100109873220,1000031737543,11504,428.57,5.0,1055.0,0.0,1055.0,packet_delivered,0.0,0.0,0.0,0.0,0.0,0.0,0.0,0.0,NA,0,544.0
NFT-/XUTR/DEUTH02615930658X,41.19,0.0,0.0,2999.0,865.0,224.554,4.119,0.0,0.0,prepaid,0.824,182.0,0.0,0.0,0.0,214.76,-850.263,"",'133109310530847793801,2026-06-08,11156262480,480d92bd-0494-4469-ba6e-58395ffb6c84,100164434904,Reverse,100101533185,100101533185,11504,823.81,5.0,2040.0,0.0,2040.0,return_refund,0.0,0.0,0.0,0.0,0.0,0.0,0.0,0.0,NA,0,959.0
NFT-/XUTR/DEUTH02615930658X,71.67,0.0,0.0,3299.0,1505.0,372.939,7.167,0.0,0.0,prepaid,1.433,182.0,0.0,0.0,0.0,214.76,-1338.221,"",'133111945404013587501,2026-06-08,11156490749,8091f8f4-b26a-43e3-b2fc-2b686c6b38dd,100164959245,Reverse,100101761453,100101761453,11504,1433.33,5.0,1623.0,0.0,1623.0,return_refund,0.0,0.0,0.0,0.0,0.0,0.0,0.0,0.0,NA,0,1676.0
NFT-/XUTR/DEUTH02615930658X,38.91,0.0,0.0,1799.0,817.0,212.093,3.89,0.0,0.0,prepaid,0.778,0.0,0.0,27.0,0.0,31.86,568.379,"",'133137537444016599201,2026-06-08,11165735931,c70b33d2-e1fa-4dd0-9146-d722544f144a,"",Forward,100111006626,1000031996115,11504,778.1,5.0,888.0,0.0,888.0,packet_delivered,0.0,0.0,0.0,0.0,0.0,0.0,0.0,0.0,NA,0,911.01
NFT-/XUTR/DEUTH02615930658X,82.29,0.0,0.0,1899.0,1728.0,407.808,8.229,0.0,0.0,prepaid,1.646,0.0,0.0,45.0,0.0,53.1,1257.217,"",'133101470804238766201,2026-06-08,11154802546,29092f23-045d-4c34-985c-035e613ef018,"",Forward,100100073253,100100073253,11504,1645.71,5.0,0.0,0.0,0.0,packet_delivered,0.0,0.0,0.0,0.0,0.0,0.0,0.0,0.0,NA,0,1899.0
NFT-/XUTR/DEUTH02615930658X,0.0,9.52,9.52,1699.0,400.0,18.88,0.0,0.9525,0.9525,prepaid,0.381,0.0,0.0,0.0,0.0,0.0,378.834,"",'133135613073820218303,2026-06-08,11163919145,b1be3cb8-d985-4bed-9b61-bdc700bc8b33,"",Forward,100109189840,100109189840,11504,380.96,5.0,1205.0,0.0,1205.0,packet_delivered,0.0,0.0,0.0,0.0,0.0,0.0,0.0,0.0,NA,0,493.99999999999994
NFT-/XUTR/DEUTH02615930658X,20.14,0.0,0.0,1799.0,423.0,19.966,2.014,0.0,0.0,prepaid,0.403,182.0,0.0,0.0,0.0,214.76,-615.377,"",'133113823739727650801,2026-06-08,11156869143,35020d86-5018-4653-bb4f-513d2549e632,100164856372,Reverse,100102139846,100102139846,11504,402.86,5.0,1317.0,0.0,1317.0,return_refund,0.0,0.0,0.0,0.0,0.0,0.0,0.0,0.0,NA,0,482.0
NFT-/XUTR/DEUTH02615930658X,72.29,0.0,0.0,3499.0,35.01,8.675,0.167,0.0,0.0,prepaid,0.033,0.0,0.0,1.038,0.0,1.22484,24.91,"",'133104236607240762703,2026-06-08,11155004160,c19ffd73-ffe3-4b92-96ca-7e12da7c8fe4,"",Forward,100100274867,1000029795702,11504,1445.71,5.0,1810.0,0.0,1810.0,packet_delivered,0.0,0.0,0.0,0.0,0.0,0.0,0.0,0.0,NA,0,1689.0
NFT-/XUTR/DEUTH02615930658X,33.29,0.0,0.0,2799.0,699.0,32.993,3.329,0.0,0.0,prepaid,0.666,0.0,0.0,27.0,0.0,31.86,630.152,"",'133112932265836369003,2026-06-08,11156633346,de48a04d-3642-4c0f-92e0-708b28e2c847,"",Forward,100101904049,1000030231736,11504,665.71,5.0,2006.0,0.0,2006.0,packet_delivered,0.0,0.0,0.0,0.0,0.0,0.0,0.0,0.0,NA,0,793.0
NFT-/XUTR/DEUTH02615930658X,59.62,0.0,0.0,2999.0,1252.0,310.246,5.962,0.0,0.0,prepaid,1.192,0.0,0.0,45.0,0.0,53.1,881.5,"",'133131052174968822201,2026-06-08,11162536480,71420534-59ba-4285-afa4-6d684d19441f,"",Forward,100107807177,100107807177,11504,1192.38,5.0,1576.0,0.0,1576.0,packet_delivered,0.0,0.0,0.0,0.0,0.0,0.0,0.0,0.0,NA,0,1423.0
NFT-/XUTR/DEUTH02615930658X,14.71,0.0,0.0,599.0,505.0,77.467,2.451,0.0,0.0,prepaid,0.49,0.0,0.0,27.0,0.0,31.86,392.732,"",'133141296416260452503,2026-06-08,11166496366,b40ee74a-9482-4aba-af7a-c04c15e3cc39,"",Forward,100111767061,1000032112835,11504,490.29,3.0,0.0,0.0,0.0,packet_delivered,0.0,0.0,0.0,0.0,0.0,0.0,0.0,0.0,NA,0,599.0
NFT-/XUTR/DEUTH02615930658X,55.67,0.0,0.0,2999.0,1169.0,289.678,5.567,0.0,0.0,prepaid,1.113,182.0,0.0,0.0,0.0,214.76,-1087.402,"",'133114572892091242203,2026-06-08,11157201074,60b7cfdf-029a-4770-9fa8-8d5407816600,100164697503,Reverse,100102471777,100102471777,11504,1113.33,5.0,1659.0,0.0,1659.0,return_refund,0.0,0.0,0.0,0.0,0.0,0.0,0.0,0.0,NA,0,1340.0
NFT-/XUTR/DEUTH02615930658X,75.19,0.0,0.0,1750.0,1579.0,372.644,7.519,0.0,0.0,prepaid,1.504,0.0,0.0,45.0,0.0,53.1,1144.233,"",'133105208377433275801,2026-06-08,11155228794,f323eb66-94b1-453a-af66-9fe1a71cce98,"",Forward,100100499501,100100499501,11504,1503.81,5.0,0.0,0.0,0.0,packet_delivered,0.0,0.0,0.0,0.0,0.0,0.0,0.0,0.0,NA,0,1750.0
NFT-/XUTR/DEUTH02615930658X,36.24,0.0,0.0,1799.0,761.0,197.556,3.624,0.0,0.0,prepaid,0.725,0.0,0.0,27.0,0.0,31.86,527.235,"",'133115975019170179503,2026-06-08,11157653940,2b1140dc-f31f-451d-81e3-c2f082034762,"",Forward,100102924643,1000030395520,11504,724.76,5.0,944.0,0.0,944.0,packet_delivered,0.0,0.0,0.0,0.0,0.0,0.0,0.0,0.0,NA,0,855.0
NFT-/XUTR/DEUTH02615930658X,18.62,0.0,0.0,1599.0,391.0,18.455,1.862,0.0,0.0,prepaid,0.372,0.0,0.0,0.0,0.0,0.0,370.311,"",'133121218806944094003,2026-06-08,11159677862,dcca25fa-125c-4149-8e69-6f475eee85cc,"",Forward,100104948564,100104948564,11504,372.38,5.0,1114.0,0.0,1114.0,packet_delivered,0.0,0.0,0.0,0.0,0.0,0.0,0.0,0.0,NA,0,485.0
NFT-/XUTR/DEUTH02615930658X,74.14,0.0,0.0,3399.0,1557.0,349.079,7.414,0.0,0.0,prepaid,1.483,0.0,0.0,45.0,0.0,53.1,1145.924,"",'133147061063510421003,2026-06-08,11167410153,bd412a51-e685-40a3-866a-c14af1357d89,"",Forward,100112680847,100112680847,11504,1482.86,5.0,1671.0,0.0,1671.0,packet_delivered,0.0,0.0,0.0,0.0,0.0,0.0,0.0,0.0,NA,0,1728.0
NFT-/XUTR/DEUTH02615930658X,58.43,0.0,0.0,2799.0,1227.0,304.051,5.843,0.0,0.0,prepaid,1.169,106.0,0.0,0.0,0.0,125.08,-1041.017,"",'133148360901196725903,2026-06-08,11167693553,e54dec27-5ecb-4b76-a906-3bbc3f2c4768,100166048564,Reverse,100112964247,100112964247,11504,1168.57,5.0,1401.0,0.0,1401.0,return_refund,0.0,0.0,0.0,0.0,0.0,0.0,0.0,0.0,NA,0,1398.0
NFT-/XUTR/DEUTH02615930658X,44.71,0.0,0.0,2599.0,939.0,243.764,4.471,0.0,0.0,prepaid,0.894,0.0,0.0,27.0,0.0,31.86,658.011,"",'133073033087137871901,2026-06-08,11148621042,f7e7e168-f346-4a99-a132-620bc5b07ff0,"",Forward,100093891768,100093891768,11504,894.29,5.0,1489.0,0.0,1489.0,packet_delivered,0.0,0.0,0.0,0.0,0.0,0.0,0.0,0.0,NA,0,1110.0
NFT-/XUTR/DEUTH02615930658X,64.14,0.0,0.0,3499.0,1347.0,349.681,6.414,0.0,0.0,prepaid,1.283,0.0,0.0,45.0,0.0,53.1,936.522,"",'133098574586288006201,2026-06-08,11154173659,83e112d0-164e-4d64-b4d3-6b25bac56526,"",Forward,100099444368,100099444368,11504,1282.86,5.0,1958.0,0.0,1958.0,packet_delivered,0.0,0.0,0.0,0.0,0.0,0.0,0.0,0.0,NA,0,1541.0
NFT-/XUTR/DEUTH02615930658X,0.0,30.74,30.74,2199.0,1291.0,198.039,0.0,3.074,3.074,prepaid,1.23,0.0,0.0,45.0,0.0,53.1,1032.483,"",'133127648668302086703,2026-06-08,11161300607,0aa54aed-f057-47d8-87cd-b28e60182b6e,"",Forward,100106571306,100106571306,11504,1229.52,5.0,737.0,0.0,737.0,packet_delivered,0.0,0.0,0.0,0.0,0.0,0.0,0.0,0.0,NA,0,1462.0
NFT-/XUTR/DEUTH02615930658X,35.33,0.0,0.0,2499.0,742.0,35.022,3.533,0.0,0.0,prepaid,0.707,0.0,0.0,27.0,0.0,31.86,670.878,"",'133137537444016599201,2026-06-08,11165735929,c70b33d2-e1fa-4dd0-9146-d722544f144a,"",Forward,100111006624,1000031996115,11504,706.67,5.0,1663.0,0.0,1663.0,packet_delivered,0.0,0.0,0.0,0.0,0.0,0.0,0.0,0.0,NA,0,836.0
NFT-/XUTR/DEUTH02615930658X,20.29,0.0,0.0,1650.0,2.32,0.11,0.011,0.0,0.0,prepaid,0.002,0.577,0.0,0.0,0.0,0.68086,-2.878,"",'133140018763404678801,2026-06-08,11166170853,aa72274c-dc91-4619-a8c8-7fd65bb05472,100164590583,Reverse,100111441548,100111441548,11504,405.71,5.0,1130.0,0.0,1130.0,return_refund,0.0,0.0,0.0,0.0,0.0,0.0,0.0,0.0,NA,0,520.0
NFT-/XUTR/DEUTH02615930658X,108.81,0.0,0.0,3499.0,2285.0,539.26,10.881,0.0,0.0,prepaid,2.176,0.0,0.0,61.0,0.0,71.98,1660.703,"",'133107391425533017703,2026-06-08,11155759553,79b1209c-99ae-42b1-8a43-cace447cd772,"",Forward,100101030259,100101030259,11504,2176.19,5.0,1008.0,0.0,1008.0,packet_delivered,0.0,0.0,0.0,0.0,0.0,0.0,0.0,0.0,NA,0,2491.0
NFT-/XUTR/DEUTH02615930658X,30.71,0.0,0.0,2399.0,645.0,30.443999999999996,3.071,0.0,0.0,prepaid,0.614,182.0,0.0,0.0,0.0,214.76,-825.631,"",'133100042799153324703,2026-06-08,11154493994,09ef838b-a3c4-436a-9b3e-fe27058be416,11154493994,Reverse,100099764702,1000029790292,11504,614.29,5.0,1660.0,0.0,1660.0,exchange,0.0,0.0,0.0,0.0,0.0,0.0,0.0,0.0,NA,0,739.0
NFT-/XUTR/DEUTH02615930658X,35.05,0.0,0.0,1750.0,736.0,191.066,3.505,0.0,0.0,prepaid,0.701,182.0,0.0,0.0,0.0,214.76,-755.488,"",'133105736600560253903,2026-06-08,11155366499,767efe3c-23be-4cdc-a41c-4930abb4e2af,100167441530,Reverse,100100637205,1000029812119,11504,700.95,5.0,920.0,0.0,920.0,return_refund,0.0,0.0,0.0,0.0,0.0,0.0,0.0,0.0,NA,0,830.0
NFT-/XUTR/DEUTH02615930658X,64.24,0.0,0.0,3199.0,1349.0,334.282,6.424,0.0,0.0,prepaid,1.285,0.0,0.0,45.0,0.0,53.1,953.909,"",'133113973185555811201,2026-06-08,11156929849,875bbc0e-0071-4b11-b10c-960faa592815,"",Forward,100102200552,100102200552,11504,1284.76,5.0,1679.0,0.0,1679.0,packet_delivered,0.0,0.0,0.0,0.0,0.0,0.0,0.0,0.0,NA,0,1520.0
NFT-/XUTR/DEUTH02615930658X,63.29,0.0,0.0,2999.0,1329.0,329.326,6.329,0.0,0.0,prepaid,1.266,0.0,0.0,45.0,0.0,53.1,938.979,"",'133141376064529860101,2026-06-08,11166515884,166d3313-a1ad-46c2-877d-8a7888645348,"",Forward,100111786579,100111786579,11504,1265.71,5.0,1499.0,0.0,1499.0,packet_delivered,0.0,0.0,0.0,0.0,0.0,0.0,0.0,0.0,NA,0,1500.0
NFT-/XUTR/DEUTH02615930658X,0.0,29.86,29.86,2999.0,1254.0,310.741,0.0,2.9855,2.9855,prepaid,1.194,106.0,0.0,0.0,0.0,125.08,-1061.174,"",'133130243085433305803,2026-06-08,11162067814,28bb1265-bb7e-49e0-a1b8-cbea19ec9c77,100167018208,Reverse,100107338512,1000031406713,11504,1194.28,5.0,1574.0,0.0,1574.0,return_refund,0.0,0.0,0.0,0.0,0.0,0.0,0.0,0.0,NA,0,1424.9999999999998
NFT-/XUTR/DEUTH02615930658X,402.87,0.0,0.0,3999.0,2641.0,623.276,11.191,0.0,0.0,prepaid,2.238,0.0,0.0,61.0,0.0,71.98,1932.315,"",'133115346134730679501,2026-06-08,11157503095,0ae2f719-a7ea-4d6c-9bf0-80a26e9d6baf,"",Forward,100102773798,100102773798,11504,2238.14,18.0,1152.0,0.0,1152.0,packet_delivered,0.0,0.0,0.0,0.0,0.0,0.0,0.0,0.0,NA,0,2847.0099999999998
NFT-/XUTR/DEUTH02615930658X,25.67,0.0,0.0,1650.0,539.0,38.161,2.567,0.0,0.0,prepaid,0.513,106.0,0.0,0.0,0.0,125.08,-622.839,"",'133142898965184232603,2026-06-08,11166878915,8bc3e0c9-5b2f-4c54-a389-703d9b10f33d,100165674632,Reverse,100112149610,100112149610,11504,513.33,5.0,1017.0,0.0,1017.0,return_refund,0.0,0.0,0.0,0.0,0.0,0.0,0.0,0.0,NA,0,633.0
NFT-/XUTR/DEUTH02615930658X,32.57,0.0,0.0,3450.0,684.0,32.285,3.257,0.0,0.0,prepaid,0.651,0.0,0.0,27.0,0.0,31.86,615.947,"",'133107785299893309103,2026-06-08,11155849686,7e0334a4-fddc-42cb-a6d6-451e644f6a22,"",Forward,100101120392,1000030231579,11504,651.43,5.0,2672.0,0.0,2672.0,packet_delivered,0.0,0.0,0.0,0.0,0.0,0.0,0.0,0.0,NA,0,778.0
NFT-/XUTR/DEUTH02615930658X,59.62,0.0,0.0,2999.0,1252.0,310.246,5.962,0.0,0.0,prepaid,1.192,0.0,0.0,45.0,0.0,53.1,881.5,"",'133106334034982415403,2026-06-08,11155521685,acf72208-5fc9-4995-ab7b-945609af413c,"",Forward,100100792391,100100792391,11504,1192.38,5.0,1576.0,0.0,1576.0,packet_delivered,0.0,0.0,0.0,0.0,0.0,0.0,0.0,0.0,NA,0,1423.0
NFT-/XUTR/DEUTH02615930658X,0.0,42.57,42.57,2999.0,1788.0,443.066,0.0,4.257,4.257,prepaid,1.703,0.0,0.0,45.0,0.0,53.1,1281.617,"",'133135118719904492903,2026-06-08,11163810070,26e0842f-4d23-41b5-a179-1c7690734596,"",Forward,100109080765,100109080765,11504,1702.86,5.0,1005.0,0.0,1005.0,packet_delivered,0.0,0.0,0.0,0.0,0.0,0.0,0.0,0.0,NA,0,1993.9999999999998
NFT-/XUTR/DEUTH02615930658X,19.05,0.0,0.0,1699.0,400.0,18.88,1.905,0.0,0.0,prepaid,0.381,0.0,0.0,0.0,0.0,0.0,378.834,"",'133099639414278213801,2026-06-08,11154397092,ce9d0ba8-ab7d-4b08-97d0-388842a82bbe,"",Forward,100099667800,100099667800,11504,380.95,5.0,1205.0,0.0,1205.0,packet_delivered,0.0,0.0,0.0,0.0,0.0,0.0,0.0,0.0,NA,0,494.0
NFT-/XUTR/DEUTH02615930658X,100.95,0.0,0.0,3499.0,48.9,11.54,0.233,0.0,0.0,prepaid,0.047,0.0,0.0,1.407,0.0,1.66026,35.42,"",'133104236607240762703,2026-06-08,11155004161,c19ffd73-ffe3-4b92-96ca-7e12da7c8fe4,"",Forward,100100274868,1000029795702,11504,2019.05,5.0,1173.0,0.0,1173.0,packet_delivered,0.0,0.0,0.0,0.0,0.0,0.0,0.0,0.0,NA,0,2326.0
NFT-/XUTR/DEUTH02615930658X,103.48,0.0,0.0,3399.0,601.813,142.028,2.866,0.0,0.0,prepaid,0.573,35.173,0.0,0.0,0.0,41.50414,-497.85,"",'133123753514114174501,2026-06-08,11160440222,9f20f3fb-bbc5-4890-beba-8eadecde2ae6,100165281224,Reverse,100105710923,100105710923,11504,2069.52,5.0,1020.0,0.0,1020.0,return_refund,0.0,0.0,0.0,0.0,0.0,0.0,0.0,0.0,NA,0,2379.0
NFT-/XUTR/DEUTH02615930658X,54.76,0.0,0.0,2999.0,1150.0,284.97,5.476,0.0,0.0,prepaid,1.095,0.0,0.0,45.0,0.0,53.1,805.359,"",'133113524901303373303,2026-06-08,11156764537,28d5a4aa-8436-4f8d-b49a-ab00011af49e,"",Forward,100102035240,1000030237792,11504,1095.24,5.0,1678.0,0.0,1678.0,packet_delivered,0.0,0.0,0.0,0.0,0.0,0.0,0.0,0.0,NA,0,1321.0
NFT-/XUTR/DEUTH02615930658X,23.71,0.0,0.0,1650.0,498.0,23.506,2.371,0.0,0.0,prepaid,0.474,0.0,0.0,27.0,0.0,31.86,439.789,"",'133141296416260452503,2026-06-08,11166496363,b40ee74a-9482-4aba-af7a-c04c15e3cc39,"",Forward,100111767058,1000032112835,11504,474.29,5.0,1058.0,0.0,1058.0,packet_delivered,0.0,0.0,0.0,0.0,0.0,0.0,0.0,0.0,NA,0,592.0
NFT-/XUTR/DEUTH02615930658X,0.0,30.36,30.36,2999.0,1275.0,315.945,0.0,3.0355,3.0355,prepaid,1.214,0.0,0.0,45.0,0.0,53.1,898.67,"",'133144857009271181501,2026-06-08,11167296950,85027948-c79a-4138-abb0-63b03210729b,"",Forward,100112567644,1000032433313,11504,1214.28,5.0,1553.0,0.0,1553.0,packet_delivered,0.0,0.0,0.0,0.0,0.0,0.0,0.0,0.0,NA,0,1445.9999999999998
NFT-/XUTR/DEUTH02615930658X,402.87,0.0,0.0,3999.0,2641.0,623.276,11.191,0.0,0.0,prepaid,2.238,0.0,0.0,61.0,0.0,71.98,1932.315,"",'133105238972262760501,2026-06-08,11155236586,c433c983-c98c-4f8a-98e6-4cc565a551cf,"",Forward,100100507293,1000029785173,11504,2238.14,18.0,1152.0,0.0,1152.0,packet_delivered,0.0,0.0,0.0,0.0,0.0,0.0,0.0,0.0,NA,0,2847.0099999999998
NFT-/XUTR/DEUTH02615930658X,36.57,0.0,0.0,1699.0,768.0,199.373,3.657,0.0,0.0,prepaid,0.731,0.0,0.0,27.0,0.0,31.86,532.379,"",'133113490250679872603,2026-06-08,11156756189,4c09d2a3-efaf-4508-b481-a5e64ffc7d40,"",Forward,100102026892,1000030262366,11504,731.43,5.0,837.0,0.0,837.0,packet_delivered,0.0,0.0,0.0,0.0,0.0,0.0,0.0,0.0,NA,0,862.0
NFT-/XUTR/DEUTH02615930658X,0.0,201.59,201.59,2999.0,2643.0,623.748,0.0,5.5995,5.5995,prepaid,2.24,0.0,0.0,61.0,0.0,71.98,1933.833,"",'133134060332307386901,2026-06-08,11163555101,fddbb552-cef9-440d-ad0a-3efaf89e9f4c,"",Forward,100108825797,100108825797,11504,2239.84,18.0,150.0,0.0,150.0,packet_delivered,0.0,0.0,0.0,0.0,0.0,0.0,0.0,0.0,NA,0,2849.0200000000004
NFT-/XUTR/DEUTH02615930658X,19.43,0.0,0.0,1650.0,408.0,19.258,1.943,0.0,0.0,prepaid,0.389,0.0,0.0,15.0,7.548,26.60664,359.803,"",'133147595961515063803,2026-06-08,11167503710,3c546fdc-63e2-4be8-bb6c-e7087e311226,"",Forward,100112774404,1000032379508,11504,388.57,5.0,1148.0,0.0,1148.0,packet_delivered,0.0,0.0,0.0,0.0,0.0,0.0,0.0,0.0,NA,0,502.0
NFT-/XUTR/DEUTH02615930658X,66.48,0.0,0.0,3299.0,1396.0,345.929,6.648,0.0,0.0,prepaid,1.33,0.0,0.0,45.0,0.0,53.1,988.993,"",'133118944437809594303,2026-06-08,11158576866,a856febd-d5d5-420e-9a1b-731cae777a8e,"",Forward,100103847568,100103847568,11504,1329.52,5.0,1732.0,0.0,1732.0,packet_delivered,0.0,0.0,0.0,0.0,0.0,0.0,0.0,0.0,NA,0,1567.0
NFT-/XUTR/DEUTH02615930658X,97.81,0.0,0.0,3399.0,2054.0,484.744,9.781,0.0,0.0,prepaid,1.956,0.0,0.0,61.0,0.0,71.98,1485.539,"",'133122818796453021403,2026-06-08,11160200318,bb5b4c2c-d057-4450-a827-bf7761f1884e,"",Forward,100105471019,1000031411397,11504,1956.19,5.0,1139.0,0.0,1139.0,packet_delivered,0.0,0.0,0.0,0.0,0.0,0.0,0.0,0.0,NA,0,2260.0
NFT-/XUTR/DEUTH02615930658X,45.95,0.0,0.0,1599.0,965.0,250.514,4.595,0.0,0.0,prepaid,0.919,0.0,0.0,27.0,0.0,31.86,677.112,"",'133135789222451616801,2026-06-08,11163995183,1a322d6f-effd-4d5e-a57a-4846ef8367f6,"",Forward,100109265878,100109265878,11504,919.05,5.0,463.0,0.0,463.0,packet_delivered,0.0,0.0,0.0,0.0,0.0,0.0,0.0,0.0,NA,0,1136.0
NFT-/XUTR/DEUTH02615930658X,31.1,0.0,0.0,2199.0,653.0,30.822000000000003,3.11,0.0,0.0,prepaid,0.622,0.0,0.0,27.0,5.942,38.87156,579.574,"",'133139882364444412201,2026-06-08,11166133458,86e9d6c9-30bc-4d4b-adb5-c4775b6d6505,"",Forward,100111404153,1000032021940,11504,621.9,5.0,1452.0,0.0,1452.0,packet_delivered,0.0,0.0,0.0,0.0,0.0,0.0,0.0,0.0,NA,0,747.0
NFT-/XUTR/DEUTH02615930658X,97.81,0.0,0.0,3399.0,2054.0,484.744,9.781,0.0,0.0,prepaid,1.956,127.0,0.0,0.0,0.0,149.86,-1707.379,"",'133122818796453021403,2026-06-08,11160200318,bb5b4c2c-d057-4450-a827-bf7761f1884e,100164441778,Reverse,100105471019,1000031411397,11504,1956.19,5.0,1139.0,0.0,1139.0,return_refund,0.0,0.0,0.0,0.0,0.0,0.0,0.0,0.0,NA,0,2260.0
NFT-/XUTR/DEUTH02615930658X,40.14,0.0,0.0,3499.0,843.0,218.843,4.014,0.0,0.0,prepaid,0.803,0.0,0.0,27.0,0.0,31.86,587.48,"",'133081754817284822101,2026-06-08,11150528200,7ed956ad-c9b3-4999-b5c3-8ab1f0334b9c,"",Forward,100095798918,100095798918,11504,802.86,5.0,2485.0,0.0,2485.0,packet_delivered,0.0,0.0,0.0,0.0,0.0,0.0,0.0,0.0,NA,0,1014.0
NFT-/XUTR/DEUTH02615930658X,51.95,0.0,0.0,1899.0,1091.0,257.476,5.195,0.0,0.0,prepaid,1.039,0.0,0.0,45.0,0.0,53.1,774.19,"",'133113338100918412001,2026-06-08,11156720087,50cb3a3a-3a4c-452a-9bbf-f6f5c0101f9f,"",Forward,100101990790,1000030195170,11504,1039.05,5.0,637.0,0.0,637.0,packet_delivered,0.0,0.0,0.0,0.0,0.0,0.0,0.0,0.0,NA,0,1262.0
NFT-/XUTR/DEUTH02615930658X,19.1,0.0,0.0,1599.0,401.0,18.927,1.91,0.0,0.0,prepaid,0.382,0.0,0.0,15.0,0.0,17.7,362.081,"",'133028204380528522401,2026-06-08,11139339583,e652514f-1b04-414c-9223-dc7b89e0c631,"",Forward,100084610346,100084610346,11504,381.9,5.0,1104.0,0.0,1104.0,packet_delivered,0.0,0.0,0.0,0.0,0.0,0.0,0.0,0.0,NA,0,495.0
NFT-/XUTR/DEUTH02615930658X,32.71,0.0,0.0,2999.0,687.0,32.426,3.271,0.0,0.0,prepaid,0.654,182.0,0.0,0.0,0.0,214.76,-865.409,"",'133096813776185399801,2026-06-08,11153797315,ed56b7dd-92bc-4944-8ed9-151038920cb4,100163958457,Reverse,100099068024,1000029786659,11504,654.29,5.0,2218.0,0.0,2218.0,return_refund,0.0,0.0,0.0,0.0,0.0,0.0,0.0,0.0,NA,0,781.0
NFT-/XUTR/DEUTH02615930658X,76.52,0.0,0.0,3499.0,1607.0,398.215,7.652,0.0,0.0,prepaid,1.53,0.0,0.0,45.0,0.0,53.1,1146.503,"",'133099117293975812103,2026-06-08,11154284748,2d18e811-233c-4695-b4f2-2d9d42e7336b,"",Forward,100099555456,100099555456,11504,1530.48,5.0,1721.0,0.0,1721.0,packet_delivered,0.0,0.0,0.0,0.0,0.0,0.0,0.0,0.0,NA,0,1778.0
NFT-/XUTR/DEUTH02615930658X,0.0,12.38,12.38,2099.0,233.03,10.999,0.0,0.555,0.555,prepaid,0.222,47.502,0.0,0.0,0.0,56.05236,-276.751,"",'133124367827931310403,2026-06-08,11160586864,d6158356-719e-4c6d-b574-9860a80182af,11160586864,Reverse,100105857565,100105857565,11504,495.24,5.0,1485.0,0.0,1485.0,exchange,0.0,0.0,0.0,0.0,0.0,0.0,0.0,0.0,NA,0,614.0
NFT-/XUTR/DEUTH02615930658X,0.0,19.17,19.17,1799.0,805.0,208.978,0.0,1.9165,1.9165,prepaid,0.767,0.0,0.0,27.0,0.0,31.86,559.562,"",'133148317910213751303,2026-06-08,11167681404,7f468813-46cb-4b5d-a1d8-bc9685cfe250,"",Forward,100112952098,100112952098,11504,766.66,5.0,900.0,0.0,900.0,packet_delivered,0.0,0.0,0.0,0.0,0.0,0.0,0.0,0.0,NA,0,898.9999999999999
NFT-/XUTR/DEUTH02615930658X,41.38,0.0,0.0,1899.0,869.0,225.592,4.138,0.0,0.0,prepaid,0.828,0.0,0.0,27.0,0.0,31.86,606.582,"",'133116052199885231703,2026-06-08,11157671466,a23baa99-dde3-4055-959c-f719f9ebfd66,"",Forward,100102942169,100102942169,11504,827.62,5.0,936.0,0.0,936.0,packet_delivered,0.0,0.0,0.0,0.0,0.0,0.0,0.0,0.0,NA,0,963.0
NFT-/XUTR/DEUTH02615930658X,30.14,0.0,0.0,1999.0,633.0,29.878000000000004,3.014,0.0,0.0,prepaid,0.603,0.0,0.0,27.0,0.0,31.86,567.645,"",'133137537444016599201,2026-06-08,11165735946,c70b33d2-e1fa-4dd0-9146-d722544f144a,"",Forward,100111006641,1000031996115,11504,602.86,5.0,1272.0,0.0,1272.0,packet_delivered,0.0,0.0,0.0,0.0,0.0,0.0,0.0,0.0,NA,0,727.0
NFT-/XUTR/DEUTH02615930658X,18.38,0.0,0.0,1650.0,386.0,18.219,1.838,0.0,0.0,prepaid,0.368,0.0,0.0,0.0,0.0,0.0,365.575,"",'133113513545370932501,2026-06-08,11156761810,61619056-31bf-4670-bdb0-c9e6d0680ee8,"",Forward,100102032513,1000030232606,11504,367.62,5.0,1205.0,0.0,1205.0,packet_delivered,0.0,0.0,0.0,0.0,0.0,0.0,0.0,0.0,NA,0,445.0
NFT-/XUTR/DEUTH02615930658X,20.05,0.0,0.0,1650.0,421.0,19.871,2.005,0.0,0.0,prepaid,0.401,0.0,0.0,15.0,0.0,17.7,381.023,"",'133123491078750805201,2026-06-08,11160371716,2e9fa252-c0cb-4b23-bb3e-3b437372c68e,"",Forward,100105642417,1000030920725,11504,400.95,5.0,1135.0,0.0,1135.0,packet_delivered,0.0,0.0,0.0,0.0,0.0,0.0,0.0,0.0,NA,0,515.0
NFT-/XUTR/DEUTH02615930658X,19.05,0.0,0.0,1499.0,400.0,18.88,1.905,0.0,0.0,prepaid,0.381,182.0,0.0,0.0,0.0,214.76,-593.594,"",'133096830216832913703,2026-06-08,11153800826,5f4c0079-16d1-407c-bcf2-e7c96f91dacb,11153800826,Reverse,100099071535,100099071535,11504,380.95,5.0,1005.0,0.0,1005.0,exchange,0.0,0.0,0.0,0.0,0.0,0.0,0.0,0.0,NA,0,494.0
NFT-/XUTR/DEUTH02615930658X,34.33,0.0,0.0,2999.0,721.0,34.031,3.433,0.0,0.0,prepaid,0.687,0.0,0.0,27.0,0.0,31.86,650.989,"",'133108871941184254203,2026-06-08,11156130977,d1f479f2-9719-48a7-93d7-e4bd02416f25,"",Forward,100101401682,100101401682,11504,686.67,5.0,2184.0,0.0,2184.0,packet_delivered,0.0,0.0,0.0,0.0,0.0,0.0,0.0,0.0,NA,0,815.0
NFT-/XUTR/DEUTH02615930658X,31.95,0.0,0.0,3399.0,671.0,31.671000000000003,3.195,0.0,0.0,prepaid,0.639,182.0,0.0,0.0,0.0,214.76,-850.255,"",'133096867448363527803,2026-06-08,11153809204,f25f89e1-2b40-4eea-beac-13301c5ee8fe,11153809204,Reverse,100099079913,1000029783518,11504,639.05,5.0,2634.0,0.0,2634.0,exchange,0.0,0.0,0.0,0.0,0.0,0.0,0.0,0.0,NA,0,765.0
NFT-/XUTR/DEUTH02615930658X,34.71,0.0,0.0,2499.0,729.0,34.40899999999999,3.471,0.0,0.0,prepaid,0.694,182.0,0.0,0.0,0.0,214.76,-905.186,"",'133109315085270431401,2026-06-08,11156263620,1aa17a07-7f30-4942-a655-b023ad6c77da,11156263620,Reverse,100101534325,100101534325,11504,694.29,5.0,1676.0,0.0,1676.0,exchange,0.0,0.0,0.0,0.0,0.0,0.0,0.0,0.0,NA,0,823.0
NFT-/XUTR/DEUTH02615930658X,34.76,0.0,0.0,1650.0,730.0,189.508,3.476,0.0,0.0,prepaid,0.695,0.0,0.0,27.0,0.0,31.86,504.461,"",'133124558103567016801,2026-06-08,11160630326,c71365ac-7d2c-4974-be5d-3f96914de800,"",Forward,100105901027,100105901027,11504,695.24,5.0,826.0,0.0,826.0,packet_delivered,0.0,0.0,0.0,0.0,0.0,0.0,0.0,0.0,NA,0,824.0
NFT-/XUTR/DEUTH02615930658X,32.95,0.0,0.0,3450.0,692.0,32.662,3.295,0.0,0.0,prepaid,0.659,182.0,0.0,0.0,0.0,214.76,-870.144,"",'133096867448363527803,2026-06-08,11153809203,f25f89e1-2b40-4eea-beac-13301c5ee8fe,11153809203,Reverse,100099079912,1000029783518,11504,659.05,5.0,2664.0,0.0,2664.0,exchange,0.0,0.0,0.0,0.0,0.0,0.0,0.0,0.0,NA,0,786.0
NFT-/XUTR/DEUTH02615930658X,508.73,0.0,0.0,7999.0,3335.0,787.06,14.131,0.0,0.0,prepaid,2.826,0.0,0.0,61.0,0.0,71.98,2459.003,"",'133127203456467196901,2026-06-08,11161267751,393e0971-e40a-470a-8d13-50c3a5974c26,"",Forward,100106538450,100106538450,11504,2826.27,18.0,4458.0,0.0,4458.0,packet_delivered,0.0,0.0,0.0,0.0,0.0,0.0,0.0,0.0,NA,0,3541.0
NFT-/XUTR/DEUTH02615930658X,75.52,0.0,0.0,3699.0,1586.0,355.581,7.552,0.0,0.0,prepaid,1.51,0.0,0.0,45.0,0.0,53.1,1168.257,"",'133141710444596599003,2026-06-08,11166597141,15f2786d-47d2-4795-8260-55c442ca50ab,"",Forward,100111867836,100111867836,11504,1510.48,5.0,1942.0,0.0,1942.0,packet_delivered,0.0,0.0,0.0,0.0,0.0,0.0,0.0,0.0,NA,0,1757.0
NFT-/XUTR/DEUTH02615930658X,33.33,0.0,0.0,2899.0,700.0,33.04,3.333,0.0,0.0,prepaid,0.667,182.0,0.0,0.0,0.0,214.76,-877.72,"",'133109791551319010003,2026-06-08,11156375712,4c4233b9-fd1a-4a79-aa66-0bbe9f03dcba,100164509376,Reverse,100101646417,100101646417,11504,666.67,5.0,2105.0,0.0,2105.0,return_refund,0.0,0.0,0.0,0.0,0.0,0.0,0.0,0.0,NA,0,794.0
NFT-/XUTR/DEUTH02615930658X,63.29,0.0,0.0,2999.0,1329.0,329.326,6.329,0.0,0.0,prepaid,1.266,106.0,0.0,0.0,0.0,125.08,-1117.159,"",'133144286163257344501,2026-06-08,11167230876,3b65b89f-cc4e-4a1a-9f5c-01ca8851a27a,100167612589,Reverse,100112501570,100112501570,11504,1265.71,5.0,1499.0,0.0,1499.0,return_refund,0.0,0.0,0.0,0.0,0.0,0.0,0.0,0.0,NA,0,1500.0
NFT-/XUTR/DEUTH02615930658X,51.95,0.0,0.0,1899.0,1091.0,257.476,5.195,0.0,0.0,prepaid,1.039,0.0,0.0,45.0,0.0,53.1,774.19,"",'133133816004688861503,2026-06-08,11163500707,ac294661-f29e-4670-9aa5-07b71ea00e5e,"",Forward,100108771402,100108771402,11504,1039.05,5.0,637.0,0.0,637.0,packet_delivered,0.0,0.0,0.0,0.0,0.0,0.0,0.0,0.0,NA,0,1262.0
NFT-/XUTR/DEUTH02615930658X,38.0,0.0,0.0,1899.0,798.0,207.161,3.8,0.0,0.0,prepaid,0.76,0.0,0.0,27.0,0.0,31.86,554.419,"",'133134510460788736901,2026-06-08,11163657568,b33f916a-aa53-4600-a7e9-d43732e02ba0,"",Forward,100108928263,100108928263,11504,760,5.0,1007.0,0.0,1007.0,packet_delivered,0.0,0.0,0.0,0.0,0.0,0.0,0.0,0.0,NA,0,892.0
NFT-/XUTR/DEUTH02615930658X,40.71,0.0,0.0,1999.0,855.0,221.958,4.071,0.0,0.0,prepaid,0.814,0.0,0.0,27.0,0.0,31.86,596.297,"",'133103990592324092101,2026-06-08,11154960904,606769a1-e58d-4bd4-834a-d471b57ad279,"",Forward,100100231611,1000029787157,11504,814.29,5.0,1050.0,0.0,1050.0,packet_delivered,0.0,0.0,0.0,0.0,0.0,0.0,0.0,0.0,NA,0,949.0
NFT-/XUTR/DEUTH02615930658X,32.76,0.0,0.0,1650.0,688.0,178.605,3.276,0.0,0.0,prepaid,0.655,0.0,0.0,27.0,0.0,31.86,473.604,"",'133105736600560253903,2026-06-08,11155366498,767efe3c-23be-4cdc-a41c-4930abb4e2af,"",Forward,100100637204,1000029812119,11504,655.24,5.0,868.0,0.0,868.0,packet_delivered,0.0,0.0,0.0,0.0,0.0,0.0,0.0,0.0,NA,0,782.0
NFT-/XUTR/DEUTH02615930658X,0.0,19.17,19.17,1799.0,805.0,208.978,0.0,1.9165,1.9165,prepaid,0.767,0.0,0.0,27.0,0.0,31.86,559.562,"",'133140484342965497103,2026-06-08,11166292923,fb1b5d4c-885c-4d8d-8110-e0a47ac8ef5e,"",Forward,100111563618,100111563618,11504,766.66,5.0,900.0,0.0,900.0,packet_delivered,0.0,0.0,0.0,0.0,0.0,0.0,0.0,0.0,NA,0,898.9999999999999
NFT-/XUTR/DEUTH02615930658X,20.43,0.0,0.0,1850.0,429.0,20.249,2.043,0.0,0.0,prepaid,0.409,182.0,0.0,0.0,0.0,214.76,-621.059,"",'133100460213232610503,2026-06-08,11154606610,356e2fdd-281b-433b-8074-a81ee5106463,100164164520,Reverse,100099877317,100099877317,11504,408.57,5.0,1327.0,0.0,1327.0,return_refund,0.0,0.0,0.0,0.0,0.0,0.0,0.0,0.0,NA,0,523.0
NFT-/XUTR/DEUTH02615930658X,639.61,0.0,0.0,4399.0,4193.0,989.548,17.767,0.0,0.0,prepaid,3.553,0.0,0.0,61.0,0.0,71.98,3110.152,"",'133107846815226718901,2026-06-08,11155863852,6ac4f073-f2b7-4404-928d-6cfb8c2a0e62,"",Forward,100101134558,1000030239067,11504,3553.39,18.0,0.0,0.0,0.0,packet_delivered,0.0,0.0,0.0,0.0,0.0,0.0,0.0,0.0,NA,0,4399.0
NFT-/XUTR/DEUTH02615930658X,74.14,0.0,0.0,2599.0,1557.0,367.452,7.414,0.0,0.0,prepaid,1.483,182.0,0.0,0.0,0.0,214.76,-1395.411,"",'133083144892964790203,2026-06-08,11150951228,0bb2f5a8-66a9-4f51-87d2-0a7c0e6fe9bf,100167704061,Reverse,100096221944,100096221944,11504,1482.86,5.0,871.0,0.0,871.0,return_refund,0.0,0.0,0.0,0.0,0.0,0.0,0.0,0.0,NA,0,1728.0
NFT-/XUTR/DEUTH02615930658X,35.14,0.0,0.0,1799.0,191.28,49.656,0.911,0.0,0.0,prepaid,0.182,32.917,0.0,0.0,0.0,38.84206,-179.373,"",'133133315534130746303,2026-06-08,11163392173,acda477b-3a97-47ab-91a8-f9176e3fc742,100168320247,Reverse,100108662869,100108662869,11504,702.86,5.0,967.0,0.0,967.0,return_refund,0.0,0.0,0.0,0.0,0.0,0.0,0.0,0.0,NA,0,832.0
