NEFT_Ref,igst_amount,cgst_amount,sgst_amount,MRP,customer_paid_amt,Commission,IGST_TCS,CGST_TCS,SGST_TCS,Payment_Type,TDS,Shipping_Fee,pick_and_pack_fee,fixed_fee,Payment_Gateway_Fee,Logistics_Commission,Settled_Amount,NOD_Comment,Store_Order_id,Payment_Date,order_line_id,seller_order_id,return_id,Order_Type,order_release_id,Packet_Id,Seller_Id,taxable_amount,Tax_Rate,seller_discount,platform_discount,total_discount,comments,fwdAdditionalCharges,rvsAdditionalCharges,techEnablement,airLogistics,royaltyCharges,royaltyPercent,marketingCharges,marketingPercent,marketingContribution,commission_discount,sale_Total_Customer_Paid
NFT-/XUTR/DEUTH026166A1IKFX,40.71,0.0,0.0,2499.0,25.0,6.49,0.119,0.0,0.0,postpaid,0.024,0.0,0.0,0.906,0.205,1.31098,17.056,"",'133178793984409262803,2026-06-15,11177137251,ce1feeb9-d73f-438f-9fcd-49f88abad67e,"",Forward,100122407939,100122407939,11504,814.29,5.0,1550.0,25.0,1575.0,packet_delivered,0.0,0.0,0.0,0.0,0.0,0.0,0.0,0.0,NA,0,949.0
NFT-/XUTR/DEUTH026166A1IKFX,29.05,0.0,0.0,1699.0,20.0,5.192,0.095,0.0,0.0,postpaid,0.019,3.475,0.0,0.0,0.0,4.1005,-18.795,"",'133185670231508481401,2026-06-15,11180777598,def1941f-e518-4f5e-a976-b0c5b1ec8e25,100166241911,Reverse,100126048286,1000034874558,11504,580.95,5.0,995.0,20.0,1015.0,return_refund,0.0,0.0,0.0,0.0,0.0,0.0,0.0,0.0,NA,0,704.0
NFT-/XUTR/DEUTH026166A1IKFX,87.05,0.0,0.0,3999.0,52.0,12.885,0.248,0.0,0.0,postpaid,0.05,0.0,0.0,1.394,0.0,1.64492,37.172,"",'133184149761031766203,2026-06-15,11180035829,d099c5aa-32ff-4075-ae2c-f03cebe3b1d5,"",Forward,100125306517,100125306517,11504,1740.95,5.0,2000.0,52.0,2052.0,packet_delivered,0.0,0.0,0.0,0.0,0.0,0.0,0.0,0.0,NA,0,1999.0
NFT-/XUTR/DEUTH026166A1IKFX,49.81,0.0,0.0,2999.0,403.34,99.948,1.921,0.0,0.0,postpaid,0.384,0.0,0.0,17.352,0.0,20.47536,280.612,"",'133169009249067376501,2026-06-15,11174991540,0959ddd1-5f7c-47d1-bac8-4734a0204b41,"",Forward,100120262229,100120262229,11504,996.19,5.0,1782.0,0.0,1782.0,packet_delivered,0.0,0.0,0.0,0.0,0.0,0.0,0.0,0.0,NA,0,1217.0
NFT-/XUTR/DEUTH026166A1IKFX,0.0,16.79,16.79,1599.0,9.0,2.336,0.0,0.0215,0.0215,postpaid,0.009,0.0,0.0,0.396,0.0,0.46728,6.145,"",'133179085821547697303,2026-06-15,11177519080,020003de-7060-4ea7-ba69-6459660d2e17,"",Forward,100122789768,100122789768,11504,671.42,5.0,800.0,9.0,809.0,packet_delivered,0.0,0.0,0.0,0.0,0.0,0.0,0.0,0.0,NA,0,798.9999999999999
NFT-/XUTR/DEUTH026166A1IKFX,25.81,0.0,0.0,1699.0,542.0,38.374,2.581,0.0,0.0,postpaid,0.516,0.0,0.0,27.0,3.957,36.52926,464.0,"",'133164380079024970401,2026-06-15,11172366912,ae05c18b-a5ce-40f1-8d37-c6c572557aad,"",Forward,100117637601,100117637601,11504,516.19,5.0,1063.0,0.0,1063.0,packet_delivered,0.0,0.0,0.0,0.0,0.0,0.0,0.0,0.0,NA,0,636.0
NFT-/XUTR/DEUTH026166A1IKFX,53.71,0.0,0.0,2599.0,1128.0,279.518,5.371,0.0,0.0,postpaid,1.074,0.0,0.0,49.0,5.753,64.60854,777.428,"",'133192668923118387903,2026-06-15,11185077083,9eda086f-1664-4914-8c1d-7cd8e68be951,"",Forward,100130347771,100130347771,11504,1074.29,5.0,1300.0,0.0,1300.0,packet_delivered,0.0,0.0,0.0,0.0,0.0,0.0,0.0,0.0,NA,0,1299.0
NFT-/XUTR/DEUTH026166A1IKFX,0.0,31.64,31.64,2999.0,194.77,48.264,0.0,0.4635,0.4635,postpaid,0.185,15.535,0.0,0.0,0.0,18.3313,-163.725,"",'133187266702219621703,2026-06-15,11181953799,4a8efcd7-1205-4a6e-8c75-a7cb62d2579e,100166700664,Reverse,100127224487,1000036405919,11504,1265.72,5.0,1499.0,0.0,1499.0,return_refund,0.0,0.0,0.0,0.0,0.0,0.0,0.0,0.0,NA,0,1500.0000000000002
NFT-/XUTR/DEUTH026166A1IKFX,100.14,0.0,0.0,3299.0,1315.016,310.344,6.262,0.0,0.0,postpaid,1.252,0.0,0.0,40.645,0.0,47.9611,949.197,"",'133179063720345930403,2026-06-15,11177496431,07aba089-1acd-450e-8673-460e7f5640d0,"",Forward,100122767119,100122767119,11504,2002.86,5.0,990.0,0.0,990.0,packet_delivered,0.0,0.0,0.0,0.0,0.0,0.0,0.0,0.0,NA,0,2309.0
NFT-/XUTR/DEUTH026166A1IKFX,50.43,0.0,0.0,1850.0,995.83,235.016,4.742,0.0,0.0,postpaid,0.948,0.0,0.0,42.316,0.0,49.93288,705.191,"",'133156973325435158903,2026-06-15,11170249962,c3fdb117-db93-4647-9e12-6c180b9d6659,"",Forward,100115520652,100115520652,11504,1008.57,5.0,620.0,0.0,620.0,packet_delivered,0.0,0.0,0.0,0.0,0.0,0.0,0.0,0.0,NA,0,1230.0
NFT-/XUTR/DEUTH026166A1IKFX,68.71,0.0,0.0,3399.0,1443.0,357.575,6.871,0.0,0.0,postpaid,1.374,0.0,0.0,49.0,0.0,57.82,1019.36,"",'133196098381558156603,2026-06-15,11187533169,5398db8a-e35d-4251-8e01-3dd020f4f0ba,"",Forward,100132803856,100132803856,11504,1374.29,5.0,1785.0,0.0,1785.0,packet_delivered,0.0,0.0,0.0,0.0,0.0,0.0,0.0,0.0,NA,0,1614.0
NFT-/XUTR/DEUTH026166A1IKFX,53.52,0.0,0.0,1850.0,35.0,8.26,0.167,0.0,0.0,postpaid,0.033,0.0,0.0,1.526,0.0,1.80068,24.739,"",'133186159387944792803,2026-06-15,11181032500,439efb5c-2fd9-4ece-9ef1-0c83000d7f20,"",Forward,100126303188,100126303188,11504,1070.48,5.0,555.0,35.0,590.0,packet_delivered,0.0,0.0,0.0,0.0,0.0,0.0,0.0,0.0,NA,0,1295.0
NFT-/XUTR/DEUTH026166A1IKFX,0.0,45.07,45.07,2999.0,1893.0,469.085,0.0,4.507,4.507,postpaid,1.803,106.0,0.0,0.0,0.0,125.08,-1538.178,"",'133187271078246949401,2026-06-15,11181960751,902fe7d5-56eb-48df-a271-b6c63e221a27,100171692124,Reverse,100127231440,100127231440,11504,1802.86,5.0,900.0,0.0,900.0,return_refund,0.0,0.0,0.0,0.0,0.0,0.0,0.0,0.0,NA,0,2099.0
NFT-/XUTR/DEUTH026166A1IKFX,59.95,0.0,0.0,3299.0,1259.0,326.836,5.995,0.0,0.0,postpaid,1.199,274.0,0.0,0.0,0.0,323.32,-1248.29,"",'133166906639973412803,2026-06-15,11174280667,610b9197-94a1-4a61-8fa5-b63babb2827a,11174280667,Reverse,100119551356,100119551356,11504,1199.05,5.0,1846.0,0.0,1846.0,exchange,0.0,0.0,0.0,0.0,0.0,0.0,0.0,0.0,NA,0,1453.0
NFT-/XUTR/DEUTH026166A1IKFX,29.05,0.0,0.0,1699.0,20.0,5.192,0.095,0.0,0.0,postpaid,0.019,0.0,0.0,1.016,0.0,1.19888,13.495,"",'133185670231508481401,2026-06-15,11180777598,def1941f-e518-4f5e-a976-b0c5b1ec8e25,"",Forward,100126048286,1000034874558,11504,580.95,5.0,995.0,20.0,1015.0,packet_delivered,0.0,0.0,0.0,0.0,0.0,0.0,0.0,0.0,NA,0,704.0
NFT-/XUTR/DEUTH026166A1IKFX,87.0,0.0,0.0,1999.0,1827.0,431.172,8.7,0.0,0.0,postpaid,1.74,0.0,0.0,45.0,0.0,53.1,1332.288,"",'133151709194664253903,2026-06-15,11168575763,247b14d2-9fb7-4b68-80a2-4975a87befc0,"",Forward,100113846456,100113846456,11504,1740,5.0,1.0,0.0,1.0,packet_delivered,0.0,0.0,0.0,0.0,0.0,0.0,0.0,0.0,NA,0,1998.0
NFT-/XUTR/DEUTH026166A1IKFX,36.19,0.0,0.0,1799.0,45.0,11.682,0.214,0.0,0.0,postpaid,0.043,6.276,0.0,0.0,0.0,7.40568,-40.467,"",'133181622528552949903,2026-06-15,11178592883,624a35b6-9ad9-4951-8d7c-989cb3b7d740,11178592883,Reverse,100123863571,1000034405951,11504,723.81,5.0,945.0,45.0,990.0,exchange,0.0,0.0,0.0,0.0,0.0,0.0,0.0,0.0,NA,0,854.0
NFT-/XUTR/DEUTH026166A1IKFX,66.19,0.0,0.0,3499.0,1390.0,344.44200000000006,6.619,0.0,0.0,postpaid,1.324,0.0,0.0,45.0,0.0,53.1,984.515,"",'133152598857623410001,2026-06-15,11168837155,d19aedfe-ecdf-4120-8f92-edf4f427a805,"",Forward,100114107848,100114107848,11504,1323.81,5.0,1938.0,0.0,1938.0,packet_delivered,0.0,0.0,0.0,0.0,0.0,0.0,0.0,0.0,NA,0,1561.0
NFT-/XUTR/DEUTH026166A1IKFX,32.81,0.0,0.0,1650.0,42.0,10.903,0.2,0.0,0.0,postpaid,0.04,0.0,0.0,1.89,0.0,2.2302,28.627,"",'133181622528552949903,2026-06-15,11178592881,624a35b6-9ad9-4951-8d7c-989cb3b7d740,"",Forward,100123863569,1000034405951,11504,656.19,5.0,867.0,42.0,909.0,packet_delivered,0.0,0.0,0.0,0.0,0.0,0.0,0.0,0.0,NA,0,783.0
NFT-/XUTR/DEUTH026166A1IKFX,45.38,0.0,0.0,2799.0,953.0,247.399,4.538,0.0,0.0,postpaid,0.908,182.0,0.0,0.0,0.0,214.76,-914.915,"",'133156093013432089601,2026-06-15,11169551839,776a1236-dc88-421a-ad20-e14995a09691,100166419936,Reverse,100114822529,100114822529,11504,907.62,5.0,1675.0,0.0,1675.0,return_refund,0.0,0.0,0.0,0.0,0.0,0.0,0.0,0.0,NA,0,1124.0
NFT-/XUTR/DEUTH026166A1IKFX,20.05,0.0,0.0,1599.0,421.0,19.871,2.005,0.0,0.0,postpaid,0.401,0.0,0.0,15.0,0.0,17.7,381.023,"",'133157405736993950203,2026-06-15,11170392024,4ba8f15d-4fb1-4eac-9953-256aba2995ff,"",Forward,100115662714,100115662714,11504,400.95,5.0,1084.0,0.0,1084.0,packet_delivered,0.0,0.0,0.0,0.0,0.0,0.0,0.0,0.0,NA,0,515.0
NFT-/XUTR/DEUTH026166A1IKFX,43.1,0.0,0.0,2799.0,904.9999999999999,181.0,4.31,0.0,0.0,postpaid,0.862,106.0,0.0,0.0,0.0,125.08,-843.908,"",'133178803444209290803,2026-06-15,11177152458,7f9179be-e342-44f6-b340-9c32b396dbaa,100166185835,Reverse,100122423146,100122423146,11504,861.9,5.0,1723.0,0.0,1723.0,return_refund,0.0,0.0,0.0,0.0,0.0,0.0,0.0,0.0,NA,0,1076.0
NFT-/XUTR/DEUTH026166A1IKFX,59.67,0.0,0.0,2999.0,53.0,13.133,0.252,0.0,0.0,postpaid,0.05,0.0,0.0,2.073,0.0,2.44614,37.119,"",'133178755676301530203,2026-06-15,11177072638,ed7305e3-5fe2-40c8-b601-1153dc522753,"",Forward,100122343326,1000034580684,11504,1193.33,5.0,1575.0,53.0,1628.0,packet_delivered,0.0,0.0,0.0,0.0,0.0,0.0,0.0,0.0,NA,0,1424.0
NFT-/XUTR/DEUTH026166A1IKFX,33.62,0.0,0.0,1599.0,40.001,10.384,0.19,0.0,0.0,postpaid,0.038,0.0,0.0,1.756,0.0,2.07208,27.317,"",'133184690884674333303,2026-06-15,11180312121,08e60f91-19ba-4bc6-95b5-d334e6f5b6d1,"",Forward,100125582809,1000035371076,11504,672.38,5.0,799.0,40.0,839.0,packet_delivered,0.0,0.0,0.0,0.0,0.0,0.0,0.0,0.0,NA,0,800.0
NFT-/XUTR/DEUTH026166A1IKFX,66.43,0.0,0.0,3299.0,1187.849,294.349,5.656,0.0,0.0,postpaid,1.131,0.0,0.0,38.318,0.0,45.21524,841.498,"",'133170043653279974303,2026-06-15,11175233888,367e5f63-b371-4e65-a617-30ebeb7bcddc,"",Forward,100120504577,100120504577,11504,1328.57,5.0,1733.0,0.0,1733.0,packet_delivered,0.0,0.0,0.0,0.0,0.0,0.0,0.0,0.0,NA,0,1566.0
NFT-/XUTR/DEUTH026166A1IKFX,33.95,0.0,0.0,2299.0,697.72,181.128,3.322,0.0,0.0,postpaid,0.664,0.0,0.0,30.336,5.791,42.62986,469.976,"",'133200008003258302101,2026-06-15,11188603094,c963ecbf-80b2-4640-9df1-86070826d438,"",Forward,100133873781,100133873781,11504,679.05,5.0,1492.0,0.0,1492.0,packet_delivered,0.0,0.0,0.0,0.0,0.0,0.0,0.0,0.0,NA,0,807.0
NFT-/XUTR/DEUTH026166A1IKFX,0.0,23.76,23.76,1799.0,997.9999999999999,259.081,0.0,2.376,2.376,postpaid,0.95,106.0,0.0,0.0,0.0,125.08,-858.297,"",'133203711262111110503,2026-06-15,11190844218,adc9ff52-d574-46ae-bbed-d57580987e28,100167606715,Reverse,100136114904,100136114904,11504,950.48,5.0,630.0,0.0,630.0,return_refund,0.0,0.0,0.0,0.0,0.0,0.0,0.0,0.0,NA,0,1169.0
NFT-/XUTR/DEUTH026166A1IKFX,19.05,0.0,0.0,1699.0,400.0,18.88,1.905,0.0,0.0,postpaid,0.381,127.0,0.0,0.0,0.0,149.86,-528.694,"",'133153086557011535103,2026-06-15,11168928829,9119871b-d6f3-4cef-82ce-baca4e9d7478,100168508413,Reverse,100114199522,100114199522,11504,380.95,5.0,1205.0,0.0,1205.0,return_refund,0.0,0.0,0.0,0.0,0.0,0.0,0.0,0.0,NA,0,494.0
NFT-/XUTR/DEUTH026166A1IKFX,87.05,0.0,0.0,1999.0,100.001,23.6,0.476,0.0,0.0,postpaid,0.095,0.0,0.0,2.681,0.0,3.16358,72.666,"",'133178777543816777301,2026-06-15,11177109692,16d4da1c-e4f8-4ab3-84cc-63200de2cd0b,"",Forward,100122380380,100122380380,11504,1740.95,5.0,0.0,100.0,100.0,packet_delivered,0.0,0.0,0.0,0.0,0.0,0.0,0.0,0.0,NA,0,1999.0
NFT-/XUTR/DEUTH026166A1IKFX,0.0,15.64,15.64,2499.0,657.0,31.009999999999998,0.0,1.5645,1.5645,postpaid,0.626,0.0,0.0,27.0,0.0,31.86,590.375,"",'133167095715719415003,2026-06-15,11174350566,1d8544b8-1f58-4f48-9f69-7fd7db810e1c,"",Forward,100119621255,100119621255,11504,625.72,5.0,1748.0,0.0,1748.0,packet_delivered,0.0,0.0,0.0,0.0,0.0,0.0,0.0,0.0,NA,0,751.0
NFT-/XUTR/DEUTH026166A1IKFX,44.14,0.0,0.0,2999.0,927.0,240.649,4.414,0.0,0.0,postpaid,0.883,0.0,0.0,27.0,0.0,31.86,649.194,"",'133169574963954926101,2026-06-15,11175129597,b5d4da2a-d718-44e4-b68b-7647e11c2cdd,"",Forward,100120400286,100120400286,11504,882.86,5.0,1901.0,0.0,1901.0,packet_delivered,0.0,0.0,0.0,0.0,0.0,0.0,0.0,0.0,NA,0,1098.0
NFT-/XUTR/DEUTH026166A1IKFX,35.95,0.0,0.0,1699.0,24.0,6.23,0.114,0.0,0.0,postpaid,0.023,3.37,0.0,0.0,0.0,3.9766,-21.61,"",'133185670231508481401,2026-06-15,11180777601,def1941f-e518-4f5e-a976-b0c5b1ec8e25,100166241524,Reverse,100126048289,1000034874558,11504,719.05,5.0,850.0,24.0,874.0,return_refund,0.0,0.0,0.0,0.0,0.0,0.0,0.0,0.0,NA,0,849.0
NFT-/XUTR/DEUTH026166A1IKFX,118.95,0.0,0.0,3999.0,2498.0,589.528,11.895,0.0,0.0,postpaid,2.379,127.0,0.0,0.0,0.0,149.86,-2044.058,"",'133150183323168940601,2026-06-15,11168181671,7f3fb343-6165-4f28-b77c-35b35a227e3e,100166751607,Reverse,100113452366,100113452366,11504,2379.05,5.0,1295.0,0.0,1295.0,return_refund,0.0,0.0,0.0,0.0,0.0,0.0,0.0,0.0,NA,0,2704.0
NFT-/XUTR/DEUTH026166A1IKFX,75.52,0.0,0.0,3699.0,1586.0,355.581,7.552,0.0,0.0,postpaid,1.51,0.0,0.0,45.0,0.0,53.1,1168.257,"",'133168665290403731201,2026-06-15,11174913906,09f3869c-a3ca-44e6-8706-c7db2f858b83,"",Forward,100120184595,100120184595,11504,1510.48,5.0,1942.0,0.0,1942.0,packet_delivered,0.0,0.0,0.0,0.0,0.0,0.0,0.0,0.0,NA,0,1757.0
NFT-/XUTR/DEUTH026166A1IKFX,38.33,0.0,0.0,1799.0,41.0,10.644,0.195,0.0,0.0,postpaid,0.039,6.468,0.0,0.0,0.0,7.63224,-37.754,"",'133186212211283472403,2026-06-15,11181060659,68d1f8c4-97c2-40c4-b195-74f336411fde,100167144713,Reverse,100126331348,1000034931300,11504,766.67,5.0,900.0,41.0,941.0,return_refund,0.0,0.0,0.0,0.0,0.0,0.0,0.0,0.0,NA,0,899.0
NFT-/XUTR/DEUTH026166A1IKFX,32.91,0.0,0.0,1699.0,691.0,179.384,3.29,0.0,0.0,postpaid,0.658,0.0,0.0,27.0,0.0,31.86,475.808,"",'133167248100542389001,2026-06-15,11174629265,8f0252c3-67e7-4383-ae21-eb3586e8cf41,"",Forward,100119899954,100119899954,11504,658.1,5.0,914.0,0.0,914.0,packet_delivered,0.0,0.0,0.0,0.0,0.0,0.0,0.0,0.0,NA,0,785.01
NFT-/XUTR/DEUTH026166A1IKFX,70.38,0.0,0.0,3299.0,66.0,16.355,0.314,0.0,0.0,postpaid,0.063,0.0,0.0,2.188,0.0,2.58184,46.686,"",'133195248217247556803,2026-06-15,11186784462,a91d873f-92dc-4cd9-8615-098b08618af5,"",Forward,100132055149,1000036432621,11504,1407.62,5.0,1650.0,66.0,1716.0,packet_delivered,0.0,0.0,0.0,0.0,0.0,0.0,0.0,0.0,NA,0,1649.0
NFT-/XUTR/DEUTH026166A1IKFX,31.05,0.0,0.0,1799.0,652.0,169.259,3.105,0.0,0.0,postpaid,0.621,0.0,0.0,31.0,0.0,36.58,442.435,"",'133178760811499703501,2026-06-15,11177081396,39545a27-cd18-412b-bc9e-45850c2d4905,"",Forward,100122352084,100122352084,11504,620.95,5.0,1053.0,0.0,1053.0,packet_delivered,0.0,0.0,0.0,0.0,0.0,0.0,0.0,0.0,NA,0,746.0
NFT-/XUTR/DEUTH026166A1IKFX,29.62,0.0,0.0,1750.0,36.0,7.56,0.171,0.0,0.0,postpaid,0.034,0.0,0.0,1.563,0.119,1.98476,26.25,"",'133186326687115959903,2026-06-15,11181125694,b78cd93e-9e77-48ef-80cd-db369389c1e2,"",Forward,100126396382,100126396382,11504,592.38,5.0,1034.0,36.0,1070.0,packet_delivered,0.0,0.0,0.0,0.0,0.0,0.0,0.0,0.0,NA,0,716.0
NFT-/XUTR/DEUTH026166A1IKFX,66.43,0.0,0.0,3299.0,1335.88,331.031,6.361,0.0,0.0,postpaid,1.272,0.0,0.0,43.093,0.0,50.84974,946.366,"",'133167292077479560001,2026-06-15,11174638664,fda3c316-b16b-44c0-ac97-88c92a3a862f,"",Forward,100119909353,100119909353,11504,1328.57,5.0,1733.0,0.0,1733.0,packet_delivered,0.0,0.0,0.0,0.0,0.0,0.0,0.0,0.0,NA,0,1566.0
NFT-/XUTR/DEUTH026166A1IKFX,48.1,0.0,0.0,1750.0,1008.34,237.968,4.802,0.0,0.0,postpaid,0.96,0.0,0.0,44.926,0.0,53.01268,711.597,"",'133163445365186427801,2026-06-15,11171947520,b6bb23de-3cbb-4c7f-983c-a2da5c67eace,"",Forward,100117218209,100117218209,11504,961.9,5.0,569.0,0.0,569.0,packet_delivered,0.0,0.0,0.0,0.0,0.0,0.0,0.0,0.0,NA,0,1181.0
NFT-/XUTR/DEUTH026166A1IKFX,0.0,31.62,31.62,2999.0,194.62,48.227,0.0,0.4635,0.4635,postpaid,0.185,15.534,0.0,0.0,0.0,18.33012,-163.611,"",'133187266702219621703,2026-06-15,11181953810,4a8efcd7-1205-4a6e-8c75-a7cb62d2579e,100166700987,Reverse,100127224498,1000036405919,11504,1264.76,5.0,1500.0,0.0,1500.0,return_refund,0.0,0.0,0.0,0.0,0.0,0.0,0.0,0.0,NA,0,1498.9999999999998
NFT-/XUTR/DEUTH026166A1IKFX,36.19,0.0,0.0,1799.0,45.0,11.682,0.214,0.0,0.0,postpaid,0.043,0.0,0.0,1.836,0.0,2.16648,30.895,"",'133202452208869105603,2026-06-15,11190130625,ca28127d-9188-486b-8d6f-954514f8b925,"",Forward,100135401311,100135401311,11504,723.81,5.0,945.0,45.0,990.0,packet_delivered,0.0,0.0,0.0,0.0,0.0,0.0,0.0,0.0,NA,0,854.0
NFT-/XUTR/DEUTH026166A1IKFX,35.1,0.0,0.0,1750.0,44.0,11.422,0.21,0.0,0.0,postpaid,0.042,0.0,0.0,1.851,0.0,2.18418,30.142,"",'133181622528552949903,2026-06-15,11178592879,624a35b6-9ad9-4951-8d7c-989cb3b7d740,"",Forward,100123863567,1000034405951,11504,701.9,5.0,919.0,44.0,963.0,packet_delivered,0.0,0.0,0.0,0.0,0.0,0.0,0.0,0.0,NA,0,831.0
NFT-/XUTR/DEUTH026166A1IKFX,19.05,0.0,0.0,1699.0,400.0,18.88,1.905,0.0,0.0,postpaid,0.381,0.0,0.0,0.0,0.0,0.0,378.834,"",'133160097516363299103,2026-06-15,11171494294,61079869-3b61-4931-beec-9929a40b79d8,"",Forward,100116764982,100116764982,11504,380.95,5.0,1205.0,0.0,1205.0,packet_delivered,0.0,0.0,0.0,0.0,0.0,0.0,0.0,0.0,NA,0,494.0
NFT-/XUTR/DEUTH026166A1IKFX,35.14,0.0,0.0,1799.0,516.74,134.146,2.461,0.0,0.0,postpaid,0.492,88.924,0.0,0.0,0.0,104.93032,-484.571,"",'133166326654027226801,2026-06-15,11173745467,9117eb5b-1d95-4eae-960d-39727a990e19,100166791667,Reverse,100119016155,100119016155,11504,702.86,5.0,967.0,0.0,967.0,return_refund,0.0,0.0,0.0,0.0,0.0,0.0,0.0,0.0,NA,0,832.0
NFT-/XUTR/DEUTH026166A1IKFX,47.38,0.0,0.0,1799.0,49.0,10.78,0.233,0.0,0.0,postpaid,0.047,0.0,0.0,1.33,0.0,1.5694,36.371,"",'133178602147090876103,2026-06-15,11176783609,9e4959ee-f9fa-4d80-aa73-0b2982aa299a,"",Forward,100122054298,1000034258242,11504,947.62,5.0,633.0,49.0,682.0,packet_delivered,0.0,0.0,0.0,0.0,0.0,0.0,0.0,0.0,NA,0,1166.0
NFT-/XUTR/DEUTH026166A1IKFX,532.83,0.0,0.0,3699.0,3493.0,824.348,14.801,0.0,0.0,postpaid,2.96,0.0,0.0,61.0,0.0,71.98,2578.911,"",'133152274204104133603,2026-06-15,11168750345,9a821f0b-d69e-4a21-b036-87b52188c999,"",Forward,100114021037,1000033563406,11504,2960.17,18.0,0.0,0.0,0.0,packet_delivered,0.0,0.0,0.0,0.0,0.0,0.0,0.0,0.0,NA,0,3699.0
NFT-/XUTR/DEUTH026166A1IKFX,0.0,27.6,27.6,3499.0,1159.0,220.21,0.0,2.7595,2.7595,postpaid,1.104,106.0,0.0,0.0,0.0,125.08,-1057.247,"",'133191940099618032601,2026-06-15,11184529613,c6b664e5-8dbc-4ad2-b4e8-3fb4511493ba,100166605699,Reverse,100129800302,100129800302,11504,1103.8,5.0,2169.0,0.0,2169.0,return_refund,0.0,0.0,0.0,0.0,0.0,0.0,0.0,0.0,NA,0,1329.9999999999998
NFT-/XUTR/DEUTH026166A1IKFX,63.24,0.0,0.0,2999.0,1328.0,329.078,6.324,0.0,0.0,postpaid,1.265,0.0,0.0,49.0,0.0,57.82,933.513,"",'133183979124993467703,2026-06-15,11179945980,0820b374-f4e9-4547-90ab-4b653f18d702,"",Forward,100125216668,100125216668,11504,1264.76,5.0,1500.0,0.0,1500.0,packet_delivered,0.0,0.0,0.0,0.0,0.0,0.0,0.0,0.0,NA,0,1499.0
NFT-/XUTR/DEUTH026166A1IKFX,85.52,0.0,0.0,4450.0,1796.0,466.242,8.552,0.0,0.0,postpaid,1.71,106.0,0.0,0.0,0.0,125.08,-1444.576,"",'133202179493084393201,2026-06-15,11189969953,a8051aee-bc8a-4252-9ab6-19ad622c335c,11189969953,Reverse,100135240638,100135240638,11504,1710.48,5.0,2448.0,0.0,2448.0,exchange,0.0,0.0,0.0,0.0,0.0,0.0,0.0,0.0,NA,0,2002.0
NFT-/XUTR/DEUTH026166A1IKFX,48.57,0.0,0.0,2999.0,63.0,11.97,0.3,0.0,0.0,postpaid,0.06,11.241,0.0,0.0,0.0,13.26438,-63.934,"",'133178779879831907901,2026-06-15,11177113511,855cab30-3ee7-4f0f-b3a3-923907f98257,100166920553,Reverse,100122384199,100122384199,11504,971.43,5.0,1808.0,63.0,1871.0,return_refund,0.0,0.0,0.0,0.0,0.0,0.0,0.0,0.0,NA,0,1191.0
NFT-/XUTR/DEUTH026166A1IKFX,30.67,0.0,0.0,1850.0,74.0,19.21,0.352,0.0,0.0,postpaid,0.07,0.0,0.0,3.102,0.0,3.66036,50.708,"",'133142376471165123603,2026-06-15,11166755238,ad529c4d-f92f-4b51-887c-6163d3e8a82b,"",Forward,100112025933,100112025933,11504,613.33,5.0,1112.0,74.0,1186.0,packet_delivered,0.0,0.0,0.0,0.0,0.0,0.0,0.0,0.0,NA,0,738.0
NFT-/XUTR/DEUTH026166A1IKFX,66.57,0.0,0.0,3999.0,83.0,20.568,0.395,0.0,0.0,postpaid,0.079,6.293,0.0,0.0,0.0,7.42574,-69.384,"",'133182647821530274701,2026-06-15,11179159277,664db078-b46d-4144-ade2-dcb6a07af2f6,100169366514,Reverse,100124429965,100124429965,11504,1331.43,5.0,2430.0,83.0,2513.0,return_refund,0.0,0.0,0.0,0.0,0.0,0.0,0.0,0.0,NA,0,1569.0
NFT-/XUTR/DEUTH026166A1IKFX,417.81,0.0,0.0,3100.0,2739.0,646.404,11.606,0.0,0.0,postpaid,2.321,182.0,0.0,0.0,0.0,214.76,-2293.429,"",'133158687281666089603,2026-06-15,11171182093,207c779a-3018-4b20-86c0-3ddf1845ad3e,11171182093,Reverse,100116452783,100116452783,11504,2321.19,18.0,155.0,0.0,155.0,exchange,0.0,0.0,0.0,0.0,0.0,0.0,0.0,0.0,NA,0,2945.0
NFT-/XUTR/DEUTH026166A1IKFX,19.05,0.0,0.0,1699.0,400.0,18.88,1.905,0.0,0.0,postpaid,0.381,0.0,0.0,0.0,0.0,0.0,378.834,"",'133153086557011535103,2026-06-15,11168928829,9119871b-d6f3-4cef-82ce-baca4e9d7478,"",Forward,100114199522,100114199522,11504,380.95,5.0,1205.0,0.0,1205.0,packet_delivered,0.0,0.0,0.0,0.0,0.0,0.0,0.0,0.0,NA,0,494.0
NFT-/XUTR/DEUTH026166A1IKFX,41.38,0.0,0.0,1899.0,866.52,224.949,4.126,0.0,0.0,postpaid,0.825,0.0,0.0,26.923,0.0,31.76914,604.851,"",'133166931602250470603,2026-06-15,11174285932,6fd49d98-f4ef-4e06-81d8-6f31b23d88ee,"",Forward,100119556621,100119556621,11504,827.62,5.0,936.0,0.0,936.0,packet_delivered,0.0,0.0,0.0,0.0,0.0,0.0,0.0,0.0,NA,0,963.0
NFT-/XUTR/DEUTH026166A1IKFX,32.81,0.0,0.0,1650.0,42.0,10.903,0.2,0.0,0.0,postpaid,0.04,6.462,0.0,0.0,0.0,7.62516,-38.482,"",'133181622528552949903,2026-06-15,11178592881,624a35b6-9ad9-4951-8d7c-989cb3b7d740,100166204379,Reverse,100123863569,1000034405951,11504,656.19,5.0,867.0,42.0,909.0,return_refund,0.0,0.0,0.0,0.0,0.0,0.0,0.0,0.0,NA,0,783.0
NFT-/XUTR/DEUTH026166A1IKFX,88.52,0.0,0.0,6399.0,1859.0,334.62,8.852,0.0,0.0,postpaid,1.77,291.0,0.0,0.0,0.0,343.38,-1857.138,"",'133182726943590408301,2026-06-15,11179211795,f6decfa3-6acb-4681-b5f9-1962b39755a2,100167113088,Reverse,100124482483,100124482483,11504,1770.48,5.0,4228.0,0.0,4228.0,return_refund,0.0,0.0,0.0,0.0,0.0,0.0,0.0,0.0,NA,0,2171.0
NFT-/XUTR/DEUTH026166A1IKFX,70.38,0.0,0.0,3299.0,1478.0,366.248,7.038,0.0,0.0,postpaid,1.408,0.0,0.0,49.0,0.0,57.82,1045.486,"",'133201461605954518901,2026-06-15,11189541007,958f4e68-0883-4489-a5e2-f7eb0619c454,"",Forward,100134811693,100134811693,11504,1407.62,5.0,1650.0,0.0,1650.0,packet_delivered,0.0,0.0,0.0,0.0,0.0,0.0,0.0,0.0,NA,0,1649.0
NFT-/XUTR/DEUTH026166A1IKFX,487.07,0.0,0.0,3399.0,135.0,31.86,0.572,0.0,0.0,postpaid,0.114,0.0,0.0,2.748,0.0,3.24264,99.211,"",'133195248217247556803,2026-06-15,11186784466,a91d873f-92dc-4cd9-8615-098b08618af5,"",Forward,100132055153,1000036432621,11504,2705.93,18.0,0.0,135.0,135.0,packet_delivered,0.0,0.0,0.0,0.0,0.0,0.0,0.0,0.0,NA,0,3399.0
NFT-/XUTR/DEUTH026166A1IKFX,70.95,0.0,0.0,3499.0,1472.05,364.774,7.01,0.0,0.0,postpaid,1.402,0.0,0.0,44.458,0.0,52.46044,1046.404,"",'133178463092246621903,2026-06-15,11176603353,a7315f94-e194-49c1-a6a1-bf7295365718,"",Forward,100121874041,1000034574048,11504,1419.05,5.0,1838.0,0.0,1838.0,packet_delivered,0.0,0.0,0.0,0.0,0.0,0.0,0.0,0.0,NA,0,1661.0
NFT-/XUTR/DEUTH026166A1IKFX,72.76,0.0,0.0,1699.0,1528.0,360.608,7.276,0.0,0.0,postpaid,1.455,0.0,0.0,45.0,0.0,53.1,1105.561,"",'133150395418705727603,2026-06-15,11168234311,23a83cf5-72f8-45b4-9547-57ceb656702a,"",Forward,100113505005,100113505005,11504,1455.24,5.0,0.0,0.0,0.0,packet_delivered,0.0,0.0,0.0,0.0,0.0,0.0,0.0,0.0,NA,0,1699.0
NFT-/XUTR/DEUTH026166A1IKFX,79.1,0.0,0.0,1999.0,1661.0,391.996,7.91,0.0,0.0,postpaid,1.582,0.0,0.0,45.0,0.0,53.1,1206.412,"",'133167536302776571501,2026-06-15,11174689266,ea528a17-d6f2-41c5-98f2-ac7e98ac5137,"",Forward,100119959955,100119959955,11504,1581.9,5.0,167.0,0.0,167.0,packet_delivered,0.0,0.0,0.0,0.0,0.0,0.0,0.0,0.0,NA,0,1832.0
NFT-/XUTR/DEUTH026166A1IKFX,77.52,0.0,0.0,1799.0,1628.0,384.208,7.752,0.0,0.0,postpaid,1.55,0.0,0.0,45.0,0.0,53.1,1181.39,"",'133172124583325209101,2026-06-15,11175349936,1bd40b9b-5584-4ee1-a10d-5cb384db454d,"",Forward,100120620625,1000033937515,11504,1550.48,5.0,0.0,0.0,0.0,packet_delivered,0.0,0.0,0.0,0.0,0.0,0.0,0.0,0.0,NA,0,1799.0
NFT-/XUTR/DEUTH026166A1IKFX,18.95,0.0,0.0,1699.0,390.99,18.455,1.862,0.0,0.0,postpaid,0.372,104.133,0.0,0.0,0.0,122.87694,-493.178,"",'133199538380038703401,2026-06-15,11188341467,4b29d415-3480-46bb-a741-1a9a4cd2bff7,100167146427,Reverse,100133612154,100133612154,11504,379.05,5.0,1207.0,0.0,1207.0,return_refund,0.0,0.0,0.0,0.0,0.0,0.0,0.0,0.0,NA,0,492.0
NFT-/XUTR/DEUTH026166A1IKFX,0.0,24.24,24.24,1699.0,1017.9999999999999,240.248,0.0,2.424,2.424,postpaid,0.97,106.0,0.0,0.0,0.0,125.08,-897.014,"",'133194210995280742603,2026-06-15,11186061548,aee62ed0-bfc0-4dea-871d-9ac6989595f2,100167326960,Reverse,100131332235,100131332235,11504,969.52,5.0,510.0,0.0,510.0,return_refund,0.0,0.0,0.0,0.0,0.0,0.0,0.0,0.0,NA,0,1189.0
NFT-/XUTR/DEUTH026166A1IKFX,83.76,0.0,0.0,3999.0,1759.0,435.88,8.376,0.0,0.0,postpaid,1.675,0.0,0.0,45.0,0.0,53.1,1259.969,"",'133154300057777602301,2026-06-15,11168992713,a35846ca-bf31-4871-b90c-9b7fd9f1ca8b,"",Forward,100114263405,100114263405,11504,1675.24,5.0,2034.0,0.0,2034.0,packet_delivered,0.0,0.0,0.0,0.0,0.0,0.0,0.0,0.0,NA,0,1965.0
NFT-/XUTR/DEUTH026166A1IKFX,27.0,0.0,0.0,1699.0,560.17,145.42,2.667,0.0,0.0,postpaid,0.533,0.0,0.0,26.675,4.033,36.23544,375.315,"",'133178463092246621903,2026-06-15,11176603352,a7315f94-e194-49c1-a6a1-bf7295365718,"",Forward,100121874040,1000034574048,11504,540,5.0,1038.0,0.0,1038.0,packet_delivered,0.0,0.0,0.0,0.0,0.0,0.0,0.0,0.0,NA,0,661.0
NFT-/XUTR/DEUTH026166A1IKFX,83.71,0.0,0.0,1999.0,930.055,219.493,4.429,0.0,0.0,postpaid,0.886,0.0,0.0,23.807,0.0,28.09226,677.155,"",'133150283465339384501,2026-06-15,11168206361,268d4d94-1bc5-4b6c-b39a-f306b9f0fc32,"",Forward,100113477055,1000033559023,11504,1674.29,5.0,70.0,0.0,70.0,packet_delivered,0.0,0.0,0.0,0.0,0.0,0.0,0.0,0.0,NA,0,1929.0
NFT-/XUTR/DEUTH026166A1IKFX,44.14,0.0,0.0,2999.0,927.0,240.649,4.414,0.0,0.0,postpaid,0.883,0.0,0.0,27.0,0.0,31.86,649.194,"",'133162048965511345301,2026-06-15,11171905021,9c2f7a55-239e-4970-aa0e-aa98b8a61d60,"",Forward,100117175710,100117175710,11504,882.86,5.0,1901.0,0.0,1901.0,packet_delivered,0.0,0.0,0.0,0.0,0.0,0.0,0.0,0.0,NA,0,1098.0
NFT-/XUTR/DEUTH026166A1IKFX,77.52,0.0,0.0,1799.0,1628.0,384.208,7.752,0.0,0.0,postpaid,1.55,182.0,0.0,0.0,0.0,214.76,-1449.25,"",'133159776961419409203,2026-06-15,11171418605,4b9057cf-84b7-478e-82a3-a8f0b9f85baa,100166112878,Reverse,100116689293,100116689293,11504,1550.48,5.0,0.0,0.0,0.0,return_refund,0.0,0.0,0.0,0.0,0.0,0.0,0.0,0.0,NA,0,1799.0
NFT-/XUTR/DEUTH026166A1IKFX,37.14,0.0,0.0,1750.0,780.0,202.488,3.714,0.0,0.0,postpaid,0.743,127.0,0.0,0.0,0.0,149.86,-722.915,"",'133157174298598740903,2026-06-15,11170297966,d88dcb80-0d09-4f99-995a-82c9a2476b67,100166185244,Reverse,100115568656,100115568656,11504,742.86,5.0,876.0,0.0,876.0,return_refund,0.0,0.0,0.0,0.0,0.0,0.0,0.0,0.0,NA,0,874.0
NFT-/XUTR/DEUTH026166A1IKFX,0.0,40.93,40.93,2699.0,30.0,6.3,0.0,0.0715,0.0715,postpaid,0.029,0.0,0.0,1.065,0.0,1.2567,22.271,"",'133184603485746883101,2026-06-15,11180270924,fb91b7d9-7ee7-4f6f-a374-d9fdb6ae4f6a,"",Forward,100125541612,100125541612,11504,1637.14,5.0,809.0,30.0,839.0,packet_delivered,0.0,0.0,0.0,0.0,0.0,0.0,0.0,0.0,NA,0,1890.0000000000002
NFT-/XUTR/DEUTH026166A1IKFX,47.76,0.0,0.0,2999.0,44.0,10.903,0.21,0.0,0.0,postpaid,0.042,0.0,0.0,2.15,0.0,2.537,30.308,"",'133178755676301530203,2026-06-15,11177072636,ed7305e3-5fe2-40c8-b601-1153dc522753,"",Forward,100122343324,1000034580684,11504,955.24,5.0,1825.0,44.0,1869.0,packet_delivered,0.0,0.0,0.0,0.0,0.0,0.0,0.0,0.0,NA,0,1174.0
NFT-/XUTR/DEUTH026166A1IKFX,44.81,0.0,0.0,2399.0,941.0,244.284,4.481,0.0,0.0,postpaid,0.896,0.0,0.0,27.0,0.0,31.86,659.479,"",'133158535291402674703,2026-06-15,11171149613,c691fe1d-4df7-44d2-aee2-6908717a479a,"",Forward,100116420303,100116420303,11504,896.19,5.0,1287.0,0.0,1287.0,packet_delivered,0.0,0.0,0.0,0.0,0.0,0.0,0.0,0.0,NA,0,1112.0
NFT-/XUTR/DEUTH026166A1IKFX,75.52,0.0,0.0,3699.0,1586.0,355.581,7.552,0.0,0.0,postpaid,1.51,0.0,0.0,45.0,0.0,53.1,1168.257,"",'133177910670273837401,2026-06-15,11176448447,690dd612-795a-48f1-8e21-388d03f2a967,"",Forward,100121719135,100121719135,11504,1510.48,5.0,1942.0,0.0,1942.0,packet_delivered,0.0,0.0,0.0,0.0,0.0,0.0,0.0,0.0,NA,0,1757.0
NFT-/XUTR/DEUTH026166A1IKFX,21.91,0.0,0.0,1499.0,460.00000000000006,21.712,2.19,0.0,0.0,postpaid,0.438,106.0,0.0,0.0,0.0,125.08,-560.74,"",'133195784255366801103,2026-06-15,11187257146,f860afef-641c-4c9a-af5e-7a1afba1c539,100167596230,Reverse,100132527834,100132527834,11504,438.1,5.0,945.0,0.0,945.0,return_refund,0.0,0.0,0.0,0.0,0.0,0.0,0.0,0.0,NA,0,554.01
NFT-/XUTR/DEUTH026166A1IKFX,31.67,0.0,0.0,1599.0,40.0,10.384,0.19,0.0,0.0,postpaid,0.038,0.0,0.0,1.865,0.0,2.2007,27.187,"",'133186166428254417203,2026-06-15,11181036219,312a5fd7-d37a-487e-b261-2d0bdd9be381,"",Forward,100126306907,100126306907,11504,633.33,5.0,840.0,40.0,880.0,packet_delivered,0.0,0.0,0.0,0.0,0.0,0.0,0.0,0.0,NA,0,759.0
NFT-/XUTR/DEUTH026166A1IKFX,44.81,0.0,0.0,2399.0,941.0,244.284,4.481,0.0,0.0,postpaid,0.896,182.0,0.0,0.0,0.0,214.76,-906.099,"",'133158535291402674703,2026-06-15,11171149613,c691fe1d-4df7-44d2-aee2-6908717a479a,100167272266,Reverse,100116420303,100116420303,11504,896.19,5.0,1287.0,0.0,1287.0,return_refund,0.0,0.0,0.0,0.0,0.0,0.0,0.0,0.0,NA,0,1112.0
NFT-/XUTR/DEUTH026166A1IKFX,38.33,0.0,0.0,1799.0,805.0,208.978,3.833,0.0,0.0,postpaid,0.767,0.0,0.0,27.0,0.0,31.86,559.562,"",'133150388575356963103,2026-06-15,11168232773,8e20f6ed-b2f5-46d6-80e4-e6924d6a24aa,"",Forward,100113503467,100113503467,11504,766.67,5.0,900.0,0.0,900.0,packet_delivered,0.0,0.0,0.0,0.0,0.0,0.0,0.0,0.0,NA,0,899.0
NFT-/XUTR/DEUTH026166A1IKFX,0.0,23.76,23.76,1799.0,998.0,259.081,0.0,2.376,2.376,postpaid,0.95,0.0,0.0,31.0,0.0,36.58,696.637,"",'133203711262111110503,2026-06-15,11190844218,adc9ff52-d574-46ae-bbed-d57580987e28,"",Forward,100136114904,100136114904,11504,950.48,5.0,630.0,0.0,630.0,packet_delivered,0.0,0.0,0.0,0.0,0.0,0.0,0.0,0.0,NA,0,1169.0
NFT-/XUTR/DEUTH026166A1IKFX,0.0,26.76,26.76,1850.0,1124.0,265.264,0.0,2.676,2.676,postpaid,1.07,0.0,0.0,45.0,0.0,53.1,799.214,"",'133175150147551998803,2026-06-15,11175858813,ac1c0a92-b5bc-4f65-90ec-1d7278704444,"",Forward,100121129501,100121129501,11504,1070.48,5.0,555.0,0.0,555.0,packet_delivered,0.0,0.0,0.0,0.0,0.0,0.0,0.0,0.0,NA,0,1295.0
NFT-/XUTR/DEUTH026166A1IKFX,0.0,201.59,201.59,2999.0,2617.5099999999998,617.733,0.0,5.5455,5.5455,postpaid,2.218,104.978,0.0,0.0,0.0,123.87404,-2110.342,"",'133196293229335882803,2026-06-15,11187642891,8d0c4f63-2053-4164-9b46-eae57968b036,100170837582,Reverse,100132913578,100132913578,11504,2239.84,18.0,150.0,0.0,150.0,return_refund,0.0,0.0,0.0,0.0,0.0,0.0,0.0,0.0,NA,0,2849.0200000000004
NFT-/XUTR/DEUTH026166A1IKFX,0.0,14.52,14.52,1699.0,590.12,153.195,0.0,1.405,1.405,postpaid,0.562,102.545,0.0,0.0,0.0,121.0031,-554.556,"",'133181985647384639203,2026-06-15,11178764992,ec758ac3-e6ec-4531-8865-f3ede34fcc13,11178764992,Reverse,100124035680,100124035680,11504,580.96,5.0,995.0,0.0,995.0,exchange,0.0,0.0,0.0,0.0,0.0,0.0,0.0,0.0,NA,0,704.0
NFT-/XUTR/DEUTH026166A1IKFX,487.07,0.0,0.0,3399.0,2800.6079999999997,660.944,11.867,0.0,0.0,postpaid,2.373,111.393,0.0,0.0,0.0,131.44374,-2256.868,"",'133175372852183721303,2026-06-15,11175905929,01808015-677f-4527-bce2-26daa593658d,100167687188,Reverse,100121176617,100121176617,11504,2705.93,18.0,0.0,0.0,0.0,return_refund,0.0,0.0,0.0,0.0,0.0,0.0,0.0,0.0,NA,0,3399.0
NFT-/XUTR/DEUTH026166A1IKFX,51.62,0.0,0.0,2999.0,1084.0,205.96,5.162,0.0,0.0,postpaid,1.032,0.0,0.0,45.0,0.0,53.1,818.746,"",'133182624016986228203,2026-06-15,11179143698,7d2f58f4-00d7-4151-a225-634a5d1d3c17,"",Forward,100124414386,100124414386,11504,1032.38,5.0,1744.0,0.0,1744.0,packet_delivered,0.0,0.0,0.0,0.0,0.0,0.0,0.0,0.0,NA,0,1255.0
NFT-/XUTR/DEUTH026166A1IKFX,20.29,0.0,0.0,1699.0,418.81,19.768,1.994,0.0,0.0,postpaid,0.399,0.0,0.0,14.747,0.0,17.40146,379.248,"",'133177602647633911003,2026-06-15,11176369464,8bb6aa6c-b4df-4544-9ef6-1dc991ec3019,"",Forward,100121640152,1000034195549,11504,405.71,5.0,1179.0,0.0,1179.0,packet_delivered,0.0,0.0,0.0,0.0,0.0,0.0,0.0,0.0,NA,0,520.0
NFT-/XUTR/DEUTH026166A1IKFX,0.0,201.59,201.59,2999.0,2617.51,617.733,0.0,5.5455,5.5455,postpaid,2.218,0.0,0.0,64.373,0.0,75.96014,1910.508,"",'133196293229335882803,2026-06-15,11187642891,8d0c4f63-2053-4164-9b46-eae57968b036,"",Forward,100132913578,100132913578,11504,2239.84,18.0,150.0,0.0,150.0,packet_delivered,0.0,0.0,0.0,0.0,0.0,0.0,0.0,0.0,NA,0,2849.0200000000004
NFT-/XUTR/DEUTH026166A1IKFX,31.05,0.0,0.0,1799.0,652.0,169.259,3.105,0.0,0.0,postpaid,0.621,127.0,0.0,0.0,0.0,149.86,-628.875,"",'133178760811499703501,2026-06-15,11177081396,39545a27-cd18-412b-bc9e-45850c2d4905,100166549787,Reverse,100122352084,100122352084,11504,620.95,5.0,1053.0,0.0,1053.0,return_refund,0.0,0.0,0.0,0.0,0.0,0.0,0.0,0.0,NA,0,746.0
NFT-/XUTR/DEUTH026166A1IKFX,0.0,24.24,24.24,1699.0,1018.0,240.248,0.0,2.424,2.424,postpaid,0.97,0.0,0.0,49.0,0.0,57.82,714.114,"",'133194210995280742603,2026-06-15,11186061548,aee62ed0-bfc0-4dea-871d-9ac6989595f2,"",Forward,100131332235,100131332235,11504,969.52,5.0,510.0,0.0,510.0,packet_delivered,0.0,0.0,0.0,0.0,0.0,0.0,0.0,0.0,NA,0,1189.0
NFT-/XUTR/DEUTH026166A1IKFX,53.52,0.0,0.0,1850.0,35.0,8.26,0.167,0.0,0.0,postpaid,0.033,3.301,0.0,0.0,0.0,3.89518,-30.435,"",'133186159387944792803,2026-06-15,11181032500,439efb5c-2fd9-4ece-9ef1-0c83000d7f20,100169839412,Reverse,100126303188,100126303188,11504,1070.48,5.0,555.0,35.0,590.0,return_refund,0.0,0.0,0.0,0.0,0.0,0.0,0.0,0.0,NA,0,1295.0
NFT-/XUTR/DEUTH026166A1IKFX,33.95,0.0,0.0,2299.0,697.72,181.128,3.322,0.0,0.0,postpaid,0.664,103.728,0.0,0.0,0.0,122.39904,-635.005,"",'133200008003258302101,2026-06-15,11188603094,c963ecbf-80b2-4640-9df1-86070826d438,100166852825,Reverse,100133873781,100133873781,11504,679.05,5.0,1492.0,0.0,1492.0,return_refund,0.0,0.0,0.0,0.0,0.0,0.0,0.0,0.0,NA,0,807.0
NFT-/XUTR/DEUTH026166A1IKFX,43.1,0.0,0.0,2799.0,905.0,181.0,4.31,0.0,0.0,postpaid,0.862,0.0,0.0,27.0,1.267,33.35506,685.473,"",'133178803444209290803,2026-06-15,11177152458,7f9179be-e342-44f6-b340-9c32b396dbaa,"",Forward,100122423146,100122423146,11504,861.9,5.0,1723.0,0.0,1723.0,packet_delivered,0.0,0.0,0.0,0.0,0.0,0.0,0.0,0.0,NA,0,1076.0
NFT-/XUTR/DEUTH026166A1IKFX,0.0,19.81,19.81,1950.0,832.0,215.987,0.0,1.981,1.981,postpaid,0.792,106.0,0.0,0.0,0.0,125.08,-736.339,"",'133191151015322568803,2026-06-15,11183890313,a3844c05-96ed-40b6-81f2-61d3de619a67,100166593493,Reverse,100129161001,100129161001,11504,792.38,5.0,1024.0,0.0,1024.0,return_refund,0.0,0.0,0.0,0.0,0.0,0.0,0.0,0.0,NA,0,925.9999999999999
NFT-/XUTR/DEUTH026166A1IKFX,60.1,0.0,0.0,2999.0,1260.6,312.377,6.003,0.0,0.0,postpaid,1.201,0.0,0.0,44.95,5.925,60.0325,880.986,"",'133170351457247013601,2026-06-15,11175279498,d860079d-5362-48c2-aa98-10d0385e3876,"",Forward,100120550187,100120550187,11504,1201.9,5.0,1566.0,0.0,1566.0,packet_delivered,0.0,0.0,0.0,0.0,0.0,0.0,0.0,0.0,NA,0,1433.0
NFT-/XUTR/DEUTH026166A1IKFX,23.14,0.0,0.0,1799.0,477.8,22.552,2.275,0.0,0.0,postpaid,0.455,0.0,0.0,26.544,0.0,31.32192,421.196,"",'133177602647633911003,2026-06-15,11176369465,8bb6aa6c-b4df-4544-9ef6-1dc991ec3019,"",Forward,100121640153,1000034195549,11504,462.86,5.0,1219.0,0.0,1219.0,packet_delivered,0.0,0.0,0.0,0.0,0.0,0.0,0.0,0.0,NA,0,580.0
NFT-/XUTR/DEUTH026166A1IKFX,30.67,0.0,0.0,1850.0,74.0,19.21,0.352,0.0,0.0,postpaid,0.07,20.913,0.0,0.0,0.0,24.67734,-79.045,"",'133142376471165123603,2026-06-15,11166755238,ad529c4d-f92f-4b51-887c-6163d3e8a82b,11166755238,Reverse,100112025933,100112025933,11504,613.33,5.0,1112.0,74.0,1186.0,exchange,0.0,0.0,0.0,0.0,0.0,0.0,0.0,0.0,NA,0,738.0
NFT-/XUTR/DEUTH026166A1IKFX,35.95,0.0,0.0,1699.0,33.0,8.567,0.157,0.0,0.0,postpaid,0.031,0.0,0.0,1.355,0.0,1.5989,22.646,"",'133180206826105765901,2026-06-15,11178317493,c8deabf4-2bca-4a59-9d41-7cd4ee0adae3,"",Forward,100123588181,100123588181,11504,719.05,5.0,850.0,33.0,883.0,packet_delivered,0.0,0.0,0.0,0.0,0.0,0.0,0.0,0.0,NA,0,849.0
NFT-/XUTR/DEUTH026166A1IKFX,426.05,0.0,0.0,2999.0,17.0,4.012,0.072,0.0,0.0,postpaid,0.014,0.0,0.0,0.396,0.0,0.46728,12.435,"",'133178608907676501801,2026-06-15,11176796581,11bc9420-e006-4922-a39b-7c9aed13e465,"",Forward,100122067269,100122067269,11504,2366.95,18.0,0.0,17.0,17.0,packet_delivered,0.0,0.0,0.0,0.0,0.0,0.0,0.0,0.0,NA,0,2999.0
NFT-/XUTR/DEUTH026166A1IKFX,45.62,0.0,0.0,1699.0,944.5,245.192,4.498,0.0,0.0,postpaid,0.9,0.0,0.0,30.563,0.0,36.06434,657.846,"",'133184965844032129203,2026-06-15,11180444360,e401792a-ef96-4b40-a357-bcbecceb9a08,"",Forward,100125715048,100125715048,11504,912.38,5.0,570.0,0.0,570.0,packet_delivered,0.0,0.0,0.0,0.0,0.0,0.0,0.0,0.0,NA,0,1129.0
NFT-/XUTR/DEUTH026166A1IKFX,426.05,0.0,0.0,2999.0,17.0,4.012,0.072,0.0,0.0,postpaid,0.014,1.108,0.0,0.0,0.0,1.30744,-14.209,"",'133178608907676501801,2026-06-15,11176796581,11bc9420-e006-4922-a39b-7c9aed13e465,100168404988,Reverse,100122067269,100122067269,11504,2366.95,18.0,0.0,17.0,17.0,return_refund,0.0,0.0,0.0,0.0,0.0,0.0,0.0,0.0,NA,0,2999.0
NFT-/XUTR/DEUTH026166A1IKFX,58.57,0.0,0.0,2950.0,37.0,9.169,0.176,0.0,0.0,postpaid,0.035,0.0,0.0,1.474,0.0,1.73932,25.881,"",'133181793971507592803,2026-06-15,11178669750,ce46a628-30ea-4047-8cf0-4c46d268ba51,"",Forward,100123940438,100123940438,11504,1171.43,5.0,1549.0,37.0,1586.0,packet_delivered,0.0,0.0,0.0,0.0,0.0,0.0,0.0,0.0,NA,0,1401.0
NFT-/XUTR/DEUTH026166A1IKFX,49.67,0.0,0.0,2425.0,1043.0,219.03,4.967,0.0,0.0,postpaid,0.993,0.0,0.0,45.0,0.0,53.1,764.91,"",'133183602944269777501,2026-06-15,11179742974,51256efa-5ef2-415d-bd9a-2602adb009a8,"",Forward,100125013662,100125013662,11504,993.33,5.0,1211.0,0.0,1211.0,packet_delivered,0.0,0.0,0.0,0.0,0.0,0.0,0.0,0.0,NA,0,1214.0
NFT-/XUTR/DEUTH026166A1IKFX,23.71,0.0,0.0,1650.0,498.0,23.506,2.371,0.0,0.0,postpaid,0.474,182.0,0.0,0.0,0.0,214.76,-686.409,"",'133169565104416786801,2026-06-15,11175127135,2e5386da-6d53-4747-ad02-209dd80bb783,100168695010,Reverse,100120397824,100120397824,11504,474.29,5.0,1058.0,0.0,1058.0,return_refund,0.0,0.0,0.0,0.0,0.0,0.0,0.0,0.0,NA,0,592.0
NFT-/XUTR/DEUTH026166A1IKFX,32.81,0.0,0.0,1650.0,689.0,178.864,3.281,0.0,0.0,postpaid,0.656,0.0,0.0,27.0,0.0,31.86,474.339,"",'133178422671767675701,2026-06-15,11176591307,b9736359-39b4-4832-8502-83b0ac009c4b,"",Forward,100121861995,100121861995,11504,656.19,5.0,867.0,0.0,867.0,packet_delivered,0.0,0.0,0.0,0.0,0.0,0.0,0.0,0.0,NA,0,783.0
NFT-/XUTR/DEUTH026166A1IKFX,48.95,0.0,0.0,2399.0,33.0,6.6,0.157,0.0,0.0,postpaid,0.031,0.0,0.0,1.445,0.0,1.7051,24.507,"",'133185616071161864401,2026-06-15,11180750388,bd281a76-a410-4029-900c-17748c8f373f,"",Forward,100126021076,100126021076,11504,979.05,5.0,1200.0,33.0,1233.0,packet_delivered,0.0,0.0,0.0,0.0,0.0,0.0,0.0,0.0,NA,0,1199.0
NFT-/XUTR/DEUTH026166A1IKFX,79.38,0.0,0.0,2625.0,881.915,218.538,4.2,0.0,0.0,postpaid,0.84,0.0,0.0,23.807,0.0,28.09226,630.245,"",'133150283465339384501,2026-06-15,11168206364,268d4d94-1bc5-4b6c-b39a-f306b9f0fc32,"",Forward,100113477058,1000033559023,11504,1587.62,5.0,787.0,0.0,787.0,packet_delivered,0.0,0.0,0.0,0.0,0.0,0.0,0.0,0.0,NA,0,1838.0
NFT-/XUTR/DEUTH026166A1IKFX,48.57,0.0,0.0,2999.0,63.0,11.97,0.3,0.0,0.0,postpaid,0.06,0.0,0.0,2.779,0.221,3.54,47.13,"",'133178779879831907901,2026-06-15,11177113511,855cab30-3ee7-4f0f-b3a3-923907f98257,"",Forward,100122384199,100122384199,11504,971.43,5.0,1808.0,63.0,1871.0,packet_delivered,0.0,0.0,0.0,0.0,0.0,0.0,0.0,0.0,NA,0,1191.0
NFT-/XUTR/DEUTH026166A1IKFX,48.95,0.0,0.0,2399.0,33.0,6.6,0.157,0.0,0.0,postpaid,0.031,3.403,0.0,0.0,0.0,4.01554,-30.228,"",'133185616071161864401,2026-06-15,11180750388,bd281a76-a410-4029-900c-17748c8f373f,11180750388,Reverse,100126021076,100126021076,11504,979.05,5.0,1200.0,33.0,1233.0,exchange,0.0,0.0,0.0,0.0,0.0,0.0,0.0,0.0,NA,0,1199.0
NFT-/XUTR/DEUTH026166A1IKFX,50.43,0.0,0.0,1850.0,1059.0,249.924,5.043,0.0,0.0,postpaid,1.009,127.0,0.0,0.0,0.0,149.86,-952.884,"",'133175153649445020603,2026-06-15,11175859497,0e2c9c09-d7fa-4516-9fec-34d06268fb4c,100166468974,Reverse,100121130185,100121130185,11504,1008.57,5.0,620.0,0.0,620.0,return_refund,0.0,0.0,0.0,0.0,0.0,0.0,0.0,0.0,NA,0,1230.0
NFT-/XUTR/DEUTH026166A1IKFX,31.19,0.0,0.0,1499.0,655.0,170.038,3.119,0.0,0.0,postpaid,0.624,0.0,0.0,31.0,0.0,36.58,444.639,"",'133183220294436706701,2026-06-15,11179532293,90f01bcd-97a4-4c43-882a-1143282f5dd7,"",Forward,100124802981,100124802981,11504,623.81,5.0,750.0,0.0,750.0,packet_delivered,0.0,0.0,0.0,0.0,0.0,0.0,0.0,0.0,NA,0,749.0
NFT-/XUTR/DEUTH026166A1IKFX,0.0,32.64,32.64,3499.0,1165.422,288.791,0.0,2.775,2.775,postpaid,1.11,0.0,0.0,38.252,0.0,45.13736,824.834,"",'133165987344373443403,2026-06-15,11173546816,51fefcea-09ac-4e0f-ab61-8e13280db875,"",Forward,100118817505,100118817505,11504,1305.72,5.0,1957.0,0.0,1957.0,packet_delivered,0.0,0.0,0.0,0.0,0.0,0.0,0.0,0.0,NA,0,1542.0000000000002
NFT-/XUTR/DEUTH026166A1IKFX,38.33,0.0,0.0,1799.0,24.0,6.23,0.114,0.0,0.0,postpaid,0.023,0.0,0.0,0.924,0.0,1.09032,16.543,"",'133178568416881539203,2026-06-15,11176717953,d43fecb2-b9b6-4309-b418-0ba851c46b03,"",Forward,100121988641,100121988641,11504,766.67,5.0,900.0,24.0,924.0,packet_delivered,0.0,0.0,0.0,0.0,0.0,0.0,0.0,0.0,NA,0,899.0
NFT-/XUTR/DEUTH026166A1IKFX,22.48,0.0,0.0,1499.0,472.0,22.278,2.248,0.0,0.0,postpaid,0.45,0.0,0.0,27.0,0.0,31.86,415.164,"",'133158876922727425501,2026-06-15,11171222850,85acc212-e6fe-44a1-a6f5-3b072d75043f,"",Forward,100116493539,100116493539,11504,449.52,5.0,933.0,0.0,933.0,packet_delivered,0.0,0.0,0.0,0.0,0.0,0.0,0.0,0.0,NA,0,566.0
NFT-/XUTR/DEUTH026166A1IKFX,38.38,0.0,0.0,1799.0,45.0,9.9,0.214,0.0,0.0,postpaid,0.043,0.0,0.0,1.507,0.0,1.77826,33.065,"",'133185040358696629601,2026-06-15,11180478984,09cce498-bcf4-4691-a294-53b00dc94541,"",Forward,100125749672,100125749672,11504,767.62,5.0,899.0,45.0,944.0,packet_delivered,0.0,0.0,0.0,0.0,0.0,0.0,0.0,0.0,NA,0,900.0
NFT-/XUTR/DEUTH026166A1IKFX,58.48,0.0,0.0,1999.0,140.0,33.04,0.667,0.0,0.0,postpaid,0.133,14.479,0.0,0.0,0.0,17.08522,-123.245,"",'133152446260861089303,2026-06-15,11168797349,6fc4fd42-76e7-4378-a17a-10206c6434c0,11168797349,Reverse,100114068042,100114068042,11504,1169.52,5.0,600.0,140.0,740.0,exchange,0.0,0.0,0.0,0.0,0.0,0.0,0.0,0.0,NA,0,1399.0
NFT-/XUTR/DEUTH026166A1IKFX,47.76,0.0,0.0,2999.0,44.0,10.903,0.21,0.0,0.0,postpaid,0.042,5.571,0.0,0.0,0.0,6.57378,-39.419,"",'133178755676301530203,2026-06-15,11177072636,ed7305e3-5fe2-40c8-b601-1153dc522753,100166881455,Reverse,100122343324,1000034580684,11504,955.24,5.0,1825.0,44.0,1869.0,return_refund,0.0,0.0,0.0,0.0,0.0,0.0,0.0,0.0,NA,0,1174.0
NFT-/XUTR/DEUTH026166A1IKFX,31.19,0.0,0.0,1499.0,655.0,170.038,3.119,0.0,0.0,postpaid,0.624,106.0,0.0,0.0,0.0,125.08,-606.299,"",'133183220294436706701,2026-06-15,11179532293,90f01bcd-97a4-4c43-882a-1143282f5dd7,100166542250,Reverse,100124802981,100124802981,11504,623.81,5.0,750.0,0.0,750.0,return_refund,0.0,0.0,0.0,0.0,0.0,0.0,0.0,0.0,NA,0,749.0
NFT-/XUTR/DEUTH026166A1IKFX,85.14,0.0,0.0,2999.0,1788.0,443.066,8.514,0.0,0.0,postpaid,1.703,0.0,0.0,49.0,3.397,61.82846,1272.889,"",'133191625906402652703,2026-06-15,11184277085,f16b2bc9-abaf-4fea-bd76-3a6f206c66a9,"",Forward,100129547773,100129547773,11504,1702.86,5.0,1005.0,0.0,1005.0,packet_delivered,0.0,0.0,0.0,0.0,0.0,0.0,0.0,0.0,NA,0,1994.0
NFT-/XUTR/DEUTH026166A1IKFX,36.19,0.0,0.0,1799.0,45.0,11.682,0.214,0.0,0.0,postpaid,0.043,6.276,0.0,0.0,0.0,7.40568,-40.467,"",'133202499617895989401,2026-06-15,11190157169,dda529ca-b60c-4c19-b896-f3ae2773162e,100167241110,Reverse,100135427855,100135427855,11504,723.81,5.0,945.0,45.0,990.0,return_refund,0.0,0.0,0.0,0.0,0.0,0.0,0.0,0.0,NA,0,854.0
NFT-/XUTR/DEUTH026166A1IKFX,59.95,0.0,0.0,3299.0,1259.0,326.836,5.995,0.0,0.0,postpaid,1.199,0.0,0.0,45.0,0.0,53.1,871.87,"",'133166906639973412803,2026-06-15,11174280667,610b9197-94a1-4a61-8fa5-b63babb2827a,"",Forward,100119551356,100119551356,11504,1199.05,5.0,1846.0,0.0,1846.0,packet_delivered,0.0,0.0,0.0,0.0,0.0,0.0,0.0,0.0,NA,0,1453.0
NFT-/XUTR/DEUTH026166A1IKFX,37.38,0.0,0.0,2799.0,785.0,203.786,3.738,0.0,0.0,postpaid,0.748,0.0,0.0,31.0,6.594,44.36092,532.367,"",'133191187005532669801,2026-06-15,11183919908,84362e2f-df9d-4f32-9147-024478e2182c,"",Forward,100129190596,100129190596,11504,747.62,5.0,1843.0,0.0,1843.0,packet_delivered,0.0,0.0,0.0,0.0,0.0,0.0,0.0,0.0,NA,0,956.0
NFT-/XUTR/DEUTH026166A1IKFX,46.14,0.0,0.0,1799.0,969.0,251.552,4.614,0.0,0.0,postpaid,0.923,0.0,0.0,27.0,0.0,31.86,680.051,"",'133177375167488098103,2026-06-15,11176317940,45b2a189-2281-4817-8905-21800bf50eff,"",Forward,100121588628,100121588628,11504,922.86,5.0,659.0,0.0,659.0,packet_delivered,0.0,0.0,0.0,0.0,0.0,0.0,0.0,0.0,NA,0,1140.0
NFT-/XUTR/DEUTH026166A1IKFX,65.81,0.0,0.0,2250.0,372.257,87.853,1.773,0.0,0.0,postpaid,0.355,49.024,0.0,0.0,0.0,57.84832,-340.124,"",'133168338518100052301,2026-06-15,11174845467,485d672b-cf97-4c30-ab73-72548928d87c,11174845467,Reverse,100120116156,100120116156,11504,1316.19,5.0,697.0,0.0,697.0,exchange,0.0,0.0,0.0,0.0,0.0,0.0,0.0,0.0,NA,0,1553.0
NFT-/XUTR/DEUTH026166A1IKFX,0.0,26.76,26.76,1850.0,1124.0,265.264,0.0,2.676,2.676,postpaid,1.07,127.0,0.0,0.0,0.0,149.86,-1002.174,"",'133175150147551998803,2026-06-15,11175858813,ac1c0a92-b5bc-4f65-90ec-1d7278704444,100167636575,Reverse,100121129501,100121129501,11504,1070.48,5.0,555.0,0.0,555.0,return_refund,0.0,0.0,0.0,0.0,0.0,0.0,0.0,0.0,NA,0,1295.0
NFT-/XUTR/DEUTH026166A1IKFX,100.14,0.0,0.0,3299.0,2103.0,496.308,10.014,0.0,0.0,postpaid,2.003,0.0,0.0,61.0,0.0,71.98,1522.695,"",'133150641357602656301,2026-06-15,11168295821,3de826a8-63f8-4c71-b92c-669f3585c75c,"",Forward,100113566515,100113566515,11504,2002.86,5.0,990.0,0.0,990.0,packet_delivered,0.0,0.0,0.0,0.0,0.0,0.0,0.0,0.0,NA,0,2309.0
NFT-/XUTR/DEUTH026166A1IKFX,43.05,0.0,0.0,1999.0,37.68,9.782,0.179,0.0,0.0,postpaid,0.036,0.0,0.0,1.125,0.0,1.3275,26.356,"",'133152666514204553901,2026-06-15,11168853871,eaa4cd49-39cb-47bd-8e4f-a616b7f74fb6,"",Forward,100114124564,100114124564,11504,860.95,5.0,1001.0,0.0,1001.0,packet_delivered,0.0,0.0,0.0,0.0,0.0,0.0,0.0,0.0,NA,0,998.0
NFT-/XUTR/DEUTH026166A1IKFX,32.57,0.0,0.0,3450.0,636.15,30.026,3.029,0.0,0.0,postpaid,0.606,0.0,0.0,25.111,0.0,29.63098,572.858,"",'133164414144923454501,2026-06-15,11172371663,6f0d66eb-d59e-4e0c-9756-a9c43b6542a4,"",Forward,100117642352,100117642352,11504,651.43,5.0,2672.0,0.0,2672.0,packet_delivered,0.0,0.0,0.0,0.0,0.0,0.0,0.0,0.0,NA,0,778.0
NFT-/XUTR/DEUTH026166A1IKFX,58.48,0.0,0.0,1999.0,140.0,33.04,0.667,0.0,0.0,postpaid,0.133,0.0,0.0,5.13,0.0,6.0534,100.107,"",'133152446260861089303,2026-06-15,11168797349,6fc4fd42-76e7-4378-a17a-10206c6434c0,"",Forward,100114068042,100114068042,11504,1169.52,5.0,600.0,140.0,740.0,packet_delivered,0.0,0.0,0.0,0.0,0.0,0.0,0.0,0.0,NA,0,1399.0
NFT-/XUTR/DEUTH026166A1IKFX,70.38,0.0,0.0,3299.0,1478.0,366.248,7.038,0.0,0.0,postpaid,1.408,0.0,0.0,49.0,0.0,57.82,1045.486,"",'133178764908385852101,2026-06-15,11177088322,70ce4117-f187-4847-b52d-3a6d07a6accd,"",Forward,100122359013,100122359013,11504,1407.62,5.0,1650.0,0.0,1650.0,packet_delivered,0.0,0.0,0.0,0.0,0.0,0.0,0.0,0.0,NA,0,1649.0
NFT-/XUTR/DEUTH026166A1IKFX,20.29,0.0,0.0,1650.0,421.18000000000006,19.88,2.006,0.0,0.0,postpaid,0.401,179.941,0.0,0.0,0.0,212.33038,-611.223,"",'133168918376231639601,2026-06-15,11174969599,d5d17ab9-824b-4790-8f05-56a59062b0d9,100167378710,Reverse,100120240288,100120240288,11504,405.71,5.0,1130.0,0.0,1130.0,return_refund,0.0,0.0,0.0,0.0,0.0,0.0,0.0,0.0,NA,0,520.0
NFT-/XUTR/DEUTH026166A1IKFX,35.95,0.0,0.0,1699.0,24.0,6.23,0.114,0.0,0.0,postpaid,0.023,0.0,0.0,0.985,0.168,1.36054,16.272,"",'133185670231508481401,2026-06-15,11180777601,def1941f-e518-4f5e-a976-b0c5b1ec8e25,"",Forward,100126048289,1000034874558,11504,719.05,5.0,850.0,24.0,874.0,packet_delivered,0.0,0.0,0.0,0.0,0.0,0.0,0.0,0.0,NA,0,849.0
NFT-/XUTR/DEUTH026166A1IKFX,65.81,0.0,0.0,2250.0,372.257,87.853,1.773,0.0,0.0,postpaid,0.355,0.0,0.0,12.121,0.0,14.30278,267.973,"",'133168338518100052301,2026-06-15,11174845467,485d672b-cf97-4c30-ab73-72548928d87c,"",Forward,100120116156,100120116156,11504,1316.19,5.0,697.0,0.0,697.0,packet_delivered,0.0,0.0,0.0,0.0,0.0,0.0,0.0,0.0,NA,0,1553.0
NFT-/XUTR/DEUTH026166A1IKFX,45.0,0.0,0.0,2499.0,945.0,245.322,4.5,0.0,0.0,postpaid,0.9,0.0,0.0,27.0,4.914,37.65852,656.619,"",'133169690265409937803,2026-06-15,11175157721,960a12ef-95c2-474c-ab10-53ea935fb7a3,"",Forward,100120428410,100120428410,11504,900,5.0,1383.0,0.0,1383.0,packet_delivered,0.0,0.0,0.0,0.0,0.0,0.0,0.0,0.0,NA,0,1116.0
NFT-/XUTR/DEUTH026166A1IKFX,18.62,0.0,0.0,1699.0,20.0,0.9439999999999998,0.095,0.0,0.0,postpaid,0.019,0.0,0.0,0.0,0.0,0.0,18.942,"",'133151985181250153201,2026-06-15,11168661848,019eb1be-1c4f-4814-a211-0a32358fb0c5,"",Forward,100113932541,100113932541,11504,372.38,5.0,1214.0,20.0,1234.0,packet_delivered,0.0,0.0,0.0,0.0,0.0,0.0,0.0,0.0,NA,0,485.0
NFT-/XUTR/DEUTH026166A1IKFX,63.24,0.0,0.0,2999.0,1328.0,329.078,6.324,0.0,0.0,postpaid,1.265,0.0,0.0,49.0,0.0,57.82,933.513,"",'133184579710646279401,2026-06-15,11180259231,2cb05ede-cfb4-4e00-ab5e-ab42b51ded03,"",Forward,100125529919,100125529919,11504,1264.76,5.0,1500.0,0.0,1500.0,packet_delivered,0.0,0.0,0.0,0.0,0.0,0.0,0.0,0.0,NA,0,1499.0
NFT-/XUTR/DEUTH026166A1IKFX,0.0,31.62,31.62,1999.0,1328.0,313.408,0.0,3.162,3.162,postpaid,1.265,0.0,0.0,49.0,0.0,57.82,949.183,"",'133190875581891144803,2026-06-15,11183677706,5b510516-046c-49e7-ac98-858e911d5112,"",Forward,100128948394,100128948394,11504,1264.76,5.0,500.0,200.0,700.0,packet_delivered,0.0,0.0,0.0,0.0,0.0,0.0,0.0,0.0,NA,0,1498.9999999999998
NFT-/XUTR/DEUTH026166A1IKFX,48.76,0.0,0.0,1799.0,1024.0,241.664,4.876,0.0,0.0,postpaid,0.975,0.0,0.0,45.0,0.0,53.1,723.385,"",'133159712252650335901,2026-06-15,11171403879,fc6cc4ca-9f66-4c5e-85bb-f2d511cd5eea,"",Forward,100116674568,100116674568,11504,975.24,5.0,604.0,0.0,604.0,packet_delivered,0.0,0.0,0.0,0.0,0.0,0.0,0.0,0.0,NA,0,1195.0
NFT-/XUTR/DEUTH026166A1IKFX,35.1,0.0,0.0,1750.0,44.0,11.422,0.21,0.0,0.0,postpaid,0.042,6.328,0.0,0.0,0.0,7.46704,-39.793,"",'133181622528552949903,2026-06-15,11178592879,624a35b6-9ad9-4951-8d7c-989cb3b7d740,11178592879,Reverse,100123863567,1000034405951,11504,701.9,5.0,919.0,44.0,963.0,exchange,0.0,0.0,0.0,0.0,0.0,0.0,0.0,0.0,NA,0,831.0
NFT-/XUTR/DEUTH026166A1IKFX,33.38,0.0,0.0,1850.0,701.0,181.98,3.338,0.0,0.0,postpaid,0.668,127.0,0.0,0.0,0.0,149.86,-664.874,"",'133178715390798679001,2026-06-15,11177002158,82ab786a-55cf-482f-be8a-1f1920b1d032,100166066778,Reverse,100122272846,100122272846,11504,667.62,5.0,1055.0,0.0,1055.0,return_refund,0.0,0.0,0.0,0.0,0.0,0.0,0.0,0.0,NA,0,795.0
NFT-/XUTR/DEUTH026166A1IKFX,0.0,57.83,57.83,3999.0,2429.0,544.582,0.0,5.7835,5.7835,postpaid,2.313,0.0,0.0,65.0,0.0,76.7,1793.838,"",'133196673177218147703,2026-06-15,11187764960,71df9882-833f-48c1-835e-42aa956f24df,"",Forward,100133035647,100133035647,11504,2313.34,5.0,1340.0,0.0,1340.0,packet_delivered,0.0,0.0,0.0,0.0,0.0,0.0,0.0,0.0,NA,0,2659.0
NFT-/XUTR/DEUTH026166A1IKFX,19.1,0.0,0.0,1599.0,401.00000000000006,18.927,1.91,0.0,0.0,postpaid,0.382,106.0,0.0,0.0,0.0,125.08,-504.861,"",'133191828087354685403,2026-06-15,11184442122,bec1aff5-4d29-4392-930d-168b612243ed,11184442122,Reverse,100129712810,100129712810,11504,381.9,5.0,1104.0,0.0,1104.0,exchange,0.0,0.0,0.0,0.0,0.0,0.0,0.0,0.0,NA,0,495.0
NFT-/XUTR/DEUTH026166A1IKFX,0.0,16.36,16.36,2999.0,687.0,32.426,0.0,1.6355,1.6355,postpaid,0.654,0.0,0.0,27.0,0.0,31.86,618.789,"",'133174445205950366801,2026-06-15,11175703767,66c0292e-6b19-4d53-b978-13afb31bd3b2,"",Forward,100120974455,100120974455,11504,654.28,5.0,2218.0,0.0,2218.0,packet_delivered,0.0,0.0,0.0,0.0,0.0,0.0,0.0,0.0,NA,0,781.0
NFT-/XUTR/DEUTH026166A1IKFX,50.43,0.0,0.0,1850.0,1059.0,249.924,5.043,0.0,0.0,postpaid,1.009,0.0,0.0,45.0,0.0,53.1,749.924,"",'133175153649445020603,2026-06-15,11175859497,0e2c9c09-d7fa-4516-9fec-34d06268fb4c,"",Forward,100121130185,100121130185,11504,1008.57,5.0,620.0,0.0,620.0,packet_delivered,0.0,0.0,0.0,0.0,0.0,0.0,0.0,0.0,NA,0,1230.0
NFT-/XUTR/DEUTH026166A1IKFX,82.29,0.0,0.0,3999.0,1728.0,345.6,8.229,0.0,0.0,postpaid,1.646,0.0,0.0,61.0,0.0,71.98,1300.545,"",'133189899883968970103,2026-06-15,11183092115,176355cc-535f-4e12-83ca-1075fa53bb78,"",Forward,100128362803,100128362803,11504,1645.71,5.0,2100.0,0.0,2100.0,packet_delivered,0.0,0.0,0.0,0.0,0.0,0.0,0.0,0.0,NA,0,1899.0
NFT-/XUTR/DEUTH026166A1IKFX,30.67,0.0,0.0,1699.0,82.3,21.365,0.392,0.0,0.0,postpaid,0.078,0.0,0.0,3.45,0.0,4.071,56.394,"",'133175131338399207901,2026-06-15,11175854853,f8e5f3e1-d7db-4668-a479-f2494f42d950,"",Forward,100121125541,100121125541,11504,613.33,5.0,961.0,0.0,961.0,packet_delivered,0.0,0.0,0.0,0.0,0.0,0.0,0.0,0.0,NA,0,738.0
NFT-/XUTR/DEUTH026166A1IKFX,36.19,0.0,0.0,1799.0,45.0,11.682,0.214,0.0,0.0,postpaid,0.043,0.0,0.0,1.836,0.0,2.16648,30.895,"",'133181622528552949903,2026-06-15,11178592876,624a35b6-9ad9-4951-8d7c-989cb3b7d740,"",Forward,100123863564,1000034405951,11504,723.81,5.0,945.0,45.0,990.0,packet_delivered,0.0,0.0,0.0,0.0,0.0,0.0,0.0,0.0,NA,0,854.0
NFT-/XUTR/DEUTH026166A1IKFX,48.38,0.0,0.0,2499.0,1016.0,251.76500000000004,4.838,0.0,0.0,postpaid,0.968,0.0,0.0,49.0,0.0,57.82,700.609,"",'133186443806783097603,2026-06-15,11181195285,4d9f57ed-2d9e-468c-8aaa-e7dd15f87fde,"",Forward,100126465973,100126465973,11504,967.62,5.0,1312.0,0.0,1312.0,packet_delivered,0.0,0.0,0.0,0.0,0.0,0.0,0.0,0.0,NA,0,1187.0
NFT-/XUTR/DEUTH026166A1IKFX,87.05,0.0,0.0,3999.0,52.0,12.885,0.248,0.0,0.0,postpaid,0.05,3.015,0.0,0.0,0.0,3.5577,-42.375,"",'133184149761031766203,2026-06-15,11180035829,d099c5aa-32ff-4075-ae2c-f03cebe3b1d5,100167150477,Reverse,100125306517,100125306517,11504,1740.95,5.0,2000.0,52.0,2052.0,return_refund,0.0,0.0,0.0,0.0,0.0,0.0,0.0,0.0,NA,0,1999.0
NFT-/XUTR/DEUTH026166A1IKFX,0.0,57.83,57.83,3999.0,2429.0,544.582,0.0,5.7835,5.7835,postpaid,2.313,157.0,0.0,0.0,0.0,185.26,-2055.798,"",'133196673177218147703,2026-06-15,11187764960,71df9882-833f-48c1-835e-42aa956f24df,100167013753,Reverse,100133035647,100133035647,11504,2313.34,5.0,1340.0,0.0,1340.0,return_refund,0.0,0.0,0.0,0.0,0.0,0.0,0.0,0.0,NA,0,2659.0
NFT-/XUTR/DEUTH026166A1IKFX,32.57,0.0,0.0,2999.0,684.0,32.285,3.257,0.0,0.0,postpaid,0.651,0.0,0.0,27.0,0.0,31.86,615.947,"",'133160965981082103401,2026-06-15,11171724597,e99b4ac4-b3c7-425d-b50c-4b4d335c8708,"",Forward,100116995286,100116995286,11504,651.43,5.0,2221.0,0.0,2221.0,packet_delivered,0.0,0.0,0.0,0.0,0.0,0.0,0.0,0.0,NA,0,778.0
NFT-/XUTR/DEUTH026166A1IKFX,68.76,0.0,0.0,3399.0,68.0,13.6,0.324,0.0,0.0,postpaid,0.065,4.992,0.0,0.0,0.0,5.89056,-59.902,"",'133186288903313257903,2026-06-15,11181103703,242068bb-113c-4c44-a784-194e90097ac5,11181103703,Reverse,100126374391,1000035453164,11504,1375.24,5.0,1784.0,68.0,1852.0,exchange,0.0,0.0,0.0,0.0,0.0,0.0,0.0,0.0,NA,0,1615.0
NFT-/XUTR/DEUTH026166A1IKFX,85.52,0.0,0.0,4450.0,1796.0,466.242,8.552,0.0,0.0,postpaid,1.71,0.0,0.0,49.0,0.0,57.82,1261.676,"",'133202179493084393201,2026-06-15,11189969953,a8051aee-bc8a-4252-9ab6-19ad622c335c,"",Forward,100135240638,100135240638,11504,1710.48,5.0,2448.0,0.0,2448.0,packet_delivered,0.0,0.0,0.0,0.0,0.0,0.0,0.0,0.0,NA,0,2002.0
NFT-/XUTR/DEUTH026166A1IKFX,0.0,29.83,29.83,2999.0,1253.0,310.493,0.0,2.9835,2.9835,postpaid,1.193,0.0,0.0,49.0,0.0,57.82,877.527,"",'133180274310290543303,2026-06-15,11178323276,335e9b73-5a43-478f-ab2f-e6eda5a9f63a,"",Forward,100123593964,100123593964,11504,1193.34,5.0,1575.0,0.0,1575.0,packet_delivered,0.0,0.0,0.0,0.0,0.0,0.0,0.0,0.0,NA,0,1423.9999999999998
NFT-/XUTR/DEUTH026166A1IKFX,68.76,0.0,0.0,3399.0,68.0,13.6,0.324,0.0,0.0,postpaid,0.065,4.992,0.0,0.0,0.0,5.89056,-59.902,"",'133186288903313257903,2026-06-15,11181103706,242068bb-113c-4c44-a784-194e90097ac5,100169642219,Reverse,100126374394,1000035453164,11504,1375.24,5.0,1784.0,68.0,1852.0,return_refund,0.0,0.0,0.0,0.0,0.0,0.0,0.0,0.0,NA,0,1615.0
NFT-/XUTR/DEUTH026166A1IKFX,66.57,0.0,0.0,3999.0,1379.52,341.845,6.569,0.0,0.0,postpaid,1.314,125.321,0.0,0.0,0.0,147.87878,-1177.671,"",'133181672401128798601,2026-06-15,11178614427,1b1fe58e-0e5f-41c8-9226-142ed2ff398c,100169717324,Reverse,100123885115,100123885115,11504,1331.43,5.0,2430.0,0.0,2430.0,return_refund,0.0,0.0,0.0,0.0,0.0,0.0,0.0,0.0,NA,0,1569.0
NFT-/XUTR/DEUTH026166A1IKFX,53.52,0.0,0.0,1950.0,1124.0,265.264,5.352,0.0,0.0,postpaid,1.07,0.0,0.0,45.0,0.0,53.1,799.214,"",'133158759057554717203,2026-06-15,11171197037,162de515-7b38-4367-9c21-618186073ab0,"",Forward,100116467727,100116467727,11504,1070.48,5.0,655.0,0.0,655.0,packet_delivered,0.0,0.0,0.0,0.0,0.0,0.0,0.0,0.0,NA,0,1295.0
NFT-/XUTR/DEUTH026166A1IKFX,20.29,0.0,0.0,1599.0,426.0,20.107,2.029,0.0,0.0,postpaid,0.406,0.0,0.0,15.0,3.621,21.97278,381.485,"",'133166472100640607501,2026-06-15,11174004192,4091ec23-214d-4de7-9af3-848c9f119a09,"",Forward,100119274881,100119274881,11504,405.71,5.0,1079.0,0.0,1079.0,packet_delivered,0.0,0.0,0.0,0.0,0.0,0.0,0.0,0.0,NA,0,520.0
NFT-/XUTR/DEUTH026166A1IKFX,68.0,0.0,0.0,3999.0,1428.0,353.858,6.8,0.0,0.0,postpaid,1.36,127.0,0.0,0.0,0.0,149.86,-1215.842,"",'133190765358615427001,2026-06-15,11183595594,0f2b0443-a005-4454-adb2-e52682e9b00d,100168699798,Reverse,100128866282,100128866282,11504,1360,5.0,2400.0,0.0,2400.0,return_refund,0.0,0.0,0.0,0.0,0.0,0.0,0.0,0.0,NA,0,1599.0
NFT-/XUTR/DEUTH026166A1IKFX,48.86,0.0,0.0,1799.0,1026.0,242.136,4.886,0.0,0.0,postpaid,0.977,0.0,0.0,45.0,0.0,53.1,724.901,"",'133143670557678922901,2026-06-15,11167077869,26543330-8d6a-4a50-b888-4ce4efeb1307,"",Forward,100112348563,100112348563,11504,977.14,5.0,602.0,0.0,602.0,packet_delivered,0.0,0.0,0.0,0.0,0.0,0.0,0.0,0.0,NA,0,1197.0
NFT-/XUTR/DEUTH026166A1IKFX,58.43,0.0,0.0,2899.0,1227.0,304.051,5.843,0.0,0.0,postpaid,1.169,0.0,0.0,45.0,0.0,53.1,862.837,"",'133155193762772112201,2026-06-15,11169307211,a0faedea-46f2-447d-bfa2-dfe60c672486,"",Forward,100114577904,100114577904,11504,1168.57,5.0,1501.0,0.0,1501.0,packet_delivered,0.0,0.0,0.0,0.0,0.0,0.0,0.0,0.0,NA,0,1398.0
NFT-/XUTR/DEUTH026166A1IKFX,72.76,0.0,0.0,1699.0,1528.0,360.608,7.276,0.0,0.0,postpaid,1.455,182.0,0.0,0.0,0.0,214.76,-1373.421,"",'133150395418705727603,2026-06-15,11168234311,23a83cf5-72f8-45b4-9547-57ceb656702a,100166152718,Reverse,100113505005,100113505005,11504,1455.24,5.0,0.0,0.0,0.0,return_refund,0.0,0.0,0.0,0.0,0.0,0.0,0.0,0.0,NA,0,1699.0
NFT-/XUTR/DEUTH026166A1IKFX,32.57,0.0,0.0,3450.0,684.0,32.285,3.257,0.0,0.0,postpaid,0.651,0.0,0.0,27.0,0.0,31.86,615.947,"",'133176001930171876703,2026-06-15,11176033554,7e2d552c-81a9-4c44-9033-cea1edf456b6,"",Forward,100121304242,100121304242,11504,651.43,5.0,2672.0,0.0,2672.0,packet_delivered,0.0,0.0,0.0,0.0,0.0,0.0,0.0,0.0,NA,0,778.0
NFT-/XUTR/DEUTH026166A1IKFX,45.38,0.0,0.0,2799.0,5.0,1.298,0.024,0.0,0.0,postpaid,0.005,0.955,0.0,0.0,0.0,1.1269,-4.8,"",'133173864161937200003,2026-06-15,11175571949,baa02872-a530-45ba-ba05-6c0ecba02fe6,100167232969,Reverse,100120842637,100120842637,11504,907.62,5.0,1675.0,5.0,1680.0,return_refund,0.0,0.0,0.0,0.0,0.0,0.0,0.0,0.0,NA,0,1124.0
NFT-/XUTR/DEUTH026166A1IKFX,43.05,0.0,0.0,1999.0,115.731,30.044,0.551,0.0,0.0,postpaid,0.11,0.0,0.0,3.457,0.0,4.07926,80.947,"",'133160068225127658501,2026-06-15,11171487379,dd88ad92-a224-4185-93ed-825b0ba33b78,"",Forward,100116758068,100116758068,11504,860.95,5.0,1001.0,0.0,1001.0,packet_delivered,0.0,0.0,0.0,0.0,0.0,0.0,0.0,0.0,NA,0,998.0
NFT-/XUTR/DEUTH026166A1IKFX,37.14,0.0,0.0,1750.0,780.0,202.488,3.714,0.0,0.0,postpaid,0.743,182.0,0.0,0.0,0.0,214.76,-787.815,"",'133142049993089740703,2026-06-15,11166679000,57ed2623-1676-45f6-8a98-42ec21be217b,100167267155,Reverse,100111949695,100111949695,11504,742.86,5.0,876.0,0.0,876.0,return_refund,0.0,0.0,0.0,0.0,0.0,0.0,0.0,0.0,NA,0,874.0
NFT-/XUTR/DEUTH026166A1IKFX,88.52,0.0,0.0,6399.0,1859.0,334.62,8.852,0.0,0.0,postpaid,1.77,0.0,0.0,45.0,0.0,53.1,1460.658,"",'133182726943590408301,2026-06-15,11179211795,f6decfa3-6acb-4681-b5f9-1962b39755a2,"",Forward,100124482483,100124482483,11504,1770.48,5.0,4228.0,0.0,4228.0,packet_delivered,0.0,0.0,0.0,0.0,0.0,0.0,0.0,0.0,NA,0,2171.0
NFT-/XUTR/DEUTH026166A1IKFX,426.05,0.0,0.0,2999.0,2793.0,659.148,11.835,0.0,0.0,postpaid,2.367,0.0,0.0,65.0,0.0,76.7,2042.95,"",'133203287193054006701,2026-06-15,11190578805,783ed366-65a7-47f0-9c1f-c85cf40cc3c3,"",Forward,100135849491,100135849491,11504,2366.95,18.0,0.0,0.0,0.0,packet_delivered,0.0,0.0,0.0,0.0,0.0,0.0,0.0,0.0,NA,0,2999.0
NFT-/XUTR/DEUTH026166A1IKFX,60.71,0.0,0.0,2999.0,1275.0,315.945,6.071,0.0,0.0,postpaid,1.214,0.0,0.0,45.0,0.0,53.1,898.67,"",'133139294372833762901,2026-06-15,11165980187,9b943a54-3f0d-4077-a6ee-511a168e7842,"",Forward,100111250882,100111250882,11504,1214.29,5.0,1553.0,0.0,1553.0,packet_delivered,0.0,0.0,0.0,0.0,0.0,0.0,0.0,0.0,NA,0,1446.0
NFT-/XUTR/DEUTH026166A1IKFX,487.07,0.0,0.0,3399.0,2800.608,660.944,11.867,0.0,0.0,postpaid,2.373,0.0,0.0,53.504,0.0,63.13472,2062.289,"",'133175372852183721303,2026-06-15,11175905929,01808015-677f-4527-bce2-26daa593658d,"",Forward,100121176617,100121176617,11504,2705.93,18.0,0.0,0.0,0.0,packet_delivered,0.0,0.0,0.0,0.0,0.0,0.0,0.0,0.0,NA,0,3399.0
NFT-/XUTR/DEUTH026166A1IKFX,402.87,0.0,0.0,3999.0,1112.246,262.49,4.713,0.0,0.0,postpaid,0.943,0.0,0.0,25.69,0.0,30.3142,813.786,"",'133178237701862624503,2026-06-15,11176541665,6609b7da-5fc6-40f8-ab73-1cfa21c78b3d,"",Forward,100121812353,100121812353,11504,2238.14,18.0,1152.0,0.0,1152.0,packet_delivered,0.0,0.0,0.0,0.0,0.0,0.0,0.0,0.0,NA,0,2847.0099999999998
NFT-/XUTR/DEUTH026166A1IKFX,0.0,21.41,21.41,2999.0,131.76,26.352,0.0,0.3135,0.3135,postpaid,0.125,0.0,0.0,3.957,0.0,4.66926,99.987,"",'133187266702219621703,2026-06-15,11181953802,4a8efcd7-1205-4a6e-8c75-a7cb62d2579e,"",Forward,100127224492,1000036405919,11504,856.2,5.0,2006.0,0.0,2006.0,packet_delivered,0.0,0.0,0.0,0.0,0.0,0.0,0.0,0.0,NA,0,993.02
NFT-/XUTR/DEUTH026166A1IKFX,77.52,0.0,0.0,1799.0,1491.8799999999999,352.084,7.104,0.0,0.0,postpaid,1.421,116.381,0.0,0.0,0.0,137.32958,-1268.601,"",'133170307203805248001,2026-06-15,11175274434,bf02ce59-4603-484c-93a2-b265b6312fa3,100167173565,Reverse,100120545123,100120545123,11504,1550.48,5.0,0.0,0.0,0.0,return_refund,0.0,0.0,0.0,0.0,0.0,0.0,0.0,0.0,NA,0,1799.0
NFT-/XUTR/DEUTH026166A1IKFX,34.71,0.0,0.0,2999.0,729.0,34.40899999999999,3.471,0.0,0.0,postpaid,0.694,0.0,0.0,27.0,0.0,31.86,658.566,"",'133130818391219339903,2026-06-15,11162477849,7c129024-6c0d-4778-aa81-cc8be3348aee,"",Forward,100107748547,100107748547,11504,694.29,5.0,2176.0,0.0,2176.0,packet_delivered,0.0,0.0,0.0,0.0,0.0,0.0,0.0,0.0,NA,0,823.0
NFT-/XUTR/DEUTH026166A1IKFX,72.76,0.0,0.0,3399.0,71.0,15.918000000000003,0.338,0.0,0.0,postpaid,0.068,0.0,0.0,2.277,0.0,2.68686,51.989,"",'133178602147090876103,2026-06-15,11176783618,9e4959ee-f9fa-4d80-aa73-0b2982aa299a,"",Forward,100122054306,1000034258242,11504,1455.24,5.0,1700.0,71.0,1771.0,packet_delivered,0.0,0.0,0.0,0.0,0.0,0.0,0.0,0.0,NA,0,1699.0
NFT-/XUTR/DEUTH026166A1IKFX,35.05,0.0,0.0,1750.0,736.0,161.92,3.505,0.0,0.0,postpaid,0.701,0.0,0.0,27.0,0.0,31.86,538.014,"",'133184982390190189801,2026-06-15,11180452036,05ad2d72-c40d-426a-8314-b7b02cc55531,"",Forward,100125722725,100125722725,11504,700.95,5.0,920.0,0.0,920.0,packet_delivered,0.0,0.0,0.0,0.0,0.0,0.0,0.0,0.0,NA,0,830.0
NFT-/XUTR/DEUTH026166A1IKFX,18.43,0.0,0.0,1650.0,387.0,18.266,1.843,0.0,0.0,postpaid,0.369,0.0,0.0,3.0,1.393,5.18374,361.338,"",'133195394032732420401,2026-06-15,11186911269,a8d623c8-aee0-4563-b149-834c0341a053,"",Forward,100132181956,100132181956,11504,368.57,5.0,1204.0,0.0,1204.0,packet_delivered,0.0,0.0,0.0,0.0,0.0,0.0,0.0,0.0,NA,0,446.0
NFT-/XUTR/DEUTH026166A1IKFX,28.19,0.0,0.0,1650.0,592.0,41.914,2.819,0.0,0.0,postpaid,0.564,0.0,0.0,27.0,0.0,31.86,514.843,"",'133150272108392356803,2026-06-15,11168203368,1aae6643-ccb7-4414-9c13-79567a648c30,"",Forward,100113474062,100113474062,11504,563.81,5.0,964.0,0.0,964.0,packet_delivered,0.0,0.0,0.0,0.0,0.0,0.0,0.0,0.0,NA,0,686.0
NFT-/XUTR/DEUTH026166A1IKFX,28.52,0.0,0.0,2199.0,599.0,28.273,2.852,0.0,0.0,postpaid,0.57,0.0,0.0,7.0,0.0,8.26,559.045,"",'133149375365410609001,2026-06-15,11167975185,e034a865-ccee-4255-b8d8-97730b8c38da,"",Forward,100113245879,100113245879,11504,570.48,5.0,1506.0,0.0,1506.0,packet_delivered,0.0,0.0,0.0,0.0,0.0,0.0,0.0,0.0,NA,0,693.0
NFT-/XUTR/DEUTH026166A1IKFX,38.33,0.0,0.0,1799.0,41.0,10.644,0.195,0.0,0.0,postpaid,0.039,0.0,0.0,1.579,0.0,1.86322,28.259,"",'133186212211283472403,2026-06-15,11181060659,68d1f8c4-97c2-40c4-b195-74f336411fde,"",Forward,100126331348,1000034931300,11504,766.67,5.0,900.0,41.0,941.0,packet_delivered,0.0,0.0,0.0,0.0,0.0,0.0,0.0,0.0,NA,0,899.0
NFT-/XUTR/DEUTH026166A1IKFX,32.57,0.0,0.0,3450.0,684.0,32.285,3.257,0.0,0.0,postpaid,0.651,127.0,0.0,0.0,0.0,149.86,-797.667,"",'133176001930171876703,2026-06-15,11176033554,7e2d552c-81a9-4c44-9033-cea1edf456b6,100167225904,Reverse,100121304242,100121304242,11504,651.43,5.0,2672.0,0.0,2672.0,return_refund,0.0,0.0,0.0,0.0,0.0,0.0,0.0,0.0,NA,0,778.0
NFT-/XUTR/DEUTH026166A1IKFX,58.86,0.0,0.0,3499.0,1236.0,306.281,5.886,0.0,0.0,postpaid,1.177,0.0,0.0,45.0,0.0,53.1,869.556,"",'133148866710944605803,2026-06-15,11167838076,3fc61942-e351-4987-9efd-0102a6020c49,"",Forward,100113108770,100113108770,11504,1177.14,5.0,2092.0,0.0,2092.0,packet_delivered,0.0,0.0,0.0,0.0,0.0,0.0,0.0,0.0,NA,0,1407.0
NFT-/XUTR/DEUTH026166A1IKFX,0.0,27.33,27.33,3199.0,499.51,94.907,0.0,1.1895,1.1895,postpaid,0.476,0.0,0.0,19.58,0.0,23.1044,378.644,"",'133183262195185324101,2026-06-15,11179556407,b962d82f-fd81-4305-8d99-e188b6458f5f,"",Forward,100124827095,100124827095,11504,1093.34,5.0,1880.0,0.0,1880.0,packet_delivered,0.0,0.0,0.0,0.0,0.0,0.0,0.0,0.0,NA,0,1318.9999999999998
NFT-/XUTR/DEUTH026166A1IKFX,48.76,0.0,0.0,1799.0,1023.9999999999999,241.664,4.876,0.0,0.0,postpaid,0.975,127.0,0.0,0.0,0.0,149.86,-926.345,"",'133159712252650335901,2026-06-15,11171403879,fc6cc4ca-9f66-4c5e-85bb-f2d511cd5eea,100166149717,Reverse,100116674568,100116674568,11504,975.24,5.0,604.0,0.0,604.0,return_refund,0.0,0.0,0.0,0.0,0.0,0.0,0.0,0.0,NA,0,1195.0
NFT-/XUTR/DEUTH026166A1IKFX,41.38,0.0,0.0,1899.0,869.0,225.592,4.138,0.0,0.0,postpaid,0.828,182.0,0.0,0.0,0.0,214.76,-853.202,"",'133150159226748541903,2026-06-15,11168175597,4a7665d8-2fda-45e2-b460-e83da87536fa,100166699534,Reverse,100113446291,100113446291,11504,827.62,5.0,936.0,0.0,936.0,return_refund,0.0,0.0,0.0,0.0,0.0,0.0,0.0,0.0,NA,0,963.0
NFT-/XUTR/DEUTH026166A1IKFX,37.14,0.0,0.0,1750.0,25.0,5.5,0.119,0.0,0.0,postpaid,0.024,0.0,0.0,0.865,0.0,1.0207,18.336,"",'133185670231508481401,2026-06-15,11180777595,def1941f-e518-4f5e-a976-b0c5b1ec8e25,"",Forward,100126048283,1000034874558,11504,742.86,5.0,876.0,25.0,901.0,packet_delivered,0.0,0.0,0.0,0.0,0.0,0.0,0.0,0.0,NA,0,874.0
NFT-/XUTR/DEUTH026166A1IKFX,23.71,0.0,0.0,1650.0,498.0,23.506,2.371,0.0,0.0,postpaid,0.474,0.0,0.0,27.0,0.0,31.86,439.789,"",'133133915754257328703,2026-06-15,11163522375,9bb5407c-5915-46fd-ba9e-259d2dca147f,"",Forward,100108793070,100108793070,11504,474.29,5.0,1058.0,0.0,1058.0,packet_delivered,0.0,0.0,0.0,0.0,0.0,0.0,0.0,0.0,NA,0,592.0
NFT-/XUTR/DEUTH026166A1IKFX,53.71,0.0,0.0,2599.0,1128.0,279.518,5.371,0.0,0.0,postpaid,1.074,106.0,0.0,0.0,0.0,125.08,-967.117,"",'133192668923118387903,2026-06-15,11185077083,9eda086f-1664-4914-8c1d-7cd8e68be951,100166895562,Reverse,100130347771,100130347771,11504,1074.29,5.0,1300.0,0.0,1300.0,return_refund,0.0,0.0,0.0,0.0,0.0,0.0,0.0,0.0,NA,0,1299.0
NFT-/XUTR/DEUTH026166A1IKFX,36.19,0.0,0.0,1799.0,45.0,11.682,0.214,0.0,0.0,postpaid,0.043,6.276,0.0,0.0,0.0,7.40568,-40.467,"",'133181622528552949903,2026-06-15,11178592876,624a35b6-9ad9-4951-8d7c-989cb3b7d740,11178592876,Reverse,100123863564,1000034405951,11504,723.81,5.0,945.0,45.0,990.0,exchange,0.0,0.0,0.0,0.0,0.0,0.0,0.0,0.0,NA,0,854.0
NFT-/XUTR/DEUTH026166A1IKFX,58.86,0.0,0.0,3499.0,1236.0,306.281,5.886,0.0,0.0,postpaid,1.177,127.0,0.0,0.0,0.0,149.86,-1072.516,"",'133148866710944605803,2026-06-15,11167838076,3fc61942-e351-4987-9efd-0102a6020c49,100167147661,Reverse,100113108770,100113108770,11504,1177.14,5.0,2092.0,0.0,2092.0,return_refund,0.0,0.0,0.0,0.0,0.0,0.0,0.0,0.0,NA,0,1407.0
NFT-/XUTR/DEUTH026166A1IKFX,31.67,0.0,0.0,1599.0,39.998999999999995,10.384,0.19,0.0,0.0,postpaid,0.038,7.639,0.0,0.0,0.0,9.01402,-38.401,"",'133186166428254417203,2026-06-15,11181036219,312a5fd7-d37a-487e-b261-2d0bdd9be381,100167089940,Reverse,100126306907,100126306907,11504,633.33,5.0,840.0,40.0,880.0,return_refund,0.0,0.0,0.0,0.0,0.0,0.0,0.0,0.0,NA,0,759.0
NFT-/XUTR/DEUTH026166A1IKFX,75.52,0.0,0.0,3699.0,1586.0,355.581,7.552,0.0,0.0,postpaid,1.51,127.0,0.0,0.0,0.0,149.86,-1371.217,"",'133177910670273837401,2026-06-15,11176448447,690dd612-795a-48f1-8e21-388d03f2a967,11176448447,Reverse,100121719135,100121719135,11504,1510.48,5.0,1942.0,0.0,1942.0,exchange,0.0,0.0,0.0,0.0,0.0,0.0,0.0,0.0,NA,0,1757.0
NFT-/XUTR/DEUTH026166A1IKFX,46.91,0.0,0.0,2999.0,984.9999999999999,255.70600000000002,4.69,0.0,0.0,postpaid,0.938,127.0,0.0,0.0,0.0,149.86,-873.526,"",'133175091821557521103,2026-06-15,11175846287,9f8edb3f-bb7e-4cdc-a4e2-23ee65287eed,100167175432,Reverse,100121116975,100121116975,11504,938.1,5.0,1843.0,0.0,1843.0,return_refund,0.0,0.0,0.0,0.0,0.0,0.0,0.0,0.0,NA,0,1156.01
NFT-/XUTR/DEUTH026166A1IKFX,33.62,0.0,0.0,1599.0,40.0,10.384,0.19,0.0,0.0,postpaid,0.038,0.0,0.0,1.756,0.0,2.07208,27.316,"",'133179414524501256601,2026-06-15,11177740702,9f2c85b8-9f2d-4ac3-a4c0-8b5675179a97,"",Forward,100123011390,100123011390,11504,672.38,5.0,799.0,40.0,839.0,packet_delivered,0.0,0.0,0.0,0.0,0.0,0.0,0.0,0.0,NA,0,800.0
NFT-/XUTR/DEUTH026166A1IKFX,63.24,0.0,0.0,2999.0,1328.0,329.078,6.324,0.0,0.0,postpaid,1.265,106.0,0.0,0.0,0.0,125.08,-1116.413,"",'133184579710646279401,2026-06-15,11180259231,2cb05ede-cfb4-4e00-ab5e-ab42b51ded03,100167003193,Reverse,100125529919,100125529919,11504,1264.76,5.0,1500.0,0.0,1500.0,return_refund,0.0,0.0,0.0,0.0,0.0,0.0,0.0,0.0,NA,0,1499.0
NFT-/XUTR/DEUTH026166A1IKFX,33.38,0.0,0.0,1850.0,701.0,181.98,3.338,0.0,0.0,postpaid,0.668,0.0,0.0,31.0,0.0,36.58,478.434,"",'133178715390798679001,2026-06-15,11177002158,82ab786a-55cf-482f-be8a-1f1920b1d032,"",Forward,100122272846,100122272846,11504,667.62,5.0,1055.0,0.0,1055.0,packet_delivered,0.0,0.0,0.0,0.0,0.0,0.0,0.0,0.0,NA,0,795.0
NFT-/XUTR/DEUTH026166A1IKFX,27.14,0.0,0.0,1799.0,569.0,40.285,2.71,0.0,0.0,postpaid,0.542,181.681,0.0,0.0,0.0,214.38358,-739.847,"",'133140524928055340401,2026-06-15,11166303012,e0e2fcb1-79fc-4c64-9689-37b0def257aa,11166303012,Reverse,100111573707,100111573707,11504,542.86,5.0,1135.0,0.0,1135.0,exchange,0.0,0.0,0.0,0.0,0.0,0.0,0.0,0.0,NA,0,664.0
NFT-/XUTR/DEUTH026166A1IKFX,29.76,0.0,0.0,1799.0,625.0,162.25,2.976,0.0,0.0,postpaid,0.595,0.0,0.0,31.0,5.375,42.9225,416.256,"",'133179265060598810903,2026-06-15,11177667670,ed626663-5133-43ac-8be2-e33523227313,"",Forward,100122938358,100122938358,11504,595.24,5.0,1080.0,0.0,1080.0,packet_delivered,0.0,0.0,0.0,0.0,0.0,0.0,0.0,0.0,NA,0,719.0
NFT-/XUTR/DEUTH026166A1IKFX,108.81,0.0,0.0,3499.0,2285.0,539.26,10.881,0.0,0.0,postpaid,2.176,182.0,0.0,0.0,0.0,214.76,-1947.443,"",'133163969820907928603,2026-06-15,11172318010,a54d6074-48f6-4853-bcaf-8faa3f370c0b,100166318631,Reverse,100117588699,100117588699,11504,2176.19,5.0,1008.0,0.0,1008.0,return_refund,0.0,0.0,0.0,0.0,0.0,0.0,0.0,0.0,NA,0,2491.0
NFT-/XUTR/DEUTH026166A1IKFX,59.67,0.0,0.0,2999.0,1253.0,310.493,5.967,0.0,0.0,postpaid,1.193,0.0,0.0,49.0,0.0,57.82,877.527,"",'133182000965188697001,2026-06-15,11178773354,73475c53-6d0d-457b-8947-e0db49a5e5a3,"",Forward,100124044042,100124044042,11504,1193.33,5.0,1575.0,0.0,1575.0,packet_delivered,0.0,0.0,0.0,0.0,0.0,0.0,0.0,0.0,NA,0,1424.0
NFT-/XUTR/DEUTH026166A1IKFX,59.71,0.0,0.0,2999.0,1254.0,310.741,5.971,0.0,0.0,postpaid,1.194,0.0,0.0,45.0,0.0,53.1,882.994,"",'133151263916155700203,2026-06-15,11168449997,1e3390ba-0889-42d0-9785-a086cf66fa46,"",Forward,100113720690,100113720690,11504,1194.29,5.0,1574.0,0.0,1574.0,packet_delivered,0.0,0.0,0.0,0.0,0.0,0.0,0.0,0.0,NA,0,1425.0
NFT-/XUTR/DEUTH026166A1IKFX,37.14,0.0,0.0,1750.0,780.0,202.488,3.714,0.0,0.0,postpaid,0.743,0.0,0.0,27.0,0.0,31.86,541.195,"",'133157174298598740903,2026-06-15,11170297966,d88dcb80-0d09-4f99-995a-82c9a2476b67,"",Forward,100115568656,100115568656,11504,742.86,5.0,876.0,0.0,876.0,packet_delivered,0.0,0.0,0.0,0.0,0.0,0.0,0.0,0.0,NA,0,874.0
NFT-/XUTR/DEUTH026166A1IKFX,40.71,0.0,0.0,1899.0,855.0,221.958,4.071,0.0,0.0,postpaid,0.814,0.0,0.0,31.0,0.0,36.58,591.577,"",'133183166629236398203,2026-06-15,11179499959,6211d3ea-79a1-426f-9552-fea5e054346f,"",Forward,100124770647,100124770647,11504,814.29,5.0,950.0,0.0,950.0,packet_delivered,0.0,0.0,0.0,0.0,0.0,0.0,0.0,0.0,NA,0,949.0
NFT-/XUTR/DEUTH026166A1IKFX,45.62,0.0,0.0,1699.0,944.5000000000001,245.192,4.498,0.0,0.0,postpaid,0.9,125.21,0.0,0.0,0.0,147.7478,-841.658,"",'133184965844032129203,2026-06-15,11180444360,e401792a-ef96-4b40-a357-bcbecceb9a08,100167918845,Reverse,100125715048,100125715048,11504,912.38,5.0,570.0,0.0,570.0,return_refund,0.0,0.0,0.0,0.0,0.0,0.0,0.0,0.0,NA,0,1129.0
NFT-/XUTR/DEUTH026166A1IKFX,58.43,0.0,0.0,2899.0,1227.0,304.051,5.843,0.0,0.0,postpaid,1.169,182.0,0.0,0.0,0.0,214.76,-1130.697,"",'133155193762772112201,2026-06-15,11169307211,a0faedea-46f2-447d-bfa2-dfe60c672486,100166281491,Reverse,100114577904,100114577904,11504,1168.57,5.0,1501.0,0.0,1501.0,return_refund,0.0,0.0,0.0,0.0,0.0,0.0,0.0,0.0,NA,0,1398.0
NFT-/XUTR/DEUTH026166A1IKFX,38.33,0.0,0.0,1799.0,28.0,7.269,0.133,0.0,0.0,postpaid,0.027,0.0,0.0,1.078,0.0,1.27204,19.299,"",'133182471516091193803,2026-06-15,11179043155,db65dd80-0c68-40cc-8152-ee9660adcafc,"",Forward,100124313843,100124313843,11504,766.67,5.0,900.0,28.0,928.0,packet_delivered,0.0,0.0,0.0,0.0,0.0,0.0,0.0,0.0,NA,0,899.0
NFT-/XUTR/DEUTH026166A1IKFX,59.67,0.0,0.0,2999.0,1253.0,310.493,5.967,0.0,0.0,postpaid,1.193,0.0,0.0,49.0,0.0,57.82,877.527,"",'133178749392993819101,2026-06-15,11177061569,d5e6b69c-9e02-4456-8fae-6614a6a3bc11,"",Forward,100122332257,100122332257,11504,1193.33,5.0,1575.0,0.0,1575.0,packet_delivered,0.0,0.0,0.0,0.0,0.0,0.0,0.0,0.0,NA,0,1424.0
NFT-/XUTR/DEUTH026166A1IKFX,42.57,0.0,0.0,2299.0,37.0,9.605,0.176,0.0,0.0,postpaid,0.035,0.0,0.0,1.283,0.259,1.81956,25.364,"",'133184066471745551701,2026-06-15,11179991847,ace9ffd5-26c6-4571-8908-ca639450e21d,"",Forward,100125262535,100125262535,11504,851.43,5.0,1311.0,37.0,1348.0,packet_delivered,0.0,0.0,0.0,0.0,0.0,0.0,0.0,0.0,NA,0,988.0
NFT-/XUTR/DEUTH026166A1IKFX,0.0,14.52,14.52,1699.0,590.12,153.195,0.0,1.405,1.405,postpaid,0.562,0.0,0.0,29.99,0.0,35.3882,398.165,"",'133181985647384639203,2026-06-15,11178764992,ec758ac3-e6ec-4531-8865-f3ede34fcc13,"",Forward,100124035680,100124035680,11504,580.96,5.0,995.0,0.0,995.0,packet_delivered,0.0,0.0,0.0,0.0,0.0,0.0,0.0,0.0,NA,0,704.0
NFT-/XUTR/DEUTH026166A1IKFX,59.71,0.0,0.0,2999.0,1254.0,310.741,5.971,0.0,0.0,postpaid,1.194,0.0,0.0,45.0,0.0,53.1,882.994,"",'133152654370407526601,2026-06-15,11168851029,3a2b424e-5675-45de-a220-a8b0f3814cfb,"",Forward,100114121722,100114121722,11504,1194.29,5.0,1574.0,0.0,1574.0,packet_delivered,0.0,0.0,0.0,0.0,0.0,0.0,0.0,0.0,NA,0,1425.0
NFT-/XUTR/DEUTH026166A1IKFX,77.52,0.0,0.0,1799.0,1491.88,352.084,7.104,0.0,0.0,postpaid,1.421,0.0,0.0,41.237,0.0,48.65966,1082.611,"",'133170307203805248001,2026-06-15,11175274434,bf02ce59-4603-484c-93a2-b265b6312fa3,"",Forward,100120545123,100120545123,11504,1550.48,5.0,0.0,0.0,0.0,packet_delivered,0.0,0.0,0.0,0.0,0.0,0.0,0.0,0.0,NA,0,1799.0
NFT-/XUTR/DEUTH026166A1IKFX,48.76,0.0,0.0,3399.0,1024.0,253.747,4.876,0.0,0.0,postpaid,0.975,0.0,0.0,45.0,0.0,53.1,711.302,"",'133149699760920737403,2026-06-15,11168058770,6cabfad8-67df-4afc-95a7-7a5602daf1db,"",Forward,100113329464,100113329464,11504,975.24,5.0,2204.0,0.0,2204.0,packet_delivered,0.0,0.0,0.0,0.0,0.0,0.0,0.0,0.0,NA,0,1195.0
NFT-/XUTR/DEUTH026166A1IKFX,62.76,0.0,0.0,3299.0,16.0,3.964999999999999,0.076,0.0,0.0,postpaid,0.015,1.287,0.0,0.0,0.0,1.51866,-13.463,"",'133187093231960084701,2026-06-15,11181679780,a84d41f5-94c5-4d5d-bbc1-8cd8432c0dc1,100166835147,Reverse,100126950468,100126950468,11504,1255.24,5.0,1810.0,16.0,1826.0,return_refund,0.0,0.0,0.0,0.0,0.0,0.0,0.0,0.0,NA,0,1489.0
NFT-/XUTR/DEUTH026166A1IKFX,33.57,0.0,0.0,1599.0,705.0,183.018,3.357,0.0,0.0,postpaid,0.671,0.0,0.0,27.0,0.0,31.86,486.094,"",'133151513353937226103,2026-06-15,11168517089,1c3cc8be-0ebb-474f-924f-5ab9e4df87b0,"",Forward,100113787782,100113787782,11504,671.43,5.0,800.0,0.0,800.0,packet_delivered,0.0,0.0,0.0,0.0,0.0,0.0,0.0,0.0,NA,0,799.0
NFT-/XUTR/DEUTH026166A1IKFX,21.91,0.0,0.0,1499.0,460.0,21.712,2.19,0.0,0.0,postpaid,0.438,0.0,0.0,30.0,0.0,35.4,400.26,"",'133195784255366801103,2026-06-15,11187257146,f860afef-641c-4c9a-af5e-7a1afba1c539,"",Forward,100132527834,100132527834,11504,438.1,5.0,945.0,0.0,945.0,packet_delivered,0.0,0.0,0.0,0.0,0.0,0.0,0.0,0.0,NA,0,554.01
NFT-/XUTR/DEUTH026166A1IKFX,41.38,0.0,0.0,1899.0,869.0,225.592,4.138,0.0,0.0,postpaid,0.828,0.0,0.0,27.0,0.0,31.86,606.582,"",'133150159226748541903,2026-06-15,11168175597,4a7665d8-2fda-45e2-b460-e83da87536fa,"",Forward,100113446291,100113446291,11504,827.62,5.0,936.0,0.0,936.0,packet_delivered,0.0,0.0,0.0,0.0,0.0,0.0,0.0,0.0,NA,0,963.0
NFT-/XUTR/DEUTH026166A1IKFX,45.62,0.0,0.0,1699.0,119.0,30.892,0.567,0.0,0.0,postpaid,0.113,0.0,0.0,3.354,0.0,3.95772,83.47,"",'133151992622097951101,2026-06-15,11168664219,7cb8c5ff-421d-427c-99ac-93954042c69e,"",Forward,100113934912,100113934912,11504,912.38,5.0,570.0,119.0,689.0,packet_delivered,0.0,0.0,0.0,0.0,0.0,0.0,0.0,0.0,NA,0,1129.0
NFT-/XUTR/DEUTH026166A1IKFX,417.81,0.0,0.0,3100.0,2739.0,646.404,11.606,0.0,0.0,postpaid,2.321,0.0,0.0,61.0,0.0,71.98,2006.689,"",'133158687281666089603,2026-06-15,11171182093,207c779a-3018-4b20-86c0-3ddf1845ad3e,"",Forward,100116452783,100116452783,11504,2321.19,18.0,155.0,0.0,155.0,packet_delivered,0.0,0.0,0.0,0.0,0.0,0.0,0.0,0.0,NA,0,2945.0
NFT-/XUTR/DEUTH026166A1IKFX,20.29,0.0,0.0,1650.0,421.18,19.88,2.006,0.0,0.0,postpaid,0.401,0.0,0.0,14.83,3.58,21.7238,377.169,"",'133168918376231639601,2026-06-15,11174969599,d5d17ab9-824b-4790-8f05-56a59062b0d9,"",Forward,100120240288,100120240288,11504,405.71,5.0,1130.0,0.0,1130.0,packet_delivered,0.0,0.0,0.0,0.0,0.0,0.0,0.0,0.0,NA,0,520.0
NFT-/XUTR/DEUTH026166A1IKFX,63.29,0.0,0.0,2999.0,1329.0,329.326,6.329,0.0,0.0,postpaid,1.266,106.0,0.0,0.0,0.0,125.08,-1117.159,"",'133171086821255275201,2026-06-15,11175324565,e3a016bd-333e-4e43-811b-079f287b6cff,100167683968,Reverse,100120595254,100120595254,11504,1265.71,5.0,1499.0,0.0,1499.0,return_refund,0.0,0.0,0.0,0.0,0.0,0.0,0.0,0.0,NA,0,1500.0
NFT-/XUTR/DEUTH026166A1IKFX,37.29,0.0,0.0,1699.0,783.0,203.267,3.729,0.0,0.0,postpaid,0.746,127.0,0.0,0.0,0.0,149.86,-725.118,"",'133177091044538142203,2026-06-15,11176257066,5e975806-373d-498d-b4cb-e440afd74957,100166351959,Reverse,100121527754,100121527754,11504,745.71,5.0,822.0,0.0,822.0,return_refund,0.0,0.0,0.0,0.0,0.0,0.0,0.0,0.0,NA,0,877.0
NFT-/XUTR/DEUTH026166A1IKFX,35.14,0.0,0.0,1799.0,516.74,134.146,2.461,0.0,0.0,postpaid,0.492,0.0,0.0,18.905,0.0,22.3079,357.333,"",'133166326654027226801,2026-06-15,11173745467,9117eb5b-1d95-4eae-960d-39727a990e19,"",Forward,100119016155,100119016155,11504,702.86,5.0,967.0,0.0,967.0,packet_delivered,0.0,0.0,0.0,0.0,0.0,0.0,0.0,0.0,NA,0,832.0
NFT-/XUTR/DEUTH026166A1IKFX,37.14,0.0,0.0,1750.0,780.0,202.488,3.714,0.0,0.0,postpaid,0.743,0.0,0.0,27.0,0.0,31.86,541.195,"",'133142049993089740703,2026-06-15,11166679000,57ed2623-1676-45f6-8a98-42ec21be217b,"",Forward,100111949695,100111949695,11504,742.86,5.0,876.0,0.0,876.0,packet_delivered,0.0,0.0,0.0,0.0,0.0,0.0,0.0,0.0,NA,0,874.0
NFT-/XUTR/DEUTH026166A1IKFX,68.76,0.0,0.0,3399.0,68.0,13.6,0.324,0.0,0.0,postpaid,0.065,0.0,0.0,2.873,0.0,3.39014,50.621,"",'133186288903313257903,2026-06-15,11181103703,242068bb-113c-4c44-a784-194e90097ac5,"",Forward,100126374391,1000035453164,11504,1375.24,5.0,1784.0,68.0,1852.0,packet_delivered,0.0,0.0,0.0,0.0,0.0,0.0,0.0,0.0,NA,0,1615.0
NFT-/XUTR/DEUTH026166A1IKFX,18.95,0.0,0.0,1699.0,22.0,1.038,0.105,0.0,0.0,postpaid,0.021,0.0,0.0,0.166,0.0,0.19588,20.64,"",'133186212211283472403,2026-06-15,11181060657,68d1f8c4-97c2-40c4-b195-74f336411fde,"",Forward,100126331346,1000034931300,11504,379.05,5.0,1207.0,22.0,1229.0,packet_delivered,0.0,0.0,0.0,0.0,0.0,0.0,0.0,0.0,NA,0,492.0
NFT-/XUTR/DEUTH026166A1IKFX,56.14,0.0,0.0,1899.0,1179.0,278.244,5.614,0.0,0.0,postpaid,1.123,0.0,0.0,45.0,0.0,53.1,840.919,"",'133150386517525684003,2026-06-15,11168232318,ed98e7e5-c78e-45dd-aee8-3a6ee146effc,"",Forward,100113503012,100113503012,11504,1122.86,5.0,549.0,0.0,549.0,packet_delivered,0.0,0.0,0.0,0.0,0.0,0.0,0.0,0.0,NA,0,1350.0
NFT-/XUTR/DEUTH026166A1IKFX,35.95,0.0,0.0,1699.0,755.0,195.998,3.595,0.0,0.0,postpaid,0.719,0.0,0.0,31.0,0.0,36.58,518.108,"",'133196270007068557103,2026-06-15,11187631539,5c78e19e-4756-4f12-9c8b-8c6df6d32b40,"",Forward,100132902226,100132902226,11504,719.05,5.0,850.0,0.0,850.0,packet_delivered,0.0,0.0,0.0,0.0,0.0,0.0,0.0,0.0,NA,0,849.0
NFT-/XUTR/DEUTH026166A1IKFX,66.57,0.0,0.0,3999.0,1379.52,341.845,6.569,0.0,0.0,postpaid,1.314,0.0,0.0,48.352,4.277,62.10222,967.69,"",'133181672401128798601,2026-06-15,11178614427,1b1fe58e-0e5f-41c8-9226-142ed2ff398c,"",Forward,100123885115,100123885115,11504,1331.43,5.0,2430.0,0.0,2430.0,packet_delivered,0.0,0.0,0.0,0.0,0.0,0.0,0.0,0.0,NA,0,1569.0
NFT-/XUTR/DEUTH026166A1IKFX,38.33,0.0,0.0,1799.0,805.0,208.978,3.833,0.0,0.0,postpaid,0.767,0.0,0.0,27.0,0.0,31.86,559.562,"",'133157647391037862003,2026-06-15,11170806356,b2ccbbfc-f4fc-4789-bb73-b8316f3c97fd,"",Forward,100116077046,100116077046,11504,766.67,5.0,900.0,0.0,900.0,packet_delivered,0.0,0.0,0.0,0.0,0.0,0.0,0.0,0.0,NA,0,899.0
NFT-/XUTR/DEUTH026166A1IKFX,28.33,0.0,0.0,2299.0,35.0,1.652,0.167,0.0,0.0,postpaid,0.033,0.0,0.0,0.647,0.291,1.10684,32.041,"",'133184797279887413403,2026-06-15,11180363597,2d7c2825-25e6-48ff-bd74-e69463b421e7,"",Forward,100125634285,100125634285,11504,566.67,5.0,1610.0,35.0,1645.0,packet_delivered,0.0,0.0,0.0,0.0,0.0,0.0,0.0,0.0,NA,0,689.0
NFT-/XUTR/DEUTH026166A1IKFX,72.76,0.0,0.0,3399.0,71.0,15.918000000000003,0.338,0.0,0.0,postpaid,0.068,8.457,0.0,0.0,0.0,9.97926,-64.655,"",'133178602147090876103,2026-06-15,11176783618,9e4959ee-f9fa-4d80-aa73-0b2982aa299a,100167081973,Reverse,100122054306,1000034258242,11504,1455.24,5.0,1700.0,71.0,1771.0,return_refund,0.0,0.0,0.0,0.0,0.0,0.0,0.0,0.0,NA,0,1699.0
NFT-/XUTR/DEUTH026166A1IKFX,68.0,0.0,0.0,3999.0,1428.0,353.858,6.8,0.0,0.0,postpaid,1.36,0.0,0.0,49.0,0.0,57.82,1008.162,"",'133190765358615427001,2026-06-15,11183595594,0f2b0443-a005-4454-adb2-e52682e9b00d,"",Forward,100128866282,100128866282,11504,1360,5.0,2400.0,0.0,2400.0,packet_delivered,0.0,0.0,0.0,0.0,0.0,0.0,0.0,0.0,NA,0,1599.0
NFT-/XUTR/DEUTH026166A1IKFX,59.67,0.0,0.0,2999.0,1253.0,310.493,5.967,0.0,0.0,postpaid,1.193,182.0,0.0,0.0,0.0,214.76,-1150.107,"",'133152352482681025701,2026-06-15,11168772058,97dd4f8b-74dc-43c8-ab37-c7aa92be523b,11168772058,Reverse,100114042751,100114042751,11504,1193.33,5.0,1575.0,0.0,1575.0,exchange,0.0,0.0,0.0,0.0,0.0,0.0,0.0,0.0,NA,0,1424.0
NFT-/XUTR/DEUTH026166A1IKFX,45.38,0.0,0.0,2799.0,5.0,1.298,0.024,0.0,0.0,postpaid,0.005,0.0,0.0,0.142,0.0,0.16756,3.505,"",'133173864161937200003,2026-06-15,11175571949,baa02872-a530-45ba-ba05-6c0ecba02fe6,"",Forward,100120842637,100120842637,11504,907.62,5.0,1675.0,5.0,1680.0,packet_delivered,0.0,0.0,0.0,0.0,0.0,0.0,0.0,0.0,NA,0,1124.0
NFT-/XUTR/DEUTH026166A1IKFX,68.48,0.0,0.0,1999.0,939.69,221.767,4.475,0.0,0.0,postpaid,0.895,0.0,0.0,32.02,0.0,37.7836,674.769,"",'133190327152054119801,2026-06-15,11183308337,d2dcf667-ee50-4392-a8bb-1ceb51d1b93a,"",Forward,100128579025,100128579025,11504,1369.52,5.0,390.0,0.0,390.0,packet_delivered,0.0,0.0,0.0,0.0,0.0,0.0,0.0,0.0,NA,0,1609.0
NFT-/XUTR/DEUTH026166A1IKFX,0.0,27.33,27.33,3199.0,499.50999999999993,94.907,0.0,1.1895,1.1895,postpaid,0.476,46.122,0.0,0.0,0.0,54.42396,-456.172,"",'133183262195185324101,2026-06-15,11179556407,b962d82f-fd81-4305-8d99-e188b6458f5f,11179556407,Reverse,100124827095,100124827095,11504,1093.34,5.0,1880.0,0.0,1880.0,exchange,0.0,0.0,0.0,0.0,0.0,0.0,0.0,0.0,NA,0,1318.9999999999998
NFT-/XUTR/DEUTH026166A1IKFX,54.0,0.0,0.0,2899.0,1134.0,281.005,5.4,0.0,0.0,postpaid,1.08,0.0,0.0,45.0,0.0,53.1,793.415,"",'133159595884296103803,2026-06-15,11171378865,e86e04c6-b437-46f8-900c-db737cc73d0f,"",Forward,100116649554,100116649554,11504,1080,5.0,1594.0,0.0,1594.0,packet_delivered,0.0,0.0,0.0,0.0,0.0,0.0,0.0,0.0,NA,0,1305.0
NFT-/XUTR/DEUTH026166A1IKFX,63.29,0.0,0.0,2999.0,1329.0,329.326,6.329,0.0,0.0,postpaid,1.266,0.0,0.0,45.0,0.0,53.1,938.979,"",'133171086821255275201,2026-06-15,11175324565,e3a016bd-333e-4e43-811b-079f287b6cff,"",Forward,100120595254,100120595254,11504,1265.71,5.0,1499.0,0.0,1499.0,packet_delivered,0.0,0.0,0.0,0.0,0.0,0.0,0.0,0.0,NA,0,1500.0
NFT-/XUTR/DEUTH026166A1IKFX,37.14,0.0,0.0,1750.0,25.0,5.5,0.119,0.0,0.0,postpaid,0.024,3.397,0.0,0.0,0.0,4.00846,-23.365,"",'133185670231508481401,2026-06-15,11180777595,def1941f-e518-4f5e-a976-b0c5b1ec8e25,100166241764,Reverse,100126048283,1000034874558,11504,742.86,5.0,876.0,25.0,901.0,return_refund,0.0,0.0,0.0,0.0,0.0,0.0,0.0,0.0,NA,0,874.0
NFT-/XUTR/DEUTH026166A1IKFX,48.48,0.0,0.0,1699.0,1017.9999999999999,240.248,4.848,0.0,0.0,postpaid,0.97,106.0,0.0,0.0,0.0,125.08,-897.014,"",'133185733715010403301,2026-06-15,11180809907,9a058602-5988-4ac1-97b3-d05567fd0d32,11180809907,Reverse,100126080595,100126080595,11504,969.52,5.0,510.0,0.0,510.0,exchange,0.0,0.0,0.0,0.0,0.0,0.0,0.0,0.0,NA,0,1189.0
NFT-/XUTR/DEUTH026166A1IKFX,26.1,0.0,0.0,1499.0,548.0,38.798,2.61,0.0,0.0,postpaid,0.522,0.0,0.0,31.0,0.0,36.58,469.49,"",'133195402840292548501,2026-06-15,11186918976,e17afa74-42b6-4eca-b748-5e7b027fed65,"",Forward,100132189663,100132189663,11504,521.9,5.0,857.0,0.0,857.0,packet_delivered,0.0,0.0,0.0,0.0,0.0,0.0,0.0,0.0,NA,0,642.0
NFT-/XUTR/DEUTH026166A1IKFX,0.0,29.81,29.81,2999.0,1239.62,307.178,0.0,2.9515,2.9515,postpaid,1.181,104.952,0.0,0.0,0.0,123.84336,-1049.201,"",'133167008448237832801,2026-06-15,11174301557,0742be71-5a4a-47ce-9eb1-b8549e78ee81,11174301557,Reverse,100119572246,100119572246,11504,1192.38,5.0,1576.0,0.0,1576.0,exchange,0.0,0.0,0.0,0.0,0.0,0.0,0.0,0.0,NA,0,1423.0
NFT-/XUTR/DEUTH026166A1IKFX,59.62,0.0,0.0,2999.0,1252.0,310.246,5.962,0.0,0.0,postpaid,1.192,0.0,0.0,45.0,0.0,53.1,881.5,"",'133149581222022441203,2026-06-15,11168028216,0b2ec71f-d063-4a7a-9fd2-78abd6a43c79,"",Forward,100113298910,100113298910,11504,1192.38,5.0,1576.0,0.0,1576.0,packet_delivered,0.0,0.0,0.0,0.0,0.0,0.0,0.0,0.0,NA,0,1423.0
NFT-/XUTR/DEUTH026166A1IKFX,403.02,0.0,0.0,2999.0,2642.0,623.512,11.195,0.0,0.0,postpaid,2.239,0.0,0.0,61.0,0.0,71.98,1933.074,"",'133167364797871165001,2026-06-15,11174654015,141bd60a-71fc-4bdb-870a-473df3a71c05,"",Forward,100119924704,100119924704,11504,2238.98,18.0,151.0,0.0,151.0,packet_delivered,0.0,0.0,0.0,0.0,0.0,0.0,0.0,0.0,NA,0,2848.0
NFT-/XUTR/DEUTH026166A1IKFX,18.95,0.0,0.0,1699.0,390.99,18.455,1.862,0.0,0.0,postpaid,0.372,0.0,0.0,2.947,0.0,3.47746,366.824,"",'133199538380038703401,2026-06-15,11188341467,4b29d415-3480-46bb-a741-1a9a4cd2bff7,"",Forward,100133612154,100133612154,11504,379.05,5.0,1207.0,0.0,1207.0,packet_delivered,0.0,0.0,0.0,0.0,0.0,0.0,0.0,0.0,NA,0,492.0
NFT-/XUTR/DEUTH026166A1IKFX,36.19,0.0,0.0,1799.0,45.0,11.682,0.214,0.0,0.0,postpaid,0.043,0.0,0.0,1.836,0.0,2.16648,30.895,"",'133181622528552949903,2026-06-15,11178592883,624a35b6-9ad9-4951-8d7c-989cb3b7d740,"",Forward,100123863571,1000034405951,11504,723.81,5.0,945.0,45.0,990.0,packet_delivered,0.0,0.0,0.0,0.0,0.0,0.0,0.0,0.0,NA,0,854.0
NFT-/XUTR/DEUTH026166A1IKFX,36.0,0.0,0.0,1699.0,43.001,9.46,0.205,0.0,0.0,postpaid,0.041,0.0,0.0,1.536,0.065,1.88918,31.406,"",'133184690884674333303,2026-06-15,11180312119,08e60f91-19ba-4bc6-95b5-d334e6f5b6d1,"",Forward,100125582807,1000035371076,11504,720,5.0,849.0,43.0,892.0,packet_delivered,0.0,0.0,0.0,0.0,0.0,0.0,0.0,0.0,NA,0,850.0
NFT-/XUTR/DEUTH026166A1IKFX,23.71,0.0,0.0,1650.0,498.0,23.506,2.371,0.0,0.0,postpaid,0.474,182.0,0.0,0.0,0.0,214.76,-686.409,"",'133152751437236033303,2026-06-15,11168873223,c8b77bc4-910c-41c4-ad68-675c84ac6323,11168873223,Reverse,100114143916,100114143916,11504,474.29,5.0,1058.0,0.0,1058.0,exchange,0.0,0.0,0.0,0.0,0.0,0.0,0.0,0.0,NA,0,592.0
NFT-/XUTR/DEUTH026166A1IKFX,20.05,0.0,0.0,1599.0,421.0,19.871,2.005,0.0,0.0,postpaid,0.401,182.0,0.0,0.0,0.0,214.76,-613.483,"",'133157405736993950203,2026-06-15,11170392024,4ba8f15d-4fb1-4eac-9953-256aba2995ff,11170392024,Reverse,100115662714,100115662714,11504,400.95,5.0,1084.0,0.0,1084.0,exchange,0.0,0.0,0.0,0.0,0.0,0.0,0.0,0.0,NA,0,515.0
NFT-/XUTR/DEUTH026166A1IKFX,0.0,27.21,27.21,2625.0,41.0,8.61,0.0,0.0975,0.0975,postpaid,0.039,0.0,0.0,1.614,0.0,1.90452,30.251,"",'133185988940302078201,2026-06-15,11180941167,462879ce-3109-4199-bf57-c1f788cbfc1c,"",Forward,100126211855,100126211855,11504,1088.58,5.0,1311.0,41.0,1352.0,packet_delivered,0.0,0.0,0.0,0.0,0.0,0.0,0.0,0.0,NA,0,1314.0
NFT-/XUTR/DEUTH026166A1IKFX,47.38,0.0,0.0,1799.0,49.0,10.78,0.233,0.0,0.0,postpaid,0.047,8.963,0.0,0.0,0.0,10.57634,-48.516,"",'133178602147090876103,2026-06-15,11176783609,9e4959ee-f9fa-4d80-aa73-0b2982aa299a,100168456806,Reverse,100122054298,1000034258242,11504,947.62,5.0,633.0,49.0,682.0,return_refund,0.0,0.0,0.0,0.0,0.0,0.0,0.0,0.0,NA,0,1166.0
NFT-/XUTR/DEUTH026166A1IKFX,62.76,0.0,0.0,3299.0,16.0,3.964999999999999,0.076,0.0,0.0,postpaid,0.015,0.0,0.0,0.595,0.0,0.7021,11.242,"",'133187093231960084701,2026-06-15,11181679780,a84d41f5-94c5-4d5d-bbc1-8cd8432c0dc1,"",Forward,100126950468,100126950468,11504,1255.24,5.0,1810.0,16.0,1826.0,packet_delivered,0.0,0.0,0.0,0.0,0.0,0.0,0.0,0.0,NA,0,1489.0
NFT-/XUTR/DEUTH026166A1IKFX,116.14,0.0,0.0,3999.0,888.46,177.692,4.231,0.0,0.0,postpaid,0.846,0.0,0.0,22.221,0.0,26.22078,679.47,"",'133178591703862606203,2026-06-15,11176763129,09f377aa-a004-45fd-9b44-2d9249c0c6d9,"",Forward,100122033817,100122033817,11504,2322.86,5.0,1354.0,0.0,1354.0,packet_delivered,0.0,0.0,0.0,0.0,0.0,0.0,0.0,0.0,NA,0,2645.0
NFT-/XUTR/DEUTH026166A1IKFX,35.1,0.0,0.0,1750.0,737.0,191.325,3.51,0.0,0.0,postpaid,0.702,0.0,0.0,31.0,0.0,36.58,504.883,"",'133195964527406798403,2026-06-15,11187423477,4581013d-b239-498d-b50c-0fcc99668e8e,"",Forward,100132694164,100132694164,11504,701.9,5.0,919.0,0.0,919.0,packet_delivered,0.0,0.0,0.0,0.0,0.0,0.0,0.0,0.0,NA,0,831.0
NFT-/XUTR/DEUTH026166A1IKFX,48.76,0.0,0.0,3399.0,1024.0,253.747,4.876,0.0,0.0,postpaid,0.975,0.0,0.0,45.0,0.0,53.1,711.302,"",'133141392661396254603,2026-06-15,11166519951,55a35b6b-7f7b-4ecd-a78c-664684c14052,"",Forward,100111790646,100111790646,11504,975.24,5.0,2204.0,0.0,2204.0,packet_delivered,0.0,0.0,0.0,0.0,0.0,0.0,0.0,0.0,NA,0,1195.0
NFT-/XUTR/DEUTH026166A1IKFX,59.67,0.0,0.0,2999.0,1253.0,310.493,5.967,0.0,0.0,postpaid,1.193,0.0,0.0,45.0,0.0,53.1,882.247,"",'133142591331668543001,2026-06-15,11166805309,eb0056d3-3e6a-4043-9e89-6d9337ad554f,"",Forward,100112076004,100112076004,11504,1193.33,5.0,1575.0,0.0,1575.0,packet_delivered,0.0,0.0,0.0,0.0,0.0,0.0,0.0,0.0,NA,0,1424.0
NFT-/XUTR/DEUTH026166A1IKFX,29.62,0.0,0.0,1750.0,36.0,7.56,0.171,0.0,0.0,postpaid,0.034,6.135,0.0,0.0,0.0,7.2393,-35.474,"",'133186326687115959903,2026-06-15,11181125694,b78cd93e-9e77-48ef-80cd-db369389c1e2,100167223376,Reverse,100126396382,100126396382,11504,592.38,5.0,1034.0,36.0,1070.0,return_refund,0.0,0.0,0.0,0.0,0.0,0.0,0.0,0.0,NA,0,716.0
NFT-/XUTR/DEUTH026166A1IKFX,59.62,0.0,0.0,2999.0,1252.0,310.246,5.962,0.0,0.0,postpaid,1.192,182.0,0.0,0.0,0.0,214.76,-1149.36,"",'133161233002155819903,2026-06-15,11171793537,4a1eb419-43d4-409b-8652-6295673bcbf6,100167935910,Reverse,100117064226,100117064226,11504,1192.38,5.0,1576.0,0.0,1576.0,return_refund,0.0,0.0,0.0,0.0,0.0,0.0,0.0,0.0,NA,0,1423.0
NFT-/XUTR/DEUTH026166A1IKFX,41.38,0.0,0.0,1899.0,672.858,174.674,3.204,0.0,0.0,postpaid,0.641,0.0,0.0,20.906,0.0,24.66908,469.67,"",'133153055171711868603,2026-06-15,11168925068,64c5a83c-8fa1-498b-abac-cdb28e65f256,"",Forward,100114195761,100114195761,11504,827.62,5.0,936.0,0.0,936.0,packet_delivered,0.0,0.0,0.0,0.0,0.0,0.0,0.0,0.0,NA,0,963.0
NFT-/XUTR/DEUTH026166A1IKFX,33.19,0.0,0.0,2499.0,697.0,32.898,3.319,0.0,0.0,postpaid,0.664,0.0,0.0,27.0,0.0,31.86,628.259,"",'133164453734497750703,2026-06-15,11172377377,5cab910e-d802-4338-8913-e7f7edd5003b,"",Forward,100117648066,100117648066,11504,663.81,5.0,1708.0,0.0,1708.0,packet_delivered,0.0,0.0,0.0,0.0,0.0,0.0,0.0,0.0,NA,0,791.0
NFT-/XUTR/DEUTH026166A1IKFX,19.1,0.0,0.0,1599.0,401.0,18.927,1.91,0.0,0.0,postpaid,0.382,0.0,0.0,18.0,0.0,21.24,358.541,"",'133191828087354685403,2026-06-15,11184442122,bec1aff5-4d29-4392-930d-168b612243ed,"",Forward,100129712810,100129712810,11504,381.9,5.0,1104.0,0.0,1104.0,packet_delivered,0.0,0.0,0.0,0.0,0.0,0.0,0.0,0.0,NA,0,495.0
NFT-/XUTR/DEUTH026166A1IKFX,83.76,0.0,0.0,3999.0,1759.0,435.88,8.376,0.0,0.0,postpaid,1.675,182.0,0.0,0.0,0.0,214.76,-1527.829,"",'133154300057777602301,2026-06-15,11168992713,a35846ca-bf31-4871-b90c-9b7fd9f1ca8b,100167172636,Reverse,100114263405,100114263405,11504,1675.24,5.0,2034.0,0.0,2034.0,return_refund,0.0,0.0,0.0,0.0,0.0,0.0,0.0,0.0,NA,0,1965.0
NFT-/XUTR/DEUTH026166A1IKFX,0.0,19.81,19.81,1950.0,832.0,215.987,0.0,1.981,1.981,postpaid,0.792,0.0,0.0,31.0,0.0,36.58,574.679,"",'133191151015322568803,2026-06-15,11183890313,a3844c05-96ed-40b6-81f2-61d3de619a67,"",Forward,100129161001,100129161001,11504,792.38,5.0,1024.0,0.0,1024.0,packet_delivered,0.0,0.0,0.0,0.0,0.0,0.0,0.0,0.0,NA,0,925.9999999999999
NFT-/XUTR/DEUTH026166A1IKFX,66.57,0.0,0.0,3999.0,83.0,20.568,0.395,0.0,0.0,postpaid,0.079,0.0,0.0,2.909,0.0,3.43262,58.525,"",'133182647821530274701,2026-06-15,11179159277,664db078-b46d-4144-ade2-dcb6a07af2f6,"",Forward,100124429965,100124429965,11504,1331.43,5.0,2430.0,83.0,2513.0,packet_delivered,0.0,0.0,0.0,0.0,0.0,0.0,0.0,0.0,NA,0,1569.0
NFT-/XUTR/DEUTH026166A1IKFX,0.0,27.21,27.21,2625.0,41.0,8.61,0.0,0.0975,0.0975,postpaid,0.039,3.802,0.0,0.0,0.0,4.48636,-36.642,"",'133185988940302078201,2026-06-15,11180941167,462879ce-3109-4199-bf57-c1f788cbfc1c,100166577514,Reverse,100126211855,100126211855,11504,1088.58,5.0,1311.0,41.0,1352.0,return_refund,0.0,0.0,0.0,0.0,0.0,0.0,0.0,0.0,NA,0,1314.0
NFT-/XUTR/DEUTH026166A1IKFX,59.67,0.0,0.0,2999.0,1253.0,310.493,5.967,0.0,0.0,postpaid,1.193,0.0,0.0,45.0,0.0,53.1,882.247,"",'133152352482681025701,2026-06-15,11168772058,97dd4f8b-74dc-43c8-ab37-c7aa92be523b,"",Forward,100114042751,100114042751,11504,1193.33,5.0,1575.0,0.0,1575.0,packet_delivered,0.0,0.0,0.0,0.0,0.0,0.0,0.0,0.0,NA,0,1424.0
NFT-/XUTR/DEUTH026166A1IKFX,38.33,0.0,0.0,1799.0,805.0,208.978,3.833,0.0,0.0,postpaid,0.767,0.0,0.0,27.0,0.0,31.86,559.562,"",'133172124583325209101,2026-06-15,11175349937,1bd40b9b-5584-4ee1-a10d-5cb384db454d,"",Forward,100120620626,1000033937515,11504,766.67,5.0,900.0,0.0,900.0,packet_delivered,0.0,0.0,0.0,0.0,0.0,0.0,0.0,0.0,NA,0,899.0
NFT-/XUTR/DEUTH026166A1IKFX,53.52,0.0,0.0,1950.0,1120.52,264.443,5.336,0.0,0.0,postpaid,1.067,181.437,0.0,0.0,0.0,214.09566,-1063.77,"",'133177419451134102503,2026-06-15,11176327866,58c3595e-e945-4364-8a8f-a9fe91609c97,100169162141,Reverse,100121598554,100121598554,11504,1070.48,5.0,655.0,0.0,655.0,return_refund,0.0,0.0,0.0,0.0,0.0,0.0,0.0,0.0,NA,0,1295.0
NFT-/XUTR/DEUTH026166A1IKFX,58.57,0.0,0.0,2950.0,37.0,9.169,0.176,0.0,0.0,postpaid,0.035,3.189,0.0,0.0,0.0,3.76302,-31.383,"",'133181793971507592803,2026-06-15,11178669750,ce46a628-30ea-4047-8cf0-4c46d268ba51,11178669750,Reverse,100123940438,100123940438,11504,1171.43,5.0,1549.0,37.0,1586.0,exchange,0.0,0.0,0.0,0.0,0.0,0.0,0.0,0.0,NA,0,1401.0
NFT-/XUTR/DEUTH026166A1IKFX,38.33,0.0,0.0,1799.0,805.0,208.978,3.833,0.0,0.0,postpaid,0.767,182.0,0.0,0.0,0.0,214.76,-806.182,"",'133150388575356963103,2026-06-15,11168232773,8e20f6ed-b2f5-46d6-80e4-e6924d6a24aa,100166152949,Reverse,100113503467,100113503467,11504,766.67,5.0,900.0,0.0,900.0,return_refund,0.0,0.0,0.0,0.0,0.0,0.0,0.0,0.0,NA,0,899.0
NFT-/XUTR/DEUTH026166A1IKFX,36.24,0.0,0.0,1799.0,761.0,152.2,3.624,0.0,0.0,postpaid,0.725,0.0,0.0,45.0,1.065,54.3567,550.094,"",'133185112640446394603,2026-06-15,11180512569,14f83361-59f1-4302-ba26-a55964e5d5e6,"",Forward,100125783257,100125783257,11504,724.76,5.0,944.0,0.0,944.0,packet_delivered,0.0,0.0,0.0,0.0,0.0,0.0,0.0,0.0,NA,0,855.0
NFT-/XUTR/DEUTH026166A1IKFX,0.0,21.41,21.41,2999.0,131.76,26.352,0.0,0.3135,0.3135,postpaid,0.125,15.536,0.0,0.0,0.0,18.33248,-122.988,"",'133187266702219621703,2026-06-15,11181953802,4a8efcd7-1205-4a6e-8c75-a7cb62d2579e,100171691704,Reverse,100127224492,1000036405919,11504,856.2,5.0,2006.0,0.0,2006.0,return_refund,0.0,0.0,0.0,0.0,0.0,0.0,0.0,0.0,NA,0,993.02
NFT-/XUTR/DEUTH026166A1IKFX,63.29,0.0,0.0,2999.0,1329.0,329.326,6.329,0.0,0.0,postpaid,1.266,0.0,0.0,45.0,0.0,53.1,938.979,"",'133175810272119451703,2026-06-15,11175995950,1f789ca2-3437-4bf7-99e3-37cf5d93c46e,"",Forward,100121266638,100121266638,11504,1265.71,5.0,1499.0,0.0,1499.0,packet_delivered,0.0,0.0,0.0,0.0,0.0,0.0,0.0,0.0,NA,0,1500.0
NFT-/XUTR/DEUTH026166A1IKFX,0.0,31.62,31.62,2999.0,75.0,18.585,0.0,0.1785,0.1785,postpaid,0.071,0.0,0.0,2.767,0.0,3.26506,52.722,"",'133186072575499633201,2026-06-15,11180985392,ab37bb15-64c3-4267-b322-aec630ae54d2,"",Forward,100126256080,100126256080,11504,1264.76,5.0,1500.0,75.0,1575.0,packet_delivered,0.0,0.0,0.0,0.0,0.0,0.0,0.0,0.0,NA,0,1498.9999999999998
NFT-/XUTR/DEUTH026166A1IKFX,46.91,0.0,0.0,2999.0,985.0,255.70600000000002,4.69,0.0,0.0,postpaid,0.938,0.0,0.0,27.0,0.0,31.86,691.806,"",'133175091821557521103,2026-06-15,11175846287,9f8edb3f-bb7e-4cdc-a4e2-23ee65287eed,"",Forward,100121116975,100121116975,11504,938.1,5.0,1843.0,0.0,1843.0,packet_delivered,0.0,0.0,0.0,0.0,0.0,0.0,0.0,0.0,NA,0,1156.01
NFT-/XUTR/DEUTH026166A1IKFX,115.19,0.0,0.0,2625.0,2419.0,570.884,11.519,0.0,0.0,postpaid,2.304,0.0,0.0,61.0,0.0,71.98,1762.313,"",'133152274204104133603,2026-06-15,11168750347,9a821f0b-d69e-4a21-b036-87b52188c999,"",Forward,100114021040,1000033563406,11504,2303.81,5.0,0.0,0.0,0.0,packet_delivered,0.0,0.0,0.0,0.0,0.0,0.0,0.0,0.0,NA,0,2625.0
NFT-/XUTR/DEUTH026166A1IKFX,48.48,0.0,0.0,1699.0,1018.0,240.248,4.848,0.0,0.0,postpaid,0.97,0.0,0.0,49.0,0.0,57.82,714.114,"",'133185733715010403301,2026-06-15,11180809907,9a058602-5988-4ac1-97b3-d05567fd0d32,"",Forward,100126080595,100126080595,11504,969.52,5.0,510.0,0.0,510.0,packet_delivered,0.0,0.0,0.0,0.0,0.0,0.0,0.0,0.0,NA,0,1189.0
NFT-/XUTR/DEUTH026166A1IKFX,68.76,0.0,0.0,3399.0,68.0,13.6,0.324,0.0,0.0,postpaid,0.065,0.0,0.0,2.873,0.0,3.39014,50.621,"",'133186288903313257903,2026-06-15,11181103706,242068bb-113c-4c44-a784-194e90097ac5,"",Forward,100126374394,1000035453164,11504,1375.24,5.0,1784.0,68.0,1852.0,packet_delivered,0.0,0.0,0.0,0.0,0.0,0.0,0.0,0.0,NA,0,1615.0
NFT-/XUTR/DEUTH026166A1IKFX,53.52,0.0,0.0,1950.0,1120.52,264.443,5.336,0.0,0.0,postpaid,1.067,0.0,0.0,44.861,0.0,52.93598,796.738,"",'133177419451134102503,2026-06-15,11176327866,58c3595e-e945-4364-8a8f-a9fe91609c97,"",Forward,100121598554,100121598554,11504,1070.48,5.0,655.0,0.0,655.0,packet_delivered,0.0,0.0,0.0,0.0,0.0,0.0,0.0,0.0,NA,0,1295.0
NFT-/XUTR/DEUTH026166A1IKFX,0.0,16.79,16.79,1599.0,9.0,2.336,0.0,0.0215,0.0215,postpaid,0.009,1.353,0.0,0.0,0.0,1.59654,-8.209,"",'133179085821547697303,2026-06-15,11177519080,020003de-7060-4ea7-ba69-6459660d2e17,100170856041,Reverse,100122789768,100122789768,11504,671.42,5.0,800.0,9.0,809.0,return_refund,0.0,0.0,0.0,0.0,0.0,0.0,0.0,0.0,NA,0,798.9999999999999
NFT-/XUTR/DEUTH026166A1IKFX,38.33,0.0,0.0,1799.0,805.0,208.978,3.833,0.0,0.0,postpaid,0.767,0.0,0.0,27.0,0.0,31.86,559.562,"",'133160682387853801303,2026-06-15,11171642903,6cdd6394-104f-4210-8c03-2d9a83adbdc6,"",Forward,100116913592,100116913592,11504,766.67,5.0,900.0,0.0,900.0,packet_delivered,0.0,0.0,0.0,0.0,0.0,0.0,0.0,0.0,NA,0,899.0
NFT-/XUTR/DEUTH026166A1IKFX,0.0,27.6,27.6,3499.0,1159.0,220.21,0.0,2.7595,2.7595,postpaid,1.104,0.0,0.0,45.0,0.0,53.1,879.067,"",'133191940099618032601,2026-06-15,11184529613,c6b664e5-8dbc-4ad2-b4e8-3fb4511493ba,"",Forward,100129800302,100129800302,11504,1103.8,5.0,2169.0,0.0,2169.0,packet_delivered,0.0,0.0,0.0,0.0,0.0,0.0,0.0,0.0,NA,0,1329.9999999999998
NFT-/XUTR/DEUTH026166A1IKFX,38.33,0.0,0.0,1799.0,44.999,11.682,0.214,0.0,0.0,postpaid,0.043,0.0,0.0,1.733,0.0,2.04494,31.015,"",'133178700353041893603,2026-06-15,11176974345,536a528c-2d47-4d40-ba9b-bcb9be067596,"",Forward,100122245033,100122245033,11504,766.67,5.0,900.0,45.0,945.0,packet_delivered,0.0,0.0,0.0,0.0,0.0,0.0,0.0,0.0,NA,0,899.0
NFT-/XUTR/DEUTH026166A1IKFX,49.67,0.0,0.0,2425.0,1043.0,219.03,4.967,0.0,0.0,postpaid,0.993,127.0,0.0,0.0,0.0,149.86,-967.87,"",'133183602944269777501,2026-06-15,11179742974,51256efa-5ef2-415d-bd9a-2602adb009a8,11179742974,Reverse,100125013662,100125013662,11504,993.33,5.0,1211.0,0.0,1211.0,exchange,0.0,0.0,0.0,0.0,0.0,0.0,0.0,0.0,NA,0,1214.0
NFT-/XUTR/DEUTH026166A1IKFX,59.62,0.0,0.0,2999.0,1252.0,310.246,5.962,0.0,0.0,postpaid,1.192,0.0,0.0,45.0,0.0,53.1,881.5,"",'133161233002155819903,2026-06-15,11171793537,4a1eb419-43d4-409b-8652-6295673bcbf6,"",Forward,100117064226,100117064226,11504,1192.38,5.0,1576.0,0.0,1576.0,packet_delivered,0.0,0.0,0.0,0.0,0.0,0.0,0.0,0.0,NA,0,1423.0
NFT-/XUTR/DEUTH026166A1IKFX,63.24,0.0,0.0,2999.0,1328.0,329.078,6.324,0.0,0.0,postpaid,1.265,106.0,0.0,0.0,0.0,125.08,-1116.413,"",'133183979124993467703,2026-06-15,11179945980,0820b374-f4e9-4547-90ab-4b653f18d702,100168951635,Reverse,100125216668,100125216668,11504,1264.76,5.0,1500.0,0.0,1500.0,return_refund,0.0,0.0,0.0,0.0,0.0,0.0,0.0,0.0,NA,0,1499.0
NFT-/XUTR/DEUTH026166A1IKFX,0.0,31.64,31.64,2999.0,194.77,48.264,0.0,0.4635,0.4635,postpaid,0.185,0.0,0.0,7.181,0.0,8.47358,136.92,"",'133187266702219621703,2026-06-15,11181953799,4a8efcd7-1205-4a6e-8c75-a7cb62d2579e,"",Forward,100127224487,1000036405919,11504,1265.72,5.0,1499.0,0.0,1499.0,packet_delivered,0.0,0.0,0.0,0.0,0.0,0.0,0.0,0.0,NA,0,1500.0000000000002
NFT-/XUTR/DEUTH026166A1IKFX,23.71,0.0,0.0,1650.0,498.0,23.506,2.371,0.0,0.0,postpaid,0.474,0.0,0.0,27.0,0.0,31.86,439.789,"",'133169565104416786801,2026-06-15,11175127135,2e5386da-6d53-4747-ad02-209dd80bb783,"",Forward,100120397824,100120397824,11504,474.29,5.0,1058.0,0.0,1058.0,packet_delivered,0.0,0.0,0.0,0.0,0.0,0.0,0.0,0.0,NA,0,592.0
NFT-/XUTR/DEUTH026166A1IKFX,38.91,0.0,0.0,2999.0,817.0,67.484,3.89,0.0,0.0,postpaid,0.778,0.0,0.0,38.0,0.0,44.84,700.008,"",'133152851334660956701,2026-06-15,11168893080,4f7fc520-f636-4026-9002-5d74c23c6df4,"",Forward,100114163773,100114163773,11504,778.1,5.0,2088.0,0.0,2088.0,packet_delivered,0.0,0.0,0.0,0.0,0.0,0.0,0.0,0.0,NA,0,911.01
NFT-/XUTR/DEUTH026166A1IKFX,31.1,0.0,0.0,2299.0,345.465,16.306,1.645,0.0,0.0,postpaid,0.329,0.0,0.0,14.284,3.282,20.72788,306.457,"",'133150283465339384501,2026-06-15,11168206357,268d4d94-1bc5-4b6c-b39a-f306b9f0fc32,"",Forward,100113477051,1000033559023,11504,621.9,5.0,1552.0,0.0,1552.0,packet_delivered,0.0,0.0,0.0,0.0,0.0,0.0,0.0,0.0,NA,0,747.0
NFT-/XUTR/DEUTH026166A1IKFX,49.81,0.0,0.0,2999.0,403.34000000000003,99.948,1.921,0.0,0.0,postpaid,0.384,48.971,0.0,0.0,0.0,57.78578,-358.873,"",'133169009249067376501,2026-06-15,11174991540,0959ddd1-5f7c-47d1-bac8-4734a0204b41,100170297424,Reverse,100120262229,100120262229,11504,996.19,5.0,1782.0,0.0,1782.0,return_refund,0.0,0.0,0.0,0.0,0.0,0.0,0.0,0.0,NA,0,1217.0
NFT-/XUTR/DEUTH026166A1IKFX,23.71,0.0,0.0,1650.0,498.0,23.506,2.371,0.0,0.0,postpaid,0.474,0.0,0.0,27.0,0.0,31.86,439.789,"",'133152751437236033303,2026-06-15,11168873223,c8b77bc4-910c-41c4-ad68-675c84ac6323,"",Forward,100114143916,100114143916,11504,474.29,5.0,1058.0,0.0,1058.0,packet_delivered,0.0,0.0,0.0,0.0,0.0,0.0,0.0,0.0,NA,0,592.0
NFT-/XUTR/DEUTH026166A1IKFX,118.95,0.0,0.0,3999.0,2498.0,589.528,11.895,0.0,0.0,postpaid,2.379,0.0,0.0,61.0,0.0,71.98,1822.218,"",'133150183323168940601,2026-06-15,11168181671,7f3fb343-6165-4f28-b77c-35b35a227e3e,"",Forward,100113452366,100113452366,11504,2379.05,5.0,1295.0,0.0,1295.0,packet_delivered,0.0,0.0,0.0,0.0,0.0,0.0,0.0,0.0,NA,0,2704.0
NFT-/XUTR/DEUTH026166A1IKFX,29.38,0.0,0.0,1499.0,38.0,9.865,0.181,0.0,0.0,postpaid,0.036,0.0,0.0,1.909,0.0,2.25262,25.665,"",'133184827697372341403,2026-06-15,11180378104,5a7da684-17f3-4aca-9f28-b45448d9b84b,"",Forward,100125648792,100125648792,11504,587.62,5.0,788.0,38.0,826.0,packet_delivered,0.0,0.0,0.0,0.0,0.0,0.0,0.0,0.0,NA,0,711.0
NFT-/XUTR/DEUTH026166A1IKFX,0.0,45.07,45.07,2999.0,1893.0,469.085,0.0,4.507,4.507,postpaid,1.803,0.0,0.0,49.0,0.0,57.82,1355.278,"",'133187271078246949401,2026-06-15,11181960751,902fe7d5-56eb-48df-a271-b6c63e221a27,"",Forward,100127231440,100127231440,11504,1802.86,5.0,900.0,0.0,900.0,packet_delivered,0.0,0.0,0.0,0.0,0.0,0.0,0.0,0.0,NA,0,2099.0
NFT-/XUTR/DEUTH026166A1IKFX,0.0,31.62,31.62,2999.0,194.62,48.227,0.0,0.4635,0.4635,postpaid,0.185,0.0,0.0,7.181,0.701,9.30076,135.98,"",'133187266702219621703,2026-06-15,11181953810,4a8efcd7-1205-4a6e-8c75-a7cb62d2579e,"",Forward,100127224498,1000036405919,11504,1264.76,5.0,1500.0,0.0,1500.0,packet_delivered,0.0,0.0,0.0,0.0,0.0,0.0,0.0,0.0,NA,0,1498.9999999999998
NFT-/XUTR/DEUTH026166A1IKFX,0.0,31.62,31.62,1999.0,1328.0,313.408,0.0,3.162,3.162,postpaid,1.265,106.0,0.0,0.0,0.0,125.08,-1132.083,"",'133190875581891144803,2026-06-15,11183677706,5b510516-046c-49e7-ac98-858e911d5112,100166787637,Reverse,100128948394,100128948394,11504,1264.76,5.0,500.0,200.0,700.0,return_refund,0.0,0.0,0.0,0.0,0.0,0.0,0.0,0.0,NA,0,1498.9999999999998
NFT-/XUTR/DEUTH026166A1IKFX,77.52,0.0,0.0,1799.0,1628.0,384.208,7.752,0.0,0.0,postpaid,1.55,0.0,0.0,45.0,0.0,53.1,1181.39,"",'133159776961419409203,2026-06-15,11171418605,4b9057cf-84b7-478e-82a3-a8f0b9f85baa,"",Forward,100116689293,100116689293,11504,1550.48,5.0,0.0,0.0,0.0,packet_delivered,0.0,0.0,0.0,0.0,0.0,0.0,0.0,0.0,NA,0,1799.0
NFT-/XUTR/DEUTH026166A1IKFX,37.29,0.0,0.0,1699.0,783.0,203.267,3.729,0.0,0.0,postpaid,0.746,0.0,0.0,27.0,0.0,31.86,543.398,"",'133177091044538142203,2026-06-15,11176257066,5e975806-373d-498d-b4cb-e440afd74957,"",Forward,100121527754,100121527754,11504,745.71,5.0,822.0,0.0,822.0,packet_delivered,0.0,0.0,0.0,0.0,0.0,0.0,0.0,0.0,NA,0,877.0
NFT-/XUTR/DEUTH026166A1IKFX,27.14,0.0,0.0,1799.0,569.0,40.285,2.71,0.0,0.0,postpaid,0.542,0.0,0.0,26.953,0.0,31.80454,493.658,"",'133140524928055340401,2026-06-15,11166303012,e0e2fcb1-79fc-4c64-9689-37b0def257aa,"",Forward,100111573707,100111573707,11504,542.86,5.0,1135.0,0.0,1135.0,packet_delivered,0.0,0.0,0.0,0.0,0.0,0.0,0.0,0.0,NA,0,664.0
NFT-/XUTR/DEUTH026166A1IKFX,108.81,0.0,0.0,3499.0,2285.0,539.26,10.881,0.0,0.0,postpaid,2.176,0.0,0.0,61.0,0.0,71.98,1660.703,"",'133163969820907928603,2026-06-15,11172318010,a54d6074-48f6-4853-bcaf-8faa3f370c0b,"",Forward,100117588699,100117588699,11504,2176.19,5.0,1008.0,0.0,1008.0,packet_delivered,0.0,0.0,0.0,0.0,0.0,0.0,0.0,0.0,NA,0,2491.0
NFT-/XUTR/DEUTH026166A1IKFX,36.19,0.0,0.0,1799.0,45.0,11.682,0.214,0.0,0.0,postpaid,0.043,0.0,0.0,1.836,0.0,2.16648,30.895,"",'133202499617895989401,2026-06-15,11190157169,dda529ca-b60c-4c19-b896-f3ae2773162e,"",Forward,100135427855,100135427855,11504,723.81,5.0,945.0,45.0,990.0,packet_delivered,0.0,0.0,0.0,0.0,0.0,0.0,0.0,0.0,NA,0,854.0
NFT-/XUTR/DEUTH026166A1IKFX,29.05,0.0,0.0,1699.0,36.001,9.346,0.171,0.0,0.0,postpaid,0.034,0.0,0.0,1.83,0.0,2.1594,24.291,"",'133182599259596459603,2026-06-15,11179127048,bbec88c7-5ade-4075-8cdf-d8747310358e,"",Forward,100124397736,100124397736,11504,580.95,5.0,995.0,36.0,1031.0,packet_delivered,0.0,0.0,0.0,0.0,0.0,0.0,0.0,0.0,NA,0,704.0
NFT-/XUTR/DEUTH026166A1IKFX,28.38,0.0,0.0,1999.0,596.0,28.131,2.838,0.0,0.0,postpaid,0.568,0.0,0.0,7.0,0.0,8.26,556.203,"",'133184360638216806703,2026-06-15,11180147287,cc148ce2-86fc-4c6e-9ae4-83d9a6be98f1,"",Forward,100125417975,100125417975,11504,567.62,5.0,1309.0,0.0,1309.0,packet_delivered,0.0,0.0,0.0,0.0,0.0,0.0,0.0,0.0,NA,0,690.0
NFT-/XUTR/DEUTH026166A1IKFX,59.71,0.0,0.0,2999.0,1254.0,310.741,5.971,0.0,0.0,postpaid,1.194,0.0,0.0,45.0,0.0,53.1,882.994,"",'133155273231669156601,2026-06-15,11169404318,67b0b32d-462d-4884-bede-02196974fbec,"",Forward,100114675010,100114675010,11504,1194.29,5.0,1574.0,0.0,1574.0,packet_delivered,0.0,0.0,0.0,0.0,0.0,0.0,0.0,0.0,NA,0,1425.0
NFT-/XUTR/DEUTH026166A1IKFX,45.62,0.0,0.0,1699.0,119.00000000000001,30.892,0.567,0.0,0.0,postpaid,0.113,22.607,0.0,0.0,0.0,26.67626,-114.104,"",'133151992622097951101,2026-06-15,11168664219,7cb8c5ff-421d-427c-99ac-93954042c69e,100171464066,Reverse,100113934912,100113934912,11504,912.38,5.0,570.0,119.0,689.0,return_refund,0.0,0.0,0.0,0.0,0.0,0.0,0.0,0.0,NA,0,1129.0
NFT-/XUTR/DEUTH026166A1IKFX,45.38,0.0,0.0,2799.0,953.0,247.399,4.538,0.0,0.0,postpaid,0.908,0.0,0.0,27.0,0.0,31.86,668.295,"",'133156093013432089601,2026-06-15,11169551839,776a1236-dc88-421a-ad20-e14995a09691,"",Forward,100114822529,100114822529,11504,907.62,5.0,1675.0,0.0,1675.0,packet_delivered,0.0,0.0,0.0,0.0,0.0,0.0,0.0,0.0,NA,0,1124.0
NFT-/XUTR/DEUTH026166A1IKFX,83.71,0.0,0.0,1999.0,930.055,219.493,4.429,0.0,0.0,postpaid,0.886,96.286,0.0,0.0,0.0,113.61748,-818.864,"",'133150283465339384501,2026-06-15,11168206361,268d4d94-1bc5-4b6c-b39a-f306b9f0fc32,100168046785,Reverse,100113477055,1000033559023,11504,1674.29,5.0,70.0,0.0,70.0,return_refund,0.0,0.0,0.0,0.0,0.0,0.0,0.0,0.0,NA,0,1929.0
