NEFT_Ref,igst_amount,cgst_amount,sgst_amount,MRP,customer_paid_amt,Commission,IGST_TCS,CGST_TCS,SGST_TCS,Payment_Type,TDS,Shipping_Fee,pick_and_pack_fee,fixed_fee,Payment_Gateway_Fee,Logistics_Commission,Settled_Amount,NOD_Comment,Store_Order_id,Payment_Date,order_line_id,seller_order_id,return_id,Order_Type,order_release_id,Packet_Id,Seller_Id,taxable_amount,Tax_Rate,seller_discount,platform_discount,total_discount,comments,fwdAdditionalCharges,rvsAdditionalCharges,techEnablement,airLogistics,royaltyCharges,royaltyPercent,marketingCharges,marketingPercent,marketingContribution,commission_discount,sale_Total_Customer_Paid
NFT-/XUTR/DEUTH02614027640X,55.19,0.0,0.0,1899.0,1159.0,273.524,5.519,0.0,0.0,prepaid,1.104,182.0,0.0,0.0,0.0,214.76,-1093.613,"",'132951780179350805701,2026-05-20,11123898840,c86356f8-18bc-4f8d-8fe2-40a383898eb9,100158449739,Reverse,100069169645,100069169645,11504,1103.81,5.0,569.0,0.0,569.0,return_refund,0.0,0.0,0.0,0.0,0.0,0.0,0.0,0.0,NA,0,1330.0
NFT-/XUTR/DEUTH02614027640X,23.0,0.0,0.0,1399.0,483.0,22.798,2.3,0.0,0.0,prepaid,0.46,127.0,0.0,0.0,0.0,149.86,-607.302,"",'132961709467100072903,2026-05-20,11126026189,0a391ee7-6161-4e67-93cb-c8f520a4f99c,100158466635,Reverse,100071296989,100071296989,11504,460,5.0,822.0,0.0,822.0,return_refund,0.0,0.0,0.0,0.0,0.0,0.0,0.0,0.0,NA,0,577.0
NFT-/XUTR/DEUTH02614027640X,48.48,0.0,0.0,1699.0,1018.0,240.248,4.848,0.0,0.0,prepaid,0.97,182.0,0.0,0.0,0.0,214.76,-986.694,"",'132943491875785360803,2026-05-20,11122216406,c19b3574-a540-4444-a049-be434c06e2c0,11122216406,Reverse,100067487216,100067487216,11504,969.52,5.0,510.0,0.0,510.0,exchange,0.0,0.0,0.0,0.0,0.0,0.0,0.0,0.0,NA,0,1189.0
NFT-/XUTR/DEUTH02614027640X,23.71,0.0,0.0,1650.0,498.0,23.506,2.371,0.0,0.0,prepaid,0.474,0.0,0.0,27.0,0.0,31.86,439.789,"",'132949470879041858903,2026-05-20,11123232509,4ff0c1fd-dae3-4278-b714-6db3257195ad,"",Forward,100068503316,100068503316,11504,474.29,5.0,1058.0,0.0,1058.0,packet_delivered,0.0,0.0,0.0,0.0,0.0,0.0,0.0,0.0,NA,0,592.0
NFT-/XUTR/DEUTH02614027640X,35.29,0.0,0.0,2799.0,741.0,34.97500000000001,3.529,0.0,0.0,prepaid,0.706,0.0,0.0,27.0,0.0,31.86,669.93,"",'132976631751408981703,2026-05-20,11128945070,f539db9e-adcb-4689-a73d-c73b8a345ea2,"",Forward,100074215861,100074215861,11504,705.71,5.0,1964.0,0.0,1964.0,packet_delivered,0.0,0.0,0.0,0.0,0.0,0.0,0.0,0.0,NA,0,835.0
NFT-/XUTR/DEUTH02614027640X,49.76,0.0,0.0,2599.0,1045.0,258.951,4.976,0.0,0.0,prepaid,0.995,106.0,0.0,0.0,0.0,125.08,-905.158,"",'132977136848999978503,2026-05-20,11129055266,3f9ad514-7eca-494c-9203-2c87e074264f,11129055266,Reverse,100074326057,100074326057,11504,995.24,5.0,1383.0,0.0,1383.0,exchange,0.0,0.0,0.0,0.0,0.0,0.0,0.0,0.0,NA,0,1216.0
NFT-/XUTR/DEUTH02614027640X,55.14,0.0,0.0,1899.0,1158.0,273.288,5.514,0.0,0.0,prepaid,1.103,106.0,0.0,0.0,0.0,125.08,-1003.175,"",'132978955319311954401,2026-05-20,11129479657,8aa47c16-d609-4361-9284-b77194b9a99a,100158478485,Reverse,100074750447,100074750447,11504,1102.86,5.0,570.0,0.0,570.0,return_refund,0.0,0.0,0.0,0.0,0.0,0.0,0.0,0.0,NA,0,1329.0
NFT-/XUTR/DEUTH02614027640X,45.62,0.0,0.0,1699.0,958.0,248.697,4.562,0.0,0.0,prepaid,0.912,182.0,0.0,0.0,0.0,214.76,-918.589,"",'132943649125132220901,2026-05-20,11122252280,140e6b48-dcac-477a-bac2-0c07d6b65c3b,100158444209,Reverse,100067523089,100067523089,11504,912.38,5.0,570.0,0.0,570.0,return_refund,0.0,0.0,0.0,0.0,0.0,0.0,0.0,0.0,NA,0,1129.0
NFT-/XUTR/DEUTH02614027640X,33.48,0.0,0.0,2999.0,703.0,33.182,3.348,0.0,0.0,prepaid,0.67,0.0,0.0,27.0,0.0,31.86,633.94,"",'132949841124478409603,2026-05-20,11123348522,440a237a-e22f-4ceb-8d9f-c6912fa99b2f,"",Forward,100068619329,1000020414837,11504,669.52,5.0,2202.0,0.0,2202.0,packet_delivered,0.0,0.0,0.0,0.0,0.0,0.0,0.0,0.0,NA,0,797.0
NFT-/XUTR/DEUTH02614027640X,37.86,0.0,0.0,1750.0,795.0,206.382,3.786,0.0,0.0,prepaid,0.757,0.0,0.0,27.0,0.0,31.86,552.215,"",'132951670292746771803,2026-05-20,11123870595,cc0bf102-851b-4846-857b-85732f92bf78,"",Forward,100069141400,1000020054324,11504,757.14,5.0,861.0,0.0,861.0,packet_delivered,0.0,0.0,0.0,0.0,0.0,0.0,0.0,0.0,NA,0,889.0
NFT-/XUTR/DEUTH02614027640X,40.71,0.0,0.0,2499.0,855.0,221.958,4.071,0.0,0.0,prepaid,0.814,0.0,0.0,27.0,0.0,31.86,596.297,"",'132941556759694648203,2026-05-20,11121792985,63702801-5e8e-4e3f-a415-9bf9a4613526,"",Forward,100067063797,100067063797,11504,814.29,5.0,1550.0,0.0,1550.0,packet_delivered,0.0,0.0,0.0,0.0,0.0,0.0,0.0,0.0,NA,0,949.0
NFT-/XUTR/DEUTH02614027640X,34.33,0.0,0.0,3299.0,721.0,34.031,3.433,0.0,0.0,prepaid,0.687,0.0,0.0,27.0,0.0,31.86,650.989,"",'132946026384513249601,2026-05-20,11122800543,5641eacf-4d44-4ef4-bea5-3351cc1a2b43,"",Forward,100068071352,100068071352,11504,686.67,5.0,2484.0,0.0,2484.0,packet_delivered,0.0,0.0,0.0,0.0,0.0,0.0,0.0,0.0,NA,0,815.0
NFT-/XUTR/DEUTH02614027640X,33.48,0.0,0.0,2599.0,703.0,33.182,3.348,0.0,0.0,prepaid,0.67,0.0,0.0,27.0,5.905,38.8279,626.972,"",'132979662396493862601,2026-05-20,11129674632,e146d83d-6463-4fb0-a7f3-2f68f8df6420,"",Forward,100074945422,1000022046673,11504,669.52,5.0,1802.0,0.0,1802.0,packet_delivered,0.0,0.0,0.0,0.0,0.0,0.0,0.0,0.0,NA,0,797.0
NFT-/XUTR/DEUTH02614027640X,40.71,0.0,0.0,1899.0,855.0,221.958,4.071,0.0,0.0,prepaid,0.814,0.0,0.0,27.0,0.0,31.86,596.297,"",'132942097089294459503,2026-05-20,11121918591,0cafd661-4eb1-4542-9c60-b117b2905234,"",Forward,100067189403,100067189403,11504,814.29,5.0,950.0,0.0,950.0,packet_delivered,0.0,0.0,0.0,0.0,0.0,0.0,0.0,0.0,NA,0,949.0
NFT-/XUTR/DEUTH02614027640X,32.71,0.0,0.0,2999.0,687.0,32.426,3.271,0.0,0.0,prepaid,0.654,0.0,0.0,27.0,3.091,35.50738,615.142,"",'132983561240652252501,2026-05-20,11130061289,54c6fe01-b8a9-4f23-bd0f-1c0d91778792,"",Forward,100075332079,100075332079,11504,654.29,5.0,2218.0,0.0,2218.0,packet_delivered,0.0,0.0,0.0,0.0,0.0,0.0,0.0,0.0,NA,0,781.0
NFT-/XUTR/DEUTH02614027640X,48.81,0.0,0.0,2799.0,1025.0,253.99499999999998,4.881,0.0,0.0,prepaid,0.976,0.0,0.0,45.0,0.0,53.1,712.048,"",'132942377290420851403,2026-05-20,11121981999,030e8049-b6c1-4d56-a294-f58ffde93222,"",Forward,100067252810,1000020396350,11504,976.19,5.0,1603.0,0.0,1603.0,packet_delivered,0.0,0.0,0.0,0.0,0.0,0.0,0.0,0.0,NA,0,1196.0
NFT-/XUTR/DEUTH02614027640X,48.48,0.0,0.0,1699.0,1018.0,240.248,4.848,0.0,0.0,prepaid,0.97,0.0,0.0,45.0,0.0,53.1,718.834,"",'132940528424482157003,2026-05-20,11121537744,4f5b4ca1-b8bb-49a8-8d1c-954a1e413f34,"",Forward,100066808557,100066808557,11504,969.52,5.0,510.0,0.0,510.0,packet_delivered,0.0,0.0,0.0,0.0,0.0,0.0,0.0,0.0,NA,0,1189.0
NFT-/XUTR/DEUTH02614027640X,0.0,19.52,19.52,1799.0,820.0,212.872,0.0,1.9525,1.9525,prepaid,0.781,106.0,0.0,0.0,0.0,125.08,-727.522,"",'132977639769785717803,2026-05-20,11129162765,12102b5b-d311-4544-be81-33f82611ff3d,100159795220,Reverse,100074433555,100074433555,11504,780.96,5.0,885.0,0.0,885.0,return_refund,0.0,0.0,0.0,0.0,0.0,0.0,0.0,0.0,NA,0,914.0
NFT-/XUTR/DEUTH02614027640X,55.19,0.0,0.0,1899.0,1159.0,273.524,5.519,0.0,0.0,prepaid,1.104,0.0,0.0,45.0,0.0,53.1,825.753,"",'132951780179350805701,2026-05-20,11123898840,c86356f8-18bc-4f8d-8fe2-40a383898eb9,"",Forward,100069169645,100069169645,11504,1103.81,5.0,569.0,0.0,569.0,packet_delivered,0.0,0.0,0.0,0.0,0.0,0.0,0.0,0.0,NA,0,1330.0
NFT-/XUTR/DEUTH02614027640X,38.24,0.0,0.0,2100.0,803.0,208.459,3.824,0.0,0.0,prepaid,0.765,182.0,0.0,0.0,0.0,214.76,-804.712,"",'132944703423925945803,2026-05-20,11122514838,618c97aa-8fc6-4ff9-a264-68b031297c36,100158405720,Reverse,100067785647,1000020413825,11504,764.76,5.0,1203.0,0.0,1203.0,return_refund,0.0,0.0,0.0,0.0,0.0,0.0,0.0,0.0,NA,0,897.0
NFT-/XUTR/DEUTH02614027640X,35.29,0.0,0.0,2599.0,741.0,34.97500000000001,3.529,0.0,0.0,prepaid,0.706,106.0,0.0,0.0,0.0,125.08,-826.87,"",'132984099057392452003,2026-05-20,11130182266,7503d905-37f9-4999-810e-593651400b42,100158417297,Reverse,100075453056,100075453056,11504,705.71,5.0,1764.0,0.0,1764.0,return_refund,0.0,0.0,0.0,0.0,0.0,0.0,0.0,0.0,NA,0,835.0
NFT-/XUTR/DEUTH02614027640X,0.0,44.36,44.36,3999.0,1863.0,483.635,0.0,4.4355,4.4355,prepaid,1.774,0.0,0.0,45.0,0.0,53.1,1315.62,"",'132978992746014524001,2026-05-20,11129489195,d4226269-1b15-42ed-8105-5898c9b53d36,"",Forward,100074759985,100074759985,11504,1774.28,5.0,1930.0,0.0,1930.0,packet_delivered,0.0,0.0,0.0,0.0,0.0,0.0,0.0,0.0,NA,0,2069.0
NFT-/XUTR/DEUTH02614027640X,36.52,0.0,0.0,2499.0,767.0,36.202,3.652,0.0,0.0,prepaid,0.73,0.0,0.0,27.0,0.0,31.86,694.556,"",'132965827006876061201,2026-05-20,11126595961,dfedbfb4-d3eb-4b1a-8626-7b2ef7466848,"",Forward,100071866761,100071866761,11504,730.48,5.0,1638.0,0.0,1638.0,packet_delivered,0.0,0.0,0.0,0.0,0.0,0.0,0.0,0.0,NA,0,861.0
NFT-/XUTR/DEUTH02614027640X,19.1,0.0,0.0,1599.0,401.0,18.927,1.91,0.0,0.0,prepaid,0.382,0.0,0.0,15.0,0.0,17.7,362.081,"",'132944392421267319001,2026-05-20,11122429403,294545b1-0488-4ce4-a22d-c477a07f54c2,"",Forward,100067700212,1000019670164,11504,381.9,5.0,1104.0,0.0,1104.0,packet_delivered,0.0,0.0,0.0,0.0,0.0,0.0,0.0,0.0,NA,0,495.0
NFT-/XUTR/DEUTH02614027640X,27.19,0.0,0.0,1799.0,571.0,148.232,2.719,0.0,0.0,prepaid,0.544,0.0,0.0,27.0,0.0,31.86,387.645,"",'132943949939258056503,2026-05-20,11122321616,b5492ee5-9f79-48d4-93b9-9db4cb9ba19a,"",Forward,100067592425,100067592425,11504,543.81,5.0,1134.0,0.0,1134.0,packet_delivered,0.0,0.0,0.0,0.0,0.0,0.0,0.0,0.0,NA,0,665.0
NFT-/XUTR/DEUTH02614027640X,21.91,0.0,0.0,1499.0,199.27599999999998,9.406,0.949,0.0,0.0,prepaid,0.19,78.844,0.0,0.0,0.0,93.03592,-281.767,"",'132943443004895694201,2026-05-20,11122205233,d52fd744-8f37-4131-b6d3-8e2da9fdd097,11122205233,Reverse,100067476043,100067476043,11504,438.1,5.0,945.0,0.0,945.0,exchange,0.0,0.0,0.0,0.0,0.0,0.0,0.0,0.0,NA,0,554.01
NFT-/XUTR/DEUTH02614027640X,36.0,0.0,0.0,1699.0,2.48,0.644,0.012,0.0,0.0,prepaid,0.002,0.0,0.0,0.089,0.0,0.10502,1.717,"",'132975511663134547803,2026-05-20,11128691510,a2076d25-e603-4e40-93d7-529de95d749a,"",Forward,100073962301,100073962301,11504,720,5.0,849.0,0.0,849.0,packet_delivered,0.0,0.0,0.0,0.0,0.0,0.0,0.0,0.0,NA,0,850.0
NFT-/XUTR/DEUTH02614027640X,102.05,0.0,0.0,3299.0,2143.0,505.74800000000005,10.205,0.0,0.0,prepaid,2.041,0.0,0.0,61.0,0.0,71.98,1553.026,"",'132981944358569646901,2026-05-20,11129862303,ac861c8b-497a-4193-9ca3-f4d4fe6f74e5,"",Forward,100075133093,1000022037144,11504,2040.95,5.0,950.0,0.0,950.0,packet_delivered,0.0,0.0,0.0,0.0,0.0,0.0,0.0,0.0,NA,0,2349.0
NFT-/XUTR/DEUTH02614027640X,578.59,0.0,0.0,3999.0,3793.0,895.148,16.072,0.0,0.0,prepaid,3.214,182.0,0.0,0.0,0.0,214.76,-3093.326,"",'132946236033950097003,2026-05-20,11122815655,3a40e53d-80f4-4c2a-a044-7b9acd18913a,100158571402,Reverse,100068086464,1000020402033,11504,3214.41,18.0,0.0,0.0,0.0,return_refund,0.0,0.0,0.0,0.0,0.0,0.0,0.0,0.0,NA,0,3999.0
NFT-/XUTR/DEUTH02614027640X,51.86,0.0,0.0,1799.0,1089.0,257.004,5.186,0.0,0.0,prepaid,1.037,0.0,0.0,45.0,0.0,53.1,772.673,"",'132950040553612973603,2026-05-20,11123410835,511c17ae-b49b-46aa-bc08-0913f3a9450f,"",Forward,100068681641,100068681641,11504,1037.14,5.0,539.0,0.0,539.0,packet_delivered,0.0,0.0,0.0,0.0,0.0,0.0,0.0,0.0,NA,0,1260.0
NFT-/XUTR/DEUTH02614027640X,63.24,0.0,0.0,2999.0,1328.0,329.078,6.324,0.0,0.0,prepaid,1.265,182.0,0.0,0.0,0.0,214.76,-1206.093,"",'132951278064816742203,2026-05-20,11123767055,4671710d-9998-41ea-89e0-58674017c49d,100160556222,Reverse,100069037861,100069037861,11504,1264.76,5.0,1500.0,0.0,1500.0,return_refund,0.0,0.0,0.0,0.0,0.0,0.0,0.0,0.0,NA,0,1499.0
NFT-/XUTR/DEUTH02614027640X,34.19,0.0,0.0,2899.0,718.0,33.89,3.419,0.0,0.0,prepaid,0.684,0.0,0.0,27.0,0.0,31.86,648.147,"",'132979662396493862601,2026-05-20,11129674633,e146d83d-6463-4fb0-a7f3-2f68f8df6420,"",Forward,100074945423,1000022046673,11504,683.81,5.0,2087.0,0.0,2087.0,packet_delivered,0.0,0.0,0.0,0.0,0.0,0.0,0.0,0.0,NA,0,812.0
NFT-/XUTR/DEUTH02614027640X,0.0,41.14,41.14,1899.0,1728.0,407.808,0.0,4.1145,4.1145,prepaid,1.646,106.0,0.0,0.0,0.0,125.08,-1435.397,"",'132953330252932869003,2026-05-20,11124308194,ec890777-2dc7-462e-89cb-d48df15cf4b2,100161919875,Reverse,100069578998,1000020128133,11504,1645.72,5.0,0.0,0.0,0.0,return_refund,0.0,0.0,0.0,0.0,0.0,0.0,0.0,0.0,NA,0,1899.0000000000002
NFT-/XUTR/DEUTH02614027640X,63.24,0.0,0.0,2999.0,1328.0,329.078,6.324,0.0,0.0,prepaid,1.265,0.0,0.0,45.0,0.0,53.1,938.233,"",'132983280375981771903,2026-05-20,11130006152,0d62cdc4-eb98-41f5-a9be-17973ae1536c,"",Forward,100075276942,100075276942,11504,1264.76,5.0,1500.0,0.0,1500.0,packet_delivered,0.0,0.0,0.0,0.0,0.0,0.0,0.0,0.0,NA,0,1499.0
NFT-/XUTR/DEUTH02614027640X,49.05,0.0,0.0,1799.0,1030.0,243.08,4.905,0.0,0.0,prepaid,0.981,106.0,0.0,0.0,0.0,125.08,-906.114,"",'132983228349070061401,2026-05-20,11129996937,5947a2cc-122c-4009-a42d-4cd07f04aa0a,11129996937,Reverse,100075267727,100075267727,11504,980.95,5.0,598.0,0.0,598.0,exchange,0.0,0.0,0.0,0.0,0.0,0.0,0.0,0.0,NA,0,1201.0
NFT-/XUTR/DEUTH02614027640X,32.48,0.0,0.0,1699.0,682.0,177.047,3.248,0.0,0.0,prepaid,0.65,0.0,0.0,27.0,0.0,31.86,469.195,"",'132949197572682082501,2026-05-20,11123150569,e1e89242-dee6-459e-9108-1c25d069078c,"",Forward,100068421378,1000019873366,11504,649.52,5.0,923.0,0.0,923.0,packet_delivered,0.0,0.0,0.0,0.0,0.0,0.0,0.0,0.0,NA,0,776.0
NFT-/XUTR/DEUTH02614027640X,34.67,0.0,0.0,1799.0,728.0,188.989,3.467,0.0,0.0,prepaid,0.693,182.0,0.0,0.0,0.0,214.76,-749.611,"",'132945582202253304501,2026-05-20,11122744592,87b002bd-58d9-4562-9dad-1656c4da6ca4,100158830510,Reverse,100068015401,1000019744440,11504,693.33,5.0,977.0,0.0,977.0,return_refund,0.0,0.0,0.0,0.0,0.0,0.0,0.0,0.0,NA,0,822.0
NFT-/XUTR/DEUTH02614027640X,63.19,0.0,0.0,2999.0,1327.0,328.831,6.319,0.0,0.0,prepaid,1.264,182.0,0.0,0.0,0.0,214.76,-1205.346,"",'132948519999364960001,2026-05-20,11122984221,340a89c6-6910-4bc2-b775-85b2c13af7b1,100158439070,Reverse,100068255030,100068255030,11504,1263.81,5.0,1501.0,0.0,1501.0,return_refund,0.0,0.0,0.0,0.0,0.0,0.0,0.0,0.0,NA,0,1498.0
NFT-/XUTR/DEUTH02614027640X,82.24,0.0,0.0,1899.0,1727.0,407.572,8.224,0.0,0.0,prepaid,1.645,0.0,0.0,45.0,0.0,53.1,1256.459,"",'132952551162677733403,2026-05-20,11124093922,ff1c149c-7aba-496b-887e-7f94c770fa2e,"",Forward,100069364727,100069364727,11504,1644.76,5.0,1.0,0.0,1.0,packet_delivered,0.0,0.0,0.0,0.0,0.0,0.0,0.0,0.0,NA,0,1898.0
NFT-/XUTR/DEUTH02614027640X,38.33,0.0,0.0,1799.0,805.0,208.978,3.833,0.0,0.0,prepaid,0.767,0.0,0.0,27.0,0.0,31.86,559.562,"",'132957015861358552101,2026-05-20,11124778879,bb5d9422-afd1-4ad5-a719-5b22f78c3da9,"",Forward,100070049683,1000020251808,11504,766.67,5.0,900.0,0.0,900.0,packet_delivered,0.0,0.0,0.0,0.0,0.0,0.0,0.0,0.0,NA,0,899.0
NFT-/XUTR/DEUTH02614027640X,30.71,0.0,0.0,2299.0,645.0,30.443999999999996,3.071,0.0,0.0,prepaid,0.614,0.0,0.0,27.0,0.0,31.86,579.011,"",'132978183820810145903,2026-05-20,11129286861,57e17482-d29d-4c31-aa35-ece129411584,"",Forward,100074557651,100074557651,11504,614.29,5.0,1560.0,0.0,1560.0,packet_delivered,0.0,0.0,0.0,0.0,0.0,0.0,0.0,0.0,NA,0,739.0
NFT-/XUTR/DEUTH02614027640X,41.38,0.0,0.0,1899.0,869.0,225.592,4.138,0.0,0.0,prepaid,0.828,0.0,0.0,27.0,0.0,31.86,606.582,"",'132975763339869548603,2026-05-20,11128750816,2c14d51b-9fa7-4515-b8db-f6cd4fc4f06d,"",Forward,100074021607,100074021607,11504,827.62,5.0,936.0,0.0,936.0,packet_delivered,0.0,0.0,0.0,0.0,0.0,0.0,0.0,0.0,NA,0,963.0
NFT-/XUTR/DEUTH02614027640X,20.05,0.0,0.0,1750.0,421.0,19.871,2.005,0.0,0.0,prepaid,0.401,0.0,0.0,19.0,0.0,22.42,376.303,"",'132979534358686832501,2026-05-20,11129640933,7a538769-3198-4ff6-9c5d-c5c754624001,"",Forward,100074911723,1000022049990,11504,400.95,5.0,1270.0,0.0,1270.0,packet_delivered,0.0,0.0,0.0,0.0,0.0,0.0,0.0,0.0,NA,0,480.0
NFT-/XUTR/DEUTH02614027640X,19.05,0.0,0.0,1699.0,400.0,18.88,1.905,0.0,0.0,prepaid,0.381,127.0,0.0,0.0,0.0,149.86,-528.694,"",'132969791269096762801,2026-05-20,11127730866,d3dbb484-d3dc-4cf0-8ce6-1fd509876d86,100158330774,Reverse,100073001659,100073001659,11504,380.95,5.0,1205.0,0.0,1205.0,return_refund,0.0,0.0,0.0,0.0,0.0,0.0,0.0,0.0,NA,0,494.0
NFT-/XUTR/DEUTH02614027640X,35.29,0.0,0.0,2799.0,12.89,0.6080000000000001,0.061,0.0,0.0,prepaid,0.012,0.0,0.0,0.47,0.0,0.5546,11.654,"",'132948376096015635303,2026-05-20,11122957458,97b1dea0-be1b-4d68-ab49-4f6eb251d7e6,"",Forward,100068228267,1000020424685,11504,705.71,5.0,1964.0,0.0,1964.0,packet_delivered,0.0,0.0,0.0,0.0,0.0,0.0,0.0,0.0,NA,0,835.0
NFT-/XUTR/DEUTH02614027640X,30.71,0.0,0.0,1999.0,645.0,30.443999999999996,3.071,0.0,0.0,prepaid,0.614,182.0,0.0,0.0,0.0,214.76,-825.631,"",'132942678097638839803,2026-05-20,11122031809,0799abd6-83d9-43ee-bd88-a8fd3ec9356b,11122031809,Reverse,100067302620,100067302620,11504,614.29,5.0,1260.0,0.0,1260.0,exchange,0.0,0.0,0.0,0.0,0.0,0.0,0.0,0.0,NA,0,739.0
NFT-/XUTR/DEUTH02614027640X,24.57,0.0,0.0,1650.0,516.0,133.954,2.457,0.0,0.0,prepaid,0.491,0.0,0.0,27.0,0.0,31.86,347.238,"",'132942195498040897601,2026-05-20,11121941082,86b4d800-a5d3-41b0-bacc-efcc7b13a35f,"",Forward,100067211894,100067211894,11504,491.43,5.0,1040.0,0.0,1040.0,packet_delivered,0.0,0.0,0.0,0.0,0.0,0.0,0.0,0.0,NA,0,610.0
NFT-/XUTR/DEUTH02614027640X,30.71,0.0,0.0,2299.0,645.0,30.443999999999996,3.071,0.0,0.0,prepaid,0.614,182.0,0.0,0.0,0.0,214.76,-825.631,"",'132950484215448642303,2026-05-20,11123541616,6cd7583e-0575-4bdf-89b3-406d04880061,11123541616,Reverse,100068812422,100068812422,11504,614.29,5.0,1560.0,0.0,1560.0,exchange,0.0,0.0,0.0,0.0,0.0,0.0,0.0,0.0,NA,0,739.0
NFT-/XUTR/DEUTH02614027640X,20.05,0.0,0.0,1750.0,421.00000000000006,19.871,2.005,0.0,0.0,prepaid,0.401,106.0,0.0,0.0,0.0,125.08,-523.803,"",'132979534358686832501,2026-05-20,11129640933,7a538769-3198-4ff6-9c5d-c5c754624001,100158413296,Reverse,100074911723,1000022049990,11504,400.95,5.0,1270.0,0.0,1270.0,return_refund,0.0,0.0,0.0,0.0,0.0,0.0,0.0,0.0,NA,0,480.0
NFT-/XUTR/DEUTH02614027640X,63.24,0.0,0.0,2999.0,1328.0,329.078,6.324,0.0,0.0,prepaid,1.265,0.0,0.0,45.0,0.0,53.1,938.233,"",'132951173415594301103,2026-05-20,11123738725,a23cbf09-36de-4b36-9a3f-67839c323b33,"",Forward,100069009531,100069009531,11504,1264.76,5.0,1500.0,0.0,1500.0,packet_delivered,0.0,0.0,0.0,0.0,0.0,0.0,0.0,0.0,NA,0,1499.0
NFT-/XUTR/DEUTH02614027640X,8.45,0.0,0.0,349.0,126.82,19.454,0.616,0.0,0.0,prepaid,0.123,0.0,0.0,11.807,0.0,13.93226,92.695,"",'132959822695449583801,2026-05-20,11125513910,5b83c1e3-df02-4335-893f-5e3d46f196cc,"",Forward,100070784710,1000020553897,11504,281.55,3.0,0.0,0.0,0.0,packet_delivered,0.0,0.0,0.0,0.0,0.0,0.0,0.0,0.0,NA,0,349.0
NFT-/XUTR/DEUTH02614027640X,20.05,0.0,0.0,1650.0,421.0,19.871,2.005,0.0,0.0,prepaid,0.401,182.0,0.0,0.0,0.0,214.76,-613.483,"",'132945681328052945003,2026-05-20,11122761033,0a043fd2-459e-4660-a4fe-c439346501c0,100158465079,Reverse,100068031842,1000019746514,11504,400.95,5.0,1135.0,0.0,1135.0,return_refund,0.0,0.0,0.0,0.0,0.0,0.0,0.0,0.0,NA,0,515.0
NFT-/XUTR/DEUTH02614027640X,40.29,0.0,0.0,2750.0,846.0,219.622,4.029,0.0,0.0,prepaid,0.806,0.0,0.0,27.0,0.0,31.86,589.683,"",'132942215745736528403,2026-05-20,11121945647,88649916-febc-4ff3-b73b-0749ff9258c3,"",Forward,100067216458,100067216458,11504,805.71,5.0,1733.0,0.0,1733.0,packet_delivered,0.0,0.0,0.0,0.0,0.0,0.0,0.0,0.0,NA,0,1017.0
NFT-/XUTR/DEUTH02614027640X,68.71,0.0,0.0,3399.0,1427.0,353.611,6.795,0.0,0.0,prepaid,1.359,179.982,0.0,0.0,0.0,212.37876,-1277.614,"",'132944640502103563401,2026-05-20,11122497148,e9d5f00d-8b88-4c05-aa47-58bf801abcf8,100158533914,Reverse,100067767957,1000020421097,11504,1374.29,5.0,1785.0,16.0,1801.0,return_refund,0.0,0.0,0.0,0.0,0.0,0.0,0.0,0.0,NA,0,1614.0
NFT-/XUTR/DEUTH02614027640X,0.0,18.0,18.0,1699.0,756.0,196.258,0.0,1.8,1.8,prepaid,0.72,0.0,0.0,27.0,0.0,31.86,523.562,"",'132982322276578603603,2026-05-20,11129879817,06f53693-a61e-4c3d-9d52-e16195fd2dd3,"",Forward,100075150607,100075150607,11504,720,5.0,849.0,0.0,849.0,packet_delivered,0.0,0.0,0.0,0.0,0.0,0.0,0.0,0.0,NA,0,850.0
NFT-/XUTR/DEUTH02614027640X,49.95,0.0,0.0,3299.0,1049.0,259.942,4.995,0.0,0.0,prepaid,0.999,0.0,0.0,45.0,0.0,53.1,729.964,"",'132950009298277786103,2026-05-20,11123401418,a4bb37da-3477-4d5b-a180-4340b39fe962,"",Forward,100068672224,100068672224,11504,999.05,5.0,2079.0,0.0,2079.0,packet_delivered,0.0,0.0,0.0,0.0,0.0,0.0,0.0,0.0,NA,0,1220.0
NFT-/XUTR/DEUTH02614027640X,72.76,0.0,0.0,1699.0,1528.0,360.608,7.276,0.0,0.0,prepaid,1.455,0.0,0.0,45.0,0.0,53.1,1105.561,"",'132942419945209665903,2026-05-20,11121991368,79345573-ddec-47a3-99a8-539bf7c2146e,"",Forward,100067262179,100067262179,11504,1455.24,5.0,0.0,0.0,0.0,packet_delivered,0.0,0.0,0.0,0.0,0.0,0.0,0.0,0.0,NA,0,1699.0
NFT-/XUTR/DEUTH02614027640X,55.0,0.0,0.0,3299.0,1155.0,286.209,5.5,0.0,0.0,prepaid,1.1,0.0,0.0,45.0,0.0,53.1,809.091,"",'132950765807820384003,2026-05-20,11123624124,645a75a4-d5f8-444f-bdfb-a8f3ab203ab4,"",Forward,100068894930,100068894930,11504,1100,5.0,1973.0,0.0,1973.0,packet_delivered,0.0,0.0,0.0,0.0,0.0,0.0,0.0,0.0,NA,0,1326.0
NFT-/XUTR/DEUTH02614027640X,38.33,0.0,0.0,1799.0,805.0,208.978,3.833,0.0,0.0,prepaid,0.767,127.0,0.0,0.0,0.0,149.86,-741.282,"",'132970393803916264801,2026-05-20,11127917812,658b5bb9-e56e-4623-8eb6-62b1f07f6d22,100158821299,Reverse,100073188604,100073188604,11504,766.67,5.0,900.0,0.0,900.0,return_refund,0.0,0.0,0.0,0.0,0.0,0.0,0.0,0.0,NA,0,899.0
NFT-/XUTR/DEUTH02614027640X,19.05,0.0,0.0,1699.0,351.049,16.57,1.672,0.0,0.0,prepaid,0.334,0.0,0.0,0.0,0.0,0.0,332.473,"",'132946086690480720301,2026-05-20,11122805449,22d96d24-f316-4f4f-923e-698bc1cde7e1,"",Forward,100068076258,100068076258,11504,380.95,5.0,1205.0,0.0,1205.0,packet_delivered,0.0,0.0,0.0,0.0,0.0,0.0,0.0,0.0,NA,0,494.0
NFT-/XUTR/DEUTH02614027640X,40.67,0.0,0.0,1899.0,854.0,221.698,4.067,0.0,0.0,prepaid,0.813,0.0,0.0,27.0,0.0,31.86,595.562,"",'132951721775639230703,2026-05-20,11123883941,0ab266ca-5d00-4d8f-9fbe-0c05cd72e285,"",Forward,100069154746,100069154746,11504,813.33,5.0,951.0,0.0,951.0,packet_delivered,0.0,0.0,0.0,0.0,0.0,0.0,0.0,0.0,NA,0,948.0
NFT-/XUTR/DEUTH02614027640X,17.76,0.0,0.0,1699.0,373.0,17.606,1.776,0.0,0.0,prepaid,0.355,0.0,0.0,0.0,0.0,0.0,353.263,"",'132944703423925945803,2026-05-20,11122514833,618c97aa-8fc6-4ff9-a264-68b031297c36,"",Forward,100067785642,1000020413825,11504,355.24,5.0,1232.0,0.0,1232.0,packet_delivered,0.0,0.0,0.0,0.0,0.0,0.0,0.0,0.0,NA,0,467.0
NFT-/XUTR/DEUTH02614027640X,19.05,0.0,0.0,1499.0,2.13,0.101,0.01,0.0,0.0,prepaid,0.002,0.0,0.0,0.0,0.0,0.0,2.017,"",'132970698554073091903,2026-05-20,11128025612,512f74f9-9438-4b62-b44e-19dce76a9b69,"",Forward,100073296403,1000021273637,11504,380.95,5.0,1005.0,0.0,1005.0,packet_delivered,0.0,0.0,0.0,0.0,0.0,0.0,0.0,0.0,NA,0,494.0
NFT-/XUTR/DEUTH02614027640X,79.38,0.0,0.0,2625.0,1667.0,413.083,7.938,0.0,0.0,prepaid,1.588,182.0,0.0,0.0,0.0,214.76,-1459.151,"",'132962015998174309103,2026-05-20,11126118503,a7aea073-0eeb-4c9e-8b82-46dea9ed1191,11126118503,Reverse,100071389303,100071389303,11504,1587.62,5.0,787.0,0.0,787.0,exchange,0.0,0.0,0.0,0.0,0.0,0.0,0.0,0.0,NA,0,1838.0
NFT-/XUTR/DEUTH02614027640X,30.67,0.0,0.0,1899.0,125.42,32.559,0.597,0.0,0.0,prepaid,0.119,0.0,0.0,5.258,0.0,6.20444,85.941,"",'132950488221006244803,2026-05-20,11123542878,6751bcb5-cb91-4cff-9d2d-ec3a8fe3d797,"",Forward,100068813684,100068813684,11504,613.33,5.0,1161.0,0.0,1161.0,packet_delivered,0.0,0.0,0.0,0.0,0.0,0.0,0.0,0.0,NA,0,738.0
NFT-/XUTR/DEUTH02614027640X,19.67,0.0,0.0,1750.0,413.0,19.494,1.967,0.0,0.0,prepaid,0.393,0.0,0.0,15.0,0.0,17.7,373.446,"",'132943487948516919503,2026-05-20,11122215508,e6a8851a-2ac1-4bbb-865c-514fc2b77edb,"",Forward,100067486318,1000019616857,11504,393.33,5.0,1243.0,0.0,1243.0,packet_delivered,0.0,0.0,0.0,0.0,0.0,0.0,0.0,0.0,NA,0,507.0
NFT-/XUTR/DEUTH02614027640X,29.0,0.0,0.0,1850.0,609.0,158.096,2.9,0.0,0.0,prepaid,0.58,0.0,0.0,27.0,0.0,31.86,415.564,"",'132943742023399537803,2026-05-20,11122273538,3125faaf-7c43-4929-805f-ceeb421fc348,"",Forward,100067544347,100067544347,11504,580,5.0,1147.0,0.0,1147.0,packet_delivered,0.0,0.0,0.0,0.0,0.0,0.0,0.0,0.0,NA,0,703.0
NFT-/XUTR/DEUTH02614027640X,34.29,0.0,0.0,2199.0,720.0,33.984,3.429,0.0,0.0,prepaid,0.686,0.0,0.0,27.0,0.0,31.86,650.041,"",'132953928566811037001,2026-05-20,11124493625,a49112d4-7028-4e4c-b558-0dacb68e94e5,"",Forward,100069764429,1000020953871,11504,685.71,5.0,1385.0,0.0,1385.0,packet_delivered,0.0,0.0,0.0,0.0,0.0,0.0,0.0,0.0,NA,0,814.0
NFT-/XUTR/DEUTH02614027640X,33.48,0.0,0.0,2999.0,703.0,33.182,3.348,0.0,0.0,prepaid,0.67,182.0,0.0,0.0,0.0,214.76,-880.56,"",'132949841124478409603,2026-05-20,11123348522,440a237a-e22f-4ceb-8d9f-c6912fa99b2f,100158393908,Reverse,100068619329,1000020414837,11504,669.52,5.0,2202.0,0.0,2202.0,return_refund,0.0,0.0,0.0,0.0,0.0,0.0,0.0,0.0,NA,0,797.0
NFT-/XUTR/DEUTH02614027640X,22.81,0.0,0.0,1599.0,479.0,22.609,2.281,0.0,0.0,prepaid,0.456,182.0,0.0,0.0,0.0,214.76,-668.414,"",'132946103169635267903,2026-05-20,11122806768,fb6b2083-3308-46d1-bef8-7a8089006144,11122806768,Reverse,100068077577,100068077577,11504,456.19,5.0,1026.0,0.0,1026.0,exchange,0.0,0.0,0.0,0.0,0.0,0.0,0.0,0.0,NA,0,573.0
NFT-/XUTR/DEUTH02614027640X,63.24,0.0,0.0,2999.0,1328.0,329.078,6.324,0.0,0.0,prepaid,1.265,0.0,0.0,45.0,0.0,53.1,938.233,"",'132944913756016375001,2026-05-20,11122575686,d2af6dfe-35f0-4ad7-ad54-99dc593c7d90,"",Forward,100067846495,1000020397293,11504,1264.76,5.0,1500.0,0.0,1500.0,packet_delivered,0.0,0.0,0.0,0.0,0.0,0.0,0.0,0.0,NA,0,1499.0
NFT-/XUTR/DEUTH02614027640X,34.19,0.0,0.0,2899.0,718.0,33.89,3.419,0.0,0.0,prepaid,0.684,0.0,0.0,27.0,0.0,31.86,648.147,"",'132979122141560069003,2026-05-20,11129523996,1704b21d-aa65-45e9-88ba-25205aa9def4,"",Forward,100074794786,1000022039910,11504,683.81,5.0,2087.0,0.0,2087.0,packet_delivered,0.0,0.0,0.0,0.0,0.0,0.0,0.0,0.0,NA,0,812.0
NFT-/XUTR/DEUTH02614027640X,41.38,0.0,0.0,1899.0,869.0,225.592,4.138,0.0,0.0,prepaid,0.828,0.0,0.0,27.0,0.0,31.86,606.582,"",'132949187130349796903,2026-05-20,11123147649,c4129e20-77a8-422a-a712-8e524a4aa3b2,"",Forward,100068418458,1000019873328,11504,827.62,5.0,936.0,0.0,936.0,packet_delivered,0.0,0.0,0.0,0.0,0.0,0.0,0.0,0.0,NA,0,963.0
NFT-/XUTR/DEUTH02614027640X,26.24,0.0,0.0,1750.0,551.0,39.011,2.624,0.0,0.0,prepaid,0.525,0.0,0.0,27.0,0.0,31.86,476.98,"",'132979534358686832501,2026-05-20,11129640936,7a538769-3198-4ff6-9c5d-c5c754624001,"",Forward,100074911726,1000022049990,11504,524.76,5.0,1105.0,0.0,1105.0,packet_delivered,0.0,0.0,0.0,0.0,0.0,0.0,0.0,0.0,NA,0,645.0
NFT-/XUTR/DEUTH02614027640X,18.38,0.0,0.0,1650.0,386.0,18.219,1.838,0.0,0.0,prepaid,0.368,0.0,0.0,0.0,0.0,0.0,365.575,"",'132940440606624108503,2026-05-20,11121516622,17d6b43a-c93f-4cdc-a9dd-cabdc9b7afc7,"",Forward,100066787437,100066787437,11504,367.62,5.0,1205.0,0.0,1205.0,packet_delivered,0.0,0.0,0.0,0.0,0.0,0.0,0.0,0.0,NA,0,445.0
NFT-/XUTR/DEUTH02614027640X,36.81,0.0,0.0,2899.0,773.0,36.486,3.681,0.0,0.0,prepaid,0.736,0.0,0.0,27.0,0.0,31.86,700.237,"",'132962671225234076303,2026-05-20,11126317390,06b50f5f-5137-4305-ab87-c9ca2eea406e,"",Forward,100071588190,1000020999725,11504,736.19,5.0,2032.0,0.0,2032.0,packet_delivered,0.0,0.0,0.0,0.0,0.0,0.0,0.0,0.0,NA,0,867.0
NFT-/XUTR/DEUTH02614027640X,114.95,0.0,0.0,2620.0,2414.0,569.704,11.495,0.0,0.0,prepaid,2.299,182.0,0.0,0.0,0.0,214.76,-2045.262,"",'132946236033950097003,2026-05-20,11122815658,3a40e53d-80f4-4c2a-a044-7b9acd18913a,100159674403,Reverse,100068086467,1000020402033,11504,2299.05,5.0,0.0,0.0,0.0,return_refund,0.0,0.0,0.0,0.0,0.0,0.0,0.0,0.0,NA,0,2620.0
NFT-/XUTR/DEUTH02614027640X,63.19,0.0,0.0,2999.0,23.08,5.719,0.11,0.0,0.0,prepaid,0.022,0.0,0.0,0.783,0.0,0.92394,16.305,"",'132948376096015635303,2026-05-20,11122957464,97b1dea0-be1b-4d68-ab49-4f6eb251d7e6,"",Forward,100068228272,1000020424685,11504,1263.81,5.0,1501.0,0.0,1501.0,packet_delivered,0.0,0.0,0.0,0.0,0.0,0.0,0.0,0.0,NA,0,1498.0
NFT-/XUTR/DEUTH02614027640X,114.95,0.0,0.0,2620.0,2414.0,569.704,11.495,0.0,0.0,prepaid,2.299,0.0,0.0,61.0,0.0,71.98,1758.522,"",'132946236033950097003,2026-05-20,11122815658,3a40e53d-80f4-4c2a-a044-7b9acd18913a,"",Forward,100068086467,1000020402033,11504,2299.05,5.0,0.0,0.0,0.0,packet_delivered,0.0,0.0,0.0,0.0,0.0,0.0,0.0,0.0,NA,0,2620.0
NFT-/XUTR/DEUTH02614027640X,21.91,0.0,0.0,1499.0,460.0,21.712,2.19,0.0,0.0,prepaid,0.438,0.0,0.0,27.0,0.0,31.86,403.8,"",'132941630280691554103,2026-05-20,11121810459,ff1166ac-fdd2-4e05-8588-da2d4ecbe369,"",Forward,100067081271,100067081271,11504,438.1,5.0,945.0,0.0,945.0,packet_delivered,0.0,0.0,0.0,0.0,0.0,0.0,0.0,0.0,NA,0,554.01
NFT-/XUTR/DEUTH02614027640X,64.19,0.0,0.0,3199.0,1.98,0.491,0.009,0.0,0.0,prepaid,0.002,0.0,0.0,0.066,0.0,0.07788,1.4,"",'132940307918988426103,2026-05-20,11121486720,639326db-c00e-44d0-ae95-158aa80bb305,"",Forward,100066757537,100066757537,11504,1283.81,5.0,1680.0,0.0,1680.0,packet_delivered,0.0,0.0,0.0,0.0,0.0,0.0,0.0,0.0,NA,0,1519.0
NFT-/XUTR/DEUTH02614027640X,63.29,0.0,0.0,2999.0,1329.0,329.326,6.329,0.0,0.0,prepaid,1.266,182.0,0.0,0.0,0.0,214.76,-1206.839,"",'132957189601354428003,2026-05-20,11124809151,b73376a0-1b9f-4652-9d30-e2ff9fb01e0f,11124809151,Reverse,100070079955,100070079955,11504,1265.71,5.0,1499.0,0.0,1499.0,exchange,0.0,0.0,0.0,0.0,0.0,0.0,0.0,0.0,NA,0,1500.0
NFT-/XUTR/DEUTH02614027640X,30.71,0.0,0.0,1699.0,645.0,45.666,3.071,0.0,0.0,prepaid,0.614,0.0,0.0,27.0,0.0,31.86,563.789,"",'132947839559839398703,2026-05-20,11122884845,18cdaff6-962c-4a4a-a72f-4b8d4daad3b6,"",Forward,100068155654,100068155654,11504,614.29,5.0,960.0,0.0,960.0,packet_delivered,0.0,0.0,0.0,0.0,0.0,0.0,0.0,0.0,NA,0,739.0
NFT-/XUTR/DEUTH02614027640X,76.52,0.0,0.0,3499.0,1607.0,398.215,7.652,0.0,0.0,prepaid,1.53,106.0,0.0,0.0,0.0,125.08,-1324.683,"",'132979721124366729203,2026-05-20,11129689691,2489f00f-7b00-4316-b7b4-31323c61cf03,100158460409,Reverse,100074960481,1000022027798,11504,1530.48,5.0,1721.0,0.0,1721.0,return_refund,0.0,0.0,0.0,0.0,0.0,0.0,0.0,0.0,NA,0,1778.0
NFT-/XUTR/DEUTH02614027640X,103.48,0.0,0.0,3399.0,2173.0,512.828,10.348,0.0,0.0,prepaid,2.07,0.0,0.0,61.0,0.0,71.98,1575.774,"",'132962671225234076303,2026-05-20,11126317391,06b50f5f-5137-4305-ab87-c9ca2eea406e,"",Forward,100071588191,1000020999725,11504,2069.52,5.0,1020.0,0.0,1020.0,packet_delivered,0.0,0.0,0.0,0.0,0.0,0.0,0.0,0.0,NA,0,2379.0
NFT-/XUTR/DEUTH02614027640X,33.52,0.0,0.0,1599.0,704.0,182.758,3.352,0.0,0.0,prepaid,0.67,0.0,0.0,27.0,0.0,31.86,485.36,"",'132949197572682082501,2026-05-20,11123150570,e1e89242-dee6-459e-9108-1c25d069078c,"",Forward,100068421379,1000019873366,11504,670.48,5.0,801.0,0.0,801.0,packet_delivered,0.0,0.0,0.0,0.0,0.0,0.0,0.0,0.0,NA,0,798.0
NFT-/XUTR/DEUTH02614027640X,30.67,0.0,0.0,1699.0,644.0,167.182,3.067,0.0,0.0,prepaid,0.613,0.0,0.0,27.0,0.0,31.86,441.278,"",'132949197572682082501,2026-05-20,11123150587,e1e89242-dee6-459e-9108-1c25d069078c,"",Forward,100068421396,1000019873366,11504,613.33,5.0,961.0,0.0,961.0,packet_delivered,0.0,0.0,0.0,0.0,0.0,0.0,0.0,0.0,NA,0,738.0
NFT-/XUTR/DEUTH02614027640X,30.71,0.0,0.0,1999.0,645.0,30.443999999999996,3.071,0.0,0.0,prepaid,0.614,0.0,0.0,27.0,0.0,31.86,579.011,"",'132942678097638839803,2026-05-20,11122031809,0799abd6-83d9-43ee-bd88-a8fd3ec9356b,"",Forward,100067302620,100067302620,11504,614.29,5.0,1260.0,0.0,1260.0,packet_delivered,0.0,0.0,0.0,0.0,0.0,0.0,0.0,0.0,NA,0,739.0
NFT-/XUTR/DEUTH02614027640X,63.29,0.0,0.0,2999.0,7.81,1.935,0.037,0.0,0.0,prepaid,0.007,0.0,0.0,0.264,0.0,0.31152,5.519,"",'132971106923776951003,2026-05-20,11128172282,90498704-2a15-411f-9b9a-b3cddf3f91ab,"",Forward,100073443073,100073443073,11504,1265.71,5.0,1499.0,0.0,1499.0,packet_delivered,0.0,0.0,0.0,0.0,0.0,0.0,0.0,0.0,NA,0,1500.0
NFT-/XUTR/DEUTH02614027640X,19.67,0.0,0.0,1750.0,413.0,19.494,1.967,0.0,0.0,prepaid,0.393,182.0,0.0,0.0,0.0,214.76,-605.906,"",'132943487948516919503,2026-05-20,11122215508,e6a8851a-2ac1-4bbb-865c-514fc2b77edb,11122215508,Reverse,100067486318,1000019616857,11504,393.33,5.0,1243.0,0.0,1243.0,exchange,0.0,0.0,0.0,0.0,0.0,0.0,0.0,0.0,NA,0,507.0
NFT-/XUTR/DEUTH02614027640X,0.0,27.91,27.91,2899.0,1172.0,290.422,0.0,2.7905,2.7905,prepaid,1.116,0.0,0.0,45.0,0.0,53.1,821.781,"",'132981721871174643503,2026-05-20,11129856963,eb1f2557-564b-49c0-a7dc-c4a5c8f6757a,"",Forward,100075127753,1000022033688,11504,1116.2,5.0,1556.0,0.0,1556.0,packet_delivered,0.0,0.0,0.0,0.0,0.0,0.0,0.0,0.0,NA,0,1343.0200000000002
NFT-/XUTR/DEUTH02614027640X,0.0,27.91,27.91,2899.0,1172.0,290.422,0.0,2.7905,2.7905,prepaid,1.116,106.0,0.0,0.0,0.0,125.08,-999.961,"",'132981721871174643503,2026-05-20,11129856963,eb1f2557-564b-49c0-a7dc-c4a5c8f6757a,100158553822,Reverse,100075127753,1000022033688,11504,1116.2,5.0,1556.0,0.0,1556.0,return_refund,0.0,0.0,0.0,0.0,0.0,0.0,0.0,0.0,NA,0,1343.0200000000002
NFT-/XUTR/DEUTH02614027640X,59.0,0.0,0.0,2999.0,1239.0,307.024,5.9,0.0,0.0,prepaid,1.18,0.0,0.0,45.0,0.0,53.1,871.796,"",'132949349425857731303,2026-05-20,11123195250,42913568-ff0c-4ca3-9d40-fa8acf7047f2,"",Forward,100068466057,100068466057,11504,1180,5.0,1589.0,0.0,1589.0,packet_delivered,0.0,0.0,0.0,0.0,0.0,0.0,0.0,0.0,NA,0,1410.0
NFT-/XUTR/DEUTH02614027640X,70.38,0.0,0.0,3299.0,1278.0,316.688,6.086,0.0,0.0,prepaid,1.217,0.0,0.0,38.911,0.0,45.91498,908.094,"",'132979922383577861801,2026-05-20,11129739815,f6ad3b1f-dbb7-4dd8-8ac5-47333e177677,"",Forward,100075010605,100075010605,11504,1407.62,5.0,1650.0,200.0,1850.0,packet_delivered,0.0,0.0,0.0,0.0,0.0,0.0,0.0,0.0,NA,0,1649.0
NFT-/XUTR/DEUTH02614027640X,23.29,0.0,0.0,2099.0,489.0,23.081,2.329,0.0,0.0,prepaid,0.466,0.0,0.0,6.0,0.0,7.08,456.044,"",'132984329701588856601,2026-05-20,11130236369,25bd219e-700d-4784-b505-4df16ca1378e,"",Forward,100075507159,100075507159,11504,465.71,5.0,1516.0,0.0,1516.0,packet_delivered,0.0,0.0,0.0,0.0,0.0,0.0,0.0,0.0,NA,0,583.0
NFT-/XUTR/DEUTH02614027640X,34.81,0.0,0.0,3399.0,731.0,34.503,3.481,0.0,0.0,prepaid,0.696,0.0,0.0,27.0,2.705,35.0519,657.268,"",'132983693409031757503,2026-05-20,11130089451,9704269e-3ddd-4e43-98d3-70fbede6236e,"",Forward,100075360241,100075360241,11504,696.19,5.0,2574.0,0.0,2574.0,packet_delivered,0.0,0.0,0.0,0.0,0.0,0.0,0.0,0.0,NA,0,825.0
NFT-/XUTR/DEUTH02614027640X,90.14,0.0,0.0,2999.0,1893.0000000000002,469.085,9.014,0.0,0.0,prepaid,1.803,182.0,0.0,0.0,0.0,214.76,-1627.858,"",'132946236033950097003,2026-05-20,11122815653,3a40e53d-80f4-4c2a-a044-7b9acd18913a,100158550265,Reverse,100068086462,1000020402033,11504,1802.86,5.0,900.0,0.0,900.0,return_refund,0.0,0.0,0.0,0.0,0.0,0.0,0.0,0.0,NA,0,2099.0
NFT-/XUTR/DEUTH02614027640X,40.71,0.0,0.0,1899.0,855.0,211.869,4.071,0.0,0.0,prepaid,0.814,127.0,0.0,0.0,0.0,149.86,-788.106,"",'132970339253965936603,2026-05-20,11127899328,affdde56-04c4-43b4-b329-e16b06725ecf,11127899328,Reverse,100073170119,100073170119,11504,814.29,5.0,950.0,0.0,950.0,exchange,0.0,0.0,0.0,0.0,0.0,0.0,0.0,0.0,NA,0,949.0
NFT-/XUTR/DEUTH02614027640X,49.76,0.0,0.0,2599.0,804.12,199.261,3.829,0.0,0.0,prepaid,0.766,81.566,0.0,0.0,0.0,96.24788,-696.512,"",'132977348507542130001,2026-05-20,11129100636,35637e3d-6573-455b-b754-3e625c2dbaa8,100158468746,Reverse,100074371427,1000022044800,11504,995.24,5.0,1383.0,0.0,1383.0,return_refund,0.0,0.0,0.0,0.0,0.0,0.0,0.0,0.0,NA,0,1216.0
NFT-/XUTR/DEUTH02614027640X,55.57,0.0,0.0,2999.0,1167.0,289.183,5.557,0.0,0.0,prepaid,1.111,0.0,0.0,45.0,0.0,53.1,818.049,"",'132944410775358862801,2026-05-20,11122434147,ba01537d-68ad-4256-8f22-f1fc4e8ea823,"",Forward,100067704956,1000020408187,11504,1111.43,5.0,1661.0,0.0,1661.0,packet_delivered,0.0,0.0,0.0,0.0,0.0,0.0,0.0,0.0,NA,0,1338.0
NFT-/XUTR/DEUTH02614027640X,27.29,0.0,0.0,1999.0,573.0,40.568,2.729,0.0,0.0,prepaid,0.546,0.0,0.0,27.0,0.0,31.86,497.297,"",'132977913464282318303,2026-05-20,11129224506,f983c2d3-0905-427e-b0fb-0194b297af19,"",Forward,100074495296,100074495296,11504,545.71,5.0,1332.0,0.0,1332.0,packet_delivered,0.0,0.0,0.0,0.0,0.0,0.0,0.0,0.0,NA,0,667.0
NFT-/XUTR/DEUTH02614027640X,70.38,0.0,0.0,3299.0,1478.0,366.248,7.038,0.0,0.0,prepaid,1.408,0.0,0.0,45.0,0.0,53.1,1050.206,"",'132962184852648308003,2026-05-20,11126172728,b91d9f49-59ac-4e9b-88a0-090594edf0f2,"",Forward,100071443528,1000020969508,11504,1407.62,5.0,1650.0,0.0,1650.0,packet_delivered,0.0,0.0,0.0,0.0,0.0,0.0,0.0,0.0,NA,0,1649.0
NFT-/XUTR/DEUTH02614027640X,70.38,0.0,0.0,3299.0,1478.0,366.248,7.038,0.0,0.0,prepaid,1.408,106.0,0.0,0.0,0.0,125.08,-1228.386,"",'132979976359254693201,2026-05-20,11129750279,ef800b30-9885-4662-9252-a76bb6d5340a,100159281432,Reverse,100075021069,100075021069,11504,1407.62,5.0,1650.0,0.0,1650.0,return_refund,0.0,0.0,0.0,0.0,0.0,0.0,0.0,0.0,NA,0,1649.0
NFT-/XUTR/DEUTH02614027640X,63.29,0.0,0.0,2999.0,1329.0,329.326,6.329,0.0,0.0,prepaid,1.266,0.0,0.0,45.0,0.0,53.1,938.979,"",'132981944358569646901,2026-05-20,11129862302,ac861c8b-497a-4193-9ca3-f4d4fe6f74e5,"",Forward,100075133092,1000022037144,11504,1265.71,5.0,1499.0,0.0,1499.0,packet_delivered,0.0,0.0,0.0,0.0,0.0,0.0,0.0,0.0,NA,0,1500.0
NFT-/XUTR/DEUTH02614027640X,36.81,0.0,0.0,2899.0,773.0,36.486,3.681,0.0,0.0,prepaid,0.736,182.0,0.0,0.0,0.0,214.76,-946.857,"",'132962671225234076303,2026-05-20,11126317390,06b50f5f-5137-4305-ab87-c9ca2eea406e,100159225957,Reverse,100071588190,1000020999725,11504,736.19,5.0,2032.0,0.0,2032.0,return_refund,0.0,0.0,0.0,0.0,0.0,0.0,0.0,0.0,NA,0,867.0
NFT-/XUTR/DEUTH02614027640X,55.14,0.0,0.0,1899.0,1158.0,273.288,5.514,0.0,0.0,prepaid,1.103,0.0,0.0,45.0,0.0,53.1,824.995,"",'132950671834866478801,2026-05-20,11123597070,cb22e018-08be-44c2-a453-ace20cf29a04,"",Forward,100068867876,100068867876,11504,1102.86,5.0,570.0,0.0,570.0,packet_delivered,0.0,0.0,0.0,0.0,0.0,0.0,0.0,0.0,NA,0,1329.0
NFT-/XUTR/DEUTH02614027640X,21.91,0.0,0.0,1499.0,460.0,21.712,2.19,0.0,0.0,prepaid,0.438,0.0,0.0,27.0,0.0,31.86,403.8,"",'132927329146736138101,2026-05-20,11119442352,e3934b28-3520-4f98-ac30-f5c83816709d,"",Forward,100064713182,100064713182,11504,438.1,5.0,945.0,0.0,945.0,packet_delivered,0.0,0.0,0.0,0.0,0.0,0.0,0.0,0.0,NA,0,554.01
NFT-/XUTR/DEUTH02614027640X,104.0,0.0,0.0,6399.0,2184.0,515.424,10.4,0.0,0.0,prepaid,2.08,0.0,0.0,61.0,0.0,71.98,1584.116,"",'132974264076208544301,2026-05-20,11128451548,d487815d-3814-4d02-8b0f-f493173a70a9,"",Forward,100073722339,100073722339,11504,2080,5.0,3903.0,0.0,3903.0,packet_delivered,0.0,0.0,0.0,0.0,0.0,0.0,0.0,0.0,NA,0,2496.0
NFT-/XUTR/DEUTH02614027640X,34.67,0.0,0.0,1799.0,567.87,147.419,2.704,0.0,0.0,prepaid,0.541,0.0,0.0,21.061,0.0,24.85198,392.354,"",'132978839180835509303,2026-05-20,11129449967,5ad5dd55-e328-4315-a72c-5b504852f4be,"",Forward,100074720757,100074720757,11504,693.33,5.0,977.0,0.0,977.0,packet_delivered,0.0,0.0,0.0,0.0,0.0,0.0,0.0,0.0,NA,0,822.0
NFT-/XUTR/DEUTH02614027640X,33.57,0.0,0.0,1599.0,705.0,183.018,3.357,0.0,0.0,prepaid,0.671,182.0,0.0,0.0,0.0,214.76,-732.714,"",'132944213349453072703,2026-05-20,11122384465,471ce5ea-bce2-4f3e-9edb-e9098426d8d1,100158442192,Reverse,100067655274,100067655274,11504,671.43,5.0,800.0,0.0,800.0,return_refund,0.0,0.0,0.0,0.0,0.0,0.0,0.0,0.0,NA,0,799.0
NFT-/XUTR/DEUTH02614027640X,37.14,0.0,0.0,1750.0,780.0,202.488,3.714,0.0,0.0,prepaid,0.743,0.0,0.0,27.0,0.0,31.86,541.195,"",'132949973291952707701,2026-05-20,11123390281,0ba0aa90-032b-40ce-9489-ce3ceaf6be94,"",Forward,100068661087,100068661087,11504,742.86,5.0,876.0,0.0,876.0,packet_delivered,0.0,0.0,0.0,0.0,0.0,0.0,0.0,0.0,NA,0,874.0
NFT-/XUTR/DEUTH02614027640X,0.0,27.91,27.91,2899.0,1172.0,290.422,0.0,2.7905,2.7905,prepaid,1.116,106.0,0.0,0.0,0.0,125.08,-999.961,"",'132981721871174643503,2026-05-20,11129856962,eb1f2557-564b-49c0-a7dc-c4a5c8f6757a,100158553872,Reverse,100075127752,1000022033688,11504,1116.2,5.0,1556.0,0.0,1556.0,return_refund,0.0,0.0,0.0,0.0,0.0,0.0,0.0,0.0,NA,0,1343.0200000000002
NFT-/XUTR/DEUTH02614027640X,34.33,0.0,0.0,2999.0,721.0,34.031,3.433,0.0,0.0,prepaid,0.687,127.0,0.0,0.0,0.0,149.86,-832.709,"",'132959398147845008801,2026-05-20,11125395752,7e8b786a-6392-48af-8de9-bb96e57a0755,100158442924,Reverse,100070666553,100070666553,11504,686.67,5.0,2184.0,0.0,2184.0,return_refund,0.0,0.0,0.0,0.0,0.0,0.0,0.0,0.0,NA,0,815.0
NFT-/XUTR/DEUTH02614027640X,36.52,0.0,0.0,2499.0,767.0,36.202,3.652,0.0,0.0,prepaid,0.73,182.0,0.0,0.0,0.0,214.76,-941.176,"",'132949841124478409603,2026-05-20,11123348528,440a237a-e22f-4ceb-8d9f-c6912fa99b2f,100158505175,Reverse,100068619335,1000020414837,11504,730.48,5.0,1638.0,0.0,1638.0,return_refund,0.0,0.0,0.0,0.0,0.0,0.0,0.0,0.0,NA,0,861.0
NFT-/XUTR/DEUTH02614027640X,30.71,0.0,0.0,2299.0,645.0,30.443999999999996,3.071,0.0,0.0,prepaid,0.614,0.0,0.0,27.0,0.0,31.86,579.011,"",'132974086364626227801,2026-05-20,11128428139,bfdd1fee-38b8-408c-9836-525d31b4e622,"",Forward,100073698930,100073698930,11504,614.29,5.0,1560.0,0.0,1560.0,packet_delivered,0.0,0.0,0.0,0.0,0.0,0.0,0.0,0.0,NA,0,739.0
NFT-/XUTR/DEUTH02614027640X,35.29,0.0,0.0,3499.0,741.0,34.97500000000001,3.529,0.0,0.0,prepaid,0.706,0.0,0.0,27.0,0.0,31.86,669.93,"",'132945393672251268101,2026-05-20,11122705919,bd5ff5f3-c168-4e75-84e2-e44382d3275c,"",Forward,100067976728,1000020422586,11504,705.71,5.0,2664.0,0.0,2664.0,packet_delivered,0.0,0.0,0.0,0.0,0.0,0.0,0.0,0.0,NA,0,835.0
NFT-/XUTR/DEUTH02614027640X,55.14,0.0,0.0,1899.0,1158.0,273.288,5.514,0.0,0.0,prepaid,1.103,182.0,0.0,0.0,0.0,214.76,-1092.855,"",'132950671834866478801,2026-05-20,11123597070,cb22e018-08be-44c2-a453-ace20cf29a04,11123597070,Reverse,100068867876,100068867876,11504,1102.86,5.0,570.0,0.0,570.0,exchange,0.0,0.0,0.0,0.0,0.0,0.0,0.0,0.0,NA,0,1329.0
NFT-/XUTR/DEUTH02614027640X,27.19,0.0,0.0,1799.0,571.0,148.232,2.719,0.0,0.0,prepaid,0.544,182.0,0.0,0.0,0.0,214.76,-634.265,"",'132943949939258056503,2026-05-20,11122321616,b5492ee5-9f79-48d4-93b9-9db4cb9ba19a,100158414553,Reverse,100067592425,100067592425,11504,543.81,5.0,1134.0,0.0,1134.0,return_refund,0.0,0.0,0.0,0.0,0.0,0.0,0.0,0.0,NA,0,665.0
NFT-/XUTR/DEUTH02614027640X,70.43,0.0,0.0,3299.0,1479.0,366.496,7.043,0.0,0.0,prepaid,1.409,0.0,0.0,45.0,0.0,53.1,1050.952,"",'132952508268436399903,2026-05-20,11124082800,f4ffd25c-ce42-448c-a520-0f793b1af3d4,"",Forward,100069353605,100069353605,11504,1408.57,5.0,1649.0,0.0,1649.0,packet_delivered,0.0,0.0,0.0,0.0,0.0,0.0,0.0,0.0,NA,0,1650.0
NFT-/XUTR/DEUTH02614027640X,34.67,0.0,0.0,2599.0,728.0,34.362,3.467,0.0,0.0,prepaid,0.693,0.0,0.0,27.0,0.0,31.86,657.618,"",'132977969892563093801,2026-05-20,11129237664,a8256ac7-1008-49ce-9197-798d5b5776e1,"",Forward,100074508455,1000022038499,11504,693.33,5.0,1777.0,0.0,1777.0,packet_delivered,0.0,0.0,0.0,0.0,0.0,0.0,0.0,0.0,NA,0,822.0
NFT-/XUTR/DEUTH02614027640X,37.86,0.0,0.0,2750.0,795.0,37.524,3.786,0.0,0.0,prepaid,0.757,0.0,0.0,27.0,0.0,31.86,721.073,"",'132944725730443914403,2026-05-20,11122521081,c8cd609d-9a90-4d18-9994-3991aec7c714,"",Forward,100067791890,100067791890,11504,757.14,5.0,1784.0,0.0,1784.0,packet_delivered,0.0,0.0,0.0,0.0,0.0,0.0,0.0,0.0,NA,0,966.0
NFT-/XUTR/DEUTH02614027640X,25.48,0.0,0.0,1699.0,535.0,37.878,2.548,0.0,0.0,prepaid,0.51,182.0,0.0,0.0,0.0,214.76,-708.824,"",'132948087165452892703,2026-05-20,11122913184,70db140a-ac0c-4346-b37c-00de4541d895,11122913184,Reverse,100068183993,1000020412433,11504,509.52,5.0,1070.0,0.0,1070.0,exchange,0.0,0.0,0.0,0.0,0.0,0.0,0.0,0.0,NA,0,629.0
NFT-/XUTR/DEUTH02614027640X,20.0,0.0,0.0,1499.0,420.0,19.824,2.0,0.0,0.0,prepaid,0.4,0.0,0.0,15.0,0.0,17.7,380.076,"",'132950833021293694201,2026-05-20,11123643216,bffdbe64-4b96-4a26-871d-5454d9175a0b,"",Forward,100068914022,1000019991273,11504,400,5.0,985.0,0.0,985.0,packet_delivered,0.0,0.0,0.0,0.0,0.0,0.0,0.0,0.0,NA,0,514.0
NFT-/XUTR/DEUTH02614027640X,55.14,0.0,0.0,1899.0,1158.0,273.288,5.514,0.0,0.0,prepaid,1.103,0.0,0.0,45.0,0.0,53.1,824.995,"",'132967931075917165801,2026-05-20,11127187172,fc088446-93d3-4177-9f10-91e13cea41e1,"",Forward,100072457966,100072457966,11504,1102.86,5.0,570.0,0.0,570.0,packet_delivered,0.0,0.0,0.0,0.0,0.0,0.0,0.0,0.0,NA,0,1329.0
NFT-/XUTR/DEUTH02614027640X,83.71,0.0,0.0,1999.0,1758.0,414.888,8.371,0.0,0.0,prepaid,1.674,127.0,0.0,0.0,0.0,149.86,-1482.927,"",'132975619888503184603,2026-05-20,11128716944,6487d900-c82f-477a-86b1-90d1e211004b,100158484874,Reverse,100073987735,100073987735,11504,1674.29,5.0,70.0,0.0,70.0,return_refund,0.0,0.0,0.0,0.0,0.0,0.0,0.0,0.0,NA,0,1929.0
NFT-/XUTR/DEUTH02614027640X,41.38,0.0,0.0,1899.0,869.0,225.592,4.138,0.0,0.0,prepaid,0.828,0.0,0.0,27.0,0.0,31.86,606.582,"",'132958469932225957501,2026-05-20,11125132984,9eb647b3-7925-4c7b-8585-7e955aba173b,"",Forward,100070403785,1000020402001,11504,827.62,5.0,936.0,0.0,936.0,packet_delivered,0.0,0.0,0.0,0.0,0.0,0.0,0.0,0.0,NA,0,963.0
NFT-/XUTR/DEUTH02614027640X,24.76,0.0,0.0,2099.0,520.0,24.544,2.476,0.0,0.0,prepaid,0.495,182.0,0.0,0.0,0.0,214.76,-707.245,"",'132950148258648847803,2026-05-20,11123442507,2772c808-99ea-464c-b2fa-1dc0485dc3d3,100158475944,Reverse,100068713313,1000020410788,11504,495.24,5.0,1485.0,0.0,1485.0,return_refund,0.0,0.0,0.0,0.0,0.0,0.0,0.0,0.0,NA,0,614.0
NFT-/XUTR/DEUTH02614027640X,34.76,0.0,0.0,2699.0,730.0,34.456,3.476,0.0,0.0,prepaid,0.695,0.0,0.0,27.0,0.0,31.86,659.513,"",'132950740896226593803,2026-05-20,11123617052,a49ab7dd-93e4-40c7-b759-e33a79e5f439,"",Forward,100068887858,1000020420459,11504,695.24,5.0,1875.0,0.0,1875.0,packet_delivered,0.0,0.0,0.0,0.0,0.0,0.0,0.0,0.0,NA,0,824.0
NFT-/XUTR/DEUTH02614027640X,0.0,18.0,18.0,1699.0,756.0,196.258,0.0,1.8,1.8,prepaid,0.72,106.0,0.0,0.0,0.0,125.08,-680.502,"",'132982322276578603603,2026-05-20,11129879817,06f53693-a61e-4c3d-9d52-e16195fd2dd3,100158652571,Reverse,100075150607,100075150607,11504,720,5.0,849.0,0.0,849.0,return_refund,0.0,0.0,0.0,0.0,0.0,0.0,0.0,0.0,NA,0,850.0
NFT-/XUTR/DEUTH02614027640X,38.33,0.0,0.0,1799.0,805.0,208.978,3.833,0.0,0.0,prepaid,0.767,0.0,0.0,27.0,0.0,31.86,559.562,"",'132944392421267319001,2026-05-20,11122429404,294545b1-0488-4ce4-a22d-c477a07f54c2,"",Forward,100067700213,1000019670164,11504,766.67,5.0,900.0,0.0,900.0,packet_delivered,0.0,0.0,0.0,0.0,0.0,0.0,0.0,0.0,NA,0,899.0
NFT-/XUTR/DEUTH02614027640X,0.0,31.6,31.6,2999.0,1327.0,328.831,0.0,3.1595,3.1595,prepaid,1.264,106.0,0.0,0.0,0.0,125.08,-1115.666,"",'132981721871174643503,2026-05-20,11129856964,eb1f2557-564b-49c0-a7dc-c4a5c8f6757a,100158553738,Reverse,100075127754,1000022033688,11504,1263.8,5.0,1501.0,0.0,1501.0,return_refund,0.0,0.0,0.0,0.0,0.0,0.0,0.0,0.0,NA,0,1497.9999999999998
NFT-/XUTR/DEUTH02614027640X,63.29,0.0,0.0,2999.0,1329.0,329.326,6.329,0.0,0.0,prepaid,1.266,182.0,0.0,0.0,0.0,214.76,-1206.839,"",'132962914213591814403,2026-05-20,11126369572,195b2e88-21e5-4579-b8e6-12aff11ff873,11126369572,Reverse,100071640372,100071640372,11504,1265.71,5.0,1499.0,0.0,1499.0,exchange,0.0,0.0,0.0,0.0,0.0,0.0,0.0,0.0,NA,0,1500.0
NFT-/XUTR/DEUTH02614027640X,55.19,0.0,0.0,1899.0,1159.0,273.524,5.519,0.0,0.0,prepaid,1.104,0.0,0.0,45.0,0.0,53.1,825.753,"",'132952404482906948903,2026-05-20,11124056368,b8d89eb9-4e9d-445b-81f1-a25364acd950,"",Forward,100069327173,1000020074767,11504,1103.81,5.0,569.0,0.0,569.0,packet_delivered,0.0,0.0,0.0,0.0,0.0,0.0,0.0,0.0,NA,0,1330.0
NFT-/XUTR/DEUTH02614027640X,34.33,0.0,0.0,3299.0,721.0,34.031,3.433,0.0,0.0,prepaid,0.687,0.0,0.0,27.0,0.0,31.86,650.989,"",'132953928566811037001,2026-05-20,11124493627,a49112d4-7028-4e4c-b558-0dacb68e94e5,"",Forward,100069764431,1000020953871,11504,686.67,5.0,2484.0,0.0,2484.0,packet_delivered,0.0,0.0,0.0,0.0,0.0,0.0,0.0,0.0,NA,0,815.0
NFT-/XUTR/DEUTH02614027640X,55.14,0.0,0.0,1899.0,1158.0,273.288,5.514,0.0,0.0,prepaid,1.103,106.0,0.0,0.0,0.0,125.08,-1003.175,"",'132979299596678658801,2026-05-20,11129574658,2f0ba05e-998d-47bd-96dc-07b41a2aa2db,11129574658,Reverse,100074845448,100074845448,11504,1102.86,5.0,570.0,0.0,570.0,exchange,0.0,0.0,0.0,0.0,0.0,0.0,0.0,0.0,NA,0,1329.0
NFT-/XUTR/DEUTH02614027640X,27.86,0.0,0.0,1799.0,585.0,41.418,2.786,0.0,0.0,prepaid,0.557,106.0,0.0,0.0,0.0,125.08,-665.319,"",'132979456345134369503,2026-05-20,11129619297,15753b2a-c9c0-46de-835f-331bbfced5a5,100158601984,Reverse,100074890087,100074890087,11504,557.14,5.0,1120.0,0.0,1120.0,return_refund,0.0,0.0,0.0,0.0,0.0,0.0,0.0,0.0,NA,0,679.0
NFT-/XUTR/DEUTH02614027640X,32.91,0.0,0.0,1699.0,691.0,179.384,3.29,0.0,0.0,prepaid,0.658,0.0,0.0,27.0,0.0,31.86,475.808,"",'132949490572414909603,2026-05-20,11123238935,d29eaa80-0222-4d35-9a16-d42223540c7f,"",Forward,100068509742,100068509742,11504,658.1,5.0,914.0,0.0,914.0,packet_delivered,0.0,0.0,0.0,0.0,0.0,0.0,0.0,0.0,NA,0,785.01
NFT-/XUTR/DEUTH02614027640X,37.14,0.0,0.0,1750.0,780.0,202.488,3.714,0.0,0.0,prepaid,0.743,0.0,0.0,27.0,0.0,31.86,541.195,"",'132950163409017659703,2026-05-20,11123447335,81dbce3a-8113-4b18-9a49-9bf42dcf880b,"",Forward,100068718141,100068718141,11504,742.86,5.0,876.0,0.0,876.0,packet_delivered,0.0,0.0,0.0,0.0,0.0,0.0,0.0,0.0,NA,0,874.0
NFT-/XUTR/DEUTH02614027640X,51.1,0.0,0.0,1750.0,1073.0,253.228,5.11,0.0,0.0,prepaid,1.022,0.0,0.0,45.0,0.0,53.1,760.54,"",'132952404482906948903,2026-05-20,11124056367,b8d89eb9-4e9d-445b-81f1-a25364acd950,"",Forward,100069327172,1000020074767,11504,1021.9,5.0,506.0,0.0,506.0,packet_delivered,0.0,0.0,0.0,0.0,0.0,0.0,0.0,0.0,NA,0,1244.0
NFT-/XUTR/DEUTH02614027640X,70.38,0.0,0.0,3299.0,431.57,106.943,2.055,0.0,0.0,prepaid,0.411,0.0,0.0,13.14,0.0,15.5052,306.656,"",'132977630218334070403,2026-05-20,11129160703,62f25db3-4895-42cf-8e4a-ee123f7d2b96,"",Forward,100074431493,1000022047880,11504,1407.62,5.0,1650.0,0.0,1650.0,packet_delivered,0.0,0.0,0.0,0.0,0.0,0.0,0.0,0.0,NA,0,1649.0
NFT-/XUTR/DEUTH02614027640X,33.19,0.0,0.0,2499.0,697.0,32.898,3.319,0.0,0.0,prepaid,0.664,182.0,0.0,0.0,0.0,214.76,-874.879,"",'132949841124478409603,2026-05-20,11123348521,440a237a-e22f-4ceb-8d9f-c6912fa99b2f,100158394075,Reverse,100068619328,1000020414837,11504,663.81,5.0,1708.0,0.0,1708.0,return_refund,0.0,0.0,0.0,0.0,0.0,0.0,0.0,0.0,NA,0,791.0
NFT-/XUTR/DEUTH02614027640X,20.48,0.0,0.0,2499.0,430.0,20.296000000000003,2.048,0.0,0.0,prepaid,0.41,0.0,0.0,0.0,0.0,0.0,407.246,"",'132950245930059673603,2026-05-20,11123471138,363592fa-bdd7-4c47-b242-dea742c52ade,"",Forward,100068741944,100068741944,11504,409.52,5.0,2001.0,0.0,2001.0,packet_delivered,0.0,0.0,0.0,0.0,0.0,0.0,0.0,0.0,NA,0,498.0
NFT-/XUTR/DEUTH02614027640X,63.29,0.0,0.0,2999.0,1329.0,329.326,6.329,0.0,0.0,prepaid,1.266,0.0,0.0,45.0,0.0,53.1,938.979,"",'132977051852814483403,2026-05-20,11129036538,9a199e7b-ab7e-493c-bf80-93380425af43,"",Forward,100074307329,100074307329,11504,1265.71,5.0,1499.0,0.0,1499.0,packet_delivered,0.0,0.0,0.0,0.0,0.0,0.0,0.0,0.0,NA,0,1500.0
NFT-/XUTR/DEUTH02614027640X,19.05,0.0,0.0,1699.0,400.0,18.88,1.905,0.0,0.0,prepaid,0.381,0.0,0.0,0.0,0.0,0.0,378.834,"",'132952209866089310101,2026-05-20,11124007917,27b3deae-f1f9-4a48-98f5-a72cc024875e,"",Forward,100069278722,100069278722,11504,380.95,5.0,1205.0,0.0,1205.0,packet_delivered,0.0,0.0,0.0,0.0,0.0,0.0,0.0,0.0,NA,0,494.0
NFT-/XUTR/DEUTH02614027640X,0.0,14.95,14.95,1899.0,628.0,44.462,0.0,1.495,1.495,prepaid,0.598,0.0,0.0,27.0,5.275,38.0845,541.866,"",'132984279329661558001,2026-05-20,11130225052,0c56c5ce-5b38-43dc-acfb-4028ccf3e038,"",Forward,100075495842,100075495842,11504,598.1,5.0,1177.0,0.0,1177.0,packet_delivered,0.0,0.0,0.0,0.0,0.0,0.0,0.0,0.0,NA,0,722.0000000000001
NFT-/XUTR/DEUTH02614027640X,33.57,0.0,0.0,1599.0,705.0,183.018,3.357,0.0,0.0,prepaid,0.671,0.0,0.0,27.0,0.0,31.86,486.094,"",'132943275958122921803,2026-05-20,11122167521,27f2b889-e974-4202-94de-8b1d22c04331,"",Forward,100067438331,100067438331,11504,671.43,5.0,800.0,0.0,800.0,packet_delivered,0.0,0.0,0.0,0.0,0.0,0.0,0.0,0.0,NA,0,799.0
NFT-/XUTR/DEUTH02614027640X,36.57,0.0,0.0,1699.0,768.0,199.373,3.657,0.0,0.0,prepaid,0.731,106.0,0.0,0.0,0.0,125.08,-689.319,"",'132982792990904343303,2026-05-20,11129928442,4fb45b62-db7c-4938-b753-69e326d59473,100158576215,Reverse,100075199232,100075199232,11504,731.43,5.0,837.0,0.0,837.0,return_refund,0.0,0.0,0.0,0.0,0.0,0.0,0.0,0.0,NA,0,862.0
NFT-/XUTR/DEUTH02614027640X,59.0,0.0,0.0,2999.0,1239.0,307.024,5.9,0.0,0.0,prepaid,1.18,0.0,0.0,45.0,0.0,53.1,871.796,"",'132945891236488727801,2026-05-20,11122787771,ecdbec8b-a6e8-406c-b4cc-20f2fff75010,"",Forward,100068058580,100068058580,11504,1180,5.0,1589.0,0.0,1589.0,packet_delivered,0.0,0.0,0.0,0.0,0.0,0.0,0.0,0.0,NA,0,1410.0
NFT-/XUTR/DEUTH02614027640X,63.19,0.0,0.0,2999.0,1327.0,328.831,6.319,0.0,0.0,prepaid,1.264,182.0,0.0,0.0,0.0,214.76,-1205.346,"",'132950239044763589501,2026-05-20,11123469128,fff1edc0-9380-44d4-a8b8-086ab5cf28ee,100158550374,Reverse,100068739934,1000020413022,11504,1263.81,5.0,1501.0,0.0,1501.0,return_refund,0.0,0.0,0.0,0.0,0.0,0.0,0.0,0.0,NA,0,1498.0
NFT-/XUTR/DEUTH02614027640X,41.38,0.0,0.0,1899.0,869.0,225.592,4.138,0.0,0.0,prepaid,0.828,0.0,0.0,27.0,0.0,31.86,606.582,"",'132951670292746771803,2026-05-20,11123870592,cc0bf102-851b-4846-857b-85732f92bf78,"",Forward,100069141397,1000020054324,11504,827.62,5.0,936.0,0.0,936.0,packet_delivered,0.0,0.0,0.0,0.0,0.0,0.0,0.0,0.0,NA,0,963.0
NFT-/XUTR/DEUTH02614027640X,24.76,0.0,0.0,2099.0,520.0,24.544,2.476,0.0,0.0,prepaid,0.495,0.0,0.0,7.0,0.0,8.26,484.225,"",'132950148258648847803,2026-05-20,11123442507,2772c808-99ea-464c-b2fa-1dc0485dc3d3,"",Forward,100068713313,1000020410788,11504,495.24,5.0,1485.0,0.0,1485.0,packet_delivered,0.0,0.0,0.0,0.0,0.0,0.0,0.0,0.0,NA,0,614.0
NFT-/XUTR/DEUTH02614027640X,35.29,0.0,0.0,2599.0,741.0,34.97500000000001,3.529,0.0,0.0,prepaid,0.706,0.0,0.0,27.0,0.0,31.86,669.93,"",'132984099057392452003,2026-05-20,11130182266,7503d905-37f9-4999-810e-593651400b42,"",Forward,100075453056,100075453056,11504,705.71,5.0,1764.0,0.0,1764.0,packet_delivered,0.0,0.0,0.0,0.0,0.0,0.0,0.0,0.0,NA,0,835.0
NFT-/XUTR/DEUTH02614027640X,34.71,0.0,0.0,2499.0,729.0,34.40899999999999,3.471,0.0,0.0,prepaid,0.694,182.0,0.0,0.0,0.0,214.76,-905.186,"",'132949841124478409603,2026-05-20,11123348526,440a237a-e22f-4ceb-8d9f-c6912fa99b2f,100158393713,Reverse,100068619333,1000020414837,11504,694.29,5.0,1676.0,0.0,1676.0,return_refund,0.0,0.0,0.0,0.0,0.0,0.0,0.0,0.0,NA,0,823.0
NFT-/XUTR/DEUTH02614027640X,55.19,0.0,0.0,1899.0,1159.0,273.524,5.519,0.0,0.0,prepaid,1.104,0.0,0.0,45.0,0.0,53.1,825.753,"",'132951297134256384003,2026-05-20,11123772029,48a7f1b4-25f6-41bb-8d39-f1b3b2d50192,"",Forward,100069042835,100069042835,11504,1103.81,5.0,569.0,0.0,569.0,packet_delivered,0.0,0.0,0.0,0.0,0.0,0.0,0.0,0.0,NA,0,1330.0
NFT-/XUTR/DEUTH02614027640X,34.67,0.0,0.0,1799.0,567.87,147.419,2.704,0.0,0.0,prepaid,0.541,82.684,0.0,0.0,0.0,97.56712,-514.773,"",'132978839180835509303,2026-05-20,11129449967,5ad5dd55-e328-4315-a72c-5b504852f4be,11129449967,Reverse,100074720757,100074720757,11504,693.33,5.0,977.0,0.0,977.0,exchange,0.0,0.0,0.0,0.0,0.0,0.0,0.0,0.0,NA,0,822.0
NFT-/XUTR/DEUTH02614027640X,36.81,0.0,0.0,2899.0,13.45,0.6350000000000001,0.064,0.0,0.0,prepaid,0.013,0.0,0.0,0.47,0.0,0.5546,12.183,"",'132948376096015635303,2026-05-20,11122957457,97b1dea0-be1b-4d68-ab49-4f6eb251d7e6,"",Forward,100068228266,1000020424685,11504,736.19,5.0,2032.0,0.0,2032.0,packet_delivered,0.0,0.0,0.0,0.0,0.0,0.0,0.0,0.0,NA,0,867.0
NFT-/XUTR/DEUTH02614027640X,23.29,0.0,0.0,2099.0,489.00000000000006,23.081,2.329,0.0,0.0,prepaid,0.466,106.0,0.0,0.0,0.0,125.08,-588.204,"",'132984329701588856601,2026-05-20,11130236369,25bd219e-700d-4784-b505-4df16ca1378e,11130236369,Reverse,100075507159,100075507159,11504,465.71,5.0,1516.0,0.0,1516.0,exchange,0.0,0.0,0.0,0.0,0.0,0.0,0.0,0.0,NA,0,583.0
NFT-/XUTR/DEUTH02614027640X,70.38,0.0,0.0,3299.0,1478.0,366.248,7.038,0.0,0.0,prepaid,1.408,0.0,0.0,45.0,0.0,53.1,1050.206,"",'132979976359254693201,2026-05-20,11129750279,ef800b30-9885-4662-9252-a76bb6d5340a,"",Forward,100075021069,100075021069,11504,1407.62,5.0,1650.0,0.0,1650.0,packet_delivered,0.0,0.0,0.0,0.0,0.0,0.0,0.0,0.0,NA,0,1649.0
NFT-/XUTR/DEUTH02614027640X,63.29,0.0,0.0,2999.0,1329.0,329.326,6.329,0.0,0.0,prepaid,1.266,0.0,0.0,45.0,0.0,53.1,938.979,"",'132953846482665756903,2026-05-20,11124468699,81ea53ca-6683-4c29-829b-7ec97665f88f,"",Forward,100069739503,100069739503,11504,1265.71,5.0,1499.0,0.0,1499.0,packet_delivered,0.0,0.0,0.0,0.0,0.0,0.0,0.0,0.0,NA,0,1500.0
NFT-/XUTR/DEUTH02614027640X,70.95,0.0,0.0,3499.0,1474.0,365.257,7.019,0.0,0.0,prepaid,1.404,180.046,0.0,0.0,0.0,212.45428,-1312.774,"",'132944640502103563401,2026-05-20,11122497146,e9d5f00d-8b88-4c05-aa47-58bf801abcf8,100158533922,Reverse,100067767955,1000020421097,11504,1419.05,5.0,1838.0,16.0,1854.0,return_refund,0.0,0.0,0.0,0.0,0.0,0.0,0.0,0.0,NA,0,1661.0
NFT-/XUTR/DEUTH02614027640X,97.29,0.0,0.0,2999.0,2043.0000000000002,482.148,9.729,0.0,0.0,prepaid,1.946,182.0,0.0,0.0,0.0,214.76,-1763.937,"",'132944913756016375001,2026-05-20,11122575680,d2af6dfe-35f0-4ad7-ad54-99dc593c7d90,100158441070,Reverse,100067846489,1000020397293,11504,1945.71,5.0,750.0,0.0,750.0,return_refund,0.0,0.0,0.0,0.0,0.0,0.0,0.0,0.0,NA,0,2249.0
NFT-/XUTR/DEUTH02614027640X,90.1,0.0,0.0,2999.0,1455.88,360.767,6.933,0.0,0.0,prepaid,1.387,81.566,0.0,0.0,0.0,96.24788,-1183.041,"",'132977348507542130001,2026-05-20,11129100631,35637e3d-6573-455b-b754-3e625c2dbaa8,100158469284,Reverse,100074371422,1000022044800,11504,1801.9,5.0,901.0,0.0,901.0,return_refund,0.0,0.0,0.0,0.0,0.0,0.0,0.0,0.0,NA,0,2098.0
NFT-/XUTR/DEUTH02614027640X,90.1,0.0,0.0,2999.0,1455.88,360.767,6.933,0.0,0.0,prepaid,1.387,0.0,0.0,34.627,0.0,40.85986,1045.933,"",'132977348507542130001,2026-05-20,11129100631,35637e3d-6573-455b-b754-3e625c2dbaa8,"",Forward,100074371422,1000022044800,11504,1801.9,5.0,901.0,0.0,901.0,packet_delivered,0.0,0.0,0.0,0.0,0.0,0.0,0.0,0.0,NA,0,2098.0
NFT-/XUTR/DEUTH02614027640X,35.57,0.0,0.0,2199.0,747.0,35.258,3.557,0.0,0.0,prepaid,0.711,0.0,0.0,27.0,0.0,31.86,675.614,"",'132959789113809933603,2026-05-20,11125504841,00110c64-61a3-41f8-9d82-05ea2cba5b49,"",Forward,100070775641,100070775641,11504,711.43,5.0,1358.0,0.0,1358.0,packet_delivered,0.0,0.0,0.0,0.0,0.0,0.0,0.0,0.0,NA,0,841.0
NFT-/XUTR/DEUTH02614027640X,0.0,18.57,18.57,1750.0,780.0,147.264,0.0,1.857,1.857,prepaid,0.743,106.0,0.0,0.0,0.0,125.08,-753.359,"",'132983244229175109503,2026-05-20,11129999761,8576ec32-a463-414f-81dc-9e01cb51677c,11129999761,Reverse,100075270551,100075270551,11504,742.86,5.0,876.0,0.0,876.0,exchange,0.0,0.0,0.0,0.0,0.0,0.0,0.0,0.0,NA,0,874.0000000000001
NFT-/XUTR/DEUTH02614027640X,39.52,0.0,0.0,2499.0,830.0,215.468,3.952,0.0,0.0,prepaid,0.79,0.0,0.0,27.0,0.0,31.86,577.93,"",'132941468155870029901,2026-05-20,11121772106,32cc93dd-dbdf-4944-8656-77f83dcf6702,"",Forward,100067042918,100067042918,11504,790.48,5.0,1575.0,0.0,1575.0,packet_delivered,0.0,0.0,0.0,0.0,0.0,0.0,0.0,0.0,NA,0,924.0
NFT-/XUTR/DEUTH02614027640X,30.71,0.0,0.0,2299.0,20.5,0.9680000000000001,0.098,0.0,0.0,prepaid,0.02,0.0,0.0,0.858,0.0,1.01244,18.402,"",'132969623995724481701,2026-05-20,11127682145,acaac751-d460-4e91-97b7-396241277c02,"",Forward,100072952938,100072952938,11504,614.29,5.0,1560.0,0.0,1560.0,packet_delivered,0.0,0.0,0.0,0.0,0.0,0.0,0.0,0.0,NA,0,739.0
NFT-/XUTR/DEUTH02614027640X,55.57,0.0,0.0,2999.0,1167.0,289.183,5.557,0.0,0.0,prepaid,1.111,182.0,0.0,0.0,0.0,214.76,-1085.909,"",'132944410775358862801,2026-05-20,11122434147,ba01537d-68ad-4256-8f22-f1fc4e8ea823,100158397233,Reverse,100067704956,1000020408187,11504,1111.43,5.0,1661.0,0.0,1661.0,return_refund,0.0,0.0,0.0,0.0,0.0,0.0,0.0,0.0,NA,0,1338.0
NFT-/XUTR/DEUTH02614027640X,63.29,0.0,0.0,2999.0,1329.0,329.326,6.329,0.0,0.0,prepaid,1.266,0.0,0.0,45.0,0.0,53.1,938.979,"",'132959986730413274301,2026-05-20,11125558961,c19f8a03-5d52-463d-ac32-b2a44b23aec5,"",Forward,100070829761,100070829761,11504,1265.71,5.0,1499.0,0.0,1499.0,packet_delivered,0.0,0.0,0.0,0.0,0.0,0.0,0.0,0.0,NA,0,1500.0
NFT-/XUTR/DEUTH02614027640X,70.38,0.0,0.0,3299.0,431.57000000000005,106.943,2.055,0.0,0.0,prepaid,0.411,30.952,0.0,0.0,0.0,36.52336,-358.684,"",'132977630218334070403,2026-05-20,11129160703,62f25db3-4895-42cf-8e4a-ee123f7d2b96,100158390964,Reverse,100074431493,1000022047880,11504,1407.62,5.0,1650.0,0.0,1650.0,return_refund,0.0,0.0,0.0,0.0,0.0,0.0,0.0,0.0,NA,0,1649.0
NFT-/XUTR/DEUTH02614027640X,23.67,0.0,0.0,1599.0,497.0,23.458,2.367,0.0,0.0,prepaid,0.473,0.0,0.0,27.0,0.0,31.86,438.842,"",'132945143609045798701,2026-05-20,11122640486,c4907972-8db0-476c-8c38-e5e37e234bc9,"",Forward,100067911295,100067911295,11504,473.33,5.0,1008.0,0.0,1008.0,packet_delivered,0.0,0.0,0.0,0.0,0.0,0.0,0.0,0.0,NA,0,591.0
NFT-/XUTR/DEUTH02614027640X,103.48,0.0,0.0,3399.0,2173.0,512.828,10.348,0.0,0.0,prepaid,2.07,0.0,0.0,61.0,0.0,71.98,1575.774,"",'132979323778480229801,2026-05-20,11129581437,8a2a0778-9ab3-42ad-a9b2-e1202f53fc12,"",Forward,100074852227,100074852227,11504,2069.52,5.0,1020.0,0.0,1020.0,packet_delivered,0.0,0.0,0.0,0.0,0.0,0.0,0.0,0.0,NA,0,2379.0
NFT-/XUTR/DEUTH02614027640X,22.81,0.0,0.0,1599.0,479.0,22.609,2.281,0.0,0.0,prepaid,0.456,182.0,0.0,0.0,0.0,214.76,-668.414,"",'132949197572682082501,2026-05-20,11123150583,e1e89242-dee6-459e-9108-1c25d069078c,100159219206,Reverse,100068421392,1000019873366,11504,456.19,5.0,1026.0,0.0,1026.0,return_refund,0.0,0.0,0.0,0.0,0.0,0.0,0.0,0.0,NA,0,573.0
NFT-/XUTR/DEUTH02614027640X,74.1,0.0,0.0,3399.0,454.35,112.588,2.164,0.0,0.0,prepaid,0.433,0.0,0.0,13.14,0.0,15.5052,323.66,"",'132977630218334070403,2026-05-20,11129160706,62f25db3-4895-42cf-8e4a-ee123f7d2b96,"",Forward,100074431496,1000022047880,11504,1481.9,5.0,1672.0,0.0,1672.0,packet_delivered,0.0,0.0,0.0,0.0,0.0,0.0,0.0,0.0,NA,0,1727.0
NFT-/XUTR/DEUTH02614027640X,60.86,0.0,0.0,2899.0,1278.0,316.688,6.086,0.0,0.0,prepaid,1.217,106.0,0.0,0.0,0.0,125.08,-1079.089,"",'132983315389546766303,2026-05-20,11130012901,d19f4d95-a587-414e-b07b-e41945275df9,100158794582,Reverse,100075283691,100075283691,11504,1217.14,5.0,1450.0,0.0,1450.0,return_refund,0.0,0.0,0.0,0.0,0.0,0.0,0.0,0.0,NA,0,1449.0
NFT-/XUTR/DEUTH02614027640X,0.0,32.19,32.19,2999.0,1352.0,335.026,0.0,3.219,3.219,prepaid,1.288,106.0,0.0,0.0,0.0,125.08,-1134.328,"",'132983505010570635603,2026-05-20,11130049510,764eb087-5a9a-4736-b877-daba45836cbf,100159196363,Reverse,100075320300,1000022039812,11504,1287.62,5.0,1476.0,0.0,1476.0,return_refund,0.0,0.0,0.0,0.0,0.0,0.0,0.0,0.0,NA,0,1523.0
NFT-/XUTR/DEUTH02614027640X,34.29,0.0,0.0,2199.0,720.0,33.984,3.429,0.0,0.0,prepaid,0.686,182.0,0.0,0.0,0.0,214.76,-896.661,"",'132953928566811037001,2026-05-20,11124493625,a49112d4-7028-4e4c-b558-0dacb68e94e5,100158801757,Reverse,100069764429,1000020953871,11504,685.71,5.0,1385.0,0.0,1385.0,return_refund,0.0,0.0,0.0,0.0,0.0,0.0,0.0,0.0,NA,0,814.0
NFT-/XUTR/DEUTH02614027640X,34.67,0.0,0.0,1799.0,728.0,188.989,3.467,0.0,0.0,prepaid,0.693,0.0,0.0,27.0,0.0,31.86,502.991,"",'132945582202253304501,2026-05-20,11122744592,87b002bd-58d9-4562-9dad-1656c4da6ca4,"",Forward,100068015401,1000019744440,11504,693.33,5.0,977.0,0.0,977.0,packet_delivered,0.0,0.0,0.0,0.0,0.0,0.0,0.0,0.0,NA,0,822.0
NFT-/XUTR/DEUTH02614027640X,68.71,0.0,0.0,3399.0,1427.0,353.611,6.795,0.0,0.0,prepaid,1.359,0.0,0.0,44.501,0.0,52.51118,1012.724,"",'132944640502103563401,2026-05-20,11122497148,e9d5f00d-8b88-4c05-aa47-58bf801abcf8,"",Forward,100067767957,1000020421097,11504,1374.29,5.0,1785.0,16.0,1801.0,packet_delivered,0.0,0.0,0.0,0.0,0.0,0.0,0.0,0.0,NA,0,1614.0
NFT-/XUTR/DEUTH02614027640X,35.1,0.0,0.0,2699.0,737.0,34.786,3.51,0.0,0.0,prepaid,0.702,0.0,0.0,27.0,0.0,31.86,666.142,"",'132945711702835803303,2026-05-20,11122765843,3398bf6c-f978-4997-8581-abec0fafa752,"",Forward,100068036652,100068036652,11504,701.9,5.0,1868.0,0.0,1868.0,packet_delivered,0.0,0.0,0.0,0.0,0.0,0.0,0.0,0.0,NA,0,831.0
NFT-/XUTR/DEUTH02614027640X,38.33,0.0,0.0,1799.0,805.0,208.978,3.833,0.0,0.0,prepaid,0.767,0.0,0.0,27.0,0.0,31.86,559.562,"",'132943374245635014701,2026-05-20,11122189684,d27a8c15-e721-48b6-bae7-78ae86880ac3,"",Forward,100067460494,100067460494,11504,766.67,5.0,900.0,0.0,900.0,packet_delivered,0.0,0.0,0.0,0.0,0.0,0.0,0.0,0.0,NA,0,899.0
NFT-/XUTR/DEUTH02614027640X,58.48,0.0,0.0,1999.0,1228.0,188.375,5.848,0.0,0.0,prepaid,1.17,0.0,0.0,45.0,0.0,53.1,979.507,"",'132976508863473000103,2026-05-20,11128918305,37134f0d-7cfd-4161-8dae-85b76ae89fb6,"",Forward,100074189096,100074189096,11504,1169.52,5.0,600.0,0.0,600.0,packet_delivered,0.0,0.0,0.0,0.0,0.0,0.0,0.0,0.0,NA,0,1399.0
NFT-/XUTR/DEUTH02614027640X,35.52,0.0,0.0,1799.0,746.0,140.845,3.552,0.0,0.0,prepaid,0.71,0.0,0.0,27.0,0.0,31.86,569.033,"",'132970381911240184203,2026-05-20,11127913815,e5fea43c-e6ae-4e4f-841e-535e5a87cf69,"",Forward,100073184607,1000021253818,11504,710.48,5.0,959.0,0.0,959.0,packet_delivered,0.0,0.0,0.0,0.0,0.0,0.0,0.0,0.0,NA,0,840.0
NFT-/XUTR/DEUTH02614027640X,0.0,31.6,31.6,2999.0,1327.0,328.831,0.0,3.1595,3.1595,prepaid,1.264,0.0,0.0,45.0,0.0,53.1,937.486,"",'132981721871174643503,2026-05-20,11129856964,eb1f2557-564b-49c0-a7dc-c4a5c8f6757a,"",Forward,100075127754,1000022033688,11504,1263.8,5.0,1501.0,0.0,1501.0,packet_delivered,0.0,0.0,0.0,0.0,0.0,0.0,0.0,0.0,NA,0,1497.9999999999998
NFT-/XUTR/DEUTH02614027640X,33.57,0.0,0.0,1599.0,705.0,183.018,3.357,0.0,0.0,prepaid,0.671,0.0,0.0,27.0,0.0,31.86,486.094,"",'132941517672627684803,2026-05-20,11121783707,18c1c268-ef26-40aa-8d98-35bee3700f78,"",Forward,100067054519,100067054519,11504,671.43,5.0,800.0,0.0,800.0,packet_delivered,0.0,0.0,0.0,0.0,0.0,0.0,0.0,0.0,NA,0,799.0
NFT-/XUTR/DEUTH02614027640X,94.62,0.0,0.0,3299.0,1987.0,492.379,9.462,0.0,0.0,prepaid,1.892,0.0,0.0,45.0,0.0,53.1,1430.167,"",'132942409640187240803,2026-05-20,11121989017,97c8bc5f-cff5-45b5-9419-1d4df5b4267b,"",Forward,100067259828,100067259828,11504,1892.38,5.0,1106.0,0.0,1106.0,packet_delivered,0.0,0.0,0.0,0.0,0.0,0.0,0.0,0.0,NA,0,2193.0
NFT-/XUTR/DEUTH02614027640X,23.71,0.0,0.0,1650.0,498.0,23.506,2.371,0.0,0.0,prepaid,0.474,182.0,0.0,0.0,0.0,214.76,-686.409,"",'132949470879041858903,2026-05-20,11123232509,4ff0c1fd-dae3-4278-b714-6db3257195ad,100158514687,Reverse,100068503316,100068503316,11504,474.29,5.0,1058.0,0.0,1058.0,return_refund,0.0,0.0,0.0,0.0,0.0,0.0,0.0,0.0,NA,0,592.0
NFT-/XUTR/DEUTH02614027640X,33.52,0.0,0.0,2499.0,704.0,33.229,3.352,0.0,0.0,prepaid,0.67,0.0,0.0,27.0,5.773,38.67214,628.077,"",'132970770334611813201,2026-05-20,11128052685,55134819-1ea3-4ff9-8511-a29da13cba7c,"",Forward,100073323476,100073323476,11504,670.48,5.0,1701.0,0.0,1701.0,packet_delivered,0.0,0.0,0.0,0.0,0.0,0.0,0.0,0.0,NA,0,798.0
NFT-/XUTR/DEUTH02614027640X,18.62,0.0,0.0,1599.0,391.0,18.455,1.862,0.0,0.0,prepaid,0.372,182.0,0.0,0.0,0.0,214.76,-585.071,"",'132942714854963957903,2026-05-20,11122040019,76e44848-68df-4243-a51c-319db08b9402,100159629268,Reverse,100067310830,100067310830,11504,372.38,5.0,1114.0,0.0,1114.0,return_refund,0.0,0.0,0.0,0.0,0.0,0.0,0.0,0.0,NA,0,485.0
NFT-/XUTR/DEUTH02614027640X,20.05,0.0,0.0,1650.0,421.0,19.871,2.005,0.0,0.0,prepaid,0.401,0.0,0.0,15.0,0.0,17.7,381.023,"",'132945681328052945003,2026-05-20,11122761033,0a043fd2-459e-4660-a4fe-c439346501c0,"",Forward,100068031842,1000019746514,11504,400.95,5.0,1135.0,0.0,1135.0,packet_delivered,0.0,0.0,0.0,0.0,0.0,0.0,0.0,0.0,NA,0,515.0
NFT-/XUTR/DEUTH02614027640X,85.1,0.0,0.0,2099.0,1787.0,442.819,8.51,0.0,0.0,prepaid,1.702,0.0,0.0,45.0,0.0,53.1,1280.869,"",'132942770350772616803,2026-05-20,11122052308,b2f583aa-a7c2-4efb-a78f-f81c0be4763c,"",Forward,100067323118,100067323118,11504,1701.9,5.0,106.0,0.0,106.0,packet_delivered,0.0,0.0,0.0,0.0,0.0,0.0,0.0,0.0,NA,0,1993.0
NFT-/XUTR/DEUTH02614027640X,33.19,0.0,0.0,2499.0,697.0,32.898,3.319,0.0,0.0,prepaid,0.664,0.0,0.0,27.0,0.0,31.86,628.259,"",'132949841124478409603,2026-05-20,11123348521,440a237a-e22f-4ceb-8d9f-c6912fa99b2f,"",Forward,100068619328,1000020414837,11504,663.81,5.0,1708.0,0.0,1708.0,packet_delivered,0.0,0.0,0.0,0.0,0.0,0.0,0.0,0.0,NA,0,791.0
NFT-/XUTR/DEUTH02614027640X,0.0,32.19,32.19,2999.0,1352.0,335.026,0.0,3.219,3.219,prepaid,1.288,0.0,0.0,45.0,0.0,53.1,956.148,"",'132983505010570635603,2026-05-20,11130049508,764eb087-5a9a-4736-b877-daba45836cbf,"",Forward,100075320298,1000022039812,11504,1287.62,5.0,1476.0,0.0,1476.0,packet_delivered,0.0,0.0,0.0,0.0,0.0,0.0,0.0,0.0,NA,0,1523.0
NFT-/XUTR/DEUTH02614027640X,63.29,0.0,0.0,2999.0,1329.0,329.326,6.329,0.0,0.0,prepaid,1.266,106.0,0.0,0.0,0.0,125.08,-1117.159,"",'132977051852814483403,2026-05-20,11129036538,9a199e7b-ab7e-493c-bf80-93380425af43,100158738952,Reverse,100074307329,100074307329,11504,1265.71,5.0,1499.0,0.0,1499.0,return_refund,0.0,0.0,0.0,0.0,0.0,0.0,0.0,0.0,NA,0,1500.0
NFT-/XUTR/DEUTH02614027640X,83.71,0.0,0.0,1999.0,1758.0,414.888,8.371,0.0,0.0,prepaid,1.674,0.0,0.0,45.0,0.0,53.1,1279.967,"",'132976679902237049403,2026-05-20,11128955655,827700be-6f22-4b04-8fed-3040309779fc,"",Forward,100074226446,100074226446,11504,1674.29,5.0,70.0,0.0,70.0,packet_delivered,0.0,0.0,0.0,0.0,0.0,0.0,0.0,0.0,NA,0,1929.0
NFT-/XUTR/DEUTH02614027640X,70.1,0.0,0.0,1999.0,1472.0,347.392,7.01,0.0,0.0,prepaid,1.402,0.0,0.0,45.0,0.0,53.1,1063.096,"",'132970230249474200403,2026-05-20,11127863769,03d78279-188e-4cbb-a796-be7a7e55f4ac,"",Forward,100073134561,100073134561,11504,1401.9,5.0,356.0,0.0,356.0,packet_delivered,0.0,0.0,0.0,0.0,0.0,0.0,0.0,0.0,NA,0,1643.0
NFT-/XUTR/DEUTH02614027640X,9.9,0.0,0.0,399.0,148.69,22.809,0.722,0.0,0.0,prepaid,0.144,55.54,0.0,0.0,0.0,65.5372,-190.552,"",'132959822695449583801,2026-05-20,11125513905,5b83c1e3-df02-4335-893f-5e3d46f196cc,100159823716,Reverse,100070784705,1000020553897,11504,330.1,3.0,0.0,0.0,0.0,return_refund,0.0,0.0,0.0,0.0,0.0,0.0,0.0,0.0,NA,0,399.0
NFT-/XUTR/DEUTH02614027640X,27.86,0.0,0.0,1799.0,585.0,41.418,2.786,0.0,0.0,prepaid,0.557,0.0,0.0,27.0,0.0,31.86,508.379,"",'132979456345134369503,2026-05-20,11129619297,15753b2a-c9c0-46de-835f-331bbfced5a5,"",Forward,100074890087,100074890087,11504,557.14,5.0,1120.0,0.0,1120.0,packet_delivered,0.0,0.0,0.0,0.0,0.0,0.0,0.0,0.0,NA,0,679.0
NFT-/XUTR/DEUTH02614027640X,45.62,0.0,0.0,1699.0,958.0,248.697,4.562,0.0,0.0,prepaid,0.912,0.0,0.0,27.0,0.0,31.86,671.969,"",'132943649125132220901,2026-05-20,11122252280,140e6b48-dcac-477a-bac2-0c07d6b65c3b,"",Forward,100067523089,100067523089,11504,912.38,5.0,570.0,0.0,570.0,packet_delivered,0.0,0.0,0.0,0.0,0.0,0.0,0.0,0.0,NA,0,1129.0
NFT-/XUTR/DEUTH02614027640X,63.29,0.0,0.0,2999.0,1022.65,253.413,4.87,0.0,0.0,prepaid,0.974,0.0,0.0,34.627,0.0,40.85986,722.533,"",'132977348507542130001,2026-05-20,11129100634,35637e3d-6573-455b-b754-3e625c2dbaa8,"",Forward,100074371425,1000022044800,11504,1265.71,5.0,1499.0,0.0,1499.0,packet_delivered,0.0,0.0,0.0,0.0,0.0,0.0,0.0,0.0,NA,0,1500.0
NFT-/XUTR/DEUTH02614027640X,63.29,0.0,0.0,2999.0,1329.0,329.326,6.329,0.0,0.0,prepaid,1.266,0.0,0.0,45.0,0.0,53.1,938.979,"",'132950253033560644403,2026-05-20,11123473473,1e0d5c39-dbeb-446b-a16d-e4c3c3d3fda6,"",Forward,100068744279,100068744279,11504,1265.71,5.0,1499.0,0.0,1499.0,packet_delivered,0.0,0.0,0.0,0.0,0.0,0.0,0.0,0.0,NA,0,1500.0
NFT-/XUTR/DEUTH02614027640X,19.52,0.0,0.0,2299.0,410.0,19.352000000000004,1.952,0.0,0.0,prepaid,0.39,182.0,0.0,0.0,0.0,214.76,-603.066,"",'132950148258648847803,2026-05-20,11123442508,2772c808-99ea-464c-b2fa-1dc0485dc3d3,100158475350,Reverse,100068713314,1000020410788,11504,390.48,5.0,1800.0,0.0,1800.0,return_refund,0.0,0.0,0.0,0.0,0.0,0.0,0.0,0.0,NA,0,499.0
NFT-/XUTR/DEUTH02614027640X,36.52,0.0,0.0,2499.0,767.0,36.202,3.652,0.0,0.0,prepaid,0.73,0.0,0.0,27.0,0.0,31.86,694.556,"",'132949841124478409603,2026-05-20,11123348528,440a237a-e22f-4ceb-8d9f-c6912fa99b2f,"",Forward,100068619335,1000020414837,11504,730.48,5.0,1638.0,0.0,1638.0,packet_delivered,0.0,0.0,0.0,0.0,0.0,0.0,0.0,0.0,NA,0,861.0
NFT-/XUTR/DEUTH02614027640X,49.81,0.0,0.0,2999.0,956.46,237.011,4.555,0.0,0.0,prepaid,0.911,0.0,0.0,41.148,0.0,48.55464,665.428,"",'132968411296053829701,2026-05-20,11127329967,cf948532-9917-4db9-a580-57bb82492da2,"",Forward,100072600760,100072600760,11504,996.19,5.0,1782.0,0.0,1782.0,packet_delivered,0.0,0.0,0.0,0.0,0.0,0.0,0.0,0.0,NA,0,1217.0
NFT-/XUTR/DEUTH02614027640X,74.1,0.0,0.0,3399.0,454.35,112.588,2.164,0.0,0.0,prepaid,0.433,30.952,0.0,0.0,0.0,36.52336,-375.688,"",'132977630218334070403,2026-05-20,11129160706,62f25db3-4895-42cf-8e4a-ee123f7d2b96,100158389910,Reverse,100074431496,1000022047880,11504,1481.9,5.0,1672.0,0.0,1672.0,return_refund,0.0,0.0,0.0,0.0,0.0,0.0,0.0,0.0,NA,0,1727.0
NFT-/XUTR/DEUTH02614027640X,87.05,0.0,0.0,1999.0,1828.0,431.408,8.705,0.0,0.0,prepaid,1.741,182.0,0.0,0.0,0.0,214.76,-1600.906,"",'132942318020717007201,2026-05-20,11121968896,5f51324a-c5f6-4cbb-ab90-71057a01518f,100158413420,Reverse,100067239707,100067239707,11504,1740.95,5.0,0.0,0.0,0.0,return_refund,0.0,0.0,0.0,0.0,0.0,0.0,0.0,0.0,NA,0,1999.0
NFT-/XUTR/DEUTH02614027640X,33.71,0.0,0.0,2999.0,708.0,33.418,3.371,0.0,0.0,prepaid,0.674,0.0,0.0,27.0,0.0,31.86,638.677,"",'132979304831174519803,2026-05-20,11129576172,8ead7f6f-12ce-476c-8cce-266561de2533,"",Forward,100074846962,100074846962,11504,674.29,5.0,2197.0,0.0,2197.0,packet_delivered,0.0,0.0,0.0,0.0,0.0,0.0,0.0,0.0,NA,0,802.0
NFT-/XUTR/DEUTH02614027640X,63.24,0.0,0.0,2999.0,1328.0,329.078,6.324,0.0,0.0,prepaid,1.265,106.0,0.0,0.0,0.0,125.08,-1116.413,"",'132983280375981771903,2026-05-20,11130006152,0d62cdc4-eb98-41f5-a9be-17973ae1536c,100158458938,Reverse,100075276942,100075276942,11504,1264.76,5.0,1500.0,0.0,1500.0,return_refund,0.0,0.0,0.0,0.0,0.0,0.0,0.0,0.0,NA,0,1499.0
NFT-/XUTR/DEUTH02614027640X,48.48,0.0,0.0,1699.0,1018.0,240.248,4.848,0.0,0.0,prepaid,0.97,0.0,0.0,45.0,0.0,53.1,718.834,"",'132943491875785360803,2026-05-20,11122216406,c19b3574-a540-4444-a049-be434c06e2c0,"",Forward,100067487216,100067487216,11504,969.52,5.0,510.0,0.0,510.0,packet_delivered,0.0,0.0,0.0,0.0,0.0,0.0,0.0,0.0,NA,0,1189.0
NFT-/XUTR/DEUTH02614027640X,36.0,0.0,0.0,1699.0,756.0,196.258,3.6,0.0,0.0,prepaid,0.72,182.0,0.0,0.0,0.0,214.76,-770.182,"",'132950833021293694201,2026-05-20,11123643217,bffdbe64-4b96-4a26-871d-5454d9175a0b,100161480049,Reverse,100068914023,1000019991273,11504,720,5.0,849.0,0.0,849.0,return_refund,0.0,0.0,0.0,0.0,0.0,0.0,0.0,0.0,NA,0,850.0
NFT-/XUTR/DEUTH02614027640X,63.24,0.0,0.0,2999.0,1328.0,329.078,6.324,0.0,0.0,prepaid,1.265,0.0,0.0,45.0,0.0,53.1,938.233,"",'132944913756016375001,2026-05-20,11122575689,d2af6dfe-35f0-4ad7-ad54-99dc593c7d90,"",Forward,100067846498,1000020397293,11504,1264.76,5.0,1500.0,0.0,1500.0,packet_delivered,0.0,0.0,0.0,0.0,0.0,0.0,0.0,0.0,NA,0,1499.0
NFT-/XUTR/DEUTH02614027640X,59.0,0.0,0.0,2999.0,1239.0,307.024,5.9,0.0,0.0,prepaid,1.18,182.0,0.0,0.0,0.0,214.76,-1139.656,"",'132949349425857731303,2026-05-20,11123195250,42913568-ff0c-4ca3-9d40-fa8acf7047f2,100158300458,Reverse,100068466057,100068466057,11504,1180,5.0,1589.0,0.0,1589.0,return_refund,0.0,0.0,0.0,0.0,0.0,0.0,0.0,0.0,NA,0,1410.0
NFT-/XUTR/DEUTH02614027640X,70.38,0.0,0.0,3299.0,1137.31,281.826,5.416,0.0,0.0,prepaid,1.083,0.0,0.0,34.627,0.0,40.85986,808.125,"",'132977348507542130001,2026-05-20,11129100630,35637e3d-6573-455b-b754-3e625c2dbaa8,"",Forward,100074371421,1000022044800,11504,1407.62,5.0,1650.0,0.0,1650.0,packet_delivered,0.0,0.0,0.0,0.0,0.0,0.0,0.0,0.0,NA,0,1649.0
NFT-/XUTR/DEUTH02614027640X,63.24,0.0,0.0,2999.0,1328.0,329.078,6.324,0.0,0.0,prepaid,1.265,0.0,0.0,45.0,0.0,53.1,938.233,"",'132951278064816742203,2026-05-20,11123767055,4671710d-9998-41ea-89e0-58674017c49d,"",Forward,100069037861,100069037861,11504,1264.76,5.0,1500.0,0.0,1500.0,packet_delivered,0.0,0.0,0.0,0.0,0.0,0.0,0.0,0.0,NA,0,1499.0
NFT-/XUTR/DEUTH02614027640X,28.19,0.0,0.0,1650.0,172.87,12.239,0.823,0.0,0.0,prepaid,0.165,0.0,0.0,7.884,0.0,9.30312,150.34,"",'132977630218334070403,2026-05-20,11129160709,62f25db3-4895-42cf-8e4a-ee123f7d2b96,"",Forward,100074431499,1000022047880,11504,563.81,5.0,964.0,0.0,964.0,packet_delivered,0.0,0.0,0.0,0.0,0.0,0.0,0.0,0.0,NA,0,686.0
NFT-/XUTR/DEUTH02614027640X,26.86,0.0,0.0,1699.0,564.0,39.931,2.686,0.0,0.0,prepaid,0.537,106.0,0.0,0.0,0.0,125.08,-645.926,"",'132979534358686832501,2026-05-20,11129640937,7a538769-3198-4ff6-9c5d-c5c754624001,100158412564,Reverse,100074911727,1000022049990,11504,537.14,5.0,1041.0,0.0,1041.0,return_refund,0.0,0.0,0.0,0.0,0.0,0.0,0.0,0.0,NA,0,658.0
NFT-/XUTR/DEUTH02614027640X,40.71,0.0,0.0,1899.0,855.0,221.958,4.071,0.0,0.0,prepaid,0.814,0.0,0.0,27.0,0.0,31.86,596.297,"",'132942923551753408903,2026-05-20,11122086366,3e63c48a-5fe7-4ebe-9d13-bebf7a0a1af4,"",Forward,100067357176,100067357176,11504,814.29,5.0,950.0,0.0,950.0,packet_delivered,0.0,0.0,0.0,0.0,0.0,0.0,0.0,0.0,NA,0,949.0
NFT-/XUTR/DEUTH02614027640X,87.0,0.0,0.0,1999.0,1827.0,431.172,8.7,0.0,0.0,prepaid,1.74,0.0,0.0,45.0,0.0,53.1,1332.288,"",'132958530839048561603,2026-05-20,11125150880,eedd5f9b-10ab-409b-b743-89bb518dba42,"",Forward,100070421681,100070421681,11504,1740,5.0,1.0,0.0,1.0,packet_delivered,0.0,0.0,0.0,0.0,0.0,0.0,0.0,0.0,NA,0,1998.0
NFT-/XUTR/DEUTH02614027640X,32.91,0.0,0.0,1699.0,3.68,0.955,0.018,0.0,0.0,prepaid,0.004,0.0,0.0,0.144,0.0,0.16992,2.533,"",'132970698554073091903,2026-05-20,11128025611,512f74f9-9438-4b62-b44e-19dce76a9b69,"",Forward,100073296402,1000021273637,11504,658.1,5.0,914.0,0.0,914.0,packet_delivered,0.0,0.0,0.0,0.0,0.0,0.0,0.0,0.0,NA,0,785.01
NFT-/XUTR/DEUTH02614027640X,37.14,0.0,0.0,1750.0,780.0,202.488,3.714,0.0,0.0,prepaid,0.743,0.0,0.0,27.0,0.0,31.86,541.195,"",'132949127168122790001,2026-05-20,11123130243,b7ae3519-35c2-4a82-979d-55ca060e0eb9,"",Forward,100068401052,100068401052,11504,742.86,5.0,876.0,0.0,876.0,packet_delivered,0.0,0.0,0.0,0.0,0.0,0.0,0.0,0.0,NA,0,874.0
NFT-/XUTR/DEUTH02614027640X,70.95,0.0,0.0,3499.0,1474.0,365.257,7.019,0.0,0.0,prepaid,1.404,0.0,0.0,44.517,0.0,52.53006,1047.79,"",'132944640502103563401,2026-05-20,11122497146,e9d5f00d-8b88-4c05-aa47-58bf801abcf8,"",Forward,100067767955,1000020421097,11504,1419.05,5.0,1838.0,16.0,1854.0,packet_delivered,0.0,0.0,0.0,0.0,0.0,0.0,0.0,0.0,NA,0,1661.0
NFT-/XUTR/DEUTH02614027640X,34.71,0.0,0.0,2499.0,729.0,34.40899999999999,3.471,0.0,0.0,prepaid,0.694,0.0,0.0,27.0,0.0,31.86,658.566,"",'132949841124478409603,2026-05-20,11123348526,440a237a-e22f-4ceb-8d9f-c6912fa99b2f,"",Forward,100068619333,1000020414837,11504,694.29,5.0,1676.0,0.0,1676.0,packet_delivered,0.0,0.0,0.0,0.0,0.0,0.0,0.0,0.0,NA,0,823.0
NFT-/XUTR/DEUTH02614027640X,55.19,0.0,0.0,1899.0,1159.0,273.524,5.519,0.0,0.0,prepaid,1.104,0.0,0.0,45.0,0.0,53.1,825.753,"",'132957015861358552101,2026-05-20,11124778878,bb5d9422-afd1-4ad5-a719-5b22f78c3da9,"",Forward,100070049682,1000020251808,11504,1103.81,5.0,569.0,0.0,569.0,packet_delivered,0.0,0.0,0.0,0.0,0.0,0.0,0.0,0.0,NA,0,1330.0
NFT-/XUTR/DEUTH02614027640X,83.71,0.0,0.0,1999.0,1758.0,414.888,8.371,0.0,0.0,prepaid,1.674,106.0,0.0,0.0,0.0,125.08,-1458.147,"",'132976679902237049403,2026-05-20,11128955655,827700be-6f22-4b04-8fed-3040309779fc,100158473259,Reverse,100074226446,100074226446,11504,1674.29,5.0,70.0,0.0,70.0,return_refund,0.0,0.0,0.0,0.0,0.0,0.0,0.0,0.0,NA,0,1929.0
NFT-/XUTR/DEUTH02614027640X,51.76,0.0,0.0,1799.0,5.79,1.367,0.028,0.0,0.0,prepaid,0.006,0.0,0.0,0.24,0.0,0.2832,4.106,"",'132970698554073091903,2026-05-20,11128025609,512f74f9-9438-4b62-b44e-19dce76a9b69,"",Forward,100073296400,1000021273637,11504,1035.24,5.0,541.0,0.0,541.0,packet_delivered,0.0,0.0,0.0,0.0,0.0,0.0,0.0,0.0,NA,0,1258.0
NFT-/XUTR/DEUTH02614027640X,24.91,0.0,0.0,1999.0,523.0,24.686000000000003,2.49,0.0,0.0,prepaid,0.498,182.0,0.0,0.0,0.0,214.76,-710.086,"",'132949382475090793303,2026-05-20,11123205380,3a22868c-b9ee-45c0-8a4d-52434258b8ad,11123205380,Reverse,100068476187,100068476187,11504,498.1,5.0,1382.0,0.0,1382.0,exchange,0.0,0.0,0.0,0.0,0.0,0.0,0.0,0.0,NA,0,617.01
NFT-/XUTR/DEUTH02614027640X,55.14,0.0,0.0,1899.0,1158.0,273.288,5.514,0.0,0.0,prepaid,1.103,127.0,0.0,0.0,0.0,149.86,-1027.955,"",'132967931075917165801,2026-05-20,11127187172,fc088446-93d3-4177-9f10-91e13cea41e1,100159194199,Reverse,100072457966,100072457966,11504,1102.86,5.0,570.0,0.0,570.0,return_refund,0.0,0.0,0.0,0.0,0.0,0.0,0.0,0.0,NA,0,1329.0
NFT-/XUTR/DEUTH02614027640X,37.91,0.0,0.0,2699.0,628.0,29.641999999999996,2.99,0.0,0.0,prepaid,0.598,0.0,0.0,21.302,0.0,25.13636,569.634,"",'132944766488259716001,2026-05-20,11122532850,acbd1b44-9d58-47b3-ac98-d4b30039c671,"",Forward,100067803659,100067803659,11504,758.1,5.0,1809.0,168.0,1977.0,packet_delivered,0.0,0.0,0.0,0.0,0.0,0.0,0.0,0.0,NA,0,890.01
NFT-/XUTR/DEUTH02614027640X,42.52,0.0,0.0,2599.0,893.0,231.823,4.252,0.0,0.0,prepaid,0.85,0.0,0.0,27.0,0.0,31.86,624.215,"",'132944772670835971401,2026-05-20,11122534608,5122f832-b338-486f-ae28-658d90ffcabd,"",Forward,100067805417,100067805417,11504,850.48,5.0,1612.0,0.0,1612.0,packet_delivered,0.0,0.0,0.0,0.0,0.0,0.0,0.0,0.0,NA,0,987.0
NFT-/XUTR/DEUTH02614027640X,33.1,0.0,0.0,2850.0,695.0,32.804,3.31,0.0,0.0,prepaid,0.662,182.0,0.0,0.0,0.0,214.76,-872.984,"",'132949841124478409603,2026-05-20,11123348531,440a237a-e22f-4ceb-8d9f-c6912fa99b2f,100158505992,Reverse,100068619338,1000020414837,11504,661.9,5.0,2061.0,0.0,2061.0,return_refund,0.0,0.0,0.0,0.0,0.0,0.0,0.0,0.0,NA,0,789.0
NFT-/XUTR/DEUTH02614027640X,0.0,31.64,31.64,2999.0,1329.0,329.326,0.0,3.1645,3.1645,prepaid,1.266,0.0,0.0,45.0,0.0,53.1,938.979,"",'132984108870954156701,2026-05-20,11130184475,540bc1a1-e2f2-467d-a10a-48f7ca4b27a4,"",Forward,100075455265,100075455265,11504,1265.72,5.0,1499.0,0.0,1499.0,packet_delivered,0.0,0.0,0.0,0.0,0.0,0.0,0.0,0.0,NA,0,1500.0000000000002
NFT-/XUTR/DEUTH02614027640X,85.1,0.0,0.0,2099.0,1787.0,442.819,8.51,0.0,0.0,prepaid,1.702,182.0,0.0,0.0,0.0,214.76,-1548.729,"",'132942770350772616803,2026-05-20,11122052308,b2f583aa-a7c2-4efb-a78f-f81c0be4763c,100158653092,Reverse,100067323118,100067323118,11504,1701.9,5.0,106.0,0.0,106.0,return_refund,0.0,0.0,0.0,0.0,0.0,0.0,0.0,0.0,NA,0,1993.0
NFT-/XUTR/DEUTH02614027640X,90.14,0.0,0.0,2999.0,1893.0,469.085,9.014,0.0,0.0,prepaid,1.803,0.0,0.0,45.0,0.0,53.1,1359.998,"",'132950239044763589501,2026-05-20,11123469130,fff1edc0-9380-44d4-a8b8-086ab5cf28ee,"",Forward,100068739936,1000020413022,11504,1802.86,5.0,900.0,0.0,900.0,packet_delivered,0.0,0.0,0.0,0.0,0.0,0.0,0.0,0.0,NA,0,2099.0
NFT-/XUTR/DEUTH02614027640X,40.71,0.0,0.0,1899.0,855.0,221.958,4.071,0.0,0.0,prepaid,0.814,182.0,0.0,0.0,0.0,214.76,-842.917,"",'132942923551753408903,2026-05-20,11122086366,3e63c48a-5fe7-4ebe-9d13-bebf7a0a1af4,100158868105,Reverse,100067357176,100067357176,11504,814.29,5.0,950.0,0.0,950.0,return_refund,0.0,0.0,0.0,0.0,0.0,0.0,0.0,0.0,NA,0,949.0
NFT-/XUTR/DEUTH02614027640X,103.48,0.0,0.0,3399.0,634.51,149.744,3.021,0.0,0.0,prepaid,0.604,0.0,0.0,17.812,0.0,21.01816,460.123,"",'132977630218334070403,2026-05-20,11129160704,62f25db3-4895-42cf-8e4a-ee123f7d2b96,"",Forward,100074431494,1000022047880,11504,2069.52,5.0,1020.0,0.0,1020.0,packet_delivered,0.0,0.0,0.0,0.0,0.0,0.0,0.0,0.0,NA,0,2379.0
NFT-/XUTR/DEUTH02614027640X,0.0,8.93,8.93,1499.0,375.0,17.7,0.0,0.893,0.893,prepaid,0.357,106.0,0.0,0.0,0.0,125.08,-480.237,"",'132979729330223333801,2026-05-20,11129691769,ea4a330f-5f4c-4b92-b81b-a3294f0a5437,100158573545,Reverse,100074962559,100074962559,11504,357.14,5.0,1065.0,0.0,1065.0,return_refund,0.0,0.0,0.0,0.0,0.0,0.0,0.0,0.0,NA,0,434.0
NFT-/XUTR/DEUTH02614027640X,27.43,0.0,0.0,1799.0,576.0,40.781,2.743,0.0,0.0,prepaid,0.549,182.0,0.0,0.0,0.0,214.76,-746.687,"",'132948530370966229803,2026-05-20,11122986345,303d1c4b-23d1-4a36-914f-14907870839d,100159152404,Reverse,100068257154,100068257154,11504,548.57,5.0,1129.0,0.0,1129.0,return_refund,0.0,0.0,0.0,0.0,0.0,0.0,0.0,0.0,NA,0,670.0
NFT-/XUTR/DEUTH02614027640X,41.38,0.0,0.0,1899.0,869.0,225.592,4.138,0.0,0.0,prepaid,0.828,182.0,0.0,0.0,0.0,214.76,-853.202,"",'132900786856090724603,2026-05-20,11114385596,6c6e2b2e-0799-4e4e-b12b-bbdbfd66dfab,100161133144,Reverse,100059656493,100059656493,11504,827.62,5.0,936.0,0.0,936.0,return_refund,0.0,0.0,0.0,0.0,0.0,0.0,0.0,0.0,NA,0,963.0
NFT-/XUTR/DEUTH02614027640X,38.1,0.0,0.0,2999.0,800.0,207.68,3.81,0.0,0.0,prepaid,0.762,0.0,0.0,27.0,0.0,31.86,555.888,"",'132961201557289930801,2026-05-20,11125886099,0259854c-6a12-44bd-b66c-3bc2221c249c,"",Forward,100071156899,100071156899,11504,761.9,5.0,2105.0,0.0,2105.0,packet_delivered,0.0,0.0,0.0,0.0,0.0,0.0,0.0,0.0,NA,0,894.0
NFT-/XUTR/DEUTH02614027640X,42.0,0.0,0.0,2999.0,882.0,228.967,4.2,0.0,0.0,prepaid,0.84,0.0,0.0,27.0,0.0,31.86,616.133,"",'132943246853559315403,2026-05-20,11122160889,862b7b49-6225-4087-8998-fceea9b5ea08,"",Forward,100067431699,100067431699,11504,840,5.0,1946.0,0.0,1946.0,packet_delivered,0.0,0.0,0.0,0.0,0.0,0.0,0.0,0.0,NA,0,1053.0
NFT-/XUTR/DEUTH02614027640X,32.71,0.0,0.0,2999.0,687.0,32.426,3.271,0.0,0.0,prepaid,0.654,106.0,0.0,0.0,0.0,125.08,-775.729,"",'132983561240652252501,2026-05-20,11130061289,54c6fe01-b8a9-4f23-bd0f-1c0d91778792,100159433017,Reverse,100075332079,100075332079,11504,654.29,5.0,2218.0,0.0,2218.0,return_refund,0.0,0.0,0.0,0.0,0.0,0.0,0.0,0.0,NA,0,781.0
NFT-/XUTR/DEUTH02614027640X,87.05,0.0,0.0,1999.0,1828.0,431.408,8.705,0.0,0.0,prepaid,1.741,0.0,0.0,45.0,0.0,53.1,1333.046,"",'132942318020717007201,2026-05-20,11121968896,5f51324a-c5f6-4cbb-ab90-71057a01518f,"",Forward,100067239707,100067239707,11504,1740.95,5.0,0.0,0.0,0.0,packet_delivered,0.0,0.0,0.0,0.0,0.0,0.0,0.0,0.0,NA,0,1999.0
NFT-/XUTR/DEUTH02614027640X,26.86,0.0,0.0,1699.0,564.0,39.931,2.686,0.0,0.0,prepaid,0.537,0.0,0.0,27.0,4.963,37.71634,483.13,"",'132979534358686832501,2026-05-20,11129640937,7a538769-3198-4ff6-9c5d-c5c754624001,"",Forward,100074911727,1000022049990,11504,537.14,5.0,1041.0,0.0,1041.0,packet_delivered,0.0,0.0,0.0,0.0,0.0,0.0,0.0,0.0,NA,0,658.0
NFT-/XUTR/DEUTH02614027640X,70.38,0.0,0.0,3299.0,1478.0,366.248,7.038,0.0,0.0,prepaid,1.408,0.0,0.0,45.0,0.0,53.1,1050.206,"",'132950521729689174503,2026-05-20,11123552798,7f197ecd-cb70-4873-8e60-a307e748d525,"",Forward,100068823604,100068823604,11504,1407.62,5.0,1650.0,0.0,1650.0,packet_delivered,0.0,0.0,0.0,0.0,0.0,0.0,0.0,0.0,NA,0,1649.0
NFT-/XUTR/DEUTH02614027640X,36.0,0.0,0.0,1699.0,756.0,196.258,3.6,0.0,0.0,prepaid,0.72,0.0,0.0,27.0,0.0,31.86,523.562,"",'132949380780542107303,2026-05-20,11123204827,81b2f7ab-938e-4ae9-ad31-e8d7179a24c8,"",Forward,100068475634,1000019886774,11504,720,5.0,849.0,0.0,849.0,packet_delivered,0.0,0.0,0.0,0.0,0.0,0.0,0.0,0.0,NA,0,850.0
NFT-/XUTR/DEUTH02614027640X,34.14,0.0,0.0,6999.0,717.0,33.842,3.414,0.0,0.0,prepaid,0.683,127.0,0.0,0.0,0.0,149.86,-828.921,"",'132945393672251268101,2026-05-20,11122705918,bd5ff5f3-c168-4e75-84e2-e44382d3275c,100158386227,Reverse,100067976727,1000020422586,11504,682.86,5.0,6188.0,0.0,6188.0,return_refund,0.0,0.0,0.0,0.0,0.0,0.0,0.0,0.0,NA,0,811.0
NFT-/XUTR/DEUTH02614027640X,49.05,0.0,0.0,1799.0,1030.0,243.08,4.905,0.0,0.0,prepaid,0.981,0.0,0.0,45.0,0.0,53.1,727.934,"",'132983228349070061401,2026-05-20,11129996937,5947a2cc-122c-4009-a42d-4cd07f04aa0a,"",Forward,100075267727,100075267727,11504,980.95,5.0,598.0,0.0,598.0,packet_delivered,0.0,0.0,0.0,0.0,0.0,0.0,0.0,0.0,NA,0,1201.0
NFT-/XUTR/DEUTH02614027640X,48.48,0.0,0.0,1699.0,1018.0,240.248,4.848,0.0,0.0,prepaid,0.97,0.0,0.0,45.0,0.0,53.1,718.834,"",'132958460620801255003,2026-05-20,11125130230,214bc6d5-b535-40d3-ad8d-21ee650778cb,"",Forward,100070401031,100070401031,11504,969.52,5.0,510.0,0.0,510.0,packet_delivered,0.0,0.0,0.0,0.0,0.0,0.0,0.0,0.0,NA,0,1189.0
NFT-/XUTR/DEUTH02614027640X,38.24,0.0,0.0,2100.0,803.0,208.459,3.824,0.0,0.0,prepaid,0.765,0.0,0.0,27.0,0.0,31.86,558.092,"",'132944703423925945803,2026-05-20,11122514838,618c97aa-8fc6-4ff9-a264-68b031297c36,"",Forward,100067785647,1000020413825,11504,764.76,5.0,1203.0,0.0,1203.0,packet_delivered,0.0,0.0,0.0,0.0,0.0,0.0,0.0,0.0,NA,0,897.0
NFT-/XUTR/DEUTH02614027640X,106.81,0.0,0.0,3499.0,2243.0,529.348,10.681,0.0,0.0,prepaid,2.136,0.0,0.0,61.0,0.0,71.98,1628.855,"",'132945261570660960803,2026-05-20,11122672410,ade79405-0b71-4cd2-ac2c-224d24844d9f,"",Forward,100067943219,100067943219,11504,2136.19,5.0,1050.0,0.0,1050.0,packet_delivered,0.0,0.0,0.0,0.0,0.0,0.0,0.0,0.0,NA,0,2449.0
NFT-/XUTR/DEUTH02614027640X,36.1,0.0,0.0,2299.0,758.0,35.778,3.61,0.0,0.0,prepaid,0.722,0.0,0.0,27.0,0.0,31.86,686.03,"",'132950292045058853903,2026-05-20,11123484939,933079c9-1157-46d3-be1e-67ad8e039791,"",Forward,100068755745,100068755745,11504,721.9,5.0,1447.0,0.0,1447.0,packet_delivered,0.0,0.0,0.0,0.0,0.0,0.0,0.0,0.0,NA,0,852.0
NFT-/XUTR/DEUTH02614027640X,37.14,0.0,0.0,1750.0,780.0,202.488,3.714,0.0,0.0,prepaid,0.743,182.0,0.0,0.0,0.0,214.76,-787.815,"",'132949127168122790001,2026-05-20,11123130243,b7ae3519-35c2-4a82-979d-55ca060e0eb9,100158673199,Reverse,100068401052,100068401052,11504,742.86,5.0,876.0,0.0,876.0,return_refund,0.0,0.0,0.0,0.0,0.0,0.0,0.0,0.0,NA,0,874.0
NFT-/XUTR/DEUTH02614027640X,35.57,0.0,0.0,2199.0,747.0,35.258,3.557,0.0,0.0,prepaid,0.711,127.0,0.0,0.0,0.0,149.86,-857.334,"",'132959789113809933603,2026-05-20,11125504841,00110c64-61a3-41f8-9d82-05ea2cba5b49,100158514977,Reverse,100070775641,100070775641,11504,711.43,5.0,1358.0,0.0,1358.0,return_refund,0.0,0.0,0.0,0.0,0.0,0.0,0.0,0.0,NA,0,841.0
NFT-/XUTR/DEUTH02614027640X,63.29,0.0,0.0,2999.0,1329.0,329.326,6.329,0.0,0.0,prepaid,1.266,0.0,0.0,45.0,0.0,53.1,938.979,"",'132979721124366729203,2026-05-20,11129689690,2489f00f-7b00-4316-b7b4-31323c61cf03,"",Forward,100074960480,1000022027798,11504,1265.71,5.0,1499.0,0.0,1499.0,packet_delivered,0.0,0.0,0.0,0.0,0.0,0.0,0.0,0.0,NA,0,1500.0
NFT-/XUTR/DEUTH02614027640X,36.0,0.0,0.0,1699.0,756.0,196.258,3.6,0.0,0.0,prepaid,0.72,0.0,0.0,27.0,0.0,31.86,523.562,"",'132983084762992454501,2026-05-20,11129972038,1dbc4a66-b1ad-44bc-a24b-3fbd28aab10e,"",Forward,100075242828,100075242828,11504,720,5.0,849.0,0.0,849.0,packet_delivered,0.0,0.0,0.0,0.0,0.0,0.0,0.0,0.0,NA,0,850.0
NFT-/XUTR/DEUTH02614027640X,19.05,0.0,0.0,1499.0,2.13,0.101,0.01,0.0,0.0,prepaid,0.002,0.0,0.0,0.0,0.0,0.0,2.017,"",'132970698554073091903,2026-05-20,11128025613,512f74f9-9438-4b62-b44e-19dce76a9b69,"",Forward,100073296404,1000021273637,11504,380.95,5.0,1005.0,0.0,1005.0,packet_delivered,0.0,0.0,0.0,0.0,0.0,0.0,0.0,0.0,NA,0,494.0
NFT-/XUTR/DEUTH02614027640X,20.43,0.0,0.0,1850.0,429.0,20.249,2.043,0.0,0.0,prepaid,0.409,0.0,0.0,15.0,0.0,17.7,388.599,"",'132948087165452892703,2026-05-20,11122913185,70db140a-ac0c-4346-b37c-00de4541d895,"",Forward,100068183994,1000020412433,11504,408.57,5.0,1327.0,0.0,1327.0,packet_delivered,0.0,0.0,0.0,0.0,0.0,0.0,0.0,0.0,NA,0,523.0
NFT-/XUTR/DEUTH02614027640X,55.14,0.0,0.0,1899.0,1158.0,273.288,5.514,0.0,0.0,prepaid,1.103,0.0,0.0,45.0,0.0,53.1,824.995,"",'132978955319311954401,2026-05-20,11129479657,8aa47c16-d609-4361-9284-b77194b9a99a,"",Forward,100074750447,100074750447,11504,1102.86,5.0,570.0,0.0,570.0,packet_delivered,0.0,0.0,0.0,0.0,0.0,0.0,0.0,0.0,NA,0,1329.0
NFT-/XUTR/DEUTH02614027640X,21.91,0.0,0.0,1499.0,199.276,9.406,0.949,0.0,0.0,prepaid,0.19,0.0,0.0,11.697,0.0,13.80246,174.929,"",'132943443004895694201,2026-05-20,11122205233,d52fd744-8f37-4131-b6d3-8e2da9fdd097,"",Forward,100067476043,100067476043,11504,438.1,5.0,945.0,0.0,945.0,packet_delivered,0.0,0.0,0.0,0.0,0.0,0.0,0.0,0.0,NA,0,554.01
NFT-/XUTR/DEUTH02614027640X,40.67,0.0,0.0,2699.0,51.66,13.411,0.246,0.0,0.0,prepaid,0.049,11.01,0.0,0.0,0.0,12.9918,-50.946,"",'132941766452796055103,2026-05-20,11121842075,c10bddfe-39ac-4cfb-ba71-b6ee3e25f399,100158309922,Reverse,100067112887,100067112887,11504,813.33,5.0,1674.0,0.0,1674.0,return_refund,0.0,0.0,0.0,0.0,0.0,0.0,0.0,0.0,NA,0,1025.0
NFT-/XUTR/DEUTH02614027640X,51.86,0.0,0.0,1799.0,1089.0,257.004,5.186,0.0,0.0,prepaid,1.037,0.0,0.0,45.0,0.0,53.1,772.673,"",'132949428691211037703,2026-05-20,11123219451,6ad32117-980d-43fc-9024-5c55ea0b4d10,"",Forward,100068490258,100068490258,11504,1037.14,5.0,539.0,0.0,539.0,packet_delivered,0.0,0.0,0.0,0.0,0.0,0.0,0.0,0.0,NA,0,1260.0
NFT-/XUTR/DEUTH02614027640X,27.43,0.0,0.0,1799.0,576.0,40.781,2.743,0.0,0.0,prepaid,0.549,0.0,0.0,27.0,0.0,31.86,500.067,"",'132948530370966229803,2026-05-20,11122986345,303d1c4b-23d1-4a36-914f-14907870839d,"",Forward,100068257154,100068257154,11504,548.57,5.0,1129.0,0.0,1129.0,packet_delivered,0.0,0.0,0.0,0.0,0.0,0.0,0.0,0.0,NA,0,670.0
NFT-/XUTR/DEUTH02614027640X,68.0,0.0,0.0,1599.0,1428.0,337.008,6.8,0.0,0.0,prepaid,1.36,0.0,0.0,45.0,0.0,53.1,1029.732,"",'132966252520566849601,2026-05-20,11126687100,b4ac197c-4e05-4fe6-b377-9614c86329f6,"",Forward,100071957894,100071957894,11504,1360,5.0,0.0,0.0,0.0,packet_delivered,0.0,0.0,0.0,0.0,0.0,0.0,0.0,0.0,NA,0,1599.0
NFT-/XUTR/DEUTH02614027640X,386.54,0.0,0.0,2799.0,2534.0,448.518,10.737,0.0,0.0,prepaid,2.147,0.0,0.0,61.0,0.0,71.98,2000.618,"",'132971334250748901903,2026-05-20,11128235777,1d11f2f7-92d2-4fe6-9bb6-1c6ecab1195e,"",Forward,100073506568,100073506568,11504,2147.46,18.0,0.0,0.0,0.0,packet_delivered,0.0,0.0,0.0,0.0,0.0,0.0,0.0,0.0,NA,0,2799.0
NFT-/XUTR/DEUTH02614027640X,48.48,0.0,0.0,1699.0,1018.0,240.248,4.848,0.0,0.0,prepaid,0.97,0.0,0.0,45.0,0.0,53.1,718.834,"",'132950224843648057203,2026-05-20,11123464951,0dbeb6d5-cec9-4bdf-aa00-4d60c47ad1b1,"",Forward,100068735757,100068735757,11504,969.52,5.0,510.0,0.0,510.0,packet_delivered,0.0,0.0,0.0,0.0,0.0,0.0,0.0,0.0,NA,0,1189.0
NFT-/XUTR/DEUTH02614027640X,49.76,0.0,0.0,2599.0,804.12,199.261,3.829,0.0,0.0,prepaid,0.766,0.0,0.0,34.627,0.0,40.85986,559.404,"",'132977348507542130001,2026-05-20,11129100636,35637e3d-6573-455b-b754-3e625c2dbaa8,"",Forward,100074371427,1000022044800,11504,995.24,5.0,1383.0,0.0,1383.0,packet_delivered,0.0,0.0,0.0,0.0,0.0,0.0,0.0,0.0,NA,0,1216.0
NFT-/XUTR/DEUTH02614027640X,24.57,0.0,0.0,1650.0,516.0,133.954,2.457,0.0,0.0,prepaid,0.491,0.0,0.0,27.0,0.0,31.86,347.238,"",'132941640228590373503,2026-05-20,11121812712,d1ae425b-ede9-4434-8ba2-6d27ee1e19d4,"",Forward,100067083524,100067083524,11504,491.43,5.0,1040.0,0.0,1040.0,packet_delivered,0.0,0.0,0.0,0.0,0.0,0.0,0.0,0.0,NA,0,610.0
NFT-/XUTR/DEUTH02614027640X,22.48,0.0,0.0,1499.0,472.0,22.278,2.248,0.0,0.0,prepaid,0.45,0.0,0.0,27.0,0.0,31.86,415.164,"",'132949187130349796903,2026-05-20,11123147648,c4129e20-77a8-422a-a712-8e524a4aa3b2,"",Forward,100068418457,1000019873328,11504,449.52,5.0,933.0,0.0,933.0,packet_delivered,0.0,0.0,0.0,0.0,0.0,0.0,0.0,0.0,NA,0,566.0
NFT-/XUTR/DEUTH02614027640X,23.48,0.0,0.0,1799.0,493.0,23.27,2.348,0.0,0.0,prepaid,0.47,0.0,0.0,19.0,0.0,22.42,444.492,"",'132947428289698688103,2026-05-20,11122858088,4d688f68-10fb-4e43-83cf-ff42960c8dc8,"",Forward,100068128897,1000020417867,11504,469.52,5.0,1212.0,0.0,1212.0,packet_delivered,0.0,0.0,0.0,0.0,0.0,0.0,0.0,0.0,NA,0,587.0
NFT-/XUTR/DEUTH02614027640X,63.19,0.0,0.0,2999.0,1327.0,328.831,6.319,0.0,0.0,prepaid,1.264,182.0,0.0,0.0,0.0,214.76,-1205.346,"",'132948343947668603401,2026-05-20,11122952024,e9e0c7a9-7cf5-4e75-b6af-ddb5c1291c17,100158685436,Reverse,100068222833,1000020417725,11504,1263.81,5.0,1501.0,0.0,1501.0,return_refund,0.0,0.0,0.0,0.0,0.0,0.0,0.0,0.0,NA,0,1498.0
NFT-/XUTR/DEUTH02614027640X,103.48,0.0,0.0,3399.0,634.51,149.744,3.021,0.0,0.0,prepaid,0.604,30.952,0.0,0.0,0.0,36.52336,-517.664,"",'132977630218334070403,2026-05-20,11129160704,62f25db3-4895-42cf-8e4a-ee123f7d2b96,100158390619,Reverse,100074431494,1000022047880,11504,2069.52,5.0,1020.0,0.0,1020.0,return_refund,0.0,0.0,0.0,0.0,0.0,0.0,0.0,0.0,NA,0,2379.0
NFT-/XUTR/DEUTH02614027640X,441.46,0.0,0.0,3100.0,2894.0,682.984,12.263,0.0,0.0,prepaid,2.453,182.0,0.0,0.0,0.0,214.76,-2411.06,"",'132962671225234076303,2026-05-20,11126317389,06b50f5f-5137-4305-ab87-c9ca2eea406e,100159227122,Reverse,100071588189,1000020999725,11504,2452.54,18.0,0.0,0.0,0.0,return_refund,0.0,0.0,0.0,0.0,0.0,0.0,0.0,0.0,NA,0,3100.0
NFT-/XUTR/DEUTH02614027640X,33.71,0.0,0.0,2999.0,206.74,9.758,0.984,0.0,0.0,prepaid,0.197,0.0,0.0,7.884,0.0,9.30312,186.498,"",'132977630218334070403,2026-05-20,11129160705,62f25db3-4895-42cf-8e4a-ee123f7d2b96,"",Forward,100074431495,1000022047880,11504,674.29,5.0,2197.0,0.0,2197.0,packet_delivered,0.0,0.0,0.0,0.0,0.0,0.0,0.0,0.0,NA,0,802.0
NFT-/XUTR/DEUTH02614027640X,38.38,0.0,0.0,1799.0,806.0,209.238,3.838,0.0,0.0,prepaid,0.768,0.0,0.0,27.0,0.0,31.86,560.296,"",'132981791555464082901,2026-05-20,11129858304,97522490-9f85-40f5-a3dd-c72e89d544f4,"",Forward,100075129094,100075129094,11504,767.62,5.0,899.0,0.0,899.0,packet_delivered,0.0,0.0,0.0,0.0,0.0,0.0,0.0,0.0,NA,0,900.0
NFT-/XUTR/DEUTH02614027640X,77.52,0.0,0.0,1799.0,1628.0,384.208,7.752,0.0,0.0,prepaid,1.55,0.0,0.0,45.0,0.0,53.1,1181.39,"",'132948727441578510103,2026-05-20,11123030146,8d695226-7939-4ff1-832a-6fe7f4ef668d,"",Forward,100068300955,100068300955,11504,1550.48,5.0,0.0,0.0,0.0,packet_delivered,0.0,0.0,0.0,0.0,0.0,0.0,0.0,0.0,NA,0,1799.0
NFT-/XUTR/DEUTH02614027640X,0.0,18.57,18.57,1750.0,780.0,147.264,0.0,1.857,1.857,prepaid,0.743,0.0,0.0,27.0,0.0,31.86,596.419,"",'132983244229175109503,2026-05-20,11129999761,8576ec32-a463-414f-81dc-9e01cb51677c,"",Forward,100075270551,100075270551,11504,742.86,5.0,876.0,0.0,876.0,packet_delivered,0.0,0.0,0.0,0.0,0.0,0.0,0.0,0.0,NA,0,874.0000000000001
NFT-/XUTR/DEUTH02614027640X,104.0,0.0,0.0,6399.0,2184.0,515.424,10.4,0.0,0.0,prepaid,2.08,291.0,0.0,0.0,0.0,343.38,-1999.476,"",'132974264076208544301,2026-05-20,11128451548,d487815d-3814-4d02-8b0f-f493173a70a9,100158542329,Reverse,100073722339,100073722339,11504,2080,5.0,3903.0,0.0,3903.0,return_refund,0.0,0.0,0.0,0.0,0.0,0.0,0.0,0.0,NA,0,2496.0
NFT-/XUTR/DEUTH02614027640X,40.67,0.0,0.0,2699.0,51.66,13.411,0.246,0.0,0.0,prepaid,0.049,0.0,0.0,1.633,0.0,1.92694,36.027,"",'132941766452796055103,2026-05-20,11121842075,c10bddfe-39ac-4cfb-ba71-b6ee3e25f399,"",Forward,100067112887,100067112887,11504,813.33,5.0,1674.0,0.0,1674.0,packet_delivered,0.0,0.0,0.0,0.0,0.0,0.0,0.0,0.0,NA,0,1025.0
NFT-/XUTR/DEUTH02614027640X,24.91,0.0,0.0,1999.0,523.0,24.686000000000003,2.49,0.0,0.0,prepaid,0.498,106.0,0.0,0.0,0.0,125.08,-620.406,"",'132968912718573128903,2026-05-20,11127477542,280a8499-3687-4a0a-808b-fb01635660a9,100158800251,Reverse,100072748335,100072748335,11504,498.1,5.0,1382.0,0.0,1382.0,return_refund,0.0,0.0,0.0,0.0,0.0,0.0,0.0,0.0,NA,0,617.01
NFT-/XUTR/DEUTH02614027640X,31.67,0.0,0.0,1599.0,665.0,172.634,3.167,0.0,0.0,prepaid,0.633,0.0,0.0,27.0,0.0,31.86,456.706,"",'132943662240537718403,2026-05-20,11122255333,e676e435-c27c-4d97-a014-0689e89414af,"",Forward,100067526142,100067526142,11504,633.33,5.0,840.0,0.0,840.0,packet_delivered,0.0,0.0,0.0,0.0,0.0,0.0,0.0,0.0,NA,0,759.0
NFT-/XUTR/DEUTH02614027640X,25.57,0.0,0.0,1699.0,537.0,38.02,2.557,0.0,0.0,prepaid,0.511,106.0,0.0,0.0,0.0,125.08,-620.992,"",'132979534358686832501,2026-05-20,11129640935,7a538769-3198-4ff6-9c5d-c5c754624001,100158413029,Reverse,100074911725,1000022049990,11504,511.43,5.0,1068.0,0.0,1068.0,return_refund,0.0,0.0,0.0,0.0,0.0,0.0,0.0,0.0,NA,0,631.0
NFT-/XUTR/DEUTH02614027640X,33.1,0.0,0.0,2699.0,12.09,0.571,0.058,0.0,0.0,prepaid,0.012,0.0,0.0,0.47,0.0,0.5546,10.894,"",'132948376096015635303,2026-05-20,11122957466,97b1dea0-be1b-4d68-ab49-4f6eb251d7e6,"",Forward,100068228274,1000020424685,11504,661.9,5.0,1910.0,0.0,1910.0,packet_delivered,0.0,0.0,0.0,0.0,0.0,0.0,0.0,0.0,NA,0,789.0
NFT-/XUTR/DEUTH02614027640X,30.57,0.0,0.0,1799.0,642.0,45.454,3.057,0.0,0.0,prepaid,0.611,0.0,0.0,27.0,0.0,31.86,561.018,"",'132977919644707341401,2026-05-20,11129225904,e4b95027-3c08-4bdc-b574-bc6091d260b3,"",Forward,100074496693,100074496693,11504,611.43,5.0,1063.0,0.0,1063.0,packet_delivered,0.0,0.0,0.0,0.0,0.0,0.0,0.0,0.0,NA,0,736.0
NFT-/XUTR/DEUTH02614027640X,35.29,0.0,0.0,2899.0,741.0,34.97500000000001,3.529,0.0,0.0,prepaid,0.706,0.0,0.0,27.0,0.0,31.86,669.93,"",'132949567541146825403,2026-05-20,11123263010,01017561-c3a5-44d7-a2c9-3c53a476b909,"",Forward,100068533817,100068533817,11504,705.71,5.0,2064.0,0.0,2064.0,packet_delivered,0.0,0.0,0.0,0.0,0.0,0.0,0.0,0.0,NA,0,835.0
NFT-/XUTR/DEUTH02614027640X,8.45,0.0,0.0,349.0,126.82,19.454,0.616,0.0,0.0,prepaid,0.123,55.538,0.0,0.0,0.0,65.53484,-172.162,"",'132959822695449583801,2026-05-20,11125513910,5b83c1e3-df02-4335-893f-5e3d46f196cc,100159812996,Reverse,100070784710,1000020553897,11504,281.55,3.0,0.0,0.0,0.0,return_refund,0.0,0.0,0.0,0.0,0.0,0.0,0.0,0.0,NA,0,349.0
NFT-/XUTR/DEUTH02614027640X,30.67,0.0,0.0,1850.0,644.0,167.182,3.067,0.0,0.0,prepaid,0.613,106.0,0.0,0.0,0.0,125.08,-598.218,"",'132971502061380891403,2026-05-20,11128270507,ed4075fe-68e7-441e-bb25-ac9725e75e7a,100158783624,Reverse,100073541298,100073541298,11504,613.33,5.0,1112.0,0.0,1112.0,return_refund,0.0,0.0,0.0,0.0,0.0,0.0,0.0,0.0,NA,0,738.0
NFT-/XUTR/DEUTH02614027640X,30.67,0.0,0.0,1699.0,644.0,167.182,3.067,0.0,0.0,prepaid,0.613,0.0,0.0,27.0,0.0,31.86,441.278,"",'132978303208247471501,2026-05-20,11129314234,50df8783-f09e-47b2-bae5-946d1251e9f2,"",Forward,100074585024,100074585024,11504,613.33,5.0,961.0,0.0,961.0,packet_delivered,0.0,0.0,0.0,0.0,0.0,0.0,0.0,0.0,NA,0,738.0
NFT-/XUTR/DEUTH02614027640X,59.0,0.0,0.0,2999.0,1239.0,307.024,5.9,0.0,0.0,prepaid,1.18,182.0,0.0,0.0,0.0,214.76,-1139.656,"",'132945891236488727801,2026-05-20,11122787771,ecdbec8b-a6e8-406c-b4cc-20f2fff75010,100158856310,Reverse,100068058580,100068058580,11504,1180,5.0,1589.0,0.0,1589.0,return_refund,0.0,0.0,0.0,0.0,0.0,0.0,0.0,0.0,NA,0,1410.0
NFT-/XUTR/DEUTH02614027640X,578.59,0.0,0.0,3999.0,3793.0,895.148,16.072,0.0,0.0,prepaid,3.214,0.0,0.0,61.0,0.0,71.98,2806.586,"",'132946236033950097003,2026-05-20,11122815655,3a40e53d-80f4-4c2a-a044-7b9acd18913a,"",Forward,100068086464,1000020402033,11504,3214.41,18.0,0.0,0.0,0.0,packet_delivered,0.0,0.0,0.0,0.0,0.0,0.0,0.0,0.0,NA,0,3999.0
NFT-/XUTR/DEUTH02614027640X,45.62,0.0,0.0,1699.0,958.0,248.697,4.562,0.0,0.0,prepaid,0.912,0.0,0.0,27.0,0.0,31.86,671.969,"",'132944921056137238903,2026-05-20,11122577810,5d2745f6-2fd5-4fb0-af3a-ab9142088604,"",Forward,100067848619,100067848619,11504,912.38,5.0,570.0,0.0,570.0,packet_delivered,0.0,0.0,0.0,0.0,0.0,0.0,0.0,0.0,NA,0,1129.0
NFT-/XUTR/DEUTH02614027640X,34.14,0.0,0.0,2799.0,717.0,33.842,3.414,0.0,0.0,prepaid,0.683,0.0,0.0,27.0,12.547,46.66546,632.396,"",'132978106072965115201,2026-05-20,11129268537,d71e1e01-7f4c-401a-a358-b0998a8a1580,"",Forward,100074539327,100074539327,11504,682.86,5.0,1988.0,0.0,1988.0,packet_delivered,0.0,0.0,0.0,0.0,0.0,0.0,0.0,0.0,NA,0,811.0
NFT-/XUTR/DEUTH02614027640X,41.38,0.0,0.0,1899.0,869.0,225.592,4.138,0.0,0.0,prepaid,0.828,0.0,0.0,27.0,0.0,31.86,606.582,"",'132948912021136619001,2026-05-20,11123073958,389ed852-1d57-40ac-a8ba-d232e8576a82,"",Forward,100068344767,100068344767,11504,827.62,5.0,936.0,0.0,936.0,packet_delivered,0.0,0.0,0.0,0.0,0.0,0.0,0.0,0.0,NA,0,963.0
NFT-/XUTR/DEUTH02614027640X,36.0,0.0,0.0,1699.0,756.0,196.258,3.6,0.0,0.0,prepaid,0.72,182.0,0.0,0.0,0.0,214.76,-770.182,"",'132949380780542107303,2026-05-20,11123204827,81b2f7ab-938e-4ae9-ad31-e8d7179a24c8,100158277724,Reverse,100068475634,1000019886774,11504,720,5.0,849.0,0.0,849.0,return_refund,0.0,0.0,0.0,0.0,0.0,0.0,0.0,0.0,NA,0,850.0
NFT-/XUTR/DEUTH02614027640X,54.52,0.0,0.0,2950.0,1145.0,283.731,5.452,0.0,0.0,prepaid,1.09,0.0,0.0,45.0,0.0,53.1,801.627,"",'132942564784102718903,2026-05-20,11122008272,9d741896-4eb3-4e9a-909a-de337d45b56c,"",Forward,100067279083,100067279083,11504,1090.48,5.0,1634.0,0.0,1634.0,packet_delivered,0.0,0.0,0.0,0.0,0.0,0.0,0.0,0.0,NA,0,1316.0
NFT-/XUTR/DEUTH02614027640X,38.0,0.0,0.0,2950.0,798.0,37.666,3.8,0.0,0.0,prepaid,0.76,0.0,0.0,27.0,6.863,39.95834,715.816,"",'132976674531202414001,2026-05-20,11128954480,b87a0075-3584-4b73-a56a-921b8c06ae72,"",Forward,100074225272,100074225272,11504,760,5.0,2058.0,0.0,2058.0,packet_delivered,0.0,0.0,0.0,0.0,0.0,0.0,0.0,0.0,NA,0,892.0
NFT-/XUTR/DEUTH02614027640X,70.1,0.0,0.0,1999.0,1472.0,347.392,7.01,0.0,0.0,prepaid,1.402,127.0,0.0,0.0,0.0,149.86,-1266.056,"",'132970230249474200403,2026-05-20,11127863769,03d78279-188e-4cbb-a796-be7a7e55f4ac,100159144617,Reverse,100073134561,100073134561,11504,1401.9,5.0,356.0,0.0,356.0,return_refund,0.0,0.0,0.0,0.0,0.0,0.0,0.0,0.0,NA,0,1643.0
NFT-/XUTR/DEUTH02614027640X,90.1,0.0,0.0,2999.0,1892.0,468.838,9.01,0.0,0.0,prepaid,1.802,0.0,0.0,45.0,0.0,53.1,1359.25,"",'132977969892563093801,2026-05-20,11129237663,a8256ac7-1008-49ce-9197-798d5b5776e1,"",Forward,100074508453,1000022038499,11504,1801.9,5.0,901.0,0.0,901.0,packet_delivered,0.0,0.0,0.0,0.0,0.0,0.0,0.0,0.0,NA,0,2098.0
NFT-/XUTR/DEUTH02614027640X,38.33,0.0,0.0,1799.0,805.0,208.978,3.833,0.0,0.0,prepaid,0.767,0.0,0.0,27.0,0.0,31.86,559.562,"",'132971141765570455301,2026-05-20,11128183295,854adf12-5515-4f69-9d96-5db00de8014c,"",Forward,100073454086,100073454086,11504,766.67,5.0,900.0,0.0,900.0,packet_delivered,0.0,0.0,0.0,0.0,0.0,0.0,0.0,0.0,NA,0,899.0
NFT-/XUTR/DEUTH02614027640X,33.1,0.0,0.0,3499.0,695.0,32.804,3.31,0.0,0.0,prepaid,0.662,106.0,0.0,0.0,0.0,125.08,-783.304,"",'132983603630297966401,2026-05-20,11130070234,c08f5f00-9cde-4ead-8abc-c42b0372a170,100158491090,Reverse,100075341024,100075341024,11504,661.9,5.0,2710.0,0.0,2710.0,return_refund,0.0,0.0,0.0,0.0,0.0,0.0,0.0,0.0,NA,0,789.0
NFT-/XUTR/DEUTH02614027640X,20.29,0.0,0.0,1699.0,426.0,20.107,2.029,0.0,0.0,prepaid,0.406,0.0,0.0,15.0,0.0,17.7,385.758,"",'132945681328052945003,2026-05-20,11122761034,0a043fd2-459e-4660-a4fe-c439346501c0,"",Forward,100068031843,1000019746514,11504,405.71,5.0,1179.0,0.0,1179.0,packet_delivered,0.0,0.0,0.0,0.0,0.0,0.0,0.0,0.0,NA,0,520.0
NFT-/XUTR/DEUTH02614027640X,90.14,0.0,0.0,2999.0,1893.0,469.085,9.014,0.0,0.0,prepaid,1.803,0.0,0.0,45.0,0.0,53.1,1359.998,"",'132946236033950097003,2026-05-20,11122815653,3a40e53d-80f4-4c2a-a044-7b9acd18913a,"",Forward,100068086462,1000020402033,11504,1802.86,5.0,900.0,0.0,900.0,packet_delivered,0.0,0.0,0.0,0.0,0.0,0.0,0.0,0.0,NA,0,2099.0
NFT-/XUTR/DEUTH02614027640X,38.0,0.0,0.0,2950.0,798.0,37.666,3.8,0.0,0.0,prepaid,0.76,106.0,0.0,0.0,0.0,125.08,-880.854,"",'132976674531202414001,2026-05-20,11128954480,b87a0075-3584-4b73-a56a-921b8c06ae72,100160257468,Reverse,100074225272,100074225272,11504,760,5.0,2058.0,0.0,2058.0,return_refund,0.0,0.0,0.0,0.0,0.0,0.0,0.0,0.0,NA,0,892.0
NFT-/XUTR/DEUTH02614027640X,560.9,0.0,0.0,5999.0,3677.0,867.772,15.581,0.0,0.0,prepaid,3.116,346.0,0.0,0.0,0.0,408.28,-3198.811,"",'132944410775358862801,2026-05-20,11122434150,ba01537d-68ad-4256-8f22-f1fc4e8ea823,100158396672,Reverse,100067704959,1000020408187,11504,3116.1,18.0,2010.0,0.0,2010.0,return_refund,0.0,0.0,0.0,0.0,0.0,0.0,0.0,0.0,NA,0,3989.0
NFT-/XUTR/DEUTH02614027640X,106.81,0.0,0.0,3499.0,2243.0,529.348,10.681,0.0,0.0,prepaid,2.136,182.0,0.0,0.0,0.0,214.76,-1915.595,"",'132945261570660960803,2026-05-20,11122672410,ade79405-0b71-4cd2-ac2c-224d24844d9f,100159438978,Reverse,100067943219,100067943219,11504,2136.19,5.0,1050.0,0.0,1050.0,return_refund,0.0,0.0,0.0,0.0,0.0,0.0,0.0,0.0,NA,0,2449.0
NFT-/XUTR/DEUTH02614027640X,24.91,0.0,0.0,1999.0,523.0,24.686000000000003,2.49,0.0,0.0,prepaid,0.498,0.0,0.0,3.0,0.0,3.54,491.786,"",'132949382475090793303,2026-05-20,11123205380,3a22868c-b9ee-45c0-8a4d-52434258b8ad,"",Forward,100068476187,100068476187,11504,498.1,5.0,1382.0,0.0,1382.0,packet_delivered,0.0,0.0,0.0,0.0,0.0,0.0,0.0,0.0,NA,0,617.01
NFT-/XUTR/DEUTH02614027640X,33.76,0.0,0.0,1999.0,709.0,184.056,3.376,0.0,0.0,prepaid,0.675,0.0,0.0,27.0,0.0,31.86,489.033,"",'132956938006362970703,2026-05-20,11124765880,4d75169a-6c28-473c-9f5e-d70443ebea36,"",Forward,100070036684,100070036684,11504,675.24,5.0,1196.0,0.0,1196.0,packet_delivered,0.0,0.0,0.0,0.0,0.0,0.0,0.0,0.0,NA,0,803.0
NFT-/XUTR/DEUTH02614027640X,25.57,0.0,0.0,1699.0,537.0,38.02,2.557,0.0,0.0,prepaid,0.511,0.0,0.0,27.0,0.0,31.86,464.052,"",'132979534358686832501,2026-05-20,11129640935,7a538769-3198-4ff6-9c5d-c5c754624001,"",Forward,100074911725,1000022049990,11504,511.43,5.0,1068.0,0.0,1068.0,packet_delivered,0.0,0.0,0.0,0.0,0.0,0.0,0.0,0.0,NA,0,631.0
NFT-/XUTR/DEUTH02614027640X,36.0,0.0,0.0,1699.0,756.0,196.258,3.6,0.0,0.0,prepaid,0.72,0.0,0.0,27.0,0.0,31.86,523.562,"",'132950833021293694201,2026-05-20,11123643217,bffdbe64-4b96-4a26-871d-5454d9175a0b,"",Forward,100068914023,1000019991273,11504,720,5.0,849.0,0.0,849.0,packet_delivered,0.0,0.0,0.0,0.0,0.0,0.0,0.0,0.0,NA,0,850.0
NFT-/XUTR/DEUTH02614027640X,33.1,0.0,0.0,3499.0,695.0,32.804,3.31,0.0,0.0,prepaid,0.662,0.0,0.0,27.0,0.0,31.86,626.364,"",'132983603630297966401,2026-05-20,11130070234,c08f5f00-9cde-4ead-8abc-c42b0372a170,"",Forward,100075341024,100075341024,11504,661.9,5.0,2710.0,0.0,2710.0,packet_delivered,0.0,0.0,0.0,0.0,0.0,0.0,0.0,0.0,NA,0,789.0
NFT-/XUTR/DEUTH02614027640X,49.33,0.0,0.0,1699.0,1036.0,244.496,4.933,0.0,0.0,prepaid,0.987,0.0,0.0,45.0,0.0,53.1,732.484,"",'132949243733960467403,2026-05-20,11123164057,c80deef6-dbca-48b7-954e-dc6096e9ecef,"",Forward,100068434866,100068434866,11504,986.67,5.0,492.0,0.0,492.0,packet_delivered,0.0,0.0,0.0,0.0,0.0,0.0,0.0,0.0,NA,0,1207.0
NFT-/XUTR/DEUTH02614027640X,36.19,0.0,0.0,1799.0,760.0,197.296,3.619,0.0,0.0,prepaid,0.724,182.0,0.0,0.0,0.0,214.76,-773.121,"",'132944703423925945803,2026-05-20,11122514834,618c97aa-8fc6-4ff9-a264-68b031297c36,100158405533,Reverse,100067785643,1000020413825,11504,723.81,5.0,945.0,0.0,945.0,return_refund,0.0,0.0,0.0,0.0,0.0,0.0,0.0,0.0,NA,0,854.0
NFT-/XUTR/DEUTH02614027640X,560.9,0.0,0.0,5999.0,3677.0,867.772,15.581,0.0,0.0,prepaid,3.116,0.0,0.0,61.0,0.0,71.98,2718.551,"",'132944410775358862801,2026-05-20,11122434150,ba01537d-68ad-4256-8f22-f1fc4e8ea823,"",Forward,100067704959,1000020408187,11504,3116.1,18.0,2010.0,0.0,2010.0,packet_delivered,0.0,0.0,0.0,0.0,0.0,0.0,0.0,0.0,NA,0,3989.0
NFT-/XUTR/DEUTH02614027640X,63.29,0.0,0.0,2999.0,1329.0,329.326,6.329,0.0,0.0,prepaid,1.266,127.0,0.0,0.0,0.0,149.86,-1141.939,"",'132959986730413274301,2026-05-20,11125558961,c19f8a03-5d52-463d-ac32-b2a44b23aec5,100159553982,Reverse,100070829761,100070829761,11504,1265.71,5.0,1499.0,0.0,1499.0,return_refund,0.0,0.0,0.0,0.0,0.0,0.0,0.0,0.0,NA,0,1500.0
NFT-/XUTR/DEUTH02614027640X,25.48,0.0,0.0,1699.0,535.0,37.878,2.548,0.0,0.0,prepaid,0.51,0.0,0.0,27.0,0.0,31.86,462.204,"",'132948087165452892703,2026-05-20,11122913184,70db140a-ac0c-4346-b37c-00de4541d895,"",Forward,100068183993,1000020412433,11504,509.52,5.0,1070.0,0.0,1070.0,packet_delivered,0.0,0.0,0.0,0.0,0.0,0.0,0.0,0.0,NA,0,629.0
NFT-/XUTR/DEUTH02614027640X,51.1,0.0,0.0,1750.0,1073.0,253.228,5.11,0.0,0.0,prepaid,1.022,0.0,0.0,45.0,0.0,53.1,760.54,"",'132945370288318929701,2026-05-20,11122700189,dddee425-b48a-46b8-ac82-5b29547a2ca0,"",Forward,100067970998,100067970998,11504,1021.9,5.0,506.0,0.0,506.0,packet_delivered,0.0,0.0,0.0,0.0,0.0,0.0,0.0,0.0,NA,0,1244.0
NFT-/XUTR/DEUTH02614027640X,40.67,0.0,0.0,1899.0,854.0,221.698,4.067,0.0,0.0,prepaid,0.813,0.0,0.0,27.0,0.0,31.86,595.562,"",'132964228190341733701,2026-05-20,11126464643,c7b5c7e6-a1b1-40d4-87fc-be8d7ab602f7,"",Forward,100071735443,100071735443,11504,813.33,5.0,951.0,0.0,951.0,packet_delivered,0.0,0.0,0.0,0.0,0.0,0.0,0.0,0.0,NA,0,948.0
NFT-/XUTR/DEUTH02614027640X,426.05,0.0,0.0,2999.0,2793.0,659.148,11.835,0.0,0.0,prepaid,2.367,0.0,0.0,61.0,0.0,71.98,2047.67,"",'132949123619286299701,2026-05-20,11123129262,b036bc64-81f1-44a3-ae09-8c045d8dfa65,"",Forward,100068400071,100068400071,11504,2366.95,18.0,0.0,0.0,0.0,packet_delivered,0.0,0.0,0.0,0.0,0.0,0.0,0.0,0.0,NA,0,2999.0
NFT-/XUTR/DEUTH02614027640X,63.19,0.0,0.0,2999.0,1327.0,328.831,6.319,0.0,0.0,prepaid,1.264,0.0,0.0,45.0,0.0,53.1,937.486,"",'132948519999364960001,2026-05-20,11122984221,340a89c6-6910-4bc2-b775-85b2c13af7b1,"",Forward,100068255030,100068255030,11504,1263.81,5.0,1501.0,0.0,1501.0,packet_delivered,0.0,0.0,0.0,0.0,0.0,0.0,0.0,0.0,NA,0,1498.0
NFT-/XUTR/DEUTH02614027640X,37.19,0.0,0.0,1750.0,781.0,202.748,3.719,0.0,0.0,prepaid,0.744,0.0,0.0,27.0,0.0,31.86,541.929,"",'132944172345610388101,2026-05-20,11122374688,a5f963b9-f8f4-4afc-b54d-53cddd31ef55,"",Forward,100067645497,100067645497,11504,743.81,5.0,875.0,0.0,875.0,packet_delivered,0.0,0.0,0.0,0.0,0.0,0.0,0.0,0.0,NA,0,875.0
NFT-/XUTR/DEUTH02614027640X,115.14,0.0,0.0,3499.0,2418.0,570.648,11.514,0.0,0.0,prepaid,2.303,0.0,0.0,61.0,0.0,71.98,1761.555,"",'132959762167224959801,2026-05-20,11125497733,04207c7f-9b11-49c8-a6e3-7ce3092f24a3,"",Forward,100070768533,100070768533,11504,2302.86,5.0,875.0,0.0,875.0,packet_delivered,0.0,0.0,0.0,0.0,0.0,0.0,0.0,0.0,NA,0,2624.0
NFT-/XUTR/DEUTH02614027640X,60.86,0.0,0.0,2899.0,1278.0,316.688,6.086,0.0,0.0,prepaid,1.217,0.0,0.0,45.0,0.0,53.1,900.909,"",'132983315389546766303,2026-05-20,11130012901,d19f4d95-a587-414e-b07b-e41945275df9,"",Forward,100075283691,100075283691,11504,1217.14,5.0,1450.0,0.0,1450.0,packet_delivered,0.0,0.0,0.0,0.0,0.0,0.0,0.0,0.0,NA,0,1449.0
NFT-/XUTR/DEUTH02614027640X,42.52,0.0,0.0,2599.0,893.0,231.823,4.252,0.0,0.0,prepaid,0.85,182.0,0.0,0.0,0.0,214.76,-870.835,"",'132944772670835971401,2026-05-20,11122534608,5122f832-b338-486f-ae28-658d90ffcabd,100159157569,Reverse,100067805417,100067805417,11504,850.48,5.0,1612.0,0.0,1612.0,return_refund,0.0,0.0,0.0,0.0,0.0,0.0,0.0,0.0,NA,0,987.0
NFT-/XUTR/DEUTH02614027640X,0.0,19.52,19.52,1799.0,820.0,212.872,0.0,1.9525,1.9525,prepaid,0.781,0.0,0.0,27.0,0.0,31.86,570.582,"",'132977639769785717803,2026-05-20,11129162765,12102b5b-d311-4544-be81-33f82611ff3d,"",Forward,100074433555,100074433555,11504,780.96,5.0,885.0,0.0,885.0,packet_delivered,0.0,0.0,0.0,0.0,0.0,0.0,0.0,0.0,NA,0,914.0
NFT-/XUTR/DEUTH02614027640X,33.1,0.0,0.0,2699.0,695.0,32.804,3.31,0.0,0.0,prepaid,0.662,127.0,0.0,0.0,0.0,149.86,-808.084,"",'132969345182372343703,2026-05-20,11127602298,9bada126-c765-4aba-8614-0161161f0d36,100158454405,Reverse,100072873091,100072873091,11504,661.9,5.0,1910.0,0.0,1910.0,return_refund,0.0,0.0,0.0,0.0,0.0,0.0,0.0,0.0,NA,0,789.0
NFT-/XUTR/DEUTH02614027640X,40.71,0.0,0.0,1899.0,855.0,221.958,4.071,0.0,0.0,prepaid,0.814,182.0,0.0,0.0,0.0,214.76,-842.917,"",'132942097089294459503,2026-05-20,11121918591,0cafd661-4eb1-4542-9c60-b117b2905234,100159232731,Reverse,100067189403,100067189403,11504,814.29,5.0,950.0,0.0,950.0,return_refund,0.0,0.0,0.0,0.0,0.0,0.0,0.0,0.0,NA,0,949.0
NFT-/XUTR/DEUTH02614027640X,63.29,0.0,0.0,2999.0,1329.0,329.326,6.329,0.0,0.0,prepaid,1.266,0.0,0.0,45.0,0.0,53.1,938.979,"",'132962914213591814403,2026-05-20,11126369572,195b2e88-21e5-4579-b8e6-12aff11ff873,"",Forward,100071640372,100071640372,11504,1265.71,5.0,1499.0,0.0,1499.0,packet_delivered,0.0,0.0,0.0,0.0,0.0,0.0,0.0,0.0,NA,0,1500.0
NFT-/XUTR/DEUTH02614027640X,0.0,44.36,44.36,3999.0,1863.0,483.635,0.0,4.4355,4.4355,prepaid,1.774,106.0,0.0,0.0,0.0,125.08,-1493.8,"",'132978992746014524001,2026-05-20,11129489195,d4226269-1b15-42ed-8105-5898c9b53d36,100158843111,Reverse,100074759985,100074759985,11504,1774.28,5.0,1930.0,0.0,1930.0,return_refund,0.0,0.0,0.0,0.0,0.0,0.0,0.0,0.0,NA,0,2069.0
NFT-/XUTR/DEUTH02614027640X,24.91,0.0,0.0,1999.0,523.0,24.686000000000003,2.49,0.0,0.0,prepaid,0.498,0.0,0.0,3.0,0.0,3.54,491.786,"",'132968912718573128903,2026-05-20,11127477542,280a8499-3687-4a0a-808b-fb01635660a9,"",Forward,100072748335,100072748335,11504,498.1,5.0,1382.0,0.0,1382.0,packet_delivered,0.0,0.0,0.0,0.0,0.0,0.0,0.0,0.0,NA,0,617.01
NFT-/XUTR/DEUTH02614027640X,18.62,0.0,0.0,1599.0,391.0,18.455,1.862,0.0,0.0,prepaid,0.372,0.0,0.0,0.0,0.0,0.0,370.311,"",'132942714854963957903,2026-05-20,11122040019,76e44848-68df-4243-a51c-319db08b9402,"",Forward,100067310830,100067310830,11504,372.38,5.0,1114.0,0.0,1114.0,packet_delivered,0.0,0.0,0.0,0.0,0.0,0.0,0.0,0.0,NA,0,485.0
NFT-/XUTR/DEUTH02614027640X,25.57,0.0,0.0,1699.0,118.72000000000001,8.405,0.565,0.0,0.0,prepaid,0.113,28.077,0.0,0.0,0.0,33.13086,-142.768,"",'132970738411308913403,2026-05-20,11128040725,844f7e99-02d7-4018-9e33-073e5f1e1827,100160676703,Reverse,100073311515,100073311515,11504,511.43,5.0,1068.0,0.0,1068.0,return_refund,0.0,0.0,0.0,0.0,0.0,0.0,0.0,0.0,NA,0,631.0
NFT-/XUTR/DEUTH02614027640X,36.19,0.0,0.0,1799.0,760.0,197.296,3.619,0.0,0.0,prepaid,0.724,0.0,0.0,27.0,0.0,31.86,526.501,"",'132944703423925945803,2026-05-20,11122514834,618c97aa-8fc6-4ff9-a264-68b031297c36,"",Forward,100067785643,1000020413825,11504,723.81,5.0,945.0,0.0,945.0,packet_delivered,0.0,0.0,0.0,0.0,0.0,0.0,0.0,0.0,NA,0,854.0
NFT-/XUTR/DEUTH02614027640X,20.0,0.0,0.0,1499.0,420.0,19.824,2.0,0.0,0.0,prepaid,0.4,0.0,0.0,15.0,0.0,17.7,380.076,"",'132953693806223352701,2026-05-20,11124422016,abde8428-02de-49a1-b827-195812dc40d1,"",Forward,100069692820,100069692820,11504,400,5.0,985.0,0.0,985.0,packet_delivered,0.0,0.0,0.0,0.0,0.0,0.0,0.0,0.0,NA,0,514.0
NFT-/XUTR/DEUTH02614027640X,49.76,0.0,0.0,2599.0,1045.0,258.951,4.976,0.0,0.0,prepaid,0.995,0.0,0.0,45.0,0.0,53.1,726.978,"",'132977136848999978503,2026-05-20,11129055266,3f9ad514-7eca-494c-9203-2c87e074264f,"",Forward,100074326057,100074326057,11504,995.24,5.0,1383.0,0.0,1383.0,packet_delivered,0.0,0.0,0.0,0.0,0.0,0.0,0.0,0.0,NA,0,1216.0
NFT-/XUTR/DEUTH02614027640X,0.0,31.6,31.6,2999.0,348.08,86.254,0.0,0.829,0.829,prepaid,0.332,0.0,0.0,11.804,0.0,13.92872,245.907,"",'132978739349492116403,2026-05-20,11129423056,d13f1649-45de-44d5-a6d4-158e3d528091,"",Forward,100074693846,100074693846,11504,1263.8,5.0,1501.0,0.0,1501.0,packet_delivered,0.0,0.0,0.0,0.0,0.0,0.0,0.0,0.0,NA,0,1497.9999999999998
NFT-/XUTR/DEUTH02614027640X,19.05,0.0,0.0,1699.0,8.829999999999998,0.417,0.042,0.0,0.0,prepaid,0.008,2.804,0.0,0.0,0.0,3.30872,-11.672,"",'132951606008374072101,2026-05-20,11123853948,f25faa86-c357-48fd-8559-597ca0153b9f,100158470601,Reverse,100069124753,100069124753,11504,380.95,5.0,1205.0,0.0,1205.0,return_refund,0.0,0.0,0.0,0.0,0.0,0.0,0.0,0.0,NA,0,494.0
NFT-/XUTR/DEUTH02614027640X,63.19,0.0,0.0,2999.0,23.08,5.719,0.11,0.0,0.0,prepaid,0.022,3.166,0.0,0.0,0.0,3.73588,-20.965,"",'132948376096015635303,2026-05-20,11122957464,97b1dea0-be1b-4d68-ab49-4f6eb251d7e6,100158421716,Reverse,100068228272,1000020424685,11504,1263.81,5.0,1501.0,0.0,1501.0,return_refund,0.0,0.0,0.0,0.0,0.0,0.0,0.0,0.0,NA,0,1498.0
NFT-/XUTR/DEUTH02614027640X,36.57,0.0,0.0,1699.0,768.0,199.373,3.657,0.0,0.0,prepaid,0.731,0.0,0.0,27.0,0.0,31.86,532.379,"",'132949072047554540603,2026-05-20,11123114981,9ad4b895-a0dc-426c-b6ee-cddb12fe88b6,"",Forward,100068385790,100068385790,11504,731.43,5.0,837.0,0.0,837.0,packet_delivered,0.0,0.0,0.0,0.0,0.0,0.0,0.0,0.0,NA,0,862.0
NFT-/XUTR/DEUTH02614027640X,19.05,0.0,0.0,1699.0,400.0,18.88,1.905,0.0,0.0,prepaid,0.381,182.0,0.0,0.0,0.0,214.76,-593.594,"",'132952209866089310101,2026-05-20,11124007917,27b3deae-f1f9-4a48-98f5-a72cc024875e,100158449632,Reverse,100069278722,100069278722,11504,380.95,5.0,1205.0,0.0,1205.0,return_refund,0.0,0.0,0.0,0.0,0.0,0.0,0.0,0.0,NA,0,494.0
NFT-/XUTR/DEUTH02614027640X,40.71,0.0,0.0,1899.0,855.0,211.869,4.071,0.0,0.0,prepaid,0.814,0.0,0.0,27.0,0.0,31.86,606.386,"",'132970339253965936603,2026-05-20,11127899328,affdde56-04c4-43b4-b329-e16b06725ecf,"",Forward,100073170119,100073170119,11504,814.29,5.0,950.0,0.0,950.0,packet_delivered,0.0,0.0,0.0,0.0,0.0,0.0,0.0,0.0,NA,0,949.0
NFT-/XUTR/DEUTH02614027640X,25.57,0.0,0.0,1699.0,118.72,8.405,0.565,0.0,0.0,prepaid,0.113,0.0,0.0,5.969,0.0,7.04342,102.594,"",'132970738411308913403,2026-05-20,11128040725,844f7e99-02d7-4018-9e33-073e5f1e1827,"",Forward,100073311515,100073311515,11504,511.43,5.0,1068.0,0.0,1068.0,packet_delivered,0.0,0.0,0.0,0.0,0.0,0.0,0.0,0.0,NA,0,631.0
NFT-/XUTR/DEUTH02614027640X,20.43,0.0,0.0,1850.0,429.0,20.249,2.043,0.0,0.0,prepaid,0.409,182.0,0.0,0.0,0.0,214.76,-621.059,"",'132948087165452892703,2026-05-20,11122913185,70db140a-ac0c-4346-b37c-00de4541d895,100158281328,Reverse,100068183994,1000020412433,11504,408.57,5.0,1327.0,0.0,1327.0,return_refund,0.0,0.0,0.0,0.0,0.0,0.0,0.0,0.0,NA,0,523.0
NFT-/XUTR/DEUTH02614027640X,58.48,0.0,0.0,1999.0,1228.0,289.808,5.848,0.0,0.0,prepaid,1.17,0.0,0.0,45.0,0.0,53.1,878.074,"",'132979050243097408903,2026-05-20,11129504065,4372af21-7bf0-4383-8dd5-ba2e3b9d7a5f,"",Forward,100074774855,100074774855,11504,1169.52,5.0,600.0,0.0,600.0,packet_delivered,0.0,0.0,0.0,0.0,0.0,0.0,0.0,0.0,NA,0,1399.0
NFT-/XUTR/DEUTH02614027640X,40.48,0.0,0.0,2699.0,850.0,220.66,4.048,0.0,0.0,prepaid,0.81,0.0,0.0,27.0,0.0,31.86,592.622,"",'132944782812183089201,2026-05-20,11122537468,bfec0794-9f6c-4cca-9111-b6fe18b9e2d1,"",Forward,100067808277,100067808277,11504,809.52,5.0,1755.0,0.0,1755.0,packet_delivered,0.0,0.0,0.0,0.0,0.0,0.0,0.0,0.0,NA,0,944.0
NFT-/XUTR/DEUTH02614027640X,22.81,0.0,0.0,1599.0,479.0,22.609,2.281,0.0,0.0,prepaid,0.456,0.0,0.0,27.0,0.0,31.86,421.794,"",'132946103169635267903,2026-05-20,11122806768,fb6b2083-3308-46d1-bef8-7a8089006144,"",Forward,100068077577,100068077577,11504,456.19,5.0,1026.0,0.0,1026.0,packet_delivered,0.0,0.0,0.0,0.0,0.0,0.0,0.0,0.0,NA,0,573.0
NFT-/XUTR/DEUTH02614027640X,114.0,0.0,0.0,2600.0,2394.0,564.984,11.4,0.0,0.0,prepaid,2.28,0.0,0.0,61.0,0.0,71.98,1743.356,"",'132949610333842782503,2026-05-20,11123276170,c383ed1e-6eb9-4b09-ad36-75745f50f834,"",Forward,100068546977,100068546977,11504,2280,5.0,0.0,0.0,0.0,packet_delivered,0.0,0.0,0.0,0.0,0.0,0.0,0.0,0.0,NA,0,2600.0
NFT-/XUTR/DEUTH02614027640X,25.52,0.0,0.0,1999.0,536.0,25.299,2.552,0.0,0.0,prepaid,0.51,0.0,0.0,7.0,0.0,8.26,499.379,"",'132951083997696281601,2026-05-20,11123713482,87542cff-4ff0-410a-8ad7-6439ffa06bee,"",Forward,100068984288,100068984288,11504,510.48,5.0,1369.0,0.0,1369.0,packet_delivered,0.0,0.0,0.0,0.0,0.0,0.0,0.0,0.0,NA,0,630.0
NFT-/XUTR/DEUTH02614027640X,20.33,0.0,0.0,1799.0,427.0,20.154,2.033,0.0,0.0,prepaid,0.407,0.0,0.0,19.0,3.672,26.75296,377.653,"",'132979534358686832501,2026-05-20,11129640934,7a538769-3198-4ff6-9c5d-c5c754624001,"",Forward,100074911724,1000022049990,11504,406.67,5.0,1313.0,0.0,1313.0,packet_delivered,0.0,0.0,0.0,0.0,0.0,0.0,0.0,0.0,NA,0,486.0
NFT-/XUTR/DEUTH02614027640X,20.0,0.0,0.0,1499.0,420.0,19.824,2,0.0,0.0,prepaid,0.4,182.0,0.0,0.0,0.0,214.76,-612.536,"",'132950833021293694201,2026-05-20,11123643216,bffdbe64-4b96-4a26-871d-5454d9175a0b,100161480241,Reverse,100068914022,1000019991273,11504,400,5.0,985.0,0.0,985.0,return_refund,0.0,0.0,0.0,0.0,0.0,0.0,0.0,0.0,NA,0,514.0
NFT-/XUTR/DEUTH02614027640X,72.76,0.0,0.0,1699.0,1528.0,360.608,7.276,0.0,0.0,prepaid,1.455,182.0,0.0,0.0,0.0,214.76,-1373.421,"",'132942419945209665903,2026-05-20,11121991368,79345573-ddec-47a3-99a8-539bf7c2146e,100158427638,Reverse,100067262179,100067262179,11504,1455.24,5.0,0.0,0.0,0.0,return_refund,0.0,0.0,0.0,0.0,0.0,0.0,0.0,0.0,NA,0,1699.0
NFT-/XUTR/DEUTH02614027640X,20.24,0.0,0.0,1650.0,425.0,20.06,2.024,0.0,0.0,prepaid,0.405,182.0,0.0,0.0,0.0,214.76,-617.271,"",'132962189046328348503,2026-05-20,11126174017,7996833d-38f6-4834-991b-7833b8038034,100159865181,Reverse,100071444817,100071444817,11504,404.76,5.0,1131.0,0.0,1131.0,return_refund,0.0,0.0,0.0,0.0,0.0,0.0,0.0,0.0,NA,0,519.0
NFT-/XUTR/DEUTH02614027640X,35.33,0.0,0.0,2499.0,742.0,35.022,3.533,0.0,0.0,prepaid,0.707,0.0,0.0,27.0,0.0,31.86,670.878,"",'132953351924913096301,2026-05-20,11124314976,e06464e1-5275-4313-a447-588964f18b0e,"",Forward,100069585780,100069585780,11504,706.67,5.0,1663.0,0.0,1663.0,packet_delivered,0.0,0.0,0.0,0.0,0.0,0.0,0.0,0.0,NA,0,836.0
NFT-/XUTR/DEUTH02614027640X,63.29,0.0,0.0,2999.0,1329.0,329.326,6.329,0.0,0.0,prepaid,1.266,0.0,0.0,45.0,0.0,53.1,938.979,"",'132957189601354428003,2026-05-20,11124809151,b73376a0-1b9f-4652-9d30-e2ff9fb01e0f,"",Forward,100070079955,100070079955,11504,1265.71,5.0,1499.0,0.0,1499.0,packet_delivered,0.0,0.0,0.0,0.0,0.0,0.0,0.0,0.0,NA,0,1500.0
NFT-/XUTR/DEUTH02614027640X,38.33,0.0,0.0,1799.0,805.0,208.978,3.833,0.0,0.0,prepaid,0.767,0.0,0.0,27.0,0.0,31.86,559.562,"",'132970393803916264801,2026-05-20,11127917812,658b5bb9-e56e-4623-8eb6-62b1f07f6d22,"",Forward,100073188604,100073188604,11504,766.67,5.0,900.0,0.0,900.0,packet_delivered,0.0,0.0,0.0,0.0,0.0,0.0,0.0,0.0,NA,0,899.0
NFT-/XUTR/DEUTH02614027640X,23.67,0.0,0.0,1599.0,497.0,23.458,2.367,0.0,0.0,prepaid,0.473,0.0,0.0,27.0,0.0,31.86,438.842,"",'132943487948516919503,2026-05-20,11122215509,e6a8851a-2ac1-4bbb-865c-514fc2b77edb,"",Forward,100067486319,1000019616857,11504,473.33,5.0,1008.0,0.0,1008.0,packet_delivered,0.0,0.0,0.0,0.0,0.0,0.0,0.0,0.0,NA,0,591.0
NFT-/XUTR/DEUTH02614027640X,42.62,0.0,0.0,2999.0,895.0,232.342,4.262,0.0,0.0,prepaid,0.852,0.0,0.0,27.0,0.0,31.86,625.684,"",'132944944304861122801,2026-05-20,11122584636,769595e3-bba4-430d-acae-213784d25788,"",Forward,100067855445,100067855445,11504,852.38,5.0,2010.0,0.0,2010.0,packet_delivered,0.0,0.0,0.0,0.0,0.0,0.0,0.0,0.0,NA,0,989.0
NFT-/XUTR/DEUTH02614027640X,20.48,0.0,0.0,2499.0,430.0,20.296000000000003,2.048,0.0,0.0,prepaid,0.41,182.0,0.0,0.0,0.0,214.76,-622.006,"",'132950245930059673603,2026-05-20,11123471138,363592fa-bdd7-4c47-b242-dea742c52ade,100158355731,Reverse,100068741944,100068741944,11504,409.52,5.0,2001.0,0.0,2001.0,return_refund,0.0,0.0,0.0,0.0,0.0,0.0,0.0,0.0,NA,0,498.0
NFT-/XUTR/DEUTH02614027640X,70.38,0.0,0.0,3299.0,1137.3100000000002,281.826,5.416,0.0,0.0,prepaid,1.083,81.566,0.0,0.0,0.0,96.24788,-945.233,"",'132977348507542130001,2026-05-20,11129100630,35637e3d-6573-455b-b754-3e625c2dbaa8,100158469487,Reverse,100074371421,1000022044800,11504,1407.62,5.0,1650.0,0.0,1650.0,return_refund,0.0,0.0,0.0,0.0,0.0,0.0,0.0,0.0,NA,0,1649.0
NFT-/XUTR/DEUTH02614027640X,51.86,0.0,0.0,1799.0,1089.0,257.004,5.186,0.0,0.0,prepaid,1.037,182.0,0.0,0.0,0.0,214.76,-1040.533,"",'132949428691211037703,2026-05-20,11123219451,6ad32117-980d-43fc-9024-5c55ea0b4d10,100158696589,Reverse,100068490258,100068490258,11504,1037.14,5.0,539.0,0.0,539.0,return_refund,0.0,0.0,0.0,0.0,0.0,0.0,0.0,0.0,NA,0,1260.0
NFT-/XUTR/DEUTH02614027640X,38.33,0.0,0.0,1799.0,805.0,208.978,3.833,0.0,0.0,prepaid,0.767,0.0,0.0,27.0,0.0,31.86,559.562,"",'132943272371829476103,2026-05-20,11122166722,5d5e7459-9bcb-475c-90af-e6f3eb16f072,"",Forward,100067437532,100067437532,11504,766.67,5.0,900.0,0.0,900.0,packet_delivered,0.0,0.0,0.0,0.0,0.0,0.0,0.0,0.0,NA,0,899.0
NFT-/XUTR/DEUTH02614027640X,0.0,27.91,27.91,2899.0,1172.0,290.422,0.0,2.7905,2.7905,prepaid,1.116,0.0,0.0,45.0,0.0,53.1,821.781,"",'132981721871174643503,2026-05-20,11129856962,eb1f2557-564b-49c0-a7dc-c4a5c8f6757a,"",Forward,100075127752,1000022033688,11504,1116.2,5.0,1556.0,0.0,1556.0,packet_delivered,0.0,0.0,0.0,0.0,0.0,0.0,0.0,0.0,NA,0,1343.0200000000002
NFT-/XUTR/DEUTH02614027640X,79.38,0.0,0.0,2625.0,1667.0,413.083,7.938,0.0,0.0,prepaid,1.588,0.0,0.0,45.0,0.0,53.1,1191.291,"",'132950740896226593803,2026-05-20,11123617051,a49ab7dd-93e4-40c7-b759-e33a79e5f439,"",Forward,100068887857,1000020420459,11504,1587.62,5.0,787.0,0.0,787.0,packet_delivered,0.0,0.0,0.0,0.0,0.0,0.0,0.0,0.0,NA,0,1838.0
NFT-/XUTR/DEUTH02614027640X,36.0,0.0,0.0,1699.0,756.0,196.258,3.6,0.0,0.0,prepaid,0.72,106.0,0.0,0.0,0.0,125.08,-680.502,"",'132979360935956121303,2026-05-20,11129592220,d7ba105e-e555-4cb5-9630-5e801cf9efc1,100159303585,Reverse,100074863010,100074863010,11504,720,5.0,849.0,0.0,849.0,return_refund,0.0,0.0,0.0,0.0,0.0,0.0,0.0,0.0,NA,0,850.0
NFT-/XUTR/DEUTH02614027640X,441.46,0.0,0.0,3100.0,2894.0,682.984,12.263,0.0,0.0,prepaid,2.453,0.0,0.0,61.0,0.0,71.98,2124.32,"",'132962671225234076303,2026-05-20,11126317389,06b50f5f-5137-4305-ab87-c9ca2eea406e,"",Forward,100071588189,1000020999725,11504,2452.54,18.0,0.0,0.0,0.0,packet_delivered,0.0,0.0,0.0,0.0,0.0,0.0,0.0,0.0,NA,0,3100.0
NFT-/XUTR/DEUTH02614027640X,0.0,37.57,37.57,3499.0,1578.0,391.028,0.0,3.757,3.757,prepaid,1.503,0.0,0.0,45.0,0.0,53.1,1124.855,"",'132979333082047808801,2026-05-20,11129584088,6e795d7e-b90e-4a52-aef5-d8eb63ae7bd6,"",Forward,100074854878,100074854878,11504,1502.86,5.0,1750.0,0.0,1750.0,packet_delivered,0.0,0.0,0.0,0.0,0.0,0.0,0.0,0.0,NA,0,1748.9999999999998
NFT-/XUTR/DEUTH02614027640X,35.14,0.0,0.0,1799.0,738.0,191.585,3.514,0.0,0.0,prepaid,0.703,182.0,0.0,0.0,0.0,214.76,-756.958,"",'132945582202253304501,2026-05-20,11122744591,87b002bd-58d9-4562-9dad-1656c4da6ca4,100158830683,Reverse,100068015400,1000019744440,11504,702.86,5.0,967.0,0.0,967.0,return_refund,0.0,0.0,0.0,0.0,0.0,0.0,0.0,0.0,NA,0,832.0
NFT-/XUTR/DEUTH02614027640X,38.33,0.0,0.0,1799.0,805.0,208.978,3.833,0.0,0.0,prepaid,0.767,127.0,0.0,0.0,0.0,149.86,-741.282,"",'132941572097108564903,2026-05-20,11121796518,5b734de9-de08-4c56-94c5-be8163fba9f2,11121796518,Reverse,100067067329,100067067329,11504,766.67,5.0,900.0,0.0,900.0,exchange,0.0,0.0,0.0,0.0,0.0,0.0,0.0,0.0,NA,0,899.0
NFT-/XUTR/DEUTH02614027640X,34.33,0.0,0.0,2999.0,721.0,34.031,3.433,0.0,0.0,prepaid,0.687,0.0,0.0,27.0,0.0,31.86,650.989,"",'132959398147845008801,2026-05-20,11125395752,7e8b786a-6392-48af-8de9-bb96e57a0755,"",Forward,100070666553,100070666553,11504,686.67,5.0,2184.0,0.0,2184.0,packet_delivered,0.0,0.0,0.0,0.0,0.0,0.0,0.0,0.0,NA,0,815.0
NFT-/XUTR/DEUTH02614027640X,43.1,0.0,0.0,1999.0,905.0,234.938,4.31,0.0,0.0,prepaid,0.862,0.0,0.0,27.0,0.0,31.86,633.03,"",'132943987167974516403,2026-05-20,11122330332,1d1fd574-d94b-4c68-b3c7-ea51f7ffdddf,"",Forward,100067601141,100067601141,11504,861.9,5.0,1000.0,0.0,1000.0,packet_delivered,0.0,0.0,0.0,0.0,0.0,0.0,0.0,0.0,NA,0,999.0
NFT-/XUTR/DEUTH02614027640X,35.33,0.0,0.0,2399.0,742.0,35.022,3.533,0.0,0.0,prepaid,0.707,0.0,0.0,27.0,0.0,31.86,670.878,"",'132959686761989105801,2026-05-20,11125477311,07086a53-6100-4353-86e1-49aed2f45b1c,"",Forward,100070748111,100070748111,11504,706.67,5.0,1563.0,0.0,1563.0,packet_delivered,0.0,0.0,0.0,0.0,0.0,0.0,0.0,0.0,NA,0,836.0
NFT-/XUTR/DEUTH02614027640X,37.19,0.0,0.0,1750.0,781.0,202.748,3.719,0.0,0.0,prepaid,0.744,127.0,0.0,0.0,0.0,149.86,-723.649,"",'132944172345610388101,2026-05-20,11122374688,a5f963b9-f8f4-4afc-b54d-53cddd31ef55,100158380099,Reverse,100067645497,100067645497,11504,743.81,5.0,875.0,0.0,875.0,return_refund,0.0,0.0,0.0,0.0,0.0,0.0,0.0,0.0,NA,0,875.0
NFT-/XUTR/DEUTH02614027640X,87.86,0.0,0.0,4999.0,1845.0,457.191,8.786,0.0,0.0,prepaid,1.757,0.0,0.0,45.0,0.0,53.1,1324.166,"",'132949393478760793903,2026-05-20,11123208720,500549a4-a1cd-4675-8992-48d1a06901bc,"",Forward,100068479527,100068479527,11504,1757.14,5.0,2948.0,0.0,2948.0,packet_delivered,0.0,0.0,0.0,0.0,0.0,0.0,0.0,0.0,NA,0,2051.0
NFT-/XUTR/DEUTH02614027640X,55.14,0.0,0.0,1899.0,1158.0,273.288,5.514,0.0,0.0,prepaid,1.103,0.0,0.0,45.0,0.0,53.1,824.995,"",'132979299596678658801,2026-05-20,11129574658,2f0ba05e-998d-47bd-96dc-07b41a2aa2db,"",Forward,100074845448,100074845448,11504,1102.86,5.0,570.0,0.0,570.0,packet_delivered,0.0,0.0,0.0,0.0,0.0,0.0,0.0,0.0,NA,0,1329.0
NFT-/XUTR/DEUTH02614027640X,61.95,0.0,0.0,2899.0,1301.0,322.388,6.195,0.0,0.0,prepaid,1.239,182.0,0.0,0.0,0.0,214.76,-1185.938,"",'132948343947668603401,2026-05-20,11122952026,e9e0c7a9-7cf5-4e75-b6af-ddb5c1291c17,100159522986,Reverse,100068222835,1000020417725,11504,1239.05,5.0,1427.0,0.0,1427.0,return_refund,0.0,0.0,0.0,0.0,0.0,0.0,0.0,0.0,NA,0,1472.0
NFT-/XUTR/DEUTH02614027640X,0.0,32.19,32.19,2999.0,1352.0,335.026,0.0,3.219,3.219,prepaid,1.288,0.0,0.0,45.0,0.0,53.1,956.148,"",'132983505010570635603,2026-05-20,11130049510,764eb087-5a9a-4736-b877-daba45836cbf,"",Forward,100075320300,1000022039812,11504,1287.62,5.0,1476.0,0.0,1476.0,packet_delivered,0.0,0.0,0.0,0.0,0.0,0.0,0.0,0.0,NA,0,1523.0
NFT-/XUTR/DEUTH02614027640X,35.29,0.0,0.0,3499.0,741.0,34.97500000000001,3.529,0.0,0.0,prepaid,0.706,127.0,0.0,0.0,0.0,149.86,-851.65,"",'132945393672251268101,2026-05-20,11122705919,bd5ff5f3-c168-4e75-84e2-e44382d3275c,100158369591,Reverse,100067976728,1000020422586,11504,705.71,5.0,2664.0,0.0,2664.0,return_refund,0.0,0.0,0.0,0.0,0.0,0.0,0.0,0.0,NA,0,835.0
NFT-/XUTR/DEUTH02614027640X,36.57,0.0,0.0,1699.0,768.0,199.373,3.657,0.0,0.0,prepaid,0.731,0.0,0.0,27.0,0.0,31.86,532.379,"",'132982792990904343303,2026-05-20,11129928442,4fb45b62-db7c-4938-b753-69e326d59473,"",Forward,100075199232,100075199232,11504,731.43,5.0,837.0,0.0,837.0,packet_delivered,0.0,0.0,0.0,0.0,0.0,0.0,0.0,0.0,NA,0,862.0
NFT-/XUTR/DEUTH02614027640X,30.67,0.0,0.0,1699.0,644.0,167.182,3.067,0.0,0.0,prepaid,0.613,182.0,0.0,0.0,0.0,214.76,-687.898,"",'132949197572682082501,2026-05-20,11123150587,e1e89242-dee6-459e-9108-1c25d069078c,100158566640,Reverse,100068421396,1000019873366,11504,613.33,5.0,961.0,0.0,961.0,return_refund,0.0,0.0,0.0,0.0,0.0,0.0,0.0,0.0,NA,0,738.0
NFT-/XUTR/DEUTH02614027640X,115.14,0.0,0.0,3499.0,2418.0,570.648,11.514,0.0,0.0,prepaid,2.303,182.0,0.0,0.0,0.0,214.76,-2048.295,"",'132959762167224959801,2026-05-20,11125497733,04207c7f-9b11-49c8-a6e3-7ce3092f24a3,100159159717,Reverse,100070768533,100070768533,11504,2302.86,5.0,875.0,0.0,875.0,return_refund,0.0,0.0,0.0,0.0,0.0,0.0,0.0,0.0,NA,0,2624.0
NFT-/XUTR/DEUTH02614027640X,37.19,0.0,0.0,1750.0,781.0,202.748,3.719,0.0,0.0,prepaid,0.744,0.0,0.0,27.0,0.0,31.86,541.929,"",'132949300926080520403,2026-05-20,11123180730,e6ecdd81-1e99-4363-a4fd-42b228761b8b,"",Forward,100068451538,100068451538,11504,743.81,5.0,875.0,0.0,875.0,packet_delivered,0.0,0.0,0.0,0.0,0.0,0.0,0.0,0.0,NA,0,875.0
NFT-/XUTR/DEUTH02614027640X,76.52,0.0,0.0,3499.0,1607.0,398.215,7.652,0.0,0.0,prepaid,1.53,0.0,0.0,45.0,0.0,53.1,1146.503,"",'132979721124366729203,2026-05-20,11129689691,2489f00f-7b00-4316-b7b4-31323c61cf03,"",Forward,100074960481,1000022027798,11504,1530.48,5.0,1721.0,0.0,1721.0,packet_delivered,0.0,0.0,0.0,0.0,0.0,0.0,0.0,0.0,NA,0,1778.0
NFT-/XUTR/DEUTH02614027640X,33.52,0.0,0.0,2499.0,704.0,33.229,3.352,0.0,0.0,prepaid,0.67,127.0,0.0,0.0,0.0,149.86,-816.609,"",'132970770334611813201,2026-05-20,11128052685,55134819-1ea3-4ff9-8511-a29da13cba7c,11128052685,Reverse,100073323476,100073323476,11504,670.48,5.0,1701.0,0.0,1701.0,exchange,0.0,0.0,0.0,0.0,0.0,0.0,0.0,0.0,NA,0,798.0
NFT-/XUTR/DEUTH02614027640X,25.19,0.0,0.0,1650.0,529.0,37.453,2.519,0.0,0.0,prepaid,0.504,0.0,0.0,27.0,0.0,31.86,456.664,"",'132950597316782497501,2026-05-20,11123575026,e4eaee1e-eea1-44cf-9cc5-a0c8b370a34d,"",Forward,100068845832,100068845832,11504,503.81,5.0,1027.0,0.0,1027.0,packet_delivered,0.0,0.0,0.0,0.0,0.0,0.0,0.0,0.0,NA,0,623.0
NFT-/XUTR/DEUTH02614027640X,63.19,0.0,0.0,2999.0,1327.0,328.831,6.319,0.0,0.0,prepaid,1.264,0.0,0.0,45.0,0.0,53.1,937.486,"",'132950239044763589501,2026-05-20,11123469129,fff1edc0-9380-44d4-a8b8-086ab5cf28ee,"",Forward,100068739935,1000020413022,11504,1263.81,5.0,1501.0,0.0,1501.0,packet_delivered,0.0,0.0,0.0,0.0,0.0,0.0,0.0,0.0,NA,0,1498.0
NFT-/XUTR/DEUTH02614027640X,63.29,0.0,0.0,2999.0,388.06,96.161,1.848,0.0,0.0,prepaid,0.37,0.0,0.0,13.14,0.0,15.5052,274.176,"",'132977630218334070403,2026-05-20,11129160707,62f25db3-4895-42cf-8e4a-ee123f7d2b96,"",Forward,100074431497,1000022047880,11504,1265.71,5.0,1499.0,0.0,1499.0,packet_delivered,0.0,0.0,0.0,0.0,0.0,0.0,0.0,0.0,NA,0,1500.0
NFT-/XUTR/DEUTH02614027640X,70.43,0.0,0.0,3299.0,1479.0,366.496,7.043,0.0,0.0,prepaid,1.409,182.0,0.0,0.0,0.0,214.76,-1318.812,"",'132952508268436399903,2026-05-20,11124082800,f4ffd25c-ce42-448c-a520-0f793b1af3d4,100160601095,Reverse,100069353605,100069353605,11504,1408.57,5.0,1649.0,0.0,1649.0,return_refund,0.0,0.0,0.0,0.0,0.0,0.0,0.0,0.0,NA,0,1650.0
NFT-/XUTR/DEUTH02614027640X,35.33,0.0,0.0,2399.0,742.0,35.022,3.533,0.0,0.0,prepaid,0.707,182.0,0.0,0.0,0.0,214.76,-917.498,"",'132959686761989105801,2026-05-20,11125477311,07086a53-6100-4353-86e1-49aed2f45b1c,100158875050,Reverse,100070748111,100070748111,11504,706.67,5.0,1563.0,0.0,1563.0,return_refund,0.0,0.0,0.0,0.0,0.0,0.0,0.0,0.0,NA,0,836.0
NFT-/XUTR/DEUTH02614027640X,70.38,0.0,0.0,3299.0,44.82,11.106,0.213,0.0,0.0,prepaid,0.043,0.0,0.0,1.365,0.0,1.6107,31.847,"",'132948004756289512901,2026-05-20,11122902542,ed16692d-197b-4d79-8d2c-164f61e2aa4b,"",Forward,100068173351,100068173351,11504,1407.62,5.0,1650.0,0.0,1650.0,packet_delivered,0.0,0.0,0.0,0.0,0.0,0.0,0.0,0.0,NA,0,1649.0
NFT-/XUTR/DEUTH02614027640X,31.67,0.0,0.0,1599.0,665.0,172.634,3.167,0.0,0.0,prepaid,0.633,182.0,0.0,0.0,0.0,214.76,-703.326,"",'132943662240537718403,2026-05-20,11122255333,e676e435-c27c-4d97-a014-0689e89414af,100158443858,Reverse,100067526142,100067526142,11504,633.33,5.0,840.0,0.0,840.0,return_refund,0.0,0.0,0.0,0.0,0.0,0.0,0.0,0.0,NA,0,759.0
NFT-/XUTR/DEUTH02614027640X,58.48,0.0,0.0,1999.0,1228.0,289.808,5.848,0.0,0.0,prepaid,1.17,106.0,0.0,0.0,0.0,125.08,-1056.254,"",'132979050243097408903,2026-05-20,11129504065,4372af21-7bf0-4383-8dd5-ba2e3b9d7a5f,100158667701,Reverse,100074774855,100074774855,11504,1169.52,5.0,600.0,0.0,600.0,return_refund,0.0,0.0,0.0,0.0,0.0,0.0,0.0,0.0,NA,0,1399.0
NFT-/XUTR/DEUTH02614027640X,55.14,0.0,0.0,1899.0,1158.0,273.288,5.514,0.0,0.0,prepaid,1.103,0.0,0.0,45.0,0.0,53.1,824.995,"",'132950079816679316603,2026-05-20,11123422335,d9fafd97-cd43-4950-adac-8ec65a57678d,"",Forward,100068693141,100068693141,11504,1102.86,5.0,570.0,0.0,570.0,packet_delivered,0.0,0.0,0.0,0.0,0.0,0.0,0.0,0.0,NA,0,1329.0
NFT-/XUTR/DEUTH02614027640X,32.57,0.0,0.0,2999.0,8.44,0.398,0.04,0.0,0.0,prepaid,0.008,0.0,0.0,0.333,0.0,0.39294,7.601,"",'132952820779459059101,2026-05-20,11124162889,87e95590-7a5f-4667-8e70-938f99af4ee8,"",Forward,100069433693,100069433693,11504,651.43,5.0,2221.0,0.0,2221.0,packet_delivered,0.0,0.0,0.0,0.0,0.0,0.0,0.0,0.0,NA,0,778.0
NFT-/XUTR/DEUTH02614027640X,19.05,0.0,0.0,1699.0,8.83,0.417,0.042,0.0,0.0,prepaid,0.008,0.0,0.0,0.0,0.0,0.0,8.363,"",'132951606008374072101,2026-05-20,11123853948,f25faa86-c357-48fd-8559-597ca0153b9f,"",Forward,100069124753,100069124753,11504,380.95,5.0,1205.0,0.0,1205.0,packet_delivered,0.0,0.0,0.0,0.0,0.0,0.0,0.0,0.0,NA,0,494.0
NFT-/XUTR/DEUTH02614027640X,63.29,0.0,0.0,2999.0,7.81,1.935,0.037,0.0,0.0,prepaid,0.007,0.746,0.0,0.0,0.0,0.88028,-6.711,"",'132971106923776951003,2026-05-20,11128172282,90498704-2a15-411f-9b9a-b3cddf3f91ab,11128172282,Reverse,100073443073,100073443073,11504,1265.71,5.0,1499.0,0.0,1499.0,exchange,0.0,0.0,0.0,0.0,0.0,0.0,0.0,0.0,NA,0,1500.0
NFT-/XUTR/DEUTH02614027640X,70.38,0.0,0.0,3299.0,1278.0,316.688,6.086,0.0,0.0,prepaid,1.217,91.656,0.0,0.0,0.0,108.15408,-1062.163,"",'132979922383577861801,2026-05-20,11129739815,f6ad3b1f-dbb7-4dd8-8ac5-47333e177677,100160569000,Reverse,100075010605,100075010605,11504,1407.62,5.0,1650.0,200.0,1850.0,return_refund,0.0,0.0,0.0,0.0,0.0,0.0,0.0,0.0,NA,0,1649.0
NFT-/XUTR/DEUTH02614027640X,63.19,0.0,0.0,2999.0,1327.0,328.831,6.319,0.0,0.0,prepaid,1.264,0.0,0.0,45.0,0.0,53.1,937.486,"",'132948343947668603401,2026-05-20,11122952024,e9e0c7a9-7cf5-4e75-b6af-ddb5c1291c17,"",Forward,100068222833,1000020417725,11504,1263.81,5.0,1501.0,0.0,1501.0,packet_delivered,0.0,0.0,0.0,0.0,0.0,0.0,0.0,0.0,NA,0,1498.0
NFT-/XUTR/DEUTH02614027640X,9.9,0.0,0.0,399.0,148.69,22.809,0.722,0.0,0.0,prepaid,0.144,0.0,0.0,11.808,0.0,13.93344,111.082,"",'132959822695449583801,2026-05-20,11125513905,5b83c1e3-df02-4335-893f-5e3d46f196cc,"",Forward,100070784705,1000020553897,11504,330.1,3.0,0.0,0.0,0.0,packet_delivered,0.0,0.0,0.0,0.0,0.0,0.0,0.0,0.0,NA,0,399.0
NFT-/XUTR/DEUTH02614027640X,35.29,0.0,0.0,2799.0,12.889999999999999,0.6080000000000001,0.061,0.0,0.0,prepaid,0.012,3.166,0.0,0.0,0.0,3.73588,-15.945,"",'132948376096015635303,2026-05-20,11122957458,97b1dea0-be1b-4d68-ab49-4f6eb251d7e6,100158422169,Reverse,100068228267,1000020424685,11504,705.71,5.0,1964.0,0.0,1964.0,return_refund,0.0,0.0,0.0,0.0,0.0,0.0,0.0,0.0,NA,0,835.0
NFT-/XUTR/DEUTH02614027640X,23.0,0.0,0.0,1399.0,483.0,22.798,2.3,0.0,0.0,prepaid,0.46,0.0,0.0,19.0,0.0,22.42,435.022,"",'132961709467100072903,2026-05-20,11126026189,0a391ee7-6161-4e67-93cb-c8f520a4f99c,"",Forward,100071296989,100071296989,11504,460,5.0,822.0,0.0,822.0,packet_delivered,0.0,0.0,0.0,0.0,0.0,0.0,0.0,0.0,NA,0,577.0
NFT-/XUTR/DEUTH02614027640X,75.19,0.0,0.0,1750.0,1579.0,372.644,7.519,0.0,0.0,prepaid,1.504,0.0,0.0,45.0,0.0,53.1,1144.233,"",'132945338651819708501,2026-05-20,11122692541,793d0712-5b27-44b2-81bd-0c694441bb8a,"",Forward,100067963350,100067963350,11504,1503.81,5.0,0.0,0.0,0.0,packet_delivered,0.0,0.0,0.0,0.0,0.0,0.0,0.0,0.0,NA,0,1750.0
NFT-/XUTR/DEUTH02614027640X,23.67,0.0,0.0,1599.0,497.0,23.458,2.367,0.0,0.0,prepaid,0.473,182.0,0.0,0.0,0.0,214.76,-685.462,"",'132943487948516919503,2026-05-20,11122215509,e6a8851a-2ac1-4bbb-865c-514fc2b77edb,11122215509,Reverse,100067486319,1000019616857,11504,473.33,5.0,1008.0,0.0,1008.0,exchange,0.0,0.0,0.0,0.0,0.0,0.0,0.0,0.0,NA,0,591.0
NFT-/XUTR/DEUTH02614027640X,38.33,0.0,0.0,1799.0,805.0,151.984,3.833,0.0,0.0,prepaid,0.767,127.0,0.0,0.0,0.0,149.86,-798.276,"",'132970381911240184203,2026-05-20,11127913814,e5fea43c-e6ae-4e4f-841e-535e5a87cf69,100158270145,Reverse,100073184606,1000021253818,11504,766.67,5.0,900.0,0.0,900.0,return_refund,0.0,0.0,0.0,0.0,0.0,0.0,0.0,0.0,NA,0,899.0
NFT-/XUTR/DEUTH02614027640X,34.33,0.0,0.0,2999.0,721.0,34.031,3.433,0.0,0.0,prepaid,0.687,0.0,0.0,27.0,0.0,31.86,650.989,"",'132946469515201450003,2026-05-20,11122827248,ab0d1994-37e9-40fb-b8d1-0d7ab8b4011f,"",Forward,100068098057,100068098057,11504,686.67,5.0,2184.0,0.0,2184.0,packet_delivered,0.0,0.0,0.0,0.0,0.0,0.0,0.0,0.0,NA,0,815.0
NFT-/XUTR/DEUTH02614027640X,51.86,0.0,0.0,1799.0,1089.0,257.004,5.186,0.0,0.0,prepaid,1.037,0.0,0.0,45.0,0.0,53.1,772.673,"",'132971730218708328503,2026-05-20,11128303788,73cd012f-ce69-4c5e-a1d4-c665138d3a77,"",Forward,100073574579,100073574579,11504,1037.14,5.0,539.0,0.0,539.0,packet_delivered,0.0,0.0,0.0,0.0,0.0,0.0,0.0,0.0,NA,0,1260.0
NFT-/XUTR/DEUTH02614027640X,33.1,0.0,0.0,2850.0,695.0,32.804,3.31,0.0,0.0,prepaid,0.662,0.0,0.0,27.0,0.0,31.86,626.364,"",'132949841124478409603,2026-05-20,11123348531,440a237a-e22f-4ceb-8d9f-c6912fa99b2f,"",Forward,100068619338,1000020414837,11504,661.9,5.0,2061.0,0.0,2061.0,packet_delivered,0.0,0.0,0.0,0.0,0.0,0.0,0.0,0.0,NA,0,789.0
NFT-/XUTR/DEUTH02614027640X,49.81,0.0,0.0,2999.0,1046.0,259.199,4.981,0.0,0.0,prepaid,0.996,0.0,0.0,45.0,0.0,53.1,727.724,"",'132946200073217293403,2026-05-20,11122813605,57150076-eebc-47de-9562-ebb9a89c9442,"",Forward,100068084414,100068084414,11504,996.19,5.0,1782.0,0.0,1782.0,packet_delivered,0.0,0.0,0.0,0.0,0.0,0.0,0.0,0.0,NA,0,1217.0
NFT-/XUTR/DEUTH02614027640X,52.86,0.0,0.0,2999.0,1110.0,275.058,5.286,0.0,0.0,prepaid,1.057,0.0,0.0,45.0,0.0,53.1,775.499,"",'132930711462665070601,2026-05-20,11119816469,38e2a1d8-a380-48ab-b32a-2e44ea3f501d,"",Forward,100065087299,100065087299,11504,1057.14,5.0,1718.0,0.0,1718.0,packet_delivered,0.0,0.0,0.0,0.0,0.0,0.0,0.0,0.0,NA,0,1281.0
NFT-/XUTR/DEUTH02614027640X,26.24,0.0,0.0,1750.0,551.0,39.011,2.624,0.0,0.0,prepaid,0.525,106.0,0.0,0.0,0.0,125.08,-633.92,"",'132979534358686832501,2026-05-20,11129640936,7a538769-3198-4ff6-9c5d-c5c754624001,11129640936,Reverse,100074911726,1000022049990,11504,524.76,5.0,1105.0,0.0,1105.0,exchange,0.0,0.0,0.0,0.0,0.0,0.0,0.0,0.0,NA,0,645.0
NFT-/XUTR/DEUTH02614027640X,37.14,0.0,0.0,1750.0,780.0,202.488,3.714,0.0,0.0,prepaid,0.743,0.0,0.0,27.0,0.0,31.86,541.195,"",'132948965927692934501,2026-05-20,11123087137,439d9f20-ccbe-41bf-a2e5-c3f16914b41a,"",Forward,100068357946,100068357946,11504,742.86,5.0,876.0,0.0,876.0,packet_delivered,0.0,0.0,0.0,0.0,0.0,0.0,0.0,0.0,NA,0,874.0
NFT-/XUTR/DEUTH02614027640X,74.1,0.0,0.0,3399.0,27.07,6.708,0.129,0.0,0.0,prepaid,0.026,0.0,0.0,0.783,0.0,0.92394,19.283,"",'132948376096015635303,2026-05-20,11122957460,97b1dea0-be1b-4d68-ab49-4f6eb251d7e6,"",Forward,100068228269,1000020424685,11504,1481.9,5.0,1672.0,0.0,1672.0,packet_delivered,0.0,0.0,0.0,0.0,0.0,0.0,0.0,0.0,NA,0,1727.0
NFT-/XUTR/DEUTH02614027640X,39.05,0.0,0.0,1799.0,820.0,212.872,3.905,0.0,0.0,prepaid,0.781,0.0,0.0,27.0,0.0,31.86,570.582,"",'132958469932225957501,2026-05-20,11125132981,9eb647b3-7925-4c7b-8585-7e955aba173b,"",Forward,100070403782,1000020402001,11504,780.95,5.0,885.0,0.0,885.0,packet_delivered,0.0,0.0,0.0,0.0,0.0,0.0,0.0,0.0,NA,0,914.0
NFT-/XUTR/DEUTH02614027640X,79.38,0.0,0.0,2625.0,1667.0,413.083,7.938,0.0,0.0,prepaid,1.588,0.0,0.0,45.0,0.0,53.1,1191.291,"",'132962015998174309103,2026-05-20,11126118503,a7aea073-0eeb-4c9e-8b82-46dea9ed1191,"",Forward,100071389303,100071389303,11504,1587.62,5.0,787.0,0.0,787.0,packet_delivered,0.0,0.0,0.0,0.0,0.0,0.0,0.0,0.0,NA,0,1838.0
NFT-/XUTR/DEUTH02614027640X,19.05,0.0,0.0,1699.0,400.0,18.88,1.905,0.0,0.0,prepaid,0.381,0.0,0.0,0.0,0.0,0.0,378.834,"",'132969791269096762801,2026-05-20,11127730866,d3dbb484-d3dc-4cf0-8ce6-1fd509876d86,"",Forward,100073001659,100073001659,11504,380.95,5.0,1205.0,0.0,1205.0,packet_delivered,0.0,0.0,0.0,0.0,0.0,0.0,0.0,0.0,NA,0,494.0
NFT-/XUTR/DEUTH02614027640X,51.86,0.0,0.0,1799.0,1089.0,257.004,5.186,0.0,0.0,prepaid,1.037,127.0,0.0,0.0,0.0,149.86,-975.633,"",'132971730218708328503,2026-05-20,11128303788,73cd012f-ce69-4c5e-a1d4-c665138d3a77,100158299854,Reverse,100073574579,100073574579,11504,1037.14,5.0,539.0,0.0,539.0,return_refund,0.0,0.0,0.0,0.0,0.0,0.0,0.0,0.0,NA,0,1260.0
NFT-/XUTR/DEUTH02614027640X,83.71,0.0,0.0,1999.0,1758.0,414.888,8.371,0.0,0.0,prepaid,1.674,0.0,0.0,45.0,0.0,53.1,1279.967,"",'132975619888503184603,2026-05-20,11128716944,6487d900-c82f-477a-86b1-90d1e211004b,"",Forward,100073987735,100073987735,11504,1674.29,5.0,70.0,0.0,70.0,packet_delivered,0.0,0.0,0.0,0.0,0.0,0.0,0.0,0.0,NA,0,1929.0
NFT-/XUTR/DEUTH02614027640X,63.24,0.0,0.0,1999.0,29.54,6.971,0.141,0.0,0.0,prepaid,0.028,0.0,0.0,1.001,0.0,1.18118,21.219,"",'132962108502647059501,2026-05-20,11126147992,54cf0de5-e182-45d8-a2ae-e41517822429,"",Forward,100071418793,100071418793,11504,1264.76,5.0,500.0,0.0,500.0,packet_delivered,0.0,0.0,0.0,0.0,0.0,0.0,0.0,0.0,NA,0,1499.0
NFT-/XUTR/DEUTH02614027640X,63.24,0.0,0.0,2999.0,1328.0,329.078,6.324,0.0,0.0,prepaid,1.265,182.0,0.0,0.0,0.0,214.76,-1206.093,"",'132907373786523561201,2026-05-20,11115578220,567e6aa2-07c0-45de-8133-6bbdd0c89762,100162156489,Reverse,100060849106,100060849106,11504,1264.76,5.0,1500.0,0.0,1500.0,return_refund,0.0,0.0,0.0,0.0,0.0,0.0,0.0,0.0,NA,0,1499.0
NFT-/XUTR/DEUTH02614027640X,35.52,0.0,0.0,1799.0,746.0,140.845,3.552,0.0,0.0,prepaid,0.71,127.0,0.0,0.0,0.0,149.86,-750.753,"",'132970381911240184203,2026-05-20,11127913815,e5fea43c-e6ae-4e4f-841e-535e5a87cf69,100158269824,Reverse,100073184607,1000021253818,11504,710.48,5.0,959.0,0.0,959.0,return_refund,0.0,0.0,0.0,0.0,0.0,0.0,0.0,0.0,NA,0,840.0
NFT-/XUTR/DEUTH02614027640X,38.33,0.0,0.0,1799.0,805.0,208.978,3.833,0.0,0.0,prepaid,0.767,0.0,0.0,27.0,0.0,31.86,559.562,"",'132941572097108564903,2026-05-20,11121796518,5b734de9-de08-4c56-94c5-be8163fba9f2,"",Forward,100067067329,100067067329,11504,766.67,5.0,900.0,0.0,900.0,packet_delivered,0.0,0.0,0.0,0.0,0.0,0.0,0.0,0.0,NA,0,899.0
NFT-/XUTR/DEUTH02614027640X,38.33,0.0,0.0,1799.0,805.0,151.984,3.833,0.0,0.0,prepaid,0.767,0.0,0.0,27.0,0.0,31.86,616.556,"",'132970381911240184203,2026-05-20,11127913814,e5fea43c-e6ae-4e4f-841e-535e5a87cf69,"",Forward,100073184606,1000021253818,11504,766.67,5.0,900.0,0.0,900.0,packet_delivered,0.0,0.0,0.0,0.0,0.0,0.0,0.0,0.0,NA,0,899.0
NFT-/XUTR/DEUTH02614027640X,30.71,0.0,0.0,2299.0,17.88,0.844,0.085,0.0,0.0,prepaid,0.017,0.0,0.0,0.748,0.0,0.88264,16.051,"",'132948670412595958803,2026-05-20,11123017007,05027307-2ff4-4b5d-83f7-9febddda91a0,"",Forward,100068287816,100068287816,11504,614.29,5.0,1560.0,0.0,1560.0,packet_delivered,0.0,0.0,0.0,0.0,0.0,0.0,0.0,0.0,NA,0,739.0
NFT-/XUTR/DEUTH02614027640X,97.29,0.0,0.0,2999.0,2043.0,482.148,9.729,0.0,0.0,prepaid,1.946,0.0,0.0,61.0,0.0,71.98,1477.197,"",'132944913756016375001,2026-05-20,11122575680,d2af6dfe-35f0-4ad7-ad54-99dc593c7d90,"",Forward,100067846489,1000020397293,11504,1945.71,5.0,750.0,0.0,750.0,packet_delivered,0.0,0.0,0.0,0.0,0.0,0.0,0.0,0.0,NA,0,2249.0
NFT-/XUTR/DEUTH02614027640X,30.71,0.0,0.0,2299.0,645.0,30.443999999999996,3.071,0.0,0.0,prepaid,0.614,0.0,0.0,27.0,0.0,31.86,579.011,"",'132950484215448642303,2026-05-20,11123541616,6cd7583e-0575-4bdf-89b3-406d04880061,"",Forward,100068812422,100068812422,11504,614.29,5.0,1560.0,0.0,1560.0,packet_delivered,0.0,0.0,0.0,0.0,0.0,0.0,0.0,0.0,NA,0,739.0
NFT-/XUTR/DEUTH02614027640X,63.24,0.0,0.0,2999.0,1328.0,329.078,6.324,0.0,0.0,prepaid,1.265,182.0,0.0,0.0,0.0,214.76,-1206.093,"",'132951173415594301103,2026-05-20,11123738725,a23cbf09-36de-4b36-9a3f-67839c323b33,11123738725,Reverse,100069009531,100069009531,11504,1264.76,5.0,1500.0,0.0,1500.0,exchange,0.0,0.0,0.0,0.0,0.0,0.0,0.0,0.0,NA,0,1499.0
NFT-/XUTR/DEUTH02614027640X,34.67,0.0,0.0,2599.0,728.0,34.362,3.467,0.0,0.0,prepaid,0.693,106.0,0.0,0.0,0.0,125.08,-814.558,"",'132977969892563093801,2026-05-20,11129237664,a8256ac7-1008-49ce-9197-798d5b5776e1,100158566058,Reverse,100074508455,1000022038499,11504,693.33,5.0,1777.0,0.0,1777.0,return_refund,0.0,0.0,0.0,0.0,0.0,0.0,0.0,0.0,NA,0,822.0
NFT-/XUTR/DEUTH02614027640X,36.0,0.0,0.0,1699.0,756.0,196.258,3.6,0.0,0.0,prepaid,0.72,0.0,0.0,27.0,0.0,31.86,523.562,"",'132979360935956121303,2026-05-20,11129592220,d7ba105e-e555-4cb5-9630-5e801cf9efc1,"",Forward,100074863010,100074863010,11504,720,5.0,849.0,0.0,849.0,packet_delivered,0.0,0.0,0.0,0.0,0.0,0.0,0.0,0.0,NA,0,850.0
NFT-/XUTR/DEUTH02614027640X,35.14,0.0,0.0,1799.0,738.0,191.585,3.514,0.0,0.0,prepaid,0.703,0.0,0.0,27.0,0.0,31.86,510.338,"",'132945582202253304501,2026-05-20,11122744591,87b002bd-58d9-4562-9dad-1656c4da6ca4,"",Forward,100068015400,1000019744440,11504,702.86,5.0,967.0,0.0,967.0,packet_delivered,0.0,0.0,0.0,0.0,0.0,0.0,0.0,0.0,NA,0,832.0
NFT-/XUTR/DEUTH02614027640X,115.19,0.0,0.0,2625.0,2419.0,570.884,11.519,0.0,0.0,prepaid,2.304,0.0,0.0,61.0,0.0,71.98,1762.313,"",'132940307976198468303,2026-05-20,11121486735,56b69abc-07d0-4c24-9c06-cb273a187a69,"",Forward,100066757552,100066757552,11504,2303.81,5.0,0.0,0.0,0.0,packet_delivered,0.0,0.0,0.0,0.0,0.0,0.0,0.0,0.0,NA,0,2625.0
NFT-/XUTR/DEUTH02614027640X,31.62,0.0,0.0,1699.0,664.0,172.374,3.162,0.0,0.0,prepaid,0.632,0.0,0.0,27.0,0.0,31.86,455.972,"",'132943658006160679901,2026-05-20,11122254410,fb3bb1aa-48a5-4871-a216-c17c73eaa2d3,"",Forward,100067525219,100067525219,11504,632.38,5.0,941.0,0.0,941.0,packet_delivered,0.0,0.0,0.0,0.0,0.0,0.0,0.0,0.0,NA,0,758.0
NFT-/XUTR/DEUTH02614027640X,61.95,0.0,0.0,2899.0,1301.0,322.388,6.195,0.0,0.0,prepaid,1.239,0.0,0.0,45.0,0.0,53.1,918.078,"",'132948343947668603401,2026-05-20,11122952026,e9e0c7a9-7cf5-4e75-b6af-ddb5c1291c17,"",Forward,100068222835,1000020417725,11504,1239.05,5.0,1427.0,0.0,1427.0,packet_delivered,0.0,0.0,0.0,0.0,0.0,0.0,0.0,0.0,NA,0,1472.0
NFT-/XUTR/DEUTH02614027640X,34.14,0.0,0.0,6999.0,717.0,33.842,3.414,0.0,0.0,prepaid,0.683,0.0,0.0,27.0,0.0,31.86,647.201,"",'132945393672251268101,2026-05-20,11122705918,bd5ff5f3-c168-4e75-84e2-e44382d3275c,"",Forward,100067976727,1000020422586,11504,682.86,5.0,6188.0,0.0,6188.0,packet_delivered,0.0,0.0,0.0,0.0,0.0,0.0,0.0,0.0,NA,0,811.0
NFT-/XUTR/DEUTH02614027640X,27.86,0.0,0.0,1799.0,585.0,41.418,2.786,0.0,0.0,prepaid,0.557,0.0,0.0,27.0,0.0,31.86,508.379,"",'132947428289698688103,2026-05-20,11122858089,4d688f68-10fb-4e43-83cf-ff42960c8dc8,"",Forward,100068128898,1000020417867,11504,557.14,5.0,1120.0,0.0,1120.0,packet_delivered,0.0,0.0,0.0,0.0,0.0,0.0,0.0,0.0,NA,0,679.0
NFT-/XUTR/DEUTH02614027640X,35.29,0.0,0.0,2899.0,741.0,34.97500000000001,3.529,0.0,0.0,prepaid,0.706,182.0,0.0,0.0,0.0,214.76,-916.55,"",'132949567541146825403,2026-05-20,11123263010,01017561-c3a5-44d7-a2c9-3c53a476b909,100160486129,Reverse,100068533817,100068533817,11504,705.71,5.0,2064.0,0.0,2064.0,return_refund,0.0,0.0,0.0,0.0,0.0,0.0,0.0,0.0,NA,0,835.0
NFT-/XUTR/DEUTH02614027640X,41.38,0.0,0.0,1899.0,869.0,225.592,4.138,0.0,0.0,prepaid,0.828,0.0,0.0,27.0,0.0,31.86,606.582,"",'132954139733730751201,2026-05-20,11124546984,5126024c-20d1-47e6-9c76-991e4309d55b,"",Forward,100069817788,100069817788,11504,827.62,5.0,936.0,0.0,936.0,packet_delivered,0.0,0.0,0.0,0.0,0.0,0.0,0.0,0.0,NA,0,963.0
NFT-/XUTR/DEUTH02614027640X,0.0,8.93,8.93,1499.0,375.0,17.7,0.0,0.893,0.893,prepaid,0.357,0.0,0.0,0.0,2.812,3.31816,351.839,"",'132979729330223333801,2026-05-20,11129691769,ea4a330f-5f4c-4b92-b81b-a3294f0a5437,"",Forward,100074962559,100074962559,11504,357.14,5.0,1065.0,0.0,1065.0,packet_delivered,0.0,0.0,0.0,0.0,0.0,0.0,0.0,0.0,NA,0,434.0
NFT-/XUTR/DEUTH02614027640X,102.05,0.0,0.0,3299.0,2143.0,505.74800000000005,10.205,0.0,0.0,prepaid,2.041,106.0,0.0,0.0,0.0,125.08,-1750.086,"",'132981944358569646901,2026-05-20,11129862303,ac861c8b-497a-4193-9ca3-f4d4fe6f74e5,100158508278,Reverse,100075133093,1000022037144,11504,2040.95,5.0,950.0,0.0,950.0,return_refund,0.0,0.0,0.0,0.0,0.0,0.0,0.0,0.0,NA,0,2349.0
NFT-/XUTR/DEUTH02614027640X,19.52,0.0,0.0,2299.0,410.0,19.352000000000004,1.952,0.0,0.0,prepaid,0.39,0.0,0.0,6.0,0.0,7.08,381.226,"",'132950148258648847803,2026-05-20,11123442508,2772c808-99ea-464c-b2fa-1dc0485dc3d3,"",Forward,100068713314,1000020410788,11504,390.48,5.0,1800.0,0.0,1800.0,packet_delivered,0.0,0.0,0.0,0.0,0.0,0.0,0.0,0.0,NA,0,499.0
NFT-/XUTR/DEUTH02614027640X,49.62,0.0,0.0,3099.0,1042.0,258.208,4.962,0.0,0.0,prepaid,0.992,106.0,0.0,0.0,0.0,125.08,-902.918,"",'132979122141560069003,2026-05-20,11129523993,1704b21d-aa65-45e9-88ba-25205aa9def4,100158423641,Reverse,100074794783,1000022039910,11504,992.38,5.0,1886.0,0.0,1886.0,return_refund,0.0,0.0,0.0,0.0,0.0,0.0,0.0,0.0,NA,0,1213.0
NFT-/XUTR/DEUTH02614027640X,20.29,0.0,0.0,1699.0,426.0,20.107,2.029,0.0,0.0,prepaid,0.406,182.0,0.0,0.0,0.0,214.76,-618.218,"",'132945681328052945003,2026-05-20,11122761034,0a043fd2-459e-4660-a4fe-c439346501c0,100159552352,Reverse,100068031843,1000019746514,11504,405.71,5.0,1179.0,0.0,1179.0,return_refund,0.0,0.0,0.0,0.0,0.0,0.0,0.0,0.0,NA,0,520.0
NFT-/XUTR/DEUTH02614027640X,36.0,0.0,0.0,1699.0,756.0,196.258,3.6,0.0,0.0,prepaid,0.72,0.0,0.0,27.0,0.0,31.86,523.562,"",'132949380780542107303,2026-05-20,11123204828,81b2f7ab-938e-4ae9-ad31-e8d7179a24c8,"",Forward,100068475635,1000019886774,11504,720,5.0,849.0,0.0,849.0,packet_delivered,0.0,0.0,0.0,0.0,0.0,0.0,0.0,0.0,NA,0,850.0
NFT-/XUTR/DEUTH02614027640X,33.1,0.0,0.0,2699.0,695.0,32.804,3.31,0.0,0.0,prepaid,0.662,0.0,0.0,27.0,0.0,31.86,626.364,"",'132969345182372343703,2026-05-20,11127602298,9bada126-c765-4aba-8614-0161161f0d36,"",Forward,100072873091,100072873091,11504,661.9,5.0,1910.0,0.0,1910.0,packet_delivered,0.0,0.0,0.0,0.0,0.0,0.0,0.0,0.0,NA,0,789.0
NFT-/XUTR/DEUTH02614027640X,63.19,0.0,0.0,2999.0,1327.0,328.831,6.319,0.0,0.0,prepaid,1.264,0.0,0.0,45.0,0.0,53.1,937.486,"",'132949841124478409603,2026-05-20,11123348534,440a237a-e22f-4ceb-8d9f-c6912fa99b2f,"",Forward,100068619341,1000020414837,11504,1263.81,5.0,1501.0,0.0,1501.0,packet_delivered,0.0,0.0,0.0,0.0,0.0,0.0,0.0,0.0,NA,0,1498.0
NFT-/XUTR/DEUTH02614027640X,115.19,0.0,0.0,2625.0,2419.0,570.884,11.519,0.0,0.0,prepaid,2.304,182.0,0.0,0.0,0.0,214.76,-2049.053,"",'132940307976198468303,2026-05-20,11121486735,56b69abc-07d0-4c24-9c06-cb273a187a69,100162186678,Reverse,100066757552,100066757552,11504,2303.81,5.0,0.0,0.0,0.0,return_refund,0.0,0.0,0.0,0.0,0.0,0.0,0.0,0.0,NA,0,2625.0
NFT-/XUTR/DEUTH02614027640X,48.33,0.0,0.0,2499.0,1015.0,251.517,4.833,0.0,0.0,prepaid,0.967,0.0,0.0,45.0,0.0,53.1,704.583,"",'132942377290420851403,2026-05-20,11121981997,030e8049-b6c1-4d56-a294-f58ffde93222,"",Forward,100067252808,1000020396350,11504,966.67,5.0,1313.0,0.0,1313.0,packet_delivered,0.0,0.0,0.0,0.0,0.0,0.0,0.0,0.0,NA,0,1186.0
NFT-/XUTR/DEUTH02614027640X,30.67,0.0,0.0,1850.0,644.0,167.182,3.067,0.0,0.0,prepaid,0.613,0.0,0.0,27.0,0.0,31.86,441.278,"",'132971502061380891403,2026-05-20,11128270507,ed4075fe-68e7-441e-bb25-ac9725e75e7a,"",Forward,100073541298,100073541298,11504,613.33,5.0,1112.0,0.0,1112.0,packet_delivered,0.0,0.0,0.0,0.0,0.0,0.0,0.0,0.0,NA,0,738.0
NFT-/XUTR/DEUTH02614027640X,63.29,0.0,0.0,2999.0,1022.65,253.413,4.87,0.0,0.0,prepaid,0.974,81.566,0.0,0.0,0.0,96.24788,-859.641,"",'132977348507542130001,2026-05-20,11129100634,35637e3d-6573-455b-b754-3e625c2dbaa8,100158468929,Reverse,100074371425,1000022044800,11504,1265.71,5.0,1499.0,0.0,1499.0,return_refund,0.0,0.0,0.0,0.0,0.0,0.0,0.0,0.0,NA,0,1500.0
NFT-/XUTR/DEUTH02614027640X,22.81,0.0,0.0,1599.0,479.0,22.609,2.281,0.0,0.0,prepaid,0.456,0.0,0.0,27.0,0.0,31.86,421.794,"",'132949197572682082501,2026-05-20,11123150583,e1e89242-dee6-459e-9108-1c25d069078c,"",Forward,100068421392,1000019873366,11504,456.19,5.0,1026.0,0.0,1026.0,packet_delivered,0.0,0.0,0.0,0.0,0.0,0.0,0.0,0.0,NA,0,573.0
NFT-/XUTR/DEUTH02614027640X,32.57,0.0,0.0,1599.0,684.0,177.566,3.257,0.0,0.0,prepaid,0.651,0.0,0.0,27.0,0.0,31.86,470.666,"",'132953101396443125703,2026-05-20,11124240190,c1237ee2-2cc9-4e51-aa75-2506e43a905e,"",Forward,100069510994,100069510994,11504,651.43,5.0,821.0,0.0,821.0,packet_delivered,0.0,0.0,0.0,0.0,0.0,0.0,0.0,0.0,NA,0,778.0
NFT-/XUTR/DEUTH02614027640X,63.19,0.0,0.0,2999.0,1327.0,328.831,6.319,0.0,0.0,prepaid,1.264,0.0,0.0,45.0,0.0,53.1,937.486,"",'132950239044763589501,2026-05-20,11123469128,fff1edc0-9380-44d4-a8b8-086ab5cf28ee,"",Forward,100068739934,1000020413022,11504,1263.81,5.0,1501.0,0.0,1501.0,packet_delivered,0.0,0.0,0.0,0.0,0.0,0.0,0.0,0.0,NA,0,1498.0
NFT-/XUTR/DEUTH02614027640X,43.1,0.0,0.0,1999.0,905.0,234.938,4.31,0.0,0.0,prepaid,0.862,182.0,0.0,0.0,0.0,214.76,-879.65,"",'132943987167974516403,2026-05-20,11122330332,1d1fd574-d94b-4c68-b3c7-ea51f7ffdddf,100159205322,Reverse,100067601141,100067601141,11504,861.9,5.0,1000.0,0.0,1000.0,return_refund,0.0,0.0,0.0,0.0,0.0,0.0,0.0,0.0,NA,0,999.0
NFT-/XUTR/DEUTH02614027640X,33.57,0.0,0.0,1599.0,705.0,183.018,3.357,0.0,0.0,prepaid,0.671,0.0,0.0,27.0,0.0,31.86,486.094,"",'132944213349453072703,2026-05-20,11122384465,471ce5ea-bce2-4f3e-9edb-e9098426d8d1,"",Forward,100067655274,100067655274,11504,671.43,5.0,800.0,0.0,800.0,packet_delivered,0.0,0.0,0.0,0.0,0.0,0.0,0.0,0.0,NA,0,799.0
NFT-/XUTR/DEUTH02614027640X,70.95,0.0,0.0,3499.0,1490.0,369.222,7.095,0.0,0.0,prepaid,1.419,0.0,0.0,45.0,0.0,53.1,1059.164,"",'132944917987499035203,2026-05-20,11122576885,a360ed2d-2760-44a1-8e05-fda8e7d60296,"",Forward,100067847694,100067847694,11504,1419.05,5.0,1838.0,0.0,1838.0,packet_delivered,0.0,0.0,0.0,0.0,0.0,0.0,0.0,0.0,NA,0,1661.0
NFT-/XUTR/DEUTH02614027640X,45.62,0.0,0.0,1699.0,958.0,248.697,4.562,0.0,0.0,prepaid,0.912,0.0,0.0,27.0,0.0,31.86,671.969,"",'132943642451840367403,2026-05-20,11122250828,c5cde62c-dffb-41fe-98ab-0ab670a35caa,"",Forward,100067521637,100067521637,11504,912.38,5.0,570.0,0.0,570.0,packet_delivered,0.0,0.0,0.0,0.0,0.0,0.0,0.0,0.0,NA,0,1129.0
NFT-/XUTR/DEUTH02614027640X,35.29,0.0,0.0,2499.0,741.0,34.97500000000001,3.529,0.0,0.0,prepaid,0.706,0.0,0.0,27.0,0.0,31.86,669.93,"",'132962184852648308003,2026-05-20,11126172730,b91d9f49-59ac-4e9b-88a0-090594edf0f2,"",Forward,100071443530,1000020969508,11504,705.71,5.0,1664.0,0.0,1664.0,packet_delivered,0.0,0.0,0.0,0.0,0.0,0.0,0.0,0.0,NA,0,835.0
NFT-/XUTR/DEUTH02614027640X,90.14,0.0,0.0,2999.0,1893.0000000000002,469.085,9.014,0.0,0.0,prepaid,1.803,182.0,0.0,0.0,0.0,214.76,-1627.858,"",'132950239044763589501,2026-05-20,11123469130,fff1edc0-9380-44d4-a8b8-086ab5cf28ee,100158571541,Reverse,100068739936,1000020413022,11504,1802.86,5.0,900.0,0.0,900.0,return_refund,0.0,0.0,0.0,0.0,0.0,0.0,0.0,0.0,NA,0,2099.0
NFT-/XUTR/DEUTH02614027640X,20.24,0.0,0.0,1650.0,425.0,20.06,2.024,0.0,0.0,prepaid,0.405,0.0,0.0,15.0,0.0,17.7,384.811,"",'132962189046328348503,2026-05-20,11126174017,7996833d-38f6-4834-991b-7833b8038034,"",Forward,100071444817,100071444817,11504,404.76,5.0,1131.0,0.0,1131.0,packet_delivered,0.0,0.0,0.0,0.0,0.0,0.0,0.0,0.0,NA,0,519.0
NFT-/XUTR/DEUTH02614027640X,56.05,0.0,0.0,2999.0,1177.0,291.661,5.605,0.0,0.0,prepaid,1.121,0.0,0.0,45.0,0.0,53.1,825.513,"",'132959406018203665103,2026-05-20,11125398050,8218c2a7-d5de-47c0-bf9f-73d879b6f294,"",Forward,100070668851,100070668851,11504,1120.95,5.0,1651.0,0.0,1651.0,packet_delivered,0.0,0.0,0.0,0.0,0.0,0.0,0.0,0.0,NA,0,1348.0
NFT-/XUTR/DEUTH02614027640X,49.62,0.0,0.0,3099.0,1042.0,258.208,4.962,0.0,0.0,prepaid,0.992,0.0,0.0,45.0,0.0,53.1,724.738,"",'132979122141560069003,2026-05-20,11129523993,1704b21d-aa65-45e9-88ba-25205aa9def4,"",Forward,100074794783,1000022039910,11504,992.38,5.0,1886.0,0.0,1886.0,packet_delivered,0.0,0.0,0.0,0.0,0.0,0.0,0.0,0.0,NA,0,1213.0
NFT-/XUTR/DEUTH02614027640X,64.19,0.0,0.0,3199.0,1.98,0.491,0.009,0.0,0.0,prepaid,0.002,0.267,0.0,0.0,0.0,0.31506,-1.793,"",'132940307918988426103,2026-05-20,11121486720,639326db-c00e-44d0-ae95-158aa80bb305,11121486720,Reverse,100066757537,100066757537,11504,1283.81,5.0,1680.0,0.0,1680.0,exchange,0.0,0.0,0.0,0.0,0.0,0.0,0.0,0.0,NA,0,1519.0
