NEFT_Ref,igst_amount,cgst_amount,sgst_amount,MRP,customer_paid_amt,Commission,IGST_TCS,CGST_TCS,SGST_TCS,Payment_Type,TDS,Shipping_Fee,pick_and_pack_fee,fixed_fee,Payment_Gateway_Fee,Logistics_Commission,Settled_Amount,NOD_Comment,Store_Order_id,Payment_Date,order_line_id,seller_order_id,return_id,Order_Type,order_release_id,Packet_Id,Seller_Id,taxable_amount,Tax_Rate,seller_discount,platform_discount,total_discount,comments,fwdAdditionalCharges,rvsAdditionalCharges,techEnablement,airLogistics,royaltyCharges,royaltyPercent,marketingCharges,marketingPercent,marketingContribution,commission_discount,sale_Total_Customer_Paid
NFT-/XUTR/DEUTH026107A1SWPX,63.29,0.0,0.0,2999.0,1329.0,329.326,6.329,0.0,0.0,prepaid,1.266,0.0,0.0,45.0,0.0,53.1,938.979,"",'132667385028482512201,2026-04-17,11064854443,472a113b-5027-4387-a48c-55b691679bfa,"",Forward,100010125702,100010125702,11504,1265.71,5.0,1499.0,0.0,1499.0,packet_delivered,0.0,0.0,0.0,0.0,0.0,0.0,0.0,0.0,NA,0,1500.0
NFT-/XUTR/DEUTH026107A1SWPX,49.81,0.0,0.0,2999.0,1046.0,259.199,4.981,0.0,0.0,prepaid,0.996,0.0,0.0,45.0,0.0,53.1,727.724,"",'132669973417160623001,2026-04-17,11065399018,9d9af148-baf2-4939-a208-9588212ac1ce,"",Forward,100010670278,1000002728617,11504,996.19,5.0,1782.0,0.0,1782.0,packet_delivered,0.0,0.0,0.0,0.0,0.0,0.0,0.0,0.0,NA,0,1217.01
NFT-/XUTR/DEUTH026107A1SWPX,19.05,0.0,0.0,1699.0,400.0,18.88,1.905,0.0,0.0,prepaid,0.381,0.0,0.0,0.0,0.0,0.0,378.834,"",'132672145663212083301,2026-04-17,11065535290,97b38263-6a36-4073-b709-7efa1aede4e3,"",Forward,100010806545,100010806545,11504,380.95,5.0,1205.0,0.0,1205.0,packet_delivered,0.0,0.0,0.0,0.0,0.0,0.0,0.0,0.0,NA,0,494.0
NFT-/XUTR/DEUTH026107A1SWPX,70.38,0.0,0.0,3299.0,1478.0,366.248,7.038,0.0,0.0,prepaid,1.408,167.0,0.0,0.0,0.0,197.06,-1300.366,"",'132667898615532468801,2026-04-17,11064990831,9f23a67c-e3d8-494c-9300-620f424bf354,100147867078,Reverse,100010262091,1000002666799,11504,1407.62,5.0,1650.0,0.0,1650.0,return_refund,0.0,0.0,0.0,0.0,0.0,0.0,0.0,0.0,NA,0,1649.0
NFT-/XUTR/DEUTH026107A1SWPX,38.33,0.0,0.0,1799.0,805.0,208.978,3.833,0.0,0.0,prepaid,0.767,0.0,0.0,27.0,0.0,31.86,559.562,"",'132668759704349532901,2026-04-17,11065249940,6778f04a-2c0d-490e-ac9f-0a5fac1dcf76,"",Forward,100010521200,1000002425733,11504,766.67,5.0,900.0,0.0,900.0,packet_delivered,0.0,0.0,0.0,0.0,0.0,0.0,0.0,0.0,NA,0,899.0
NFT-/XUTR/DEUTH026107A1SWPX,18.95,0.0,0.0,1699.0,328.068,15.485000000000003,1.562,0.0,0.0,prepaid,0.312,75.011,0.0,0.0,0.0,88.51298,-399.222,"",'132691970008206072903,2026-04-17,11069546669,8d87dbf9-6c9b-41c8-a406-389302f176af,100147521279,Reverse,100014817842,100014817842,11504,379.05,5.0,1207.0,0.0,1207.0,return_refund,0.0,0.0,0.0,0.0,0.0,0.0,0.0,0.0,NA,0,492.01
NFT-/XUTR/DEUTH026107A1SWPX,82.29,0.0,0.0,1899.0,1728.0,265.075,8.229,0.0,0.0,prepaid,1.646,0.0,0.0,45.0,0.0,53.1,1399.95,"",'132666160623636492203,2026-04-17,11064539610,d311d6c9-40b2-4309-8179-2a99292faf0c,"",Forward,100009810890,1000002282664,11504,1645.71,5.0,0.0,0.0,0.0,packet_delivered,0.0,0.0,0.0,0.0,0.0,0.0,0.0,0.0,NA,0,1899.0
NFT-/XUTR/DEUTH026107A1SWPX,32.57,0.0,0.0,2999.0,684.0,32.285,3.257,0.0,0.0,prepaid,0.651,0.0,0.0,27.0,0.0,31.86,615.947,"",'132681393546733872103,2026-04-17,11067213613,ab0c9a8a-a67f-4efe-8a4f-b7f3c012e20b,"",Forward,100012484814,100012484814,11504,651.43,5.0,2221.0,0.0,2221.0,packet_delivered,0.0,0.0,0.0,0.0,0.0,0.0,0.0,0.0,NA,0,778.0
NFT-/XUTR/DEUTH026107A1SWPX,23.71,0.0,0.0,1650.0,498.0,23.506,2.371,0.0,0.0,prepaid,0.474,0.0,0.0,27.0,0.0,31.86,439.789,"",'132667815171035833803,2026-04-17,11064967671,9dfd6ab1-4e49-4dd3-8e83-72f2f7a1a655,"",Forward,100010238931,100010238931,11504,474.29,5.0,1058.0,0.0,1058.0,packet_delivered,0.0,0.0,0.0,0.0,0.0,0.0,0.0,0.0,NA,0,592.0
NFT-/XUTR/DEUTH026107A1SWPX,23.52,0.0,0.0,1799.0,494.0,23.317,2.352,0.0,0.0,prepaid,0.47,0.0,0.0,19.0,0.0,22.42,445.441,"",'132674664112059764603,2026-04-17,11066100225,9e2eb780-c8e5-4033-bf86-e90ecd32b2ab,"",Forward,100011371445,100011371445,11504,470.48,5.0,1211.0,0.0,1211.0,packet_delivered,0.0,0.0,0.0,0.0,0.0,0.0,0.0,0.0,NA,0,588.0
NFT-/XUTR/DEUTH026107A1SWPX,32.57,0.0,0.0,2899.0,684.0,32.285,3.257,0.0,0.0,prepaid,0.651,0.0,0.0,27.0,0.0,31.86,615.947,"",'132684056098420315803,2026-04-17,11067862410,14427d7d-ea2f-4d2d-b8fd-617e614feb04,"",Forward,100013133604,1000003614962,11504,651.43,5.0,2121.0,0.0,2121.0,packet_delivered,0.0,0.0,0.0,0.0,0.0,0.0,0.0,0.0,NA,0,778.0
NFT-/XUTR/DEUTH026107A1SWPX,28.86,0.0,0.0,3450.0,4.13,0.195,0.02,0.0,0.0,prepaid,0.004,0.0,0.0,0.184,0.0,0.21712,3.694,"",'132673509601930199001,2026-04-17,11065830805,a0597434-f7a8-433f-9e83-b310eb983fd4,"",Forward,100011102033,100011102033,11504,577.14,5.0,2750.0,0.0,2750.0,packet_delivered,0.0,0.0,0.0,0.0,0.0,0.0,0.0,0.0,NA,0,700.01
NFT-/XUTR/DEUTH026107A1SWPX,25.43,0.0,0.0,1699.0,534.0,37.807,2.543,0.0,0.0,prepaid,0.509,0.0,0.0,27.0,0.0,31.86,461.281,"",'132698043192102088503,2026-04-17,11070863223,2e8c6cfd-d49d-42ad-af06-7dbc17895c6d,"",Forward,100016134393,100016134393,11504,508.57,5.0,1071.0,0.0,1071.0,packet_delivered,0.0,0.0,0.0,0.0,0.0,0.0,0.0,0.0,NA,0,628.0
NFT-/XUTR/DEUTH026107A1SWPX,33.1,0.0,0.0,1999.0,695.0,32.804,3.31,0.0,0.0,prepaid,0.662,167.0,0.0,0.0,0.0,197.06,-855.284,"",'132667821491344994803,2026-04-17,11064969470,5ea40fc5-9b1e-4108-b917-92779c971efb,100147487571,Reverse,100010240730,100010240730,11504,661.9,5.0,1210.0,0.0,1210.0,return_refund,0.0,0.0,0.0,0.0,0.0,0.0,0.0,0.0,NA,0,789.0
NFT-/XUTR/DEUTH026107A1SWPX,20.67,0.0,0.0,1799.0,434.0,20.485,2.067,0.0,0.0,prepaid,0.413,0.0,0.0,19.0,0.0,22.42,388.615,"",'132675349441570776201,2026-04-17,11066250554,413ba5bc-33a0-4257-85df-4b200c93db9d,"",Forward,100011521758,1000003118864,11504,413.33,5.0,1271.0,0.0,1271.0,packet_delivered,0.0,0.0,0.0,0.0,0.0,0.0,0.0,0.0,NA,0,528.0
NFT-/XUTR/DEUTH026107A1SWPX,52.24,0.0,0.0,2499.0,1097.0,271.837,5.224,0.0,0.0,prepaid,1.045,0.0,0.0,45.0,0.0,53.1,765.794,"",'132665920227636240003,2026-04-17,11064478038,021028ac-8cb7-482f-a62e-8cd99d39b6ea,"",Forward,100009749331,1000002637547,11504,1044.76,5.0,1231.0,0.0,1231.0,packet_delivered,0.0,0.0,0.0,0.0,0.0,0.0,0.0,0.0,NA,0,1268.0
NFT-/XUTR/DEUTH026107A1SWPX,29.86,0.0,0.0,2499.0,627.0,29.593999999999998,2.986,0.0,0.0,prepaid,0.597,0.0,0.0,5.0,0.0,5.9,587.923,"",'132659439928319160503,2026-04-17,11063386394,dd282cfc-0494-458f-89a1-afbd13810326,"",Forward,100008657796,1000002176668,11504,597.14,5.0,1754.0,0.0,1754.0,packet_delivered,0.0,0.0,0.0,0.0,0.0,0.0,0.0,0.0,NA,0,745.0
NFT-/XUTR/DEUTH026107A1SWPX,39.05,0.0,0.0,1799.0,820.0,212.872,3.905,0.0,0.0,prepaid,0.781,0.0,0.0,27.0,0.0,31.86,570.582,"",'132668742081194836803,2026-04-17,11065245248,3607a89e-86d4-48b1-b980-ec107d4d552c,"",Forward,100010516508,1000002721300,11504,780.95,5.0,885.0,0.0,885.0,packet_delivered,0.0,0.0,0.0,0.0,0.0,0.0,0.0,0.0,NA,0,914.0
NFT-/XUTR/DEUTH026107A1SWPX,425.9,0.0,0.0,2999.0,2259.39,533.216,9.574,0.0,0.0,prepaid,1.915,0.0,0.0,49.363,0.0,58.24834,1656.437,"",'132665940252763814601,2026-04-17,11064483361,70df29a2-e77e-4e18-bd4f-9d077e95dfc9,"",Forward,100009754653,100009754653,11504,2366.1,18.0,1.0,0.0,1.0,packet_delivered,0.0,0.0,0.0,0.0,0.0,0.0,0.0,0.0,NA,0,2998.0
NFT-/XUTR/DEUTH026107A1SWPX,32.91,0.0,0.0,1699.0,42.709,11.087,0.203,0.0,0.0,prepaid,0.041,0.0,0.0,1.669,0.0,1.96942,29.409,"",'132669481778736497701,2026-04-17,11065371796,3c78b8c3-0c45-48f1-8ac6-f111b860ccb7,"",Forward,100010643056,100010643056,11504,658.1,5.0,914.0,0.0,914.0,packet_delivered,0.0,0.0,0.0,0.0,0.0,0.0,0.0,0.0,NA,0,785.0
NFT-/XUTR/DEUTH026107A1SWPX,58.86,0.0,0.0,3499.0,1236.0,306.281,5.886,0.0,0.0,prepaid,1.177,0.0,0.0,45.0,0.0,53.1,869.556,"",'132681271998921578901,2026-04-17,11067183887,c6c2779e-e173-4d79-b4f4-f6aafb18bc9c,"",Forward,100012455088,100012455088,11504,1177.14,5.0,2092.0,0.0,2092.0,packet_delivered,0.0,0.0,0.0,0.0,0.0,0.0,0.0,0.0,NA,0,1407.0
NFT-/XUTR/DEUTH026107A1SWPX,61.95,0.0,0.0,2899.0,1301.0,322.388,6.195,0.0,0.0,prepaid,1.239,167.0,0.0,0.0,0.0,197.06,-1168.238,"",'132665920227636240003,2026-04-17,11064478037,021028ac-8cb7-482f-a62e-8cd99d39b6ea,100147317466,Reverse,100009749330,1000002637547,11504,1239.05,5.0,1427.0,0.0,1427.0,return_refund,0.0,0.0,0.0,0.0,0.0,0.0,0.0,0.0,NA,0,1472.0
NFT-/XUTR/DEUTH026107A1SWPX,18.38,0.0,0.0,1650.0,386.0,18.219,1.838,0.0,0.0,prepaid,0.368,0.0,0.0,10.0,0.0,11.8,353.775,"",'132662120903821519103,2026-04-17,11063736851,ce031521-414c-4120-856f-bb883947e627,"",Forward,100009008253,100009008253,11504,367.62,5.0,1205.0,0.0,1205.0,packet_delivered,0.0,0.0,0.0,0.0,0.0,0.0,0.0,0.0,NA,0,445.0
NFT-/XUTR/DEUTH026107A1SWPX,35.29,0.0,0.0,2799.0,268.41,12.669,1.278,0.0,0.0,prepaid,0.256,0.0,0.0,9.78,0.0,11.5404,242.667,"",'132683860396010507501,2026-04-17,11067814938,40a12c5e-1ca4-47b5-b73c-158c72f1bfaa,"",Forward,100013086132,100013086132,11504,705.71,5.0,1964.0,0.0,1964.0,packet_delivered,0.0,0.0,0.0,0.0,0.0,0.0,0.0,0.0,NA,0,835.0
NFT-/XUTR/DEUTH026107A1SWPX,41.38,0.0,0.0,1899.0,869.0,225.592,4.138,0.0,0.0,prepaid,0.828,0.0,0.0,27.0,0.0,31.86,606.582,"",'132685307302169282903,2026-04-17,11068158833,6b49a0fa-1ca8-4c05-babc-7179a285618e,"",Forward,100013430024,100013430024,11504,827.62,5.0,936.0,0.0,936.0,packet_delivered,0.0,0.0,0.0,0.0,0.0,0.0,0.0,0.0,NA,0,963.0
NFT-/XUTR/DEUTH026107A1SWPX,61.95,0.0,0.0,2899.0,1301.0,322.388,6.195,0.0,0.0,prepaid,1.239,0.0,0.0,45.0,0.0,53.1,918.078,"",'132667723386661481303,2026-04-17,11064943128,608dbbae-0c67-46a8-a65d-df6b339d0430,"",Forward,100010214388,100010214388,11504,1239.05,5.0,1427.0,0.0,1427.0,packet_delivered,0.0,0.0,0.0,0.0,0.0,0.0,0.0,0.0,NA,0,1472.0
NFT-/XUTR/DEUTH026107A1SWPX,19.1,0.0,0.0,1650.0,401.0,18.927,1.91,0.0,0.0,prepaid,0.382,0.0,0.0,15.0,0.0,17.7,362.081,"",'132699097859705739003,2026-04-17,11071165961,b0cecc36-c416-42d7-acb8-a79c4f8da1b7,"",Forward,100016437123,1000004232936,11504,381.9,5.0,1155.0,0.0,1155.0,packet_delivered,0.0,0.0,0.0,0.0,0.0,0.0,0.0,0.0,NA,0,495.0
NFT-/XUTR/DEUTH026107A1SWPX,32.91,0.0,0.0,1699.0,691.0,179.384,3.29,0.0,0.0,prepaid,0.658,167.0,0.0,0.0,0.0,197.06,-704.728,"",'132668759704349532901,2026-04-17,11065249946,6778f04a-2c0d-490e-ac9f-0a5fac1dcf76,100147693263,Reverse,100010521206,1000002425733,11504,658.1,5.0,914.0,0.0,914.0,return_refund,0.0,0.0,0.0,0.0,0.0,0.0,0.0,0.0,NA,0,785.01
NFT-/XUTR/DEUTH026107A1SWPX,36.0,0.0,0.0,1699.0,756.0,196.258,3.6,0.0,0.0,prepaid,0.72,167.0,0.0,0.0,0.0,197.06,-752.482,"",'132657779864519978601,2026-04-17,11062994711,115f30e8-a729-473f-8768-4b306ff185ad,100151841195,Reverse,100008266123,1000001854640,11504,720,5.0,849.0,0.0,849.0,return_refund,0.0,0.0,0.0,0.0,0.0,0.0,0.0,0.0,NA,0,850.0
NFT-/XUTR/DEUTH026107A1SWPX,38.33,0.0,0.0,1799.0,805.0,208.978,3.833,0.0,0.0,prepaid,0.767,0.0,0.0,27.0,0.0,31.86,559.562,"",'132689650663230228903,2026-04-17,11068834670,e9e9dd2c-2e39-4f56-b16c-77e798f6830a,"",Forward,100014105856,100014105856,11504,766.67,5.0,900.0,0.0,900.0,packet_delivered,0.0,0.0,0.0,0.0,0.0,0.0,0.0,0.0,NA,0,899.0
NFT-/XUTR/DEUTH026107A1SWPX,63.24,0.0,0.0,2999.0,1328.0,329.078,6.324,0.0,0.0,prepaid,1.265,0.0,0.0,45.0,0.0,53.1,938.233,"",'132694063621169544603,2026-04-17,11070232131,4189aef0-6fa0-4a17-a999-0068526eebb1,"",Forward,100015503303,1000004236532,11504,1264.76,5.0,1500.0,0.0,1500.0,packet_delivered,0.0,0.0,0.0,0.0,0.0,0.0,0.0,0.0,NA,0,1499.0
NFT-/XUTR/DEUTH026107A1SWPX,0.0,38.76,38.76,1799.0,1628.0,384.208,0.0,3.876,3.876,prepaid,1.55,91.0,0.0,0.0,0.0,107.38,-1341.87,"",'132693919108385323901,2026-04-17,11070176120,426cfd16-fbd0-437a-b4c6-baec29ca92a5,100151743806,Reverse,100015447291,100015447291,11504,1550.48,5.0,0.0,0.0,0.0,return_refund,0.0,0.0,0.0,0.0,0.0,0.0,0.0,0.0,NA,0,1799.0
NFT-/XUTR/DEUTH026107A1SWPX,0.0,35.19,35.19,3299.0,1478.0,366.248,0.0,3.519,3.519,prepaid,1.408,91.0,0.0,0.0,0.0,107.38,-1210.686,"",'132696048665054231403,2026-04-17,11070678221,94dfe7f6-4f43-4866-8fdd-4d91024ab965,100149152215,Reverse,100015949392,1000004242454,11504,1407.62,5.0,1650.0,0.0,1650.0,return_refund,0.0,0.0,0.0,0.0,0.0,0.0,0.0,0.0,NA,0,1649.0
NFT-/XUTR/DEUTH026107A1SWPX,30.81,0.0,0.0,1599.0,647.0,167.961,3.081,0.0,0.0,prepaid,0.616,0.0,0.0,27.0,0.0,31.86,443.482,"",'132665365611194698901,2026-04-17,11064330567,f0c336c5-1791-4cb7-9917-1c4eb9130573,"",Forward,100009601880,100009601880,11504,616.19,5.0,858.0,0.0,858.0,packet_delivered,0.0,0.0,0.0,0.0,0.0,0.0,0.0,0.0,NA,0,741.0
NFT-/XUTR/DEUTH026107A1SWPX,72.86,0.0,0.0,3399.0,1530.0,379.134,7.286,0.0,0.0,prepaid,1.457,0.0,0.0,45.0,0.0,53.1,1089.023,"",'132667674188076297901,2026-04-17,11064929735,aad352aa-10da-401c-b796-5c58d6d441cd,"",Forward,100010200995,100010200995,11504,1457.14,5.0,1698.0,0.0,1698.0,packet_delivered,0.0,0.0,0.0,0.0,0.0,0.0,0.0,0.0,NA,0,1701.0
NFT-/XUTR/DEUTH026107A1SWPX,34.05,0.0,0.0,1799.0,715.0,185.614,3.405,0.0,0.0,prepaid,0.681,0.0,0.0,27.0,0.0,31.86,493.44,"",'132672162398880450601,2026-04-17,11065538120,98bed5df-56f9-4701-a0a2-66c50f3419f5,"",Forward,100010809373,100010809373,11504,680.95,5.0,990.0,0.0,990.0,packet_delivered,0.0,0.0,0.0,0.0,0.0,0.0,0.0,0.0,NA,0,809.0
NFT-/XUTR/DEUTH026107A1SWPX,40.71,0.0,0.0,1899.0,855.0,161.424,4.071,0.0,0.0,prepaid,0.814,167.0,0.0,0.0,0.0,197.06,-885.751,"",'132664953663362524201,2026-04-17,11064216241,c4112fed-6b17-4cc7-8fa9-95dfd8deb231,100147320611,Reverse,100009487555,100009487555,11504,814.29,5.0,950.0,0.0,950.0,return_refund,0.0,0.0,0.0,0.0,0.0,0.0,0.0,0.0,NA,0,949.0
NFT-/XUTR/DEUTH026107A1SWPX,49.81,0.0,0.0,2999.0,1046.0,259.199,4.981,0.0,0.0,prepaid,0.996,0.0,0.0,45.0,0.0,53.1,727.724,"",'132668839461183064503,2026-04-17,11065270552,81d3dcdf-74d2-4569-ae38-fc86fccf690a,"",Forward,100010541812,100010541812,11504,996.19,5.0,1782.0,0.0,1782.0,packet_delivered,0.0,0.0,0.0,0.0,0.0,0.0,0.0,0.0,NA,0,1217.0
NFT-/XUTR/DEUTH026107A1SWPX,63.24,0.0,0.0,2999.0,1328.0,329.078,6.324,0.0,0.0,prepaid,1.265,0.0,0.0,45.0,0.0,53.1,938.233,"",'132668984709997748201,2026-04-17,11065303354,7e518122-a45b-49df-8a52-53fb58222641,"",Forward,100010574615,100010574615,11504,1264.76,5.0,1500.0,0.0,1500.0,packet_delivered,0.0,0.0,0.0,0.0,0.0,0.0,0.0,0.0,NA,0,1498.99
NFT-/XUTR/DEUTH026107A1SWPX,72.76,0.0,0.0,1699.0,1528.0,360.608,7.276,0.0,0.0,prepaid,1.455,0.0,0.0,45.0,0.0,53.1,1105.561,"",'132664851158064919101,2026-04-17,11064187010,5d72fe8a-7187-4aa2-b87f-0377bc194981,"",Forward,100009458324,100009458324,11504,1455.24,5.0,0.0,0.0,0.0,packet_delivered,0.0,0.0,0.0,0.0,0.0,0.0,0.0,0.0,NA,0,1699.0
NFT-/XUTR/DEUTH026107A1SWPX,34.86,0.0,0.0,1650.0,732.0,190.027,3.486,0.0,0.0,prepaid,0.697,0.0,0.0,27.0,0.0,31.86,505.93,"",'132672036916944376701,2026-04-17,11065517448,870a6fea-d0d6-4498-9c40-bdb8b6ca8403,"",Forward,100010788708,1000002548538,11504,697.14,5.0,824.0,0.0,824.0,packet_delivered,0.0,0.0,0.0,0.0,0.0,0.0,0.0,0.0,NA,0,826.0
NFT-/XUTR/DEUTH026107A1SWPX,19.1,0.0,0.0,1599.0,401.0,18.927,1.91,0.0,0.0,prepaid,0.382,0.0,0.0,15.0,0.0,17.7,362.081,"",'132675078820019597803,2026-04-17,11066191445,fa8fcd37-5d21-4831-a571-cd8e3345c13c,"",Forward,100011462660,100011462660,11504,381.9,5.0,1104.0,0.0,1104.0,packet_delivered,0.0,0.0,0.0,0.0,0.0,0.0,0.0,0.0,NA,0,495.0
NFT-/XUTR/DEUTH026107A1SWPX,58.1,0.0,0.0,2999.0,1220.0,302.316,5.81,0.0,0.0,prepaid,1.162,0.0,0.0,45.0,0.0,53.1,857.612,"",'132667894226602222503,2026-04-17,11064989625,fb615c52-ba07-489f-a370-d9372f61c4ba,"",Forward,100010260885,100010260885,11504,1161.9,5.0,1608.0,0.0,1608.0,packet_delivered,0.0,0.0,0.0,0.0,0.0,0.0,0.0,0.0,NA,0,1391.0
NFT-/XUTR/DEUTH026107A1SWPX,51.1,0.0,0.0,1750.0,1073.0,253.228,5.11,0.0,0.0,prepaid,1.022,167.0,0.0,0.0,0.0,197.06,-1010.7,"",'132657779864519978601,2026-04-17,11062994712,115f30e8-a729-473f-8768-4b306ff185ad,100151841101,Reverse,100008266124,1000001854640,11504,1021.9,5.0,506.0,0.0,506.0,return_refund,0.0,0.0,0.0,0.0,0.0,0.0,0.0,0.0,NA,0,1244.0
NFT-/XUTR/DEUTH026107A1SWPX,0.0,29.48,29.48,2999.0,1238.0,306.776,0.0,2.9475,2.9475,prepaid,1.179,91.0,0.0,0.0,0.0,107.38,-1031.53,"",'132698414739612948003,2026-04-17,11070960328,0a2244bd-3d6d-4d48-960a-a422ea10036b,11070960328,Reverse,100016231492,1000004237989,11504,1179.04,5.0,1590.0,0.0,1590.0,exchange,0.0,0.0,0.0,0.0,0.0,0.0,0.0,0.0,NA,0,1409.0
NFT-/XUTR/DEUTH026107A1SWPX,37.19,0.0,0.0,1750.0,781.0,202.748,3.719,0.0,0.0,prepaid,0.744,0.0,0.0,27.0,0.0,31.86,541.929,"",'132691315258696042801,2026-04-17,11069342490,c0d24d5e-19a2-4a40-b0bc-d199f06b4ada,"",Forward,100014613668,1000003666088,11504,743.81,5.0,875.0,0.0,875.0,packet_delivered,0.0,0.0,0.0,0.0,0.0,0.0,0.0,0.0,NA,0,875.0
NFT-/XUTR/DEUTH026107A1SWPX,20.05,0.0,0.0,1599.0,420.99999999999994,19.871,2.005,0.0,0.0,prepaid,0.401,167.0,0.0,0.0,0.0,197.06,-595.783,"",'132667601957939226303,2026-04-17,11064910426,4a71d5aa-c3a4-46f5-9b61-98472cc680d5,100147414467,Reverse,100010181686,100010181686,11504,400.95,5.0,1084.0,0.0,1084.0,return_refund,0.0,0.0,0.0,0.0,0.0,0.0,0.0,0.0,NA,0,515.0
NFT-/XUTR/DEUTH026107A1SWPX,0.0,21.21,21.21,2899.0,891.0,231.304,0.0,2.1215,2.1215,prepaid,0.849,91.0,0.0,0.0,0.0,107.38,-761.984,"",'132693318231481758703,2026-04-17,11069968036,886eaa59-61ef-4236-b723-89ba59542de4,11069968036,Reverse,100015239208,100015239208,11504,848.58,5.0,1914.0,0.0,1914.0,exchange,0.0,0.0,0.0,0.0,0.0,0.0,0.0,0.0,NA,0,984.9900000000001
NFT-/XUTR/DEUTH026107A1SWPX,19.1,0.0,0.0,1650.0,36.94,1.744,0.176,0.0,0.0,prepaid,0.035,0.0,0.0,1.382,0.0,1.63076,33.354,"",'132694176448310232703,2026-04-17,11070278157,6e2b4340-8203-4a79-b682-b3ae26ce5dac,"",Forward,100015549329,100015549329,11504,381.9,5.0,1155.0,0.0,1155.0,packet_delivered,0.0,0.0,0.0,0.0,0.0,0.0,0.0,0.0,NA,0,494.98
NFT-/XUTR/DEUTH026107A1SWPX,27.86,0.0,0.0,1699.0,585.0,41.418,2.786,0.0,0.0,prepaid,0.557,0.0,0.0,27.0,0.0,31.86,508.379,"",'132668699558974230403,2026-04-17,11065232222,a4fc052e-53d8-4818-b938-64cef117fb6a,"",Forward,100010503482,1000002717302,11504,557.14,5.0,1020.0,0.0,1020.0,packet_delivered,0.0,0.0,0.0,0.0,0.0,0.0,0.0,0.0,NA,0,679.0
NFT-/XUTR/DEUTH026107A1SWPX,31.33,0.0,0.0,2399.0,658.0,31.058000000000007,3.133,0.0,0.0,prepaid,0.627,0.0,0.0,27.0,0.0,31.86,591.322,"",'132666589348334355803,2026-04-17,11064649327,e5700666-fbde-429a-8bca-2f8b72980c74,"",Forward,100009920592,100009920592,11504,626.67,5.0,1647.0,0.0,1647.0,packet_delivered,0.0,0.0,0.0,0.0,0.0,0.0,0.0,0.0,NA,0,752.0
NFT-/XUTR/DEUTH026107A1SWPX,38.33,0.0,0.0,1799.0,805.0,208.978,3.833,0.0,0.0,prepaid,0.767,167.0,0.0,0.0,0.0,197.06,-788.482,"",'132668759704349532901,2026-04-17,11065249940,6778f04a-2c0d-490e-ac9f-0a5fac1dcf76,11065249940,Reverse,100010521200,1000002425733,11504,766.67,5.0,900.0,0.0,900.0,exchange,0.0,0.0,0.0,0.0,0.0,0.0,0.0,0.0,NA,0,899.0
NFT-/XUTR/DEUTH026107A1SWPX,66.86,0.0,0.0,2250.0,1404.0,331.344,6.686,0.0,0.0,prepaid,1.337,0.0,0.0,45.0,0.0,53.1,1011.533,"",'132668891886956789901,2026-04-17,11065283136,15797d7d-99a8-4457-ba20-70f28fe2cd20,"",Forward,100010554396,1000002435445,11504,1337.14,5.0,675.0,0.0,675.0,packet_delivered,0.0,0.0,0.0,0.0,0.0,0.0,0.0,0.0,NA,0,1575.0
NFT-/XUTR/DEUTH026107A1SWPX,28.48,0.0,0.0,1999.0,598.0,28.226,2.848,0.0,0.0,prepaid,0.57,0.0,0.0,0.0,0.0,0.0,566.356,"",'132677194083406254903,2026-04-17,11066732732,99a03ac7-773e-42fe-bee1-8b7f6d4a90d8,"",Forward,100012003936,100012003936,11504,569.52,5.0,1283.0,0.0,1283.0,packet_delivered,0.0,0.0,0.0,0.0,0.0,0.0,0.0,0.0,NA,0,716.0
NFT-/XUTR/DEUTH026107A1SWPX,19.05,0.0,0.0,1699.0,400.0,18.88,1.905,0.0,0.0,prepaid,0.381,0.0,0.0,0.0,0.0,0.0,378.834,"",'132665455395401317301,2026-04-17,11064354279,e47b37cf-7d55-4907-b2c3-3325c3cf6301,"",Forward,100009625592,1000002219970,11504,380.95,5.0,1205.0,0.0,1205.0,packet_delivered,0.0,0.0,0.0,0.0,0.0,0.0,0.0,0.0,NA,0,494.0
NFT-/XUTR/DEUTH026107A1SWPX,35.29,0.0,0.0,2799.0,741.0,34.97500000000001,3.529,0.0,0.0,prepaid,0.706,167.0,0.0,0.0,0.0,197.06,-898.85,"",'132667369129189491103,2026-04-17,11064850133,2d2cf76b-9379-4598-95fe-ab4eaa967d8a,100148886647,Reverse,100010121393,1000002679841,11504,705.71,5.0,1964.0,0.0,1964.0,return_refund,0.0,0.0,0.0,0.0,0.0,0.0,0.0,0.0,NA,0,835.0
NFT-/XUTR/DEUTH026107A1SWPX,34.71,0.0,0.0,2750.0,729.0,34.40899999999999,3.471,0.0,0.0,prepaid,0.694,0.0,0.0,27.0,0.0,31.86,658.566,"",'132665273060400282703,2026-04-17,11064305484,dfff528a-10c3-42ec-b0d8-9b3af31efb2b,"",Forward,100009576797,1000002615351,11504,694.29,5.0,1927.0,0.0,1927.0,packet_delivered,0.0,0.0,0.0,0.0,0.0,0.0,0.0,0.0,NA,0,823.0
NFT-/XUTR/DEUTH026107A1SWPX,60.62,0.0,0.0,1699.0,1273.0,300.428,6.062,0.0,0.0,prepaid,1.212,0.0,0.0,45.0,0.0,53.1,912.198,"",'132667052407823041003,2026-04-17,11064767726,52234748-3479-437e-9228-66b780da10a2,"",Forward,100010038986,100010038986,11504,1212.38,5.0,255.0,0.0,255.0,packet_delivered,0.0,0.0,0.0,0.0,0.0,0.0,0.0,0.0,NA,0,1444.0
NFT-/XUTR/DEUTH026107A1SWPX,72.86,0.0,0.0,3399.0,1530.0,379.134,7.286,0.0,0.0,prepaid,1.457,0.0,0.0,45.0,0.0,53.1,1089.023,"",'132665658398300862203,2026-04-17,11064409059,6e781caf-ef61-4c66-85b9-4932810d82d8,"",Forward,100009680370,100009680370,11504,1457.14,5.0,1698.0,0.0,1698.0,packet_delivered,0.0,0.0,0.0,0.0,0.0,0.0,0.0,0.0,NA,0,1701.0
NFT-/XUTR/DEUTH026107A1SWPX,32.57,0.0,0.0,2999.0,684.0,32.285,3.257,0.0,0.0,prepaid,0.651,0.0,0.0,27.0,0.0,31.86,615.947,"",'132663800675385643103,2026-04-17,11063910810,e2769a40-7f30-4921-b6d8-dd1f385b45ca,"",Forward,100009182156,100009182156,11504,651.43,5.0,2221.0,0.0,2221.0,packet_delivered,0.0,0.0,0.0,0.0,0.0,0.0,0.0,0.0,NA,0,778.0
NFT-/XUTR/DEUTH026107A1SWPX,32.91,0.0,0.0,1699.0,691.0,179.384,3.29,0.0,0.0,prepaid,0.658,0.0,0.0,27.0,0.0,31.86,475.808,"",'132671722620609462301,2026-04-17,11065474724,f0e988fe-fb06-4fd0-b04e-298451333d88,"",Forward,100010745984,1000002537942,11504,658.1,5.0,914.0,0.0,914.0,packet_delivered,0.0,0.0,0.0,0.0,0.0,0.0,0.0,0.0,NA,0,785.01
NFT-/XUTR/DEUTH026107A1SWPX,63.24,0.0,0.0,2999.0,1328.0,329.078,6.324,0.0,0.0,prepaid,1.265,91.0,0.0,0.0,0.0,107.38,-1098.713,"",'132694063621169544603,2026-04-17,11070232131,4189aef0-6fa0-4a17-a999-0068526eebb1,100147383693,Reverse,100015503303,1000004236532,11504,1264.76,5.0,1500.0,0.0,1500.0,return_refund,0.0,0.0,0.0,0.0,0.0,0.0,0.0,0.0,NA,0,1499.0
NFT-/XUTR/DEUTH026107A1SWPX,106.81,0.0,0.0,3499.0,2243.0,529.348,10.681,0.0,0.0,prepaid,2.136,112.0,0.0,0.0,0.0,132.16,-1832.995,"",'132660500176535841403,2026-04-17,11063649164,37e8a17e-3cc3-4e86-accc-4ddbbede6178,100150101071,Reverse,100008920566,100008920566,11504,2136.19,5.0,1050.0,0.0,1050.0,return_refund,0.0,0.0,0.0,0.0,0.0,0.0,0.0,0.0,NA,0,2449.0
NFT-/XUTR/DEUTH026107A1SWPX,63.29,0.0,0.0,2999.0,1329.0,329.326,6.329,0.0,0.0,prepaid,1.266,167.0,0.0,0.0,0.0,197.06,-1189.139,"",'132658797816324127903,2026-04-17,11063229833,2e302d48-ed01-4db5-96b7-ebbab713bb2c,11063229833,Reverse,100008501235,100008501235,11504,1265.71,5.0,1499.0,0.0,1499.0,exchange,0.0,0.0,0.0,0.0,0.0,0.0,0.0,0.0,NA,0,1500.0
NFT-/XUTR/DEUTH026107A1SWPX,100.14,0.0,0.0,3299.0,2103.0,496.308,10.014,0.0,0.0,prepaid,2.003,0.0,0.0,61.0,0.0,71.98,1522.695,"",'132691849145895677801,2026-04-17,11069509904,f0c1684c-f23c-4ab7-b5e2-44e432e2df04,"",Forward,100014781077,100014781077,11504,2002.86,5.0,990.0,0.0,990.0,packet_delivered,0.0,0.0,0.0,0.0,0.0,0.0,0.0,0.0,NA,0,2309.0
NFT-/XUTR/DEUTH026107A1SWPX,43.1,0.0,0.0,1999.0,905.0,234.938,4.31,0.0,0.0,prepaid,0.862,0.0,0.0,27.0,0.0,31.86,633.03,"",'132698303458732280503,2026-04-17,11070927341,664639b6-0206-48f7-988d-107d3c52d650,"",Forward,100016198507,100016198507,11504,861.9,5.0,1000.0,0.0,1000.0,packet_delivered,0.0,0.0,0.0,0.0,0.0,0.0,0.0,0.0,NA,0,999.0
NFT-/XUTR/DEUTH026107A1SWPX,17.81,0.0,0.0,1599.0,228.584,10.788999999999998,1.088,0.0,0.0,prepaid,0.218,102.068,0.0,0.0,0.0,120.44024,-336.929,"",'132616413981189369003,2026-04-17,11056199860,e82c5df3-9560-4808-98c4-c1245c3dbdcc,11056199860,Reverse,100000158835,100000158835,11504,356.19,5.0,1166.0,0.0,1166.0,exchange,0.0,0.0,0.0,0.0,0.0,0.0,0.0,0.0,NA,0,432.99
NFT-/XUTR/DEUTH026107A1SWPX,52.24,0.0,0.0,2499.0,1097.0,271.837,5.224,0.0,0.0,prepaid,1.045,167.0,0.0,0.0,0.0,197.06,-1015.954,"",'132665920227636240003,2026-04-17,11064478038,021028ac-8cb7-482f-a62e-8cd99d39b6ea,100147317329,Reverse,100009749331,1000002637547,11504,1044.76,5.0,1231.0,0.0,1231.0,return_refund,0.0,0.0,0.0,0.0,0.0,0.0,0.0,0.0,NA,0,1268.0
NFT-/XUTR/DEUTH026107A1SWPX,34.71,0.0,0.0,2750.0,729.0,34.40899999999999,3.471,0.0,0.0,prepaid,0.694,167.0,0.0,0.0,0.0,197.06,-887.486,"",'132665025924791449501,2026-04-17,11064236630,88def5eb-0a29-4e7a-b1c4-272e54aebabb,100147599885,Reverse,100009507944,100009507944,11504,694.29,5.0,1927.0,0.0,1927.0,return_refund,0.0,0.0,0.0,0.0,0.0,0.0,0.0,0.0,NA,0,823.0
NFT-/XUTR/DEUTH026107A1SWPX,19.1,0.0,0.0,1599.0,401.0,18.927,1.91,0.0,0.0,prepaid,0.382,0.0,0.0,15.0,0.0,17.7,362.081,"",'132698820562909023601,2026-04-17,11071077813,784d6966-2131-4efa-af72-1d0e251a9297,"",Forward,100016348975,100016348975,11504,381.9,5.0,1104.0,0.0,1104.0,packet_delivered,0.0,0.0,0.0,0.0,0.0,0.0,0.0,0.0,NA,0,495.0
NFT-/XUTR/DEUTH026107A1SWPX,38.33,0.0,0.0,1799.0,805.0,208.978,3.833,0.0,0.0,prepaid,0.767,167.0,0.0,0.0,0.0,197.06,-788.482,"",'132668891886956789901,2026-04-17,11065283134,15797d7d-99a8-4457-ba20-70f28fe2cd20,100149071269,Reverse,100010554394,1000002435445,11504,766.67,5.0,900.0,0.0,900.0,return_refund,0.0,0.0,0.0,0.0,0.0,0.0,0.0,0.0,NA,0,899.0
NFT-/XUTR/DEUTH026107A1SWPX,20.29,0.0,0.0,1999.0,426.0,20.107,2.029,0.0,0.0,prepaid,0.406,0.0,0.0,15.0,0.0,17.7,385.758,"",'132680352322193882903,2026-04-17,11067014261,7fc1b4a9-d49b-497d-b91f-8eabdb161ae4,"",Forward,100012285462,1000003002785,11504,405.71,5.0,1479.0,0.0,1479.0,packet_delivered,0.0,0.0,0.0,0.0,0.0,0.0,0.0,0.0,NA,0,520.0
NFT-/XUTR/DEUTH026107A1SWPX,47.05,0.0,0.0,2499.0,988.0,256.485,4.705,0.0,0.0,prepaid,0.941,167.0,0.0,0.0,0.0,197.06,-922.929,"",'132667768734079539003,2026-04-17,11064954758,6e8a5957-7c7d-48f1-b78c-0101cbc2f6b2,100147361521,Reverse,100010226018,100010226018,11504,940.95,5.0,1340.0,0.0,1340.0,return_refund,0.0,0.0,0.0,0.0,0.0,0.0,0.0,0.0,NA,0,1159.0
NFT-/XUTR/DEUTH026107A1SWPX,36.57,0.0,0.0,1699.0,768.0,199.373,3.657,0.0,0.0,prepaid,0.731,167.0,0.0,0.0,0.0,197.06,-761.299,"",'132668351361209704703,2026-04-17,11065126275,101ad71e-2d8d-4bd4-b907-40b1f3e36f49,100147386005,Reverse,100010397535,1000002406509,11504,731.43,5.0,837.0,0.0,837.0,return_refund,0.0,0.0,0.0,0.0,0.0,0.0,0.0,0.0,NA,0,862.0
NFT-/XUTR/DEUTH026107A1SWPX,18.57,0.0,0.0,1599.0,389.99999999999994,18.408,1.857,0.0,0.0,prepaid,0.371,167.0,0.0,0.0,0.0,197.06,-566.424,"",'132668845347344094103,2026-04-17,11065271896,66d3d0d3-c9d1-43d4-8462-d9ecf4f324b4,100148649743,Reverse,100010543156,100010543156,11504,371.43,5.0,1150.0,0.0,1150.0,return_refund,0.0,0.0,0.0,0.0,0.0,0.0,0.0,0.0,NA,0,449.0
NFT-/XUTR/DEUTH026107A1SWPX,87.05,0.0,0.0,3999.0,1828.0,474.549,8.705,0.0,0.0,prepaid,1.741,0.0,0.0,45.0,0.0,53.1,1289.905,"",'132694063621169544603,2026-04-17,11070232138,4189aef0-6fa0-4a17-a999-0068526eebb1,"",Forward,100015503310,1000004236532,11504,1740.95,5.0,2000.0,0.0,2000.0,packet_delivered,0.0,0.0,0.0,0.0,0.0,0.0,0.0,0.0,NA,0,1999.0
NFT-/XUTR/DEUTH026107A1SWPX,39.52,0.0,0.0,1850.0,830.0,215.468,3.952,0.0,0.0,prepaid,0.79,0.0,0.0,27.0,0.0,31.86,577.93,"",'132680767068714203101,2026-04-17,11067079017,cbde9198-8d4b-41d6-8b0e-d97a6650a288,"",Forward,100012350218,1000003135098,11504,790.48,5.0,926.0,0.0,926.0,packet_delivered,0.0,0.0,0.0,0.0,0.0,0.0,0.0,0.0,NA,0,924.0
NFT-/XUTR/DEUTH026107A1SWPX,58.86,0.0,0.0,3499.0,1236.0,306.281,5.886,0.0,0.0,prepaid,1.177,167.0,0.0,0.0,0.0,197.06,-1119.716,"",'132667282609787896701,2026-04-17,11064828053,7891bfff-231a-43a7-b4c6-0c754a4a8159,100148169130,Reverse,100010099313,100010099313,11504,1177.14,5.0,2092.0,0.0,2092.0,return_refund,0.0,0.0,0.0,0.0,0.0,0.0,0.0,0.0,NA,0,1407.0
NFT-/XUTR/DEUTH026107A1SWPX,20.05,0.0,0.0,1599.0,421.0,19.871,2.005,0.0,0.0,prepaid,0.401,0.0,0.0,15.0,0.0,17.7,381.023,"",'132667601957939226303,2026-04-17,11064910426,4a71d5aa-c3a4-46f5-9b61-98472cc680d5,"",Forward,100010181686,100010181686,11504,400.95,5.0,1084.0,0.0,1084.0,packet_delivered,0.0,0.0,0.0,0.0,0.0,0.0,0.0,0.0,NA,0,515.0
NFT-/XUTR/DEUTH026107A1SWPX,33.52,0.0,0.0,1699.0,704.0,182.758,3.352,0.0,0.0,prepaid,0.67,0.0,0.0,27.0,0.0,31.86,485.36,"",'132690810237346219303,2026-04-17,11069188088,c65228d0-93c0-42eb-b724-2d66ff4299ae,"",Forward,100014459266,100014459266,11504,670.48,5.0,901.0,0.0,901.0,packet_delivered,0.0,0.0,0.0,0.0,0.0,0.0,0.0,0.0,NA,0,798.0
NFT-/XUTR/DEUTH026107A1SWPX,20.29,0.0,0.0,1750.0,426.0,20.107,2.029,0.0,0.0,prepaid,0.406,0.0,0.0,15.0,0.0,17.7,385.758,"",'132659264961416547601,2026-04-17,11063342703,f3fd588c-c074-4c7c-9795-d22c99cc3afd,"",Forward,100008614105,100008614105,11504,405.71,5.0,1230.0,0.0,1230.0,packet_delivered,0.0,0.0,0.0,0.0,0.0,0.0,0.0,0.0,NA,0,519.99
NFT-/XUTR/DEUTH026107A1SWPX,64.38,0.0,0.0,2999.0,1352.0,335.026,6.438,0.0,0.0,prepaid,1.288,0.0,0.0,45.0,0.0,53.1,956.148,"",'132668005211368282301,2026-04-17,11065021054,89cd7136-4047-450a-adae-e5ac133370da,"",Forward,100010292314,100010292314,11504,1287.62,5.0,1476.0,0.0,1476.0,packet_delivered,0.0,0.0,0.0,0.0,0.0,0.0,0.0,0.0,NA,0,1523.0
NFT-/XUTR/DEUTH026107A1SWPX,104.43,0.0,0.0,2399.0,2193.0,491.671,10.443,0.0,0.0,prepaid,2.089,0.0,0.0,61.0,0.0,71.98,1616.817,"",'132668841761878664401,2026-04-17,11065271050,12388300-6067-4f8f-90a3-cb3bee750872,"",Forward,100010542310,100010542310,11504,2088.57,5.0,0.0,0.0,0.0,packet_delivered,0.0,0.0,0.0,0.0,0.0,0.0,0.0,0.0,NA,0,2399.0
NFT-/XUTR/DEUTH026107A1SWPX,56.81,0.0,0.0,1950.0,1193.0,281.548,5.681,0.0,0.0,prepaid,1.136,0.0,0.0,45.0,0.0,53.1,851.535,"",'132666925288404343001,2026-04-17,11064735211,a87059cc-4754-46ba-8c17-7d57143e5bc5,"",Forward,100010006471,100010006471,11504,1136.19,5.0,586.0,0.0,586.0,packet_delivered,0.0,0.0,0.0,0.0,0.0,0.0,0.0,0.0,NA,0,1364.0
NFT-/XUTR/DEUTH026107A1SWPX,70.38,0.0,0.0,3299.0,1478.0,366.248,7.038,0.0,0.0,prepaid,1.408,0.0,0.0,45.0,0.0,53.1,1050.206,"",'132691795055998573203,2026-04-17,11069493606,adb3662c-259d-4e6a-9d5c-014aea4c859e,"",Forward,100014764780,100014764780,11504,1407.62,5.0,1650.0,0.0,1650.0,packet_delivered,0.0,0.0,0.0,0.0,0.0,0.0,0.0,0.0,NA,0,1649.0
NFT-/XUTR/DEUTH026107A1SWPX,35.29,0.0,0.0,2799.0,741.0,34.97500000000001,3.529,0.0,0.0,prepaid,0.706,167.0,0.0,0.0,0.0,197.06,-898.85,"",'132665273060400282703,2026-04-17,11064305485,dfff528a-10c3-42ec-b0d8-9b3af31efb2b,100149294842,Reverse,100009576798,1000002615351,11504,705.71,5.0,1964.0,0.0,1964.0,return_refund,0.0,0.0,0.0,0.0,0.0,0.0,0.0,0.0,NA,0,835.0
NFT-/XUTR/DEUTH026107A1SWPX,34.19,0.0,0.0,2899.0,718.0,33.89,3.419,0.0,0.0,prepaid,0.684,0.0,0.0,27.0,0.0,31.86,648.147,"",'132677429240129699701,2026-04-17,11066799147,cf76a5e1-359f-4347-b155-792354126ca0,"",Forward,100012070350,100012070350,11504,683.81,5.0,2087.0,0.0,2087.0,packet_delivered,0.0,0.0,0.0,0.0,0.0,0.0,0.0,0.0,NA,0,812.0
NFT-/XUTR/DEUTH026107A1SWPX,34.67,0.0,0.0,2599.0,728.0,34.362,3.467,0.0,0.0,prepaid,0.693,0.0,0.0,27.0,0.0,31.86,657.618,"",'132672278306877253101,2026-04-17,11065557656,9eb8ffab-3014-4793-953e-784a4cccb741,"",Forward,100010828898,100010828898,11504,693.33,5.0,1777.0,0.0,1777.0,packet_delivered,0.0,0.0,0.0,0.0,0.0,0.0,0.0,0.0,NA,0,822.0
NFT-/XUTR/DEUTH026107A1SWPX,28.19,0.0,0.0,1650.0,592.0,41.914,2.819,0.0,0.0,prepaid,0.564,0.0,0.0,27.0,0.0,31.86,514.843,"",'132672956325761525101,2026-04-17,11065698965,083f33c5-ac57-4230-9da9-4a615fb31eb6,"",Forward,100010970195,100010970195,11504,563.81,5.0,964.0,0.0,964.0,packet_delivered,0.0,0.0,0.0,0.0,0.0,0.0,0.0,0.0,NA,0,686.0
NFT-/XUTR/DEUTH026107A1SWPX,75.14,0.0,0.0,3499.0,1578.0,391.028,7.514,0.0,0.0,prepaid,1.503,0.0,0.0,45.0,0.0,53.1,1124.855,"",'132694443184181932501,2026-04-17,11070388581,692960d6-5d92-4c05-a069-5028d85e6e4e,"",Forward,100015659753,100015659753,11504,1502.86,5.0,1750.0,0.0,1750.0,packet_delivered,0.0,0.0,0.0,0.0,0.0,0.0,0.0,0.0,NA,0,1749.0
NFT-/XUTR/DEUTH026107A1SWPX,63.29,0.0,0.0,2999.0,1329.0,329.326,6.329,0.0,0.0,prepaid,1.266,0.0,0.0,45.0,0.0,53.1,938.979,"",'132677290509492479103,2026-04-17,11066760798,f683e21e-3efe-4e44-a106-4012143df364,"",Forward,100012032002,100012032002,11504,1265.71,5.0,1499.0,0.0,1499.0,packet_delivered,0.0,0.0,0.0,0.0,0.0,0.0,0.0,0.0,NA,0,1500.0
NFT-/XUTR/DEUTH026107A1SWPX,34.67,0.0,0.0,1750.0,728.0,188.989,3.467,0.0,0.0,prepaid,0.693,0.0,0.0,27.0,0.0,31.86,502.991,"",'132696043025834266501,2026-04-17,11070677935,482e103c-07ed-492c-9f26-1ebd7e52ca02,"",Forward,100015949106,1000004061788,11504,693.33,5.0,928.0,0.0,928.0,packet_delivered,0.0,0.0,0.0,0.0,0.0,0.0,0.0,0.0,NA,0,822.0
NFT-/XUTR/DEUTH026107A1SWPX,37.19,0.0,0.0,1750.0,781.0,202.748,3.719,0.0,0.0,prepaid,0.744,91.0,0.0,0.0,0.0,107.38,-681.169,"",'132691315258696042801,2026-04-17,11069342489,c0d24d5e-19a2-4a40-b0bc-d199f06b4ada,100147688520,Reverse,100014613667,1000003666088,11504,743.81,5.0,875.0,0.0,875.0,return_refund,0.0,0.0,0.0,0.0,0.0,0.0,0.0,0.0,NA,0,875.0
NFT-/XUTR/DEUTH026107A1SWPX,43.1,0.0,0.0,1999.0,905.0,234.938,4.31,0.0,0.0,prepaid,0.862,91.0,0.0,0.0,0.0,107.38,-772.27,"",'132690965800687458003,2026-04-17,11069234613,c6e3f0af-e1e6-4334-a48c-e7acbdaced4f,100151322731,Reverse,100014505791,100014505791,11504,861.9,5.0,1000.0,0.0,1000.0,return_refund,0.0,0.0,0.0,0.0,0.0,0.0,0.0,0.0,NA,0,998.99
NFT-/XUTR/DEUTH026107A1SWPX,63.24,0.0,0.0,2999.0,1328.0,329.078,6.324,0.0,0.0,prepaid,1.265,0.0,0.0,45.0,0.0,53.1,938.233,"",'132668864702096940203,2026-04-17,11065276618,7040de96-a28f-4184-b8a8-227167f0d1ab,"",Forward,100010547878,100010547878,11504,1264.76,5.0,1500.0,0.0,1500.0,packet_delivered,0.0,0.0,0.0,0.0,0.0,0.0,0.0,0.0,NA,0,1498.99
NFT-/XUTR/DEUTH026107A1SWPX,30.24,0.0,0.0,1599.0,508.332,131.963,2.421,0.0,0.0,prepaid,0.484,0.0,0.0,21.614,0.0,25.50452,347.959,"",'132660601764022585701,2026-04-17,11063663293,0dd9a86a-abe3-4efc-82a0-787b22e9408d,"",Forward,100008934695,100008934695,11504,604.76,5.0,870.0,0.0,870.0,packet_delivered,0.0,0.0,0.0,0.0,0.0,0.0,0.0,0.0,NA,0,728.99
NFT-/XUTR/DEUTH026107A1SWPX,35.14,0.0,0.0,1799.0,738.0,191.585,3.514,0.0,0.0,prepaid,0.703,112.0,0.0,0.0,0.0,132.16,-674.358,"",'132671722620609462301,2026-04-17,11065474723,f0e988fe-fb06-4fd0-b04e-298451333d88,100151530406,Reverse,100010745983,1000002537942,11504,702.86,5.0,967.0,0.0,967.0,return_refund,0.0,0.0,0.0,0.0,0.0,0.0,0.0,0.0,NA,0,832.0
NFT-/XUTR/DEUTH026107A1SWPX,38.33,0.0,0.0,1799.0,805.0,208.978,3.833,0.0,0.0,prepaid,0.767,167.0,0.0,0.0,0.0,197.06,-788.482,"",'132668057368446142003,2026-04-17,11065036106,8df3ba7b-768c-4a3b-8fde-12e20a4d9258,11065036106,Reverse,100010307366,100010307366,11504,766.67,5.0,900.0,0.0,900.0,exchange,0.0,0.0,0.0,0.0,0.0,0.0,0.0,0.0,NA,0,899.0
NFT-/XUTR/DEUTH026107A1SWPX,63.24,0.0,0.0,2999.0,1328.0,329.078,6.324,0.0,0.0,prepaid,1.265,167.0,0.0,0.0,0.0,197.06,-1188.393,"",'132680767068714203101,2026-04-17,11067079013,cbde9198-8d4b-41d6-8b0e-d97a6650a288,100147439564,Reverse,100012350214,1000003135098,11504,1264.76,5.0,1500.0,0.0,1500.0,return_refund,0.0,0.0,0.0,0.0,0.0,0.0,0.0,0.0,NA,0,1499.0
NFT-/XUTR/DEUTH026107A1SWPX,33.52,0.0,0.0,1699.0,704.0,182.758,3.352,0.0,0.0,prepaid,0.67,91.0,0.0,0.0,0.0,107.38,-624.6,"",'132696832232885149103,2026-04-17,11070703806,c44abe3c-717d-4a95-bff2-cd6d81fe0c1f,100147838266,Reverse,100015974977,100015974977,11504,670.48,5.0,901.0,0.0,901.0,return_refund,0.0,0.0,0.0,0.0,0.0,0.0,0.0,0.0,NA,0,798.0
NFT-/XUTR/DEUTH026107A1SWPX,34.71,0.0,0.0,2750.0,729.0,34.40899999999999,3.471,0.0,0.0,prepaid,0.694,0.0,0.0,27.0,0.0,31.86,658.566,"",'132665025924791449501,2026-04-17,11064236630,88def5eb-0a29-4e7a-b1c4-272e54aebabb,"",Forward,100009507944,100009507944,11504,694.29,5.0,1927.0,0.0,1927.0,packet_delivered,0.0,0.0,0.0,0.0,0.0,0.0,0.0,0.0,NA,0,823.0
NFT-/XUTR/DEUTH026107A1SWPX,19.05,0.0,0.0,1499.0,400.0,18.88,1.905,0.0,0.0,prepaid,0.381,0.0,0.0,0.0,0.0,0.0,378.834,"",'132699097859705739003,2026-04-17,11071165963,b0cecc36-c416-42d7-acb8-a79c4f8da1b7,"",Forward,100016437126,1000004232936,11504,380.95,5.0,1005.0,0.0,1005.0,packet_delivered,0.0,0.0,0.0,0.0,0.0,0.0,0.0,0.0,NA,0,494.0
NFT-/XUTR/DEUTH026107A1SWPX,32.57,0.0,0.0,2999.0,684.0,32.285,3.257,0.0,0.0,prepaid,0.651,112.0,0.0,0.0,0.0,132.16,-779.967,"",'132681292426612155201,2026-04-17,11067188850,9e6a18a4-5885-47f3-9ce4-289db1ade3ec,100147749004,Reverse,100012460051,100012460051,11504,651.43,5.0,2221.0,0.0,2221.0,return_refund,0.0,0.0,0.0,0.0,0.0,0.0,0.0,0.0,NA,0,778.0
NFT-/XUTR/DEUTH026107A1SWPX,0.0,21.21,21.21,2899.0,891.0,231.304,0.0,2.1215,2.1215,prepaid,0.849,91.0,0.0,0.0,0.0,107.38,-761.984,"",'132694456665540532903,2026-04-17,11070394201,e2ac439f-b930-4cc5-9799-415fe69e6b45,100147572724,Reverse,100015665373,100015665373,11504,848.58,5.0,1914.0,0.0,1914.0,return_refund,0.0,0.0,0.0,0.0,0.0,0.0,0.0,0.0,NA,0,985.0000000000001
NFT-/XUTR/DEUTH026107A1SWPX,33.1,0.0,0.0,1999.0,695.0,32.804,3.31,0.0,0.0,prepaid,0.662,0.0,0.0,27.0,0.0,31.86,626.364,"",'132667821491344994803,2026-04-17,11064969470,5ea40fc5-9b1e-4108-b917-92779c971efb,"",Forward,100010240730,100010240730,11504,661.9,5.0,1210.0,0.0,1210.0,packet_delivered,0.0,0.0,0.0,0.0,0.0,0.0,0.0,0.0,NA,0,789.0
NFT-/XUTR/DEUTH026107A1SWPX,0.0,9.48,9.48,1699.0,398.0,18.786,0.0,0.9475,0.9475,prepaid,0.379,0.0,0.0,0.0,0.0,0.0,376.94,"",'132698845892976309903,2026-04-17,11071085740,0c41a2ec-2707-4586-bd90-1ee67008c745,"",Forward,100016356902,100016356902,11504,379.04,5.0,1207.0,0.0,1207.0,packet_delivered,0.0,0.0,0.0,0.0,0.0,0.0,0.0,0.0,NA,0,492.00000000000006
NFT-/XUTR/DEUTH026107A1SWPX,54.57,0.0,0.0,2799.0,1146.0,283.979,5.457,0.0,0.0,prepaid,1.091,167.0,0.0,0.0,0.0,197.06,-1052.533,"",'132668730113537456201,2026-04-17,11065242093,71230f9f-d91c-4781-ab69-be1356a895a9,100147988246,Reverse,100010513353,1000002744381,11504,1091.43,5.0,1482.0,0.0,1482.0,return_refund,0.0,0.0,0.0,0.0,0.0,0.0,0.0,0.0,NA,0,1317.0
NFT-/XUTR/DEUTH026107A1SWPX,63.24,0.0,0.0,2999.0,1328.0,329.078,6.324,0.0,0.0,prepaid,1.265,0.0,0.0,45.0,0.0,53.1,938.233,"",'132680767068714203101,2026-04-17,11067079013,cbde9198-8d4b-41d6-8b0e-d97a6650a288,"",Forward,100012350214,1000003135098,11504,1264.76,5.0,1500.0,0.0,1500.0,packet_delivered,0.0,0.0,0.0,0.0,0.0,0.0,0.0,0.0,NA,0,1499.0
NFT-/XUTR/DEUTH026107A1SWPX,114.0,0.0,0.0,2600.0,2394.0,564.984,11.4,0.0,0.0,prepaid,2.28,0.0,0.0,61.0,0.0,71.98,1743.356,"",'132667347470194487001,2026-04-17,11064844864,77332702-f5e9-4c9e-9c44-71bb88e653b0,"",Forward,100010116124,1000002725573,11504,2280,5.0,0.0,0.0,0.0,packet_delivered,0.0,0.0,0.0,0.0,0.0,0.0,0.0,0.0,NA,0,2600.0
NFT-/XUTR/DEUTH026107A1SWPX,20.29,0.0,0.0,1750.0,425.99999999999994,20.107,2.029,0.0,0.0,prepaid,0.406,167.0,0.0,0.0,0.0,197.06,-600.518,"",'132659264961416547601,2026-04-17,11063342703,f3fd588c-c074-4c7c-9795-d22c99cc3afd,100150355005,Reverse,100008614105,100008614105,11504,405.71,5.0,1230.0,0.0,1230.0,return_refund,0.0,0.0,0.0,0.0,0.0,0.0,0.0,0.0,NA,0,519.99
NFT-/XUTR/DEUTH026107A1SWPX,23.71,0.0,0.0,1650.0,498.0,23.506,2.371,0.0,0.0,prepaid,0.474,0.0,0.0,27.0,0.0,31.86,439.789,"",'132671455982954496101,2026-04-17,11065447950,a88d1fc9-0a0c-4f3c-ab9f-28eb965a886f,"",Forward,100010719210,100010719210,11504,474.29,5.0,1058.0,0.0,1058.0,packet_delivered,0.0,0.0,0.0,0.0,0.0,0.0,0.0,0.0,NA,0,591.99
NFT-/XUTR/DEUTH026107A1SWPX,30.81,0.0,0.0,1599.0,647.0,167.961,3.081,0.0,0.0,prepaid,0.616,167.0,0.0,0.0,0.0,197.06,-672.402,"",'132665365611194698901,2026-04-17,11064330567,f0c336c5-1791-4cb7-9917-1c4eb9130573,100148102583,Reverse,100009601880,100009601880,11504,616.19,5.0,858.0,0.0,858.0,return_refund,0.0,0.0,0.0,0.0,0.0,0.0,0.0,0.0,NA,0,741.0
NFT-/XUTR/DEUTH026107A1SWPX,37.86,0.0,0.0,1750.0,795.0,206.382,3.786,0.0,0.0,prepaid,0.757,0.0,0.0,27.0,0.0,31.86,552.215,"",'132667856432471741303,2026-04-17,11064979232,30faa908-0ad4-4343-b7e0-116dbd4a7198,"",Forward,100010250492,1000002366503,11504,757.14,5.0,861.0,0.0,861.0,packet_delivered,0.0,0.0,0.0,0.0,0.0,0.0,0.0,0.0,NA,0,889.0
NFT-/XUTR/DEUTH026107A1SWPX,39.05,0.0,0.0,1799.0,820.0,212.872,3.905,0.0,0.0,prepaid,0.781,0.0,0.0,27.0,0.0,31.86,570.582,"",'132667856432471741303,2026-04-17,11064979233,30faa908-0ad4-4343-b7e0-116dbd4a7198,"",Forward,100010250493,1000002366503,11504,780.95,5.0,885.0,0.0,885.0,packet_delivered,0.0,0.0,0.0,0.0,0.0,0.0,0.0,0.0,NA,0,914.0
NFT-/XUTR/DEUTH026107A1SWPX,34.19,0.0,0.0,2899.0,718.0,33.89,3.419,0.0,0.0,prepaid,0.684,167.0,0.0,0.0,0.0,197.06,-877.067,"",'132677429240129699701,2026-04-17,11066799147,cf76a5e1-359f-4347-b155-792354126ca0,11066799147,Reverse,100012070350,100012070350,11504,683.81,5.0,2087.0,0.0,2087.0,exchange,0.0,0.0,0.0,0.0,0.0,0.0,0.0,0.0,NA,0,812.0
NFT-/XUTR/DEUTH026107A1SWPX,0.0,21.21,21.21,2899.0,891.0,231.304,0.0,2.1215,2.1215,prepaid,0.849,0.0,0.0,27.0,0.0,31.86,622.744,"",'132693318231481758703,2026-04-17,11069968036,886eaa59-61ef-4236-b723-89ba59542de4,"",Forward,100015239208,100015239208,11504,848.58,5.0,1914.0,0.0,1914.0,packet_delivered,0.0,0.0,0.0,0.0,0.0,0.0,0.0,0.0,NA,0,984.9900000000001
NFT-/XUTR/DEUTH026107A1SWPX,82.29,0.0,0.0,1899.0,1728.0,265.075,8.229,0.0,0.0,prepaid,1.646,167.0,0.0,0.0,0.0,197.06,-1650.11,"",'132666160623636492203,2026-04-17,11064539610,d311d6c9-40b2-4309-8179-2a99292faf0c,100147389198,Reverse,100009810890,1000002282664,11504,1645.71,5.0,0.0,0.0,0.0,return_refund,0.0,0.0,0.0,0.0,0.0,0.0,0.0,0.0,NA,0,1899.0
NFT-/XUTR/DEUTH026107A1SWPX,37.19,0.0,0.0,1750.0,781.0,202.748,3.719,0.0,0.0,prepaid,0.744,167.0,0.0,0.0,0.0,197.06,-770.849,"",'132669557634832217003,2026-04-17,11065377770,4f7a4fc6-1f76-4982-afd7-e9310660505e,100147830042,Reverse,100010649030,100010649030,11504,743.81,5.0,875.0,0.0,875.0,return_refund,0.0,0.0,0.0,0.0,0.0,0.0,0.0,0.0,NA,0,875.0
NFT-/XUTR/DEUTH026107A1SWPX,72.86,0.0,0.0,3399.0,1530.0,379.134,7.286,0.0,0.0,prepaid,1.457,0.0,0.0,45.0,0.0,53.1,1089.023,"",'132668730113537456201,2026-04-17,11065242091,71230f9f-d91c-4781-ab69-be1356a895a9,"",Forward,100010513351,1000002744381,11504,1457.14,5.0,1698.0,0.0,1698.0,packet_delivered,0.0,0.0,0.0,0.0,0.0,0.0,0.0,0.0,NA,0,1701.0
NFT-/XUTR/DEUTH026107A1SWPX,39.43,0.0,0.0,1999.0,828.0,214.949,3.943,0.0,0.0,prepaid,0.789,0.0,0.0,27.0,0.0,31.86,576.459,"",'132668424714209386303,2026-04-17,11065149285,e29d835b-6c49-4792-b11a-9684db62d664,"",Forward,100010420545,100010420545,11504,788.57,5.0,1077.0,0.0,1077.0,packet_delivered,0.0,0.0,0.0,0.0,0.0,0.0,0.0,0.0,NA,0,922.0
NFT-/XUTR/DEUTH026107A1SWPX,34.62,0.0,0.0,2850.0,727.0,34.314,3.462,0.0,0.0,prepaid,0.692,167.0,0.0,0.0,0.0,197.06,-885.592,"",'132665273060400282703,2026-04-17,11064305487,dfff528a-10c3-42ec-b0d8-9b3af31efb2b,100149294565,Reverse,100009576800,1000002615351,11504,692.38,5.0,2029.0,0.0,2029.0,return_refund,0.0,0.0,0.0,0.0,0.0,0.0,0.0,0.0,NA,0,821.0
NFT-/XUTR/DEUTH026107A1SWPX,28.14,0.0,0.0,1599.0,591.0,41.843,2.814,0.0,0.0,prepaid,0.563,112.0,0.0,0.0,0.0,132.16,-677.94,"",'132682209161842687903,2026-04-17,11067428062,6bf152a6-fb3b-43c7-ba1c-433f160cd0cd,100148169827,Reverse,100012699263,100012699263,11504,562.86,5.0,914.0,0.0,914.0,return_refund,0.0,0.0,0.0,0.0,0.0,0.0,0.0,0.0,NA,0,685.0
NFT-/XUTR/DEUTH026107A1SWPX,77.52,0.0,0.0,1799.0,1628.0,384.208,7.752,0.0,0.0,prepaid,1.55,91.0,0.0,0.0,0.0,107.38,-1341.87,"",'132697827998085830803,2026-04-17,11070818992,4c136005-f9e9-4114-a02a-91477e16d91d,100147473317,Reverse,100016090162,1000004233713,11504,1550.48,5.0,0.0,0.0,0.0,return_refund,0.0,0.0,0.0,0.0,0.0,0.0,0.0,0.0,NA,0,1799.0
NFT-/XUTR/DEUTH026107A1SWPX,34.71,0.0,0.0,2750.0,729.0,34.40899999999999,3.471,0.0,0.0,prepaid,0.694,167.0,0.0,0.0,0.0,197.06,-887.486,"",'132665273060400282703,2026-04-17,11064305486,dfff528a-10c3-42ec-b0d8-9b3af31efb2b,100149294712,Reverse,100009576799,1000002615351,11504,694.29,5.0,1927.0,0.0,1927.0,return_refund,0.0,0.0,0.0,0.0,0.0,0.0,0.0,0.0,NA,0,823.0
NFT-/XUTR/DEUTH026107A1SWPX,100.14,0.0,0.0,3299.0,2103.0,496.308,10.014,0.0,0.0,prepaid,2.003,167.0,0.0,0.0,0.0,197.06,-1791.735,"",'132668372667121274703,2026-04-17,11065133195,80c6509c-81dd-419e-b07d-770fc6eed4eb,100150029299,Reverse,100010404455,100010404455,11504,2002.86,5.0,990.0,0.0,990.0,return_refund,0.0,0.0,0.0,0.0,0.0,0.0,0.0,0.0,NA,0,2309.01
NFT-/XUTR/DEUTH026107A1SWPX,63.29,0.0,0.0,2999.0,1329.0,329.326,6.329,0.0,0.0,prepaid,1.266,0.0,0.0,45.0,0.0,53.1,938.979,"",'132658797816324127903,2026-04-17,11063229833,2e302d48-ed01-4db5-96b7-ebbab713bb2c,"",Forward,100008501235,100008501235,11504,1265.71,5.0,1499.0,0.0,1499.0,packet_delivered,0.0,0.0,0.0,0.0,0.0,0.0,0.0,0.0,NA,0,1500.0
NFT-/XUTR/DEUTH026107A1SWPX,20.05,0.0,0.0,1599.0,421.0,19.871,2.005,0.0,0.0,prepaid,0.401,0.0,0.0,15.0,0.0,17.7,381.023,"",'132666207235186004703,2026-04-17,11064551660,b4f56191-6b21-42b5-9012-ad88d04fe9f9,"",Forward,100009822938,100009822938,11504,400.95,5.0,1084.0,0.0,1084.0,packet_delivered,0.0,0.0,0.0,0.0,0.0,0.0,0.0,0.0,NA,0,515.0
NFT-/XUTR/DEUTH026107A1SWPX,32.57,0.0,0.0,2499.0,684.0,32.285,3.257,0.0,0.0,prepaid,0.651,167.0,0.0,0.0,0.0,197.06,-844.867,"",'132667369129189491103,2026-04-17,11064850134,2d2cf76b-9379-4598-95fe-ab4eaa967d8a,100148886139,Reverse,100010121394,1000002679841,11504,651.43,5.0,1721.0,0.0,1721.0,return_refund,0.0,0.0,0.0,0.0,0.0,0.0,0.0,0.0,NA,0,778.0
NFT-/XUTR/DEUTH026107A1SWPX,54.57,0.0,0.0,2799.0,1146.0,283.979,5.457,0.0,0.0,prepaid,1.091,0.0,0.0,45.0,0.0,53.1,802.373,"",'132668730113537456201,2026-04-17,11065242093,71230f9f-d91c-4781-ab69-be1356a895a9,"",Forward,100010513353,1000002744381,11504,1091.43,5.0,1482.0,0.0,1482.0,packet_delivered,0.0,0.0,0.0,0.0,0.0,0.0,0.0,0.0,NA,0,1317.0
NFT-/XUTR/DEUTH026107A1SWPX,38.0,0.0,0.0,1899.0,798.0,207.161,3.8,0.0,0.0,prepaid,0.76,0.0,0.0,27.0,0.0,31.86,554.419,"",'132697646891157603603,2026-04-17,11070785069,ad89fe2b-8209-47fe-8ddd-a83856770622,"",Forward,100016056239,1000004227765,11504,760,5.0,1007.0,0.0,1007.0,packet_delivered,0.0,0.0,0.0,0.0,0.0,0.0,0.0,0.0,NA,0,892.0
NFT-/XUTR/DEUTH026107A1SWPX,22.81,0.0,0.0,1599.0,479.0,22.609,2.281,0.0,0.0,prepaid,0.456,0.0,0.0,27.0,0.0,31.86,421.794,"",'132669792868900633503,2026-04-17,11065391491,7d5f3f26-77ba-4a5f-8206-5cb90eb6545a,"",Forward,100010662751,100010662751,11504,456.19,5.0,1026.0,0.0,1026.0,packet_delivered,0.0,0.0,0.0,0.0,0.0,0.0,0.0,0.0,NA,0,573.0
NFT-/XUTR/DEUTH026107A1SWPX,20.62,0.0,0.0,1799.0,433.0,20.438,2.062,0.0,0.0,prepaid,0.412,0.0,0.0,19.0,0.0,22.42,387.668,"",'132674475223111276901,2026-04-17,11066056891,f954b450-40aa-4799-a006-8850d9996eb3,"",Forward,100011328116,100011328116,11504,412.38,5.0,1272.0,0.0,1272.0,packet_delivered,0.0,0.0,0.0,0.0,0.0,0.0,0.0,0.0,NA,0,527.0
NFT-/XUTR/DEUTH026107A1SWPX,63.24,0.0,0.0,2999.0,1328.0,329.078,6.324,0.0,0.0,prepaid,1.265,0.0,0.0,45.0,0.0,53.1,938.233,"",'132694859870114394701,2026-04-17,11070535230,ca02d1e5-09b0-45f1-ac7d-5240d5fa6b6d,"",Forward,100015806401,1000004236475,11504,1264.76,5.0,1500.0,0.0,1500.0,packet_delivered,0.0,0.0,0.0,0.0,0.0,0.0,0.0,0.0,NA,0,1499.0
NFT-/XUTR/DEUTH026107A1SWPX,32.57,0.0,0.0,2499.0,684.0,32.285,3.257,0.0,0.0,prepaid,0.651,0.0,0.0,27.0,0.0,31.86,615.947,"",'132668371301727478403,2026-04-17,11065132743,75f8724f-a413-44fa-baaf-b60d9e1e33d6,"",Forward,100010404003,100010404003,11504,651.43,5.0,1721.0,0.0,1721.0,packet_delivered,0.0,0.0,0.0,0.0,0.0,0.0,0.0,0.0,NA,0,778.0
NFT-/XUTR/DEUTH026107A1SWPX,60.62,0.0,0.0,1699.0,1273.0,300.428,6.062,0.0,0.0,prepaid,1.212,0.0,0.0,45.0,0.0,53.1,912.198,"",'132668024181501232203,2026-04-17,11065026509,87cf5620-c50e-43e0-b436-27b8aeead838,"",Forward,100010297769,100010297769,11504,1212.38,5.0,255.0,0.0,255.0,packet_delivered,0.0,0.0,0.0,0.0,0.0,0.0,0.0,0.0,NA,0,1444.0
NFT-/XUTR/DEUTH026107A1SWPX,37.19,0.0,0.0,1750.0,781.0,202.748,3.719,0.0,0.0,prepaid,0.744,91.0,0.0,0.0,0.0,107.38,-681.169,"",'132691315258696042801,2026-04-17,11069342490,c0d24d5e-19a2-4a40-b0bc-d199f06b4ada,100147688201,Reverse,100014613668,1000003666088,11504,743.81,5.0,875.0,0.0,875.0,return_refund,0.0,0.0,0.0,0.0,0.0,0.0,0.0,0.0,NA,0,875.0
NFT-/XUTR/DEUTH026107A1SWPX,56.95,0.0,0.0,3399.0,1196.0,296.369,5.695,0.0,0.0,prepaid,1.139,0.0,0.0,45.0,0.0,53.1,839.697,"",'132667898615532468801,2026-04-17,11064990830,9f23a67c-e3d8-494c-9300-620f424bf354,"",Forward,100010262090,1000002666799,11504,1139.05,5.0,2032.0,0.0,2032.0,packet_delivered,0.0,0.0,0.0,0.0,0.0,0.0,0.0,0.0,NA,0,1367.0
NFT-/XUTR/DEUTH026107A1SWPX,47.05,0.0,0.0,2499.0,988.0,256.485,4.705,0.0,0.0,prepaid,0.941,0.0,0.0,27.0,0.0,31.86,694.009,"",'132667768734079539003,2026-04-17,11064954758,6e8a5957-7c7d-48f1-b78c-0101cbc2f6b2,"",Forward,100010226018,100010226018,11504,940.95,5.0,1340.0,0.0,1340.0,packet_delivered,0.0,0.0,0.0,0.0,0.0,0.0,0.0,0.0,NA,0,1159.0
NFT-/XUTR/DEUTH026107A1SWPX,35.29,0.0,0.0,2799.0,268.41,12.669,1.278,0.0,0.0,prepaid,0.256,40.569,0.0,0.0,0.0,47.87142,-302.078,"",'132683860396010507501,2026-04-17,11067814938,40a12c5e-1ca4-47b5-b73c-158c72f1bfaa,11067814938,Reverse,100013086132,100013086132,11504,705.71,5.0,1964.0,0.0,1964.0,exchange,0.0,0.0,0.0,0.0,0.0,0.0,0.0,0.0,NA,0,835.0
NFT-/XUTR/DEUTH026107A1SWPX,72.76,0.0,0.0,1699.0,1528.0,360.608,7.276,0.0,0.0,prepaid,1.455,0.0,0.0,45.0,0.0,53.1,1105.561,"",'132672584483496080303,2026-04-17,11065615682,c8e01a3f-59b3-4119-b638-c641ecc27905,"",Forward,100010886915,1000002597995,11504,1455.24,5.0,0.0,0.0,0.0,packet_delivered,0.0,0.0,0.0,0.0,0.0,0.0,0.0,0.0,NA,0,1699.0
NFT-/XUTR/DEUTH026107A1SWPX,19.05,0.0,0.0,1699.0,399.99999999999994,18.88,1.905,0.0,0.0,prepaid,0.381,167.0,0.0,0.0,0.0,197.06,-575.894,"",'132672145663212083301,2026-04-17,11065535290,97b38263-6a36-4073-b709-7efa1aede4e3,100147769301,Reverse,100010806545,100010806545,11504,380.95,5.0,1205.0,0.0,1205.0,return_refund,0.0,0.0,0.0,0.0,0.0,0.0,0.0,0.0,NA,0,494.0
NFT-/XUTR/DEUTH026107A1SWPX,43.1,0.0,0.0,1999.0,905.0,234.938,4.31,0.0,0.0,prepaid,0.862,0.0,0.0,27.0,0.0,31.86,633.03,"",'132659961534281705701,2026-04-17,11063529688,e5c5858f-6da2-4fb7-b88e-65f27299c65c,"",Forward,100008801090,100008801090,11504,861.9,5.0,1000.0,0.0,1000.0,packet_delivered,0.0,0.0,0.0,0.0,0.0,0.0,0.0,0.0,NA,0,999.0
NFT-/XUTR/DEUTH026107A1SWPX,56.1,0.0,0.0,2999.0,1178.0,291.908,5.61,0.0,0.0,prepaid,1.122,0.0,0.0,45.0,0.0,53.1,826.26,"",'132668742666853802101,2026-04-17,11065245409,26cb495c-7f31-421f-807a-f768f8f8bcd8,"",Forward,100010516669,100010516669,11504,1121.9,5.0,1650.0,0.0,1650.0,packet_delivered,0.0,0.0,0.0,0.0,0.0,0.0,0.0,0.0,NA,0,1349.0
NFT-/XUTR/DEUTH026107A1SWPX,49.81,0.0,0.0,2999.0,1046.0,259.199,4.981,0.0,0.0,prepaid,0.996,0.0,0.0,45.0,0.0,53.1,727.724,"",'132668730113537456201,2026-04-17,11065242088,71230f9f-d91c-4781-ab69-be1356a895a9,"",Forward,100010513348,1000002744381,11504,996.19,5.0,1782.0,0.0,1782.0,packet_delivered,0.0,0.0,0.0,0.0,0.0,0.0,0.0,0.0,NA,0,1217.0
NFT-/XUTR/DEUTH026107A1SWPX,425.9,0.0,0.0,2999.0,2792.0,658.912,11.831,0.0,0.0,prepaid,2.366,0.0,0.0,61.0,0.0,71.98,2046.911,"",'132694859870114394701,2026-04-17,11070535235,ca02d1e5-09b0-45f1-ac7d-5240d5fa6b6d,"",Forward,100015806406,1000004236475,11504,2366.1,18.0,1.0,0.0,1.0,packet_delivered,0.0,0.0,0.0,0.0,0.0,0.0,0.0,0.0,NA,0,2998.0
NFT-/XUTR/DEUTH026107A1SWPX,49.33,0.0,0.0,1699.0,1036.0,158.922,4.933,0.0,0.0,prepaid,0.987,167.0,0.0,0.0,0.0,197.06,-1068.218,"",'132666160623636492203,2026-04-17,11064539612,d311d6c9-40b2-4309-8179-2a99292faf0c,11064539612,Reverse,100009810892,1000002282664,11504,986.67,5.0,492.0,0.0,492.0,exchange,0.0,0.0,0.0,0.0,0.0,0.0,0.0,0.0,NA,0,1207.0
NFT-/XUTR/DEUTH026107A1SWPX,18.81,0.0,0.0,1799.0,395.0,18.644,1.881,0.0,0.0,prepaid,0.376,0.0,0.0,0.0,0.0,0.0,374.099,"",'132671722620609462301,2026-04-17,11065474722,f0e988fe-fb06-4fd0-b04e-298451333d88,"",Forward,100010745982,1000002537942,11504,376.19,5.0,1310.0,0.0,1310.0,packet_delivered,0.0,0.0,0.0,0.0,0.0,0.0,0.0,0.0,NA,0,489.0
NFT-/XUTR/DEUTH026107A1SWPX,75.14,0.0,0.0,3499.0,1578.0,391.028,7.514,0.0,0.0,prepaid,1.503,0.0,0.0,45.0,0.0,53.1,1124.855,"",'132689743588784842701,2026-04-17,11068858525,fb73ffcb-d0ba-404e-9234-d43d8d9561d0,"",Forward,100014129707,100014129707,11504,1502.86,5.0,1750.0,0.0,1750.0,packet_delivered,0.0,0.0,0.0,0.0,0.0,0.0,0.0,0.0,NA,0,1749.02
NFT-/XUTR/DEUTH026107A1SWPX,0.0,36.38,36.38,3399.0,1528.0,378.638,0.0,3.638,3.638,prepaid,1.455,91.0,0.0,0.0,0.0,107.38,-1248.011,"",'132698414739612948003,2026-04-17,11070960332,0a2244bd-3d6d-4d48-960a-a422ea10036b,100147795405,Reverse,100016231496,1000004237989,11504,1455.24,5.0,1700.0,0.0,1700.0,return_refund,0.0,0.0,0.0,0.0,0.0,0.0,0.0,0.0,NA,0,1699.0000000000002
NFT-/XUTR/DEUTH026107A1SWPX,33.19,0.0,0.0,2499.0,697.0,32.898,3.319,0.0,0.0,prepaid,0.664,0.0,0.0,27.0,0.0,31.86,628.259,"",'132669973417160623001,2026-04-17,11065399017,9d9af148-baf2-4939-a208-9588212ac1ce,"",Forward,100010670277,1000002728617,11504,663.81,5.0,1708.0,0.0,1708.0,packet_delivered,0.0,0.0,0.0,0.0,0.0,0.0,0.0,0.0,NA,0,791.0
NFT-/XUTR/DEUTH026107A1SWPX,32.57,0.0,0.0,2999.0,684.0,32.285,3.257,0.0,0.0,prepaid,0.651,0.0,0.0,27.0,0.0,31.86,615.947,"",'132664727044600311503,2026-04-17,11064151717,ce456049-e971-4df0-b914-930811710980,"",Forward,100009423031,100009423031,11504,651.43,5.0,2221.0,0.0,2221.0,packet_delivered,0.0,0.0,0.0,0.0,0.0,0.0,0.0,0.0,NA,0,778.0
NFT-/XUTR/DEUTH026107A1SWPX,19.05,0.0,0.0,1699.0,400.0,18.88,1.905,0.0,0.0,prepaid,0.381,0.0,0.0,0.0,0.0,0.0,378.834,"",'132668671167109670903,2026-04-17,11065223580,6a4468cb-10eb-4fc3-bb39-fdb51a4e0da4,"",Forward,100010494840,100010494840,11504,380.95,5.0,1205.0,0.0,1205.0,packet_delivered,0.0,0.0,0.0,0.0,0.0,0.0,0.0,0.0,NA,0,494.0
NFT-/XUTR/DEUTH026107A1SWPX,0.0,22.33,22.33,2999.0,938.0,243.505,0.0,2.2335,2.2335,prepaid,0.893,0.0,0.0,27.0,0.0,31.86,657.275,"",'132691716043867336601,2026-04-17,11069469419,1b21c4f5-7c22-4ebe-9853-ba64b81c30fd,"",Forward,100014740594,100014740594,11504,893.34,5.0,1890.0,0.0,1890.0,packet_delivered,0.0,0.0,0.0,0.0,0.0,0.0,0.0,0.0,NA,0,1108.9900000000002
NFT-/XUTR/DEUTH026107A1SWPX,49.81,0.0,0.0,2999.0,1046.0,259.199,4.981,0.0,0.0,prepaid,0.996,167.0,0.0,0.0,0.0,197.06,-977.884,"",'132658509005216284103,2026-04-17,11063161892,c51f91c6-10a0-4a4e-ad86-74419491b0e9,11063161892,Reverse,100008433294,1000002168054,11504,996.19,5.0,1782.0,0.0,1782.0,exchange,0.0,0.0,0.0,0.0,0.0,0.0,0.0,0.0,NA,0,1217.0
NFT-/XUTR/DEUTH026107A1SWPX,60.91,0.0,0.0,2899.0,1279.0,316.936,6.09,0.0,0.0,prepaid,1.218,91.0,0.0,0.0,0.0,107.38,-1062.136,"",'132692372303662141101,2026-04-17,11069665389,e8c8dfa2-211f-47f3-9572-c2f5460bcf2a,11069665389,Reverse,100014936562,100014936562,11504,1218.1,5.0,1449.0,0.0,1449.0,exchange,0.0,0.0,0.0,0.0,0.0,0.0,0.0,0.0,NA,0,1450.0
NFT-/XUTR/DEUTH026107A1SWPX,49.38,0.0,0.0,2899.0,1037.0,256.969,4.938,0.0,0.0,prepaid,0.988,0.0,0.0,45.0,0.0,53.1,721.005,"",'132667231608054626501,2026-04-17,11064814577,75ff633a-f4ed-4ba9-bcdb-e19b6b270311,"",Forward,100010085838,100010085838,11504,987.62,5.0,1691.0,0.0,1691.0,packet_delivered,0.0,0.0,0.0,0.0,0.0,0.0,0.0,0.0,NA,0,1208.0
NFT-/XUTR/DEUTH026107A1SWPX,104.43,0.0,0.0,2399.0,2193.0,517.548,10.443,0.0,0.0,prepaid,2.089,0.0,0.0,61.0,0.0,71.98,1590.94,"",'132682793649000583601,2026-04-17,11067572930,0f55ed3e-9a0c-4c71-8ab2-5922b55f349e,"",Forward,100012844131,100012844131,11504,2088.57,5.0,0.0,0.0,0.0,packet_delivered,0.0,0.0,0.0,0.0,0.0,0.0,0.0,0.0,NA,0,2399.0
NFT-/XUTR/DEUTH026107A1SWPX,25.95,0.0,0.0,1599.0,545.0,141.482,2.595,0.0,0.0,prepaid,0.519,167.0,0.0,0.0,0.0,197.06,-597.464,"",'132680767068714203101,2026-04-17,11067079010,cbde9198-8d4b-41d6-8b0e-d97a6650a288,100147439851,Reverse,100012350211,1000003135098,11504,519.05,5.0,960.0,0.0,960.0,return_refund,0.0,0.0,0.0,0.0,0.0,0.0,0.0,0.0,NA,0,639.0
NFT-/XUTR/DEUTH026107A1SWPX,64.67,0.0,0.0,3399.0,1358.0,336.512,6.467,0.0,0.0,prepaid,1.293,0.0,0.0,45.0,0.0,53.1,960.628,"",'132665318022085870803,2026-04-17,11064317726,a28195f2-ad46-4948-94cf-ec755e38dc5b,"",Forward,100009589039,100009589039,11504,1293.33,5.0,1870.0,0.0,1870.0,packet_delivered,0.0,0.0,0.0,0.0,0.0,0.0,0.0,0.0,NA,0,1529.0
NFT-/XUTR/DEUTH026107A1SWPX,115.19,0.0,0.0,2625.0,2419.0,570.884,11.519,0.0,0.0,prepaid,2.304,167.0,0.0,0.0,0.0,197.06,-2031.353,"",'132666531490184017203,2026-04-17,11064634494,dfdfd8b4-e262-4699-a12c-1d935a321adb,11064634494,Reverse,100009905760,100009905760,11504,2303.81,5.0,0.0,0.0,0.0,exchange,0.0,0.0,0.0,0.0,0.0,0.0,0.0,0.0,NA,0,2625.0
NFT-/XUTR/DEUTH026107A1SWPX,20.81,0.0,0.0,1650.0,437.0,20.626,2.081,0.0,0.0,prepaid,0.416,0.0,0.0,19.0,0.0,22.42,391.457,"",'132675349441570776201,2026-04-17,11066250551,413ba5bc-33a0-4257-85df-4b200c93db9d,"",Forward,100011521755,1000003118864,11504,416.19,5.0,1119.0,0.0,1119.0,packet_delivered,0.0,0.0,0.0,0.0,0.0,0.0,0.0,0.0,NA,0,531.0
NFT-/XUTR/DEUTH026107A1SWPX,63.29,0.0,0.0,2999.0,1329.0,329.326,6.329,0.0,0.0,prepaid,1.266,91.0,0.0,0.0,0.0,107.38,-1099.459,"",'132690971515251590603,2026-04-17,11069236373,e3e251de-8df4-4859-8bab-55550b922cb9,100147940684,Reverse,100014507551,100014507551,11504,1265.71,5.0,1499.0,0.0,1499.0,return_refund,0.0,0.0,0.0,0.0,0.0,0.0,0.0,0.0,NA,0,1500.0
NFT-/XUTR/DEUTH026107A1SWPX,100.14,0.0,0.0,3299.0,2103.0,496.308,10.014,0.0,0.0,prepaid,2.003,0.0,0.0,61.0,0.0,71.98,1522.695,"",'132668372667121274703,2026-04-17,11065133195,80c6509c-81dd-419e-b07d-770fc6eed4eb,"",Forward,100010404455,100010404455,11504,2002.86,5.0,990.0,0.0,990.0,packet_delivered,0.0,0.0,0.0,0.0,0.0,0.0,0.0,0.0,NA,0,2309.01
NFT-/XUTR/DEUTH026107A1SWPX,18.38,0.0,0.0,1499.0,386.0,18.219,1.838,0.0,0.0,prepaid,0.368,0.0,0.0,0.0,0.0,0.0,365.575,"",'132669815223533889403,2026-04-17,11065392511,ae904c11-a5ac-40c5-a2fc-3a8db650cd22,"",Forward,100010663771,100010663771,11504,367.62,5.0,1054.0,0.0,1054.0,packet_delivered,0.0,0.0,0.0,0.0,0.0,0.0,0.0,0.0,NA,0,445.0
NFT-/XUTR/DEUTH026107A1SWPX,18.0,0.0,0.0,1750.0,378.0,17.842,1.8,0.0,0.0,prepaid,0.36,0.0,0.0,0.0,0.0,0.0,357.998,"",'132686133338906396601,2026-04-17,11068404553,e920d92b-4e12-45e9-9c52-ff9bb13a5972,"",Forward,100013675743,100013675743,11504,360,5.0,1313.0,0.0,1313.0,packet_delivered,0.0,0.0,0.0,0.0,0.0,0.0,0.0,0.0,NA,0,436.99
NFT-/XUTR/DEUTH026107A1SWPX,0.0,18.0,18.0,2299.0,756.0,35.683,0.0,1.8,1.8,prepaid,0.72,0.0,0.0,27.0,0.0,31.86,684.137,"",'132693023714219779903,2026-04-17,11069873183,49cc364c-686f-465b-9383-e384fd2672d8,"",Forward,100015144356,100015144356,11504,720,5.0,1449.0,0.0,1449.0,packet_delivered,0.0,0.0,0.0,0.0,0.0,0.0,0.0,0.0,NA,0,849.99
NFT-/XUTR/DEUTH026107A1SWPX,32.91,0.0,0.0,1699.0,691.0,179.384,3.29,0.0,0.0,prepaid,0.658,112.0,0.0,0.0,0.0,132.16,-639.828,"",'132671722620609462301,2026-04-17,11065474724,f0e988fe-fb06-4fd0-b04e-298451333d88,100151530375,Reverse,100010745984,1000002537942,11504,658.1,5.0,914.0,0.0,914.0,return_refund,0.0,0.0,0.0,0.0,0.0,0.0,0.0,0.0,NA,0,785.01
NFT-/XUTR/DEUTH026107A1SWPX,27.86,0.0,0.0,1699.0,585.0,41.418,2.786,0.0,0.0,prepaid,0.557,167.0,0.0,0.0,0.0,197.06,-737.299,"",'132668699558974230403,2026-04-17,11065232222,a4fc052e-53d8-4818-b938-64cef117fb6a,100147336931,Reverse,100010503482,1000002717302,11504,557.14,5.0,1020.0,0.0,1020.0,return_refund,0.0,0.0,0.0,0.0,0.0,0.0,0.0,0.0,NA,0,679.0
NFT-/XUTR/DEUTH026107A1SWPX,33.33,0.0,0.0,2950.0,700.0,33.04,3.333,0.0,0.0,prepaid,0.667,0.0,0.0,27.0,0.0,31.86,631.1,"",'132654958655337254103,2026-04-17,11062300468,09a93707-796d-458d-ba13-6d55ff52efb2,"",Forward,100007571923,100007571923,11504,666.67,5.0,2156.0,0.0,2156.0,packet_delivered,0.0,0.0,0.0,0.0,0.0,0.0,0.0,0.0,NA,0,794.0
NFT-/XUTR/DEUTH026107A1SWPX,63.24,0.0,0.0,2999.0,1328.0,329.078,6.324,0.0,0.0,prepaid,1.265,91.0,0.0,0.0,0.0,107.38,-1098.713,"",'132694859870114394701,2026-04-17,11070535230,ca02d1e5-09b0-45f1-ac7d-5240d5fa6b6d,100147407519,Reverse,100015806401,1000004236475,11504,1264.76,5.0,1500.0,0.0,1500.0,return_refund,0.0,0.0,0.0,0.0,0.0,0.0,0.0,0.0,NA,0,1499.0
NFT-/XUTR/DEUTH026107A1SWPX,17.81,0.0,0.0,1599.0,228.584,10.788999999999998,1.088,0.0,0.0,prepaid,0.218,0.0,0.0,6.112,0.0,7.21216,209.277,"",'132616413981189369003,2026-04-17,11056199860,e82c5df3-9560-4808-98c4-c1245c3dbdcc,"",Forward,100000158835,100000158835,11504,356.19,5.0,1166.0,0.0,1166.0,packet_delivered,0.0,0.0,0.0,0.0,0.0,0.0,0.0,0.0,NA,0,432.99
NFT-/XUTR/DEUTH026107A1SWPX,38.33,0.0,0.0,1799.0,805.0,208.978,3.833,0.0,0.0,prepaid,0.767,0.0,0.0,27.0,0.0,31.86,559.562,"",'132667474647928535603,2026-04-17,11064877163,33281e0a-16f7-444a-b9cd-478ab5f2451a,"",Forward,100010148423,100010148423,11504,766.67,5.0,900.0,0.0,900.0,packet_delivered,0.0,0.0,0.0,0.0,0.0,0.0,0.0,0.0,NA,0,899.0
NFT-/XUTR/DEUTH026107A1SWPX,29.0,0.0,0.0,1850.0,609.0,158.096,2.9,0.0,0.0,prepaid,0.58,91.0,0.0,0.0,0.0,107.38,-554.804,"",'132691643132289053503,2026-04-17,11069446255,a7818c01-78ba-443f-8172-a48e49fd6b15,100147336005,Reverse,100014717430,100014717430,11504,580,5.0,1147.0,0.0,1147.0,return_refund,0.0,0.0,0.0,0.0,0.0,0.0,0.0,0.0,NA,0,703.0
NFT-/XUTR/DEUTH026107A1SWPX,28.19,0.0,0.0,2499.0,592.0,27.942,2.819,0.0,0.0,prepaid,0.564,0.0,0.0,0.0,0.0,0.0,560.675,"",'132666383145770596603,2026-04-17,11064596709,3414117f-d06a-4285-80c4-f3e180130ac6,"",Forward,100009867980,100009867980,11504,563.81,5.0,1759.0,0.0,1759.0,packet_delivered,0.0,0.0,0.0,0.0,0.0,0.0,0.0,0.0,NA,0,740.0
NFT-/XUTR/DEUTH026107A1SWPX,17.81,0.0,0.0,1599.0,374.0,17.653,1.781,0.0,0.0,prepaid,0.356,0.0,0.0,10.0,0.0,11.8,342.41,"",'132676031802163561403,2026-04-17,11066407197,6c7e888b-2cb9-4694-a274-581d3c41c219,"",Forward,100011678401,100011678401,11504,356.19,5.0,1166.0,0.0,1166.0,packet_delivered,0.0,0.0,0.0,0.0,0.0,0.0,0.0,0.0,NA,0,433.0
NFT-/XUTR/DEUTH026107A1SWPX,60.62,0.0,0.0,1699.0,1273.0,300.428,6.062,0.0,0.0,prepaid,1.212,167.0,0.0,0.0,0.0,197.06,-1162.358,"",'132667052407823041003,2026-04-17,11064767726,52234748-3479-437e-9228-66b780da10a2,100147426431,Reverse,100010038986,100010038986,11504,1212.38,5.0,255.0,0.0,255.0,return_refund,0.0,0.0,0.0,0.0,0.0,0.0,0.0,0.0,NA,0,1444.0
NFT-/XUTR/DEUTH026107A1SWPX,38.33,0.0,0.0,1799.0,805.0,208.978,3.833,0.0,0.0,prepaid,0.767,0.0,0.0,27.0,0.0,31.86,559.562,"",'132692667553665907603,2026-04-17,11069763313,9833feef-edaa-45b4-8d8a-cc48fd8eb95f,"",Forward,100015034486,100015034486,11504,766.67,5.0,900.0,0.0,900.0,packet_delivered,0.0,0.0,0.0,0.0,0.0,0.0,0.0,0.0,NA,0,898.99
NFT-/XUTR/DEUTH026107A1SWPX,63.24,0.0,0.0,2999.0,1328.0,329.078,6.324,0.0,0.0,prepaid,1.265,0.0,0.0,45.0,0.0,53.1,938.233,"",'132689920579565718301,2026-04-17,11068907566,3ec778f1-dbef-4408-8349-ef198dbe7c1b,"",Forward,100014178745,100014178745,11504,1264.76,5.0,1500.0,0.0,1500.0,packet_delivered,0.0,0.0,0.0,0.0,0.0,0.0,0.0,0.0,NA,0,1499.0
NFT-/XUTR/DEUTH026107A1SWPX,37.19,0.0,0.0,1750.0,781.0,202.748,3.719,0.0,0.0,prepaid,0.744,0.0,0.0,27.0,0.0,31.86,541.929,"",'132669557634832217003,2026-04-17,11065377770,4f7a4fc6-1f76-4982-afd7-e9310660505e,"",Forward,100010649030,100010649030,11504,743.81,5.0,875.0,0.0,875.0,packet_delivered,0.0,0.0,0.0,0.0,0.0,0.0,0.0,0.0,NA,0,875.0
NFT-/XUTR/DEUTH026107A1SWPX,0.0,35.19,35.19,3299.0,1478.0,366.248,0.0,3.519,3.519,prepaid,1.408,0.0,0.0,45.0,0.0,53.1,1050.206,"",'132696048665054231403,2026-04-17,11070678221,94dfe7f6-4f43-4866-8fdd-4d91024ab965,"",Forward,100015949392,1000004242454,11504,1407.62,5.0,1650.0,0.0,1650.0,packet_delivered,0.0,0.0,0.0,0.0,0.0,0.0,0.0,0.0,NA,0,1649.0
NFT-/XUTR/DEUTH026107A1SWPX,60.91,0.0,0.0,2899.0,1279.0,316.936,6.09,0.0,0.0,prepaid,1.218,0.0,0.0,45.0,0.0,53.1,901.656,"",'132692372303662141101,2026-04-17,11069665389,e8c8dfa2-211f-47f3-9572-c2f5460bcf2a,"",Forward,100014936562,100014936562,11504,1218.1,5.0,1449.0,0.0,1449.0,packet_delivered,0.0,0.0,0.0,0.0,0.0,0.0,0.0,0.0,NA,0,1450.0
NFT-/XUTR/DEUTH026107A1SWPX,33.52,0.0,0.0,1699.0,704.0,182.758,3.352,0.0,0.0,prepaid,0.67,91.0,0.0,0.0,0.0,107.38,-624.6,"",'132690810237346219303,2026-04-17,11069188088,c65228d0-93c0-42eb-b724-2d66ff4299ae,100147935281,Reverse,100014459266,100014459266,11504,670.48,5.0,901.0,0.0,901.0,return_refund,0.0,0.0,0.0,0.0,0.0,0.0,0.0,0.0,NA,0,798.0
NFT-/XUTR/DEUTH026107A1SWPX,18.81,0.0,0.0,1799.0,395.0,18.644,1.881,0.0,0.0,prepaid,0.376,112.0,0.0,0.0,0.0,132.16,-506.259,"",'132671722620609462301,2026-04-17,11065474722,f0e988fe-fb06-4fd0-b04e-298451333d88,100151530425,Reverse,100010745982,1000002537942,11504,376.19,5.0,1310.0,0.0,1310.0,return_refund,0.0,0.0,0.0,0.0,0.0,0.0,0.0,0.0,NA,0,489.0
NFT-/XUTR/DEUTH026107A1SWPX,32.57,0.0,0.0,2799.0,684.0,32.285,3.257,0.0,0.0,prepaid,0.651,0.0,0.0,27.0,0.0,31.86,615.947,"",'132665010199440508101,2026-04-17,11064232217,e2458939-d6d7-4d20-bd5d-608120afb67e,"",Forward,100009503531,100009503531,11504,651.43,5.0,2021.0,0.0,2021.0,packet_delivered,0.0,0.0,0.0,0.0,0.0,0.0,0.0,0.0,NA,0,777.99
NFT-/XUTR/DEUTH026107A1SWPX,63.24,0.0,0.0,2999.0,1328.0,329.078,6.324,0.0,0.0,prepaid,1.265,167.0,0.0,0.0,0.0,197.06,-1188.393,"",'132678150132909342103,2026-04-17,11066910338,bcd3fd73-c18f-4e9d-866d-8849923ae9fa,100148543557,Reverse,100012181542,100012181542,11504,1264.76,5.0,1500.0,0.0,1500.0,return_refund,0.0,0.0,0.0,0.0,0.0,0.0,0.0,0.0,NA,0,1499.0
NFT-/XUTR/DEUTH026107A1SWPX,49.33,0.0,0.0,1699.0,1036.0,158.922,4.933,0.0,0.0,prepaid,0.987,0.0,0.0,45.0,0.0,53.1,818.058,"",'132666160623636492203,2026-04-17,11064539612,d311d6c9-40b2-4309-8179-2a99292faf0c,"",Forward,100009810892,1000002282664,11504,986.67,5.0,492.0,0.0,492.0,packet_delivered,0.0,0.0,0.0,0.0,0.0,0.0,0.0,0.0,NA,0,1207.0
NFT-/XUTR/DEUTH026107A1SWPX,34.67,0.0,0.0,1799.0,728.0,188.989,3.467,0.0,0.0,prepaid,0.693,112.0,0.0,0.0,0.0,132.16,-667.011,"",'132671722620609462301,2026-04-17,11065474725,f0e988fe-fb06-4fd0-b04e-298451333d88,100151530358,Reverse,100010745985,1000002537942,11504,693.33,5.0,977.0,0.0,977.0,return_refund,0.0,0.0,0.0,0.0,0.0,0.0,0.0,0.0,NA,0,822.0
NFT-/XUTR/DEUTH026107A1SWPX,35.1,0.0,0.0,2699.0,737.0,34.786,3.51,0.0,0.0,prepaid,0.702,167.0,0.0,0.0,0.0,197.06,-895.062,"",'132665232752258548303,2026-04-17,11064294335,3b23b1b2-21cd-4885-ae4e-cb2ff4ddbc4d,100148030737,Reverse,100009565648,1000002611308,11504,701.9,5.0,1868.0,0.0,1868.0,return_refund,0.0,0.0,0.0,0.0,0.0,0.0,0.0,0.0,NA,0,831.0
NFT-/XUTR/DEUTH026107A1SWPX,63.24,0.0,0.0,2999.0,1328.0,329.078,6.324,0.0,0.0,prepaid,1.265,0.0,0.0,45.0,0.0,53.1,938.233,"",'132665268957606965201,2026-04-17,11064304259,6b58eab2-77fb-44c8-85f3-fd98c4c350b9,"",Forward,100009575572,100009575572,11504,1264.76,5.0,1500.0,0.0,1500.0,packet_delivered,0.0,0.0,0.0,0.0,0.0,0.0,0.0,0.0,NA,0,1499.0
NFT-/XUTR/DEUTH026107A1SWPX,32.57,0.0,0.0,2899.0,684.0,32.285,3.257,0.0,0.0,prepaid,0.651,112.0,0.0,0.0,0.0,132.16,-779.967,"",'132684056098420315803,2026-04-17,11067862410,14427d7d-ea2f-4d2d-b8fd-617e614feb04,100147329130,Reverse,100013133604,1000003614962,11504,651.43,5.0,2121.0,0.0,2121.0,return_refund,0.0,0.0,0.0,0.0,0.0,0.0,0.0,0.0,NA,0,778.0
NFT-/XUTR/DEUTH026107A1SWPX,26.52,0.0,0.0,1699.0,557.0,39.436,2.652,0.0,0.0,prepaid,0.53,0.0,0.0,27.0,0.0,31.86,482.522,"",'132678048145160169001,2026-04-17,11066901759,dad32275-aa70-4798-b071-c0e93325132d,"",Forward,100012172963,100012172963,11504,530.48,5.0,1048.0,0.0,1048.0,packet_delivered,0.0,0.0,0.0,0.0,0.0,0.0,0.0,0.0,NA,0,651.0
NFT-/XUTR/DEUTH026107A1SWPX,0.0,30.43,30.43,2899.0,1278.0,316.688,0.0,3.043,3.043,prepaid,1.217,91.0,0.0,0.0,0.0,107.38,-1061.389,"",'132696048665054231403,2026-04-17,11070678220,94dfe7f6-4f43-4866-8fdd-4d91024ab965,100148562618,Reverse,100015949391,1000004242454,11504,1217.14,5.0,1450.0,0.0,1450.0,return_refund,0.0,0.0,0.0,0.0,0.0,0.0,0.0,0.0,NA,0,1449.0000000000002
NFT-/XUTR/DEUTH026107A1SWPX,63.24,0.0,0.0,2999.0,1328.0,329.078,6.324,0.0,0.0,prepaid,1.265,0.0,0.0,45.0,0.0,53.1,938.233,"",'132678150132909342103,2026-04-17,11066910338,bcd3fd73-c18f-4e9d-866d-8849923ae9fa,"",Forward,100012181542,100012181542,11504,1264.76,5.0,1500.0,0.0,1500.0,packet_delivered,0.0,0.0,0.0,0.0,0.0,0.0,0.0,0.0,NA,0,1499.0
NFT-/XUTR/DEUTH026107A1SWPX,35.14,0.0,0.0,1799.0,738.0,191.585,3.514,0.0,0.0,prepaid,0.703,0.0,0.0,27.0,0.0,31.86,510.338,"",'132668351361209704703,2026-04-17,11065126273,101ad71e-2d8d-4bd4-b907-40b1f3e36f49,"",Forward,100010397533,1000002406509,11504,702.86,5.0,967.0,0.0,967.0,packet_delivered,0.0,0.0,0.0,0.0,0.0,0.0,0.0,0.0,NA,0,832.0
NFT-/XUTR/DEUTH026107A1SWPX,56.1,0.0,0.0,2999.0,1178.0,291.908,5.61,0.0,0.0,prepaid,1.122,0.0,0.0,45.0,0.0,53.1,826.26,"",'132669030526542877101,2026-04-17,11065312410,7850f95b-5fce-4719-9f8a-f65a7c40e50e,"",Forward,100010583670,100010583670,11504,1121.9,5.0,1650.0,0.0,1650.0,packet_delivered,0.0,0.0,0.0,0.0,0.0,0.0,0.0,0.0,NA,0,1349.0
NFT-/XUTR/DEUTH026107A1SWPX,33.57,0.0,0.0,1599.0,705.0,183.018,3.357,0.0,0.0,prepaid,0.671,167.0,0.0,0.0,0.0,197.06,-715.014,"",'132668576768836311003,2026-04-17,11065195656,4ed7df45-c5e7-482a-94f7-7d13e26a6f6c,100147304684,Reverse,100010466916,100010466916,11504,671.43,5.0,800.0,0.0,800.0,return_refund,0.0,0.0,0.0,0.0,0.0,0.0,0.0,0.0,NA,0,799.0
NFT-/XUTR/DEUTH026107A1SWPX,52.71,0.0,0.0,1999.0,1107.0,261.252,5.271,0.0,0.0,prepaid,1.054,0.0,0.0,45.0,0.0,53.1,786.323,"",'132672104644095035803,2026-04-17,11065528153,986af698-868b-4a7a-b640-0c73d87ebd2b,"",Forward,100010799413,100010799413,11504,1054.29,5.0,721.0,0.0,721.0,packet_delivered,0.0,0.0,0.0,0.0,0.0,0.0,0.0,0.0,NA,0,1278.0
NFT-/XUTR/DEUTH026107A1SWPX,63.24,0.0,0.0,2999.0,1328.0,329.078,6.324,0.0,0.0,prepaid,1.265,112.0,0.0,0.0,0.0,132.16,-1123.493,"",'132665987224368733503,2026-04-17,11064495729,c3ceab70-3376-41d2-b8af-c97eec6bb8f8,100147553104,Reverse,100009767018,100009767018,11504,1264.76,5.0,1500.0,0.0,1500.0,return_refund,0.0,0.0,0.0,0.0,0.0,0.0,0.0,0.0,NA,0,1499.0
NFT-/XUTR/DEUTH026107A1SWPX,37.19,0.0,0.0,1750.0,781.0,202.748,3.719,0.0,0.0,prepaid,0.744,0.0,0.0,27.0,0.0,31.86,541.929,"",'132693511623727996803,2026-04-17,11070032781,2d58f1dc-a38f-4346-b4a2-0a1c6f72093d,"",Forward,100015303953,100015303953,11504,743.81,5.0,875.0,0.0,875.0,packet_delivered,0.0,0.0,0.0,0.0,0.0,0.0,0.0,0.0,NA,0,874.99
NFT-/XUTR/DEUTH026107A1SWPX,56.95,0.0,0.0,3399.0,1196.0,296.369,5.695,0.0,0.0,prepaid,1.139,167.0,0.0,0.0,0.0,197.06,-1089.857,"",'132667898615532468801,2026-04-17,11064990830,9f23a67c-e3d8-494c-9300-620f424bf354,100147867191,Reverse,100010262090,1000002666799,11504,1139.05,5.0,2032.0,0.0,2032.0,return_refund,0.0,0.0,0.0,0.0,0.0,0.0,0.0,0.0,NA,0,1367.0
NFT-/XUTR/DEUTH026107A1SWPX,63.29,0.0,0.0,2999.0,1329.0,329.326,6.329,0.0,0.0,prepaid,1.266,0.0,0.0,45.0,0.0,53.1,938.979,"",'132690971515251590603,2026-04-17,11069236373,e3e251de-8df4-4859-8bab-55550b922cb9,"",Forward,100014507551,100014507551,11504,1265.71,5.0,1499.0,0.0,1499.0,packet_delivered,0.0,0.0,0.0,0.0,0.0,0.0,0.0,0.0,NA,0,1500.0
NFT-/XUTR/DEUTH026107A1SWPX,33.52,0.0,0.0,1699.0,704.0,182.758,3.352,0.0,0.0,prepaid,0.67,0.0,0.0,27.0,0.0,31.86,485.36,"",'132690950707323810601,2026-04-17,11069229866,12c4f794-6ed5-4c52-80a4-98de0d9a7232,"",Forward,100014501044,1000003628372,11504,670.48,5.0,901.0,0.0,901.0,packet_delivered,0.0,0.0,0.0,0.0,0.0,0.0,0.0,0.0,NA,0,798.0
NFT-/XUTR/DEUTH026107A1SWPX,61.95,0.0,0.0,2899.0,1301.0,322.388,6.195,0.0,0.0,prepaid,1.239,167.0,0.0,0.0,0.0,197.06,-1168.238,"",'132667723386661481303,2026-04-17,11064943128,608dbbae-0c67-46a8-a65d-df6b339d0430,100147671251,Reverse,100010214388,100010214388,11504,1239.05,5.0,1427.0,0.0,1427.0,return_refund,0.0,0.0,0.0,0.0,0.0,0.0,0.0,0.0,NA,0,1472.0
NFT-/XUTR/DEUTH026107A1SWPX,41.38,0.0,0.0,1899.0,869.0,225.592,4.138,0.0,0.0,prepaid,0.828,167.0,0.0,0.0,0.0,197.06,-835.502,"",'132675379618346212803,2026-04-17,11066256965,bf65cf4a-254a-4368-8f81-217718f4fa65,11066256965,Reverse,100011528169,100011528169,11504,827.62,5.0,936.0,0.0,936.0,exchange,0.0,0.0,0.0,0.0,0.0,0.0,0.0,0.0,NA,0,963.0
NFT-/XUTR/DEUTH026107A1SWPX,59.0,0.0,0.0,2999.0,1239.0,307.024,5.9,0.0,0.0,prepaid,1.18,0.0,0.0,45.0,0.0,53.1,871.796,"",'132666861971352526103,2026-04-17,11064719497,20ffdae7-4432-496a-af18-94b033852f3a,"",Forward,100009990757,100009990757,11504,1180,5.0,1589.0,0.0,1589.0,packet_delivered,0.0,0.0,0.0,0.0,0.0,0.0,0.0,0.0,NA,0,1410.0
NFT-/XUTR/DEUTH026107A1SWPX,33.52,0.0,0.0,1699.0,704.0,182.758,3.352,0.0,0.0,prepaid,0.67,0.0,0.0,27.0,0.0,31.86,485.36,"",'132696832232885149103,2026-04-17,11070703806,c44abe3c-717d-4a95-bff2-cd6d81fe0c1f,"",Forward,100015974977,100015974977,11504,670.48,5.0,901.0,0.0,901.0,packet_delivered,0.0,0.0,0.0,0.0,0.0,0.0,0.0,0.0,NA,0,798.0
NFT-/XUTR/DEUTH026107A1SWPX,56.1,0.0,0.0,2999.0,1178.0,291.908,5.61,0.0,0.0,prepaid,1.122,0.0,0.0,45.0,0.0,53.1,826.26,"",'132657824788181907801,2026-04-17,11063005010,0feed47d-1323-4318-ad95-87e89b0173f4,"",Forward,100008276418,100008276418,11504,1121.9,5.0,1650.0,0.0,1650.0,packet_delivered,0.0,0.0,0.0,0.0,0.0,0.0,0.0,0.0,NA,0,1349.0
NFT-/XUTR/DEUTH026107A1SWPX,40.81,0.0,0.0,2799.0,857.0,222.477,4.081,0.0,0.0,prepaid,0.816,0.0,0.0,27.0,0.0,31.86,597.766,"",'132697646891157603603,2026-04-17,11070785070,ad89fe2b-8209-47fe-8ddd-a83856770622,"",Forward,100016056240,1000004227765,11504,816.19,5.0,1848.0,0.0,1848.0,packet_delivered,0.0,0.0,0.0,0.0,0.0,0.0,0.0,0.0,NA,0,951.0
NFT-/XUTR/DEUTH026107A1SWPX,35.14,0.0,0.0,1799.0,738.0,191.585,3.514,0.0,0.0,prepaid,0.703,167.0,0.0,0.0,0.0,197.06,-739.258,"",'132668351361209704703,2026-04-17,11065126273,101ad71e-2d8d-4bd4-b907-40b1f3e36f49,100147386128,Reverse,100010397533,1000002406509,11504,702.86,5.0,967.0,0.0,967.0,return_refund,0.0,0.0,0.0,0.0,0.0,0.0,0.0,0.0,NA,0,832.0
NFT-/XUTR/DEUTH026107A1SWPX,56.14,0.0,0.0,2699.0,1179.0,292.156,5.614,0.0,0.0,prepaid,1.123,0.0,0.0,45.0,0.0,53.1,827.007,"",'132665097578281189403,2026-04-17,11064256913,d29ab0ba-15f7-439b-82f5-0d41cb72a40c,"",Forward,100009528227,100009528227,11504,1122.86,5.0,1349.0,0.0,1349.0,packet_delivered,0.0,0.0,0.0,0.0,0.0,0.0,0.0,0.0,NA,0,1350.0
NFT-/XUTR/DEUTH026107A1SWPX,29.38,0.0,0.0,2499.0,3.6,0.16999999999999998,0.017,0.0,0.0,prepaid,0.003,0.0,0.0,0.158,0.0,0.18644,3.224,"",'132671934178927351501,2026-04-17,11065502291,f450b1a4-debf-4c7d-ae2b-a13f23060818,"",Forward,100010773551,100010773551,11504,587.62,5.0,1788.0,0.0,1788.0,packet_delivered,0.0,0.0,0.0,0.0,0.0,0.0,0.0,0.0,NA,0,711.01
NFT-/XUTR/DEUTH026107A1SWPX,90.14,0.0,0.0,2999.0,1893.0,469.085,9.014,0.0,0.0,prepaid,1.803,167.0,0.0,0.0,0.0,197.06,-1610.158,"",'132664861349812547603,2026-04-17,11064189868,01d583d0-67ab-47e2-9e4a-3ba9c19ea3ab,100147265840,Reverse,100009461182,100009461182,11504,1802.86,5.0,900.0,0.0,900.0,return_refund,0.0,0.0,0.0,0.0,0.0,0.0,0.0,0.0,NA,0,2099.0
NFT-/XUTR/DEUTH026107A1SWPX,51.1,0.0,0.0,1750.0,1073.0,253.228,5.11,0.0,0.0,prepaid,1.022,0.0,0.0,45.0,0.0,53.1,760.54,"",'132664784237650306903,2026-04-17,11064167836,b8d95751-7260-463c-98b4-c9c1cbc18494,"",Forward,100009439150,100009439150,11504,1021.9,5.0,506.0,0.0,506.0,packet_delivered,0.0,0.0,0.0,0.0,0.0,0.0,0.0,0.0,NA,0,1244.0
NFT-/XUTR/DEUTH026107A1SWPX,20.29,0.0,0.0,1999.0,426.0,20.107,2.029,0.0,0.0,prepaid,0.406,112.0,0.0,0.0,0.0,132.16,-535.618,"",'132680352322193882903,2026-04-17,11067014261,7fc1b4a9-d49b-497d-b91f-8eabdb161ae4,100147342968,Reverse,100012285462,1000003002785,11504,405.71,5.0,1479.0,0.0,1479.0,return_refund,0.0,0.0,0.0,0.0,0.0,0.0,0.0,0.0,NA,0,520.0
NFT-/XUTR/DEUTH026107A1SWPX,38.33,0.0,0.0,1799.0,805.0,208.978,3.833,0.0,0.0,prepaid,0.767,0.0,0.0,27.0,0.0,31.86,559.562,"",'132668891886956789901,2026-04-17,11065283134,15797d7d-99a8-4457-ba20-70f28fe2cd20,"",Forward,100010554394,1000002435445,11504,766.67,5.0,900.0,0.0,900.0,packet_delivered,0.0,0.0,0.0,0.0,0.0,0.0,0.0,0.0,NA,0,899.0
NFT-/XUTR/DEUTH026107A1SWPX,20.86,0.0,0.0,1650.0,248.26,11.718,1.182,0.0,0.0,prepaid,0.236,0.0,0.0,8.502,0.0,10.03236,225.092,"",'132671906923929633701,2026-04-17,11065498220,b4e3b0b0-16ac-43e7-ac1c-98ec470985de,"",Forward,100010769480,1000002541641,11504,417.14,5.0,1118.0,0.0,1118.0,packet_delivered,0.0,0.0,0.0,0.0,0.0,0.0,0.0,0.0,NA,0,532.0
NFT-/XUTR/DEUTH026107A1SWPX,41.38,0.0,0.0,1899.0,869.0,225.592,4.138,0.0,0.0,prepaid,0.828,167.0,0.0,0.0,0.0,197.06,-835.502,"",'132664800388651307601,2026-04-17,11064172478,1d91bea2-ff29-44f5-8836-bf0c66ee0b44,100147349185,Reverse,100009443792,100009443792,11504,827.62,5.0,936.0,0.0,936.0,return_refund,0.0,0.0,0.0,0.0,0.0,0.0,0.0,0.0,NA,0,963.0
NFT-/XUTR/DEUTH026107A1SWPX,87.05,0.0,0.0,3999.0,1828.0,474.549,8.705,0.0,0.0,prepaid,1.741,91.0,0.0,0.0,0.0,107.38,-1450.385,"",'132694063621169544603,2026-04-17,11070232138,4189aef0-6fa0-4a17-a999-0068526eebb1,11070232138,Reverse,100015503310,1000004236532,11504,1740.95,5.0,2000.0,0.0,2000.0,exchange,0.0,0.0,0.0,0.0,0.0,0.0,0.0,0.0,NA,0,1999.0
NFT-/XUTR/DEUTH026107A1SWPX,19.1,0.0,0.0,1599.0,401.0,18.927,1.91,0.0,0.0,prepaid,0.382,0.0,0.0,15.0,0.0,17.7,362.081,"",'132694985448387658203,2026-04-17,11070567915,41efe6f2-2dfb-46fb-9b82-eea089a64560,"",Forward,100015839086,100015839086,11504,381.9,5.0,1104.0,0.0,1104.0,packet_delivered,0.0,0.0,0.0,0.0,0.0,0.0,0.0,0.0,NA,0,495.0
NFT-/XUTR/DEUTH026107A1SWPX,35.1,0.0,0.0,2699.0,737.0,34.786,3.51,0.0,0.0,prepaid,0.702,0.0,0.0,27.0,0.0,31.86,666.142,"",'132665232752258548303,2026-04-17,11064294335,3b23b1b2-21cd-4885-ae4e-cb2ff4ddbc4d,"",Forward,100009565648,1000002611308,11504,701.9,5.0,1868.0,0.0,1868.0,packet_delivered,0.0,0.0,0.0,0.0,0.0,0.0,0.0,0.0,NA,0,831.0
NFT-/XUTR/DEUTH026107A1SWPX,40.81,0.0,0.0,2799.0,857.0,222.477,4.081,0.0,0.0,prepaid,0.816,91.0,0.0,0.0,0.0,107.38,-737.006,"",'132697646891157603603,2026-04-17,11070785070,ad89fe2b-8209-47fe-8ddd-a83856770622,100148319084,Reverse,100016056240,1000004227765,11504,816.19,5.0,1848.0,0.0,1848.0,return_refund,0.0,0.0,0.0,0.0,0.0,0.0,0.0,0.0,NA,0,951.0
NFT-/XUTR/DEUTH026107A1SWPX,34.71,0.0,0.0,2750.0,729.0,34.40899999999999,3.471,0.0,0.0,prepaid,0.694,167.0,0.0,0.0,0.0,197.06,-887.486,"",'132665273060400282703,2026-04-17,11064305484,dfff528a-10c3-42ec-b0d8-9b3af31efb2b,100149295024,Reverse,100009576797,1000002615351,11504,694.29,5.0,1927.0,0.0,1927.0,return_refund,0.0,0.0,0.0,0.0,0.0,0.0,0.0,0.0,NA,0,823.0
NFT-/XUTR/DEUTH026107A1SWPX,43.24,0.0,0.0,2999.0,908.0,235.717,4.324,0.0,0.0,prepaid,0.865,0.0,0.0,27.0,0.0,31.86,635.234,"",'132659777220804057401,2026-04-17,11063478469,39383a34-e278-42f3-a9eb-ee3a93e7d4e8,"",Forward,100008749871,100008749871,11504,864.76,5.0,1920.0,0.0,1920.0,packet_delivered,0.0,0.0,0.0,0.0,0.0,0.0,0.0,0.0,NA,0,1079.0
NFT-/XUTR/DEUTH026107A1SWPX,104.43,0.0,0.0,2399.0,2193.0,491.671,10.443,0.0,0.0,prepaid,2.089,167.0,0.0,0.0,0.0,197.06,-1885.857,"",'132668841761878664401,2026-04-17,11065271050,12388300-6067-4f8f-90a3-cb3bee750872,100148271902,Reverse,100010542310,100010542310,11504,2088.57,5.0,0.0,0.0,0.0,return_refund,0.0,0.0,0.0,0.0,0.0,0.0,0.0,0.0,NA,0,2399.0
NFT-/XUTR/DEUTH026107A1SWPX,34.71,0.0,0.0,2750.0,729.0,34.40899999999999,3.471,0.0,0.0,prepaid,0.694,0.0,0.0,27.0,0.0,31.86,658.566,"",'132665273060400282703,2026-04-17,11064305486,dfff528a-10c3-42ec-b0d8-9b3af31efb2b,"",Forward,100009576799,1000002615351,11504,694.29,5.0,1927.0,0.0,1927.0,packet_delivered,0.0,0.0,0.0,0.0,0.0,0.0,0.0,0.0,NA,0,823.0
NFT-/XUTR/DEUTH026107A1SWPX,87.05,0.0,0.0,1999.0,1828.0,431.408,8.705,0.0,0.0,prepaid,1.741,167.0,0.0,0.0,0.0,197.06,-1583.206,"",'132667919455984432601,2026-04-17,11064996501,eecc0c48-efe4-4f37-8619-7f4212fb02b1,100150380877,Reverse,100010267761,100010267761,11504,1740.95,5.0,0.0,0.0,0.0,return_refund,0.0,0.0,0.0,0.0,0.0,0.0,0.0,0.0,NA,0,1999.0
NFT-/XUTR/DEUTH026107A1SWPX,36.91,0.0,0.0,1850.0,775.0,201.19,3.69,0.0,0.0,prepaid,0.738,91.0,0.0,0.0,0.0,107.38,-676.762,"",'132696043025834266501,2026-04-17,11070677932,482e103c-07ed-492c-9f26-1ebd7e52ca02,100147499719,Reverse,100015949103,1000004061788,11504,738.1,5.0,981.0,0.0,981.0,return_refund,0.0,0.0,0.0,0.0,0.0,0.0,0.0,0.0,NA,0,869.01
NFT-/XUTR/DEUTH026107A1SWPX,55.81,0.0,0.0,2899.0,1172.0,290.422,5.581,0.0,0.0,prepaid,1.116,0.0,0.0,45.0,0.0,53.1,821.781,"",'132659416609363754503,2026-04-17,11063380357,85a61795-50d2-4296-985a-1db092f7e195,"",Forward,100008651759,100008651759,11504,1116.19,5.0,1556.0,0.0,1556.0,packet_delivered,0.0,0.0,0.0,0.0,0.0,0.0,0.0,0.0,NA,0,1343.0
NFT-/XUTR/DEUTH026107A1SWPX,0.0,29.48,29.48,2999.0,1238.0,306.776,0.0,2.9475,2.9475,prepaid,1.179,0.0,0.0,45.0,0.0,53.1,871.05,"",'132698414739612948003,2026-04-17,11070960328,0a2244bd-3d6d-4d48-960a-a422ea10036b,"",Forward,100016231492,1000004237989,11504,1179.04,5.0,1590.0,0.0,1590.0,packet_delivered,0.0,0.0,0.0,0.0,0.0,0.0,0.0,0.0,NA,0,1409.0
NFT-/XUTR/DEUTH026107A1SWPX,34.05,0.0,0.0,1799.0,715.0,185.614,3.405,0.0,0.0,prepaid,0.681,167.0,0.0,0.0,0.0,197.06,-722.36,"",'132672162398880450601,2026-04-17,11065538120,98bed5df-56f9-4701-a0a2-66c50f3419f5,100147844424,Reverse,100010809373,100010809373,11504,680.95,5.0,990.0,0.0,990.0,return_refund,0.0,0.0,0.0,0.0,0.0,0.0,0.0,0.0,NA,0,809.0
NFT-/XUTR/DEUTH026107A1SWPX,38.33,0.0,0.0,1799.0,805.0,208.978,3.833,0.0,0.0,prepaid,0.767,0.0,0.0,27.0,0.0,31.86,559.562,"",'132668057368446142003,2026-04-17,11065036106,8df3ba7b-768c-4a3b-8fde-12e20a4d9258,"",Forward,100010307366,100010307366,11504,766.67,5.0,900.0,0.0,900.0,packet_delivered,0.0,0.0,0.0,0.0,0.0,0.0,0.0,0.0,NA,0,899.0
NFT-/XUTR/DEUTH026107A1SWPX,38.33,0.0,0.0,1799.0,805.0,208.978,3.833,0.0,0.0,prepaid,0.767,0.0,0.0,27.0,0.0,31.86,559.562,"",'132680352322193882903,2026-04-17,11067014268,7fc1b4a9-d49b-497d-b91f-8eabdb161ae4,"",Forward,100012285469,1000003002785,11504,766.67,5.0,900.0,0.0,900.0,packet_delivered,0.0,0.0,0.0,0.0,0.0,0.0,0.0,0.0,NA,0,899.0
NFT-/XUTR/DEUTH026107A1SWPX,68.71,0.0,0.0,1899.0,1443.0,340.548,6.871,0.0,0.0,prepaid,1.374,0.0,0.0,45.0,0.0,53.1,1041.107,"",'132668742081194836803,2026-04-17,11065245246,3607a89e-86d4-48b1-b980-ec107d4d552c,"",Forward,100010516506,1000002721300,11504,1374.29,5.0,285.0,0.0,285.0,packet_delivered,0.0,0.0,0.0,0.0,0.0,0.0,0.0,0.0,NA,0,1614.0
NFT-/XUTR/DEUTH026107A1SWPX,20.05,0.0,0.0,1599.0,421.0,19.871,2.005,0.0,0.0,prepaid,0.401,0.0,0.0,15.0,0.0,17.7,381.023,"",'132666362757759761301,2026-04-17,11064591732,7933d0f4-0191-4469-b9a1-d2cb068b1003,"",Forward,100009863003,1000002296861,11504,400.95,5.0,1084.0,0.0,1084.0,packet_delivered,0.0,0.0,0.0,0.0,0.0,0.0,0.0,0.0,NA,0,515.0
NFT-/XUTR/DEUTH026107A1SWPX,32.91,0.0,0.0,1699.0,691.0,179.384,3.29,0.0,0.0,prepaid,0.658,0.0,0.0,27.0,0.0,31.86,475.808,"",'132668759704349532901,2026-04-17,11065249946,6778f04a-2c0d-490e-ac9f-0a5fac1dcf76,"",Forward,100010521206,1000002425733,11504,658.1,5.0,914.0,0.0,914.0,packet_delivered,0.0,0.0,0.0,0.0,0.0,0.0,0.0,0.0,NA,0,785.01
NFT-/XUTR/DEUTH026107A1SWPX,35.29,0.0,0.0,2799.0,741.0,34.97500000000001,3.529,0.0,0.0,prepaid,0.706,0.0,0.0,27.0,0.0,31.86,669.93,"",'132665273060400282703,2026-04-17,11064305485,dfff528a-10c3-42ec-b0d8-9b3af31efb2b,"",Forward,100009576798,1000002615351,11504,705.71,5.0,1964.0,0.0,1964.0,packet_delivered,0.0,0.0,0.0,0.0,0.0,0.0,0.0,0.0,NA,0,835.0
NFT-/XUTR/DEUTH026107A1SWPX,0.0,18.6,18.6,1750.0,781.0,202.748,0.0,1.8595,1.8595,prepaid,0.744,0.0,0.0,27.0,0.0,31.86,541.929,"",'132690822875502747303,2026-04-17,11069192007,09887637-2788-4716-9db7-63887c361836,"",Forward,100014463185,100014463185,11504,743.8,5.0,875.0,0.0,875.0,packet_delivered,0.0,0.0,0.0,0.0,0.0,0.0,0.0,0.0,NA,0,874.99
NFT-/XUTR/DEUTH026107A1SWPX,40.81,0.0,0.0,2799.0,857.0,222.477,4.081,0.0,0.0,prepaid,0.816,112.0,0.0,0.0,0.0,132.16,-761.786,"",'132688734897304845301,2026-04-17,11068661010,af882c35-a807-4c64-969a-92514989a22b,100148960638,Reverse,100013932199,100013932199,11504,816.19,5.0,1848.0,0.0,1848.0,return_refund,0.0,0.0,0.0,0.0,0.0,0.0,0.0,0.0,NA,0,951.0
NFT-/XUTR/DEUTH026107A1SWPX,63.24,0.0,0.0,2999.0,1328.0,329.078,6.324,0.0,0.0,prepaid,1.265,0.0,0.0,45.0,0.0,53.1,938.233,"",'132673120344256308001,2026-04-17,11065737524,847f0bce-6408-4de2-bf0c-bd8fca3d34d1,"",Forward,100011008752,100011008752,11504,1264.76,5.0,1500.0,0.0,1500.0,packet_delivered,0.0,0.0,0.0,0.0,0.0,0.0,0.0,0.0,NA,0,1499.0
NFT-/XUTR/DEUTH026107A1SWPX,63.29,0.0,0.0,2999.0,1329.0,329.326,6.329,0.0,0.0,prepaid,1.266,167.0,0.0,0.0,0.0,197.06,-1189.139,"",'132667385028482512201,2026-04-17,11064854443,472a113b-5027-4387-a48c-55b691679bfa,11064854443,Reverse,100010125702,100010125702,11504,1265.71,5.0,1499.0,0.0,1499.0,exchange,0.0,0.0,0.0,0.0,0.0,0.0,0.0,0.0,NA,0,1500.0
NFT-/XUTR/DEUTH026107A1SWPX,28.81,0.0,0.0,1999.0,605.0,42.834,2.881,0.0,0.0,prepaid,0.576,0.0,0.0,27.0,0.0,31.86,526.849,"",'132669815505746961203,2026-04-17,11065392533,248ef874-2382-4540-b22b-5352a60a5379,"",Forward,100010663793,100010663793,11504,576.19,5.0,1300.0,0.0,1300.0,packet_delivered,0.0,0.0,0.0,0.0,0.0,0.0,0.0,0.0,NA,0,699.0
NFT-/XUTR/DEUTH026107A1SWPX,0.0,36.38,36.38,3399.0,1528.0,378.638,0.0,3.638,3.638,prepaid,1.455,0.0,0.0,45.0,0.0,53.1,1087.531,"",'132698414739612948003,2026-04-17,11070960332,0a2244bd-3d6d-4d48-960a-a422ea10036b,"",Forward,100016231496,1000004237989,11504,1455.24,5.0,1700.0,0.0,1700.0,packet_delivered,0.0,0.0,0.0,0.0,0.0,0.0,0.0,0.0,NA,0,1699.0000000000002
NFT-/XUTR/DEUTH026107A1SWPX,58.86,0.0,0.0,3499.0,1236.0,306.281,5.886,0.0,0.0,prepaid,1.177,0.0,0.0,45.0,0.0,53.1,869.556,"",'132672323195364490601,2026-04-17,11065565274,040c29c5-700e-421a-8db1-4c4e0baaa39e,"",Forward,100010836511,100010836511,11504,1177.14,5.0,2092.0,0.0,2092.0,packet_delivered,0.0,0.0,0.0,0.0,0.0,0.0,0.0,0.0,NA,0,1407.0
NFT-/XUTR/DEUTH026107A1SWPX,37.14,0.0,0.0,1750.0,780.0,202.488,3.714,0.0,0.0,prepaid,0.743,0.0,0.0,27.0,0.0,31.86,541.195,"",'132672584483496080303,2026-04-17,11065615681,c8e01a3f-59b3-4119-b638-c641ecc27905,"",Forward,100010886914,1000002597995,11504,742.86,5.0,876.0,0.0,876.0,packet_delivered,0.0,0.0,0.0,0.0,0.0,0.0,0.0,0.0,NA,0,874.0
NFT-/XUTR/DEUTH026107A1SWPX,18.95,0.0,0.0,1699.0,328.068,15.485000000000003,1.562,0.0,0.0,prepaid,0.312,0.0,0.0,0.0,0.0,0.0,310.709,"",'132691970008206072903,2026-04-17,11069546669,8d87dbf9-6c9b-41c8-a406-389302f176af,"",Forward,100014817842,100014817842,11504,379.05,5.0,1207.0,0.0,1207.0,packet_delivered,0.0,0.0,0.0,0.0,0.0,0.0,0.0,0.0,NA,0,492.01
NFT-/XUTR/DEUTH026107A1SWPX,32.57,0.0,0.0,2999.0,684.0,32.285,3.257,0.0,0.0,prepaid,0.651,167.0,0.0,0.0,0.0,197.06,-844.867,"",'132663800675385643103,2026-04-17,11063910810,e2769a40-7f30-4921-b6d8-dd1f385b45ca,100147916699,Reverse,100009182156,100009182156,11504,651.43,5.0,2221.0,0.0,2221.0,return_refund,0.0,0.0,0.0,0.0,0.0,0.0,0.0,0.0,NA,0,778.0
NFT-/XUTR/DEUTH026107A1SWPX,32.57,0.0,0.0,2999.0,684.0,32.285,3.257,0.0,0.0,prepaid,0.651,0.0,0.0,27.0,0.0,31.86,615.947,"",'132681292426612155201,2026-04-17,11067188850,9e6a18a4-5885-47f3-9ce4-289db1ade3ec,"",Forward,100012460051,100012460051,11504,651.43,5.0,2221.0,0.0,2221.0,packet_delivered,0.0,0.0,0.0,0.0,0.0,0.0,0.0,0.0,NA,0,778.0
NFT-/XUTR/DEUTH026107A1SWPX,87.1,0.0,0.0,2899.0,1829.0,453.226,8.71,0.0,0.0,prepaid,1.742,0.0,0.0,45.0,0.0,53.1,1312.222,"",'132667347470194487001,2026-04-17,11064844866,77332702-f5e9-4c9e-9c44-71bb88e653b0,"",Forward,100010116126,1000002725573,11504,1741.9,5.0,864.0,0.0,864.0,packet_delivered,0.0,0.0,0.0,0.0,0.0,0.0,0.0,0.0,NA,0,2035.0
NFT-/XUTR/DEUTH026107A1SWPX,37.19,0.0,0.0,1750.0,781.0,202.748,3.719,0.0,0.0,prepaid,0.744,0.0,0.0,27.0,0.0,31.86,541.929,"",'132672036916944376701,2026-04-17,11065517447,870a6fea-d0d6-4498-9c40-bdb8b6ca8403,"",Forward,100010788707,1000002548538,11504,743.81,5.0,875.0,0.0,875.0,packet_delivered,0.0,0.0,0.0,0.0,0.0,0.0,0.0,0.0,NA,0,875.0
NFT-/XUTR/DEUTH026107A1SWPX,60.62,0.0,0.0,1699.0,1273.0,300.428,6.062,0.0,0.0,prepaid,1.212,0.0,0.0,45.0,0.0,53.1,912.198,"",'132682358340316445501,2026-04-17,11067465337,9d0dfcb8-6091-4bb9-8b0a-857bb568f8bf,"",Forward,100012736538,100012736538,11504,1212.38,5.0,255.0,0.0,255.0,packet_delivered,0.0,0.0,0.0,0.0,0.0,0.0,0.0,0.0,NA,0,1444.0
NFT-/XUTR/DEUTH026107A1SWPX,32.57,0.0,0.0,2999.0,684.0,32.285,3.257,0.0,0.0,prepaid,0.651,112.0,0.0,0.0,0.0,132.16,-779.967,"",'132681393546733872103,2026-04-17,11067213613,ab0c9a8a-a67f-4efe-8a4f-b7f3c012e20b,100148343218,Reverse,100012484814,100012484814,11504,651.43,5.0,2221.0,0.0,2221.0,return_refund,0.0,0.0,0.0,0.0,0.0,0.0,0.0,0.0,NA,0,778.0
NFT-/XUTR/DEUTH026107A1SWPX,18.57,0.0,0.0,1499.0,390.0,18.408,1.857,0.0,0.0,prepaid,0.371,0.0,0.0,0.0,0.0,0.0,369.364,"",'132699097859705739003,2026-04-17,11071165965,b0cecc36-c416-42d7-acb8-a79c4f8da1b7,"",Forward,100016437128,1000004232936,11504,371.43,5.0,1050.0,0.0,1050.0,packet_delivered,0.0,0.0,0.0,0.0,0.0,0.0,0.0,0.0,NA,0,449.0
NFT-/XUTR/DEUTH026107A1SWPX,65.67,0.0,0.0,3299.0,1379.0,341.716,6.567,0.0,0.0,prepaid,1.313,91.0,0.0,0.0,0.0,107.38,-1136.784,"",'132694276377161342401,2026-04-17,11070319908,63339f90-70cd-411f-82a8-426e4d47e63b,100147484558,Reverse,100015591081,100015591081,11504,1313.33,5.0,1749.0,0.0,1749.0,return_refund,0.0,0.0,0.0,0.0,0.0,0.0,0.0,0.0,NA,0,1550.0
NFT-/XUTR/DEUTH026107A1SWPX,56.1,0.0,0.0,2999.0,1178.0,291.908,5.61,0.0,0.0,prepaid,1.122,167.0,0.0,0.0,0.0,197.06,-1076.42,"",'132668675593196204203,2026-04-17,11065224878,15b1c9fa-6509-44dd-968d-559a92e4be41,11065224878,Reverse,100010496138,100010496138,11504,1121.9,5.0,1650.0,0.0,1650.0,exchange,0.0,0.0,0.0,0.0,0.0,0.0,0.0,0.0,NA,0,1349.0
NFT-/XUTR/DEUTH026107A1SWPX,41.19,0.0,0.0,2999.0,865.0,224.554,4.119,0.0,0.0,prepaid,0.824,112.0,0.0,0.0,0.0,132.16,-767.663,"",'132687560466010605503,2026-04-17,11068601883,4c916354-99ff-4417-b4a2-f7f918ebd45f,100147655940,Reverse,100013873073,100013873073,11504,823.81,5.0,2040.0,0.0,2040.0,return_refund,0.0,0.0,0.0,0.0,0.0,0.0,0.0,0.0,NA,0,959.0
NFT-/XUTR/DEUTH026107A1SWPX,0.0,30.43,30.43,2899.0,1278.0,316.688,0.0,3.043,3.043,prepaid,1.217,0.0,0.0,45.0,0.0,53.1,900.909,"",'132696048665054231403,2026-04-17,11070678220,94dfe7f6-4f43-4866-8fdd-4d91024ab965,"",Forward,100015949391,1000004242454,11504,1217.14,5.0,1450.0,0.0,1450.0,packet_delivered,0.0,0.0,0.0,0.0,0.0,0.0,0.0,0.0,NA,0,1449.0000000000002
NFT-/XUTR/DEUTH026107A1SWPX,34.67,0.0,0.0,2599.0,728.0,34.362,3.467,0.0,0.0,prepaid,0.693,167.0,0.0,0.0,0.0,197.06,-886.538,"",'132672278306877253101,2026-04-17,11065557656,9eb8ffab-3014-4793-953e-784a4cccb741,100148329263,Reverse,100010828898,100010828898,11504,693.33,5.0,1777.0,0.0,1777.0,return_refund,0.0,0.0,0.0,0.0,0.0,0.0,0.0,0.0,NA,0,822.0
NFT-/XUTR/DEUTH026107A1SWPX,36.81,0.0,0.0,2899.0,773.0,36.486,3.681,0.0,0.0,prepaid,0.736,0.0,0.0,27.0,0.0,31.86,700.237,"",'132649907813893700701,2026-04-17,11061630494,127649e2-28ea-496d-9044-1a5c31851e2d,"",Forward,100006901966,100006901966,11504,736.19,5.0,2032.0,0.0,2032.0,packet_delivered,0.0,0.0,0.0,0.0,0.0,0.0,0.0,0.0,NA,0,866.99
NFT-/XUTR/DEUTH026107A1SWPX,38.91,0.0,0.0,1790.0,817.0,212.093,3.89,0.0,0.0,prepaid,0.778,0.0,0.0,27.0,0.0,31.86,568.379,"",'132668742081194836803,2026-04-17,11065245247,3607a89e-86d4-48b1-b980-ec107d4d552c,"",Forward,100010516507,1000002721300,11504,778.1,5.0,879.0,0.0,879.0,packet_delivered,0.0,0.0,0.0,0.0,0.0,0.0,0.0,0.0,NA,0,911.01
NFT-/XUTR/DEUTH026107A1SWPX,38.33,0.0,0.0,1799.0,805.0,208.978,3.833,0.0,0.0,prepaid,0.767,0.0,0.0,27.0,0.0,31.86,559.562,"",'132672472754797662601,2026-04-17,11065593182,9d69ee1f-b17a-466e-91f8-cdf0be2fe595,"",Forward,100010864416,100010864416,11504,766.67,5.0,900.0,0.0,900.0,packet_delivered,0.0,0.0,0.0,0.0,0.0,0.0,0.0,0.0,NA,0,899.0
NFT-/XUTR/DEUTH026107A1SWPX,35.29,0.0,0.0,2799.0,741.0,34.97500000000001,3.529,0.0,0.0,prepaid,0.706,167.0,0.0,0.0,0.0,197.06,-898.85,"",'132672403043533244501,2026-04-17,11065580031,3fc39e1d-7597-4280-a0e2-a9657fdf58c9,100147519357,Reverse,100010851265,1000002750494,11504,705.71,5.0,1964.0,0.0,1964.0,return_refund,0.0,0.0,0.0,0.0,0.0,0.0,0.0,0.0,NA,0,835.0
NFT-/XUTR/DEUTH026107A1SWPX,58.95,0.0,0.0,2999.0,1238.0,306.776,5.895,0.0,0.0,prepaid,1.179,0.0,0.0,45.0,0.0,53.1,871.05,"",'132693387170896704801,2026-04-17,11069990529,f34ed2a7-b803-4f21-b3c5-ab3094c8eb47,"",Forward,100015261701,100015261701,11504,1179.05,5.0,1590.0,0.0,1590.0,packet_delivered,0.0,0.0,0.0,0.0,0.0,0.0,0.0,0.0,NA,0,1409.0
NFT-/XUTR/DEUTH026107A1SWPX,36.91,0.0,0.0,1850.0,775.0,201.19,3.69,0.0,0.0,prepaid,0.738,0.0,0.0,27.0,0.0,31.86,537.522,"",'132696043025834266501,2026-04-17,11070677932,482e103c-07ed-492c-9f26-1ebd7e52ca02,"",Forward,100015949103,1000004061788,11504,738.1,5.0,981.0,0.0,981.0,packet_delivered,0.0,0.0,0.0,0.0,0.0,0.0,0.0,0.0,NA,0,869.01
NFT-/XUTR/DEUTH026107A1SWPX,63.24,0.0,0.0,2999.0,1328.0,329.078,6.324,0.0,0.0,prepaid,1.265,167.0,0.0,0.0,0.0,197.06,-1188.393,"",'132673120344256308001,2026-04-17,11065737524,847f0bce-6408-4de2-bf0c-bd8fca3d34d1,100147594644,Reverse,100011008752,100011008752,11504,1264.76,5.0,1500.0,0.0,1500.0,return_refund,0.0,0.0,0.0,0.0,0.0,0.0,0.0,0.0,NA,0,1499.0
NFT-/XUTR/DEUTH026107A1SWPX,63.24,0.0,0.0,2999.0,1328.0,329.078,6.324,0.0,0.0,prepaid,1.265,0.0,0.0,45.0,0.0,53.1,938.233,"",'132697123864374201801,2026-04-17,11070720606,57ccb793-5001-4dfb-ad4c-e4aa1b649f5f,"",Forward,100015991776,100015991776,11504,1264.76,5.0,1500.0,0.0,1500.0,packet_delivered,0.0,0.0,0.0,0.0,0.0,0.0,0.0,0.0,NA,0,1499.0
NFT-/XUTR/DEUTH026107A1SWPX,68.05,0.0,0.0,3199.0,1429.0,354.106,6.805,0.0,0.0,prepaid,1.361,0.0,0.0,45.0,0.0,53.1,1013.628,"",'132674085171911120303,2026-04-17,11065966590,7a9aabc0-ca55-4013-8bad-635faf805842,"",Forward,100011237818,1000003123328,11504,1360.95,5.0,1599.0,0.0,1599.0,packet_delivered,0.0,0.0,0.0,0.0,0.0,0.0,0.0,0.0,NA,0,1600.0
NFT-/XUTR/DEUTH026107A1SWPX,38.33,0.0,0.0,1799.0,805.0,208.978,3.833,0.0,0.0,prepaid,0.767,112.0,0.0,0.0,0.0,132.16,-723.582,"",'132689650663230228903,2026-04-17,11068834670,e9e9dd2c-2e39-4f56-b16c-77e798f6830a,100147509203,Reverse,100014105856,100014105856,11504,766.67,5.0,900.0,0.0,900.0,return_refund,0.0,0.0,0.0,0.0,0.0,0.0,0.0,0.0,NA,0,899.0
NFT-/XUTR/DEUTH026107A1SWPX,70.38,0.0,0.0,3299.0,1478.0,366.248,7.038,0.0,0.0,prepaid,1.408,0.0,0.0,45.0,0.0,53.1,1050.206,"",'132667898615532468801,2026-04-17,11064990831,9f23a67c-e3d8-494c-9300-620f424bf354,"",Forward,100010262091,1000002666799,11504,1407.62,5.0,1650.0,0.0,1650.0,packet_delivered,0.0,0.0,0.0,0.0,0.0,0.0,0.0,0.0,NA,0,1649.0
NFT-/XUTR/DEUTH026107A1SWPX,36.57,0.0,0.0,1699.0,768.0,199.373,3.657,0.0,0.0,prepaid,0.731,167.0,0.0,0.0,0.0,197.06,-761.299,"",'132672940872237749403,2026-04-17,11065695202,92112dfa-4f93-4a1a-8235-7a943c615433,100147394732,Reverse,100010966432,1000002629911,11504,731.43,5.0,837.0,0.0,837.0,return_refund,0.0,0.0,0.0,0.0,0.0,0.0,0.0,0.0,NA,0,862.0
NFT-/XUTR/DEUTH026107A1SWPX,35.29,0.0,0.0,2799.0,741.0,34.97500000000001,3.529,0.0,0.0,prepaid,0.706,0.0,0.0,27.0,0.0,31.86,669.93,"",'132667369129189491103,2026-04-17,11064850133,2d2cf76b-9379-4598-95fe-ab4eaa967d8a,"",Forward,100010121393,1000002679841,11504,705.71,5.0,1964.0,0.0,1964.0,packet_delivered,0.0,0.0,0.0,0.0,0.0,0.0,0.0,0.0,NA,0,835.0
NFT-/XUTR/DEUTH026107A1SWPX,72.86,0.0,0.0,3399.0,1530.0,379.134,7.286,0.0,0.0,prepaid,1.457,167.0,0.0,0.0,0.0,197.06,-1339.183,"",'132668730113537456201,2026-04-17,11065242091,71230f9f-d91c-4781-ab69-be1356a895a9,100148704204,Reverse,100010513351,1000002744381,11504,1457.14,5.0,1698.0,0.0,1698.0,return_refund,0.0,0.0,0.0,0.0,0.0,0.0,0.0,0.0,NA,0,1701.0
NFT-/XUTR/DEUTH026107A1SWPX,35.29,0.0,0.0,2799.0,741.0,34.97500000000001,3.529,0.0,0.0,prepaid,0.706,0.0,0.0,27.0,0.0,31.86,669.93,"",'132672403043533244501,2026-04-17,11065580031,3fc39e1d-7597-4280-a0e2-a9657fdf58c9,"",Forward,100010851265,1000002750494,11504,705.71,5.0,1964.0,0.0,1964.0,packet_delivered,0.0,0.0,0.0,0.0,0.0,0.0,0.0,0.0,NA,0,835.0
NFT-/XUTR/DEUTH026107A1SWPX,72.76,0.0,0.0,1699.0,1528.0,360.608,7.276,0.0,0.0,prepaid,1.455,91.0,0.0,0.0,0.0,107.38,-1266.041,"",'132681983728481194503,2026-04-17,11067368519,32422709-fbc6-4325-97ee-cf0e35b0cf95,11067368519,Reverse,100012639720,100012639720,11504,1455.24,5.0,0.0,0.0,0.0,exchange,0.0,0.0,0.0,0.0,0.0,0.0,0.0,0.0,NA,0,1698.99
NFT-/XUTR/DEUTH026107A1SWPX,72.76,0.0,0.0,1699.0,1528.0,360.608,7.276,0.0,0.0,prepaid,1.455,0.0,0.0,45.0,0.0,53.1,1105.561,"",'132665778888932503403,2026-04-17,11064441111,9f9ee4ae-b4e6-402c-b4dd-ac9c05a9dd93,"",Forward,100009712411,100009712411,11504,1455.24,5.0,0.0,0.0,0.0,packet_delivered,0.0,0.0,0.0,0.0,0.0,0.0,0.0,0.0,NA,0,1699.0
NFT-/XUTR/DEUTH026107A1SWPX,56.1,0.0,0.0,2999.0,1178.0,291.908,5.61,0.0,0.0,prepaid,1.122,0.0,0.0,45.0,0.0,53.1,826.26,"",'132668675593196204203,2026-04-17,11065224878,15b1c9fa-6509-44dd-968d-559a92e4be41,"",Forward,100010496138,100010496138,11504,1121.9,5.0,1650.0,0.0,1650.0,packet_delivered,0.0,0.0,0.0,0.0,0.0,0.0,0.0,0.0,NA,0,1349.0
NFT-/XUTR/DEUTH026107A1SWPX,36.57,0.0,0.0,1699.0,768.0,199.373,3.657,0.0,0.0,prepaid,0.731,0.0,0.0,27.0,0.0,31.86,532.379,"",'132672940872237749403,2026-04-17,11065695202,92112dfa-4f93-4a1a-8235-7a943c615433,"",Forward,100010966432,1000002629911,11504,731.43,5.0,837.0,0.0,837.0,packet_delivered,0.0,0.0,0.0,0.0,0.0,0.0,0.0,0.0,NA,0,862.0
NFT-/XUTR/DEUTH026107A1SWPX,77.52,0.0,0.0,1799.0,1628.0,384.208,7.752,0.0,0.0,prepaid,1.55,0.0,0.0,45.0,0.0,53.1,1181.39,"",'132697827998085830803,2026-04-17,11070818992,4c136005-f9e9-4114-a02a-91477e16d91d,"",Forward,100016090162,1000004233713,11504,1550.48,5.0,0.0,0.0,0.0,packet_delivered,0.0,0.0,0.0,0.0,0.0,0.0,0.0,0.0,NA,0,1799.0
NFT-/XUTR/DEUTH026107A1SWPX,36.57,0.0,0.0,1699.0,768.0,199.373,3.657,0.0,0.0,prepaid,0.731,0.0,0.0,27.0,0.0,31.86,532.379,"",'132672036916944376701,2026-04-17,11065517449,870a6fea-d0d6-4498-9c40-bdb8b6ca8403,"",Forward,100010788709,1000002548538,11504,731.43,5.0,837.0,0.0,837.0,packet_delivered,0.0,0.0,0.0,0.0,0.0,0.0,0.0,0.0,NA,0,862.0
NFT-/XUTR/DEUTH026107A1SWPX,44.43,0.0,0.0,1799.0,933.0,242.207,4.443,0.0,0.0,prepaid,0.889,0.0,0.0,27.0,0.0,31.86,653.601,"",'132666370781096490701,2026-04-17,11064593648,12f5b139-6cec-422e-9d71-0163fca4eba6,"",Forward,100009864919,100009864919,11504,888.57,5.0,695.0,0.0,695.0,packet_delivered,0.0,0.0,0.0,0.0,0.0,0.0,0.0,0.0,NA,0,1104.0
NFT-/XUTR/DEUTH026107A1SWPX,34.62,0.0,0.0,2850.0,727.0,34.314,3.462,0.0,0.0,prepaid,0.692,0.0,0.0,27.0,0.0,31.86,656.672,"",'132665273060400282703,2026-04-17,11064305487,dfff528a-10c3-42ec-b0d8-9b3af31efb2b,"",Forward,100009576800,1000002615351,11504,692.38,5.0,2029.0,0.0,2029.0,packet_delivered,0.0,0.0,0.0,0.0,0.0,0.0,0.0,0.0,NA,0,821.0
NFT-/XUTR/DEUTH026107A1SWPX,19.05,0.0,0.0,1699.0,226.72,10.701,1.08,0.0,0.0,prepaid,0.216,0.0,0.0,0.0,0.0,0.0,214.723,"",'132671906923929633701,2026-04-17,11065498219,b4e3b0b0-16ac-43e7-ac1c-98ec470985de,"",Forward,100010769479,1000002541641,11504,380.95,5.0,1205.0,0.0,1205.0,packet_delivered,0.0,0.0,0.0,0.0,0.0,0.0,0.0,0.0,NA,0,494.0
NFT-/XUTR/DEUTH026107A1SWPX,35.14,0.0,0.0,1799.0,738.0,191.585,3.514,0.0,0.0,prepaid,0.703,0.0,0.0,27.0,0.0,31.86,510.338,"",'132668117034899491303,2026-04-17,11065053934,c160e095-e8ef-4fe0-b9d4-734f2071b3d7,"",Forward,100010325194,100010325194,11504,702.86,5.0,967.0,0.0,967.0,packet_delivered,0.0,0.0,0.0,0.0,0.0,0.0,0.0,0.0,NA,0,832.0
NFT-/XUTR/DEUTH026107A1SWPX,65.67,0.0,0.0,3299.0,1379.0,341.716,6.567,0.0,0.0,prepaid,1.313,0.0,0.0,45.0,0.0,53.1,976.304,"",'132694276377161342401,2026-04-17,11070319908,63339f90-70cd-411f-82a8-426e4d47e63b,"",Forward,100015591081,100015591081,11504,1313.33,5.0,1749.0,0.0,1749.0,packet_delivered,0.0,0.0,0.0,0.0,0.0,0.0,0.0,0.0,NA,0,1550.0
NFT-/XUTR/DEUTH026107A1SWPX,29.0,0.0,0.0,1850.0,609.0,158.096,2.9,0.0,0.0,prepaid,0.58,0.0,0.0,27.0,0.0,31.86,415.564,"",'132691643132289053503,2026-04-17,11069446255,a7818c01-78ba-443f-8172-a48e49fd6b15,"",Forward,100014717430,100014717430,11504,580,5.0,1147.0,0.0,1147.0,packet_delivered,0.0,0.0,0.0,0.0,0.0,0.0,0.0,0.0,NA,0,703.0
NFT-/XUTR/DEUTH026107A1SWPX,35.14,0.0,0.0,1799.0,738.0,191.585,3.514,0.0,0.0,prepaid,0.703,167.0,0.0,0.0,0.0,197.06,-739.258,"",'132668351361209704703,2026-04-17,11065126271,101ad71e-2d8d-4bd4-b907-40b1f3e36f49,100147386235,Reverse,100010397531,1000002406509,11504,702.86,5.0,967.0,0.0,967.0,return_refund,0.0,0.0,0.0,0.0,0.0,0.0,0.0,0.0,NA,0,832.0
NFT-/XUTR/DEUTH026107A1SWPX,33.1,0.0,0.0,3450.0,695.0,32.804,3.31,0.0,0.0,prepaid,0.662,0.0,0.0,27.0,0.0,31.86,626.364,"",'132668990085890244501,2026-04-17,11065304488,c2e20b32-bbd3-48c3-beed-51f49e4ffe3a,"",Forward,100010575748,100010575748,11504,661.9,5.0,2661.0,0.0,2661.0,packet_delivered,0.0,0.0,0.0,0.0,0.0,0.0,0.0,0.0,NA,0,789.0
NFT-/XUTR/DEUTH026107A1SWPX,114.95,0.0,0.0,2620.0,2414.0,569.704,11.495,0.0,0.0,prepaid,2.299,167.0,0.0,0.0,0.0,197.06,-2027.562,"",'132668730113537456201,2026-04-17,11065242087,71230f9f-d91c-4781-ab69-be1356a895a9,100147989144,Reverse,100010513347,1000002744381,11504,2299.05,5.0,0.0,0.0,0.0,return_refund,0.0,0.0,0.0,0.0,0.0,0.0,0.0,0.0,NA,0,2620.0
NFT-/XUTR/DEUTH026107A1SWPX,63.24,0.0,0.0,2999.0,1328.0,329.078,6.324,0.0,0.0,prepaid,1.265,112.0,0.0,0.0,0.0,132.16,-1123.493,"",'132689920579565718301,2026-04-17,11068907566,3ec778f1-dbef-4408-8349-ef198dbe7c1b,100151519118,Reverse,100014178745,100014178745,11504,1264.76,5.0,1500.0,0.0,1500.0,return_refund,0.0,0.0,0.0,0.0,0.0,0.0,0.0,0.0,NA,0,1499.0
NFT-/XUTR/DEUTH026107A1SWPX,68.05,0.0,0.0,3199.0,1429.0,354.106,6.805,0.0,0.0,prepaid,1.361,167.0,0.0,0.0,0.0,197.06,-1263.788,"",'132674085171911120303,2026-04-17,11065966590,7a9aabc0-ca55-4013-8bad-635faf805842,100147472920,Reverse,100011237818,1000003123328,11504,1360.95,5.0,1599.0,0.0,1599.0,return_refund,0.0,0.0,0.0,0.0,0.0,0.0,0.0,0.0,NA,0,1600.0
NFT-/XUTR/DEUTH026107A1SWPX,58.86,0.0,0.0,3499.0,1236.0,306.281,5.886,0.0,0.0,prepaid,1.177,0.0,0.0,45.0,0.0,53.1,869.556,"",'132667282609787896701,2026-04-17,11064828053,7891bfff-231a-43a7-b4c6-0c754a4a8159,"",Forward,100010099313,100010099313,11504,1177.14,5.0,2092.0,0.0,2092.0,packet_delivered,0.0,0.0,0.0,0.0,0.0,0.0,0.0,0.0,NA,0,1407.0
NFT-/XUTR/DEUTH026107A1SWPX,114.95,0.0,0.0,2620.0,2414.0,569.704,11.495,0.0,0.0,prepaid,2.299,0.0,0.0,61.0,0.0,71.98,1758.522,"",'132668730113537456201,2026-04-17,11065242087,71230f9f-d91c-4781-ab69-be1356a895a9,"",Forward,100010513347,1000002744381,11504,2299.05,5.0,0.0,0.0,0.0,packet_delivered,0.0,0.0,0.0,0.0,0.0,0.0,0.0,0.0,NA,0,2620.0
NFT-/XUTR/DEUTH026107A1SWPX,20.62,0.0,0.0,1799.0,432.99999999999994,20.438,2.062,0.0,0.0,prepaid,0.412,167.0,0.0,0.0,0.0,197.06,-607.148,"",'132674475223111276901,2026-04-17,11066056891,f954b450-40aa-4799-a006-8850d9996eb3,11066056891,Reverse,100011328116,100011328116,11504,412.38,5.0,1272.0,0.0,1272.0,exchange,0.0,0.0,0.0,0.0,0.0,0.0,0.0,0.0,NA,0,527.0
NFT-/XUTR/DEUTH026107A1SWPX,36.57,0.0,0.0,1699.0,768.0,199.373,3.657,0.0,0.0,prepaid,0.731,0.0,0.0,27.0,0.0,31.86,532.379,"",'132668351361209704703,2026-04-17,11065126275,101ad71e-2d8d-4bd4-b907-40b1f3e36f49,"",Forward,100010397535,1000002406509,11504,731.43,5.0,837.0,0.0,837.0,packet_delivered,0.0,0.0,0.0,0.0,0.0,0.0,0.0,0.0,NA,0,862.0
NFT-/XUTR/DEUTH026107A1SWPX,19.1,0.0,0.0,1650.0,36.940000000000005,1.744,0.176,0.0,0.0,prepaid,0.035,8.383,0.0,0.0,0.0,9.89194,-44.877,"",'132694176448310232703,2026-04-17,11070278157,6e2b4340-8203-4a79-b682-b3ae26ce5dac,11070278157,Reverse,100015549329,100015549329,11504,381.9,5.0,1155.0,0.0,1155.0,exchange,0.0,0.0,0.0,0.0,0.0,0.0,0.0,0.0,NA,0,494.98
NFT-/XUTR/DEUTH026107A1SWPX,35.95,0.0,0.0,1699.0,755.0,195.998,3.595,0.0,0.0,prepaid,0.719,91.0,0.0,0.0,0.0,107.38,-662.068,"",'132690920748210061101,2026-04-17,11069220634,022f9701-5040-42d4-8db5-c605316cdddf,100147750953,Reverse,100014491812,100014491812,11504,719.05,5.0,850.0,0.0,850.0,return_refund,0.0,0.0,0.0,0.0,0.0,0.0,0.0,0.0,NA,0,849.0
NFT-/XUTR/DEUTH026107A1SWPX,56.81,0.0,0.0,1950.0,1193.0,281.548,5.681,0.0,0.0,prepaid,1.136,167.0,0.0,0.0,0.0,197.06,-1101.695,"",'132666925288404343001,2026-04-17,11064735211,a87059cc-4754-46ba-8c17-7d57143e5bc5,11064735211,Reverse,100010006471,100010006471,11504,1136.19,5.0,586.0,0.0,586.0,exchange,0.0,0.0,0.0,0.0,0.0,0.0,0.0,0.0,NA,0,1364.0
NFT-/XUTR/DEUTH026107A1SWPX,70.38,0.0,0.0,3299.0,1478.0,366.248,7.038,0.0,0.0,prepaid,1.408,167.0,0.0,0.0,0.0,197.06,-1300.366,"",'132672403043533244501,2026-04-17,11065580030,3fc39e1d-7597-4280-a0e2-a9657fdf58c9,100147519441,Reverse,100010851264,1000002750494,11504,1407.62,5.0,1650.0,0.0,1650.0,return_refund,0.0,0.0,0.0,0.0,0.0,0.0,0.0,0.0,NA,0,1649.0
NFT-/XUTR/DEUTH026107A1SWPX,34.14,0.0,0.0,1599.0,717.0,186.133,3.414,0.0,0.0,prepaid,0.683,0.0,0.0,27.0,0.0,31.86,494.91,"",'132659238437778452701,2026-04-17,11063335840,2a93ce08-515f-457e-b9d7-af2e765c0395,"",Forward,100008607242,100008607242,11504,682.86,5.0,788.0,0.0,788.0,packet_delivered,0.0,0.0,0.0,0.0,0.0,0.0,0.0,0.0,NA,0,811.0
NFT-/XUTR/DEUTH026107A1SWPX,34.05,0.0,0.0,1799.0,715.0,185.614,3.405,0.0,0.0,prepaid,0.681,0.0,0.0,27.0,0.0,31.86,493.44,"",'132683423859040913503,2026-04-17,11067717988,d86915b3-2e99-475c-987a-31d8d96f78d3,"",Forward,100012989186,100012989186,11504,680.95,5.0,990.0,0.0,990.0,packet_delivered,0.0,0.0,0.0,0.0,0.0,0.0,0.0,0.0,NA,0,809.0
NFT-/XUTR/DEUTH026107A1SWPX,72.86,0.0,0.0,3399.0,1530.0,379.134,7.286,0.0,0.0,prepaid,1.457,167.0,0.0,0.0,0.0,197.06,-1339.183,"",'132665658398300862203,2026-04-17,11064409059,6e781caf-ef61-4c66-85b9-4932810d82d8,100147529539,Reverse,100009680370,100009680370,11504,1457.14,5.0,1698.0,0.0,1698.0,return_refund,0.0,0.0,0.0,0.0,0.0,0.0,0.0,0.0,NA,0,1701.0
NFT-/XUTR/DEUTH026107A1SWPX,34.67,0.0,0.0,1799.0,728.0,188.989,3.467,0.0,0.0,prepaid,0.693,0.0,0.0,27.0,0.0,31.86,502.991,"",'132671722620609462301,2026-04-17,11065474725,f0e988fe-fb06-4fd0-b04e-298451333d88,"",Forward,100010745985,1000002537942,11504,693.33,5.0,977.0,0.0,977.0,packet_delivered,0.0,0.0,0.0,0.0,0.0,0.0,0.0,0.0,NA,0,822.0
NFT-/XUTR/DEUTH026107A1SWPX,41.38,0.0,0.0,1899.0,869.0,225.592,4.138,0.0,0.0,prepaid,0.828,91.0,0.0,0.0,0.0,107.38,-745.822,"",'132685307302169282903,2026-04-17,11068158833,6b49a0fa-1ca8-4c05-babc-7179a285618e,100147691033,Reverse,100013430024,100013430024,11504,827.62,5.0,936.0,0.0,936.0,return_refund,0.0,0.0,0.0,0.0,0.0,0.0,0.0,0.0,NA,0,963.0
NFT-/XUTR/DEUTH026107A1SWPX,30.43,0.0,0.0,2499.0,639.0,30.161,3.043,0.0,0.0,prepaid,0.609,0.0,0.0,5.0,0.0,5.9,599.287,"",'132659439928319160503,2026-04-17,11063386396,dd282cfc-0494-458f-89a1-afbd13810326,"",Forward,100008657798,1000002176668,11504,608.57,5.0,1742.0,0.0,1742.0,packet_delivered,0.0,0.0,0.0,0.0,0.0,0.0,0.0,0.0,NA,0,757.0
NFT-/XUTR/DEUTH026107A1SWPX,35.29,0.0,0.0,2799.0,741.0,34.97500000000001,3.529,0.0,0.0,prepaid,0.706,167.0,0.0,0.0,0.0,197.06,-898.85,"",'132665232752258548303,2026-04-17,11064294336,3b23b1b2-21cd-4885-ae4e-cb2ff4ddbc4d,11064294336,Reverse,100009565649,1000002611308,11504,705.71,5.0,1964.0,0.0,1964.0,exchange,0.0,0.0,0.0,0.0,0.0,0.0,0.0,0.0,NA,0,835.0
NFT-/XUTR/DEUTH026107A1SWPX,49.81,0.0,0.0,2999.0,433.966,107.53700000000002,2.067,0.0,0.0,prepaid,0.413,0.0,0.0,18.67,0.0,22.0306,301.918,"",'132666727478092866101,2026-04-17,11064684589,edc73656-46c7-4bb1-b885-dec7ce31815e,"",Forward,100009955849,100009955849,11504,996.19,5.0,1782.0,0.0,1782.0,packet_delivered,0.0,0.0,0.0,0.0,0.0,0.0,0.0,0.0,NA,0,1216.99
NFT-/XUTR/DEUTH026107A1SWPX,22.81,0.0,0.0,1599.0,479.0,22.609,2.281,0.0,0.0,prepaid,0.456,0.0,0.0,27.0,0.0,31.86,421.794,"",'132665455395401317301,2026-04-17,11064354281,e47b37cf-7d55-4907-b2c3-3325c3cf6301,"",Forward,100009625594,1000002219970,11504,456.19,5.0,1026.0,0.0,1026.0,packet_delivered,0.0,0.0,0.0,0.0,0.0,0.0,0.0,0.0,NA,0,573.0
NFT-/XUTR/DEUTH026107A1SWPX,19.67,0.0,0.0,1750.0,413.0,19.494,1.967,0.0,0.0,prepaid,0.393,112.0,0.0,0.0,0.0,132.16,-523.306,"",'132686313471821856801,2026-04-17,11068458401,73537ed1-216a-489d-843d-5628ab8247f2,100148163700,Reverse,100013729591,100013729591,11504,393.33,5.0,1243.0,0.0,1243.0,return_refund,0.0,0.0,0.0,0.0,0.0,0.0,0.0,0.0,NA,0,507.0
NFT-/XUTR/DEUTH026107A1SWPX,41.38,0.0,0.0,1899.0,869.0,225.592,4.138,0.0,0.0,prepaid,0.828,0.0,0.0,27.0,0.0,31.86,606.582,"",'132675379618346212803,2026-04-17,11066256965,bf65cf4a-254a-4368-8f81-217718f4fa65,"",Forward,100011528169,100011528169,11504,827.62,5.0,936.0,0.0,936.0,packet_delivered,0.0,0.0,0.0,0.0,0.0,0.0,0.0,0.0,NA,0,963.0
NFT-/XUTR/DEUTH026107A1SWPX,30.14,0.0,0.0,1999.0,633.0,29.878000000000004,3.014,0.0,0.0,prepaid,0.603,0.0,0.0,27.0,0.0,31.86,567.645,"",'132667794746645427203,2026-04-17,11064962035,9f98741a-e71b-49af-b8b6-bc5692c06a7b,"",Forward,100010233295,100010233295,11504,602.86,5.0,1272.0,0.0,1272.0,packet_delivered,0.0,0.0,0.0,0.0,0.0,0.0,0.0,0.0,NA,0,727.0
NFT-/XUTR/DEUTH026107A1SWPX,63.24,0.0,0.0,2999.0,1328.0,329.078,6.324,0.0,0.0,prepaid,1.265,0.0,0.0,45.0,0.0,53.1,938.233,"",'132665987224368733503,2026-04-17,11064495729,c3ceab70-3376-41d2-b8af-c97eec6bb8f8,"",Forward,100009767018,100009767018,11504,1264.76,5.0,1500.0,0.0,1500.0,packet_delivered,0.0,0.0,0.0,0.0,0.0,0.0,0.0,0.0,NA,0,1499.0
NFT-/XUTR/DEUTH026107A1SWPX,32.57,0.0,0.0,2499.0,684.0,32.285,3.257,0.0,0.0,prepaid,0.651,0.0,0.0,27.0,0.0,31.86,615.947,"",'132667369129189491103,2026-04-17,11064850134,2d2cf76b-9379-4598-95fe-ab4eaa967d8a,"",Forward,100010121394,1000002679841,11504,651.43,5.0,1721.0,0.0,1721.0,packet_delivered,0.0,0.0,0.0,0.0,0.0,0.0,0.0,0.0,NA,0,778.0
NFT-/XUTR/DEUTH026107A1SWPX,75.14,0.0,0.0,3499.0,1578.0,391.028,7.514,0.0,0.0,prepaid,1.503,91.0,0.0,0.0,0.0,107.38,-1285.335,"",'132694443184181932501,2026-04-17,11070388581,692960d6-5d92-4c05-a069-5028d85e6e4e,100148025817,Reverse,100015659753,100015659753,11504,1502.86,5.0,1750.0,0.0,1750.0,return_refund,0.0,0.0,0.0,0.0,0.0,0.0,0.0,0.0,NA,0,1749.0
NFT-/XUTR/DEUTH026107A1SWPX,,,,,,,,,,,,,,,,,-17578.0,SplitNOD16Apr20263706MI,,2026-04-17 00:00:00,,,,NOD,"",,11504,,,,,,,,,,,,,,,,,
NFT-/XUTR/DEUTH026107A1SWPX,20.05,0.0,0.0,1599.0,421.0,19.871,2.005,0.0,0.0,prepaid,0.401,0.0,0.0,15.0,0.0,17.7,381.023,"",'132666362757759761301,2026-04-17,11064591728,7933d0f4-0191-4469-b9a1-d2cb068b1003,"",Forward,100009862999,1000002296861,11504,400.95,5.0,1084.0,0.0,1084.0,packet_delivered,0.0,0.0,0.0,0.0,0.0,0.0,0.0,0.0,NA,0,515.0
NFT-/XUTR/DEUTH026107A1SWPX,52.24,0.0,0.0,2499.0,1097.0,271.837,5.224,0.0,0.0,prepaid,1.045,0.0,0.0,45.0,0.0,53.1,765.794,"",'132673335356735438803,2026-04-17,11065788632,deb14cbf-e758-4099-b950-d9cd83e1378a,"",Forward,100011059861,1000002741127,11504,1044.76,5.0,1231.0,0.0,1231.0,packet_delivered,0.0,0.0,0.0,0.0,0.0,0.0,0.0,0.0,NA,0,1268.0
NFT-/XUTR/DEUTH026107A1SWPX,20.14,0.0,0.0,1799.0,423.0,19.966,2.014,0.0,0.0,prepaid,0.403,0.0,0.0,19.0,0.0,22.42,378.197,"",'132685776121634390003,2026-04-17,11068298294,a8117924-decd-4234-90c6-580ca1649686,"",Forward,100013569484,100013569484,11504,402.86,5.0,1317.0,0.0,1317.0,packet_delivered,0.0,0.0,0.0,0.0,0.0,0.0,0.0,0.0,NA,0,482.0
NFT-/XUTR/DEUTH026107A1SWPX,29.62,0.0,0.0,1899.0,622.0,44.038,2.962,0.0,0.0,prepaid,0.592,0.0,0.0,27.0,0.0,31.86,542.548,"",'132668488058653043203,2026-04-17,11065168829,50163149-5c6f-4144-bf9a-f5881e6412fc,"",Forward,100010440089,100010440089,11504,592.38,5.0,1183.0,0.0,1183.0,packet_delivered,0.0,0.0,0.0,0.0,0.0,0.0,0.0,0.0,NA,0,716.0
NFT-/XUTR/DEUTH026107A1SWPX,22.81,0.0,0.0,1599.0,479.0,22.609,2.281,0.0,0.0,prepaid,0.456,0.0,0.0,27.0,0.0,31.86,421.794,"",'132672940872237749403,2026-04-17,11065695201,92112dfa-4f93-4a1a-8235-7a943c615433,"",Forward,100010966431,1000002629911,11504,456.19,5.0,1026.0,0.0,1026.0,packet_delivered,0.0,0.0,0.0,0.0,0.0,0.0,0.0,0.0,NA,0,573.0
NFT-/XUTR/DEUTH026107A1SWPX,111.57,0.0,0.0,2999.0,2343.0,552.948,11.157,0.0,0.0,prepaid,2.231,0.0,0.0,61.0,0.0,71.98,1704.684,"",'132665410188770228603,2026-04-17,11064342498,a00d2041-5017-41b7-8969-ba2d8f547484,"",Forward,100009613811,100009613811,11504,2231.43,5.0,450.0,0.0,450.0,packet_delivered,0.0,0.0,0.0,0.0,0.0,0.0,0.0,0.0,NA,0,2549.0
NFT-/XUTR/DEUTH026107A1SWPX,90.14,0.0,0.0,2999.0,1893.0,469.085,9.014,0.0,0.0,prepaid,1.803,0.0,0.0,45.0,0.0,53.1,1359.998,"",'132664861349812547603,2026-04-17,11064189868,01d583d0-67ab-47e2-9e4a-3ba9c19ea3ab,"",Forward,100009461182,100009461182,11504,1802.86,5.0,900.0,0.0,900.0,packet_delivered,0.0,0.0,0.0,0.0,0.0,0.0,0.0,0.0,NA,0,2099.0
NFT-/XUTR/DEUTH026107A1SWPX,20.29,0.0,0.0,1699.0,425.99999999999994,20.107,2.029,0.0,0.0,prepaid,0.406,167.0,0.0,0.0,0.0,197.06,-600.518,"",'132665654520907657503,2026-04-17,11064408065,be7f7de1-ad4a-4053-b041-1e11379c9a23,100147389575,Reverse,100009679377,100009679377,11504,405.71,5.0,1179.0,0.0,1179.0,return_refund,0.0,0.0,0.0,0.0,0.0,0.0,0.0,0.0,NA,0,520.0
NFT-/XUTR/DEUTH026107A1SWPX,29.62,0.0,0.0,1899.0,622.0,44.038,2.962,0.0,0.0,prepaid,0.592,0.0,0.0,27.0,0.0,31.86,542.548,"",'132673364912078879701,2026-04-17,11065795903,75ff1501-e997-4362-a9f7-2d6314b1e427,"",Forward,100011067131,100011067131,11504,592.38,5.0,1183.0,0.0,1183.0,packet_delivered,0.0,0.0,0.0,0.0,0.0,0.0,0.0,0.0,NA,0,716.0
NFT-/XUTR/DEUTH026107A1SWPX,63.24,0.0,0.0,2999.0,1328.0,329.078,6.324,0.0,0.0,prepaid,1.265,167.0,0.0,0.0,0.0,197.06,-1188.393,"",'132668864702096940203,2026-04-17,11065276618,7040de96-a28f-4184-b8a8-227167f0d1ab,100148180156,Reverse,100010547878,100010547878,11504,1264.76,5.0,1500.0,0.0,1500.0,return_refund,0.0,0.0,0.0,0.0,0.0,0.0,0.0,0.0,NA,0,1498.99
NFT-/XUTR/DEUTH026107A1SWPX,22.81,0.0,0.0,1599.0,478.99999999999994,22.609,2.281,0.0,0.0,prepaid,0.456,167.0,0.0,0.0,0.0,197.06,-650.714,"",'132672940872237749403,2026-04-17,11065695201,92112dfa-4f93-4a1a-8235-7a943c615433,100147394843,Reverse,100010966431,1000002629911,11504,456.19,5.0,1026.0,0.0,1026.0,return_refund,0.0,0.0,0.0,0.0,0.0,0.0,0.0,0.0,NA,0,573.0
NFT-/XUTR/DEUTH026107A1SWPX,19.67,0.0,0.0,1750.0,413.0,19.494,1.967,0.0,0.0,prepaid,0.393,0.0,0.0,15.0,0.0,17.7,373.446,"",'132686313471821856801,2026-04-17,11068458401,73537ed1-216a-489d-843d-5628ab8247f2,"",Forward,100013729591,100013729591,11504,393.33,5.0,1243.0,0.0,1243.0,packet_delivered,0.0,0.0,0.0,0.0,0.0,0.0,0.0,0.0,NA,0,507.0
NFT-/XUTR/DEUTH026107A1SWPX,39.05,0.0,0.0,1799.0,820.0,212.872,3.905,0.0,0.0,prepaid,0.781,0.0,0.0,27.0,0.0,31.86,570.582,"",'132698479100935608101,2026-04-17,11070977893,06463cb5-32a8-4864-896c-a9d9dc93a0ef,"",Forward,100016249057,100016249057,11504,780.95,5.0,885.0,0.0,885.0,packet_delivered,0.0,0.0,0.0,0.0,0.0,0.0,0.0,0.0,NA,0,913.99
NFT-/XUTR/DEUTH026107A1SWPX,37.57,0.0,0.0,2950.0,789.0,37.241,3.757,0.0,0.0,prepaid,0.751,0.0,0.0,27.0,0.0,31.86,715.391,"",'132684056098420315803,2026-04-17,11067862412,14427d7d-ea2f-4d2d-b8fd-617e614feb04,"",Forward,100013133606,1000003614962,11504,751.43,5.0,2067.0,0.0,2067.0,packet_delivered,0.0,0.0,0.0,0.0,0.0,0.0,0.0,0.0,NA,0,883.0
NFT-/XUTR/DEUTH026107A1SWPX,35.95,0.0,0.0,1699.0,755.0,195.998,3.595,0.0,0.0,prepaid,0.719,0.0,0.0,27.0,0.0,31.86,522.828,"",'132690920748210061101,2026-04-17,11069220634,022f9701-5040-42d4-8db5-c605316cdddf,"",Forward,100014491812,100014491812,11504,719.05,5.0,850.0,0.0,850.0,packet_delivered,0.0,0.0,0.0,0.0,0.0,0.0,0.0,0.0,NA,0,849.0
NFT-/XUTR/DEUTH026107A1SWPX,38.33,0.0,0.0,1799.0,805.0,208.978,3.833,0.0,0.0,prepaid,0.767,112.0,0.0,0.0,0.0,132.16,-723.582,"",'132680352322193882903,2026-04-17,11067014268,7fc1b4a9-d49b-497d-b91f-8eabdb161ae4,100147342027,Reverse,100012285469,1000003002785,11504,766.67,5.0,900.0,0.0,900.0,return_refund,0.0,0.0,0.0,0.0,0.0,0.0,0.0,0.0,NA,0,899.0
NFT-/XUTR/DEUTH026107A1SWPX,23.67,0.0,0.0,1650.0,497.0,23.458,2.367,0.0,0.0,prepaid,0.473,0.0,0.0,19.0,0.0,22.42,448.282,"",'132668699558974230403,2026-04-17,11065232223,a4fc052e-53d8-4818-b938-64cef117fb6a,"",Forward,100010503483,1000002717302,11504,473.33,5.0,1059.0,0.0,1059.0,packet_delivered,0.0,0.0,0.0,0.0,0.0,0.0,0.0,0.0,NA,0,591.0
NFT-/XUTR/DEUTH026107A1SWPX,41.38,0.0,0.0,1899.0,869.0,225.592,4.138,0.0,0.0,prepaid,0.828,0.0,0.0,27.0,0.0,31.86,606.582,"",'132664800388651307601,2026-04-17,11064172478,1d91bea2-ff29-44f5-8836-bf0c66ee0b44,"",Forward,100009443792,100009443792,11504,827.62,5.0,936.0,0.0,936.0,packet_delivered,0.0,0.0,0.0,0.0,0.0,0.0,0.0,0.0,NA,0,963.0
NFT-/XUTR/DEUTH026107A1SWPX,87.05,0.0,0.0,1999.0,1828.0,431.408,8.705,0.0,0.0,prepaid,1.741,0.0,0.0,45.0,0.0,53.1,1333.046,"",'132672080636996027501,2026-04-17,11065524174,2e8e7930-a495-4ce1-ae0f-e3388763250e,"",Forward,100010795434,100010795434,11504,1740.95,5.0,0.0,0.0,0.0,packet_delivered,0.0,0.0,0.0,0.0,0.0,0.0,0.0,0.0,NA,0,1999.0
NFT-/XUTR/DEUTH026107A1SWPX,41.19,0.0,0.0,2999.0,865.0,224.554,4.119,0.0,0.0,prepaid,0.824,0.0,0.0,27.0,0.0,31.86,603.643,"",'132687560466010605503,2026-04-17,11068601883,4c916354-99ff-4417-b4a2-f7f918ebd45f,"",Forward,100013873073,100013873073,11504,823.81,5.0,2040.0,0.0,2040.0,packet_delivered,0.0,0.0,0.0,0.0,0.0,0.0,0.0,0.0,NA,0,959.0
NFT-/XUTR/DEUTH026107A1SWPX,36.81,0.0,0.0,2899.0,773.0,36.486,3.681,0.0,0.0,prepaid,0.736,167.0,0.0,0.0,0.0,197.06,-929.157,"",'132649907813893700701,2026-04-17,11061630494,127649e2-28ea-496d-9044-1a5c31851e2d,100147251857,Reverse,100006901966,100006901966,11504,736.19,5.0,2032.0,0.0,2032.0,return_refund,0.0,0.0,0.0,0.0,0.0,0.0,0.0,0.0,NA,0,866.99
NFT-/XUTR/DEUTH026107A1SWPX,49.81,0.0,0.0,2999.0,1046.0,259.199,4.981,0.0,0.0,prepaid,0.996,167.0,0.0,0.0,0.0,197.06,-977.884,"",'132668839461183064503,2026-04-17,11065270552,81d3dcdf-74d2-4569-ae38-fc86fccf690a,11065270552,Reverse,100010541812,100010541812,11504,996.19,5.0,1782.0,0.0,1782.0,exchange,0.0,0.0,0.0,0.0,0.0,0.0,0.0,0.0,NA,0,1217.0
NFT-/XUTR/DEUTH026107A1SWPX,0.0,21.21,21.21,2899.0,891.0,231.304,0.0,2.1215,2.1215,prepaid,0.849,0.0,0.0,27.0,0.0,31.86,622.744,"",'132694456665540532903,2026-04-17,11070394201,e2ac439f-b930-4cc5-9799-415fe69e6b45,"",Forward,100015665373,100015665373,11504,848.58,5.0,1914.0,0.0,1914.0,packet_delivered,0.0,0.0,0.0,0.0,0.0,0.0,0.0,0.0,NA,0,985.0000000000001
NFT-/XUTR/DEUTH026107A1SWPX,63.24,0.0,0.0,2999.0,1328.0,329.078,6.324,0.0,0.0,prepaid,1.265,112.0,0.0,0.0,0.0,132.16,-1123.493,"",'132668984709997748201,2026-04-17,11065303354,7e518122-a45b-49df-8a52-53fb58222641,11065303354,Reverse,100010574615,100010574615,11504,1264.76,5.0,1500.0,0.0,1500.0,exchange,0.0,0.0,0.0,0.0,0.0,0.0,0.0,0.0,NA,0,1498.99
NFT-/XUTR/DEUTH026107A1SWPX,63.24,0.0,0.0,2999.0,1328.0,329.078,6.324,0.0,0.0,prepaid,1.265,91.0,0.0,0.0,0.0,107.38,-1098.713,"",'132697123864374201801,2026-04-17,11070720606,57ccb793-5001-4dfb-ad4c-e4aa1b649f5f,100147995690,Reverse,100015991776,100015991776,11504,1264.76,5.0,1500.0,0.0,1500.0,return_refund,0.0,0.0,0.0,0.0,0.0,0.0,0.0,0.0,NA,0,1499.0
NFT-/XUTR/DEUTH026107A1SWPX,61.95,0.0,0.0,2899.0,1301.0,322.388,6.195,0.0,0.0,prepaid,1.239,0.0,0.0,45.0,0.0,53.1,918.078,"",'132665920227636240003,2026-04-17,11064478037,021028ac-8cb7-482f-a62e-8cd99d39b6ea,"",Forward,100009749330,1000002637547,11504,1239.05,5.0,1427.0,0.0,1427.0,packet_delivered,0.0,0.0,0.0,0.0,0.0,0.0,0.0,0.0,NA,0,1472.0
NFT-/XUTR/DEUTH026107A1SWPX,58.29,0.0,0.0,3100.0,1224.0,303.307,5.829,0.0,0.0,prepaid,1.166,0.0,0.0,45.0,0.0,53.1,860.598,"",'132667898615532468801,2026-04-17,11064990829,9f23a67c-e3d8-494c-9300-620f424bf354,"",Forward,100010262089,1000002666799,11504,1165.71,5.0,1705.0,0.0,1705.0,packet_delivered,0.0,0.0,0.0,0.0,0.0,0.0,0.0,0.0,NA,0,1395.0
NFT-/XUTR/DEUTH026107A1SWPX,58.48,0.0,0.0,1999.0,1228.0,289.808,5.848,0.0,0.0,prepaid,1.17,0.0,0.0,45.0,0.0,53.1,878.074,"",'132669209539114106603,2026-04-17,11065341597,c55b7482-5d05-4768-9581-03430bf1352d,"",Forward,100010612857,100010612857,11504,1169.52,5.0,600.0,0.0,600.0,packet_delivered,0.0,0.0,0.0,0.0,0.0,0.0,0.0,0.0,NA,0,1399.0
NFT-/XUTR/DEUTH026107A1SWPX,115.19,0.0,0.0,2625.0,2419.0,570.884,11.519,0.0,0.0,prepaid,2.304,0.0,0.0,61.0,0.0,71.98,1762.313,"",'132666531490184017203,2026-04-17,11064634494,dfdfd8b4-e262-4699-a12c-1d935a321adb,"",Forward,100009905760,100009905760,11504,2303.81,5.0,0.0,0.0,0.0,packet_delivered,0.0,0.0,0.0,0.0,0.0,0.0,0.0,0.0,NA,0,2625.0
NFT-/XUTR/DEUTH026107A1SWPX,35.14,0.0,0.0,1799.0,738.0,191.585,3.514,0.0,0.0,prepaid,0.703,0.0,0.0,27.0,0.0,31.86,510.338,"",'132671722620609462301,2026-04-17,11065474723,f0e988fe-fb06-4fd0-b04e-298451333d88,"",Forward,100010745983,1000002537942,11504,702.86,5.0,967.0,0.0,967.0,packet_delivered,0.0,0.0,0.0,0.0,0.0,0.0,0.0,0.0,NA,0,832.0
NFT-/XUTR/DEUTH026107A1SWPX,35.14,0.0,0.0,1799.0,738.0,191.585,3.514,0.0,0.0,prepaid,0.703,0.0,0.0,27.0,0.0,31.86,510.338,"",'132668351361209704703,2026-04-17,11065126271,101ad71e-2d8d-4bd4-b907-40b1f3e36f49,"",Forward,100010397531,1000002406509,11504,702.86,5.0,967.0,0.0,967.0,packet_delivered,0.0,0.0,0.0,0.0,0.0,0.0,0.0,0.0,NA,0,832.0
NFT-/XUTR/DEUTH026107A1SWPX,87.05,0.0,0.0,1999.0,1828.0,431.408,8.705,0.0,0.0,prepaid,1.741,0.0,0.0,45.0,0.0,53.1,1333.046,"",'132667919455984432601,2026-04-17,11064996501,eecc0c48-efe4-4f37-8619-7f4212fb02b1,"",Forward,100010267761,100010267761,11504,1740.95,5.0,0.0,0.0,0.0,packet_delivered,0.0,0.0,0.0,0.0,0.0,0.0,0.0,0.0,NA,0,1999.0
NFT-/XUTR/DEUTH026107A1SWPX,72.76,0.0,0.0,1699.0,1528.0,360.608,7.276,0.0,0.0,prepaid,1.455,167.0,0.0,0.0,0.0,197.06,-1355.721,"",'132664851158064919101,2026-04-17,11064187010,5d72fe8a-7187-4aa2-b87f-0377bc194981,100147779107,Reverse,100009458324,100009458324,11504,1455.24,5.0,0.0,0.0,0.0,return_refund,0.0,0.0,0.0,0.0,0.0,0.0,0.0,0.0,NA,0,1699.0
NFT-/XUTR/DEUTH026107A1SWPX,19.05,0.0,0.0,1699.0,400.0,18.88,1.905,0.0,0.0,prepaid,0.381,0.0,0.0,0.0,0.0,0.0,378.834,"",'132667342080177542103,2026-04-17,11064843442,131717d4-c8a3-4fa4-9047-08e3b156baad,"",Forward,100010114702,100010114702,11504,380.95,5.0,1205.0,0.0,1205.0,packet_delivered,0.0,0.0,0.0,0.0,0.0,0.0,0.0,0.0,NA,0,494.0
NFT-/XUTR/DEUTH026107A1SWPX,35.29,0.0,0.0,2799.0,741.0,34.97500000000001,3.529,0.0,0.0,prepaid,0.706,0.0,0.0,27.0,0.0,31.86,669.93,"",'132673335356735438803,2026-04-17,11065788635,deb14cbf-e758-4099-b950-d9cd83e1378a,"",Forward,100011059864,1000002741127,11504,705.71,5.0,1964.0,0.0,1964.0,packet_delivered,0.0,0.0,0.0,0.0,0.0,0.0,0.0,0.0,NA,0,835.0
NFT-/XUTR/DEUTH026107A1SWPX,20.29,0.0,0.0,1699.0,426.0,20.107,2.029,0.0,0.0,prepaid,0.406,0.0,0.0,15.0,0.0,17.7,385.758,"",'132665654520907657503,2026-04-17,11064408065,be7f7de1-ad4a-4053-b041-1e11379c9a23,"",Forward,100009679377,100009679377,11504,405.71,5.0,1179.0,0.0,1179.0,packet_delivered,0.0,0.0,0.0,0.0,0.0,0.0,0.0,0.0,NA,0,520.0
NFT-/XUTR/DEUTH026107A1SWPX,70.38,0.0,0.0,3299.0,1478.0,366.248,7.038,0.0,0.0,prepaid,1.408,0.0,0.0,45.0,0.0,53.1,1050.206,"",'132672403043533244501,2026-04-17,11065580030,3fc39e1d-7597-4280-a0e2-a9657fdf58c9,"",Forward,100010851264,1000002750494,11504,1407.62,5.0,1650.0,0.0,1650.0,packet_delivered,0.0,0.0,0.0,0.0,0.0,0.0,0.0,0.0,NA,0,1649.0
NFT-/XUTR/DEUTH026107A1SWPX,35.76,0.0,0.0,1799.0,751.0,194.96,3.576,0.0,0.0,prepaid,0.715,0.0,0.0,27.0,0.0,31.86,519.889,"",'132690950707323810601,2026-04-17,11069229868,12c4f794-6ed5-4c52-80a4-98de0d9a7232,"",Forward,100014501046,1000003628372,11504,715.24,5.0,954.0,0.0,954.0,packet_delivered,0.0,0.0,0.0,0.0,0.0,0.0,0.0,0.0,NA,0,845.0
NFT-/XUTR/DEUTH026107A1SWPX,28.14,0.0,0.0,1599.0,591.0,41.843,2.814,0.0,0.0,prepaid,0.563,0.0,0.0,27.0,0.0,31.86,513.92,"",'132682209161842687903,2026-04-17,11067428062,6bf152a6-fb3b-43c7-ba1c-433f160cd0cd,"",Forward,100012699263,100012699263,11504,562.86,5.0,914.0,0.0,914.0,packet_delivered,0.0,0.0,0.0,0.0,0.0,0.0,0.0,0.0,NA,0,685.0
NFT-/XUTR/DEUTH026107A1SWPX,38.33,0.0,0.0,1799.0,805.0,208.978,3.833,0.0,0.0,prepaid,0.767,167.0,0.0,0.0,0.0,197.06,-788.482,"",'132667474647928535603,2026-04-17,11064877163,33281e0a-16f7-444a-b9cd-478ab5f2451a,100147690249,Reverse,100010148423,100010148423,11504,766.67,5.0,900.0,0.0,900.0,return_refund,0.0,0.0,0.0,0.0,0.0,0.0,0.0,0.0,NA,0,899.0
NFT-/XUTR/DEUTH026107A1SWPX,40.81,0.0,0.0,2799.0,857.0,222.477,4.081,0.0,0.0,prepaid,0.816,0.0,0.0,27.0,0.0,31.86,597.766,"",'132688734897304845301,2026-04-17,11068661010,af882c35-a807-4c64-969a-92514989a22b,"",Forward,100013932199,100013932199,11504,816.19,5.0,1848.0,0.0,1848.0,packet_delivered,0.0,0.0,0.0,0.0,0.0,0.0,0.0,0.0,NA,0,951.0
NFT-/XUTR/DEUTH026107A1SWPX,25.95,0.0,0.0,1599.0,545.0,141.482,2.595,0.0,0.0,prepaid,0.519,0.0,0.0,27.0,0.0,31.86,368.544,"",'132680767068714203101,2026-04-17,11067079010,cbde9198-8d4b-41d6-8b0e-d97a6650a288,"",Forward,100012350211,1000003135098,11504,519.05,5.0,960.0,0.0,960.0,packet_delivered,0.0,0.0,0.0,0.0,0.0,0.0,0.0,0.0,NA,0,639.0
NFT-/XUTR/DEUTH026107A1SWPX,35.14,0.0,0.0,1799.0,277.636,72.074,1.322,0.0,0.0,prepaid,0.264,0.0,0.0,10.157,0.0,11.98526,191.991,"",'132682953870072224201,2026-04-17,11067611298,ad2437a3-691e-4219-a62d-72f164ca8839,"",Forward,100012882499,100012882499,11504,702.86,5.0,967.0,0.0,967.0,packet_delivered,0.0,0.0,0.0,0.0,0.0,0.0,0.0,0.0,NA,0,831.99
NFT-/XUTR/DEUTH026107A1SWPX,42.86,0.0,0.0,2999.0,900.0,42.48,4.286,0.0,0.0,prepaid,0.857,0.0,0.0,27.0,0.0,31.86,820.517,"",'132664980948901783801,2026-04-17,11064224019,4601d758-65e2-4514-939d-a2e7cb3037b8,"",Forward,100009495333,100009495333,11504,857.14,5.0,1905.0,0.0,1905.0,packet_delivered,0.0,0.0,0.0,0.0,0.0,0.0,0.0,0.0,NA,0,1094.0
NFT-/XUTR/DEUTH026107A1SWPX,39.43,0.0,0.0,1999.0,828.0,214.949,3.943,0.0,0.0,prepaid,0.789,167.0,0.0,0.0,0.0,197.06,-805.379,"",'132668424714209386303,2026-04-17,11065149285,e29d835b-6c49-4792-b11a-9684db62d664,100147433117,Reverse,100010420545,100010420545,11504,788.57,5.0,1077.0,0.0,1077.0,return_refund,0.0,0.0,0.0,0.0,0.0,0.0,0.0,0.0,NA,0,922.0
NFT-/XUTR/DEUTH026107A1SWPX,33.57,0.0,0.0,1599.0,705.0,183.018,3.357,0.0,0.0,prepaid,0.671,0.0,0.0,27.0,0.0,31.86,486.094,"",'132668576768836311003,2026-04-17,11065195656,4ed7df45-c5e7-482a-94f7-7d13e26a6f6c,"",Forward,100010466916,100010466916,11504,671.43,5.0,800.0,0.0,800.0,packet_delivered,0.0,0.0,0.0,0.0,0.0,0.0,0.0,0.0,NA,0,799.0
NFT-/XUTR/DEUTH026107A1SWPX,35.29,0.0,0.0,2799.0,741.0,34.97500000000001,3.529,0.0,0.0,prepaid,0.706,0.0,0.0,27.0,0.0,31.86,669.93,"",'132665232752258548303,2026-04-17,11064294336,3b23b1b2-21cd-4885-ae4e-cb2ff4ddbc4d,"",Forward,100009565649,1000002611308,11504,705.71,5.0,1964.0,0.0,1964.0,packet_delivered,0.0,0.0,0.0,0.0,0.0,0.0,0.0,0.0,NA,0,835.0
NFT-/XUTR/DEUTH026107A1SWPX,38.33,0.0,0.0,1799.0,805.0,208.978,3.833,0.0,0.0,prepaid,0.767,0.0,0.0,27.0,0.0,31.86,559.562,"",'132668502539984049203,2026-04-17,11065173749,7d1599cf-525d-48ad-b184-dbdde3163367,"",Forward,100010445009,100010445009,11504,766.67,5.0,900.0,0.0,900.0,packet_delivered,0.0,0.0,0.0,0.0,0.0,0.0,0.0,0.0,NA,0,899.0
NFT-/XUTR/DEUTH026107A1SWPX,43.1,0.0,0.0,1999.0,905.0,234.938,4.31,0.0,0.0,prepaid,0.862,0.0,0.0,27.0,0.0,31.86,633.03,"",'132690965800687458003,2026-04-17,11069234613,c6e3f0af-e1e6-4334-a48c-e7acbdaced4f,"",Forward,100014505791,100014505791,11504,861.9,5.0,1000.0,0.0,1000.0,packet_delivered,0.0,0.0,0.0,0.0,0.0,0.0,0.0,0.0,NA,0,998.99
NFT-/XUTR/DEUTH026107A1SWPX,40.71,0.0,0.0,1899.0,855.0,161.424,4.071,0.0,0.0,prepaid,0.814,0.0,0.0,27.0,0.0,31.86,656.831,"",'132664953663362524201,2026-04-17,11064216241,c4112fed-6b17-4cc7-8fa9-95dfd8deb231,"",Forward,100009487555,100009487555,11504,814.29,5.0,950.0,0.0,950.0,packet_delivered,0.0,0.0,0.0,0.0,0.0,0.0,0.0,0.0,NA,0,949.0
NFT-/XUTR/DEUTH026107A1SWPX,36.57,0.0,0.0,1699.0,768.0,199.373,3.657,0.0,0.0,prepaid,0.731,0.0,0.0,27.0,0.0,31.86,532.379,"",'132672940872237749403,2026-04-17,11065695203,92112dfa-4f93-4a1a-8235-7a943c615433,"",Forward,100010966433,1000002629911,11504,731.43,5.0,837.0,0.0,837.0,packet_delivered,0.0,0.0,0.0,0.0,0.0,0.0,0.0,0.0,NA,0,862.0
NFT-/XUTR/DEUTH026107A1SWPX,37.19,0.0,0.0,1750.0,781.0,202.748,3.719,0.0,0.0,prepaid,0.744,0.0,0.0,27.0,0.0,31.86,541.929,"",'132691315258696042801,2026-04-17,11069342489,c0d24d5e-19a2-4a40-b0bc-d199f06b4ada,"",Forward,100014613667,1000003666088,11504,743.81,5.0,875.0,0.0,875.0,packet_delivered,0.0,0.0,0.0,0.0,0.0,0.0,0.0,0.0,NA,0,875.0
NFT-/XUTR/DEUTH026107A1SWPX,19.05,0.0,0.0,1699.0,400.0,18.88,1.905,0.0,0.0,prepaid,0.381,0.0,0.0,0.0,0.0,0.0,378.834,"",'132668154676980881801,2026-04-17,11065064920,8fd8a2d1-f5c0-4403-a9d2-94e94cdade1c,"",Forward,100010336180,100010336180,11504,380.95,5.0,1205.0,0.0,1205.0,packet_delivered,0.0,0.0,0.0,0.0,0.0,0.0,0.0,0.0,NA,0,494.0
NFT-/XUTR/DEUTH026107A1SWPX,18.57,0.0,0.0,1599.0,390.0,18.408,1.857,0.0,0.0,prepaid,0.371,0.0,0.0,0.0,0.0,0.0,369.364,"",'132668845347344094103,2026-04-17,11065271896,66d3d0d3-c9d1-43d4-8462-d9ecf4f324b4,"",Forward,100010543156,100010543156,11504,371.43,5.0,1150.0,0.0,1150.0,packet_delivered,0.0,0.0,0.0,0.0,0.0,0.0,0.0,0.0,NA,0,449.0
NFT-/XUTR/DEUTH026107A1SWPX,0.0,38.76,38.76,1799.0,1628.0,384.208,0.0,3.876,3.876,prepaid,1.55,0.0,0.0,45.0,0.0,53.1,1181.39,"",'132693919108385323901,2026-04-17,11070176120,426cfd16-fbd0-437a-b4c6-baec29ca92a5,"",Forward,100015447291,100015447291,11504,1550.48,5.0,0.0,0.0,0.0,packet_delivered,0.0,0.0,0.0,0.0,0.0,0.0,0.0,0.0,NA,0,1799.0
NFT-/XUTR/DEUTH026107A1SWPX,63.24,0.0,0.0,2999.0,1328.0,329.078,6.324,0.0,0.0,prepaid,1.265,0.0,0.0,45.0,0.0,53.1,938.233,"",'132674085171911120303,2026-04-17,11065966592,7a9aabc0-ca55-4013-8bad-635faf805842,"",Forward,100011237820,1000003123328,11504,1264.76,5.0,1500.0,0.0,1500.0,packet_delivered,0.0,0.0,0.0,0.0,0.0,0.0,0.0,0.0,NA,0,1499.0
NFT-/XUTR/DEUTH026107A1SWPX,0.0,48.21,48.21,2625.0,2025.0,477.9,0.0,4.8215,4.8215,prepaid,1.929,0.0,0.0,61.0,0.0,71.98,1463.548,"",'132692693039891700001,2026-04-17,11069771310,274449f3-1e53-4a05-b535-622d0bf0ac69,"",Forward,100015042483,100015042483,11504,1928.58,5.0,394.0,0.0,394.0,packet_delivered,0.0,0.0,0.0,0.0,0.0,0.0,0.0,0.0,NA,0,2231.0
NFT-/XUTR/DEUTH026107A1SWPX,48.48,0.0,0.0,1699.0,1018.0,240.248,4.848,0.0,0.0,prepaid,0.97,0.0,0.0,45.0,0.0,53.1,718.834,"",'132697827998085830803,2026-04-17,11070818994,4c136005-f9e9-4114-a02a-91477e16d91d,"",Forward,100016090164,1000004233713,11504,969.52,5.0,510.0,0.0,510.0,packet_delivered,0.0,0.0,0.0,0.0,0.0,0.0,0.0,0.0,NA,0,1189.0
NFT-/XUTR/DEUTH026107A1SWPX,425.9,0.0,0.0,2999.0,2792.0,658.912,11.831,0.0,0.0,prepaid,2.366,91.0,0.0,0.0,0.0,107.38,-2226.271,"",'132694859870114394701,2026-04-17,11070535235,ca02d1e5-09b0-45f1-ac7d-5240d5fa6b6d,100149978420,Reverse,100015806406,1000004236475,11504,2366.1,18.0,1.0,0.0,1.0,return_refund,0.0,0.0,0.0,0.0,0.0,0.0,0.0,0.0,NA,0,2998.0
