NEFT_Ref,igst_amount,cgst_amount,sgst_amount,MRP,customer_paid_amt,Commission,IGST_TCS,CGST_TCS,SGST_TCS,Payment_Type,TDS,Shipping_Fee,pick_and_pack_fee,fixed_fee,Payment_Gateway_Fee,Logistics_Commission,Settled_Amount,NOD_Comment,Store_Order_id,Payment_Date,order_line_id,seller_order_id,return_id,Order_Type,order_release_id,Packet_Id,Seller_Id,taxable_amount,Tax_Rate,seller_discount,platform_discount,total_discount,comments,fwdAdditionalCharges,rvsAdditionalCharges,techEnablement,airLogistics,royaltyCharges,royaltyPercent,marketingCharges,marketingPercent,marketingContribution,commission_discount,sale_Total_Customer_Paid
NFT-/XUTR/DEUTH02615538495X,24.57,0.0,0.0,1650.0,516.0,133.954,2.457,0.0,0.0,prepaid,0.491,0.0,0.0,27.0,0.0,31.86,347.238,"",'133086479568993213401,2026-06-04,11151382419,704ee9b5-e53b-40bc-8669-60b840fd3e0c,"",Forward,100096653134,100096653134,11504,491.43,5.0,1040.0,0.0,1040.0,packet_delivered,0.0,0.0,0.0,0.0,0.0,0.0,0.0,0.0,NA,0,610.0
NFT-/XUTR/DEUTH02615538495X,63.29,0.0,0.0,2999.0,1329.0,329.326,6.329,0.0,0.0,prepaid,1.266,127.0,0.0,0.0,0.0,149.86,-1141.939,"",'133099830309370575101,2026-06-04,11154440724,828fe5c5-b650-41cf-aeba-da5fd3c56632,100165046457,Reverse,100099711432,1000029789049,11504,1265.71,5.0,1499.0,0.0,1499.0,return_refund,0.0,0.0,0.0,0.0,0.0,0.0,0.0,0.0,NA,0,1500.0
NFT-/XUTR/DEUTH02615538495X,35.76,0.0,0.0,1799.0,751.0,194.96,3.576,0.0,0.0,prepaid,0.715,182.0,0.0,0.0,0.0,214.76,-766.509,"",'133079500893644396103,2026-06-04,11149873791,f7730fa7-dcbb-42c6-90d8-fa4d4044efaa,11149873791,Reverse,100095144509,100095144509,11504,715.24,5.0,954.0,0.0,954.0,exchange,0.0,0.0,0.0,0.0,0.0,0.0,0.0,0.0,NA,0,845.0
NFT-/XUTR/DEUTH02615538495X,32.81,0.0,0.0,1650.0,689.0,178.864,3.281,0.0,0.0,prepaid,0.656,182.0,0.0,0.0,0.0,214.76,-720.959,"",'133080219735728875801,2026-06-04,11150087871,c605344d-021f-42e8-aab9-c9d39f927649,11150087871,Reverse,100095358589,100095358589,11504,656.19,5.0,867.0,0.0,867.0,exchange,0.0,0.0,0.0,0.0,0.0,0.0,0.0,0.0,NA,0,783.0
NFT-/XUTR/DEUTH02615538495X,34.71,0.0,0.0,2899.0,729.0,34.40899999999999,3.471,0.0,0.0,prepaid,0.694,0.0,0.0,27.0,0.0,31.86,658.566,"",'133096956167328881303,2026-06-04,11153828945,be6e9439-aa51-4e79-9325-a49451f1d34d,"",Forward,100099099654,1000029774929,11504,694.29,5.0,2076.0,0.0,2076.0,packet_delivered,0.0,0.0,0.0,0.0,0.0,0.0,0.0,0.0,NA,0,823.0
NFT-/XUTR/DEUTH02615538495X,23.71,0.0,0.0,1599.0,498.0,23.506,2.371,0.0,0.0,prepaid,0.474,127.0,0.0,0.0,0.0,149.86,-621.509,"",'133097624489538997303,2026-06-04,11153973839,cbbdc7f9-51d4-46a6-a44f-b84dfbe8ae0f,100163418435,Reverse,100099244548,1000029778942,11504,474.29,5.0,1007.0,0.0,1007.0,return_refund,0.0,0.0,0.0,0.0,0.0,0.0,0.0,0.0,NA,0,592.0
NFT-/XUTR/DEUTH02615538495X,100.95,0.0,0.0,3499.0,2120.0,500.31999999999994,10.095,0.0,0.0,prepaid,2.019,106.0,0.0,0.0,0.0,125.08,-1732.646,"",'133109594226972454003,2026-06-04,11156338297,94d7a06d-e128-4749-931d-a1efe9eb655a,100163524161,Reverse,100101609003,1000030234252,11504,2019.05,5.0,1173.0,0.0,1173.0,return_refund,0.0,0.0,0.0,0.0,0.0,0.0,0.0,0.0,NA,0,2326.0
NFT-/XUTR/DEUTH02615538495X,0.0,42.52,42.52,2099.0,1786.0,421.496,0.0,4.2525,4.2525,prepaid,1.701,0.0,0.0,45.0,0.0,53.1,1301.198,"",'133113874839945647101,2026-06-04,11156904526,afce37eb-303a-4ee3-a91d-48355cd005bf,"",Forward,100102175229,1000030267771,11504,1700.96,5.0,107.0,0.0,107.0,packet_delivered,0.0,0.0,0.0,0.0,0.0,0.0,0.0,0.0,NA,0,1992.0
NFT-/XUTR/DEUTH02615538495X,49.24,0.0,0.0,1799.0,1034.0,244.024,4.924,0.0,0.0,prepaid,0.985,0.0,0.0,45.0,0.0,53.1,730.967,"",'133066513967375593003,2026-06-04,11147408543,7fb72be2-43e2-400c-b815-46ab88322c39,"",Forward,100092679271,100092679271,11504,984.76,5.0,594.0,0.0,594.0,packet_delivered,0.0,0.0,0.0,0.0,0.0,0.0,0.0,0.0,NA,0,1205.0
NFT-/XUTR/DEUTH02615538495X,0.0,16.45,16.45,1699.0,691.0,179.384,0.0,1.645,1.645,prepaid,0.658,0.0,0.0,27.0,0.0,31.86,475.808,"",'133109279992806520303,2026-06-04,11156253112,90fface4-1301-462b-895c-df24c5f654f3,"",Forward,100101523817,1000030030616,11504,658.1,5.0,914.0,0.0,914.0,packet_delivered,0.0,0.0,0.0,0.0,0.0,0.0,0.0,0.0,NA,0,785.0000000000001
NFT-/XUTR/DEUTH02615538495X,0.0,27.48,27.48,3100.0,1154.0,285.961,0.0,2.7475,2.7475,prepaid,1.099,0.0,0.0,45.0,0.0,53.1,808.345,"",'133107593735804425103,2026-06-04,11155806265,c79c248d-4bb6-4a93-a8d0-54ce7f09b3d4,"",Forward,100101076971,100101076971,11504,1099.04,5.0,1775.0,0.0,1775.0,packet_delivered,0.0,0.0,0.0,0.0,0.0,0.0,0.0,0.0,NA,0,1325.0
NFT-/XUTR/DEUTH02615538495X,70.38,0.0,0.0,3299.0,1478.0,366.248,7.038,0.0,0.0,prepaid,1.408,0.0,0.0,45.0,0.0,53.1,1050.206,"",'133083715442887663503,2026-06-04,11151147245,254d520b-d9ce-40f3-9d79-2a800f25430e,"",Forward,100096417960,1000028671344,11504,1407.62,5.0,1650.0,0.0,1650.0,packet_delivered,0.0,0.0,0.0,0.0,0.0,0.0,0.0,0.0,NA,0,1649.0
NFT-/XUTR/DEUTH02615538495X,37.19,0.0,0.0,1750.0,781.0,202.748,3.719,0.0,0.0,prepaid,0.744,0.0,0.0,27.0,0.0,31.86,541.929,"",'133083788826328584201,2026-06-04,11151166367,e8807ff0-336d-4195-9c63-d184f33ab1ba,"",Forward,100096437082,100096437082,11504,743.81,5.0,875.0,0.0,875.0,packet_delivered,0.0,0.0,0.0,0.0,0.0,0.0,0.0,0.0,NA,0,875.0
NFT-/XUTR/DEUTH02615538495X,86.81,0.0,0.0,2899.0,1823.0,451.739,8.681,0.0,0.0,prepaid,1.736,0.0,0.0,45.0,0.0,53.1,1307.744,"",'133087663566949635201,2026-06-04,11151672320,9fd44a5a-5363-4ff1-8d36-c58558012232,"",Forward,100096943032,100096943032,11504,1736.19,5.0,870.0,0.0,870.0,packet_delivered,0.0,0.0,0.0,0.0,0.0,0.0,0.0,0.0,NA,0,2029.0
NFT-/XUTR/DEUTH02615538495X,59.67,0.0,0.0,2999.0,1253.0,310.493,5.967,0.0,0.0,prepaid,1.193,0.0,0.0,45.0,0.0,53.1,882.247,"",'133078249502541074403,2026-06-04,11149525895,6985069f-5fab-42c7-88f5-25483bc9a156,"",Forward,100094796617,1000028125847,11504,1193.33,5.0,1575.0,0.0,1575.0,packet_delivered,0.0,0.0,0.0,0.0,0.0,0.0,0.0,0.0,NA,0,1424.0
NFT-/XUTR/DEUTH02615538495X,403.17,0.0,0.0,2999.0,2643.0,623.748,11.199,0.0,0.0,prepaid,2.24,0.0,0.0,61.0,0.0,71.98,1933.833,"",'133108902682394364401,2026-06-04,11156140366,bd954b81-ba03-431c-8a88-0c9542a69f1f,"",Forward,100101411071,100101411071,11504,2239.83,18.0,150.0,0.0,150.0,packet_delivered,0.0,0.0,0.0,0.0,0.0,0.0,0.0,0.0,NA,0,2849.0
NFT-/XUTR/DEUTH02615538495X,85.14,0.0,0.0,2999.0,1788.0,443.066,8.514,0.0,0.0,prepaid,1.703,0.0,0.0,45.0,0.0,53.1,1281.617,"",'133108637115267137603,2026-06-04,11156062913,5b699f81-f0ee-4c65-aa17-a35a1588ce3a,"",Forward,100101333618,100101333618,11504,1702.86,5.0,1005.0,0.0,1005.0,packet_delivered,0.0,0.0,0.0,0.0,0.0,0.0,0.0,0.0,NA,0,1994.0
NFT-/XUTR/DEUTH02615538495X,23.91,0.0,0.0,1699.0,502.0,130.319,2.39,0.0,0.0,prepaid,0.478,0.0,0.0,27.0,0.0,31.86,336.953,"",'133082711539132350903,2026-06-04,11150800839,843a7046-e2e9-403e-849b-02bbfe090865,"",Forward,100096071555,1000028384650,11504,478.1,5.0,1103.0,0.0,1103.0,packet_delivered,0.0,0.0,0.0,0.0,0.0,0.0,0.0,0.0,NA,0,596.01
NFT-/XUTR/DEUTH02615538495X,0.0,10.24,10.24,1650.0,430.00000000000006,20.296000000000003,0.0,1.024,1.024,prepaid,0.41,106.0,0.0,0.0,0.0,125.08,-532.326,"",'133106329442976827701,2026-06-04,11155520724,4525eff1-67a4-411b-a311-f1b151c38fbe,100163539377,Reverse,100100791430,100100791430,11504,409.52,5.0,1126.0,0.0,1126.0,return_refund,0.0,0.0,0.0,0.0,0.0,0.0,0.0,0.0,NA,0,524.0
NFT-/XUTR/DEUTH02615538495X,51.95,0.0,0.0,1899.0,2.43,0.573,0.012,0.0,0.0,prepaid,0.002,0.0,0.0,0.1,0.0,0.118,1.725,"",'133079504199117767801,2026-06-04,11149874697,62a5191f-886c-4bc6-978c-169b49ea54af,"",Forward,100095145415,100095145415,11504,1039.05,5.0,637.0,0.0,637.0,packet_delivered,0.0,0.0,0.0,0.0,0.0,0.0,0.0,0.0,NA,0,1262.0
NFT-/XUTR/DEUTH02615538495X,68.71,0.0,0.0,3399.0,1443.0,357.575,6.871,0.0,0.0,prepaid,1.374,0.0,0.0,45.0,0.0,53.1,1024.08,"",'133079991989562344001,2026-06-04,11150020954,e6ec4124-220d-4e50-a66c-f20cec1c900a,"",Forward,100095291672,100095291672,11504,1374.29,5.0,1785.0,0.0,1785.0,packet_delivered,0.0,0.0,0.0,0.0,0.0,0.0,0.0,0.0,NA,0,1614.0
NFT-/XUTR/DEUTH02615538495X,45.52,0.0,0.0,2399.0,956.0,248.178,4.552,0.0,0.0,prepaid,0.91,182.0,0.0,0.0,0.0,214.76,-917.12,"",'133082156562348924501,2026-06-04,11150638000,391b574e-d438-4222-a9ef-dd20efc8478e,100164706584,Reverse,100095908717,100095908717,11504,910.48,5.0,1272.0,0.0,1272.0,return_refund,0.0,0.0,0.0,0.0,0.0,0.0,0.0,0.0,NA,0,1127.0
NFT-/XUTR/DEUTH02615538495X,38.0,0.0,0.0,1899.0,798.0,207.161,3.8,0.0,0.0,prepaid,0.76,182.0,0.0,0.0,0.0,214.76,-801.039,"",'133082376306832662701,2026-06-04,11150699862,94202739-149a-4c1e-9c35-8bc51454ea12,100164453305,Reverse,100095970579,100095970579,11504,760,5.0,1007.0,0.0,1007.0,return_refund,0.0,0.0,0.0,0.0,0.0,0.0,0.0,0.0,NA,0,892.0
NFT-/XUTR/DEUTH02615538495X,35.76,0.0,0.0,1799.0,751.0,194.96,3.576,0.0,0.0,prepaid,0.715,0.0,0.0,27.0,0.0,31.86,519.889,"",'133079500893644396103,2026-06-04,11149873791,f7730fa7-dcbb-42c6-90d8-fa4d4044efaa,"",Forward,100095144509,100095144509,11504,715.24,5.0,954.0,0.0,954.0,packet_delivered,0.0,0.0,0.0,0.0,0.0,0.0,0.0,0.0,NA,0,845.0
NFT-/XUTR/DEUTH02615538495X,43.24,0.0,0.0,1599.0,908.0,235.717,4.324,0.0,0.0,prepaid,0.865,0.0,0.0,27.0,0.0,31.86,635.234,"",'133109583453704731003,2026-06-04,11156335855,cd814e25-7b2e-45ce-af7c-f8060c7e27d9,"",Forward,100101606560,1000030044495,11504,864.76,5.0,520.0,0.0,520.0,packet_delivered,0.0,0.0,0.0,0.0,0.0,0.0,0.0,0.0,NA,0,1079.0
NFT-/XUTR/DEUTH02615538495X,48.48,0.0,0.0,1699.0,1018.0,240.248,4.848,0.0,0.0,prepaid,0.97,0.0,0.0,45.0,0.0,53.1,718.834,"",'133102619894040872801,2026-06-04,11154845710,73b67fe7-6c1f-428d-af33-24229966e638,"",Forward,100100116417,1000029668354,11504,969.52,5.0,510.0,0.0,510.0,packet_delivered,0.0,0.0,0.0,0.0,0.0,0.0,0.0,0.0,NA,0,1189.0
NFT-/XUTR/DEUTH02615538495X,22.24,0.0,0.0,1599.0,467.0,22.042,2.224,0.0,0.0,prepaid,0.445,0.0,0.0,27.0,0.0,31.86,410.429,"",'133082785137590714201,2026-06-04,11150824684,56886fb9-b8f4-49d9-b328-ca989270969e,"",Forward,100096095400,1000028384582,11504,444.76,5.0,1038.0,0.0,1038.0,packet_delivered,0.0,0.0,0.0,0.0,0.0,0.0,0.0,0.0,NA,0,561.0
NFT-/XUTR/DEUTH02615538495X,59.67,0.0,0.0,1999.0,1253.0,295.708,5.967,0.0,0.0,prepaid,1.193,0.0,0.0,45.0,0.0,53.1,897.032,"",'133061650030896398201,2026-06-04,11146098680,da83dba8-6220-43d1-a9c2-edaf54a97cba,"",Forward,100091369410,1000026988201,11504,1193.33,5.0,575.0,0.0,575.0,packet_delivered,0.0,0.0,0.0,0.0,0.0,0.0,0.0,0.0,NA,0,1424.0
NFT-/XUTR/DEUTH02615538495X,37.19,0.0,0.0,1750.0,736.0,191.066,3.505,0.0,0.0,prepaid,0.701,0.0,0.0,25.444,0.0,30.02392,510.704,"",'133079364056298372801,2026-06-04,11149828270,734a1647-3604-4ac6-930e-006dde1d426e,"",Forward,100095098988,100095098988,11504,743.81,5.0,875.0,45.0,920.0,packet_delivered,0.0,0.0,0.0,0.0,0.0,0.0,0.0,0.0,NA,0,875.0
NFT-/XUTR/DEUTH02615538495X,32.81,0.0,0.0,1650.0,689.0,178.864,3.281,0.0,0.0,prepaid,0.656,0.0,0.0,27.0,0.0,31.86,474.339,"",'133080219735728875801,2026-06-04,11150087871,c605344d-021f-42e8-aab9-c9d39f927649,"",Forward,100095358589,100095358589,11504,656.19,5.0,867.0,0.0,867.0,packet_delivered,0.0,0.0,0.0,0.0,0.0,0.0,0.0,0.0,NA,0,783.0
NFT-/XUTR/DEUTH02615538495X,51.81,0.0,0.0,1799.0,1088.0,256.768,5.181,0.0,0.0,prepaid,1.036,182.0,0.0,0.0,0.0,214.76,-1039.775,"",'133080134833666292801,2026-06-04,11150062772,67c8e5b5-9dad-4fb1-91fe-13ab80551897,100164044024,Reverse,100095333490,100095333490,11504,1036.19,5.0,540.0,0.0,540.0,return_refund,0.0,0.0,0.0,0.0,0.0,0.0,0.0,0.0,NA,0,1259.0
NFT-/XUTR/DEUTH02615538495X,38.33,0.0,0.0,2999.0,805.0,208.978,3.833,0.0,0.0,prepaid,0.767,182.0,0.0,0.0,0.0,214.76,-806.182,"",'133087153022079613903,2026-06-04,11151520851,ea57f3dc-5b2c-4e1a-a4cf-678c090acdc3,11151520851,Reverse,100096791565,1000028679924,11504,766.67,5.0,2100.0,0.0,2100.0,exchange,0.0,0.0,0.0,0.0,0.0,0.0,0.0,0.0,NA,0,899.0
NFT-/XUTR/DEUTH02615538495X,59.71,0.0,0.0,2999.0,1254.0,310.741,5.971,0.0,0.0,prepaid,1.194,106.0,0.0,0.0,0.0,125.08,-1061.174,"",'133107572268100291101,2026-06-04,11155801432,70ba4767-2bea-4c56-81d8-e072fcc7a3e8,100164633175,Reverse,100101072138,100101072138,11504,1194.29,5.0,1574.0,0.0,1574.0,return_refund,0.0,0.0,0.0,0.0,0.0,0.0,0.0,0.0,NA,0,1425.0
NFT-/XUTR/DEUTH02615538495X,100.95,0.0,0.0,3499.0,2120.0,500.31999999999994,10.095,0.0,0.0,prepaid,2.019,182.0,0.0,0.0,0.0,214.76,-1822.326,"",'133083917959647767201,2026-06-04,11151195152,9eeb47bf-b5dc-4274-afbd-7d102e72c6db,100163597454,Reverse,100096465867,100096465867,11504,2019.05,5.0,1173.0,0.0,1173.0,return_refund,0.0,0.0,0.0,0.0,0.0,0.0,0.0,0.0,NA,0,2326.0
NFT-/XUTR/DEUTH02615538495X,403.17,0.0,0.0,2999.0,2643.0,623.748,11.199,0.0,0.0,prepaid,2.24,106.0,0.0,0.0,0.0,125.08,-2130.893,"",'133108902682394364401,2026-06-04,11156140366,bd954b81-ba03-431c-8a88-0c9542a69f1f,100163840904,Reverse,100101411071,100101411071,11504,2239.83,18.0,150.0,0.0,150.0,return_refund,0.0,0.0,0.0,0.0,0.0,0.0,0.0,0.0,NA,0,2849.0
NFT-/XUTR/DEUTH02615538495X,42.62,0.0,0.0,2999.0,895.0,42.244,4.262,0.0,0.0,prepaid,0.852,0.0,0.0,38.0,0.0,44.84,802.802,"",'133083190440393630401,2026-06-04,11150966013,5b8bf829-f329-4949-ad29-0825e8e855f4,"",Forward,100096236729,1000028667746,11504,852.38,5.0,2010.0,0.0,2010.0,packet_delivered,0.0,0.0,0.0,0.0,0.0,0.0,0.0,0.0,NA,0,989.0
NFT-/XUTR/DEUTH02615538495X,0.0,17.57,17.57,1799.0,738.0,191.585,0.0,1.757,1.757,prepaid,0.703,106.0,0.0,0.0,0.0,125.08,-667.278,"",'133110465809244200103,2026-06-04,11156436727,84fc055c-94b1-48ee-bb13-c317d99ca109,11156436727,Reverse,100101707432,100101707432,11504,702.86,5.0,967.0,0.0,967.0,exchange,0.0,0.0,0.0,0.0,0.0,0.0,0.0,0.0,NA,0,832.0000000000001
NFT-/XUTR/DEUTH02615538495X,30.95,0.0,0.0,1699.0,650.0,46.02,3.095,0.0,0.0,prepaid,0.619,0.0,0.0,27.0,0.0,31.86,568.406,"",'133105824338280859603,2026-06-04,11155389546,354d2370-45ce-4e4b-a40b-0e2c90ef1b61,"",Forward,100100660252,1000029814848,11504,619.05,5.0,955.0,0.0,955.0,packet_delivered,0.0,0.0,0.0,0.0,0.0,0.0,0.0,0.0,NA,0,744.0
NFT-/XUTR/DEUTH02615538495X,66.48,0.0,0.0,3299.0,1396.0,345.929,6.648,0.0,0.0,prepaid,1.33,106.0,0.0,0.0,0.0,125.08,-1167.173,"",'133106600979766252401,2026-06-04,11155579970,bd2fd41b-2051-46d7-810c-5d2ef23a3d45,100163581874,Reverse,100100850676,1000030248459,11504,1329.52,5.0,1732.0,0.0,1732.0,return_refund,0.0,0.0,0.0,0.0,0.0,0.0,0.0,0.0,NA,0,1567.0
NFT-/XUTR/DEUTH02615538495X,49.24,0.0,0.0,1799.0,1034.0,244.024,4.924,0.0,0.0,prepaid,0.985,182.0,0.0,0.0,0.0,214.76,-998.827,"",'133066513967375593003,2026-06-04,11147408543,7fb72be2-43e2-400c-b815-46ab88322c39,100163677879,Reverse,100092679271,100092679271,11504,984.76,5.0,594.0,0.0,594.0,return_refund,0.0,0.0,0.0,0.0,0.0,0.0,0.0,0.0,NA,0,1205.0
NFT-/XUTR/DEUTH02615538495X,63.24,0.0,0.0,2999.0,1328.0,329.078,6.324,0.0,0.0,prepaid,1.265,0.0,0.0,45.0,0.0,53.1,938.233,"",'133086767424577751903,2026-06-04,11151432878,1041cc5e-388a-496d-90af-01737419b284,"",Forward,100096703592,100096703592,11504,1264.76,5.0,1500.0,0.0,1500.0,packet_delivered,0.0,0.0,0.0,0.0,0.0,0.0,0.0,0.0,NA,0,1499.0
NFT-/XUTR/DEUTH02615538495X,19.48,0.0,0.0,1799.0,409.0,19.305,1.948,0.0,0.0,prepaid,0.39,0.0,0.0,15.0,7.403,26.43554,360.921,"",'133081842715322560501,2026-06-04,11150552124,35209a4e-016a-479d-b117-812adfc7b728,"",Forward,100095822841,100095822841,11504,389.52,5.0,1296.0,0.0,1296.0,packet_delivered,0.0,0.0,0.0,0.0,0.0,0.0,0.0,0.0,NA,0,503.0
NFT-/XUTR/DEUTH02615538495X,63.19,0.0,0.0,2999.0,1327.0,328.831,6.319,0.0,0.0,prepaid,1.264,0.0,0.0,45.0,0.0,53.1,937.486,"",'133106395752445795301,2026-06-04,11155535867,07b94882-5c50-4f52-9007-5fa8c2392db8,"",Forward,100100806573,1000030234717,11504,1263.81,5.0,1501.0,0.0,1501.0,packet_delivered,0.0,0.0,0.0,0.0,0.0,0.0,0.0,0.0,NA,0,1498.0
NFT-/XUTR/DEUTH02615538495X,32.43,0.0,0.0,1650.0,681.0,176.788,3.243,0.0,0.0,prepaid,0.649,182.0,0.0,0.0,0.0,214.76,-715.08,"",'133087322674376386603,2026-06-04,11151567147,14038ecb-2395-4199-9b0b-df2f23d09e7c,11151567147,Reverse,100096837861,100096837861,11504,648.57,5.0,875.0,0.0,875.0,exchange,0.0,0.0,0.0,0.0,0.0,0.0,0.0,0.0,NA,0,775.0
NFT-/XUTR/DEUTH02615538495X,48.81,0.0,0.0,1799.0,1025.0,241.9,4.881,0.0,0.0,prepaid,0.976,0.0,0.0,45.0,0.0,53.1,724.143,"",'133061650030896398201,2026-06-04,11146098659,da83dba8-6220-43d1-a9c2-edaf54a97cba,"",Forward,100091369389,1000026988201,11504,976.19,5.0,603.0,0.0,603.0,packet_delivered,0.0,0.0,0.0,0.0,0.0,0.0,0.0,0.0,NA,0,1196.0
NFT-/XUTR/DEUTH02615538495X,18.1,0.0,0.0,1999.0,380.0,17.936,1.81,0.0,0.0,prepaid,0.362,0.0,0.0,0.0,0.0,0.0,359.892,"",'133087275013854909903,2026-06-04,11151553832,c38e40a0-71bc-41ff-9506-67c2ef46f6c9,"",Forward,100096824546,100096824546,11504,361.9,5.0,1560.0,0.0,1560.0,packet_delivered,0.0,0.0,0.0,0.0,0.0,0.0,0.0,0.0,NA,0,439.0
NFT-/XUTR/DEUTH02615538495X,33.19,0.0,0.0,2499.0,697.0,32.898,3.319,0.0,0.0,prepaid,0.664,127.0,0.0,0.0,0.0,149.86,-809.979,"",'133103872782657739803,2026-06-04,11154942276,562989eb-d8c5-46bb-87a2-76d592ec9a43,11154942276,Reverse,100100212983,100100212983,11504,663.81,5.0,1708.0,0.0,1708.0,exchange,0.0,0.0,0.0,0.0,0.0,0.0,0.0,0.0,NA,0,791.0
NFT-/XUTR/DEUTH02615538495X,403.02,0.0,0.0,2999.0,2642.0,623.512,11.195,0.0,0.0,prepaid,2.239,0.0,0.0,61.0,0.0,71.98,1933.074,"",'133079967708926775403,2026-06-04,11150013778,da0ad337-0b47-49db-b937-1bfb1237ce19,"",Forward,100095284496,100095284496,11504,2238.98,18.0,151.0,0.0,151.0,packet_delivered,0.0,0.0,0.0,0.0,0.0,0.0,0.0,0.0,NA,0,2848.0
NFT-/XUTR/DEUTH02615538495X,49.19,0.0,0.0,2699.0,1033.0,255.977,4.919,0.0,0.0,prepaid,0.984,0.0,0.0,45.0,0.0,53.1,718.02,"",'133083517894557622703,2026-06-04,11151077172,76ecce54-3b39-4289-bedf-42ac378e8dee,"",Forward,100096347887,100096347887,11504,983.81,5.0,1495.0,0.0,1495.0,packet_delivered,0.0,0.0,0.0,0.0,0.0,0.0,0.0,0.0,NA,0,1204.0
NFT-/XUTR/DEUTH02615538495X,58.95,0.0,0.0,2999.0,1238.0,306.776,5.895,0.0,0.0,prepaid,1.179,182.0,0.0,0.0,0.0,214.76,-1138.91,"",'133080078549688050501,2026-06-04,11150046149,5f773fb3-442f-4656-9d1e-f1e77d94d3da,100163553537,Reverse,100095316867,1000028671602,11504,1179.05,5.0,1590.0,0.0,1590.0,return_refund,0.0,0.0,0.0,0.0,0.0,0.0,0.0,0.0,NA,0,1409.0
NFT-/XUTR/DEUTH02615538495X,103.48,0.0,0.0,3399.0,2173.0,512.828,10.348,0.0,0.0,prepaid,2.07,182.0,0.0,0.0,0.0,214.76,-1862.514,"",'133086484696991061003,2026-06-04,11151383291,cdb1fed5-1a9e-421a-a613-31feebd727c5,100163340920,Reverse,100096654006,100096654006,11504,2069.52,5.0,1020.0,0.0,1020.0,return_refund,0.0,0.0,0.0,0.0,0.0,0.0,0.0,0.0,NA,0,2379.0
NFT-/XUTR/DEUTH02615538495X,0.0,48.91,48.91,3399.0,2054.0,460.507,0.0,4.8905,4.8905,prepaid,1.956,0.0,0.0,61.0,0.0,71.98,1509.776,"",'133112586704901515301,2026-06-04,11156571238,0a52c986-8246-4618-a2b4-c0aa3f304c4f,"",Forward,100101841942,100101841942,11504,1956.2,5.0,1139.0,0.0,1139.0,packet_delivered,0.0,0.0,0.0,0.0,0.0,0.0,0.0,0.0,NA,0,2260.02
NFT-/XUTR/DEUTH02615538495X,59.67,0.0,0.0,2999.0,1253.0,310.493,5.967,0.0,0.0,prepaid,1.193,0.0,0.0,45.0,0.0,53.1,882.247,"",'133080637376953549401,2026-06-04,11150210932,f970cefb-a691-4a92-ad03-337125ab0c9f,"",Forward,100095481650,1000028657670,11504,1193.33,5.0,1575.0,0.0,1575.0,packet_delivered,0.0,0.0,0.0,0.0,0.0,0.0,0.0,0.0,NA,0,1424.0
NFT-/XUTR/DEUTH02615538495X,42.62,0.0,0.0,2999.0,895.0,42.244,4.262,0.0,0.0,prepaid,0.852,182.0,0.0,0.0,0.0,214.76,-1062.402,"",'133083190440393630401,2026-06-04,11150966013,5b8bf829-f329-4949-ad29-0825e8e855f4,100163393425,Reverse,100096236729,1000028667746,11504,852.38,5.0,2010.0,0.0,2010.0,return_refund,0.0,0.0,0.0,0.0,0.0,0.0,0.0,0.0,NA,0,989.0
NFT-/XUTR/DEUTH02615538495X,48.48,0.0,0.0,1699.0,1018.0,240.248,4.848,0.0,0.0,prepaid,0.97,0.0,0.0,45.0,0.0,53.1,718.834,"",'133080465773486950103,2026-06-04,11150161145,759331a4-b858-4c92-a470-c0e873e373a3,"",Forward,100095431862,100095431862,11504,969.52,5.0,510.0,0.0,510.0,packet_delivered,0.0,0.0,0.0,0.0,0.0,0.0,0.0,0.0,NA,0,1189.0
NFT-/XUTR/DEUTH02615538495X,100.95,0.0,0.0,3499.0,2120.0,500.31999999999994,10.095,0.0,0.0,prepaid,2.019,0.0,0.0,61.0,0.0,71.98,1535.586,"",'133079591734795225801,2026-06-04,11149901900,ea858113-fab8-42df-9ead-97c1f307d593,"",Forward,100095172618,100095172618,11504,2019.05,5.0,1173.0,0.0,1173.0,packet_delivered,0.0,0.0,0.0,0.0,0.0,0.0,0.0,0.0,NA,0,2326.0
NFT-/XUTR/DEUTH02615538495X,59.67,0.0,0.0,2999.0,1153.0,285.714,5.49,0.0,0.0,prepaid,1.098,0.0,0.0,41.409,0.0,48.86262,811.835,"",'133087710280384413003,2026-06-04,11151688010,fa9dc23b-f7d1-4d12-aa24-d3d2b47eb0f8,"",Forward,100096958722,100096958722,11504,1193.33,5.0,1575.0,100.0,1675.0,packet_delivered,0.0,0.0,0.0,0.0,0.0,0.0,0.0,0.0,NA,0,1424.0
NFT-/XUTR/DEUTH02615538495X,38.33,0.0,0.0,1799.0,805.0,208.978,3.833,0.0,0.0,prepaid,0.767,182.0,0.0,0.0,0.0,214.76,-806.182,"",'133074968812603567401,2026-06-04,11149204608,7feb9261-c74c-44c7-b053-4acb3fbc8b34,100163863390,Reverse,100094475331,100094475331,11504,766.67,5.0,900.0,0.0,900.0,return_refund,0.0,0.0,0.0,0.0,0.0,0.0,0.0,0.0,NA,0,899.0
NFT-/XUTR/DEUTH02615538495X,35.1,0.0,0.0,1750.0,737.0,191.325,3.51,0.0,0.0,prepaid,0.702,0.0,0.0,27.0,0.0,31.86,509.603,"",'133061650030896398201,2026-06-04,11146098663,da83dba8-6220-43d1-a9c2-edaf54a97cba,"",Forward,100091369393,1000026988201,11504,701.9,5.0,919.0,0.0,919.0,packet_delivered,0.0,0.0,0.0,0.0,0.0,0.0,0.0,0.0,NA,0,831.0
NFT-/XUTR/DEUTH02615538495X,0.0,25.93,25.93,1799.0,1089.0,257.004,0.0,2.593,2.593,prepaid,1.037,0.0,0.0,45.0,0.0,53.1,772.673,"",'133109279992806520303,2026-06-04,11156253108,90fface4-1301-462b-895c-df24c5f654f3,"",Forward,100101523813,1000030030616,11504,1037.14,5.0,539.0,0.0,539.0,packet_delivered,0.0,0.0,0.0,0.0,0.0,0.0,0.0,0.0,NA,0,1260.0000000000002
NFT-/XUTR/DEUTH02615538495X,103.48,0.0,0.0,3399.0,2173.0,512.828,10.348,0.0,0.0,prepaid,2.07,0.0,0.0,61.0,0.0,71.98,1575.774,"",'133086484696991061003,2026-06-04,11151383291,cdb1fed5-1a9e-421a-a613-31feebd727c5,"",Forward,100096654006,100096654006,11504,2069.52,5.0,1020.0,0.0,1020.0,packet_delivered,0.0,0.0,0.0,0.0,0.0,0.0,0.0,0.0,NA,0,2379.0
NFT-/XUTR/DEUTH02615538495X,59.62,0.0,0.0,2999.0,1252.0,310.246,5.962,0.0,0.0,prepaid,1.192,0.0,0.0,45.0,0.0,53.1,881.5,"",'133096601809191653101,2026-06-04,11153749112,561b1f9b-aee7-496d-ad90-3f9bb9badc9b,"",Forward,100099019821,100099019821,11504,1192.38,5.0,1576.0,0.0,1576.0,packet_delivered,0.0,0.0,0.0,0.0,0.0,0.0,0.0,0.0,NA,0,1423.0
NFT-/XUTR/DEUTH02615538495X,48.48,0.0,0.0,1699.0,1018.0,240.248,4.848,0.0,0.0,prepaid,0.97,182.0,0.0,0.0,0.0,214.76,-986.694,"",'133082373198189901201,2026-06-04,11150698948,525f0b50-8ca8-4946-b3cf-a7379860264f,100163418540,Reverse,100095969665,1000028346900,11504,969.52,5.0,510.0,0.0,510.0,return_refund,0.0,0.0,0.0,0.0,0.0,0.0,0.0,0.0,NA,0,1189.0
NFT-/XUTR/DEUTH02615538495X,31.1,0.0,0.0,1499.0,653.0,169.519,3.11,0.0,0.0,prepaid,0.622,127.0,0.0,0.0,0.0,149.86,-629.609,"",'133100416622699842803,2026-06-04,11154595280,88ab5656-f3a4-4008-ae6d-112c91ce2693,100163515460,Reverse,100099865987,1000029552704,11504,621.9,5.0,752.0,0.0,752.0,return_refund,0.0,0.0,0.0,0.0,0.0,0.0,0.0,0.0,NA,0,747.0
NFT-/XUTR/DEUTH02615538495X,44.67,0.0,0.0,2999.0,938.0,243.505,4.467,0.0,0.0,prepaid,0.893,0.0,0.0,27.0,0.0,31.86,657.275,"",'133088057467689446603,2026-06-04,11151807643,1966d127-52fa-43fe-8f10-d93ae19541e3,"",Forward,100097078355,100097078355,11504,893.33,5.0,1890.0,0.0,1890.0,packet_delivered,0.0,0.0,0.0,0.0,0.0,0.0,0.0,0.0,NA,0,1109.0
NFT-/XUTR/DEUTH02615538495X,66.14,0.0,0.0,1999.0,1389.0,327.804,6.614,0.0,0.0,prepaid,1.323,0.0,0.0,45.0,0.0,53.1,1000.159,"",'133082459497481545201,2026-06-04,11150723401,0c81503f-a4f4-4b8c-a43b-eefbcd0b549a,"",Forward,100095994118,100095994118,11504,1322.86,5.0,439.0,0.0,439.0,packet_delivered,0.0,0.0,0.0,0.0,0.0,0.0,0.0,0.0,NA,0,1560.0
NFT-/XUTR/DEUTH02615538495X,39.62,0.0,0.0,2950.0,832.0,215.987,3.962,0.0,0.0,prepaid,0.792,182.0,0.0,0.0,0.0,214.76,-826.019,"",'133080380715295241803,2026-06-04,11150136162,fdccc406-4759-4b47-83e0-f9c1ecc0e6ab,100164822965,Reverse,100095406880,100095406880,11504,792.38,5.0,1947.0,0.0,1947.0,return_refund,0.0,0.0,0.0,0.0,0.0,0.0,0.0,0.0,NA,0,1003.0
NFT-/XUTR/DEUTH02615538495X,54.76,0.0,0.0,2999.0,1150.0,284.97,5.476,0.0,0.0,prepaid,1.095,0.0,0.0,45.0,0.0,53.1,805.359,"",'133108608860187085403,2026-06-04,11156055102,78fe0193-914c-452f-8a43-c72841fddb41,"",Forward,100101325807,1000030223905,11504,1095.24,5.0,1678.0,0.0,1678.0,packet_delivered,0.0,0.0,0.0,0.0,0.0,0.0,0.0,0.0,NA,0,1321.0
NFT-/XUTR/DEUTH02615538495X,63.24,0.0,0.0,2999.0,1319.0,326.848,6.281,0.0,0.0,prepaid,1.256,180.767,0.0,0.0,0.0,213.30506,-1197.92,"",'133009379131497959003,2026-06-04,11135056020,09188a4d-a95c-4acb-9aae-332598be7ce8,100165126497,Reverse,100080326808,1000023525374,11504,1264.76,5.0,1500.0,9.0,1509.0,return_refund,0.0,0.0,0.0,0.0,0.0,0.0,0.0,0.0,NA,0,1499.0
NFT-/XUTR/DEUTH02615538495X,63.24,0.0,0.0,2999.0,494.1,122.438,2.353,0.0,0.0,prepaid,0.471,0.0,0.0,16.743,0.0,19.75674,349.081,"",'133080805765152823403,2026-06-04,11150258620,6aa9b073-90d1-4cb3-891d-907841f02aa8,"",Forward,100095529338,100095529338,11504,1264.76,5.0,1500.0,0.0,1500.0,packet_delivered,0.0,0.0,0.0,0.0,0.0,0.0,0.0,0.0,NA,0,1499.0
NFT-/XUTR/DEUTH02615538495X,18.95,0.0,0.0,1699.0,398.0,18.786,1.895,0.0,0.0,prepaid,0.379,182.0,0.0,0.0,0.0,214.76,-591.7,"",'133080361072745679003,2026-06-04,11150130186,b42d0b0d-de17-46e9-b489-86244ac46090,11150130186,Reverse,100095400904,100095400904,11504,379.05,5.0,1207.0,0.0,1207.0,exchange,0.0,0.0,0.0,0.0,0.0,0.0,0.0,0.0,NA,0,492.0
NFT-/XUTR/DEUTH02615538495X,23.71,0.0,0.0,1599.0,498.0,23.506,2.371,0.0,0.0,prepaid,0.474,0.0,0.0,19.0,0.0,22.42,449.229,"",'133097624489538997303,2026-06-04,11153973839,cbbdc7f9-51d4-46a6-a44f-b84dfbe8ae0f,"",Forward,100099244548,1000029778942,11504,474.29,5.0,1007.0,0.0,1007.0,packet_delivered,0.0,0.0,0.0,0.0,0.0,0.0,0.0,0.0,NA,0,592.0
NFT-/XUTR/DEUTH02615538495X,66.43,0.0,0.0,3299.0,1395.0,345.681,6.643,0.0,0.0,prepaid,1.329,0.0,0.0,45.0,0.0,53.1,988.247,"",'133108608860187085403,2026-06-04,11156055104,78fe0193-914c-452f-8a43-c72841fddb41,"",Forward,100101325809,1000030223905,11504,1328.57,5.0,1733.0,0.0,1733.0,packet_delivered,0.0,0.0,0.0,0.0,0.0,0.0,0.0,0.0,NA,0,1566.0
NFT-/XUTR/DEUTH02615538495X,0.0,10.24,10.24,1650.0,430.0,20.296000000000003,0.0,1.024,1.024,prepaid,0.41,0.0,0.0,15.0,3.999,22.41882,384.827,"",'133106329442976827701,2026-06-04,11155520724,4525eff1-67a4-411b-a311-f1b151c38fbe,"",Forward,100100791430,100100791430,11504,409.52,5.0,1126.0,0.0,1126.0,packet_delivered,0.0,0.0,0.0,0.0,0.0,0.0,0.0,0.0,NA,0,524.0
NFT-/XUTR/DEUTH02615538495X,24.05,0.0,0.0,1499.0,505.0,131.098,2.405,0.0,0.0,prepaid,0.481,0.0,0.0,27.0,0.0,31.86,339.156,"",'133065006836547912403,2026-06-04,11146965518,28d7f867-e379-4249-a304-4125a25ec405,"",Forward,100092236246,1000027177523,11504,480.95,5.0,900.0,0.0,900.0,packet_delivered,0.0,0.0,0.0,0.0,0.0,0.0,0.0,0.0,NA,0,599.0
NFT-/XUTR/DEUTH02615538495X,63.19,0.0,0.0,2999.0,1327.0,328.831,6.319,0.0,0.0,prepaid,1.264,106.0,0.0,0.0,0.0,125.08,-1115.666,"",'133106395752445795301,2026-06-04,11155535866,07b94882-5c50-4f52-9007-5fa8c2392db8,100163420135,Reverse,100100806572,1000030234717,11504,1263.81,5.0,1501.0,0.0,1501.0,return_refund,0.0,0.0,0.0,0.0,0.0,0.0,0.0,0.0,NA,0,1498.0
NFT-/XUTR/DEUTH02615538495X,0.0,17.64,17.64,2799.0,741.0,34.97500000000001,0.0,1.7645,1.7645,prepaid,0.706,0.0,0.0,27.0,0.0,31.86,669.93,"",'133109245237324003903,2026-06-04,11156242890,a4a483ce-0f79-4e06-aa21-e9cf13b07408,"",Forward,100101513595,100101513595,11504,705.72,5.0,1964.0,0.0,1964.0,packet_delivered,0.0,0.0,0.0,0.0,0.0,0.0,0.0,0.0,NA,0,835.0
NFT-/XUTR/DEUTH02615538495X,35.05,0.0,0.0,1750.0,736.0,191.066,3.505,0.0,0.0,prepaid,0.701,0.0,0.0,27.0,0.0,31.86,508.868,"",'133109583453704731003,2026-06-04,11156335852,cd814e25-7b2e-45ce-af7c-f8060c7e27d9,"",Forward,100101606557,1000030044495,11504,700.95,5.0,920.0,0.0,920.0,packet_delivered,0.0,0.0,0.0,0.0,0.0,0.0,0.0,0.0,NA,0,830.0
NFT-/XUTR/DEUTH02615538495X,40.71,0.0,0.0,2299.0,855.0,221.958,4.071,0.0,0.0,prepaid,0.814,0.0,0.0,27.0,0.0,31.86,596.297,"",'133091783183402371301,2026-06-04,11153086268,bb783cbf-1020-4a94-94b7-767bd2a4162f,"",Forward,100098356977,100098356977,11504,814.29,5.0,1273.0,0.0,1273.0,packet_delivered,0.0,0.0,0.0,0.0,0.0,0.0,0.0,0.0,NA,0,1026.0
NFT-/XUTR/DEUTH02615538495X,97.81,0.0,0.0,3399.0,2054.0,484.744,9.781,0.0,0.0,prepaid,1.956,182.0,0.0,0.0,0.0,214.76,-1772.279,"",'133082377079802851603,2026-06-04,11150700092,7c47fe0b-db82-4597-9c3e-e2d09ad72d35,100163274098,Reverse,100095970809,100095970809,11504,1956.19,5.0,1139.0,0.0,1139.0,return_refund,0.0,0.0,0.0,0.0,0.0,0.0,0.0,0.0,NA,0,2260.0
NFT-/XUTR/DEUTH02615538495X,403.17,0.0,0.0,2999.0,2643.0,623.748,11.199,0.0,0.0,prepaid,2.24,0.0,0.0,61.0,0.0,71.98,1933.833,"",'133082785578076627003,2026-06-04,11150824798,b3ad495f-cea4-44d3-875d-d5a14c8294fd,"",Forward,100096095514,100096095514,11504,2239.83,18.0,150.0,0.0,150.0,packet_delivered,0.0,0.0,0.0,0.0,0.0,0.0,0.0,0.0,NA,0,2849.0
NFT-/XUTR/DEUTH02615538495X,45.62,0.0,0.0,1699.0,958.0,248.697,4.562,0.0,0.0,prepaid,0.912,182.0,0.0,0.0,0.0,214.76,-918.589,"",'133062984276908136003,2026-06-04,11146456040,a268b9ac-af68-4ad2-a6b8-b9d13a8e94f2,100166939633,Reverse,100091726769,100091726769,11504,912.38,5.0,570.0,0.0,570.0,return_refund,0.0,0.0,0.0,0.0,0.0,0.0,0.0,0.0,NA,0,1129.0
NFT-/XUTR/DEUTH02615538495X,45.52,0.0,0.0,2399.0,956.0,248.178,4.552,0.0,0.0,prepaid,0.91,182.0,0.0,0.0,0.0,214.76,-917.12,"",'133082767545130557703,2026-06-04,11150819085,ff8e5b05-0d28-4f80-8feb-2c8e36aed6f3,100163859559,Reverse,100096089801,100096089801,11504,910.48,5.0,1272.0,0.0,1272.0,return_refund,0.0,0.0,0.0,0.0,0.0,0.0,0.0,0.0,NA,0,1127.0
NFT-/XUTR/DEUTH02615538495X,446.64,0.0,0.0,3299.0,1088.694,256.932,4.613,0.0,0.0,prepaid,0.923,39.413,0.0,0.0,0.0,46.50734,-872.733,"",'133109138046855585903,2026-06-04,11156211516,6eb31cdd-ce5a-495d-8319-a76f442e0e13,11156211516,Reverse,100101482221,100101482221,11504,2481.36,18.0,165.0,0.0,165.0,exchange,0.0,0.0,0.0,0.0,0.0,0.0,0.0,0.0,NA,0,3134.0
NFT-/XUTR/DEUTH02615538495X,97.81,0.0,0.0,3399.0,2054.0,484.744,9.781,0.0,0.0,prepaid,1.956,0.0,0.0,61.0,0.0,71.98,1485.539,"",'133079719689797795903,2026-06-04,11149941788,c067a8e1-ab3d-47f1-9463-cd398bf702c0,"",Forward,100095212506,100095212506,11504,1956.19,5.0,1139.0,0.0,1139.0,packet_delivered,0.0,0.0,0.0,0.0,0.0,0.0,0.0,0.0,NA,0,2260.0
NFT-/XUTR/DEUTH02615538495X,115.29,0.0,0.0,5999.0,2421.0,599.924,11.529,0.0,0.0,prepaid,2.306,0.0,0.0,61.0,0.0,71.98,1735.261,"",'133107463180768425703,2026-06-04,11155776130,524d05bd-1b63-4011-9b9c-5f761cfaffab,"",Forward,100101046836,100101046836,11504,2305.71,5.0,3348.0,0.0,3348.0,packet_delivered,0.0,0.0,0.0,0.0,0.0,0.0,0.0,0.0,NA,0,2651.0
NFT-/XUTR/DEUTH02615538495X,63.24,0.0,0.0,2999.0,1328.0,329.078,6.324,0.0,0.0,prepaid,1.265,182.0,0.0,0.0,0.0,214.76,-1206.093,"",'133080078549688050501,2026-06-04,11150046148,5f773fb3-442f-4656-9d1e-f1e77d94d3da,100163553570,Reverse,100095316866,1000028671602,11504,1264.76,5.0,1500.0,0.0,1500.0,return_refund,0.0,0.0,0.0,0.0,0.0,0.0,0.0,0.0,NA,0,1499.0
NFT-/XUTR/DEUTH02615538495X,36.19,0.0,0.0,1799.0,760.0,197.296,3.619,0.0,0.0,prepaid,0.724,182.0,0.0,0.0,0.0,214.76,-773.121,"",'133082785137590714201,2026-06-04,11150824680,56886fb9-b8f4-49d9-b328-ca989270969e,11150824680,Reverse,100096095396,1000028384582,11504,723.81,5.0,945.0,0.0,945.0,exchange,0.0,0.0,0.0,0.0,0.0,0.0,0.0,0.0,NA,0,854.0
NFT-/XUTR/DEUTH02615538495X,23.67,0.0,0.0,1599.0,497.0,23.458,2.367,0.0,0.0,prepaid,0.473,182.0,0.0,0.0,0.0,214.76,-685.462,"",'133080621803709564903,2026-06-04,11150206552,6447b8ac-47e2-4e17-9b91-912171a59447,100163410907,Reverse,100095477270,100095477270,11504,473.33,5.0,1008.0,0.0,1008.0,return_refund,0.0,0.0,0.0,0.0,0.0,0.0,0.0,0.0,NA,0,591.0
NFT-/XUTR/DEUTH02615538495X,57.38,0.0,0.0,2899.0,1.71,0.424,0.008,0.0,0.0,prepaid,0.002,0.0,0.0,0.064,0.0,0.07552,1.2,"",'133091335145146441701,2026-06-04,11152888266,bb9e526b-f806-443e-9e4a-a4d10c9b030f,"",Forward,100098158976,100098158976,11504,1147.62,5.0,1523.0,0.0,1523.0,packet_delivered,0.0,0.0,0.0,0.0,0.0,0.0,0.0,0.0,NA,0,1376.0
NFT-/XUTR/DEUTH02615538495X,17.95,0.0,0.0,2699.0,377.0,17.793999999999997,1.795,0.0,0.0,prepaid,0.359,0.0,0.0,0.0,0.0,0.0,357.052,"",'133102971232871280001,2026-06-04,11154856123,cfd08c30-1f55-4f36-a37f-84010046db30,"",Forward,100100126830,100100126830,11504,359.05,5.0,2254.0,0.0,2254.0,packet_delivered,0.0,0.0,0.0,0.0,0.0,0.0,0.0,0.0,NA,0,445.0
NFT-/XUTR/DEUTH02615538495X,33.52,0.0,0.0,1699.0,704.0,182.758,3.352,0.0,0.0,prepaid,0.67,0.0,0.0,27.0,0.0,31.86,485.36,"",'133080129172889184203,2026-06-04,11150061017,8397b9fe-00fa-4e96-9a90-eab91d0b4cc9,"",Forward,100095331735,100095331735,11504,670.48,5.0,901.0,0.0,901.0,packet_delivered,0.0,0.0,0.0,0.0,0.0,0.0,0.0,0.0,NA,0,798.0
NFT-/XUTR/DEUTH02615538495X,59.05,0.0,0.0,2999.0,1240.0,307.272,5.905,0.0,0.0,prepaid,1.181,0.0,0.0,45.0,0.0,53.1,872.542,"",'133079156503372539901,2026-06-04,11149760364,9d41439c-ed19-44ae-a5c4-de38a5e74390,"",Forward,100095031082,100095031082,11504,1180.95,5.0,1588.0,0.0,1588.0,packet_delivered,0.0,0.0,0.0,0.0,0.0,0.0,0.0,0.0,NA,0,1411.0
NFT-/XUTR/DEUTH02615538495X,43.05,0.0,0.0,2699.0,626.93,162.751,2.985,0.0,0.0,prepaid,0.597,0.0,0.0,18.725,5.392,28.45806,432.139,"",'133072766044458577703,2026-06-04,11148549099,1663d0da-f1d1-4841-89bc-511ec008c180,"",Forward,100093819825,100093819825,11504,860.95,5.0,1701.0,0.0,1701.0,packet_delivered,0.0,0.0,0.0,0.0,0.0,0.0,0.0,0.0,NA,0,998.0
NFT-/XUTR/DEUTH02615538495X,23.0,0.0,0.0,1399.0,483.0,22.798,2.3,0.0,0.0,prepaid,0.46,0.0,0.0,19.0,0.0,22.42,435.022,"",'133096187183531337403,2026-06-04,11153653940,c5b26e5f-a633-4fbd-aa06-c2bbc7cfc492,"",Forward,100098924649,100098924649,11504,460,5.0,822.0,0.0,822.0,packet_delivered,0.0,0.0,0.0,0.0,0.0,0.0,0.0,0.0,NA,0,577.0
NFT-/XUTR/DEUTH02615538495X,59.67,0.0,0.0,2999.0,423.113,104.847,2.015,0.0,0.0,prepaid,0.403,61.458,0.0,0.0,0.0,72.52044,-388.368,"",'133086856843530525201,2026-06-04,11151451730,1baf9429-08de-4fde-9092-a62fd6cef6d1,100163462722,Reverse,100096722445,100096722445,11504,1193.33,5.0,1575.0,0.0,1575.0,return_refund,0.0,0.0,0.0,0.0,0.0,0.0,0.0,0.0,NA,0,1424.0
NFT-/XUTR/DEUTH02615538495X,90.14,0.0,0.0,2999.0,1893.0,469.085,9.014,0.0,0.0,prepaid,1.803,106.0,0.0,0.0,0.0,125.08,-1538.178,"",'133111994953622101801,2026-06-04,11156494744,c2f1d2ac-fab3-4523-ae45-11b2c987be22,100166206260,Reverse,100101765448,100101765448,11504,1802.86,5.0,900.0,0.0,900.0,return_refund,0.0,0.0,0.0,0.0,0.0,0.0,0.0,0.0,NA,0,2099.0
NFT-/XUTR/DEUTH02615538495X,64.1,0.0,0.0,3399.0,1346.0,333.539,6.41,0.0,0.0,prepaid,1.282,0.0,0.0,45.0,0.0,53.1,951.669,"",'133086884898192015801,2026-06-04,11151457727,9d5ee440-8a3a-4874-8fd5-32dd87603115,"",Forward,100096728442,100096728442,11504,1281.9,5.0,1882.0,0.0,1882.0,packet_delivered,0.0,0.0,0.0,0.0,0.0,0.0,0.0,0.0,NA,0,1517.0
NFT-/XUTR/DEUTH02615538495X,35.1,0.0,0.0,1750.0,737.0,191.325,3.51,0.0,0.0,prepaid,0.702,182.0,0.0,0.0,0.0,214.76,-756.223,"",'133061650030896398201,2026-06-04,11146098663,da83dba8-6220-43d1-a9c2-edaf54a97cba,100163348894,Reverse,100091369393,1000026988201,11504,701.9,5.0,919.0,0.0,919.0,return_refund,0.0,0.0,0.0,0.0,0.0,0.0,0.0,0.0,NA,0,831.0
NFT-/XUTR/DEUTH02615538495X,38.33,0.0,0.0,1799.0,805.0,208.978,3.833,0.0,0.0,prepaid,0.767,0.0,0.0,27.0,0.0,31.86,559.562,"",'133087678415817542601,2026-06-04,11151677383,d67a869a-e156-4d5e-afee-f92ecab2ff2a,"",Forward,100096948095,100096948095,11504,766.67,5.0,900.0,0.0,900.0,packet_delivered,0.0,0.0,0.0,0.0,0.0,0.0,0.0,0.0,NA,0,899.0
NFT-/XUTR/DEUTH02615538495X,24.81,0.0,0.0,2199.0,521.0,24.591000000000005,2.481,0.0,0.0,prepaid,0.496,0.0,0.0,24.0,0.0,28.32,465.112,"",'133106833484207252903,2026-06-04,11155633250,d6798f76-39f0-4e5a-96f4-370692b537c0,"",Forward,100100903956,100100903956,11504,496.19,5.0,1584.0,0.0,1584.0,packet_delivered,0.0,0.0,0.0,0.0,0.0,0.0,0.0,0.0,NA,0,615.0
NFT-/XUTR/DEUTH02615538495X,77.52,0.0,0.0,1799.0,1628.0,384.208,7.752,0.0,0.0,prepaid,1.55,0.0,0.0,45.0,0.0,53.1,1181.39,"",'133087881688488868003,2026-06-04,11151744902,4dda18c0-0836-40ef-a446-a4f35ce27db7,"",Forward,100097015614,100097015614,11504,1550.48,5.0,0.0,0.0,0.0,packet_delivered,0.0,0.0,0.0,0.0,0.0,0.0,0.0,0.0,NA,0,1799.0
NFT-/XUTR/DEUTH02615538495X,37.19,0.0,0.0,1750.0,781.0,202.748,3.719,0.0,0.0,prepaid,0.744,127.0,0.0,0.0,0.0,149.86,-723.649,"",'133082420961153153603,2026-06-04,11150712599,f6a7dff4-de46-45e2-8810-beef10b96165,100164398368,Reverse,100095983316,100095983316,11504,743.81,5.0,875.0,0.0,875.0,return_refund,0.0,0.0,0.0,0.0,0.0,0.0,0.0,0.0,NA,0,875.0
NFT-/XUTR/DEUTH02615538495X,70.1,0.0,0.0,1999.0,1472.0,347.392,7.01,0.0,0.0,prepaid,1.402,0.0,0.0,45.0,0.0,53.1,1063.096,"",'133090356604766737601,2026-06-04,11152551718,19725ca4-3a99-4e1a-9c4e-353f2ab1459a,"",Forward,100097822428,100097822428,11504,1401.9,5.0,356.0,0.0,356.0,packet_delivered,0.0,0.0,0.0,0.0,0.0,0.0,0.0,0.0,NA,0,1643.0
NFT-/XUTR/DEUTH02615538495X,37.19,0.0,0.0,1750.0,781.0,202.748,3.719,0.0,0.0,prepaid,0.744,0.0,0.0,27.0,0.0,31.86,541.929,"",'133082420961153153603,2026-06-04,11150712599,f6a7dff4-de46-45e2-8810-beef10b96165,"",Forward,100095983316,100095983316,11504,743.81,5.0,875.0,0.0,875.0,packet_delivered,0.0,0.0,0.0,0.0,0.0,0.0,0.0,0.0,NA,0,875.0
NFT-/XUTR/DEUTH02615538495X,31.19,0.0,0.0,1499.0,655.0,170.038,3.119,0.0,0.0,prepaid,0.624,182.0,0.0,0.0,0.0,214.76,-695.979,"",'133086305688580930801,2026-06-04,11151356386,e81e4334-f9a8-4349-b2d3-d0cfcc6e41cc,11151356386,Reverse,100096627101,100096627101,11504,623.81,5.0,750.0,0.0,750.0,exchange,0.0,0.0,0.0,0.0,0.0,0.0,0.0,0.0,NA,0,749.0
NFT-/XUTR/DEUTH02615538495X,66.43,0.0,0.0,3299.0,1395.0,345.681,6.643,0.0,0.0,prepaid,1.329,182.0,0.0,0.0,0.0,214.76,-1256.107,"",'133071167780529847703,2026-06-04,11148134584,7c6bdd26-f10d-4568-81f3-f20782698298,100163946534,Reverse,100093405312,100093405312,11504,1328.57,5.0,1733.0,0.0,1733.0,return_refund,0.0,0.0,0.0,0.0,0.0,0.0,0.0,0.0,NA,0,1566.0
NFT-/XUTR/DEUTH02615538495X,35.95,0.0,0.0,1699.0,755.0,195.998,3.595,0.0,0.0,prepaid,0.719,182.0,0.0,0.0,0.0,214.76,-769.448,"",'133080915329337090001,2026-06-04,11150289015,be4eb9a4-44e0-4203-9565-618da3cc8448,100163477407,Reverse,100095559733,100095559733,11504,719.05,5.0,850.0,0.0,850.0,return_refund,0.0,0.0,0.0,0.0,0.0,0.0,0.0,0.0,NA,0,849.0
NFT-/XUTR/DEUTH02615538495X,35.76,0.0,0.0,1799.0,585.64,152.032,2.789,0.0,0.0,prepaid,0.558,0.0,0.0,21.055,0.0,24.8449,405.416,"",'133079588638923636601,2026-06-04,11149900982,b4c3b890-558b-408d-bf97-e4425d5164da,"",Forward,100095171700,100095171700,11504,715.24,5.0,954.0,0.0,954.0,packet_delivered,0.0,0.0,0.0,0.0,0.0,0.0,0.0,0.0,NA,0,845.0
NFT-/XUTR/DEUTH02615538495X,45.62,0.0,0.0,1699.0,958.0,248.697,4.562,0.0,0.0,prepaid,0.912,182.0,0.0,0.0,0.0,214.76,-918.589,"",'133074364502522587103,2026-06-04,11149014808,3faf8db1-c9f7-4382-8c76-c7dc6e0b857c,100164092082,Reverse,100094285533,100094285533,11504,912.38,5.0,570.0,0.0,570.0,return_refund,0.0,0.0,0.0,0.0,0.0,0.0,0.0,0.0,NA,0,1129.0
NFT-/XUTR/DEUTH02615538495X,68.0,0.0,0.0,1599.0,1428.0,337.008,6.8,0.0,0.0,prepaid,1.36,0.0,0.0,45.0,0.0,53.1,1029.732,"",'133088549429510886103,2026-06-04,11151975823,af4642b8-a57b-4f43-884a-d74941a6b166,"",Forward,100097246535,100097246535,11504,1360,5.0,0.0,0.0,0.0,packet_delivered,0.0,0.0,0.0,0.0,0.0,0.0,0.0,0.0,NA,0,1599.0
NFT-/XUTR/DEUTH02615538495X,64.62,0.0,0.0,2299.0,1357.0,320.252,6.462,0.0,0.0,prepaid,1.292,0.0,0.0,45.0,0.0,53.1,975.894,"",'133061650030896398201,2026-06-04,11146098660,da83dba8-6220-43d1-a9c2-edaf54a97cba,"",Forward,100091369390,1000026988201,11504,1292.38,5.0,771.0,0.0,771.0,packet_delivered,0.0,0.0,0.0,0.0,0.0,0.0,0.0,0.0,NA,0,1528.0
NFT-/XUTR/DEUTH02615538495X,63.24,0.0,0.0,2999.0,1328.0,329.078,6.324,0.0,0.0,prepaid,1.265,182.0,0.0,0.0,0.0,214.76,-1206.093,"",'133083597625938121101,2026-06-04,11151107863,aa0c0911-a430-42c6-b831-ec757ce05986,100163572178,Reverse,100096378578,100096378578,11504,1264.76,5.0,1500.0,0.0,1500.0,return_refund,0.0,0.0,0.0,0.0,0.0,0.0,0.0,0.0,NA,0,1499.0
NFT-/XUTR/DEUTH02615538495X,63.24,0.0,0.0,2999.0,1328.0,329.078,6.324,0.0,0.0,prepaid,1.265,127.0,0.0,0.0,0.0,149.86,-1141.193,"",'133103728316199937603,2026-06-04,11154921450,429a2870-aa82-4d54-8c66-7ebcd09ce05b,100166705682,Reverse,100100192157,1000029776893,11504,1264.76,5.0,1500.0,0.0,1500.0,return_refund,0.0,0.0,0.0,0.0,0.0,0.0,0.0,0.0,NA,0,1499.0
NFT-/XUTR/DEUTH02615538495X,87.05,0.0,0.0,1999.0,1828.0,431.408,8.705,0.0,0.0,prepaid,1.741,0.0,0.0,45.0,0.0,53.1,1333.046,"",'133061650030896398201,2026-06-04,11146098658,da83dba8-6220-43d1-a9c2-edaf54a97cba,"",Forward,100091369388,1000026988201,11504,1740.95,5.0,0.0,0.0,0.0,packet_delivered,0.0,0.0,0.0,0.0,0.0,0.0,0.0,0.0,NA,0,1999.0
NFT-/XUTR/DEUTH02615538495X,65.29,0.0,0.0,3499.0,1003.83,248.749,4.78,0.0,0.0,prepaid,0.956,0.0,0.0,32.948,0.0,38.87864,710.466,"",'133103799586891125301,2026-06-04,11154931487,f5361701-04bc-40bd-aea7-f943a8c3692b,"",Forward,100100202194,100100202194,11504,1305.71,5.0,1957.0,0.0,1957.0,packet_delivered,0.0,0.0,0.0,0.0,0.0,0.0,0.0,0.0,NA,0,1542.0
NFT-/XUTR/DEUTH02615538495X,59.71,0.0,0.0,2999.0,1254.0,310.741,5.971,0.0,0.0,prepaid,1.194,0.0,0.0,45.0,0.0,53.1,882.994,"",'133094869693000434101,2026-06-04,11153444855,d9e86a25-948e-429b-9e02-19d4f1818b2c,"",Forward,100098715564,1000029315098,11504,1194.29,5.0,1574.0,0.0,1574.0,packet_delivered,0.0,0.0,0.0,0.0,0.0,0.0,0.0,0.0,NA,0,1425.0
NFT-/XUTR/DEUTH02615538495X,28.05,0.0,0.0,1599.0,531.001,137.848,2.529,0.0,0.0,prepaid,0.506,164.078,0.0,0.0,0.0,193.61204,-583.73,"",'133083568897498803003,2026-06-04,11151097120,883e0c89-f254-4ee5-9176-9df49d6e0528,100163481966,Reverse,100096367835,1000028440458,11504,560.95,5.0,916.0,58.0,974.0,return_refund,0.0,0.0,0.0,0.0,0.0,0.0,0.0,0.0,NA,0,683.0
NFT-/XUTR/DEUTH02615538495X,23.91,0.0,0.0,1699.0,502.0,130.319,2.39,0.0,0.0,prepaid,0.478,182.0,0.0,0.0,0.0,214.76,-583.573,"",'133082711539132350903,2026-06-04,11150800839,843a7046-e2e9-403e-849b-02bbfe090865,100163520073,Reverse,100096071555,1000028384650,11504,478.1,5.0,1103.0,0.0,1103.0,return_refund,0.0,0.0,0.0,0.0,0.0,0.0,0.0,0.0,NA,0,596.01
NFT-/XUTR/DEUTH02615538495X,36.19,0.0,0.0,1799.0,760.0,197.296,3.619,0.0,0.0,prepaid,0.724,0.0,0.0,27.0,0.0,31.86,526.501,"",'133061650030896398201,2026-06-04,11146098662,da83dba8-6220-43d1-a9c2-edaf54a97cba,"",Forward,100091369392,1000026988201,11504,723.81,5.0,945.0,0.0,945.0,packet_delivered,0.0,0.0,0.0,0.0,0.0,0.0,0.0,0.0,NA,0,854.0
NFT-/XUTR/DEUTH02615538495X,38.33,0.0,0.0,2999.0,805.0,208.978,3.833,0.0,0.0,prepaid,0.767,0.0,0.0,27.0,0.0,31.86,559.562,"",'133087153022079613903,2026-06-04,11151520851,ea57f3dc-5b2c-4e1a-a4cf-678c090acdc3,"",Forward,100096791565,1000028679924,11504,766.67,5.0,2100.0,0.0,2100.0,packet_delivered,0.0,0.0,0.0,0.0,0.0,0.0,0.0,0.0,NA,0,899.0
NFT-/XUTR/DEUTH02615538495X,35.52,0.0,0.0,2799.0,746.0,35.211,3.552,0.0,0.0,prepaid,0.71,0.0,0.0,27.0,0.0,31.86,674.667,"",'133095855940693709903,2026-06-04,11153586857,01e6ebf4-1c7f-4d8a-87a3-4dce418ad135,"",Forward,100098857566,1000029313456,11504,710.48,5.0,1959.0,0.0,1959.0,packet_delivered,0.0,0.0,0.0,0.0,0.0,0.0,0.0,0.0,NA,0,840.0
NFT-/XUTR/DEUTH02615538495X,19.05,0.0,0.0,1699.0,400.0,18.88,1.905,0.0,0.0,prepaid,0.381,127.0,0.0,0.0,0.0,149.86,-528.694,"",'133100416622699842803,2026-06-04,11154595278,88ab5656-f3a4-4008-ae6d-112c91ce2693,100163515660,Reverse,100099865985,1000029552704,11504,380.95,5.0,1205.0,0.0,1205.0,return_refund,0.0,0.0,0.0,0.0,0.0,0.0,0.0,0.0,NA,0,494.0
NFT-/XUTR/DEUTH02615538495X,59.67,0.0,0.0,2999.0,1253.0,310.493,5.967,0.0,0.0,prepaid,1.193,0.0,0.0,45.0,0.0,53.1,882.247,"",'133078249502541074403,2026-06-04,11149525897,6985069f-5fab-42c7-88f5-25483bc9a156,"",Forward,100094796619,1000028125847,11504,1193.33,5.0,1575.0,0.0,1575.0,packet_delivered,0.0,0.0,0.0,0.0,0.0,0.0,0.0,0.0,NA,0,1424.0
NFT-/XUTR/DEUTH02615538495X,23.67,0.0,0.0,1599.0,497.0,23.458,2.367,0.0,0.0,prepaid,0.473,0.0,0.0,27.0,0.0,31.86,438.842,"",'133080621803709564903,2026-06-04,11150206552,6447b8ac-47e2-4e17-9b91-912171a59447,"",Forward,100095477270,100095477270,11504,473.33,5.0,1008.0,0.0,1008.0,packet_delivered,0.0,0.0,0.0,0.0,0.0,0.0,0.0,0.0,NA,0,591.0
NFT-/XUTR/DEUTH02615538495X,31.19,0.0,0.0,1499.0,655.0,170.038,3.119,0.0,0.0,prepaid,0.624,0.0,0.0,27.0,0.0,31.86,449.359,"",'133086305688580930801,2026-06-04,11151356386,e81e4334-f9a8-4349-b2d3-d0cfcc6e41cc,"",Forward,100096627101,100096627101,11504,623.81,5.0,750.0,0.0,750.0,packet_delivered,0.0,0.0,0.0,0.0,0.0,0.0,0.0,0.0,NA,0,749.0
NFT-/XUTR/DEUTH02615538495X,68.67,0.0,0.0,3399.0,1442.0,357.328,6.867,0.0,0.0,prepaid,1.373,106.0,0.0,0.0,0.0,125.08,-1201.512,"",'133106600979766252401,2026-06-04,11155579968,bd2fd41b-2051-46d7-810c-5d2ef23a3d45,100163582003,Reverse,100100850675,1000030248459,11504,1373.33,5.0,1786.0,0.0,1786.0,return_refund,0.0,0.0,0.0,0.0,0.0,0.0,0.0,0.0,NA,0,1613.0
NFT-/XUTR/DEUTH02615538495X,63.24,0.0,0.0,2999.0,1328.0,329.078,6.324,0.0,0.0,prepaid,1.265,0.0,0.0,45.0,0.0,53.1,938.233,"",'133083190440393630401,2026-06-04,11150966015,5b8bf829-f329-4949-ad29-0825e8e855f4,"",Forward,100096236731,1000028667746,11504,1264.76,5.0,1500.0,0.0,1500.0,packet_delivered,0.0,0.0,0.0,0.0,0.0,0.0,0.0,0.0,NA,0,1499.0
NFT-/XUTR/DEUTH02615538495X,59.67,0.0,0.0,2999.0,423.113,104.847,2.015,0.0,0.0,prepaid,0.403,0.0,0.0,15.196,0.0,17.93128,297.917,"",'133086856843530525201,2026-06-04,11151451730,1baf9429-08de-4fde-9092-a62fd6cef6d1,"",Forward,100096722445,100096722445,11504,1193.33,5.0,1575.0,0.0,1575.0,packet_delivered,0.0,0.0,0.0,0.0,0.0,0.0,0.0,0.0,NA,0,1424.0
NFT-/XUTR/DEUTH02615538495X,32.95,0.0,0.0,3450.0,692.0,32.662,3.295,0.0,0.0,prepaid,0.659,0.0,0.0,27.0,6.366,39.37188,616.012,"",'133096956167328881303,2026-06-04,11153828942,be6e9439-aa51-4e79-9325-a49451f1d34d,"",Forward,100099099651,1000029774929,11504,659.05,5.0,2664.0,0.0,2664.0,packet_delivered,0.0,0.0,0.0,0.0,0.0,0.0,0.0,0.0,NA,0,786.0
NFT-/XUTR/DEUTH02615538495X,63.24,0.0,0.0,2999.0,1328.0,329.078,6.324,0.0,0.0,prepaid,1.265,0.0,0.0,45.0,0.0,53.1,938.233,"",'133087595028430690301,2026-06-04,11151649409,98ccfe88-368f-4730-b2c4-34bd8e0dcc56,"",Forward,100096920121,100096920121,11504,1264.76,5.0,1500.0,0.0,1500.0,packet_delivered,0.0,0.0,0.0,0.0,0.0,0.0,0.0,0.0,NA,0,1499.0
NFT-/XUTR/DEUTH02615538495X,33.33,0.0,0.0,2399.0,700.0,33.04,3.333,0.0,0.0,prepaid,0.667,0.0,0.0,27.0,0.0,31.86,631.1,"",'133095855940693709903,2026-06-04,11153586855,01e6ebf4-1c7f-4d8a-87a3-4dce418ad135,"",Forward,100098857564,1000029313456,11504,666.67,5.0,1605.0,0.0,1605.0,packet_delivered,0.0,0.0,0.0,0.0,0.0,0.0,0.0,0.0,NA,0,794.0
NFT-/XUTR/DEUTH02615538495X,74.14,0.0,0.0,2599.0,1557.0,367.452,7.414,0.0,0.0,prepaid,1.483,0.0,0.0,45.0,0.0,53.1,1127.551,"",'133079893691546118701,2026-06-04,11149992546,74758b2f-19fd-4b0f-93e8-9b0d68892200,"",Forward,100095263264,100095263264,11504,1482.86,5.0,871.0,0.0,871.0,packet_delivered,0.0,0.0,0.0,0.0,0.0,0.0,0.0,0.0,NA,0,1728.0
NFT-/XUTR/DEUTH02615538495X,0.0,9.48,9.48,1699.0,398.0,18.786,0.0,0.9475,0.9475,prepaid,0.379,0.0,0.0,0.0,0.0,0.0,376.94,"",'133091864050878917501,2026-06-04,11153124913,e2446fe1-8023-4f4c-9901-7982baab7724,"",Forward,100098395622,100098395622,11504,379.04,5.0,1207.0,0.0,1207.0,packet_delivered,0.0,0.0,0.0,0.0,0.0,0.0,0.0,0.0,NA,0,492.00000000000006
NFT-/XUTR/DEUTH02615538495X,50.38,0.0,0.0,3499.0,1058.0,262.172,5.038,0.0,0.0,prepaid,1.008,0.0,0.0,45.0,7.3,61.714,728.068,"",'133061336487418873803,2026-06-04,11146018481,7bbefc84-7547-41d5-8ec0-3a04fc77ebb1,"",Forward,100091289211,100091289211,11504,1007.62,5.0,2270.0,0.0,2270.0,packet_delivered,0.0,0.0,0.0,0.0,0.0,0.0,0.0,0.0,NA,0,1229.0
NFT-/XUTR/DEUTH02615538495X,104.43,0.0,0.0,2399.0,2193.0,491.671,10.443,0.0,0.0,prepaid,2.089,182.0,0.0,0.0,0.0,214.76,-1903.557,"",'133061650030896398201,2026-06-04,11146098678,da83dba8-6220-43d1-a9c2-edaf54a97cba,100163347968,Reverse,100091369408,1000026988201,11504,2088.57,5.0,0.0,0.0,0.0,return_refund,0.0,0.0,0.0,0.0,0.0,0.0,0.0,0.0,NA,0,2399.0
NFT-/XUTR/DEUTH02615538495X,63.29,0.0,0.0,2999.0,1329.0,329.326,6.329,0.0,0.0,prepaid,1.266,0.0,0.0,45.0,0.0,53.1,938.979,"",'133108185446648686201,2026-06-04,11155945961,e1cca679-1368-4574-b770-b4da4aef72b8,"",Forward,100101216667,100101216667,11504,1265.71,5.0,1499.0,0.0,1499.0,packet_delivered,0.0,0.0,0.0,0.0,0.0,0.0,0.0,0.0,NA,0,1500.0
NFT-/XUTR/DEUTH02615538495X,63.24,0.0,0.0,2999.0,1328.0,329.078,6.324,0.0,0.0,prepaid,1.265,0.0,0.0,45.0,0.0,53.1,938.233,"",'133081781959320537801,2026-06-04,11150535673,81ff88e8-db73-4ec0-8ce6-8f74772d80f8,"",Forward,100095806390,100095806390,11504,1264.76,5.0,1500.0,0.0,1500.0,packet_delivered,0.0,0.0,0.0,0.0,0.0,0.0,0.0,0.0,NA,0,1499.0
NFT-/XUTR/DEUTH02615538495X,19.1,0.0,0.0,1599.0,401.0,18.927,1.91,0.0,0.0,prepaid,0.382,0.0,0.0,15.0,0.0,17.7,362.081,"",'133083239787740501803,2026-06-04,11150983654,09bd3be0-39c2-4958-9ebb-0a5a388d4bd4,"",Forward,100096254370,100096254370,11504,381.9,5.0,1104.0,0.0,1104.0,packet_delivered,0.0,0.0,0.0,0.0,0.0,0.0,0.0,0.0,NA,0,495.0
NFT-/XUTR/DEUTH02615538495X,94.62,0.0,0.0,3299.0,1987.0,492.379,9.462,0.0,0.0,prepaid,1.892,0.0,0.0,45.0,0.0,53.1,1430.167,"",'133088052359946763703,2026-06-04,11151805893,3feacc56-db80-443a-a970-574e402948ef,"",Forward,100097076605,100097076605,11504,1892.38,5.0,1106.0,0.0,1106.0,packet_delivered,0.0,0.0,0.0,0.0,0.0,0.0,0.0,0.0,NA,0,2193.0
NFT-/XUTR/DEUTH02615538495X,51.71,0.0,0.0,3399.0,30.09,7.456,0.143,0.0,0.0,prepaid,0.029,0.0,0.0,1.247,0.0,1.47146,20.991,"",'133091636939585362503,2026-06-04,11153016655,27fba5a7-b094-42f3-b5c8-c524cfff2e9a,"",Forward,100098287364,100098287364,11504,1034.29,5.0,2142.0,108.0,2250.0,packet_delivered,0.0,0.0,0.0,0.0,0.0,0.0,0.0,0.0,NA,0,1257.0
NFT-/XUTR/DEUTH02615538495X,34.52,0.0,0.0,2999.0,725.0,34.22,3.452,0.0,0.0,prepaid,0.69,0.0,0.0,27.0,3.045,35.4531,651.185,"",'133106600979766252401,2026-06-04,11155579967,bd2fd41b-2051-46d7-810c-5d2ef23a3d45,"",Forward,100100850673,1000030248459,11504,690.48,5.0,2180.0,0.0,2180.0,packet_delivered,0.0,0.0,0.0,0.0,0.0,0.0,0.0,0.0,NA,0,819.0
NFT-/XUTR/DEUTH02615538495X,72.76,0.0,0.0,1699.0,1528.0,360.608,7.276,0.0,0.0,prepaid,1.455,0.0,0.0,45.0,0.0,53.1,1105.561,"",'133112835231514843903,2026-06-04,11156614934,dd31d394-0dd2-42e1-b93c-c8aaaa6e95ba,"",Forward,100101885637,100101885637,11504,1455.24,5.0,0.0,0.0,0.0,packet_delivered,0.0,0.0,0.0,0.0,0.0,0.0,0.0,0.0,NA,0,1699.0
NFT-/XUTR/DEUTH02615538495X,68.71,0.0,0.0,3399.0,1443.0,357.575,6.871,0.0,0.0,prepaid,1.374,182.0,0.0,0.0,0.0,214.76,-1291.94,"",'133079991989562344001,2026-06-04,11150020954,e6ec4124-220d-4e50-a66c-f20cec1c900a,100163593944,Reverse,100095291672,100095291672,11504,1374.29,5.0,1785.0,0.0,1785.0,return_refund,0.0,0.0,0.0,0.0,0.0,0.0,0.0,0.0,NA,0,1614.0
NFT-/XUTR/DEUTH02615538495X,0.0,31.5,31.5,2299.0,1323.0,312.228,0.0,3.15,3.15,prepaid,1.26,106.0,0.0,0.0,0.0,125.08,-1128.292,"",'133113874839945647101,2026-06-04,11156904525,afce37eb-303a-4ee3-a91d-48355cd005bf,100164388909,Reverse,100102175228,1000030267771,11504,1260,5.0,805.0,0.0,805.0,return_refund,0.0,0.0,0.0,0.0,0.0,0.0,0.0,0.0,NA,0,1494.0
NFT-/XUTR/DEUTH02615538495X,31.29,0.0,0.0,1599.0,657.0,170.557,3.129,0.0,0.0,prepaid,0.626,0.0,0.0,27.0,0.0,31.86,450.828,"",'133062352901796057401,2026-06-04,11146292212,947c3718-622a-4a7b-853b-dc439ca534df,"",Forward,100091562942,100091562942,11504,625.71,5.0,848.0,0.0,848.0,packet_delivered,0.0,0.0,0.0,0.0,0.0,0.0,0.0,0.0,NA,0,751.0
NFT-/XUTR/DEUTH02615538495X,87.1,0.0,0.0,2899.0,1829.0,453.226,8.71,0.0,0.0,prepaid,1.742,0.0,0.0,45.0,0.0,53.1,1312.222,"",'133113908777533503803,2026-06-04,11156913553,5584528b-0efa-4aec-9db3-82b46f4a6c48,"",Forward,100102184256,100102184256,11504,1741.9,5.0,864.0,0.0,864.0,packet_delivered,0.0,0.0,0.0,0.0,0.0,0.0,0.0,0.0,NA,0,2035.0
NFT-/XUTR/DEUTH02615538495X,70.38,0.0,0.0,3299.0,1478.0,366.248,7.038,0.0,0.0,prepaid,1.408,127.0,0.0,0.0,0.0,149.86,-1253.166,"",'133103728316199937603,2026-06-04,11154921449,429a2870-aa82-4d54-8c66-7ebcd09ce05b,100166705943,Reverse,100100192156,1000029776893,11504,1407.62,5.0,1650.0,0.0,1650.0,return_refund,0.0,0.0,0.0,0.0,0.0,0.0,0.0,0.0,NA,0,1649.0
NFT-/XUTR/DEUTH02615538495X,43.24,0.0,0.0,1599.0,907.9999999999999,235.717,4.324,0.0,0.0,prepaid,0.865,106.0,0.0,0.0,0.0,125.08,-792.174,"",'133109583453704731003,2026-06-04,11156335855,cd814e25-7b2e-45ce-af7c-f8060c7e27d9,100165673506,Reverse,100101606560,1000030044495,11504,864.76,5.0,520.0,0.0,520.0,return_refund,0.0,0.0,0.0,0.0,0.0,0.0,0.0,0.0,NA,0,1079.0
NFT-/XUTR/DEUTH02615538495X,43.1,0.0,0.0,1999.0,905.0,234.938,4.31,0.0,0.0,prepaid,0.862,0.0,0.0,27.0,0.0,31.86,633.03,"",'133087355599094729003,2026-06-04,11151576512,4d56e135-ac4c-45bb-8549-cf0c0c50634a,"",Forward,100096847226,100096847226,11504,861.9,5.0,1000.0,0.0,1000.0,packet_delivered,0.0,0.0,0.0,0.0,0.0,0.0,0.0,0.0,NA,0,999.0
NFT-/XUTR/DEUTH02615538495X,39.62,0.0,0.0,1999.0,832.0,215.987,3.962,0.0,0.0,prepaid,0.792,0.0,0.0,27.0,0.0,31.86,579.399,"",'133092216139568286003,2026-06-04,11153272379,5f0c18a5-7cac-462c-9ef2-c5ffdb8f0028,"",Forward,100098543088,100098543088,11504,792.38,5.0,1073.0,0.0,1073.0,packet_delivered,0.0,0.0,0.0,0.0,0.0,0.0,0.0,0.0,NA,0,926.0
NFT-/XUTR/DEUTH02615538495X,59.62,0.0,0.0,2999.0,1252.0,310.246,5.962,0.0,0.0,prepaid,1.192,106.0,0.0,0.0,0.0,125.08,-1059.68,"",'133113217892847809903,2026-06-04,11156692348,d168cb35-d6cc-48af-910c-952a8b7a99e1,100163407441,Reverse,100101963050,100101963050,11504,1192.38,5.0,1576.0,0.0,1576.0,return_refund,0.0,0.0,0.0,0.0,0.0,0.0,0.0,0.0,NA,0,1423.0
NFT-/XUTR/DEUTH02615538495X,70.38,0.0,0.0,3299.0,1478.0,366.248,7.038,0.0,0.0,prepaid,1.408,0.0,0.0,45.0,0.0,53.1,1050.206,"",'133108280610532770603,2026-06-04,11155969959,6d75da46-2e43-483c-9827-0447c0176f05,"",Forward,100101240665,100101240665,11504,1407.62,5.0,1650.0,0.0,1650.0,packet_delivered,0.0,0.0,0.0,0.0,0.0,0.0,0.0,0.0,NA,0,1649.0
NFT-/XUTR/DEUTH02615538495X,42.81,0.0,0.0,2399.0,899.0,233.38,4.281,0.0,0.0,prepaid,0.856,0.0,0.0,27.0,0.0,31.86,628.623,"",'133087366638320249003,2026-06-04,11151579707,016172d5-4c04-4824-a0bb-b63e62f16480,"",Forward,100096850421,100096850421,11504,856.19,5.0,1329.0,0.0,1329.0,packet_delivered,0.0,0.0,0.0,0.0,0.0,0.0,0.0,0.0,NA,0,1070.0
NFT-/XUTR/DEUTH02615538495X,0.0,29.81,29.81,2999.0,1252.0,310.246,0.0,2.981,2.981,prepaid,1.192,106.0,0.0,0.0,0.0,125.08,-1059.68,"",'133108244866318592601,2026-06-04,11155961022,45a8303d-47f8-401f-99a2-84a8f090e34b,100163418409,Reverse,100101231728,100101231728,11504,1192.38,5.0,1576.0,0.0,1576.0,return_refund,0.0,0.0,0.0,0.0,0.0,0.0,0.0,0.0,NA,0,1423.0
NFT-/XUTR/DEUTH02615538495X,66.43,0.0,0.0,3299.0,1395.0,345.681,6.643,0.0,0.0,prepaid,1.329,0.0,0.0,45.0,0.0,53.1,988.247,"",'133080036161245038401,2026-06-04,11150033705,e981ba0f-709c-41b5-abd2-1dda7e96bee2,"",Forward,100095304423,100095304423,11504,1328.57,5.0,1733.0,0.0,1733.0,packet_delivered,0.0,0.0,0.0,0.0,0.0,0.0,0.0,0.0,NA,0,1566.0
NFT-/XUTR/DEUTH02615538495X,471.81,0.0,0.0,3299.0,3093.0,729.948,13.106,0.0,0.0,prepaid,2.621,0.0,0.0,61.0,0.0,71.98,2275.345,"",'133108500453654620401,2026-06-04,11156025907,35bfda9c-8acb-4930-b959-643f822d8da6,"",Forward,100101296612,1000030239265,11504,2621.19,18.0,0.0,0.0,0.0,packet_delivered,0.0,0.0,0.0,0.0,0.0,0.0,0.0,0.0,NA,0,3299.0
NFT-/XUTR/DEUTH02615538495X,100.95,0.0,0.0,3499.0,2120.0,500.31999999999994,10.095,0.0,0.0,prepaid,2.019,182.0,0.0,0.0,0.0,214.76,-1822.326,"",'133087910639957578803,2026-06-04,11151754979,d8cc61f6-ab6b-40e9-b53c-93844eb56d57,100164370825,Reverse,100097025691,100097025691,11504,2019.05,5.0,1173.0,0.0,1173.0,return_refund,0.0,0.0,0.0,0.0,0.0,0.0,0.0,0.0,NA,0,2326.0
NFT-/XUTR/DEUTH02615538495X,35.76,0.0,0.0,1799.0,585.64,152.032,2.789,0.0,0.0,prepaid,0.558,141.926,0.0,0.0,0.0,167.47268,-597.734,"",'133079588638923636601,2026-06-04,11149900982,b4c3b890-558b-408d-bf97-e4425d5164da,11149900982,Reverse,100095171700,100095171700,11504,715.24,5.0,954.0,0.0,954.0,exchange,0.0,0.0,0.0,0.0,0.0,0.0,0.0,0.0,NA,0,845.0
NFT-/XUTR/DEUTH02615538495X,63.24,0.0,0.0,2999.0,1328.0,329.078,6.324,0.0,0.0,prepaid,1.265,182.0,0.0,0.0,0.0,214.76,-1206.093,"",'133087595028430690301,2026-06-04,11151649409,98ccfe88-368f-4730-b2c4-34bd8e0dcc56,100164085131,Reverse,100096920121,100096920121,11504,1264.76,5.0,1500.0,0.0,1500.0,return_refund,0.0,0.0,0.0,0.0,0.0,0.0,0.0,0.0,NA,0,1499.0
NFT-/XUTR/DEUTH02615538495X,36.19,0.0,0.0,1799.0,688.001,178.605,3.276,0.0,0.0,prepaid,0.655,164.758,0.0,0.0,0.0,194.41444,-699.879,"",'133083568897498803003,2026-06-04,11151097117,883e0c89-f254-4ee5-9176-9df49d6e0528,100163482361,Reverse,100096367832,1000028440458,11504,723.81,5.0,945.0,72.0,1017.0,return_refund,0.0,0.0,0.0,0.0,0.0,0.0,0.0,0.0,NA,0,854.0
NFT-/XUTR/DEUTH02615538495X,70.38,0.0,0.0,3299.0,1478.0,366.248,7.038,0.0,0.0,prepaid,1.408,0.0,0.0,45.0,0.0,53.1,1050.206,"",'133087911151792981903,2026-06-04,11151755113,49949b00-ca4c-4a89-83ff-1570a128aa41,"",Forward,100097025824,100097025824,11504,1407.62,5.0,1650.0,0.0,1650.0,packet_delivered,0.0,0.0,0.0,0.0,0.0,0.0,0.0,0.0,NA,0,1649.0
NFT-/XUTR/DEUTH02615538495X,0.0,25.93,25.93,1799.0,1089.0,257.004,0.0,2.593,2.593,prepaid,1.037,106.0,0.0,0.0,0.0,125.08,-950.853,"",'133109279992806520303,2026-06-04,11156253108,90fface4-1301-462b-895c-df24c5f654f3,11156253108,Reverse,100101523813,1000030030616,11504,1037.14,5.0,539.0,0.0,539.0,exchange,0.0,0.0,0.0,0.0,0.0,0.0,0.0,0.0,NA,0,1260.0000000000002
NFT-/XUTR/DEUTH02615538495X,40.52,0.0,0.0,3999.0,851.0,40.167,4.052,0.0,0.0,prepaid,0.81,0.0,0.0,27.0,0.0,31.86,774.111,"",'133087634581600681701,2026-06-04,11151662611,2e7d657b-e0b3-4672-a57b-a7694fdd3680,"",Forward,100096933323,100096933323,11504,810.48,5.0,3000.0,0.0,3000.0,packet_delivered,0.0,0.0,0.0,0.0,0.0,0.0,0.0,0.0,NA,0,999.0
NFT-/XUTR/DEUTH02615538495X,38.43,0.0,0.0,1899.0,807.0,199.975,3.843,0.0,0.0,prepaid,0.769,182.0,0.0,0.0,0.0,214.76,-817.173,"",'133061650030896398201,2026-06-04,11146098682,da83dba8-6220-43d1-a9c2-edaf54a97cba,11146098682,Reverse,100091369412,1000026988201,11504,768.57,5.0,998.0,0.0,998.0,exchange,0.0,0.0,0.0,0.0,0.0,0.0,0.0,0.0,NA,0,901.0
NFT-/XUTR/DEUTH02615538495X,44.67,0.0,0.0,2999.0,938.0,243.505,4.467,0.0,0.0,prepaid,0.893,182.0,0.0,0.0,0.0,214.76,-903.895,"",'133088057467689446603,2026-06-04,11151807643,1966d127-52fa-43fe-8f10-d93ae19541e3,100163402947,Reverse,100097078355,100097078355,11504,893.33,5.0,1890.0,0.0,1890.0,return_refund,0.0,0.0,0.0,0.0,0.0,0.0,0.0,0.0,NA,0,1109.0
NFT-/XUTR/DEUTH02615538495X,46.1,0.0,0.0,2399.0,968.0,251.29300000000003,4.61,0.0,0.0,prepaid,0.922,182.0,0.0,0.0,0.0,214.76,-925.935,"",'133080119842697236703,2026-06-04,11150058366,fde94ab5-6ba1-41ca-9fe8-302869b68b67,100163468427,Reverse,100095329084,100095329084,11504,921.9,5.0,1260.0,0.0,1260.0,return_refund,0.0,0.0,0.0,0.0,0.0,0.0,0.0,0.0,NA,0,1139.0
NFT-/XUTR/DEUTH02615538495X,37.19,0.0,0.0,1750.0,781.0,202.748,3.719,0.0,0.0,prepaid,0.744,0.0,0.0,27.0,0.0,31.86,541.929,"",'133089012097445114703,2026-06-04,11152128535,ee677f85-fdf8-4728-80c5-836f4edab2a7,"",Forward,100097399246,100097399246,11504,743.81,5.0,875.0,0.0,875.0,packet_delivered,0.0,0.0,0.0,0.0,0.0,0.0,0.0,0.0,NA,0,875.0
NFT-/XUTR/DEUTH02615538495X,30.38,0.0,0.0,1599.0,638.0,45.17,3.038,0.0,0.0,prepaid,0.608,106.0,0.0,0.0,0.0,125.08,-714.264,"",'133105824338280859603,2026-06-04,11155389547,354d2370-45ce-4e4b-a40b-0e2c90ef1b61,100163498508,Reverse,100100660253,1000029814848,11504,607.62,5.0,867.0,0.0,867.0,return_refund,0.0,0.0,0.0,0.0,0.0,0.0,0.0,0.0,NA,0,732.0
NFT-/XUTR/DEUTH02615538495X,45.52,0.0,0.0,2399.0,956.0,248.178,4.552,0.0,0.0,prepaid,0.91,0.0,0.0,27.0,0.0,31.86,670.5,"",'133081875771895182703,2026-06-04,11150560999,3c3cfbe7-1a74-4d58-ab2a-f79f69d6d3d7,"",Forward,100095831715,1000028681205,11504,910.48,5.0,1272.0,0.0,1272.0,packet_delivered,0.0,0.0,0.0,0.0,0.0,0.0,0.0,0.0,NA,0,1127.0
NFT-/XUTR/DEUTH02615538495X,42.43,0.0,0.0,2899.0,891.0,231.304,4.243,0.0,0.0,prepaid,0.849,0.0,0.0,27.0,0.0,31.86,622.744,"",'133087153022079613903,2026-06-04,11151520846,ea57f3dc-5b2c-4e1a-a4cf-678c090acdc3,"",Forward,100096791560,1000028679924,11504,848.57,5.0,1914.0,0.0,1914.0,packet_delivered,0.0,0.0,0.0,0.0,0.0,0.0,0.0,0.0,NA,0,985.0
NFT-/XUTR/DEUTH02615538495X,33.95,0.0,0.0,1699.0,713.0,185.095,3.395,0.0,0.0,prepaid,0.679,0.0,0.0,27.0,0.0,31.86,491.971,"",'133099539505310431201,2026-06-04,11154375192,d21ba8cc-7e29-4fd0-8b03-0114118cf8e3,"",Forward,100099645900,100099645900,11504,679.05,5.0,892.0,0.0,892.0,packet_delivered,0.0,0.0,0.0,0.0,0.0,0.0,0.0,0.0,NA,0,807.0
NFT-/XUTR/DEUTH02615538495X,55.14,0.0,0.0,1899.0,1158.0,273.288,5.514,0.0,0.0,prepaid,1.103,0.0,0.0,45.0,0.0,53.1,824.995,"",'133087792107837357003,2026-06-04,11151714863,67d2cf25-2b11-4bf7-83d4-9f2b5a2e215c,"",Forward,100096985575,100096985575,11504,1102.86,5.0,570.0,0.0,570.0,packet_delivered,0.0,0.0,0.0,0.0,0.0,0.0,0.0,0.0,NA,0,1329.0
NFT-/XUTR/DEUTH02615538495X,48.48,0.0,0.0,1699.0,1018.0,240.248,4.848,0.0,0.0,prepaid,0.97,182.0,0.0,0.0,0.0,214.76,-986.694,"",'133080804408827894303,2026-06-04,11150258282,4d8e24b2-47e2-4eda-ad7f-a918fa1c2c18,100163427660,Reverse,100095529000,100095529000,11504,969.52,5.0,510.0,0.0,510.0,return_refund,0.0,0.0,0.0,0.0,0.0,0.0,0.0,0.0,NA,0,1189.0
NFT-/XUTR/DEUTH02615538495X,82.24,0.0,0.0,1999.0,1727.0,407.572,8.224,0.0,0.0,prepaid,1.645,0.0,0.0,45.0,0.0,53.1,1256.459,"",'133061650030896398201,2026-06-04,11146098684,da83dba8-6220-43d1-a9c2-edaf54a97cba,"",Forward,100091369414,1000026988201,11504,1644.76,5.0,101.0,0.0,101.0,packet_delivered,0.0,0.0,0.0,0.0,0.0,0.0,0.0,0.0,NA,0,1898.0
NFT-/XUTR/DEUTH02615538495X,38.33,0.0,0.0,2999.0,6.46,1.677,0.031,0.0,0.0,prepaid,0.006,1.461,0.0,0.0,0.0,1.72398,-6.47,"",'133068875969298236601,2026-06-04,11147590362,dc948a09-7da1-4343-82c3-cda59c35cee2,100163606991,Reverse,100092861090,100092861090,11504,766.67,5.0,2100.0,0.0,2100.0,return_refund,0.0,0.0,0.0,0.0,0.0,0.0,0.0,0.0,NA,0,899.0
NFT-/XUTR/DEUTH02615538495X,68.0,0.0,0.0,1599.0,1428.0,337.008,6.8,0.0,0.0,prepaid,1.36,127.0,0.0,0.0,0.0,149.86,-1232.692,"",'133088549429510886103,2026-06-04,11151975823,af4642b8-a57b-4f43-884a-d74941a6b166,11151975823,Reverse,100097246535,100097246535,11504,1360,5.0,0.0,0.0,0.0,exchange,0.0,0.0,0.0,0.0,0.0,0.0,0.0,0.0,NA,0,1599.0
NFT-/XUTR/DEUTH02615538495X,0.0,32.64,32.64,3499.0,205.57,50.94,0.0,0.4895,0.4895,prepaid,0.196,19.043,0.0,0.0,0.0,22.47074,-175.926,"",'133097045604251801501,2026-06-04,11153847838,245e4820-4b28-467c-a6d3-88e3e4456527,11153847838,Reverse,100099118547,1000029788434,11504,1305.72,5.0,1957.0,0.0,1957.0,exchange,0.0,0.0,0.0,0.0,0.0,0.0,0.0,0.0,NA,0,1542.0000000000002
NFT-/XUTR/DEUTH02615538495X,51.95,0.0,0.0,1899.0,1091.0,257.476,5.195,0.0,0.0,prepaid,1.039,0.0,0.0,45.0,0.0,53.1,774.19,"",'133080227849315753303,2026-06-04,11150090395,0a72bd22-0501-492a-aeec-53cc20bbd357,"",Forward,100095361113,100095361113,11504,1039.05,5.0,637.0,0.0,637.0,packet_delivered,0.0,0.0,0.0,0.0,0.0,0.0,0.0,0.0,NA,0,1262.0
NFT-/XUTR/DEUTH02615538495X,29.38,0.0,0.0,1499.0,617.0,160.173,2.938,0.0,0.0,prepaid,0.588,0.0,0.0,27.0,0.0,31.86,421.441,"",'133061650030896398201,2026-06-04,11146098666,da83dba8-6220-43d1-a9c2-edaf54a97cba,"",Forward,100091369396,1000026988201,11504,587.62,5.0,788.0,0.0,788.0,packet_delivered,0.0,0.0,0.0,0.0,0.0,0.0,0.0,0.0,NA,0,711.0
NFT-/XUTR/DEUTH02615538495X,34.76,0.0,0.0,1650.0,730.0,189.508,3.476,0.0,0.0,prepaid,0.695,106.0,0.0,0.0,0.0,125.08,-661.401,"",'133113305113852981803,2026-06-04,11156712388,e62923ae-80f3-41d9-ae8f-c5208045299f,11156712388,Reverse,100101983091,100101983091,11504,695.24,5.0,826.0,0.0,826.0,exchange,0.0,0.0,0.0,0.0,0.0,0.0,0.0,0.0,NA,0,824.0
NFT-/XUTR/DEUTH02615538495X,103.48,0.0,0.0,3399.0,2173.0,512.828,10.348,0.0,0.0,prepaid,2.07,182.0,0.0,0.0,0.0,214.76,-1862.514,"",'133081111789293806203,2026-06-04,11150343251,1c3ef960-171a-440e-b7cc-7b00ebc611a7,100163745823,Reverse,100095613969,100095613969,11504,2069.52,5.0,1020.0,0.0,1020.0,return_refund,0.0,0.0,0.0,0.0,0.0,0.0,0.0,0.0,NA,0,2379.0
NFT-/XUTR/DEUTH02615538495X,58.95,0.0,0.0,2999.0,1238.0,306.776,5.895,0.0,0.0,prepaid,1.179,0.0,0.0,45.0,0.0,53.1,871.05,"",'133088765869420904301,2026-06-04,11152047939,76e0126b-83d3-43b8-b823-f477fe051c3e,"",Forward,100097318650,100097318650,11504,1179.05,5.0,1590.0,0.0,1590.0,packet_delivered,0.0,0.0,0.0,0.0,0.0,0.0,0.0,0.0,NA,0,1409.0
NFT-/XUTR/DEUTH02615538495X,45.62,0.0,0.0,1699.0,2.13,0.553,0.01,0.0,0.0,prepaid,0.002,0.0,0.0,0.06,0.0,0.0708,1.494,"",'133079505852716999803,2026-06-04,11149875240,6bd272be-7643-4519-95fb-07ef11857649,"",Forward,100095145958,100095145958,11504,912.38,5.0,570.0,0.0,570.0,packet_delivered,0.0,0.0,0.0,0.0,0.0,0.0,0.0,0.0,NA,0,1129.0
NFT-/XUTR/DEUTH02615538495X,31.71,0.0,0.0,1499.0,666.0,172.894,3.171,0.0,0.0,prepaid,0.634,0.0,0.0,27.0,0.0,31.86,457.441,"",'133102619894040872801,2026-06-04,11154845709,73b67fe7-6c1f-428d-af33-24229966e638,"",Forward,100100116416,1000029668354,11504,634.29,5.0,739.0,0.0,739.0,packet_delivered,0.0,0.0,0.0,0.0,0.0,0.0,0.0,0.0,NA,0,760.0
NFT-/XUTR/DEUTH02615538495X,35.71,0.0,0.0,2899.0,750.0,35.4,3.571,0.0,0.0,prepaid,0.714,0.0,0.0,27.0,0.0,31.86,678.455,"",'133109123033854305901,2026-06-04,11156207008,ae536126-4a1c-4f41-82bc-cae57cb0f39f,"",Forward,100101477713,1000030232468,11504,714.29,5.0,2055.0,0.0,2055.0,packet_delivered,0.0,0.0,0.0,0.0,0.0,0.0,0.0,0.0,NA,0,844.0
NFT-/XUTR/DEUTH02615538495X,70.1,0.0,0.0,1999.0,1472.0,347.392,7.01,0.0,0.0,prepaid,1.402,182.0,0.0,0.0,0.0,214.76,-1330.956,"",'133090356604766737601,2026-06-04,11152551718,19725ca4-3a99-4e1a-9c4e-353f2ab1459a,100165596469,Reverse,100097822428,100097822428,11504,1401.9,5.0,356.0,0.0,356.0,return_refund,0.0,0.0,0.0,0.0,0.0,0.0,0.0,0.0,NA,0,1643.0
NFT-/XUTR/DEUTH02615538495X,70.38,0.0,0.0,3299.0,1478.0,366.248,7.038,0.0,0.0,prepaid,1.408,182.0,0.0,0.0,0.0,214.76,-1318.066,"",'133083715442887663503,2026-06-04,11151147243,254d520b-d9ce-40f3-9d79-2a800f25430e,100163784080,Reverse,100096417958,1000028671344,11504,1407.62,5.0,1650.0,0.0,1650.0,return_refund,0.0,0.0,0.0,0.0,0.0,0.0,0.0,0.0,NA,0,1649.0
NFT-/XUTR/DEUTH02615538495X,426.05,0.0,0.0,2999.0,2793.0,659.148,11.835,0.0,0.0,prepaid,2.367,0.0,0.0,61.0,0.0,71.98,2047.67,"",'133105371431104126301,2026-06-04,11155272392,5fe9fba1-66ff-443c-bc42-d41ed612168b,"",Forward,100100543099,100100543099,11504,2366.95,18.0,0.0,0.0,0.0,packet_delivered,0.0,0.0,0.0,0.0,0.0,0.0,0.0,0.0,NA,0,2999.0
NFT-/XUTR/DEUTH02615538495X,54.52,0.0,0.0,2950.0,1145.0,283.731,5.452,0.0,0.0,prepaid,1.09,0.0,0.0,45.0,0.0,53.1,801.627,"",'133087983629822589203,2026-06-04,11151781184,d218a744-453c-4792-8525-47577436a9b4,"",Forward,100097051896,100097051896,11504,1090.48,5.0,1634.0,0.0,1634.0,packet_delivered,0.0,0.0,0.0,0.0,0.0,0.0,0.0,0.0,NA,0,1316.0
NFT-/XUTR/DEUTH02615538495X,51.71,0.0,0.0,3399.0,1086.0,269.111,5.171,0.0,0.0,prepaid,1.034,0.0,0.0,45.0,0.0,53.1,757.584,"",'133063713729163213601,2026-06-04,11146638567,2926eb94-3b16-4d59-80fe-29b636741fe9,"",Forward,100091909296,100091909296,11504,1034.29,5.0,2142.0,0.0,2142.0,packet_delivered,0.0,0.0,0.0,0.0,0.0,0.0,0.0,0.0,NA,0,1257.0
NFT-/XUTR/DEUTH02615538495X,0.0,17.52,17.52,1750.0,736.0,191.066,0.0,1.7525,1.7525,prepaid,0.701,0.0,0.0,27.0,0.0,31.86,508.868,"",'133100413062686978803,2026-06-04,11154594280,184a4438-d02b-4111-a5fe-b32f230d30d6,"",Forward,100099864987,1000029552692,11504,700.96,5.0,920.0,0.0,920.0,packet_delivered,0.0,0.0,0.0,0.0,0.0,0.0,0.0,0.0,NA,0,830.0
NFT-/XUTR/DEUTH02615538495X,114.0,0.0,0.0,2600.0,2394.0,564.984,11.4,0.0,0.0,prepaid,2.28,0.0,0.0,61.0,0.0,71.98,1743.356,"",'133108846337464887403,2026-06-04,11156123393,6812895f-d260-4d07-849b-df026897c40d,"",Forward,100101394098,100101394098,11504,2280,5.0,0.0,0.0,0.0,packet_delivered,0.0,0.0,0.0,0.0,0.0,0.0,0.0,0.0,NA,0,2600.0
NFT-/XUTR/DEUTH02615538495X,0.0,17.64,17.64,2499.0,741.0,34.97500000000001,0.0,1.7645,1.7645,prepaid,0.706,0.0,0.0,27.0,0.0,31.86,669.93,"",'133105991443226812403,2026-06-04,11155434156,50bf8697-e770-41b2-8357-2747f3086628,"",Forward,100100704862,100100704862,11504,705.72,5.0,1664.0,0.0,1664.0,packet_delivered,0.0,0.0,0.0,0.0,0.0,0.0,0.0,0.0,NA,0,835.0
NFT-/XUTR/DEUTH02615538495X,446.64,0.0,0.0,3299.0,1088.694,256.932,4.613,0.0,0.0,prepaid,0.923,0.0,0.0,22.681,0.0,26.76358,799.462,"",'133109138046855585903,2026-06-04,11156211516,6eb31cdd-ce5a-495d-8319-a76f442e0e13,"",Forward,100101482221,100101482221,11504,2481.36,18.0,165.0,0.0,165.0,packet_delivered,0.0,0.0,0.0,0.0,0.0,0.0,0.0,0.0,NA,0,3134.0
NFT-/XUTR/DEUTH02615538495X,90.14,0.0,0.0,2999.0,1893.0,469.085,9.014,0.0,0.0,prepaid,1.803,0.0,0.0,45.0,0.0,53.1,1359.998,"",'133111994953622101801,2026-06-04,11156494744,c2f1d2ac-fab3-4523-ae45-11b2c987be22,"",Forward,100101765448,100101765448,11504,1802.86,5.0,900.0,0.0,900.0,packet_delivered,0.0,0.0,0.0,0.0,0.0,0.0,0.0,0.0,NA,0,2099.0
NFT-/XUTR/DEUTH02615538495X,84.86,0.0,0.0,4499.0,1782.0,441.58,8.486,0.0,0.0,prepaid,1.697,0.0,0.0,45.0,0.0,53.1,1277.137,"",'133100117430342019203,2026-06-04,11154513700,2e6a28cf-4644-445d-b7ff-20b21e8c41a1,"",Forward,100099784408,100099784408,11504,1697.14,5.0,2511.0,0.0,2511.0,packet_delivered,0.0,0.0,0.0,0.0,0.0,0.0,0.0,0.0,NA,0,1988.0
NFT-/XUTR/DEUTH02615538495X,59.67,0.0,0.0,2999.0,1253.0,310.493,5.967,0.0,0.0,prepaid,1.193,0.0,0.0,45.0,0.0,53.1,882.247,"",'133073325918996402501,2026-06-04,11148697170,dd509798-68cf-40df-b51f-b372216fcbf0,"",Forward,100093967896,100093967896,11504,1193.33,5.0,1575.0,0.0,1575.0,packet_delivered,0.0,0.0,0.0,0.0,0.0,0.0,0.0,0.0,NA,0,1424.0
NFT-/XUTR/DEUTH02615538495X,471.81,0.0,0.0,3299.0,3093.0,729.948,13.106,0.0,0.0,prepaid,2.621,0.0,0.0,61.0,0.0,71.98,2275.345,"",'133096861760894964703,2026-06-04,11153807953,81213013-6798-45b0-9551-a9b4ba1069f3,"",Forward,100099078662,100099078662,11504,2621.19,18.0,0.0,0.0,0.0,packet_delivered,0.0,0.0,0.0,0.0,0.0,0.0,0.0,0.0,NA,0,3299.0
NFT-/XUTR/DEUTH02615538495X,55.14,0.0,0.0,1899.0,1022.0,241.192,4.867,0.0,0.0,prepaid,0.973,0.0,0.0,39.715,0.0,46.8637,728.104,"",'133083626863551810601,2026-06-04,11151118171,0bb8998a-ed9c-4f75-986c-e74fb76b3ddd,"",Forward,100096388886,100096388886,11504,1102.86,5.0,570.0,136.0,706.0,packet_delivered,0.0,0.0,0.0,0.0,0.0,0.0,0.0,0.0,NA,0,1329.0
NFT-/XUTR/DEUTH02615538495X,0.0,17.57,17.57,1799.0,738.0,191.585,0.0,1.757,1.757,prepaid,0.703,0.0,0.0,27.0,0.0,31.86,510.338,"",'133110465809244200103,2026-06-04,11156436727,84fc055c-94b1-48ee-bb13-c317d99ca109,"",Forward,100101707432,100101707432,11504,702.86,5.0,967.0,0.0,967.0,packet_delivered,0.0,0.0,0.0,0.0,0.0,0.0,0.0,0.0,NA,0,832.0000000000001
NFT-/XUTR/DEUTH02615538495X,58.95,0.0,0.0,2999.0,10.47,2.594,0.05,0.0,0.0,prepaid,0.01,0.0,0.0,0.381,0.0,0.44958,7.366,"",'133079133487915883101,2026-06-04,11149753089,3a93b8d0-c246-46fe-8c94-6c5ddcd836c0,"",Forward,100095023807,100095023807,11504,1179.05,5.0,1590.0,0.0,1590.0,packet_delivered,0.0,0.0,0.0,0.0,0.0,0.0,0.0,0.0,NA,0,1409.0
NFT-/XUTR/DEUTH02615538495X,41.19,0.0,0.0,2999.0,865.0,224.554,4.119,0.0,0.0,prepaid,0.824,0.0,0.0,27.0,3.892,36.45256,599.05,"",'133087153022079613903,2026-06-04,11151520847,ea57f3dc-5b2c-4e1a-a4cf-678c090acdc3,"",Forward,100096791561,1000028679924,11504,823.81,5.0,2040.0,0.0,2040.0,packet_delivered,0.0,0.0,0.0,0.0,0.0,0.0,0.0,0.0,NA,0,959.0
NFT-/XUTR/DEUTH02615538495X,32.43,0.0,0.0,1650.0,681.0,176.788,3.243,0.0,0.0,prepaid,0.649,0.0,0.0,27.0,0.0,31.86,468.46,"",'133087322674376386603,2026-06-04,11151567147,14038ecb-2395-4199-9b0b-df2f23d09e7c,"",Forward,100096837861,100096837861,11504,648.57,5.0,875.0,0.0,875.0,packet_delivered,0.0,0.0,0.0,0.0,0.0,0.0,0.0,0.0,NA,0,775.0
NFT-/XUTR/DEUTH02615538495X,31.67,0.0,0.0,1599.0,665.0,172.634,3.167,0.0,0.0,prepaid,0.633,0.0,0.0,27.0,0.0,31.86,456.706,"",'133083369115862175303,2026-06-04,11151028231,fd135470-ece8-4b29-83cc-5e4848b1c6ac,"",Forward,100096298947,1000028667080,11504,633.33,5.0,840.0,0.0,840.0,packet_delivered,0.0,0.0,0.0,0.0,0.0,0.0,0.0,0.0,NA,0,759.0
NFT-/XUTR/DEUTH02615538495X,42.43,0.0,0.0,2899.0,891.0,231.304,4.243,0.0,0.0,prepaid,0.849,0.0,0.0,27.0,0.0,31.86,622.744,"",'133080637376953549401,2026-06-04,11150210931,f970cefb-a691-4a92-ad03-337125ab0c9f,"",Forward,100095481649,1000028657670,11504,848.57,5.0,1914.0,0.0,1914.0,packet_delivered,0.0,0.0,0.0,0.0,0.0,0.0,0.0,0.0,NA,0,985.0
NFT-/XUTR/DEUTH02615538495X,18.38,0.0,0.0,1650.0,386.0,18.219,1.838,0.0,0.0,prepaid,0.368,0.0,0.0,0.0,0.0,0.0,365.575,"",'133101273922957649001,2026-06-04,11154783641,f2160fb7-c4b5-41f6-b09f-67b8eadfc03b,"",Forward,100100054348,1000029595651,11504,367.62,5.0,1205.0,0.0,1205.0,packet_delivered,0.0,0.0,0.0,0.0,0.0,0.0,0.0,0.0,NA,0,445.0
NFT-/XUTR/DEUTH02615538495X,0.0,31.5,31.5,2299.0,1323.0,312.228,0.0,3.15,3.15,prepaid,1.26,0.0,0.0,45.0,0.0,53.1,950.112,"",'133113874839945647101,2026-06-04,11156904525,afce37eb-303a-4ee3-a91d-48355cd005bf,"",Forward,100102175228,1000030267771,11504,1260,5.0,805.0,0.0,805.0,packet_delivered,0.0,0.0,0.0,0.0,0.0,0.0,0.0,0.0,NA,0,1494.0
NFT-/XUTR/DEUTH02615538495X,59.67,0.0,0.0,2999.0,1253.0,310.493,5.967,0.0,0.0,prepaid,1.193,182.0,0.0,0.0,0.0,214.76,-1150.107,"",'133078249502541074403,2026-06-04,11149525897,6985069f-5fab-42c7-88f5-25483bc9a156,100163555985,Reverse,100094796619,1000028125847,11504,1193.33,5.0,1575.0,0.0,1575.0,return_refund,0.0,0.0,0.0,0.0,0.0,0.0,0.0,0.0,NA,0,1424.0
NFT-/XUTR/DEUTH02615538495X,36.71,0.0,0.0,2850.0,771.0,36.391,3.671,0.0,0.0,prepaid,0.734,106.0,0.0,0.0,0.0,125.08,-855.284,"",'133105593841384917003,2026-06-04,11155331088,90e362ee-f5d8-4573-8093-50cd9318295c,11155331088,Reverse,100100601795,100100601795,11504,734.29,5.0,1985.0,0.0,1985.0,exchange,0.0,0.0,0.0,0.0,0.0,0.0,0.0,0.0,NA,0,865.0
NFT-/XUTR/DEUTH02615538495X,36.19,0.0,0.0,1799.0,760.0,197.296,3.619,0.0,0.0,prepaid,0.724,0.0,0.0,27.0,0.0,31.86,526.501,"",'133061650030896398201,2026-06-04,11146098665,da83dba8-6220-43d1-a9c2-edaf54a97cba,"",Forward,100091369395,1000026988201,11504,723.81,5.0,945.0,0.0,945.0,packet_delivered,0.0,0.0,0.0,0.0,0.0,0.0,0.0,0.0,NA,0,854.0
NFT-/XUTR/DEUTH02615538495X,51.95,0.0,0.0,1899.0,1091.0,257.476,5.195,0.0,0.0,prepaid,1.039,182.0,0.0,0.0,0.0,214.76,-1042.05,"",'133080227849315753303,2026-06-04,11150090395,0a72bd22-0501-492a-aeec-53cc20bbd357,11150090395,Reverse,100095361113,100095361113,11504,1039.05,5.0,637.0,0.0,637.0,exchange,0.0,0.0,0.0,0.0,0.0,0.0,0.0,0.0,NA,0,1262.0
NFT-/XUTR/DEUTH02615538495X,53.57,0.0,0.0,1950.0,1125.0,265.5,5.357,0.0,0.0,prepaid,1.071,0.0,0.0,45.0,0.0,53.1,799.972,"",'133080085735243168201,2026-06-04,11150048331,dc78831c-e801-4b01-9707-80199ea8de36,"",Forward,100095319049,100095319049,11504,1071.43,5.0,654.0,0.0,654.0,packet_delivered,0.0,0.0,0.0,0.0,0.0,0.0,0.0,0.0,NA,0,1296.0
NFT-/XUTR/DEUTH02615538495X,24.05,0.0,0.0,1499.0,505.0,131.098,2.405,0.0,0.0,prepaid,0.481,0.0,0.0,27.0,0.0,31.86,339.156,"",'133082373198189901201,2026-06-04,11150698944,525f0b50-8ca8-4946-b3cf-a7379860264f,"",Forward,100095969661,1000028346900,11504,480.95,5.0,900.0,0.0,900.0,packet_delivered,0.0,0.0,0.0,0.0,0.0,0.0,0.0,0.0,NA,0,599.0
NFT-/XUTR/DEUTH02615538495X,0.0,17.64,17.64,2499.0,741.0,34.97500000000001,0.0,1.7645,1.7645,prepaid,0.706,106.0,0.0,0.0,0.0,125.08,-826.87,"",'133105991443226812403,2026-06-04,11155434156,50bf8697-e770-41b2-8357-2747f3086628,100163467778,Reverse,100100704862,100100704862,11504,705.72,5.0,1664.0,0.0,1664.0,return_refund,0.0,0.0,0.0,0.0,0.0,0.0,0.0,0.0,NA,0,835.0
NFT-/XUTR/DEUTH02615538495X,55.62,0.0,0.0,2999.0,1168.0,289.43,5.562,0.0,0.0,prepaid,1.112,0.0,0.0,45.0,0.0,53.1,818.796,"",'133109594226972454003,2026-06-04,11156338305,94d7a06d-e128-4749-931d-a1efe9eb655a,"",Forward,100101609010,1000030234252,11504,1112.38,5.0,1660.0,0.0,1660.0,packet_delivered,0.0,0.0,0.0,0.0,0.0,0.0,0.0,0.0,NA,0,1339.0
NFT-/XUTR/DEUTH02615538495X,40.14,0.0,0.0,3499.0,843.0,218.843,4.014,0.0,0.0,prepaid,0.803,0.0,0.0,27.0,0.0,31.86,587.48,"",'133087153022079613903,2026-06-04,11151520849,ea57f3dc-5b2c-4e1a-a4cf-678c090acdc3,"",Forward,100096791563,1000028679924,11504,802.86,5.0,2485.0,0.0,2485.0,packet_delivered,0.0,0.0,0.0,0.0,0.0,0.0,0.0,0.0,NA,0,1014.0
NFT-/XUTR/DEUTH02615538495X,72.76,0.0,0.0,1699.0,644.67,152.142,3.07,0.0,0.0,prepaid,0.614,0.0,0.0,18.986,0.0,22.40348,466.441,"",'133077715536017828503,2026-06-04,11149434939,a4c17aa5-04da-464b-b2d0-c3aeff40b431,"",Forward,100094705662,100094705662,11504,1455.24,5.0,0.0,0.0,0.0,packet_delivered,0.0,0.0,0.0,0.0,0.0,0.0,0.0,0.0,NA,0,1699.0
NFT-/XUTR/DEUTH02615538495X,0.0,29.81,29.81,2999.0,434.25,107.607,0.0,1.034,1.034,prepaid,0.414,36.766,0.0,0.0,0.0,43.38388,-367.545,"",'133107125698704817703,2026-06-04,11155699521,f3919d39-611b-4715-8ec0-b0ec093488c1,100163527140,Reverse,100100970227,100100970227,11504,1192.38,5.0,1576.0,0.0,1576.0,return_refund,0.0,0.0,0.0,0.0,0.0,0.0,0.0,0.0,NA,0,1423.0
NFT-/XUTR/DEUTH02615538495X,31.67,0.0,0.0,1599.0,665.0,172.634,3.167,0.0,0.0,prepaid,0.633,0.0,0.0,27.0,0.0,31.86,456.706,"",'133061650030896398201,2026-06-04,11146098667,da83dba8-6220-43d1-a9c2-edaf54a97cba,"",Forward,100091369397,1000026988201,11504,633.33,5.0,840.0,0.0,840.0,packet_delivered,0.0,0.0,0.0,0.0,0.0,0.0,0.0,0.0,NA,0,759.0
NFT-/XUTR/DEUTH02615538495X,40.38,0.0,0.0,2299.0,848.0,220.141,4.038,0.0,0.0,prepaid,0.808,182.0,0.0,0.0,0.0,214.76,-837.773,"",'133081875771895182703,2026-06-04,11150560996,3c3cfbe7-1a74-4d58-ab2a-f79f69d6d3d7,100163583402,Reverse,100095831713,1000028681205,11504,807.62,5.0,1357.0,0.0,1357.0,return_refund,0.0,0.0,0.0,0.0,0.0,0.0,0.0,0.0,NA,0,942.0
NFT-/XUTR/DEUTH02615538495X,59.71,0.0,0.0,2999.0,1254.0,310.741,5.971,0.0,0.0,prepaid,1.194,0.0,0.0,45.0,0.0,53.1,882.994,"",'133094869693000434101,2026-06-04,11153444863,d9e86a25-948e-429b-9e02-19d4f1818b2c,"",Forward,100098715572,1000029315098,11504,1194.29,5.0,1574.0,0.0,1574.0,packet_delivered,0.0,0.0,0.0,0.0,0.0,0.0,0.0,0.0,NA,0,1425.0
NFT-/XUTR/DEUTH02615538495X,46.1,0.0,0.0,2399.0,968.0,251.29300000000003,4.61,0.0,0.0,prepaid,0.922,0.0,0.0,27.0,0.0,31.86,679.315,"",'133080119842697236703,2026-06-04,11150058366,fde94ab5-6ba1-41ca-9fe8-302869b68b67,"",Forward,100095329084,100095329084,11504,921.9,5.0,1260.0,0.0,1260.0,packet_delivered,0.0,0.0,0.0,0.0,0.0,0.0,0.0,0.0,NA,0,1139.0
NFT-/XUTR/DEUTH02615538495X,75.19,0.0,0.0,1750.0,1579.0,372.644,7.519,0.0,0.0,prepaid,1.504,0.0,0.0,45.0,0.0,53.1,1144.233,"",'133087442641055515803,2026-06-04,11151602116,c86fecb6-a34d-4447-98c2-8839541682c1,"",Forward,100096872830,100096872830,11504,1503.81,5.0,0.0,0.0,0.0,packet_delivered,0.0,0.0,0.0,0.0,0.0,0.0,0.0,0.0,NA,0,1750.0
NFT-/XUTR/DEUTH02615538495X,66.48,0.0,0.0,3299.0,1396.0,345.929,6.648,0.0,0.0,prepaid,1.33,0.0,0.0,45.0,0.0,53.1,988.993,"",'133106600979766252401,2026-06-04,11155579970,bd2fd41b-2051-46d7-810c-5d2ef23a3d45,"",Forward,100100850676,1000030248459,11504,1329.52,5.0,1732.0,0.0,1732.0,packet_delivered,0.0,0.0,0.0,0.0,0.0,0.0,0.0,0.0,NA,0,1567.0
NFT-/XUTR/DEUTH02615538495X,63.29,0.0,0.0,2999.0,1329.0,329.326,6.329,0.0,0.0,prepaid,1.266,106.0,0.0,0.0,0.0,125.08,-1117.159,"",'133108185446648686201,2026-06-04,11155945961,e1cca679-1368-4574-b770-b4da4aef72b8,100163453568,Reverse,100101216667,100101216667,11504,1265.71,5.0,1499.0,0.0,1499.0,return_refund,0.0,0.0,0.0,0.0,0.0,0.0,0.0,0.0,NA,0,1500.0
NFT-/XUTR/DEUTH02615538495X,58.95,0.0,0.0,3299.0,1238.0,306.776,5.895,0.0,0.0,prepaid,1.179,0.0,0.0,45.0,0.0,53.1,871.05,"",'133084782080510315803,2026-06-04,11151282057,cf8e8284-ec14-45e3-8897-96410c41f657,"",Forward,100096552772,100096552772,11504,1179.05,5.0,1890.0,0.0,1890.0,packet_delivered,0.0,0.0,0.0,0.0,0.0,0.0,0.0,0.0,NA,0,1409.0
NFT-/XUTR/DEUTH02615538495X,38.33,0.0,0.0,2999.0,6.46,1.677,0.031,0.0,0.0,prepaid,0.006,0.0,0.0,0.217,0.0,0.25606,4.49,"",'133068875969298236601,2026-06-04,11147590362,dc948a09-7da1-4343-82c3-cda59c35cee2,"",Forward,100092861090,100092861090,11504,766.67,5.0,2100.0,0.0,2100.0,packet_delivered,0.0,0.0,0.0,0.0,0.0,0.0,0.0,0.0,NA,0,899.0
NFT-/XUTR/DEUTH02615538495X,75.19,0.0,0.0,1750.0,1579.0,372.644,7.519,0.0,0.0,prepaid,1.504,0.0,0.0,45.0,0.0,53.1,1144.233,"",'133090797791775305101,2026-06-04,11152692413,16d4360d-3f0b-45aa-b7a1-561c0c21e404,"",Forward,100097963123,100097963123,11504,1503.81,5.0,0.0,0.0,0.0,packet_delivered,0.0,0.0,0.0,0.0,0.0,0.0,0.0,0.0,NA,0,1750.0
NFT-/XUTR/DEUTH02615538495X,48.95,0.0,0.0,2399.0,1028.0,242.608,4.895,0.0,0.0,prepaid,0.979,182.0,0.0,0.0,0.0,214.76,-994.278,"",'133080024587590945303,2026-06-04,11150030234,d2db9287-ec9c-4fda-a8e1-f1ac1e50a184,100163557504,Reverse,100095300952,100095300952,11504,979.05,5.0,1200.0,0.0,1200.0,return_refund,0.0,0.0,0.0,0.0,0.0,0.0,0.0,0.0,NA,0,1199.0
NFT-/XUTR/DEUTH02615538495X,72.76,0.0,0.0,1699.0,1328.0,313.408,6.324,0.0,0.0,prepaid,1.265,0.0,0.0,39.11,0.0,46.1498,960.853,"",'133101069124221712601,2026-06-04,11154754035,fef0fb01-5de2-4f48-8c2d-78014cbbff61,"",Forward,100100024742,100100024742,11504,1455.24,5.0,0.0,200.0,200.0,packet_delivered,0.0,0.0,0.0,0.0,0.0,0.0,0.0,0.0,NA,0,1699.0
NFT-/XUTR/DEUTH02615538495X,471.81,0.0,0.0,3299.0,3093.0,729.948,13.106,0.0,0.0,prepaid,2.621,127.0,0.0,0.0,0.0,149.86,-2497.185,"",'133096861760894964703,2026-06-04,11153807953,81213013-6798-45b0-9551-a9b4ba1069f3,100163897581,Reverse,100099078662,100099078662,11504,2621.19,18.0,0.0,0.0,0.0,return_refund,0.0,0.0,0.0,0.0,0.0,0.0,0.0,0.0,NA,0,3299.0
NFT-/XUTR/DEUTH02615538495X,38.33,0.0,0.0,1799.0,805.0,208.978,3.833,0.0,0.0,prepaid,0.767,0.0,0.0,27.0,0.0,31.86,559.562,"",'133074968812603567401,2026-06-04,11149204608,7feb9261-c74c-44c7-b053-4acb3fbc8b34,"",Forward,100094475331,100094475331,11504,766.67,5.0,900.0,0.0,900.0,packet_delivered,0.0,0.0,0.0,0.0,0.0,0.0,0.0,0.0,NA,0,899.0
NFT-/XUTR/DEUTH02615538495X,19.05,0.0,0.0,1699.0,400.0,18.88,1.905,0.0,0.0,prepaid,0.381,0.0,0.0,0.0,0.0,0.0,378.834,"",'133100416622699842803,2026-06-04,11154595278,88ab5656-f3a4-4008-ae6d-112c91ce2693,"",Forward,100099865985,1000029552704,11504,380.95,5.0,1205.0,0.0,1205.0,packet_delivered,0.0,0.0,0.0,0.0,0.0,0.0,0.0,0.0,NA,0,494.0
NFT-/XUTR/DEUTH02615538495X,28.19,0.0,0.0,1650.0,512.51,36.286,2.441,0.0,0.0,prepaid,0.488,0.0,0.0,23.375,0.0,27.5825,445.713,"",'133107965916195512401,2026-06-04,11155892111,79c3b9ab-c93f-4d03-a3c7-bc5441410322,"",Forward,100101162817,100101162817,11504,563.81,5.0,964.0,0.0,964.0,packet_delivered,0.0,0.0,0.0,0.0,0.0,0.0,0.0,0.0,NA,0,686.0
NFT-/XUTR/DEUTH02615538495X,31.91,0.0,0.0,1699.0,670.0,173.932,3.19,0.0,0.0,prepaid,0.638,0.0,0.0,27.0,0.0,31.86,460.38,"",'133083886761418519103,2026-06-04,11151188248,acc6ed19-9b13-4f12-84de-963061787c2d,"",Forward,100096458963,100096458963,11504,638.1,5.0,935.0,0.0,935.0,packet_delivered,0.0,0.0,0.0,0.0,0.0,0.0,0.0,0.0,NA,0,764.01
NFT-/XUTR/DEUTH02615538495X,54.76,0.0,0.0,2999.0,1150.0,284.97,5.476,0.0,0.0,prepaid,1.095,106.0,0.0,0.0,0.0,125.08,-983.539,"",'133108608860187085403,2026-06-04,11156055102,78fe0193-914c-452f-8a43-c72841fddb41,100165334835,Reverse,100101325807,1000030223905,11504,1095.24,5.0,1678.0,0.0,1678.0,return_refund,0.0,0.0,0.0,0.0,0.0,0.0,0.0,0.0,NA,0,1321.0
NFT-/XUTR/DEUTH02615538495X,72.76,0.0,0.0,1699.0,1528.0,360.608,7.276,0.0,0.0,prepaid,1.455,0.0,0.0,45.0,0.0,53.1,1105.561,"",'133100822426678568201,2026-06-04,11154699356,f6519d35-206f-457a-ba25-520d28e3ec23,"",Forward,100099970063,100099970063,11504,1455.24,5.0,0.0,0.0,0.0,packet_delivered,0.0,0.0,0.0,0.0,0.0,0.0,0.0,0.0,NA,0,1699.0
NFT-/XUTR/DEUTH02615538495X,39.05,0.0,0.0,1799.0,796.0,206.642,3.79,0.0,0.0,prepaid,0.758,0.0,0.0,26.21,0.0,30.9278,553.882,"",'133096063586331940601,2026-06-04,11153627386,d21c45d4-3877-4989-8cf8-937bdfc20387,"",Forward,100098898095,100098898095,11504,780.95,5.0,885.0,24.0,909.0,packet_delivered,0.0,0.0,0.0,0.0,0.0,0.0,0.0,0.0,NA,0,914.0
NFT-/XUTR/DEUTH02615538495X,37.91,0.0,0.0,2699.0,796.0,37.571,3.79,0.0,0.0,prepaid,0.758,0.0,0.0,27.0,0.0,31.86,722.021,"",'133087710847605041501,2026-06-04,11151688179,efc5185f-2475-4bb1-be16-010dfcf2b530,"",Forward,100096958891,100096958891,11504,758.1,5.0,1809.0,0.0,1809.0,packet_delivered,0.0,0.0,0.0,0.0,0.0,0.0,0.0,0.0,NA,0,890.01
NFT-/XUTR/DEUTH02615538495X,19.05,0.0,0.0,1699.0,400.0,18.88,1.905,0.0,0.0,prepaid,0.381,0.0,0.0,0.0,0.0,0.0,378.834,"",'133104135779497521301,2026-06-04,11154985851,a7eae700-37d7-47f3-8ba3-90945d93de86,"",Forward,100100256558,1000029688743,11504,380.95,5.0,1205.0,0.0,1205.0,packet_delivered,0.0,0.0,0.0,0.0,0.0,0.0,0.0,0.0,NA,0,494.0
NFT-/XUTR/DEUTH02615538495X,33.52,0.0,0.0,2499.0,704.0,33.229,3.352,0.0,0.0,prepaid,0.67,127.0,0.0,0.0,0.0,149.86,-816.609,"",'133097835944619222703,2026-06-04,11154020874,2736d405-d66c-4cee-b0d9-026d4a919e89,100163391487,Reverse,100099291583,100099291583,11504,670.48,5.0,1701.0,0.0,1701.0,return_refund,0.0,0.0,0.0,0.0,0.0,0.0,0.0,0.0,NA,0,798.0
NFT-/XUTR/DEUTH02615538495X,66.43,0.0,0.0,3299.0,1395.0,345.681,6.643,0.0,0.0,prepaid,1.329,0.0,0.0,45.0,0.0,53.1,988.247,"",'133080726915909741803,2026-06-04,11150236697,a7460634-d1fd-4cbc-be36-697c60cc9c0f,"",Forward,100095507415,100095507415,11504,1328.57,5.0,1733.0,0.0,1733.0,packet_delivered,0.0,0.0,0.0,0.0,0.0,0.0,0.0,0.0,NA,0,1566.0
NFT-/XUTR/DEUTH02615538495X,63.24,0.0,0.0,2999.0,1328.0,329.078,6.324,0.0,0.0,prepaid,1.265,0.0,0.0,45.0,0.0,53.1,938.233,"",'133103728316199937603,2026-06-04,11154921450,429a2870-aa82-4d54-8c66-7ebcd09ce05b,"",Forward,100100192157,1000029776893,11504,1264.76,5.0,1500.0,0.0,1500.0,packet_delivered,0.0,0.0,0.0,0.0,0.0,0.0,0.0,0.0,NA,0,1499.0
NFT-/XUTR/DEUTH02615538495X,31.43,0.0,0.0,2999.0,660.0,31.151999999999997,3.143,0.0,0.0,prepaid,0.629,0.0,0.0,27.0,12.078,46.11204,578.964,"",'133109123033854305901,2026-06-04,11156207003,ae536126-4a1c-4f41-82bc-cae57cb0f39f,"",Forward,100101477708,1000030232468,11504,628.57,5.0,2245.0,0.0,2245.0,packet_delivered,0.0,0.0,0.0,0.0,0.0,0.0,0.0,0.0,NA,0,754.0
NFT-/XUTR/DEUTH02615538495X,59.62,0.0,0.0,2999.0,1252.0,310.246,5.962,0.0,0.0,prepaid,1.192,0.0,0.0,45.0,0.0,53.1,881.5,"",'133113217892847809903,2026-06-04,11156692348,d168cb35-d6cc-48af-910c-952a8b7a99e1,"",Forward,100101963050,100101963050,11504,1192.38,5.0,1576.0,0.0,1576.0,packet_delivered,0.0,0.0,0.0,0.0,0.0,0.0,0.0,0.0,NA,0,1423.0
NFT-/XUTR/DEUTH02615538495X,38.0,0.0,0.0,1899.0,798.0,207.161,3.8,0.0,0.0,prepaid,0.76,0.0,0.0,27.0,6.703,39.76954,546.509,"",'133082376306832662701,2026-06-04,11150699862,94202739-149a-4c1e-9c35-8bc51454ea12,"",Forward,100095970579,100095970579,11504,760,5.0,1007.0,0.0,1007.0,packet_delivered,0.0,0.0,0.0,0.0,0.0,0.0,0.0,0.0,NA,0,892.0
NFT-/XUTR/DEUTH02615538495X,104.43,0.0,0.0,2399.0,2193.0,491.671,10.443,0.0,0.0,prepaid,2.089,0.0,0.0,61.0,0.0,71.98,1616.817,"",'133061650030896398201,2026-06-04,11146098678,da83dba8-6220-43d1-a9c2-edaf54a97cba,"",Forward,100091369408,1000026988201,11504,2088.57,5.0,0.0,0.0,0.0,packet_delivered,0.0,0.0,0.0,0.0,0.0,0.0,0.0,0.0,NA,0,2399.0
NFT-/XUTR/DEUTH02615538495X,100.95,0.0,0.0,3499.0,2120.0,500.31999999999994,10.095,0.0,0.0,prepaid,2.019,0.0,0.0,61.0,0.0,71.98,1535.586,"",'133109594226972454003,2026-06-04,11156338297,94d7a06d-e128-4749-931d-a1efe9eb655a,"",Forward,100101609003,1000030234252,11504,2019.05,5.0,1173.0,0.0,1173.0,packet_delivered,0.0,0.0,0.0,0.0,0.0,0.0,0.0,0.0,NA,0,2326.0
NFT-/XUTR/DEUTH02615538495X,59.67,0.0,0.0,2999.0,1253.0,310.493,5.967,0.0,0.0,prepaid,1.193,182.0,0.0,0.0,0.0,214.76,-1150.107,"",'133078249502541074403,2026-06-04,11149525895,6985069f-5fab-42c7-88f5-25483bc9a156,100163556023,Reverse,100094796617,1000028125847,11504,1193.33,5.0,1575.0,0.0,1575.0,return_refund,0.0,0.0,0.0,0.0,0.0,0.0,0.0,0.0,NA,0,1424.0
NFT-/XUTR/DEUTH02615538495X,39.52,0.0,0.0,2499.0,830.0,215.468,3.952,0.0,0.0,prepaid,0.79,182.0,0.0,0.0,0.0,214.76,-824.55,"",'133080742849326887901,2026-06-04,11150241135,a9aa8f13-2b18-4bbb-ab67-b4033212cdfa,100163448703,Reverse,100095511853,100095511853,11504,790.48,5.0,1575.0,0.0,1575.0,return_refund,0.0,0.0,0.0,0.0,0.0,0.0,0.0,0.0,NA,0,924.0
NFT-/XUTR/DEUTH02615538495X,103.95,0.0,0.0,6399.0,2183.0,515.188,10.395,0.0,0.0,prepaid,2.079,346.0,0.0,0.0,0.0,408.28,-2063.618,"",'133089661546719255603,2026-06-04,11152334858,b1907295-c026-4548-9396-c3e4b29db3a8,100163858870,Reverse,100097605569,100097605569,11504,2079.05,5.0,3904.0,0.0,3904.0,return_refund,0.0,0.0,0.0,0.0,0.0,0.0,0.0,0.0,NA,0,2495.0
NFT-/XUTR/DEUTH02615538495X,0.0,29.81,29.81,2999.0,434.25,107.607,0.0,1.034,1.034,prepaid,0.414,0.0,0.0,15.608,0.0,18.41744,305.744,"",'133107125698704817703,2026-06-04,11155699521,f3919d39-611b-4715-8ec0-b0ec093488c1,"",Forward,100100970227,100100970227,11504,1192.38,5.0,1576.0,0.0,1576.0,packet_delivered,0.0,0.0,0.0,0.0,0.0,0.0,0.0,0.0,NA,0,1423.0
NFT-/XUTR/DEUTH02615538495X,43.05,0.0,0.0,1999.0,904.0,234.678,4.305,0.0,0.0,prepaid,0.861,0.0,0.0,27.0,0.0,31.86,632.296,"",'133113639451797175401,2026-06-04,11156793010,702c1a46-8661-4967-baeb-9e9adfefdf0e,"",Forward,100102063713,100102063713,11504,860.95,5.0,1001.0,0.0,1001.0,packet_delivered,0.0,0.0,0.0,0.0,0.0,0.0,0.0,0.0,NA,0,998.0
NFT-/XUTR/DEUTH02615538495X,100.95,0.0,0.0,3499.0,2120.0,500.31999999999994,10.095,0.0,0.0,prepaid,2.019,0.0,0.0,61.0,0.0,71.98,1535.586,"",'133098158024902986401,2026-06-04,11154087884,5d9a4c5c-a4f2-43b3-81aa-5e902ecb2851,"",Forward,100099358593,100099358593,11504,2019.05,5.0,1173.0,0.0,1173.0,packet_delivered,0.0,0.0,0.0,0.0,0.0,0.0,0.0,0.0,NA,0,2326.0
NFT-/XUTR/DEUTH02615538495X,37.19,0.0,0.0,1750.0,781.0,202.748,3.719,0.0,0.0,prepaid,0.744,0.0,0.0,27.0,0.0,31.86,541.929,"",'133065006836547912403,2026-06-04,11146965519,28d7f867-e379-4249-a304-4125a25ec405,"",Forward,100092236247,1000027177523,11504,743.81,5.0,875.0,0.0,875.0,packet_delivered,0.0,0.0,0.0,0.0,0.0,0.0,0.0,0.0,NA,0,875.0
NFT-/XUTR/DEUTH02615538495X,39.81,0.0,0.0,2799.0,836.0,217.026,3.981,0.0,0.0,prepaid,0.796,0.0,0.0,27.0,0.0,31.86,582.337,"",'133072225840861949001,2026-06-04,11148409948,0bd876fe-4f4b-4631-a9f9-a637dd2f87bc,"",Forward,100093680674,100093680674,11504,796.19,5.0,1792.0,0.0,1792.0,packet_delivered,0.0,0.0,0.0,0.0,0.0,0.0,0.0,0.0,NA,0,1007.0
NFT-/XUTR/DEUTH02615538495X,47.24,0.0,0.0,1750.0,992.0,257.523,4.724,0.0,0.0,prepaid,0.945,0.0,0.0,27.0,0.0,31.86,696.948,"",'133082891378221443401,2026-06-04,11150862234,84ba5be5-14e6-4da0-8ac1-cdad6db00cb3,"",Forward,100096132950,100096132950,11504,944.76,5.0,587.0,0.0,587.0,packet_delivered,0.0,0.0,0.0,0.0,0.0,0.0,0.0,0.0,NA,0,1163.0
NFT-/XUTR/DEUTH02615538495X,85.1,0.0,0.0,2999.0,1787.0,442.819,8.51,0.0,0.0,prepaid,1.702,0.0,0.0,45.0,0.0,53.1,1280.869,"",'133094869693000434101,2026-06-04,11153444856,d9e86a25-948e-429b-9e02-19d4f1818b2c,"",Forward,100098715565,1000029315098,11504,1701.9,5.0,1006.0,0.0,1006.0,packet_delivered,0.0,0.0,0.0,0.0,0.0,0.0,0.0,0.0,NA,0,1993.0
NFT-/XUTR/DEUTH02615538495X,48.48,0.0,0.0,1699.0,581.13,137.147,2.767,0.0,0.0,prepaid,0.553,103.896,0.0,0.0,0.0,122.59728,-563.26,"",'133081805073232455001,2026-06-04,11150542084,1563d6f2-de8d-42e3-9caa-68b9e51197d6,100163469037,Reverse,100095812801,100095812801,11504,969.52,5.0,510.0,0.0,510.0,return_refund,0.0,0.0,0.0,0.0,0.0,0.0,0.0,0.0,NA,0,1189.0
NFT-/XUTR/DEUTH02615538495X,38.43,0.0,0.0,1899.0,807.0,199.975,3.843,0.0,0.0,prepaid,0.769,0.0,0.0,27.0,6.214,39.19252,563.22,"",'133061650030896398201,2026-06-04,11146098682,da83dba8-6220-43d1-a9c2-edaf54a97cba,"",Forward,100091369412,1000026988201,11504,768.57,5.0,998.0,0.0,998.0,packet_delivered,0.0,0.0,0.0,0.0,0.0,0.0,0.0,0.0,NA,0,901.0
NFT-/XUTR/DEUTH02615538495X,35.76,0.0,0.0,1799.0,751.0,194.96,3.576,0.0,0.0,prepaid,0.715,0.0,0.0,27.0,0.0,31.86,519.889,"",'133063400631713800603,2026-06-04,11146562608,2b8a6f77-8909-41dd-810d-576e28a9bd61,"",Forward,100091833337,100091833337,11504,715.24,5.0,954.0,0.0,954.0,packet_delivered,0.0,0.0,0.0,0.0,0.0,0.0,0.0,0.0,NA,0,845.0
NFT-/XUTR/DEUTH02615538495X,51.81,0.0,0.0,1799.0,1088.0,256.768,5.181,0.0,0.0,prepaid,1.036,0.0,0.0,45.0,0.0,53.1,771.915,"",'133080134833666292801,2026-06-04,11150062772,67c8e5b5-9dad-4fb1-91fe-13ab80551897,"",Forward,100095333490,100095333490,11504,1036.19,5.0,540.0,0.0,540.0,packet_delivered,0.0,0.0,0.0,0.0,0.0,0.0,0.0,0.0,NA,0,1259.0
NFT-/XUTR/DEUTH02615538495X,18.95,0.0,0.0,1699.0,398.0,18.786,1.895,0.0,0.0,prepaid,0.379,0.0,0.0,0.0,0.0,0.0,376.94,"",'133080361072745679003,2026-06-04,11150130186,b42d0b0d-de17-46e9-b489-86244ac46090,"",Forward,100095400904,100095400904,11504,379.05,5.0,1207.0,0.0,1207.0,packet_delivered,0.0,0.0,0.0,0.0,0.0,0.0,0.0,0.0,NA,0,492.0
NFT-/XUTR/DEUTH02615538495X,34.76,0.0,0.0,1650.0,730.0,189.508,3.476,0.0,0.0,prepaid,0.695,0.0,0.0,27.0,0.0,31.86,504.461,"",'133113305113852981803,2026-06-04,11156712388,e62923ae-80f3-41d9-ae8f-c5208045299f,"",Forward,100101983091,100101983091,11504,695.24,5.0,826.0,0.0,826.0,packet_delivered,0.0,0.0,0.0,0.0,0.0,0.0,0.0,0.0,NA,0,824.0
NFT-/XUTR/DEUTH02615538495X,40.71,0.0,0.0,1899.0,855.0,221.958,4.071,0.0,0.0,prepaid,0.814,0.0,0.0,27.0,0.0,31.86,596.297,"",'133084971230176460903,2026-06-04,11151288955,11eaf874-0b18-439b-b524-4ed80a9cba98,"",Forward,100096559670,100096559670,11504,814.29,5.0,950.0,0.0,950.0,packet_delivered,0.0,0.0,0.0,0.0,0.0,0.0,0.0,0.0,NA,0,949.0
NFT-/XUTR/DEUTH02615538495X,35.05,0.0,0.0,2299.0,736.0,34.739,3.505,0.0,0.0,prepaid,0.701,0.0,0.0,27.0,14.72,49.2296,647.825,"",'133113621755273070303,2026-06-04,11156788483,e1db1a7c-0458-42f0-8474-41fdd5cae75d,"",Forward,100102059186,1000030230264,11504,700.95,5.0,1469.0,0.0,1469.0,packet_delivered,0.0,0.0,0.0,0.0,0.0,0.0,0.0,0.0,NA,0,830.0
NFT-/XUTR/DEUTH02615538495X,66.43,0.0,0.0,3299.0,1395.0,345.681,6.643,0.0,0.0,prepaid,1.329,0.0,0.0,45.0,0.0,53.1,988.247,"",'133071167780529847703,2026-06-04,11148134584,7c6bdd26-f10d-4568-81f3-f20782698298,"",Forward,100093405312,100093405312,11504,1328.57,5.0,1733.0,0.0,1733.0,packet_delivered,0.0,0.0,0.0,0.0,0.0,0.0,0.0,0.0,NA,0,1566.0
NFT-/XUTR/DEUTH02615538495X,59.67,0.0,0.0,2999.0,1253.0,310.493,5.967,0.0,0.0,prepaid,1.193,0.0,0.0,45.0,0.0,53.1,882.247,"",'133081429075068744703,2026-06-04,11150433645,80af924e-1692-462b-874c-ad1d504f7e1f,"",Forward,100095704363,100095704363,11504,1193.33,5.0,1575.0,0.0,1575.0,packet_delivered,0.0,0.0,0.0,0.0,0.0,0.0,0.0,0.0,NA,0,1424.0
NFT-/XUTR/DEUTH02615538495X,70.38,0.0,0.0,3299.0,1478.0,366.248,7.038,0.0,0.0,prepaid,1.408,182.0,0.0,0.0,0.0,214.76,-1318.066,"",'133083715442887663503,2026-06-04,11151147245,254d520b-d9ce-40f3-9d79-2a800f25430e,100163501594,Reverse,100096417960,1000028671344,11504,1407.62,5.0,1650.0,0.0,1650.0,return_refund,0.0,0.0,0.0,0.0,0.0,0.0,0.0,0.0,NA,0,1649.0
NFT-/XUTR/DEUTH02615538495X,45.62,0.0,0.0,1699.0,958.0,248.697,4.562,0.0,0.0,prepaid,0.912,0.0,0.0,27.0,0.0,31.86,671.969,"",'133081198831036840603,2026-06-04,11150367443,12661a72-d3cb-485b-a5cb-6dfa9095af43,"",Forward,100095638161,100095638161,11504,912.38,5.0,570.0,0.0,570.0,packet_delivered,0.0,0.0,0.0,0.0,0.0,0.0,0.0,0.0,NA,0,1129.0
NFT-/XUTR/DEUTH02615538495X,40.71,0.0,0.0,1899.0,855.0,221.958,4.071,0.0,0.0,prepaid,0.814,0.0,0.0,27.0,0.0,31.86,596.297,"",'133075198794420965001,2026-06-04,11149263613,e4df7c7a-870d-4234-b4b7-a0d18fae3b3e,"",Forward,100094534336,100094534336,11504,814.29,5.0,950.0,0.0,950.0,packet_delivered,0.0,0.0,0.0,0.0,0.0,0.0,0.0,0.0,NA,0,949.0
NFT-/XUTR/DEUTH02615538495X,48.81,0.0,0.0,1799.0,1025.0,241.9,4.881,0.0,0.0,prepaid,0.976,182.0,0.0,0.0,0.0,214.76,-992.003,"",'133087397683658047003,2026-06-04,11151588722,c91d6e87-5819-42bd-9194-9a0799f23d32,100163475448,Reverse,100096859436,100096859436,11504,976.19,5.0,603.0,0.0,603.0,return_refund,0.0,0.0,0.0,0.0,0.0,0.0,0.0,0.0,NA,0,1196.0
NFT-/XUTR/DEUTH02615538495X,42.43,0.0,0.0,3399.0,891.0,231.304,4.243,0.0,0.0,prepaid,0.849,0.0,0.0,27.0,0.0,31.86,622.744,"",'133080949789506233103,2026-06-04,11150298351,5ae520c2-7325-4af9-a18a-2b0db234254a,"",Forward,100095569069,100095569069,11504,848.57,5.0,2414.0,0.0,2414.0,packet_delivered,0.0,0.0,0.0,0.0,0.0,0.0,0.0,0.0,NA,0,985.0
NFT-/XUTR/DEUTH02615538495X,33.19,0.0,0.0,2499.0,697.0,32.898,3.319,0.0,0.0,prepaid,0.664,0.0,0.0,27.0,0.0,31.86,628.259,"",'133103872782657739803,2026-06-04,11154942276,562989eb-d8c5-46bb-87a2-76d592ec9a43,"",Forward,100100212983,100100212983,11504,663.81,5.0,1708.0,0.0,1708.0,packet_delivered,0.0,0.0,0.0,0.0,0.0,0.0,0.0,0.0,NA,0,791.0
NFT-/XUTR/DEUTH02615538495X,36.71,0.0,0.0,2850.0,771.0,36.391,3.671,0.0,0.0,prepaid,0.734,0.0,0.0,27.0,10.486,44.23348,685.971,"",'133105593841384917003,2026-06-04,11155331088,90e362ee-f5d8-4573-8093-50cd9318295c,"",Forward,100100601795,100100601795,11504,734.29,5.0,1985.0,0.0,1985.0,packet_delivered,0.0,0.0,0.0,0.0,0.0,0.0,0.0,0.0,NA,0,865.0
NFT-/XUTR/DEUTH02615538495X,0.0,24.38,24.38,3399.0,1024.0,253.747,0.0,2.438,2.438,prepaid,0.975,0.0,0.0,45.0,0.0,53.1,711.302,"",'133113874839945647101,2026-06-04,11156904527,afce37eb-303a-4ee3-a91d-48355cd005bf,"",Forward,100102175230,1000030267771,11504,975.24,5.0,2204.0,0.0,2204.0,packet_delivered,0.0,0.0,0.0,0.0,0.0,0.0,0.0,0.0,NA,0,1195.0
NFT-/XUTR/DEUTH02615538495X,61.95,0.0,0.0,2899.0,1301.0,322.388,6.195,0.0,0.0,prepaid,1.239,127.0,0.0,0.0,0.0,149.86,-1121.038,"",'133098678576519262701,2026-06-04,11154194980,ae93e720-c85e-4c29-83f0-9ec79074775a,100165764537,Reverse,100099465689,100099465689,11504,1239.05,5.0,1427.0,0.0,1427.0,return_refund,0.0,0.0,0.0,0.0,0.0,0.0,0.0,0.0,NA,0,1472.0
NFT-/XUTR/DEUTH02615538495X,33.52,0.0,0.0,1699.0,704.0,182.758,3.352,0.0,0.0,prepaid,0.67,0.0,0.0,27.0,0.0,31.86,485.36,"",'133081599612529990303,2026-06-04,11150483292,bb0bdd4d-5791-40b1-9a5b-8375e9de2689,"",Forward,100095754010,100095754010,11504,670.48,5.0,901.0,0.0,901.0,packet_delivered,0.0,0.0,0.0,0.0,0.0,0.0,0.0,0.0,NA,0,798.0
NFT-/XUTR/DEUTH02615538495X,0.0,17.36,17.36,2999.0,729.0,34.40899999999999,0.0,1.7355,1.7355,prepaid,0.694,0.0,0.0,27.0,0.0,31.86,658.566,"",'133109071782852871201,2026-06-04,11156191463,49fefd7e-3b23-480c-8fa2-3abcd8df57d0,"",Forward,100101462168,100101462168,11504,694.28,5.0,2176.0,0.0,2176.0,packet_delivered,0.0,0.0,0.0,0.0,0.0,0.0,0.0,0.0,NA,0,823.0
NFT-/XUTR/DEUTH02615538495X,63.24,0.0,0.0,2999.0,1328.0,329.078,6.324,0.0,0.0,prepaid,1.265,0.0,0.0,45.0,0.0,53.1,938.233,"",'133083597625938121101,2026-06-04,11151107863,aa0c0911-a430-42c6-b831-ec757ce05986,"",Forward,100096378578,100096378578,11504,1264.76,5.0,1500.0,0.0,1500.0,packet_delivered,0.0,0.0,0.0,0.0,0.0,0.0,0.0,0.0,NA,0,1499.0
NFT-/XUTR/DEUTH02615538495X,63.19,0.0,0.0,2999.0,1327.0,328.831,6.319,0.0,0.0,prepaid,1.264,0.0,0.0,45.0,0.0,53.1,937.486,"",'133106395752445795301,2026-06-04,11155535866,07b94882-5c50-4f52-9007-5fa8c2392db8,"",Forward,100100806572,1000030234717,11504,1263.81,5.0,1501.0,0.0,1501.0,packet_delivered,0.0,0.0,0.0,0.0,0.0,0.0,0.0,0.0,NA,0,1498.0
NFT-/XUTR/DEUTH02615538495X,85.14,0.0,0.0,2999.0,1788.0,443.066,8.514,0.0,0.0,prepaid,1.703,0.0,0.0,45.0,0.0,53.1,1281.617,"",'133107916529374920503,2026-06-04,11155879945,8d6e6aee-d45a-4ca0-b68c-40efce86a313,"",Forward,100101150651,100101150651,11504,1702.86,5.0,1005.0,0.0,1005.0,packet_delivered,0.0,0.0,0.0,0.0,0.0,0.0,0.0,0.0,NA,0,1994.0
NFT-/XUTR/DEUTH02615538495X,37.91,0.0,0.0,2699.0,796.0,37.571,3.79,0.0,0.0,prepaid,0.758,182.0,0.0,0.0,0.0,214.76,-968.641,"",'133087710847605041501,2026-06-04,11151688179,efc5185f-2475-4bb1-be16-010dfcf2b530,11151688179,Reverse,100096958891,100096958891,11504,758.1,5.0,1809.0,0.0,1809.0,exchange,0.0,0.0,0.0,0.0,0.0,0.0,0.0,0.0,NA,0,890.01
NFT-/XUTR/DEUTH02615538495X,51.95,0.0,0.0,1899.0,1091.0,257.476,5.195,0.0,0.0,prepaid,1.039,0.0,0.0,45.0,0.0,53.1,774.19,"",'133090638956486960703,2026-06-04,11152640290,5f178ddb-51e7-4f10-bc19-a9b9a043e007,"",Forward,100097911000,100097911000,11504,1039.05,5.0,637.0,0.0,637.0,packet_delivered,0.0,0.0,0.0,0.0,0.0,0.0,0.0,0.0,NA,0,1262.0
NFT-/XUTR/DEUTH02615538495X,19.0,0.0,0.0,1450.0,399.0,18.833,1.9,0.0,0.0,prepaid,0.38,182.0,0.0,0.0,0.0,214.76,-592.647,"",'133065589583287312201,2026-06-04,11147135837,1fc25fc3-8b89-4784-a5ee-f6fcd3ccfab0,100163355391,Reverse,100092406565,100092406565,11504,380,5.0,957.0,0.0,957.0,return_refund,0.0,0.0,0.0,0.0,0.0,0.0,0.0,0.0,NA,0,493.0
NFT-/XUTR/DEUTH02615538495X,53.57,0.0,0.0,1950.0,1125.0,265.5,5.357,0.0,0.0,prepaid,1.071,182.0,0.0,0.0,0.0,214.76,-1067.832,"",'133080085735243168201,2026-06-04,11150048331,dc78831c-e801-4b01-9707-80199ea8de36,100163894316,Reverse,100095319049,100095319049,11504,1071.43,5.0,654.0,0.0,654.0,return_refund,0.0,0.0,0.0,0.0,0.0,0.0,0.0,0.0,NA,0,1296.0
NFT-/XUTR/DEUTH02615538495X,66.14,0.0,0.0,1999.0,1389.0,327.804,6.614,0.0,0.0,prepaid,1.323,182.0,0.0,0.0,0.0,214.76,-1268.019,"",'133082268967610786801,2026-06-04,11150669455,57dc7a92-315b-4114-960e-8c1bc12aa961,11150669455,Reverse,100095940172,100095940172,11504,1322.86,5.0,439.0,0.0,439.0,exchange,0.0,0.0,0.0,0.0,0.0,0.0,0.0,0.0,NA,0,1560.0
NFT-/XUTR/DEUTH02615538495X,29.38,0.0,0.0,1499.0,617.0,160.173,2.938,0.0,0.0,prepaid,0.588,182.0,0.0,0.0,0.0,214.76,-668.061,"",'133061650030896398201,2026-06-04,11146098666,da83dba8-6220-43d1-a9c2-edaf54a97cba,100163348677,Reverse,100091369396,1000026988201,11504,587.62,5.0,788.0,0.0,788.0,return_refund,0.0,0.0,0.0,0.0,0.0,0.0,0.0,0.0,NA,0,711.0
NFT-/XUTR/DEUTH02615538495X,59.67,0.0,0.0,1999.0,1253.0,295.708,5.967,0.0,0.0,prepaid,1.193,182.0,0.0,0.0,0.0,214.76,-1164.892,"",'133061650030896398201,2026-06-04,11146098680,da83dba8-6220-43d1-a9c2-edaf54a97cba,100163347838,Reverse,100091369410,1000026988201,11504,1193.33,5.0,575.0,0.0,575.0,return_refund,0.0,0.0,0.0,0.0,0.0,0.0,0.0,0.0,NA,0,1424.0
NFT-/XUTR/DEUTH02615538495X,66.14,0.0,0.0,1999.0,1389.0,327.804,6.614,0.0,0.0,prepaid,1.323,0.0,0.0,45.0,0.0,53.1,1000.159,"",'133082268967610786801,2026-06-04,11150669455,57dc7a92-315b-4114-960e-8c1bc12aa961,"",Forward,100095940172,100095940172,11504,1322.86,5.0,439.0,0.0,439.0,packet_delivered,0.0,0.0,0.0,0.0,0.0,0.0,0.0,0.0,NA,0,1560.0
NFT-/XUTR/DEUTH02615538495X,59.67,0.0,0.0,2999.0,1253.0,310.493,5.967,0.0,0.0,prepaid,1.193,182.0,0.0,0.0,0.0,214.76,-1150.107,"",'133073325918996402501,2026-06-04,11148697170,dd509798-68cf-40df-b51f-b372216fcbf0,100163494490,Reverse,100093967896,100093967896,11504,1193.33,5.0,1575.0,0.0,1575.0,return_refund,0.0,0.0,0.0,0.0,0.0,0.0,0.0,0.0,NA,0,1424.0
NFT-/XUTR/DEUTH02615538495X,40.71,0.0,0.0,1999.0,855.0,221.958,4.071,0.0,0.0,prepaid,0.814,182.0,0.0,0.0,0.0,214.76,-842.917,"",'133081769788843163501,2026-06-04,11150532202,75c1bb9f-770f-4198-8ea3-7a124a186487,11150532202,Reverse,100095802920,100095802920,11504,814.29,5.0,1050.0,0.0,1050.0,exchange,0.0,0.0,0.0,0.0,0.0,0.0,0.0,0.0,NA,0,949.0
NFT-/XUTR/DEUTH02615538495X,58.95,0.0,0.0,2999.0,1238.0,306.776,5.895,0.0,0.0,prepaid,1.179,0.0,0.0,45.0,0.0,53.1,871.05,"",'133071983225439065303,2026-06-04,11148349066,cf580982-bf91-4681-a9cc-f8552547c552,"",Forward,100093619792,100093619792,11504,1179.05,5.0,1590.0,0.0,1590.0,packet_delivered,0.0,0.0,0.0,0.0,0.0,0.0,0.0,0.0,NA,0,1409.0
NFT-/XUTR/DEUTH02615538495X,59.67,0.0,0.0,2999.0,1253.0,310.493,5.967,0.0,0.0,prepaid,1.193,0.0,0.0,45.0,0.0,53.1,882.247,"",'133089400566353455203,2026-06-04,11152254410,b98ad959-0151-4c48-a3d5-b0b76674c5a7,"",Forward,100097525121,1000029297763,11504,1193.33,5.0,1575.0,0.0,1575.0,packet_delivered,0.0,0.0,0.0,0.0,0.0,0.0,0.0,0.0,NA,0,1424.0
NFT-/XUTR/DEUTH02615538495X,54.52,0.0,0.0,2950.0,1145.0,283.731,5.452,0.0,0.0,prepaid,1.09,182.0,0.0,0.0,0.0,214.76,-1069.487,"",'133087983629822589203,2026-06-04,11151781184,d218a744-453c-4792-8525-47577436a9b4,100163842943,Reverse,100097051896,100097051896,11504,1090.48,5.0,1634.0,0.0,1634.0,return_refund,0.0,0.0,0.0,0.0,0.0,0.0,0.0,0.0,NA,0,1316.0
NFT-/XUTR/DEUTH02615538495X,34.71,0.0,0.0,2999.0,729.0,34.40899999999999,3.471,0.0,0.0,prepaid,0.694,127.0,0.0,0.0,0.0,149.86,-840.286,"",'133100187679737670103,2026-06-04,11154532849,60391728-109b-416b-a434-506c80ce00a7,100166891908,Reverse,100099803557,100099803557,11504,694.29,5.0,2176.0,0.0,2176.0,return_refund,0.0,0.0,0.0,0.0,0.0,0.0,0.0,0.0,NA,0,823.0
NFT-/XUTR/DEUTH02615538495X,70.14,0.0,0.0,3499.0,1473.0,365.009,7.014,0.0,0.0,prepaid,1.403,0.0,0.0,45.0,0.0,53.1,1046.474,"",'133078864443330969703,2026-06-04,11149674366,43f84c1c-a9e7-48d6-bb54-478140df752a,"",Forward,100094945084,100094945084,11504,1402.86,5.0,1855.0,0.0,1855.0,packet_delivered,0.0,0.0,0.0,0.0,0.0,0.0,0.0,0.0,NA,0,1644.0
NFT-/XUTR/DEUTH02615538495X,0.0,29.81,29.81,2999.0,1252.0,310.246,0.0,2.981,2.981,prepaid,1.192,0.0,0.0,45.0,0.0,53.1,881.5,"",'133108244866318592601,2026-06-04,11155961022,45a8303d-47f8-401f-99a2-84a8f090e34b,"",Forward,100101231728,100101231728,11504,1192.38,5.0,1576.0,0.0,1576.0,packet_delivered,0.0,0.0,0.0,0.0,0.0,0.0,0.0,0.0,NA,0,1423.0
NFT-/XUTR/DEUTH02615538495X,55.57,0.0,0.0,2999.0,1167.0,289.183,5.557,0.0,0.0,prepaid,1.111,0.0,0.0,45.0,0.0,53.1,818.049,"",'133083936709184945401,2026-06-04,11151198748,77f5b407-2339-41c3-94e2-848138f03df1,"",Forward,100096469463,100096469463,11504,1111.43,5.0,1661.0,0.0,1661.0,packet_delivered,0.0,0.0,0.0,0.0,0.0,0.0,0.0,0.0,NA,0,1338.0
NFT-/XUTR/DEUTH02615538495X,35.05,0.0,0.0,1750.0,736.0,191.066,3.505,0.0,0.0,prepaid,0.701,106.0,0.0,0.0,0.0,125.08,-665.808,"",'133109583453704731003,2026-06-04,11156335852,cd814e25-7b2e-45ce-af7c-f8060c7e27d9,100165673413,Reverse,100101606557,1000030044495,11504,700.95,5.0,920.0,0.0,920.0,return_refund,0.0,0.0,0.0,0.0,0.0,0.0,0.0,0.0,NA,0,830.0
NFT-/XUTR/DEUTH02615538495X,36.19,0.0,0.0,1799.0,688.0,178.605,3.276,0.0,0.0,prepaid,0.655,0.0,0.0,24.442,0.0,28.84156,476.622,"",'133083568897498803003,2026-06-04,11151097117,883e0c89-f254-4ee5-9176-9df49d6e0528,"",Forward,100096367832,1000028440458,11504,723.81,5.0,945.0,72.0,1017.0,packet_delivered,0.0,0.0,0.0,0.0,0.0,0.0,0.0,0.0,NA,0,854.0
NFT-/XUTR/DEUTH02615538495X,0.0,42.52,42.52,2099.0,1786.0,421.496,0.0,4.2525,4.2525,prepaid,1.701,106.0,0.0,0.0,0.0,125.08,-1479.378,"",'133113874839945647101,2026-06-04,11156904526,afce37eb-303a-4ee3-a91d-48355cd005bf,100164388182,Reverse,100102175229,1000030267771,11504,1700.96,5.0,107.0,0.0,107.0,return_refund,0.0,0.0,0.0,0.0,0.0,0.0,0.0,0.0,NA,0,1992.0
NFT-/XUTR/DEUTH02615538495X,26.1,0.0,0.0,1799.0,548.0,38.798,2.61,0.0,0.0,prepaid,0.522,0.0,0.0,27.0,5.151,37.93818,468.132,"",'133097624489538997303,2026-06-04,11153973841,cbbdc7f9-51d4-46a6-a44f-b84dfbe8ae0f,"",Forward,100099244550,1000029778942,11504,521.9,5.0,1157.0,0.0,1157.0,packet_delivered,0.0,0.0,0.0,0.0,0.0,0.0,0.0,0.0,NA,0,642.0
NFT-/XUTR/DEUTH02615538495X,55.14,0.0,0.0,1899.0,1158.0,273.288,5.514,0.0,0.0,prepaid,1.103,182.0,0.0,0.0,0.0,214.76,-1092.855,"",'133087792107837357003,2026-06-04,11151714863,67d2cf25-2b11-4bf7-83d4-9f2b5a2e215c,100163783525,Reverse,100096985575,100096985575,11504,1102.86,5.0,570.0,0.0,570.0,return_refund,0.0,0.0,0.0,0.0,0.0,0.0,0.0,0.0,NA,0,1329.0
NFT-/XUTR/DEUTH02615538495X,85.14,0.0,0.0,2999.0,1236.247,306.342,5.887,0.0,0.0,prepaid,1.177,0.0,0.0,31.114,0.0,36.71452,886.126,"",'133113790369710254601,2026-06-04,11156840060,7513f229-935b-47af-b542-b045ffd1621e,"",Forward,100102110763,100102110763,11504,1702.86,5.0,1005.0,0.0,1005.0,packet_delivered,0.0,0.0,0.0,0.0,0.0,0.0,0.0,0.0,NA,0,1994.0
NFT-/XUTR/DEUTH02615538495X,38.33,0.0,0.0,1799.0,805.0,208.978,3.833,0.0,0.0,prepaid,0.767,127.0,0.0,0.0,0.0,149.86,-741.282,"",'133087678415817542601,2026-06-04,11151677383,d67a869a-e156-4d5e-afee-f92ecab2ff2a,100163469978,Reverse,100096948095,100096948095,11504,766.67,5.0,900.0,0.0,900.0,return_refund,0.0,0.0,0.0,0.0,0.0,0.0,0.0,0.0,NA,0,899.0
NFT-/XUTR/DEUTH02615538495X,32.91,0.0,0.0,1699.0,691.0,179.384,3.29,0.0,0.0,prepaid,0.658,0.0,0.0,27.0,0.0,31.86,475.808,"",'133105563053121769803,2026-06-04,11155322812,141eafd9-7999-4185-9af2-c3f60d894c23,"",Forward,100100593519,100100593519,11504,658.1,5.0,914.0,0.0,914.0,packet_delivered,0.0,0.0,0.0,0.0,0.0,0.0,0.0,0.0,NA,0,785.01
NFT-/XUTR/DEUTH02615538495X,37.57,0.0,0.0,3399.0,789.0,37.241,3.757,0.0,0.0,prepaid,0.751,182.0,0.0,0.0,0.0,214.76,-962.011,"",'132887801347082371303,2026-06-04,11111756368,d7f06b44-2dfd-4f07-8b4a-bc51f262135b,100166977813,Reverse,100057027308,100057027308,11504,751.43,5.0,2516.0,0.0,2516.0,return_refund,0.0,0.0,0.0,0.0,0.0,0.0,0.0,0.0,NA,0,882.95
NFT-/XUTR/DEUTH02615538495X,48.48,0.0,0.0,1699.0,581.13,137.147,2.767,0.0,0.0,prepaid,0.553,0.0,0.0,25.688,0.0,30.31184,410.351,"",'133081805073232455001,2026-06-04,11150542084,1563d6f2-de8d-42e3-9caa-68b9e51197d6,"",Forward,100095812801,100095812801,11504,969.52,5.0,510.0,0.0,510.0,packet_delivered,0.0,0.0,0.0,0.0,0.0,0.0,0.0,0.0,NA,0,1189.0
NFT-/XUTR/DEUTH02615538495X,39.52,0.0,0.0,2499.0,830.0,215.468,3.952,0.0,0.0,prepaid,0.79,0.0,0.0,27.0,0.0,31.86,577.93,"",'133083312818199028101,2026-06-04,11151010016,fe782380-9892-4294-9b33-1d395391221c,"",Forward,100096280732,100096280732,11504,790.48,5.0,1575.0,0.0,1575.0,packet_delivered,0.0,0.0,0.0,0.0,0.0,0.0,0.0,0.0,NA,0,924.0
NFT-/XUTR/DEUTH02615538495X,18.76,0.0,0.0,1999.0,394.0,41.843,1.876,0.0,0.0,prepaid,0.375,0.0,0.0,27.0,0.0,31.86,318.046,"",'133104135779497521301,2026-06-04,11154985848,a7eae700-37d7-47f3-8ba3-90945d93de86,"",Forward,100100256555,1000029688743,11504,375.24,5.0,1546.0,0.0,1546.0,packet_delivered,0.0,0.0,0.0,0.0,0.0,0.0,0.0,0.0,NA,0,453.0
NFT-/XUTR/DEUTH02615538495X,63.24,0.0,0.0,2999.0,1328.0,329.078,6.324,0.0,0.0,prepaid,1.265,0.0,0.0,45.0,0.0,53.1,938.233,"",'133087603671540862203,2026-06-04,11151652168,8249ed46-6a13-46d1-ab77-d716cbfc3532,"",Forward,100096922880,100096922880,11504,1264.76,5.0,1500.0,0.0,1500.0,packet_delivered,0.0,0.0,0.0,0.0,0.0,0.0,0.0,0.0,NA,0,1499.0
NFT-/XUTR/DEUTH02615538495X,97.81,0.0,0.0,3399.0,2054.0,484.744,9.781,0.0,0.0,prepaid,1.956,0.0,0.0,61.0,0.0,71.98,1485.539,"",'133080563064480336603,2026-06-04,11150189521,3dbdd5b7-31fe-4e88-8305-cc6b275dd912,"",Forward,100095460239,100095460239,11504,1956.19,5.0,1139.0,0.0,1139.0,packet_delivered,0.0,0.0,0.0,0.0,0.0,0.0,0.0,0.0,NA,0,2260.0
NFT-/XUTR/DEUTH02615538495X,0.0,17.36,17.36,2999.0,729.0,34.40899999999999,0.0,1.7355,1.7355,prepaid,0.694,106.0,0.0,0.0,0.0,125.08,-815.506,"",'133109071782852871201,2026-06-04,11156191463,49fefd7e-3b23-480c-8fa2-3abcd8df57d0,11156191463,Reverse,100101462168,100101462168,11504,694.28,5.0,2176.0,0.0,2176.0,exchange,0.0,0.0,0.0,0.0,0.0,0.0,0.0,0.0,NA,0,823.0
NFT-/XUTR/DEUTH02615538495X,40.71,0.0,0.0,1899.0,700.0,181.72,3.333,0.0,0.0,prepaid,0.667,0.0,0.0,22.105,0.0,26.0839,488.196,"",'133080798350203974501,2026-06-04,11150256546,fdcc1e33-de0c-4de4-b442-a449bb4479df,"",Forward,100095527264,100095527264,11504,814.29,5.0,950.0,155.0,1105.0,packet_delivered,0.0,0.0,0.0,0.0,0.0,0.0,0.0,0.0,NA,0,949.0
NFT-/XUTR/DEUTH02615538495X,34.24,0.0,0.0,2199.0,719.0,33.937,3.424,0.0,0.0,prepaid,0.685,106.0,0.0,0.0,0.0,125.08,-806.034,"",'133069264688520717703,2026-06-04,11147647140,10943415-975d-4776-a93e-e3d32df7f996,100166480293,Reverse,100092917868,100092917868,11504,684.76,5.0,1386.0,0.0,1386.0,return_refund,0.0,0.0,0.0,0.0,0.0,0.0,0.0,0.0,NA,0,813.0
NFT-/XUTR/DEUTH02615538495X,63.24,0.0,0.0,2999.0,1328.0,329.078,6.324,0.0,0.0,prepaid,1.265,0.0,0.0,45.0,0.0,53.1,938.233,"",'133080078549688050501,2026-06-04,11150046148,5f773fb3-442f-4656-9d1e-f1e77d94d3da,"",Forward,100095316866,1000028671602,11504,1264.76,5.0,1500.0,0.0,1500.0,packet_delivered,0.0,0.0,0.0,0.0,0.0,0.0,0.0,0.0,NA,0,1499.0
NFT-/XUTR/DEUTH02615538495X,54.95,0.0,0.0,3100.0,1154.0,285.961,5.495,0.0,0.0,prepaid,1.099,106.0,0.0,0.0,0.0,125.08,-986.525,"",'133090362349729957703,2026-06-04,11152553397,cdee2928-12cb-48d9-a593-d6fe058039c1,100166604709,Reverse,100097824107,1000029307797,11504,1099.05,5.0,1775.0,0.0,1775.0,return_refund,0.0,0.0,0.0,0.0,0.0,0.0,0.0,0.0,NA,0,1325.0
NFT-/XUTR/DEUTH02615538495X,18.38,0.0,0.0,1599.0,386.0,18.219,1.838,0.0,0.0,prepaid,0.368,0.0,0.0,0.0,0.0,0.0,365.575,"",'133096424058465480703,2026-06-04,11153706605,1dd3cc8b-a3fd-418c-a8e4-03fcecb8737d,"",Forward,100098977314,100098977314,11504,367.62,5.0,1154.0,0.0,1154.0,packet_delivered,0.0,0.0,0.0,0.0,0.0,0.0,0.0,0.0,NA,0,445.0
NFT-/XUTR/DEUTH02615538495X,63.24,0.0,0.0,2999.0,1328.0,329.078,6.324,0.0,0.0,prepaid,1.265,182.0,0.0,0.0,0.0,214.76,-1206.093,"",'133087933126006667703,2026-06-04,11151763290,e525a956-0327-4f94-aedc-4cd557488129,100163993146,Reverse,100097034002,100097034002,11504,1264.76,5.0,1500.0,0.0,1500.0,return_refund,0.0,0.0,0.0,0.0,0.0,0.0,0.0,0.0,NA,0,1499.0
NFT-/XUTR/DEUTH02615538495X,59.67,0.0,0.0,2999.0,1253.0,310.493,5.967,0.0,0.0,prepaid,1.193,0.0,0.0,45.0,0.0,53.1,882.247,"",'133078249502541074403,2026-06-04,11149525891,6985069f-5fab-42c7-88f5-25483bc9a156,"",Forward,100094796613,1000028125847,11504,1193.33,5.0,1575.0,0.0,1575.0,packet_delivered,0.0,0.0,0.0,0.0,0.0,0.0,0.0,0.0,NA,0,1424.0
NFT-/XUTR/DEUTH02615538495X,54.48,0.0,0.0,2799.0,1144.0,283.483,5.448,0.0,0.0,prepaid,1.09,182.0,0.0,0.0,0.0,214.76,-1068.739,"",'133079812973208355203,2026-06-04,11149968962,b1965d22-108c-486c-b8a7-6f7ba8289125,100163862091,Reverse,100095239680,100095239680,11504,1089.52,5.0,1484.0,0.0,1484.0,return_refund,0.0,0.0,0.0,0.0,0.0,0.0,0.0,0.0,NA,0,1315.0
NFT-/XUTR/DEUTH02615538495X,63.24,0.0,0.0,2999.0,1328.0,329.078,6.324,0.0,0.0,prepaid,1.265,0.0,0.0,45.0,0.0,53.1,938.233,"",'133089045278127712603,2026-06-04,11152139505,b115fc48-95f5-4728-bae6-3d62c7518ac2,"",Forward,100097410216,100097410216,11504,1264.76,5.0,1500.0,0.0,1500.0,packet_delivered,0.0,0.0,0.0,0.0,0.0,0.0,0.0,0.0,NA,0,1499.0
NFT-/XUTR/DEUTH02615538495X,56.71,0.0,0.0,2899.0,1191.0,295.13,5.671,0.0,0.0,prepaid,1.134,0.0,0.0,45.0,0.0,53.1,835.965,"",'133065931597832863903,2026-06-04,11147247119,33e8a274-f1ea-4ef5-aa54-b21aa553d95a,"",Forward,100092517847,100092517847,11504,1134.29,5.0,1537.0,0.0,1537.0,packet_delivered,0.0,0.0,0.0,0.0,0.0,0.0,0.0,0.0,NA,0,1362.0
NFT-/XUTR/DEUTH02615538495X,42.43,0.0,0.0,2899.0,891.0,231.304,4.243,0.0,0.0,prepaid,0.849,182.0,0.0,0.0,0.0,214.76,-869.364,"",'133080637376953549401,2026-06-04,11150210931,f970cefb-a691-4a92-ad03-337125ab0c9f,100163373676,Reverse,100095481649,1000028657670,11504,848.57,5.0,1914.0,0.0,1914.0,return_refund,0.0,0.0,0.0,0.0,0.0,0.0,0.0,0.0,NA,0,985.0
NFT-/XUTR/DEUTH02615538495X,75.19,0.0,0.0,1750.0,1579.0,372.644,7.519,0.0,0.0,prepaid,1.504,182.0,0.0,0.0,0.0,214.76,-1412.093,"",'133090797791775305101,2026-06-04,11152692413,16d4360d-3f0b-45aa-b7a1-561c0c21e404,100164242577,Reverse,100097963123,100097963123,11504,1503.81,5.0,0.0,0.0,0.0,return_refund,0.0,0.0,0.0,0.0,0.0,0.0,0.0,0.0,NA,0,1750.0
NFT-/XUTR/DEUTH02615538495X,59.67,0.0,0.0,2999.0,1253.0,310.493,5.967,0.0,0.0,prepaid,1.193,0.0,0.0,45.0,0.0,53.1,882.247,"",'133108286307412949803,2026-06-04,11155971358,59ddbda2-7c6e-4929-b35e-a818c1935d21,"",Forward,100101242064,100101242064,11504,1193.33,5.0,1575.0,0.0,1575.0,packet_delivered,0.0,0.0,0.0,0.0,0.0,0.0,0.0,0.0,NA,0,1424.0
NFT-/XUTR/DEUTH02615538495X,58.95,0.0,0.0,3299.0,1238.0,306.776,5.895,0.0,0.0,prepaid,1.179,182.0,0.0,0.0,0.0,214.76,-1138.91,"",'133084782080510315803,2026-06-04,11151282057,cf8e8284-ec14-45e3-8897-96410c41f657,100165711888,Reverse,100096552772,100096552772,11504,1179.05,5.0,1890.0,0.0,1890.0,return_refund,0.0,0.0,0.0,0.0,0.0,0.0,0.0,0.0,NA,0,1409.0
NFT-/XUTR/DEUTH02615538495X,41.19,0.0,0.0,2999.0,865.0,224.554,4.119,0.0,0.0,prepaid,0.824,0.0,0.0,27.0,3.892,36.45256,599.05,"",'133081722127096316403,2026-06-04,11150519177,6204c638-c291-44f8-a4e9-3a5b53296e36,"",Forward,100095789895,100095789895,11504,823.81,5.0,2040.0,0.0,2040.0,packet_delivered,0.0,0.0,0.0,0.0,0.0,0.0,0.0,0.0,NA,0,959.0
NFT-/XUTR/DEUTH02615538495X,28.05,0.0,0.0,1599.0,531.0,137.848,2.529,0.0,0.0,prepaid,0.506,0.0,0.0,24.341,0.0,28.72238,361.395,"",'133083568897498803003,2026-06-04,11151097120,883e0c89-f254-4ee5-9176-9df49d6e0528,"",Forward,100096367835,1000028440458,11504,560.95,5.0,916.0,58.0,974.0,packet_delivered,0.0,0.0,0.0,0.0,0.0,0.0,0.0,0.0,NA,0,683.0
NFT-/XUTR/DEUTH02615538495X,22.24,0.0,0.0,1599.0,467.0,22.042,2.224,0.0,0.0,prepaid,0.445,182.0,0.0,0.0,0.0,214.76,-657.049,"",'133082785137590714201,2026-06-04,11150824684,56886fb9-b8f4-49d9-b328-ca989270969e,100164762501,Reverse,100096095400,1000028384582,11504,444.76,5.0,1038.0,0.0,1038.0,return_refund,0.0,0.0,0.0,0.0,0.0,0.0,0.0,0.0,NA,0,561.0
NFT-/XUTR/DEUTH02615538495X,54.52,0.0,0.0,2950.0,1145.0,283.731,5.452,0.0,0.0,prepaid,1.09,0.0,0.0,45.0,0.0,53.1,801.627,"",'133079643389611014203,2026-06-04,11149918384,533f1266-3ff8-44b7-821d-59b26ed2d71f,"",Forward,100095189102,100095189102,11504,1090.48,5.0,1634.0,0.0,1634.0,packet_delivered,0.0,0.0,0.0,0.0,0.0,0.0,0.0,0.0,NA,0,1316.0
NFT-/XUTR/DEUTH02615538495X,38.0,0.0,0.0,1899.0,798.0,207.161,3.8,0.0,0.0,prepaid,0.76,0.0,0.0,27.0,6.703,39.76954,546.509,"",'133087066716514265303,2026-06-04,11151499850,fa29672d-dd07-42b6-b43f-fc9a4434fff6,"",Forward,100096770565,100096770565,11504,760,5.0,1007.0,0.0,1007.0,packet_delivered,0.0,0.0,0.0,0.0,0.0,0.0,0.0,0.0,NA,0,892.0
NFT-/XUTR/DEUTH02615538495X,27.0,0.0,0.0,1699.0,567.0,147.193,2.7,0.0,0.0,prepaid,0.54,0.0,0.0,27.0,0.0,31.86,384.707,"",'133082711539132350903,2026-06-04,11150800840,843a7046-e2e9-403e-849b-02bbfe090865,"",Forward,100096071556,1000028384650,11504,540,5.0,1038.0,0.0,1038.0,packet_delivered,0.0,0.0,0.0,0.0,0.0,0.0,0.0,0.0,NA,0,661.0
NFT-/XUTR/DEUTH02615538495X,26.1,0.0,0.0,1799.0,548.0,38.798,2.61,0.0,0.0,prepaid,0.522,127.0,0.0,0.0,0.0,149.86,-655.93,"",'133097624489538997303,2026-06-04,11153973841,cbbdc7f9-51d4-46a6-a44f-b84dfbe8ae0f,100163418273,Reverse,100099244550,1000029778942,11504,521.9,5.0,1157.0,0.0,1157.0,return_refund,0.0,0.0,0.0,0.0,0.0,0.0,0.0,0.0,NA,0,642.0
NFT-/XUTR/DEUTH02615538495X,38.33,0.0,0.0,1799.0,805.0,208.978,3.833,0.0,0.0,prepaid,0.767,127.0,0.0,0.0,0.0,149.86,-741.282,"",'133082053531641056003,2026-06-04,11150609790,ef864eb3-ea17-4f0c-87b7-5f4582b73d98,11150609790,Reverse,100095880507,100095880507,11504,766.67,5.0,900.0,0.0,900.0,exchange,0.0,0.0,0.0,0.0,0.0,0.0,0.0,0.0,NA,0,899.0
NFT-/XUTR/DEUTH02615538495X,43.05,0.0,0.0,1999.0,903.9999999999999,234.678,4.305,0.0,0.0,prepaid,0.861,106.0,0.0,0.0,0.0,125.08,-789.236,"",'133113639451797175401,2026-06-04,11156793010,702c1a46-8661-4967-baeb-9e9adfefdf0e,100165402692,Reverse,100102063713,100102063713,11504,860.95,5.0,1001.0,0.0,1001.0,return_refund,0.0,0.0,0.0,0.0,0.0,0.0,0.0,0.0,NA,0,998.0
NFT-/XUTR/DEUTH02615538495X,0.0,32.64,32.64,3499.0,205.57,50.94,0.0,0.4895,0.4895,prepaid,0.196,0.0,0.0,6.747,0.0,7.96146,145.494,"",'133097045604251801501,2026-06-04,11153847836,245e4820-4b28-467c-a6d3-88e3e4456527,"",Forward,100099118545,1000029788434,11504,1305.72,5.0,1957.0,0.0,1957.0,packet_delivered,0.0,0.0,0.0,0.0,0.0,0.0,0.0,0.0,NA,0,1542.0000000000002
NFT-/XUTR/DEUTH02615538495X,77.52,0.0,0.0,1799.0,1628.0,384.208,7.752,0.0,0.0,prepaid,1.55,0.0,0.0,45.0,0.0,53.1,1181.39,"",'133054230564283100301,2026-06-04,11144725712,3cf1d5a9-73e2-4ac6-811e-4d566beb2894,"",Forward,100089996447,100089996447,11504,1550.48,5.0,0.0,0.0,0.0,packet_delivered,0.0,0.0,0.0,0.0,0.0,0.0,0.0,0.0,NA,0,1799.0
NFT-/XUTR/DEUTH02615538495X,90.14,0.0,0.0,2999.0,1893.0,469.085,9.014,0.0,0.0,prepaid,1.803,0.0,0.0,45.0,0.0,53.1,1359.998,"",'133109828872501498701,2026-06-04,11156381624,f88e58b1-a620-410f-8237-8553ef292624,"",Forward,100101652329,100101652329,11504,1802.86,5.0,900.0,0.0,900.0,packet_delivered,0.0,0.0,0.0,0.0,0.0,0.0,0.0,0.0,NA,0,2099.0
NFT-/XUTR/DEUTH02615538495X,39.57,0.0,0.0,1850.0,777.0,201.709,3.7,0.0,0.0,prepaid,0.74,0.0,0.0,25.245,0.0,29.7891,541.062,"",'133082961219633242901,2026-06-04,11150886703,5d576ff5-9b56-403b-9c2a-4830943898f1,"",Forward,100096157419,100096157419,11504,791.43,5.0,925.0,54.0,979.0,packet_delivered,0.0,0.0,0.0,0.0,0.0,0.0,0.0,0.0,NA,0,925.0
NFT-/XUTR/DEUTH02615538495X,35.29,0.0,0.0,2799.0,327.82,15.473,1.561,0.0,0.0,prepaid,0.312,0.0,0.0,11.945,0.0,14.0951,296.379,"",'133109399752675408903,2026-06-04,11156287541,b444faa0-4e6a-414f-8460-210020b9afcc,"",Forward,100101558246,100101558246,11504,705.71,5.0,1964.0,0.0,1964.0,packet_delivered,0.0,0.0,0.0,0.0,0.0,0.0,0.0,0.0,NA,0,835.0
NFT-/XUTR/DEUTH02615538495X,63.24,0.0,0.0,2999.0,1328.0,329.078,6.324,0.0,0.0,prepaid,1.265,182.0,0.0,0.0,0.0,214.76,-1206.093,"",'133087603671540862203,2026-06-04,11151652168,8249ed46-6a13-46d1-ab77-d716cbfc3532,100164084950,Reverse,100096922880,100096922880,11504,1264.76,5.0,1500.0,0.0,1500.0,return_refund,0.0,0.0,0.0,0.0,0.0,0.0,0.0,0.0,NA,0,1499.0
NFT-/XUTR/DEUTH02615538495X,114.0,0.0,0.0,2600.0,32.47,7.663,0.155,0.0,0.0,prepaid,0.031,0.0,0.0,0.827,0.0,0.97586,23.645,"",'133070929467557474501,2026-06-04,11148071867,8b0e056e-a86b-41da-b324-65d85c5bf01d,"",Forward,100093342595,100093342595,11504,2280,5.0,0.0,200.0,200.0,packet_delivered,0.0,0.0,0.0,0.0,0.0,0.0,0.0,0.0,NA,0,2600.0
NFT-/XUTR/DEUTH02615538495X,37.19,0.0,0.0,1750.0,781.0,202.748,3.719,0.0,0.0,prepaid,0.744,0.0,0.0,27.0,0.0,31.86,541.929,"",'133081383050390273601,2026-06-04,11150420552,58808394-f31b-496c-a072-e4ed8af22968,"",Forward,100095691270,100095691270,11504,743.81,5.0,875.0,0.0,875.0,packet_delivered,0.0,0.0,0.0,0.0,0.0,0.0,0.0,0.0,NA,0,875.0
NFT-/XUTR/DEUTH02615538495X,70.38,0.0,0.0,3299.0,1478.0,366.248,7.038,0.0,0.0,prepaid,1.408,0.0,0.0,45.0,0.0,53.1,1050.206,"",'133103728316199937603,2026-06-04,11154921449,429a2870-aa82-4d54-8c66-7ebcd09ce05b,"",Forward,100100192156,1000029776893,11504,1407.62,5.0,1650.0,0.0,1650.0,packet_delivered,0.0,0.0,0.0,0.0,0.0,0.0,0.0,0.0,NA,0,1649.0
NFT-/XUTR/DEUTH02615538495X,30.38,0.0,0.0,1599.0,638.0,45.17,3.038,0.0,0.0,prepaid,0.608,0.0,0.0,27.0,0.0,31.86,557.324,"",'133105824338280859603,2026-06-04,11155389547,354d2370-45ce-4e4b-a40b-0e2c90ef1b61,"",Forward,100100660253,1000029814848,11504,607.62,5.0,867.0,0.0,867.0,packet_delivered,0.0,0.0,0.0,0.0,0.0,0.0,0.0,0.0,NA,0,732.0
NFT-/XUTR/DEUTH02615538495X,45.62,0.0,0.0,1699.0,958.0,248.697,4.562,0.0,0.0,prepaid,0.912,0.0,0.0,27.0,0.0,31.86,671.969,"",'133074364502522587103,2026-06-04,11149014808,3faf8db1-c9f7-4382-8c76-c7dc6e0b857c,"",Forward,100094285533,100094285533,11504,912.38,5.0,570.0,0.0,570.0,packet_delivered,0.0,0.0,0.0,0.0,0.0,0.0,0.0,0.0,NA,0,1129.0
NFT-/XUTR/DEUTH02615538495X,66.43,0.0,0.0,3299.0,1395.0,345.681,6.643,0.0,0.0,prepaid,1.329,106.0,0.0,0.0,0.0,125.08,-1166.427,"",'133108608860187085403,2026-06-04,11156055104,78fe0193-914c-452f-8a43-c72841fddb41,100165334528,Reverse,100101325809,1000030223905,11504,1328.57,5.0,1733.0,0.0,1733.0,return_refund,0.0,0.0,0.0,0.0,0.0,0.0,0.0,0.0,NA,0,1566.0
NFT-/XUTR/DEUTH02615538495X,72.76,0.0,0.0,1699.0,1476.35,348.419,7.03,0.0,0.0,prepaid,1.406,0.0,0.0,43.479,0.0,51.30522,1068.19,"",'133080183799449338503,2026-06-04,11150076893,0a477a00-be41-44a5-84f5-1e0c7fb25b24,"",Forward,100095347611,100095347611,11504,1455.24,5.0,0.0,0.0,0.0,packet_delivered,0.0,0.0,0.0,0.0,0.0,0.0,0.0,0.0,NA,0,1699.0
NFT-/XUTR/DEUTH02615538495X,59.71,0.0,0.0,2999.0,1254.0,310.741,5.971,0.0,0.0,prepaid,1.194,0.0,0.0,45.0,0.0,53.1,882.994,"",'133109575470681151701,2026-06-04,11156333880,51ca6efc-1ca6-457a-bd15-2a4740de3ae4,"",Forward,100101604585,100101604585,11504,1194.29,5.0,1574.0,0.0,1574.0,packet_delivered,0.0,0.0,0.0,0.0,0.0,0.0,0.0,0.0,NA,0,1425.0
NFT-/XUTR/DEUTH02615538495X,40.48,0.0,0.0,3499.0,850.0,220.66,4.048,0.0,0.0,prepaid,0.81,0.0,0.0,27.0,0.0,31.86,592.622,"",'133072676206736687603,2026-06-04,11148525652,188daaf5-21f9-4a95-b68b-7b4fc661460d,"",Forward,100093796378,100093796378,11504,809.52,5.0,2555.0,0.0,2555.0,packet_delivered,0.0,0.0,0.0,0.0,0.0,0.0,0.0,0.0,NA,0,944.0
NFT-/XUTR/DEUTH02615538495X,68.62,0.0,0.0,2425.0,1441.0,357.08,6.862,0.0,0.0,prepaid,1.372,0.0,0.0,45.0,0.0,53.1,1022.586,"",'133083369115862175303,2026-06-04,11151028226,fd135470-ece8-4b29-83cc-5e4848b1c6ac,"",Forward,100096298942,1000028667080,11504,1372.38,5.0,813.0,0.0,813.0,packet_delivered,0.0,0.0,0.0,0.0,0.0,0.0,0.0,0.0,NA,0,1612.0
NFT-/XUTR/DEUTH02615538495X,28.19,0.0,0.0,1650.0,512.51,36.286,2.441,0.0,0.0,prepaid,0.488,91.767,0.0,0.0,0.0,108.28506,-581.58,"",'133107965916195512401,2026-06-04,11155892111,79c3b9ab-c93f-4d03-a3c7-bc5441410322,100164451817,Reverse,100101162817,100101162817,11504,563.81,5.0,964.0,0.0,964.0,return_refund,0.0,0.0,0.0,0.0,0.0,0.0,0.0,0.0,NA,0,686.0
NFT-/XUTR/DEUTH02615538495X,63.24,0.0,0.0,2999.0,1328.0,329.078,6.324,0.0,0.0,prepaid,1.265,182.0,0.0,0.0,0.0,214.76,-1206.093,"",'133086767424577751903,2026-06-04,11151432878,1041cc5e-388a-496d-90af-01737419b284,100163835136,Reverse,100096703592,100096703592,11504,1264.76,5.0,1500.0,0.0,1500.0,return_refund,0.0,0.0,0.0,0.0,0.0,0.0,0.0,0.0,NA,0,1499.0
NFT-/XUTR/DEUTH02615538495X,33.52,0.0,0.0,1699.0,704.0,182.758,3.352,0.0,0.0,prepaid,0.67,127.0,0.0,0.0,0.0,149.86,-667.08,"",'133081599612529990303,2026-06-04,11150483292,bb0bdd4d-5791-40b1-9a5b-8375e9de2689,100164835226,Reverse,100095754010,100095754010,11504,670.48,5.0,901.0,0.0,901.0,return_refund,0.0,0.0,0.0,0.0,0.0,0.0,0.0,0.0,NA,0,798.0
NFT-/XUTR/DEUTH02615538495X,100.95,0.0,0.0,3499.0,2120.0,500.31999999999994,10.095,0.0,0.0,prepaid,2.019,0.0,0.0,61.0,0.0,71.98,1535.586,"",'133083917959647767201,2026-06-04,11151195152,9eeb47bf-b5dc-4274-afbd-7d102e72c6db,"",Forward,100096465867,100096465867,11504,2019.05,5.0,1173.0,0.0,1173.0,packet_delivered,0.0,0.0,0.0,0.0,0.0,0.0,0.0,0.0,NA,0,2326.0
NFT-/XUTR/DEUTH02615538495X,0.0,26.43,26.43,1799.0,1110.0,261.96,0.0,2.643,2.643,prepaid,1.057,0.0,0.0,45.0,0.0,53.1,788.597,"",'133100413062686978803,2026-06-04,11154594289,184a4438-d02b-4111-a5fe-b32f230d30d6,"",Forward,100099864996,1000029552692,11504,1057.14,5.0,518.0,0.0,518.0,packet_delivered,0.0,0.0,0.0,0.0,0.0,0.0,0.0,0.0,NA,0,1281.0000000000002
NFT-/XUTR/DEUTH02615538495X,45.62,0.0,0.0,1699.0,958.0,248.697,4.562,0.0,0.0,prepaid,0.912,0.0,0.0,27.0,0.0,31.86,671.969,"",'133087182905759167703,2026-06-04,11151528765,88fde5c1-57ab-49a1-8666-f5eb50472ee1,"",Forward,100096799479,100096799479,11504,912.38,5.0,570.0,0.0,570.0,packet_delivered,0.0,0.0,0.0,0.0,0.0,0.0,0.0,0.0,NA,0,1129.0
NFT-/XUTR/DEUTH02615538495X,55.62,0.0,0.0,2999.0,1168.0,289.43,5.562,0.0,0.0,prepaid,1.112,106.0,0.0,0.0,0.0,125.08,-996.976,"",'133109594226972454003,2026-06-04,11156338305,94d7a06d-e128-4749-931d-a1efe9eb655a,100163524026,Reverse,100101609010,1000030234252,11504,1112.38,5.0,1660.0,0.0,1660.0,return_refund,0.0,0.0,0.0,0.0,0.0,0.0,0.0,0.0,NA,0,1339.0
NFT-/XUTR/DEUTH02615538495X,103.95,0.0,0.0,6399.0,2183.0,515.188,10.395,0.0,0.0,prepaid,2.079,0.0,0.0,61.0,0.0,71.98,1583.358,"",'133089661546719255603,2026-06-04,11152334858,b1907295-c026-4548-9396-c3e4b29db3a8,"",Forward,100097605569,100097605569,11504,2079.05,5.0,3904.0,0.0,3904.0,packet_delivered,0.0,0.0,0.0,0.0,0.0,0.0,0.0,0.0,NA,0,2495.0
NFT-/XUTR/DEUTH02615538495X,40.71,0.0,0.0,1999.0,855.0,221.958,4.071,0.0,0.0,prepaid,0.814,0.0,0.0,27.0,0.0,31.86,596.297,"",'133061650030896398201,2026-06-04,11146098661,da83dba8-6220-43d1-a9c2-edaf54a97cba,"",Forward,100091369391,1000026988201,11504,814.29,5.0,1050.0,0.0,1050.0,packet_delivered,0.0,0.0,0.0,0.0,0.0,0.0,0.0,0.0,NA,0,949.0
NFT-/XUTR/DEUTH02615538495X,33.1,0.0,0.0,2699.0,695.0,32.804,3.31,0.0,0.0,prepaid,0.662,0.0,0.0,27.0,0.0,31.86,626.364,"",'133105288961832403203,2026-06-04,11155250296,e0001c74-c6be-407a-86ff-e9148135a0c4,"",Forward,100100521003,1000029800268,11504,661.9,5.0,1910.0,0.0,1910.0,packet_delivered,0.0,0.0,0.0,0.0,0.0,0.0,0.0,0.0,NA,0,789.0
NFT-/XUTR/DEUTH02615538495X,29.38,0.0,0.0,1499.0,617.0,160.173,2.938,0.0,0.0,prepaid,0.588,0.0,0.0,27.0,0.0,31.86,421.441,"",'133061650030896398201,2026-06-04,11146098675,da83dba8-6220-43d1-a9c2-edaf54a97cba,"",Forward,100091369405,1000026988201,11504,587.62,5.0,788.0,0.0,788.0,packet_delivered,0.0,0.0,0.0,0.0,0.0,0.0,0.0,0.0,NA,0,711.0
NFT-/XUTR/DEUTH02615538495X,39.52,0.0,0.0,2499.0,830.0,215.468,3.952,0.0,0.0,prepaid,0.79,0.0,0.0,27.0,6.806,39.89108,569.899,"",'133080742849326887901,2026-06-04,11150241135,a9aa8f13-2b18-4bbb-ab67-b4033212cdfa,"",Forward,100095511853,100095511853,11504,790.48,5.0,1575.0,0.0,1575.0,packet_delivered,0.0,0.0,0.0,0.0,0.0,0.0,0.0,0.0,NA,0,924.0
NFT-/XUTR/DEUTH02615538495X,63.29,0.0,0.0,2999.0,1329.0,329.326,6.329,0.0,0.0,prepaid,1.266,0.0,0.0,45.0,0.0,53.1,938.979,"",'133099830309370575101,2026-06-04,11154440724,828fe5c5-b650-41cf-aeba-da5fd3c56632,"",Forward,100099711432,1000029789049,11504,1265.71,5.0,1499.0,0.0,1499.0,packet_delivered,0.0,0.0,0.0,0.0,0.0,0.0,0.0,0.0,NA,0,1500.0
NFT-/XUTR/DEUTH02615538495X,63.19,0.0,0.0,2999.0,1327.0,328.831,6.319,0.0,0.0,prepaid,1.264,106.0,0.0,0.0,0.0,125.08,-1115.666,"",'133108586490758681301,2026-06-04,11156049222,c4e68ad3-f8bf-4848-81b8-bf777aaa8e04,100165979791,Reverse,100101319927,100101319927,11504,1263.81,5.0,1501.0,0.0,1501.0,return_refund,0.0,0.0,0.0,0.0,0.0,0.0,0.0,0.0,NA,0,1498.0
NFT-/XUTR/DEUTH02615538495X,41.19,0.0,0.0,2999.0,865.0,224.554,4.119,0.0,0.0,prepaid,0.824,182.0,0.0,0.0,0.0,214.76,-850.263,"",'133081722127096316403,2026-06-04,11150519177,6204c638-c291-44f8-a4e9-3a5b53296e36,100165442612,Reverse,100095789895,100095789895,11504,823.81,5.0,2040.0,0.0,2040.0,return_refund,0.0,0.0,0.0,0.0,0.0,0.0,0.0,0.0,NA,0,959.0
NFT-/XUTR/DEUTH02615538495X,85.14,0.0,0.0,2999.0,1788.0,443.066,8.514,0.0,0.0,prepaid,1.703,182.0,0.0,0.0,0.0,214.76,-1549.477,"",'133087066414898080103,2026-06-04,11151499772,ebbc49b3-a713-4de8-9ab2-a8f3101445eb,100163310972,Reverse,100096770487,100096770487,11504,1702.86,5.0,1005.0,0.0,1005.0,return_refund,0.0,0.0,0.0,0.0,0.0,0.0,0.0,0.0,NA,0,1994.0
NFT-/XUTR/DEUTH02615538495X,0.0,16.45,16.45,1699.0,691.0,179.384,0.0,1.645,1.645,prepaid,0.658,106.0,0.0,0.0,0.0,125.08,-632.748,"",'133109279992806520303,2026-06-04,11156253112,90fface4-1301-462b-895c-df24c5f654f3,100165765906,Reverse,100101523817,1000030030616,11504,658.1,5.0,914.0,0.0,914.0,return_refund,0.0,0.0,0.0,0.0,0.0,0.0,0.0,0.0,NA,0,785.0000000000001
NFT-/XUTR/DEUTH02615538495X,35.43,0.0,0.0,2699.0,744.0,35.117,3.543,0.0,0.0,prepaid,0.709,0.0,0.0,27.0,6.398,39.40964,665.221,"",'133099830309370575101,2026-06-04,11154440727,828fe5c5-b650-41cf-aeba-da5fd3c56632,"",Forward,100099711435,1000029789049,11504,708.57,5.0,1861.0,0.0,1861.0,packet_delivered,0.0,0.0,0.0,0.0,0.0,0.0,0.0,0.0,NA,0,838.0
NFT-/XUTR/DEUTH02615538495X,114.0,0.0,0.0,2600.0,2394.0,564.984,11.4,0.0,0.0,prepaid,2.28,106.0,0.0,0.0,0.0,125.08,-1940.416,"",'133108846337464887403,2026-06-04,11156123393,6812895f-d260-4d07-849b-df026897c40d,100163529699,Reverse,100101394098,100101394098,11504,2280,5.0,0.0,0.0,0.0,return_refund,0.0,0.0,0.0,0.0,0.0,0.0,0.0,0.0,NA,0,2600.0
NFT-/XUTR/DEUTH02615538495X,18.38,0.0,0.0,1699.0,386.0,18.219,1.838,0.0,0.0,prepaid,0.368,0.0,0.0,0.0,0.0,0.0,365.575,"",'133101273922957649001,2026-06-04,11154783642,f2160fb7-c4b5-41f6-b09f-67b8eadfc03b,"",Forward,100100054349,1000029595651,11504,367.62,5.0,1254.0,0.0,1254.0,packet_delivered,0.0,0.0,0.0,0.0,0.0,0.0,0.0,0.0,NA,0,445.0
NFT-/XUTR/DEUTH02615538495X,90.14,0.0,0.0,2999.0,1893.0,469.085,9.014,0.0,0.0,prepaid,1.803,0.0,0.0,45.0,0.0,53.1,1359.998,"",'133086569419612304001,2026-06-04,11151396602,f7ce3b2b-3eeb-4cc7-a099-f1ebf9813abc,"",Forward,100096667317,100096667317,11504,1802.86,5.0,900.0,0.0,900.0,packet_delivered,0.0,0.0,0.0,0.0,0.0,0.0,0.0,0.0,NA,0,2099.0
NFT-/XUTR/DEUTH02615538495X,57.38,0.0,0.0,2899.0,1.71,0.424,0.008,0.0,0.0,prepaid,0.002,0.258,0.0,0.0,0.0,0.30444,-1.58,"",'133091335145146441701,2026-06-04,11152888266,bb9e526b-f806-443e-9e4a-a4d10c9b030f,100163505777,Reverse,100098158976,100098158976,11504,1147.62,5.0,1523.0,0.0,1523.0,return_refund,0.0,0.0,0.0,0.0,0.0,0.0,0.0,0.0,NA,0,1376.0
NFT-/XUTR/DEUTH02615538495X,48.95,0.0,0.0,2399.0,1028.0,242.608,4.895,0.0,0.0,prepaid,0.979,0.0,0.0,45.0,0.0,53.1,726.418,"",'133080024587590945303,2026-06-04,11150030234,d2db9287-ec9c-4fda-a8e1-f1ac1e50a184,"",Forward,100095300952,100095300952,11504,979.05,5.0,1200.0,0.0,1200.0,packet_delivered,0.0,0.0,0.0,0.0,0.0,0.0,0.0,0.0,NA,0,1199.0
NFT-/XUTR/DEUTH02615538495X,81.19,0.0,0.0,1899.0,1705.0,201.19,8.119,0.0,0.0,prepaid,1.624,0.0,0.0,45.0,0.0,53.1,1440.967,"",'133082389839273173201,2026-06-04,11150703646,45cff45b-896f-4582-8df0-b42e10b20a35,"",Forward,100095974363,100095974363,11504,1623.81,5.0,0.0,0.0,0.0,packet_delivered,0.0,0.0,0.0,0.0,0.0,0.0,0.0,0.0,NA,0,1899.0
NFT-/XUTR/DEUTH02615538495X,37.19,0.0,0.0,1750.0,781.0,202.748,3.719,0.0,0.0,prepaid,0.744,182.0,0.0,0.0,0.0,214.76,-788.549,"",'133083788826328584201,2026-06-04,11151166367,e8807ff0-336d-4195-9c63-d184f33ab1ba,100164293070,Reverse,100096437082,100096437082,11504,743.81,5.0,875.0,0.0,875.0,return_refund,0.0,0.0,0.0,0.0,0.0,0.0,0.0,0.0,NA,0,875.0
NFT-/XUTR/DEUTH02615538495X,66.43,0.0,0.0,3299.0,1395.0,345.681,6.643,0.0,0.0,prepaid,1.329,182.0,0.0,0.0,0.0,214.76,-1256.107,"",'133080726915909741803,2026-06-04,11150236697,a7460634-d1fd-4cbc-be36-697c60cc9c0f,11150236697,Reverse,100095507415,100095507415,11504,1328.57,5.0,1733.0,0.0,1733.0,exchange,0.0,0.0,0.0,0.0,0.0,0.0,0.0,0.0,NA,0,1566.0
NFT-/XUTR/DEUTH02615538495X,66.43,0.0,0.0,3299.0,1395.0,345.681,6.643,0.0,0.0,prepaid,1.329,0.0,0.0,45.0,0.0,53.1,988.247,"",'133089400566353455203,2026-06-04,11152254409,b98ad959-0151-4c48-a3d5-b0b76674c5a7,"",Forward,100097525120,1000029297763,11504,1328.57,5.0,1733.0,0.0,1733.0,packet_delivered,0.0,0.0,0.0,0.0,0.0,0.0,0.0,0.0,NA,0,1566.0
NFT-/XUTR/DEUTH02615538495X,0.0,29.21,29.21,2899.0,1227.0,304.051,0.0,2.9215,2.9215,prepaid,1.169,0.0,0.0,45.0,0.0,53.1,862.837,"",'133107327476016012903,2026-06-04,11155745653,62621a7e-300e-447b-9d1d-69bb4ac79a20,"",Forward,100101016359,1000030235456,11504,1168.58,5.0,1501.0,0.0,1501.0,packet_delivered,0.0,0.0,0.0,0.0,0.0,0.0,0.0,0.0,NA,0,1398.0
NFT-/XUTR/DEUTH02615538495X,74.14,0.0,0.0,2599.0,1557.0,367.452,7.414,0.0,0.0,prepaid,1.483,0.0,0.0,45.0,0.0,53.1,1127.551,"",'133083144892964790203,2026-06-04,11150951228,0bb2f5a8-66a9-4f51-87d2-0a7c0e6fe9bf,"",Forward,100096221944,100096221944,11504,1482.86,5.0,871.0,0.0,871.0,packet_delivered,0.0,0.0,0.0,0.0,0.0,0.0,0.0,0.0,NA,0,1728.0
NFT-/XUTR/DEUTH02615538495X,58.95,0.0,0.0,2999.0,10.47,2.594,0.05,0.0,0.0,prepaid,0.01,1.539,0.0,0.0,0.0,1.81602,-9.632,"",'133079133487915883101,2026-06-04,11149753089,3a93b8d0-c246-46fe-8c94-6c5ddcd836c0,100163246092,Reverse,100095023807,100095023807,11504,1179.05,5.0,1590.0,0.0,1590.0,return_refund,0.0,0.0,0.0,0.0,0.0,0.0,0.0,0.0,NA,0,1409.0
NFT-/XUTR/DEUTH02615538495X,35.43,0.0,0.0,2699.0,744.0,35.117,3.543,0.0,0.0,prepaid,0.709,0.0,0.0,27.0,6.398,39.40964,665.221,"",'133099830309370575101,2026-06-04,11154440725,828fe5c5-b650-41cf-aeba-da5fd3c56632,"",Forward,100099711433,1000029789049,11504,708.57,5.0,1861.0,0.0,1861.0,packet_delivered,0.0,0.0,0.0,0.0,0.0,0.0,0.0,0.0,NA,0,838.0
NFT-/XUTR/DEUTH02615538495X,81.19,0.0,0.0,1899.0,1705.0,201.19,8.119,0.0,0.0,prepaid,1.624,0.0,0.0,45.0,0.0,53.1,1440.967,"",'133081652365341023501,2026-06-04,11150499170,6dff5e44-6c73-4de9-8202-505a89d2b2af,"",Forward,100095769888,100095769888,11504,1623.81,5.0,0.0,0.0,0.0,packet_delivered,0.0,0.0,0.0,0.0,0.0,0.0,0.0,0.0,NA,0,1899.0
NFT-/XUTR/DEUTH02615538495X,38.33,0.0,0.0,1799.0,805.0,208.978,3.833,0.0,0.0,prepaid,0.767,106.0,0.0,0.0,0.0,125.08,-716.502,"",'133057646006168991801,2026-06-04,11145635537,e5aadf58-ba5b-468b-847c-339d75e9e728,11145635537,Reverse,100090906269,100090906269,11504,766.67,5.0,900.0,0.0,900.0,exchange,0.0,0.0,0.0,0.0,0.0,0.0,0.0,0.0,NA,0,899.0
NFT-/XUTR/DEUTH02615538495X,31.67,0.0,0.0,1599.0,665.0,172.634,3.167,0.0,0.0,prepaid,0.633,182.0,0.0,0.0,0.0,214.76,-703.326,"",'133061650030896398201,2026-06-04,11146098667,da83dba8-6220-43d1-a9c2-edaf54a97cba,100163348511,Reverse,100091369397,1000026988201,11504,633.33,5.0,840.0,0.0,840.0,return_refund,0.0,0.0,0.0,0.0,0.0,0.0,0.0,0.0,NA,0,759.0
NFT-/XUTR/DEUTH02615538495X,19.1,0.0,0.0,1650.0,401.0,18.927,1.91,0.0,0.0,prepaid,0.382,0.0,0.0,15.0,0.0,17.7,362.081,"",'133074615689963044903,2026-06-04,11149095248,53ff631c-f23f-409e-b91d-2b3cf414341f,"",Forward,100094365971,100094365971,11504,381.9,5.0,1155.0,0.0,1155.0,packet_delivered,0.0,0.0,0.0,0.0,0.0,0.0,0.0,0.0,NA,0,495.0
NFT-/XUTR/DEUTH02615538495X,100.95,0.0,0.0,3499.0,1819.999,429.52,8.667,0.0,0.0,prepaid,1.733,0.0,0.0,52.368,0.0,61.79424,1318.285,"",'133079927319546664801,2026-06-04,11150002178,0099637e-72a2-4cf4-8cd7-e14697f1116e,"",Forward,100095272896,100095272896,11504,2019.05,5.0,1173.0,300.0,1473.0,packet_delivered,0.0,0.0,0.0,0.0,0.0,0.0,0.0,0.0,NA,0,2326.0
NFT-/XUTR/DEUTH02615538495X,59.62,0.0,0.0,2999.0,1252.0,310.246,5.962,0.0,0.0,prepaid,1.192,182.0,0.0,0.0,0.0,214.76,-1149.36,"",'133096601809191653101,2026-06-04,11153749112,561b1f9b-aee7-496d-ad90-3f9bb9badc9b,11153749112,Reverse,100099019821,100099019821,11504,1192.38,5.0,1576.0,0.0,1576.0,exchange,0.0,0.0,0.0,0.0,0.0,0.0,0.0,0.0,NA,0,1423.0
NFT-/XUTR/DEUTH02615538495X,45.52,0.0,0.0,2399.0,956.0,248.178,4.552,0.0,0.0,prepaid,0.91,0.0,0.0,27.0,0.0,31.86,670.5,"",'133082156562348924501,2026-06-04,11150638000,391b574e-d438-4222-a9ef-dd20efc8478e,"",Forward,100095908717,100095908717,11504,910.48,5.0,1272.0,0.0,1272.0,packet_delivered,0.0,0.0,0.0,0.0,0.0,0.0,0.0,0.0,NA,0,1127.0
NFT-/XUTR/DEUTH02615538495X,45.52,0.0,0.0,2399.0,956.0,248.178,4.552,0.0,0.0,prepaid,0.91,182.0,0.0,0.0,0.0,214.76,-917.12,"",'133081875771895182703,2026-06-04,11150560999,3c3cfbe7-1a74-4d58-ab2a-f79f69d6d3d7,100163583491,Reverse,100095831715,1000028681205,11504,910.48,5.0,1272.0,0.0,1272.0,return_refund,0.0,0.0,0.0,0.0,0.0,0.0,0.0,0.0,NA,0,1127.0
NFT-/XUTR/DEUTH02615538495X,100.95,0.0,0.0,3499.0,2120.0,500.31999999999994,10.095,0.0,0.0,prepaid,2.019,0.0,0.0,61.0,0.0,71.98,1535.586,"",'133087910639957578803,2026-06-04,11151754979,d8cc61f6-ab6b-40e9-b53c-93844eb56d57,"",Forward,100097025691,100097025691,11504,2019.05,5.0,1173.0,0.0,1173.0,packet_delivered,0.0,0.0,0.0,0.0,0.0,0.0,0.0,0.0,NA,0,2326.0
NFT-/XUTR/DEUTH02615538495X,102.05,0.0,0.0,3299.0,2143.0,505.74800000000005,10.205,0.0,0.0,prepaid,2.041,0.0,0.0,61.0,0.0,71.98,1553.026,"",'133104148481546844701,2026-06-04,11154988201,6640f52f-8778-4e11-8326-123f4eefa3ba,"",Forward,100100258908,100100258908,11504,2040.95,5.0,950.0,0.0,950.0,packet_delivered,0.0,0.0,0.0,0.0,0.0,0.0,0.0,0.0,NA,0,2349.0
NFT-/XUTR/DEUTH02615538495X,59.71,0.0,0.0,2999.0,1254.0,310.741,5.971,0.0,0.0,prepaid,1.194,0.0,0.0,45.0,0.0,53.1,882.994,"",'133107572268100291101,2026-06-04,11155801432,70ba4767-2bea-4c56-81d8-e072fcc7a3e8,"",Forward,100101072138,100101072138,11504,1194.29,5.0,1574.0,0.0,1574.0,packet_delivered,0.0,0.0,0.0,0.0,0.0,0.0,0.0,0.0,NA,0,1425.0
NFT-/XUTR/DEUTH02615538495X,18.95,0.0,0.0,1699.0,398.0,18.786,1.895,0.0,0.0,prepaid,0.379,0.0,0.0,0.0,0.0,0.0,376.94,"",'133091733020721817903,2026-06-04,11153062189,55b5681a-8796-4490-92c3-9c2d1c4de441,"",Forward,100098332898,100098332898,11504,379.05,5.0,1207.0,0.0,1207.0,packet_delivered,0.0,0.0,0.0,0.0,0.0,0.0,0.0,0.0,NA,0,492.0
NFT-/XUTR/DEUTH02615538495X,53.52,0.0,0.0,1850.0,1124.0,265.264,5.352,0.0,0.0,prepaid,1.07,0.0,0.0,45.0,0.0,53.1,799.214,"",'133083914771885609001,2026-06-04,11151194326,e9769810-a508-445d-a4dc-1e2e972bba15,"",Forward,100096465041,100096465041,11504,1070.48,5.0,555.0,0.0,555.0,packet_delivered,0.0,0.0,0.0,0.0,0.0,0.0,0.0,0.0,NA,0,1295.0
NFT-/XUTR/DEUTH02615538495X,104.43,0.0,0.0,2399.0,2193.0,491.671,10.443,0.0,0.0,prepaid,2.089,182.0,0.0,0.0,0.0,214.76,-1903.557,"",'133083132821598939903,2026-06-04,11150946953,178fa039-cb18-484e-9a10-1d34a55644f3,100167201768,Reverse,100096217669,100096217669,11504,2088.57,5.0,0.0,0.0,0.0,return_refund,0.0,0.0,0.0,0.0,0.0,0.0,0.0,0.0,NA,0,2399.0
NFT-/XUTR/DEUTH02615538495X,40.24,0.0,0.0,1999.0,845.0,219.362,4.024,0.0,0.0,prepaid,0.805,127.0,0.0,0.0,0.0,149.86,-770.669,"",'133083264224777175301,2026-06-04,11150992820,dc8c87eb-a65d-42e2-a3eb-e8c28791229f,11150992820,Reverse,100096263536,100096263536,11504,804.76,5.0,1060.0,0.0,1060.0,exchange,0.0,0.0,0.0,0.0,0.0,0.0,0.0,0.0,NA,0,939.0
NFT-/XUTR/DEUTH02615538495X,45.38,0.0,0.0,2499.0,777.368,201.805,3.702,0.0,0.0,prepaid,0.74,0.0,0.0,22.024,6.919,34.15274,536.968,"",'133081544732226338003,2026-06-04,11150466951,a06c243c-9962-4817-a6a4-053208d0bf1b,"",Forward,100095737669,100095737669,11504,907.62,5.0,1375.0,0.0,1375.0,packet_delivered,0.0,0.0,0.0,0.0,0.0,0.0,0.0,0.0,NA,0,1124.0
NFT-/XUTR/DEUTH02615538495X,64.62,0.0,0.0,3999.0,1357.0,336.265,6.462,0.0,0.0,prepaid,1.292,0.0,0.0,45.0,0.0,53.1,959.881,"",'133113621755273070303,2026-06-04,11156788482,e1db1a7c-0458-42f0-8474-41fdd5cae75d,"",Forward,100102059185,1000030230264,11504,1292.38,5.0,2471.0,0.0,2471.0,packet_delivered,0.0,0.0,0.0,0.0,0.0,0.0,0.0,0.0,NA,0,1528.0
NFT-/XUTR/DEUTH02615538495X,48.48,0.0,0.0,1699.0,1018.0,240.248,4.848,0.0,0.0,prepaid,0.97,0.0,0.0,45.0,0.0,53.1,718.834,"",'133080804408827894303,2026-06-04,11150258282,4d8e24b2-47e2-4eda-ad7f-a918fa1c2c18,"",Forward,100095529000,100095529000,11504,969.52,5.0,510.0,0.0,510.0,packet_delivered,0.0,0.0,0.0,0.0,0.0,0.0,0.0,0.0,NA,0,1189.0
NFT-/XUTR/DEUTH02615538495X,55.14,0.0,0.0,1899.0,1158.0,273.288,5.514,0.0,0.0,prepaid,1.103,0.0,0.0,45.0,0.0,53.1,824.995,"",'133083956214112383703,2026-06-04,11151202618,31a2ff90-19f0-4451-8d45-3c70eec4bd65,"",Forward,100096473333,100096473333,11504,1102.86,5.0,570.0,0.0,570.0,packet_delivered,0.0,0.0,0.0,0.0,0.0,0.0,0.0,0.0,NA,0,1329.0
NFT-/XUTR/DEUTH02615538495X,39.52,0.0,0.0,2499.0,830.0,215.468,3.952,0.0,0.0,prepaid,0.79,182.0,0.0,0.0,0.0,214.76,-824.55,"",'133083312818199028101,2026-06-04,11151010016,fe782380-9892-4294-9b33-1d395391221c,100163456334,Reverse,100096280732,100096280732,11504,790.48,5.0,1575.0,0.0,1575.0,return_refund,0.0,0.0,0.0,0.0,0.0,0.0,0.0,0.0,NA,0,924.0
NFT-/XUTR/DEUTH02615538495X,0.0,31.5,31.5,2299.0,1323.0,312.228,0.0,3.15,3.15,prepaid,1.26,106.0,0.0,0.0,0.0,125.08,-1128.292,"",'133113874839945647101,2026-06-04,11156904523,afce37eb-303a-4ee3-a91d-48355cd005bf,100164388657,Reverse,100102175226,1000030267771,11504,1260,5.0,805.0,0.0,805.0,return_refund,0.0,0.0,0.0,0.0,0.0,0.0,0.0,0.0,NA,0,1494.0
NFT-/XUTR/DEUTH02615538495X,54.52,0.0,0.0,2950.0,1145.0,283.731,5.452,0.0,0.0,prepaid,1.09,182.0,0.0,0.0,0.0,214.76,-1069.487,"",'133079643389611014203,2026-06-04,11149918384,533f1266-3ff8-44b7-821d-59b26ed2d71f,100164450634,Reverse,100095189102,100095189102,11504,1090.48,5.0,1634.0,0.0,1634.0,return_refund,0.0,0.0,0.0,0.0,0.0,0.0,0.0,0.0,NA,0,1316.0
NFT-/XUTR/DEUTH02615538495X,70.38,0.0,0.0,3299.0,1478.0,366.248,7.038,0.0,0.0,prepaid,1.408,0.0,0.0,45.0,0.0,53.1,1050.206,"",'133080361908635796103,2026-06-04,11150130485,f4a27fa6-9d90-4292-946f-fd66fc5c1b9b,"",Forward,100095401203,100095401203,11504,1407.62,5.0,1650.0,0.0,1650.0,packet_delivered,0.0,0.0,0.0,0.0,0.0,0.0,0.0,0.0,NA,0,1649.0
NFT-/XUTR/DEUTH02615538495X,58.95,0.0,0.0,2999.0,1238.0,306.776,5.895,0.0,0.0,prepaid,1.179,0.0,0.0,45.0,0.0,53.1,871.05,"",'133080078549688050501,2026-06-04,11150046149,5f773fb3-442f-4656-9d1e-f1e77d94d3da,"",Forward,100095316867,1000028671602,11504,1179.05,5.0,1590.0,0.0,1590.0,packet_delivered,0.0,0.0,0.0,0.0,0.0,0.0,0.0,0.0,NA,0,1409.0
NFT-/XUTR/DEUTH02615538495X,55.14,0.0,0.0,1899.0,1158.0,273.288,5.514,0.0,0.0,prepaid,1.103,0.0,0.0,45.0,0.0,53.1,824.995,"",'133082553201492371601,2026-06-04,11150750394,b63dbda0-e697-4e3b-b9bc-f3a7e21b433f,"",Forward,100096021110,100096021110,11504,1102.86,5.0,570.0,0.0,570.0,packet_delivered,0.0,0.0,0.0,0.0,0.0,0.0,0.0,0.0,NA,0,1329.0
NFT-/XUTR/DEUTH02615538495X,0.0,57.64,57.64,5999.0,2421.0,599.924,0.0,5.7645,5.7645,prepaid,2.306,0.0,0.0,61.0,0.0,71.98,1735.261,"",'133106629878144024901,2026-06-04,11155586078,7c6c0696-6654-4fee-89d5-8e9b89df9060,"",Forward,100100856784,100100856784,11504,2305.72,5.0,3348.0,0.0,3348.0,packet_delivered,0.0,0.0,0.0,0.0,0.0,0.0,0.0,0.0,NA,0,2650.9999999999995
NFT-/XUTR/DEUTH02615538495X,34.71,0.0,0.0,2999.0,729.0,34.40899999999999,3.471,0.0,0.0,prepaid,0.694,0.0,0.0,27.0,6.269,39.25742,651.169,"",'133100187679737670103,2026-06-04,11154532849,60391728-109b-416b-a434-506c80ce00a7,"",Forward,100099803557,100099803557,11504,694.29,5.0,2176.0,0.0,2176.0,packet_delivered,0.0,0.0,0.0,0.0,0.0,0.0,0.0,0.0,NA,0,823.0
NFT-/XUTR/DEUTH02615538495X,0.0,29.21,29.21,2899.0,1227.0,304.051,0.0,2.9215,2.9215,prepaid,1.169,106.0,0.0,0.0,0.0,125.08,-1041.017,"",'133107327476016012903,2026-06-04,11155745653,62621a7e-300e-447b-9d1d-69bb4ac79a20,100163653718,Reverse,100101016359,1000030235456,11504,1168.58,5.0,1501.0,0.0,1501.0,return_refund,0.0,0.0,0.0,0.0,0.0,0.0,0.0,0.0,NA,0,1398.0
NFT-/XUTR/DEUTH02615538495X,63.19,0.0,0.0,2999.0,1327.0,328.831,6.319,0.0,0.0,prepaid,1.264,0.0,0.0,45.0,0.0,53.1,937.486,"",'133108586490758681301,2026-06-04,11156049222,c4e68ad3-f8bf-4848-81b8-bf777aaa8e04,"",Forward,100101319927,100101319927,11504,1263.81,5.0,1501.0,0.0,1501.0,packet_delivered,0.0,0.0,0.0,0.0,0.0,0.0,0.0,0.0,NA,0,1498.0
NFT-/XUTR/DEUTH02615538495X,19.1,0.0,0.0,1650.0,401.0,18.927,1.91,0.0,0.0,prepaid,0.382,0.0,0.0,15.0,0.0,17.7,362.081,"",'133112572648364771803,2026-06-04,11156569020,cd15a21c-6ae0-430a-82dc-e28f705cee6b,"",Forward,100101839724,100101839724,11504,381.9,5.0,1155.0,0.0,1155.0,packet_delivered,0.0,0.0,0.0,0.0,0.0,0.0,0.0,0.0,NA,0,495.0
NFT-/XUTR/DEUTH02615538495X,0.0,32.64,32.64,3499.0,205.57,50.94,0.0,0.4895,0.4895,prepaid,0.196,0.0,0.0,6.747,0.0,7.96146,145.494,"",'133097045604251801501,2026-06-04,11153847838,245e4820-4b28-467c-a6d3-88e3e4456527,"",Forward,100099118547,1000029788434,11504,1305.72,5.0,1957.0,0.0,1957.0,packet_delivered,0.0,0.0,0.0,0.0,0.0,0.0,0.0,0.0,NA,0,1542.0000000000002
NFT-/XUTR/DEUTH02615538495X,103.48,0.0,0.0,3399.0,2173.0,512.828,10.348,0.0,0.0,prepaid,2.07,0.0,0.0,61.0,0.0,71.98,1575.774,"",'133081993256491593203,2026-06-04,11150592999,2c101d3d-e1dc-4bf0-8626-eb8d41aaa2f3,"",Forward,100095863716,100095863716,11504,2069.52,5.0,1020.0,0.0,1020.0,packet_delivered,0.0,0.0,0.0,0.0,0.0,0.0,0.0,0.0,NA,0,2379.0
NFT-/XUTR/DEUTH02615538495X,97.81,0.0,0.0,3399.0,2054.0,484.744,9.781,0.0,0.0,prepaid,1.956,0.0,0.0,61.0,0.0,71.98,1485.539,"",'133082377079802851603,2026-06-04,11150700092,7c47fe0b-db82-4597-9c3e-e2d09ad72d35,"",Forward,100095970809,100095970809,11504,1956.19,5.0,1139.0,0.0,1139.0,packet_delivered,0.0,0.0,0.0,0.0,0.0,0.0,0.0,0.0,NA,0,2260.0
NFT-/XUTR/DEUTH02615538495X,33.57,0.0,0.0,1599.0,264.38,68.633,1.259,0.0,0.0,prepaid,0.252,0.0,0.0,10.125,0.0,11.9475,182.289,"",'133091571023573451403,2026-06-04,11152987067,b4615469-135a-40bb-8630-7b74a23a1e70,"",Forward,100098257778,100098257778,11504,671.43,5.0,800.0,0.0,800.0,packet_delivered,0.0,0.0,0.0,0.0,0.0,0.0,0.0,0.0,NA,0,799.0
NFT-/XUTR/DEUTH02615538495X,70.38,0.0,0.0,3299.0,1478.0,366.248,7.038,0.0,0.0,prepaid,1.408,0.0,0.0,45.0,0.0,53.1,1050.206,"",'133083715442887663503,2026-06-04,11151147243,254d520b-d9ce-40f3-9d79-2a800f25430e,"",Forward,100096417958,1000028671344,11504,1407.62,5.0,1650.0,0.0,1650.0,packet_delivered,0.0,0.0,0.0,0.0,0.0,0.0,0.0,0.0,NA,0,1649.0
NFT-/XUTR/DEUTH02615538495X,40.71,0.0,0.0,2299.0,855.0,221.958,4.071,0.0,0.0,prepaid,0.814,182.0,0.0,0.0,0.0,214.76,-842.917,"",'133091783183402371301,2026-06-04,11153086268,bb783cbf-1020-4a94-94b7-767bd2a4162f,11153086268,Reverse,100098356977,100098356977,11504,814.29,5.0,1273.0,0.0,1273.0,exchange,0.0,0.0,0.0,0.0,0.0,0.0,0.0,0.0,NA,0,1026.0
NFT-/XUTR/DEUTH02615538495X,471.81,0.0,0.0,3299.0,3093.0,729.948,13.106,0.0,0.0,prepaid,2.621,106.0,0.0,0.0,0.0,125.08,-2472.405,"",'133108500453654620401,2026-06-04,11156025907,35bfda9c-8acb-4930-b959-643f822d8da6,100164736322,Reverse,100101296612,1000030239265,11504,2621.19,18.0,0.0,0.0,0.0,return_refund,0.0,0.0,0.0,0.0,0.0,0.0,0.0,0.0,NA,0,3299.0
NFT-/XUTR/DEUTH02615538495X,31.67,0.0,0.0,1599.0,665.0,172.634,3.167,0.0,0.0,prepaid,0.633,182.0,0.0,0.0,0.0,214.76,-703.326,"",'133061650030896398201,2026-06-04,11146098673,da83dba8-6220-43d1-a9c2-edaf54a97cba,100163348231,Reverse,100091369403,1000026988201,11504,633.33,5.0,840.0,0.0,840.0,return_refund,0.0,0.0,0.0,0.0,0.0,0.0,0.0,0.0,NA,0,759.0
NFT-/XUTR/DEUTH02615538495X,32.81,0.0,0.0,1650.0,689.0,178.864,3.281,0.0,0.0,prepaid,0.656,0.0,0.0,27.0,0.0,31.86,474.339,"",'133061650030896398201,2026-06-04,11146098671,da83dba8-6220-43d1-a9c2-edaf54a97cba,"",Forward,100091369401,1000026988201,11504,656.19,5.0,867.0,0.0,867.0,packet_delivered,0.0,0.0,0.0,0.0,0.0,0.0,0.0,0.0,NA,0,783.0
NFT-/XUTR/DEUTH02615538495X,19.0,0.0,0.0,1450.0,399.0,18.833,1.9,0.0,0.0,prepaid,0.38,0.0,0.0,0.0,0.0,0.0,377.887,"",'133065589583287312201,2026-06-04,11147135837,1fc25fc3-8b89-4784-a5ee-f6fcd3ccfab0,"",Forward,100092406565,100092406565,11504,380,5.0,957.0,0.0,957.0,packet_delivered,0.0,0.0,0.0,0.0,0.0,0.0,0.0,0.0,NA,0,493.0
NFT-/XUTR/DEUTH02615538495X,48.48,0.0,0.0,1699.0,1018.0,240.248,4.848,0.0,0.0,prepaid,0.97,0.0,0.0,45.0,0.0,53.1,718.834,"",'133082373198189901201,2026-06-04,11150698948,525f0b50-8ca8-4946-b3cf-a7379860264f,"",Forward,100095969665,1000028346900,11504,969.52,5.0,510.0,0.0,510.0,packet_delivered,0.0,0.0,0.0,0.0,0.0,0.0,0.0,0.0,NA,0,1189.0
NFT-/XUTR/DEUTH02615538495X,22.81,0.0,0.0,1599.0,479.0,22.609,2.281,0.0,0.0,prepaid,0.456,0.0,0.0,27.0,0.0,31.86,421.794,"",'133101273922957649001,2026-06-04,11154783639,f2160fb7-c4b5-41f6-b09f-67b8eadfc03b,"",Forward,100100054346,1000029595651,11504,456.19,5.0,1026.0,0.0,1026.0,packet_delivered,0.0,0.0,0.0,0.0,0.0,0.0,0.0,0.0,NA,0,573.0
NFT-/XUTR/DEUTH02615538495X,35.14,0.0,0.0,1799.0,738.0,191.585,3.514,0.0,0.0,prepaid,0.703,127.0,0.0,0.0,0.0,149.86,-692.058,"",'133098030976900618203,2026-06-04,11154061696,aded21c5-277c-41f8-9899-93ae1b3e67ac,100164326253,Reverse,100099332405,100099332405,11504,702.86,5.0,967.0,0.0,967.0,return_refund,0.0,0.0,0.0,0.0,0.0,0.0,0.0,0.0,NA,0,832.0
NFT-/XUTR/DEUTH02615538495X,63.24,0.0,0.0,2999.0,1328.0,329.078,6.324,0.0,0.0,prepaid,1.265,182.0,0.0,0.0,0.0,214.76,-1206.093,"",'133083190440393630401,2026-06-04,11150966015,5b8bf829-f329-4949-ad29-0825e8e855f4,11150966015,Reverse,100096236731,1000028667746,11504,1264.76,5.0,1500.0,0.0,1500.0,exchange,0.0,0.0,0.0,0.0,0.0,0.0,0.0,0.0,NA,0,1499.0
NFT-/XUTR/DEUTH02615538495X,45.52,0.0,0.0,2399.0,956.0,248.178,4.552,0.0,0.0,prepaid,0.91,0.0,0.0,27.0,0.0,31.86,670.5,"",'133082767545130557703,2026-06-04,11150819085,ff8e5b05-0d28-4f80-8feb-2c8e36aed6f3,"",Forward,100096089801,100096089801,11504,910.48,5.0,1272.0,0.0,1272.0,packet_delivered,0.0,0.0,0.0,0.0,0.0,0.0,0.0,0.0,NA,0,1127.0
NFT-/XUTR/DEUTH02615538495X,51.33,0.0,0.0,2499.0,1078.0,267.128,5.133,0.0,0.0,prepaid,1.027,0.0,0.0,45.0,0.0,53.1,751.612,"",'133073040315576132101,2026-06-04,11148622813,b428efbb-e301-4df4-8024-746bc7f089cc,"",Forward,100093893539,100093893539,11504,1026.67,5.0,1250.0,0.0,1250.0,packet_delivered,0.0,0.0,0.0,0.0,0.0,0.0,0.0,0.0,NA,0,1249.0
NFT-/XUTR/DEUTH02615538495X,48.81,0.0,0.0,1799.0,1025.0,241.9,4.881,0.0,0.0,prepaid,0.976,0.0,0.0,45.0,0.0,53.1,724.143,"",'133087397683658047003,2026-06-04,11151588722,c91d6e87-5819-42bd-9194-9a0799f23d32,"",Forward,100096859436,100096859436,11504,976.19,5.0,603.0,0.0,603.0,packet_delivered,0.0,0.0,0.0,0.0,0.0,0.0,0.0,0.0,NA,0,1196.0
NFT-/XUTR/DEUTH02615538495X,36.19,0.0,0.0,1799.0,760.0,197.296,3.619,0.0,0.0,prepaid,0.724,182.0,0.0,0.0,0.0,214.76,-773.121,"",'133061650030896398201,2026-06-04,11146098665,da83dba8-6220-43d1-a9c2-edaf54a97cba,100163348772,Reverse,100091369395,1000026988201,11504,723.81,5.0,945.0,0.0,945.0,return_refund,0.0,0.0,0.0,0.0,0.0,0.0,0.0,0.0,NA,0,854.0
NFT-/XUTR/DEUTH02615538495X,40.14,0.0,0.0,3499.0,843.0,218.843,4.014,0.0,0.0,prepaid,0.803,182.0,0.0,0.0,0.0,214.76,-834.1,"",'133087153022079613903,2026-06-04,11151520849,ea57f3dc-5b2c-4e1a-a4cf-678c090acdc3,11151520849,Reverse,100096791563,1000028679924,11504,802.86,5.0,2485.0,0.0,2485.0,exchange,0.0,0.0,0.0,0.0,0.0,0.0,0.0,0.0,NA,0,1014.0
NFT-/XUTR/DEUTH02615538495X,35.95,0.0,0.0,1699.0,755.0,195.998,3.595,0.0,0.0,prepaid,0.719,0.0,0.0,27.0,0.0,31.86,522.828,"",'133080915329337090001,2026-06-04,11150289015,be4eb9a4-44e0-4203-9565-618da3cc8448,"",Forward,100095559733,100095559733,11504,719.05,5.0,850.0,0.0,850.0,packet_delivered,0.0,0.0,0.0,0.0,0.0,0.0,0.0,0.0,NA,0,849.0
NFT-/XUTR/DEUTH02615538495X,87.05,0.0,0.0,1999.0,1828.0,431.408,8.705,0.0,0.0,prepaid,1.741,182.0,0.0,0.0,0.0,214.76,-1600.906,"",'133061650030896398201,2026-06-04,11146098658,da83dba8-6220-43d1-a9c2-edaf54a97cba,100163349292,Reverse,100091369388,1000026988201,11504,1740.95,5.0,0.0,0.0,0.0,return_refund,0.0,0.0,0.0,0.0,0.0,0.0,0.0,0.0,NA,0,1999.0
NFT-/XUTR/DEUTH02615538495X,30.95,0.0,0.0,1699.0,650.0,46.02,3.095,0.0,0.0,prepaid,0.619,106.0,0.0,0.0,0.0,125.08,-725.346,"",'133105824338280859603,2026-06-04,11155389546,354d2370-45ce-4e4b-a40b-0e2c90ef1b61,100164423816,Reverse,100100660252,1000029814848,11504,619.05,5.0,955.0,0.0,955.0,return_refund,0.0,0.0,0.0,0.0,0.0,0.0,0.0,0.0,NA,0,744.0
NFT-/XUTR/DEUTH02615538495X,0.0,36.38,36.38,1699.0,1528.0,360.608,0.0,3.638,3.638,prepaid,1.455,0.0,0.0,45.0,0.0,53.1,1105.561,"",'133107327476016012903,2026-06-04,11155745654,62621a7e-300e-447b-9d1d-69bb4ac79a20,"",Forward,100101016360,1000030235456,11504,1455.24,5.0,0.0,0.0,0.0,packet_delivered,0.0,0.0,0.0,0.0,0.0,0.0,0.0,0.0,NA,0,1699.0000000000002
NFT-/XUTR/DEUTH02615538495X,18.95,0.0,0.0,1699.0,398.0,18.786,1.895,0.0,0.0,prepaid,0.379,182.0,0.0,0.0,0.0,214.76,-591.7,"",'133091733020721817903,2026-06-04,11153062189,55b5681a-8796-4490-92c3-9c2d1c4de441,100165101098,Reverse,100098332898,100098332898,11504,379.05,5.0,1207.0,0.0,1207.0,return_refund,0.0,0.0,0.0,0.0,0.0,0.0,0.0,0.0,NA,0,492.0
NFT-/XUTR/DEUTH02615538495X,59.71,0.0,0.0,2999.0,1254.0,310.741,5.971,0.0,0.0,prepaid,1.194,106.0,0.0,0.0,0.0,125.08,-1061.174,"",'133094869693000434101,2026-06-04,11153444863,d9e86a25-948e-429b-9e02-19d4f1818b2c,100163497094,Reverse,100098715572,1000029315098,11504,1194.29,5.0,1574.0,0.0,1574.0,return_refund,0.0,0.0,0.0,0.0,0.0,0.0,0.0,0.0,NA,0,1425.0
NFT-/XUTR/DEUTH02615538495X,35.14,0.0,0.0,1799.0,738.0,191.585,3.514,0.0,0.0,prepaid,0.703,0.0,0.0,27.0,0.0,31.86,510.338,"",'133098030976900618203,2026-06-04,11154061696,aded21c5-277c-41f8-9899-93ae1b3e67ac,"",Forward,100099332405,100099332405,11504,702.86,5.0,967.0,0.0,967.0,packet_delivered,0.0,0.0,0.0,0.0,0.0,0.0,0.0,0.0,NA,0,832.0
NFT-/XUTR/DEUTH02615538495X,45.62,0.0,0.0,1699.0,958.0,248.697,4.562,0.0,0.0,prepaid,0.912,182.0,0.0,0.0,0.0,214.76,-918.589,"",'133083049083124303401,2026-06-04,11150917126,bc9bb391-135c-43ae-b0fd-ba2927764314,100167503584,Reverse,100096187842,100096187842,11504,912.38,5.0,570.0,0.0,570.0,return_refund,0.0,0.0,0.0,0.0,0.0,0.0,0.0,0.0,NA,0,1129.0
NFT-/XUTR/DEUTH02615538495X,31.1,0.0,0.0,1499.0,653.0,169.519,3.11,0.0,0.0,prepaid,0.622,0.0,0.0,27.0,0.0,31.86,447.889,"",'133100416622699842803,2026-06-04,11154595280,88ab5656-f3a4-4008-ae6d-112c91ce2693,"",Forward,100099865987,1000029552704,11504,621.9,5.0,752.0,0.0,752.0,packet_delivered,0.0,0.0,0.0,0.0,0.0,0.0,0.0,0.0,NA,0,747.0
NFT-/XUTR/DEUTH02615538495X,37.19,0.0,0.0,1750.0,781.0,202.748,3.719,0.0,0.0,prepaid,0.744,182.0,0.0,0.0,0.0,214.76,-788.549,"",'133065006836547912403,2026-06-04,11146965519,28d7f867-e379-4249-a304-4125a25ec405,100163279930,Reverse,100092236247,1000027177523,11504,743.81,5.0,875.0,0.0,875.0,return_refund,0.0,0.0,0.0,0.0,0.0,0.0,0.0,0.0,NA,0,875.0
NFT-/XUTR/DEUTH02615538495X,85.14,0.0,0.0,2999.0,1788.0,443.066,8.514,0.0,0.0,prepaid,1.703,106.0,0.0,0.0,0.0,125.08,-1459.797,"",'133107916529374920503,2026-06-04,11155879945,8d6e6aee-d45a-4ca0-b68c-40efce86a313,100163471655,Reverse,100101150651,100101150651,11504,1702.86,5.0,1005.0,0.0,1005.0,return_refund,0.0,0.0,0.0,0.0,0.0,0.0,0.0,0.0,NA,0,1994.0
NFT-/XUTR/DEUTH02615538495X,24.05,0.0,0.0,1499.0,505.0,131.098,2.405,0.0,0.0,prepaid,0.481,182.0,0.0,0.0,0.0,214.76,-585.776,"",'133082373198189901201,2026-06-04,11150698944,525f0b50-8ca8-4946-b3cf-a7379860264f,100163418785,Reverse,100095969661,1000028346900,11504,480.95,5.0,900.0,0.0,900.0,return_refund,0.0,0.0,0.0,0.0,0.0,0.0,0.0,0.0,NA,0,599.0
NFT-/XUTR/DEUTH02615538495X,33.52,0.0,0.0,2499.0,704.0,33.229,3.352,0.0,0.0,prepaid,0.67,0.0,0.0,27.0,5.773,38.67214,628.077,"",'133097835944619222703,2026-06-04,11154020874,2736d405-d66c-4cee-b0d9-026d4a919e89,"",Forward,100099291583,100099291583,11504,670.48,5.0,1701.0,0.0,1701.0,packet_delivered,0.0,0.0,0.0,0.0,0.0,0.0,0.0,0.0,NA,0,798.0
NFT-/XUTR/DEUTH02615538495X,0.0,35.19,35.19,3299.0,1478.0,366.248,0.0,3.519,3.519,prepaid,1.408,0.0,0.0,45.0,0.0,53.1,1050.206,"",'133105463987079101503,2026-06-04,11155296723,77b2b46c-850a-4402-8ef0-98e0af34cead,"",Forward,100100567430,100100567430,11504,1407.62,5.0,1650.0,0.0,1650.0,packet_delivered,0.0,0.0,0.0,0.0,0.0,0.0,0.0,0.0,NA,0,1649.0
NFT-/XUTR/DEUTH02615538495X,35.43,0.0,0.0,2699.0,744.0,35.117,3.543,0.0,0.0,prepaid,0.709,127.0,0.0,0.0,0.0,149.86,-854.491,"",'133099830309370575101,2026-06-04,11154440725,828fe5c5-b650-41cf-aeba-da5fd3c56632,100164651752,Reverse,100099711433,1000029789049,11504,708.57,5.0,1861.0,0.0,1861.0,return_refund,0.0,0.0,0.0,0.0,0.0,0.0,0.0,0.0,NA,0,838.0
NFT-/XUTR/DEUTH02615538495X,31.62,0.0,0.0,1699.0,664.0,172.374,3.162,0.0,0.0,prepaid,0.632,0.0,0.0,27.0,0.0,31.86,455.972,"",'133080217736084796203,2026-06-04,11150087252,5af2bc19-997a-4554-90ea-cfaa17b06311,"",Forward,100095357970,100095357970,11504,632.38,5.0,941.0,0.0,941.0,packet_delivered,0.0,0.0,0.0,0.0,0.0,0.0,0.0,0.0,NA,0,758.0
NFT-/XUTR/DEUTH02615538495X,40.38,0.0,0.0,2299.0,848.0,220.141,4.038,0.0,0.0,prepaid,0.808,0.0,0.0,27.0,0.0,31.86,591.153,"",'133081875771895182703,2026-06-04,11150560996,3c3cfbe7-1a74-4d58-ab2a-f79f69d6d3d7,"",Forward,100095831713,1000028681205,11504,807.62,5.0,1357.0,0.0,1357.0,packet_delivered,0.0,0.0,0.0,0.0,0.0,0.0,0.0,0.0,NA,0,942.0
NFT-/XUTR/DEUTH02615538495X,104.43,0.0,0.0,2399.0,2193.0,491.671,10.443,0.0,0.0,prepaid,2.089,0.0,0.0,61.0,0.0,71.98,1616.817,"",'133083132821598939903,2026-06-04,11150946953,178fa039-cb18-484e-9a10-1d34a55644f3,"",Forward,100096217669,100096217669,11504,2088.57,5.0,0.0,0.0,0.0,packet_delivered,0.0,0.0,0.0,0.0,0.0,0.0,0.0,0.0,NA,0,2399.0
NFT-/XUTR/DEUTH02615538495X,90.14,0.0,0.0,2999.0,1893.0000000000002,469.085,9.014,0.0,0.0,prepaid,1.803,182.0,0.0,0.0,0.0,214.76,-1627.858,"",'133086569419612304001,2026-06-04,11151396602,f7ce3b2b-3eeb-4cc7-a099-f1ebf9813abc,100163444550,Reverse,100096667317,100096667317,11504,1802.86,5.0,900.0,0.0,900.0,return_refund,0.0,0.0,0.0,0.0,0.0,0.0,0.0,0.0,NA,0,2099.0
NFT-/XUTR/DEUTH02615538495X,42.62,0.0,0.0,2999.0,895.0,232.342,4.262,0.0,0.0,prepaid,0.852,0.0,0.0,27.0,7.697,40.94246,616.602,"",'133087153022079613903,2026-06-04,11151520854,ea57f3dc-5b2c-4e1a-a4cf-678c090acdc3,"",Forward,100096791568,1000028679924,11504,852.38,5.0,2010.0,0.0,2010.0,packet_delivered,0.0,0.0,0.0,0.0,0.0,0.0,0.0,0.0,NA,0,989.0
NFT-/XUTR/DEUTH02615538495X,39.62,0.0,0.0,2950.0,832.0,215.987,3.962,0.0,0.0,prepaid,0.792,0.0,0.0,27.0,0.0,31.86,579.399,"",'133080380715295241803,2026-06-04,11150136162,fdccc406-4759-4b47-83e0-f9c1ecc0e6ab,"",Forward,100095406880,100095406880,11504,792.38,5.0,1947.0,0.0,1947.0,packet_delivered,0.0,0.0,0.0,0.0,0.0,0.0,0.0,0.0,NA,0,1003.0
NFT-/XUTR/DEUTH02615538495X,85.14,0.0,0.0,2999.0,1788.0,443.066,8.514,0.0,0.0,prepaid,1.703,0.0,0.0,45.0,0.0,53.1,1281.617,"",'133087066414898080103,2026-06-04,11151499772,ebbc49b3-a713-4de8-9ab2-a8f3101445eb,"",Forward,100096770487,100096770487,11504,1702.86,5.0,1005.0,0.0,1005.0,packet_delivered,0.0,0.0,0.0,0.0,0.0,0.0,0.0,0.0,NA,0,1994.0
NFT-/XUTR/DEUTH02615538495X,33.95,0.0,0.0,1699.0,713.0,185.095,3.395,0.0,0.0,prepaid,0.679,127.0,0.0,0.0,0.0,149.86,-673.691,"",'133099539505310431201,2026-06-04,11154375192,d21ba8cc-7e29-4fd0-8b03-0114118cf8e3,100163469239,Reverse,100099645900,100099645900,11504,679.05,5.0,892.0,0.0,892.0,return_refund,0.0,0.0,0.0,0.0,0.0,0.0,0.0,0.0,NA,0,807.0
NFT-/XUTR/DEUTH02615538495X,50.29,0.0,0.0,1799.0,1056.0,249.216,5.029,0.0,0.0,prepaid,1.006,0.0,0.0,45.0,0.0,53.1,747.649,"",'133106947283602475203,2026-06-04,11155658984,d002175c-9b83-47fa-9631-f341f75cdc5d,"",Forward,100100929690,100100929690,11504,1005.71,5.0,572.0,0.0,572.0,packet_delivered,0.0,0.0,0.0,0.0,0.0,0.0,0.0,0.0,NA,0,1227.0
NFT-/XUTR/DEUTH02615538495X,74.14,0.0,0.0,2599.0,1557.0,367.452,7.414,0.0,0.0,prepaid,1.483,182.0,0.0,0.0,0.0,214.76,-1395.411,"",'133079893691546118701,2026-06-04,11149992546,74758b2f-19fd-4b0f-93e8-9b0d68892200,100165275168,Reverse,100095263264,100095263264,11504,1482.86,5.0,871.0,0.0,871.0,return_refund,0.0,0.0,0.0,0.0,0.0,0.0,0.0,0.0,NA,0,1728.0
NFT-/XUTR/DEUTH02615538495X,33.33,0.0,0.0,2399.0,700.0,33.04,3.333,0.0,0.0,prepaid,0.667,0.0,0.0,27.0,0.0,31.86,631.1,"",'133095855940693709903,2026-06-04,11153586856,01e6ebf4-1c7f-4d8a-87a3-4dce418ad135,"",Forward,100098857565,1000029313456,11504,666.67,5.0,1605.0,0.0,1605.0,packet_delivered,0.0,0.0,0.0,0.0,0.0,0.0,0.0,0.0,NA,0,794.0
NFT-/XUTR/DEUTH02615538495X,45.62,0.0,0.0,1699.0,958.0,248.697,4.562,0.0,0.0,prepaid,0.912,0.0,0.0,27.0,0.0,31.86,671.969,"",'133083049083124303401,2026-06-04,11150917126,bc9bb391-135c-43ae-b0fd-ba2927764314,"",Forward,100096187842,100096187842,11504,912.38,5.0,570.0,0.0,570.0,packet_delivered,0.0,0.0,0.0,0.0,0.0,0.0,0.0,0.0,NA,0,1129.0
NFT-/XUTR/DEUTH02615538495X,68.67,0.0,0.0,3399.0,1442.0,357.328,6.867,0.0,0.0,prepaid,1.373,0.0,0.0,45.0,0.0,53.1,1023.332,"",'133106600979766252401,2026-06-04,11155579968,bd2fd41b-2051-46d7-810c-5d2ef23a3d45,"",Forward,100100850675,1000030248459,11504,1373.33,5.0,1786.0,0.0,1786.0,packet_delivered,0.0,0.0,0.0,0.0,0.0,0.0,0.0,0.0,NA,0,1613.0
NFT-/XUTR/DEUTH02615538495X,31.62,0.0,0.0,1699.0,664.0,172.374,3.162,0.0,0.0,prepaid,0.632,182.0,0.0,0.0,0.0,214.76,-702.592,"",'133080217736084796203,2026-06-04,11150087252,5af2bc19-997a-4554-90ea-cfaa17b06311,100163537939,Reverse,100095357970,100095357970,11504,632.38,5.0,941.0,0.0,941.0,return_refund,0.0,0.0,0.0,0.0,0.0,0.0,0.0,0.0,NA,0,758.0
NFT-/XUTR/DEUTH02615538495X,38.0,0.0,0.0,1999.0,798.0,207.161,3.8,0.0,0.0,prepaid,0.76,182.0,0.0,0.0,0.0,214.76,-801.039,"",'133061650030896398201,2026-06-04,11146098676,da83dba8-6220-43d1-a9c2-edaf54a97cba,100163348058,Reverse,100091369406,1000026988201,11504,760,5.0,1107.0,0.0,1107.0,return_refund,0.0,0.0,0.0,0.0,0.0,0.0,0.0,0.0,NA,0,892.0
NFT-/XUTR/DEUTH02615538495X,72.76,0.0,0.0,1699.0,1476.3500000000001,348.419,7.03,0.0,0.0,prepaid,1.406,175.848,0.0,0.0,0.0,207.50064,-1326.996,"",'133080183799449338503,2026-06-04,11150076893,0a477a00-be41-44a5-84f5-1e0c7fb25b24,100163722450,Reverse,100095347611,100095347611,11504,1455.24,5.0,0.0,0.0,0.0,return_refund,0.0,0.0,0.0,0.0,0.0,0.0,0.0,0.0,NA,0,1699.0
NFT-/XUTR/DEUTH02615538495X,63.19,0.0,0.0,2999.0,1327.0,328.831,6.319,0.0,0.0,prepaid,1.264,106.0,0.0,0.0,0.0,125.08,-1115.666,"",'133106395752445795301,2026-06-04,11155535867,07b94882-5c50-4f52-9007-5fa8c2392db8,100163420935,Reverse,100100806573,1000030234717,11504,1263.81,5.0,1501.0,0.0,1501.0,return_refund,0.0,0.0,0.0,0.0,0.0,0.0,0.0,0.0,NA,0,1498.0
NFT-/XUTR/DEUTH02615538495X,42.43,0.0,0.0,2899.0,891.0,231.304,4.243,0.0,0.0,prepaid,0.849,182.0,0.0,0.0,0.0,214.76,-869.364,"",'133087153022079613903,2026-06-04,11151520846,ea57f3dc-5b2c-4e1a-a4cf-678c090acdc3,11151520846,Reverse,100096791560,1000028679924,11504,848.57,5.0,1914.0,0.0,1914.0,exchange,0.0,0.0,0.0,0.0,0.0,0.0,0.0,0.0,NA,0,985.0
NFT-/XUTR/DEUTH02615538495X,36.19,0.0,0.0,1799.0,760.0,197.296,3.619,0.0,0.0,prepaid,0.724,0.0,0.0,27.0,0.0,31.86,526.501,"",'133082785137590714201,2026-06-04,11150824680,56886fb9-b8f4-49d9-b328-ca989270969e,"",Forward,100096095396,1000028384582,11504,723.81,5.0,945.0,0.0,945.0,packet_delivered,0.0,0.0,0.0,0.0,0.0,0.0,0.0,0.0,NA,0,854.0
NFT-/XUTR/DEUTH02615538495X,72.76,0.0,0.0,1699.0,1528.0,360.608,7.276,0.0,0.0,prepaid,1.455,106.0,0.0,0.0,0.0,125.08,-1283.741,"",'133112835231514843903,2026-06-04,11156614934,dd31d394-0dd2-42e1-b93c-c8aaaa6e95ba,11156614934,Reverse,100101885637,100101885637,11504,1455.24,5.0,0.0,0.0,0.0,exchange,0.0,0.0,0.0,0.0,0.0,0.0,0.0,0.0,NA,0,1699.0
NFT-/XUTR/DEUTH02615538495X,103.48,0.0,0.0,3399.0,2173.0,512.828,10.348,0.0,0.0,prepaid,2.07,0.0,0.0,61.0,0.0,71.98,1575.774,"",'133081111789293806203,2026-06-04,11150343251,1c3ef960-171a-440e-b7cc-7b00ebc611a7,"",Forward,100095613969,100095613969,11504,2069.52,5.0,1020.0,0.0,1020.0,packet_delivered,0.0,0.0,0.0,0.0,0.0,0.0,0.0,0.0,NA,0,2379.0
NFT-/XUTR/DEUTH02615538495X,61.95,0.0,0.0,2899.0,1301.0,322.388,6.195,0.0,0.0,prepaid,1.239,0.0,0.0,45.0,0.0,53.1,918.078,"",'133098678576519262701,2026-06-04,11154194980,ae93e720-c85e-4c29-83f0-9ec79074775a,"",Forward,100099465689,100099465689,11504,1239.05,5.0,1427.0,0.0,1427.0,packet_delivered,0.0,0.0,0.0,0.0,0.0,0.0,0.0,0.0,NA,0,1472.0
NFT-/XUTR/DEUTH02615538495X,42.62,0.0,0.0,2999.0,895.0,232.342,4.262,0.0,0.0,prepaid,0.852,182.0,0.0,0.0,0.0,214.76,-872.304,"",'133087153022079613903,2026-06-04,11151520854,ea57f3dc-5b2c-4e1a-a4cf-678c090acdc3,11151520854,Reverse,100096791568,1000028679924,11504,852.38,5.0,2010.0,0.0,2010.0,exchange,0.0,0.0,0.0,0.0,0.0,0.0,0.0,0.0,NA,0,989.0
NFT-/XUTR/DEUTH02615538495X,35.43,0.0,0.0,2699.0,744.0,35.117,3.543,0.0,0.0,prepaid,0.709,127.0,0.0,0.0,0.0,149.86,-854.491,"",'133099830309370575101,2026-06-04,11154440727,828fe5c5-b650-41cf-aeba-da5fd3c56632,100164651647,Reverse,100099711435,1000029789049,11504,708.57,5.0,1861.0,0.0,1861.0,return_refund,0.0,0.0,0.0,0.0,0.0,0.0,0.0,0.0,NA,0,838.0
NFT-/XUTR/DEUTH02615538495X,29.76,0.0,0.0,1599.0,625.0,44.25,2.976,0.0,0.0,prepaid,0.595,182.0,0.0,0.0,0.0,214.76,-791.939,"",'133054742615404754401,2026-06-04,11144855142,435afaad-e94d-491e-b426-c3221bff0367,11144855142,Reverse,100090125877,100090125877,11504,595.24,5.0,880.0,0.0,880.0,exchange,0.0,0.0,0.0,0.0,0.0,0.0,0.0,0.0,NA,0,719.0
NFT-/XUTR/DEUTH02615538495X,45.38,0.0,0.0,2499.0,777.368,201.805,3.702,0.0,0.0,prepaid,0.74,148.458,0.0,0.0,0.0,175.18044,-746.301,"",'133081544732226338003,2026-06-04,11150466951,a06c243c-9962-4817-a6a4-053208d0bf1b,11150466951,Reverse,100095737669,100095737669,11504,907.62,5.0,1375.0,0.0,1375.0,exchange,0.0,0.0,0.0,0.0,0.0,0.0,0.0,0.0,NA,0,1124.0
NFT-/XUTR/DEUTH02615538495X,85.14,0.0,0.0,2999.0,1788.0,443.066,8.514,0.0,0.0,prepaid,1.703,106.0,0.0,0.0,0.0,125.08,-1459.797,"",'133108637115267137603,2026-06-04,11156062913,5b699f81-f0ee-4c65-aa17-a35a1588ce3a,100163473255,Reverse,100101333618,100101333618,11504,1702.86,5.0,1005.0,0.0,1005.0,return_refund,0.0,0.0,0.0,0.0,0.0,0.0,0.0,0.0,NA,0,1994.0
NFT-/XUTR/DEUTH02615538495X,40.71,0.0,0.0,1899.0,855.0,221.958,4.071,0.0,0.0,prepaid,0.814,182.0,0.0,0.0,0.0,214.76,-842.917,"",'133084971230176460903,2026-06-04,11151288955,11eaf874-0b18-439b-b524-4ed80a9cba98,100163543101,Reverse,100096559670,100096559670,11504,814.29,5.0,950.0,0.0,950.0,return_refund,0.0,0.0,0.0,0.0,0.0,0.0,0.0,0.0,NA,0,949.0
NFT-/XUTR/DEUTH02615538495X,37.86,0.0,0.0,2899.0,795.0,37.524,3.786,0.0,0.0,prepaid,0.757,127.0,0.0,0.0,0.0,149.86,-902.793,"",'133101488720633075001,2026-06-04,11154803911,984542c7-d9b5-4b52-b51f-efc613ac2fea,100163475415,Reverse,100100074618,100100074618,11504,757.14,5.0,2010.0,0.0,2010.0,return_refund,0.0,0.0,0.0,0.0,0.0,0.0,0.0,0.0,NA,0,889.0
NFT-/XUTR/DEUTH02615538495X,471.81,0.0,0.0,3299.0,3093.0,729.948,13.106,0.0,0.0,prepaid,2.621,0.0,0.0,61.0,0.0,71.98,2275.345,"",'133108500453654620401,2026-06-04,11156025905,35bfda9c-8acb-4930-b959-643f822d8da6,"",Forward,100101296610,1000030239265,11504,2621.19,18.0,0.0,0.0,0.0,packet_delivered,0.0,0.0,0.0,0.0,0.0,0.0,0.0,0.0,NA,0,3299.0
NFT-/XUTR/DEUTH02615538495X,24.81,0.0,0.0,2199.0,521.0,24.591000000000005,2.481,0.0,0.0,prepaid,0.496,106.0,0.0,0.0,0.0,125.08,-618.512,"",'133106833484207252903,2026-06-04,11155633250,d6798f76-39f0-4e5a-96f4-370692b537c0,100166276227,Reverse,100100903956,100100903956,11504,496.19,5.0,1584.0,0.0,1584.0,return_refund,0.0,0.0,0.0,0.0,0.0,0.0,0.0,0.0,NA,0,615.0
NFT-/XUTR/DEUTH02615538495X,40.71,0.0,0.0,1899.0,855.0,221.958,4.071,0.0,0.0,prepaid,0.814,0.0,0.0,27.0,0.0,31.86,596.297,"",'133082918543533998701,2026-06-04,11150871803,1a1c0773-2003-4c01-a309-a5bc87285678,"",Forward,100096142519,100096142519,11504,814.29,5.0,950.0,0.0,950.0,packet_delivered,0.0,0.0,0.0,0.0,0.0,0.0,0.0,0.0,NA,0,949.0
NFT-/XUTR/DEUTH02615538495X,41.19,0.0,0.0,2999.0,865.0,224.554,4.119,0.0,0.0,prepaid,0.824,182.0,0.0,0.0,0.0,214.76,-850.263,"",'133087153022079613903,2026-06-04,11151520847,ea57f3dc-5b2c-4e1a-a4cf-678c090acdc3,100164944704,Reverse,100096791561,1000028679924,11504,823.81,5.0,2040.0,0.0,2040.0,return_refund,0.0,0.0,0.0,0.0,0.0,0.0,0.0,0.0,NA,0,959.0
NFT-/XUTR/DEUTH02615538495X,42.62,0.0,0.0,2999.0,895.0,232.342,4.262,0.0,0.0,prepaid,0.852,0.0,0.0,27.0,0.0,31.86,625.684,"",'133081254197065645301,2026-06-04,11150382930,433f3826-957e-47bf-bc37-f694743e5229,"",Forward,100095653648,100095653648,11504,852.38,5.0,2010.0,0.0,2010.0,packet_delivered,0.0,0.0,0.0,0.0,0.0,0.0,0.0,0.0,NA,0,989.0
NFT-/XUTR/DEUTH02615538495X,35.52,0.0,0.0,2799.0,746.0,35.211,3.552,0.0,0.0,prepaid,0.71,106.0,0.0,0.0,0.0,125.08,-831.607,"",'133095855940693709903,2026-06-04,11153586857,01e6ebf4-1c7f-4d8a-87a3-4dce418ad135,100163390041,Reverse,100098857566,1000029313456,11504,710.48,5.0,1959.0,0.0,1959.0,return_refund,0.0,0.0,0.0,0.0,0.0,0.0,0.0,0.0,NA,0,840.0
NFT-/XUTR/DEUTH02615538495X,43.05,0.0,0.0,2699.0,904.0,234.678,4.305,0.0,0.0,prepaid,0.861,0.0,0.0,27.0,0.0,31.86,632.296,"",'133083190440393630401,2026-06-04,11150966010,5b8bf829-f329-4949-ad29-0825e8e855f4,"",Forward,100096236726,1000028667746,11504,860.95,5.0,1701.0,0.0,1701.0,packet_delivered,0.0,0.0,0.0,0.0,0.0,0.0,0.0,0.0,NA,0,998.0
NFT-/XUTR/DEUTH02615538495X,54.48,0.0,0.0,2799.0,1144.0,283.483,5.448,0.0,0.0,prepaid,1.09,0.0,0.0,45.0,0.0,53.1,800.879,"",'133079812973208355203,2026-06-04,11149968962,b1965d22-108c-486c-b8a7-6f7ba8289125,"",Forward,100095239680,100095239680,11504,1089.52,5.0,1484.0,0.0,1484.0,packet_delivered,0.0,0.0,0.0,0.0,0.0,0.0,0.0,0.0,NA,0,1315.0
NFT-/XUTR/DEUTH02615538495X,48.1,0.0,0.0,1750.0,401.34,94.716,1.911,0.0,0.0,prepaid,0.382,0.0,0.0,17.881,0.0,21.09958,283.231,"",'133107598213537051203,2026-06-04,11155807227,2274f966-20b5-445f-9add-b944a0a5ed4d,"",Forward,100101077933,100101077933,11504,961.9,5.0,569.0,0.0,569.0,packet_delivered,0.0,0.0,0.0,0.0,0.0,0.0,0.0,0.0,NA,0,1181.0
NFT-/XUTR/DEUTH02615538495X,63.24,0.0,0.0,2999.0,1328.0,329.078,6.324,0.0,0.0,prepaid,1.265,0.0,0.0,45.0,0.0,53.1,938.233,"",'133087933126006667703,2026-06-04,11151763290,e525a956-0327-4f94-aedc-4cd557488129,"",Forward,100097034002,100097034002,11504,1264.76,5.0,1500.0,0.0,1500.0,packet_delivered,0.0,0.0,0.0,0.0,0.0,0.0,0.0,0.0,NA,0,1499.0
NFT-/XUTR/DEUTH02615538495X,50.29,0.0,0.0,1799.0,1056.0,249.216,5.029,0.0,0.0,prepaid,1.006,106.0,0.0,0.0,0.0,125.08,-925.829,"",'133106947283602475203,2026-06-04,11155658984,d002175c-9b83-47fa-9631-f341f75cdc5d,100163671075,Reverse,100100929690,100100929690,11504,1005.71,5.0,572.0,0.0,572.0,return_refund,0.0,0.0,0.0,0.0,0.0,0.0,0.0,0.0,NA,0,1227.0
NFT-/XUTR/DEUTH02615538495X,59.67,0.0,0.0,2999.0,1253.0,310.493,5.967,0.0,0.0,prepaid,1.193,182.0,0.0,0.0,0.0,214.76,-1150.107,"",'133080637376953549401,2026-06-04,11150210932,f970cefb-a691-4a92-ad03-337125ab0c9f,100163373552,Reverse,100095481650,1000028657670,11504,1193.33,5.0,1575.0,0.0,1575.0,return_refund,0.0,0.0,0.0,0.0,0.0,0.0,0.0,0.0,NA,0,1424.0
NFT-/XUTR/DEUTH02615538495X,35.71,0.0,0.0,2899.0,750.0,35.4,3.571,0.0,0.0,prepaid,0.714,106.0,0.0,0.0,0.0,125.08,-835.395,"",'133109123033854305901,2026-06-04,11156207008,ae536126-4a1c-4f41-82bc-cae57cb0f39f,100163304789,Reverse,100101477713,1000030232468,11504,714.29,5.0,2055.0,0.0,2055.0,return_refund,0.0,0.0,0.0,0.0,0.0,0.0,0.0,0.0,NA,0,844.0
NFT-/XUTR/DEUTH02615538495X,85.14,0.0,0.0,2999.0,1236.247,306.342,5.887,0.0,0.0,prepaid,1.177,73.29,0.0,0.0,0.0,86.4822,-1009.323,"",'133113790369710254601,2026-06-04,11156840060,7513f229-935b-47af-b542-b045ffd1621e,100163623884,Reverse,100102110763,100102110763,11504,1702.86,5.0,1005.0,0.0,1005.0,return_refund,0.0,0.0,0.0,0.0,0.0,0.0,0.0,0.0,NA,0,1994.0
NFT-/XUTR/DEUTH02615538495X,32.81,0.0,0.0,1650.0,689.0,178.864,3.281,0.0,0.0,prepaid,0.656,182.0,0.0,0.0,0.0,214.76,-720.959,"",'133061650030896398201,2026-06-04,11146098671,da83dba8-6220-43d1-a9c2-edaf54a97cba,100163348358,Reverse,100091369401,1000026988201,11504,656.19,5.0,867.0,0.0,867.0,return_refund,0.0,0.0,0.0,0.0,0.0,0.0,0.0,0.0,NA,0,783.0
NFT-/XUTR/DEUTH02615538495X,33.19,0.0,0.0,2499.0,697.0,32.898,3.319,0.0,0.0,prepaid,0.664,0.0,0.0,27.0,0.0,31.86,628.259,"",'133105288961832403203,2026-06-04,11155250297,e0001c74-c6be-407a-86ff-e9148135a0c4,"",Forward,100100521004,1000029800268,11504,663.81,5.0,1708.0,0.0,1708.0,packet_delivered,0.0,0.0,0.0,0.0,0.0,0.0,0.0,0.0,NA,0,791.0
NFT-/XUTR/DEUTH02615538495X,31.67,0.0,0.0,1599.0,665.0,172.634,3.167,0.0,0.0,prepaid,0.633,0.0,0.0,27.0,0.0,31.86,456.706,"",'133061650030896398201,2026-06-04,11146098673,da83dba8-6220-43d1-a9c2-edaf54a97cba,"",Forward,100091369403,1000026988201,11504,633.33,5.0,840.0,0.0,840.0,packet_delivered,0.0,0.0,0.0,0.0,0.0,0.0,0.0,0.0,NA,0,759.0
NFT-/XUTR/DEUTH02615538495X,0.0,31.5,31.5,2299.0,1323.0,312.228,0.0,3.15,3.15,prepaid,1.26,0.0,0.0,45.0,0.0,53.1,950.112,"",'133113874839945647101,2026-06-04,11156904523,afce37eb-303a-4ee3-a91d-48355cd005bf,"",Forward,100102175226,1000030267771,11504,1260,5.0,805.0,0.0,805.0,packet_delivered,0.0,0.0,0.0,0.0,0.0,0.0,0.0,0.0,NA,0,1494.0
NFT-/XUTR/DEUTH02615538495X,18.38,0.0,0.0,1650.0,386.0,18.219,1.838,0.0,0.0,prepaid,0.368,127.0,0.0,0.0,0.0,149.86,-515.435,"",'133101273922957649001,2026-06-04,11154783641,f2160fb7-c4b5-41f6-b09f-67b8eadfc03b,11154783641,Reverse,100100054348,1000029595651,11504,367.62,5.0,1205.0,0.0,1205.0,exchange,0.0,0.0,0.0,0.0,0.0,0.0,0.0,0.0,NA,0,445.0
NFT-/XUTR/DEUTH02615538495X,40.71,0.0,0.0,1999.0,855.0,221.958,4.071,0.0,0.0,prepaid,0.814,182.0,0.0,0.0,0.0,214.76,-842.917,"",'133061650030896398201,2026-06-04,11146098661,da83dba8-6220-43d1-a9c2-edaf54a97cba,100163349040,Reverse,100091369391,1000026988201,11504,814.29,5.0,1050.0,0.0,1050.0,return_refund,0.0,0.0,0.0,0.0,0.0,0.0,0.0,0.0,NA,0,949.0
NFT-/XUTR/DEUTH02615538495X,24.05,0.0,0.0,1499.0,505.0,131.098,2.405,0.0,0.0,prepaid,0.481,182.0,0.0,0.0,0.0,214.76,-585.776,"",'133065006836547912403,2026-06-04,11146965518,28d7f867-e379-4249-a304-4125a25ec405,100163278620,Reverse,100092236246,1000027177523,11504,480.95,5.0,900.0,0.0,900.0,return_refund,0.0,0.0,0.0,0.0,0.0,0.0,0.0,0.0,NA,0,599.0
NFT-/XUTR/DEUTH02615538495X,22.81,0.0,0.0,1599.0,479.0,22.609,2.281,0.0,0.0,prepaid,0.456,127.0,0.0,0.0,0.0,149.86,-603.514,"",'133101273922957649001,2026-06-04,11154783639,f2160fb7-c4b5-41f6-b09f-67b8eadfc03b,11154783639,Reverse,100100054346,1000029595651,11504,456.19,5.0,1026.0,0.0,1026.0,exchange,0.0,0.0,0.0,0.0,0.0,0.0,0.0,0.0,NA,0,573.0
NFT-/XUTR/DEUTH02615538495X,38.0,0.0,0.0,1999.0,798.0,207.161,3.8,0.0,0.0,prepaid,0.76,0.0,0.0,27.0,0.0,31.86,554.419,"",'133061650030896398201,2026-06-04,11146098676,da83dba8-6220-43d1-a9c2-edaf54a97cba,"",Forward,100091369406,1000026988201,11504,760,5.0,1107.0,0.0,1107.0,packet_delivered,0.0,0.0,0.0,0.0,0.0,0.0,0.0,0.0,NA,0,892.0
NFT-/XUTR/DEUTH02615538495X,40.71,0.0,0.0,1999.0,855.0,221.958,4.071,0.0,0.0,prepaid,0.814,0.0,0.0,27.0,0.0,31.86,596.297,"",'133081769788843163501,2026-06-04,11150532202,75c1bb9f-770f-4198-8ea3-7a124a186487,"",Forward,100095802920,100095802920,11504,814.29,5.0,1050.0,0.0,1050.0,packet_delivered,0.0,0.0,0.0,0.0,0.0,0.0,0.0,0.0,NA,0,949.0
NFT-/XUTR/DEUTH02615538495X,37.86,0.0,0.0,2899.0,795.0,37.524,3.786,0.0,0.0,prepaid,0.757,0.0,0.0,27.0,0.0,31.86,721.073,"",'133101488720633075001,2026-06-04,11154803911,984542c7-d9b5-4b52-b51f-efc613ac2fea,"",Forward,100100074618,100100074618,11504,757.14,5.0,2010.0,0.0,2010.0,packet_delivered,0.0,0.0,0.0,0.0,0.0,0.0,0.0,0.0,NA,0,889.0
NFT-/XUTR/DEUTH02615538495X,59.67,0.0,0.0,2999.0,1253.0,310.493,5.967,0.0,0.0,prepaid,1.193,182.0,0.0,0.0,0.0,214.76,-1150.107,"",'133078249502541074403,2026-06-04,11149525891,6985069f-5fab-42c7-88f5-25483bc9a156,100163556052,Reverse,100094796613,1000028125847,11504,1193.33,5.0,1575.0,0.0,1575.0,return_refund,0.0,0.0,0.0,0.0,0.0,0.0,0.0,0.0,NA,0,1424.0
