NEFT_Ref,igst_amount,cgst_amount,sgst_amount,MRP,customer_paid_amt,Commission,IGST_TCS,CGST_TCS,SGST_TCS,Payment_Type,TDS,Shipping_Fee,pick_and_pack_fee,fixed_fee,Payment_Gateway_Fee,Logistics_Commission,Settled_Amount,NOD_Comment,Store_Order_id,Payment_Date,order_line_id,seller_order_id,return_id,Order_Type,order_release_id,Packet_Id,Seller_Id,taxable_amount,Tax_Rate,seller_discount,platform_discount,total_discount,comments,fwdAdditionalCharges,rvsAdditionalCharges,techEnablement,airLogistics,royaltyCharges,royaltyPercent,marketingCharges,marketingPercent,marketingContribution,commission_discount,sale_Total_Customer_Paid
NFT-/XUTR/DEUTH026105A07HCX,38.33,0.0,0.0,1799.0,805.0,208.978,3.833,0.0,0.0,prepaid,0.767,167.0,0.0,0.0,0.0,197.06,-788.482,"",'132641772574676672103,2026-04-15,11060289060,e6d7c41a-e3b7-47d8-aae5-f164e4f16cba,11060289060,Reverse,100005560550,100005560550,11504,766.67,5.0,900.0,0.0,900.0,exchange,0.0,0.0,0.0,0.0,0.0,0.0,0.0,0.0,NA,0,898.99
NFT-/XUTR/DEUTH026105A07HCX,56.1,0.0,0.0,2999.0,1178.0,291.908,5.61,0.0,0.0,prepaid,1.122,167.0,0.0,0.0,0.0,197.06,-1076.42,"",'132651058434513542403,2026-04-15,11061905849,cbdb4f50-5294-49b4-9d70-faf7970f1bc2,100146832541,Reverse,100007177320,100007177320,11504,1121.9,5.0,1650.0,0.0,1650.0,return_refund,0.0,0.0,0.0,0.0,0.0,0.0,0.0,0.0,NA,0,1349.0
NFT-/XUTR/DEUTH026105A07HCX,51.33,0.0,0.0,2499.0,1078.0,267.128,5.133,0.0,0.0,prepaid,1.027,0.0,0.0,45.0,0.0,53.1,751.612,"",'132647895267699354201,2026-04-15,11061183269,df1feb28-c775-4189-9c2a-b25117893054,"",Forward,100006454743,100006454743,11504,1026.67,5.0,1250.0,0.0,1250.0,packet_delivered,0.0,0.0,0.0,0.0,0.0,0.0,0.0,0.0,NA,0,1249.0
NFT-/XUTR/DEUTH026105A07HCX,63.24,0.0,0.0,2999.0,1328.0,329.078,6.324,0.0,0.0,prepaid,1.265,0.0,0.0,45.0,0.0,53.1,938.233,"",'132633621863743087101,2026-04-15,11059009035,76edb8d3-c6a4-4f40-8fe6-abea3bb8c735,"",Forward,100004280563,100004280563,11504,1264.76,5.0,1500.0,0.0,1500.0,packet_delivered,0.0,0.0,0.0,0.0,0.0,0.0,0.0,0.0,NA,0,1499.0
NFT-/XUTR/DEUTH026105A07HCX,16.62,0.0,0.0,1899.0,349.0,16.473,1.662,0.0,0.0,prepaid,0.332,0.0,0.0,0.0,0.0,0.0,330.533,"",'132650156250575981801,2026-04-15,11061686907,755e1da2-c005-43ef-901d-617edd5d238d,"",Forward,100006958378,100006958378,11504,332.38,5.0,1456.0,0.0,1456.0,packet_delivered,0.0,0.0,0.0,0.0,0.0,0.0,0.0,0.0,NA,0,443.0
NFT-/XUTR/DEUTH026105A07HCX,37.19,0.0,0.0,1750.0,781.0,202.748,3.719,0.0,0.0,prepaid,0.744,0.0,0.0,27.0,0.0,31.86,541.929,"",'132656049038343410503,2026-04-15,11062558812,7fb5d68d-4862-4762-903e-b9c20d8a2afb,"",Forward,100007830249,100007830249,11504,743.81,5.0,875.0,0.0,875.0,packet_delivered,0.0,0.0,0.0,0.0,0.0,0.0,0.0,0.0,NA,0,874.98
NFT-/XUTR/DEUTH026105A07HCX,32.91,0.0,0.0,1699.0,630.84,163.766,3.004,0.0,0.0,prepaid,0.601,102.249,0.0,0.0,0.0,120.65382,-584.123,"",'132671566590820154001,2026-04-15,11065457974,c06234ab-b644-44a4-99d8-718ab7d7b047,100146625526,Reverse,100010729234,100010729234,11504,658.1,5.0,914.0,0.0,914.0,return_refund,0.0,0.0,0.0,0.0,0.0,0.0,0.0,0.0,NA,0,785.01
NFT-/XUTR/DEUTH026105A07HCX,64.67,0.0,0.0,1799.0,1358.0,320.488,6.467,0.0,0.0,prepaid,1.293,0.0,0.0,45.0,0.0,53.1,976.652,"",'132654524760037848803,2026-04-15,11062232854,71748cdc-5965-4612-8fd4-ce712a666e77,"",Forward,100007504325,100007504325,11504,1293.33,5.0,270.0,0.0,270.0,packet_delivered,0.0,0.0,0.0,0.0,0.0,0.0,0.0,0.0,NA,0,1529.0
NFT-/XUTR/DEUTH026105A07HCX,35.19,0.0,0.0,1999.0,739.0,34.881,3.519,0.0,0.0,prepaid,0.704,167.0,0.0,0.0,0.0,197.06,-896.956,"",'132624510437530056901,2026-04-15,11057486078,459ecdca-7506-442d-896c-1405a4621c11,100146310654,Reverse,100002757621,1000000474125,11504,703.81,5.0,1166.0,0.0,1166.0,return_refund,0.0,0.0,0.0,0.0,0.0,0.0,0.0,0.0,NA,0,833.0
NFT-/XUTR/DEUTH026105A07HCX,58.48,0.0,0.0,2799.0,243.54,60.349,1.16,0.0,0.0,prepaid,0.232,0.0,0.0,8.924,0.0,10.53032,171.269,"",'132674212233349398601,2026-04-15,11065995820,6cd7d891-d016-4e21-b69e-8d29a98e073a,"",Forward,100011267048,100011267048,11504,1169.52,5.0,1400.0,0.0,1400.0,packet_delivered,0.0,0.0,0.0,0.0,0.0,0.0,0.0,0.0,NA,0,1399.0
NFT-/XUTR/DEUTH026105A07HCX,63.24,0.0,0.0,2999.0,1328.0,329.078,6.324,0.0,0.0,prepaid,1.265,0.0,0.0,45.0,0.0,53.1,938.233,"",'132647149929710644701,2026-04-15,11061003490,5a4c1161-54e8-4dcd-949f-edb7512e1676,"",Forward,100006274967,100006274967,11504,1264.76,5.0,1500.0,0.0,1500.0,packet_delivered,0.0,0.0,0.0,0.0,0.0,0.0,0.0,0.0,NA,0,1499.0
NFT-/XUTR/DEUTH026105A07HCX,0.0,28.05,28.05,2999.0,1178.0,291.908,0.0,2.805,2.805,prepaid,1.122,0.0,0.0,45.0,0.0,53.1,826.26,"",'132665709899513505401,2026-04-15,11064422924,7996bab6-7650-4441-88ee-23e1059c3c60,"",Forward,100009694234,100009694234,11504,1121.9,5.0,1650.0,0.0,1650.0,packet_delivered,0.0,0.0,0.0,0.0,0.0,0.0,0.0,0.0,NA,0,1349.0
NFT-/XUTR/DEUTH026105A07HCX,33.1,0.0,0.0,3450.0,695.0,32.804,3.31,0.0,0.0,prepaid,0.662,0.0,0.0,27.0,0.0,31.86,626.364,"",'132634096089540618003,2026-04-15,11059133115,7eef852f-a125-4b84-821c-c3f8ce16c6a5,"",Forward,100004404643,1000000873912,11504,661.9,5.0,2661.0,0.0,2661.0,packet_delivered,0.0,0.0,0.0,0.0,0.0,0.0,0.0,0.0,NA,0,789.0
NFT-/XUTR/DEUTH026105A07HCX,51.1,0.0,0.0,1750.0,1073.0,253.228,5.11,0.0,0.0,prepaid,1.022,0.0,0.0,45.0,0.0,53.1,760.54,"",'132653536138346985101,2026-04-15,11062167181,36881906-b07d-44b4-94e3-631c965dbb35,"",Forward,100007438652,1000001723335,11504,1021.9,5.0,506.0,0.0,506.0,packet_delivered,0.0,0.0,0.0,0.0,0.0,0.0,0.0,0.0,NA,0,1244.0
NFT-/XUTR/DEUTH026105A07HCX,0.0,31.64,31.64,2999.0,1329.0,329.326,0.0,3.1645,3.1645,prepaid,1.266,0.0,0.0,45.0,0.0,53.1,938.979,"",'132665641212997141203,2026-04-15,11064404583,bc2dcfd5-55d1-4b6b-91bf-b30ef58dadd6,"",Forward,100009675896,100009675896,11504,1265.72,5.0,1499.0,0.0,1499.0,packet_delivered,0.0,0.0,0.0,0.0,0.0,0.0,0.0,0.0,NA,0,1500.0000000000002
NFT-/XUTR/DEUTH026105A07HCX,63.24,0.0,0.0,2999.0,1328.0,329.078,6.324,0.0,0.0,prepaid,1.265,167.0,0.0,0.0,0.0,197.06,-1188.393,"",'132654775413632422603,2026-04-15,11062269310,deafa521-e60c-43fc-af17-3ece6c0222c6,100146410542,Reverse,100007540781,100007540781,11504,1264.76,5.0,1500.0,0.0,1500.0,return_refund,0.0,0.0,0.0,0.0,0.0,0.0,0.0,0.0,NA,0,1499.0
NFT-/XUTR/DEUTH026105A07HCX,63.24,0.0,0.0,2999.0,1328.0,329.078,6.324,0.0,0.0,prepaid,1.265,112.0,0.0,0.0,0.0,132.16,-1123.493,"",'132671541124682580803,2026-04-15,11065455542,040e0717-0ae6-4b89-a84e-0d4cf33117d4,11065455542,Reverse,100010726802,100010726802,11504,1264.76,5.0,1500.0,0.0,1500.0,exchange,0.0,0.0,0.0,0.0,0.0,0.0,0.0,0.0,NA,0,1499.0
NFT-/XUTR/DEUTH026105A07HCX,0.0,17.1,17.1,2899.0,718.0,33.89,0.0,1.7095,1.7095,prepaid,0.684,91.0,0.0,0.0,0.0,107.38,-787.387,"",'132668178526438359401,2026-04-15,11065072123,6b444f43-1216-492e-ad1c-33fa616a0c6e,100146736311,Reverse,100010343384,1000002727125,11504,683.8,5.0,2087.0,0.0,2087.0,return_refund,0.0,0.0,0.0,0.0,0.0,0.0,0.0,0.0,NA,0,812.0
NFT-/XUTR/DEUTH026105A07HCX,32.33,0.0,0.0,1650.0,378.95000000000005,98.375,1.805,0.0,0.0,prepaid,0.361,50.787,0.0,0.0,0.0,59.92866,-338.338,"",'132676119134999272203,2026-04-15,11066431173,0e8c592d-d181-4653-b264-5231a9da5590,100146839254,Reverse,100011702377,1000002825614,11504,646.67,5.0,877.0,0.0,877.0,return_refund,0.0,0.0,0.0,0.0,0.0,0.0,0.0,0.0,NA,0,773.0
NFT-/XUTR/DEUTH026105A07HCX,36.57,0.0,0.0,1699.0,768.0,199.373,3.657,0.0,0.0,prepaid,0.731,0.0,0.0,27.0,0.0,31.86,532.379,"",'132642803056568951903,2026-04-15,11060548737,40ac7b06-43bf-46df-9e54-c6f31aa6f668,"",Forward,100005820226,100005820226,11504,731.43,5.0,837.0,0.0,837.0,packet_delivered,0.0,0.0,0.0,0.0,0.0,0.0,0.0,0.0,NA,0,862.0
NFT-/XUTR/DEUTH026105A07HCX,63.29,0.0,0.0,2999.0,1329.0,329.326,6.329,0.0,0.0,prepaid,1.266,0.0,0.0,45.0,0.0,53.1,938.979,"",'132656033787214099903,2026-04-15,11062554371,76139a21-1e5a-4891-b6ea-5102ee8ffc9d,"",Forward,100007825809,100007825809,11504,1265.71,5.0,1499.0,0.0,1499.0,packet_delivered,0.0,0.0,0.0,0.0,0.0,0.0,0.0,0.0,NA,0,1500.0
NFT-/XUTR/DEUTH026105A07HCX,20.29,0.0,0.0,1699.0,426.0,20.107,2.029,0.0,0.0,prepaid,0.406,0.0,0.0,15.0,0.0,17.7,385.758,"",'132642735185162302403,2026-04-15,11060532294,bd0e36d2-fc7f-4eff-8640-401a9a5e4863,"",Forward,100005803783,100005803783,11504,405.71,5.0,1179.0,0.0,1179.0,packet_delivered,0.0,0.0,0.0,0.0,0.0,0.0,0.0,0.0,NA,0,520.0
NFT-/XUTR/DEUTH026105A07HCX,41.38,0.0,0.0,1899.0,869.0,225.592,4.138,0.0,0.0,prepaid,0.828,167.0,0.0,0.0,0.0,197.06,-835.502,"",'132651340014978669603,2026-04-15,11061980457,2315a3b2-3b55-4693-bc3f-af6123b7e50e,100146986374,Reverse,100007251928,100007251928,11504,827.62,5.0,936.0,0.0,936.0,return_refund,0.0,0.0,0.0,0.0,0.0,0.0,0.0,0.0,NA,0,963.0
NFT-/XUTR/DEUTH026105A07HCX,96.43,0.0,0.0,2625.0,2025.0,477.9,9.643,0.0,0.0,prepaid,1.929,0.0,0.0,61.0,0.0,71.98,1463.548,"",'132665397629584144403,2026-04-15,11064339186,185b62a9-5962-47a9-a6d1-ad50e8e06024,"",Forward,100009610499,1000002632036,11504,1928.57,5.0,394.0,0.0,394.0,packet_delivered,0.0,0.0,0.0,0.0,0.0,0.0,0.0,0.0,NA,0,2231.0
NFT-/XUTR/DEUTH026105A07HCX,39.81,0.0,0.0,2799.0,836.0,217.026,3.981,0.0,0.0,prepaid,0.796,0.0,0.0,27.0,0.0,31.86,582.337,"",'132625073162416466703,2026-04-15,11057628311,0c96f70c-e8ab-4022-a73e-0577fc2e418e,"",Forward,100002899854,100002899854,11504,796.19,5.0,1792.0,0.0,1792.0,packet_delivered,0.0,0.0,0.0,0.0,0.0,0.0,0.0,0.0,NA,0,1007.0
NFT-/XUTR/DEUTH026105A07HCX,75.19,0.0,0.0,1750.0,1579.0,372.644,7.519,0.0,0.0,prepaid,1.504,0.0,0.0,45.0,0.0,53.1,1144.233,"",'132661246002095155203,2026-04-15,11063713566,cae95e45-a30f-4fbf-a0aa-2e4a0f9557e4,"",Forward,100008984968,100008984968,11504,1503.81,5.0,0.0,0.0,0.0,packet_delivered,0.0,0.0,0.0,0.0,0.0,0.0,0.0,0.0,NA,0,1750.0
NFT-/XUTR/DEUTH026105A07HCX,40.71,0.0,0.0,1899.0,855.0,221.958,4.071,0.0,0.0,prepaid,0.814,0.0,0.0,27.0,0.0,31.86,596.297,"",'132666998438176139703,2026-04-15,11064753843,19388c0e-8e9b-420d-b88d-b3ad8f37e6e4,"",Forward,100010025103,100010025103,11504,814.29,5.0,950.0,0.0,950.0,packet_delivered,0.0,0.0,0.0,0.0,0.0,0.0,0.0,0.0,NA,0,949.0
NFT-/XUTR/DEUTH026105A07HCX,63.24,0.0,0.0,2999.0,1328.0,329.078,6.324,0.0,0.0,prepaid,1.265,0.0,0.0,45.0,0.0,53.1,938.233,"",'132655122845470055503,2026-04-15,11062332227,3234cf8e-bd4e-4921-b585-c4ea8db0d11d,"",Forward,100007603678,100007603678,11504,1264.76,5.0,1500.0,0.0,1500.0,packet_delivered,0.0,0.0,0.0,0.0,0.0,0.0,0.0,0.0,NA,0,1499.0
NFT-/XUTR/DEUTH026105A07HCX,76.52,0.0,0.0,3499.0,1607.0,398.215,7.652,0.0,0.0,prepaid,1.53,0.0,0.0,45.0,0.0,53.1,1146.503,"",'132677797372268470103,2026-04-15,11066874106,dbef923f-2712-41f6-a205-0611206053d6,"",Forward,100012145310,100012145310,11504,1530.48,5.0,1721.0,0.0,1721.0,packet_delivered,0.0,0.0,0.0,0.0,0.0,0.0,0.0,0.0,NA,0,1778.0
NFT-/XUTR/DEUTH026105A07HCX,0.0,28.48,28.48,3399.0,1196.0,296.369,0.0,2.8475,2.8475,prepaid,1.139,0.0,0.0,45.0,0.0,53.1,839.697,"",'132657249361328500801,2026-04-15,11062870675,4008a89a-e815-4c85-bfee-8b0d699f39e9,"",Forward,100008142090,1000002161798,11504,1139.04,5.0,2032.0,0.0,2032.0,packet_delivered,0.0,0.0,0.0,0.0,0.0,0.0,0.0,0.0,NA,0,1367.0
NFT-/XUTR/DEUTH026105A07HCX,39.81,0.0,0.0,2799.0,836.0,217.026,3.981,0.0,0.0,prepaid,0.796,167.0,0.0,0.0,0.0,197.06,-811.257,"",'132625073162416466703,2026-04-15,11057628311,0c96f70c-e8ab-4022-a73e-0577fc2e418e,11057628311,Reverse,100002899854,100002899854,11504,796.19,5.0,1792.0,0.0,1792.0,exchange,0.0,0.0,0.0,0.0,0.0,0.0,0.0,0.0,NA,0,1007.0
NFT-/XUTR/DEUTH026105A07HCX,30.29,0.0,0.0,2899.0,636.0,30.019000000000002,3.029,0.0,0.0,prepaid,0.606,0.0,0.0,27.0,0.0,31.86,570.486,"",'132633399362033315903,2026-04-15,11058946800,b109e6cc-6400-497c-bad8-2ebbc84fe1d4,"",Forward,100004218328,100004218328,11504,605.71,5.0,2169.0,0.0,2169.0,packet_delivered,0.0,0.0,0.0,0.0,0.0,0.0,0.0,0.0,NA,0,729.98
NFT-/XUTR/DEUTH026105A07HCX,18.48,0.0,0.0,1599.0,388.0,18.314,1.848,0.0,0.0,prepaid,0.37,0.0,0.0,0.0,0.0,0.0,367.468,"",'132660193128840149003,2026-04-15,11063587455,60fa3581-1429-4e7b-810c-2c76ed40e9d4,"",Forward,100008858857,100008858857,11504,369.52,5.0,1152.0,0.0,1152.0,packet_delivered,0.0,0.0,0.0,0.0,0.0,0.0,0.0,0.0,NA,0,447.0
NFT-/XUTR/DEUTH026105A07HCX,61.95,0.0,0.0,2899.0,1301.0,322.388,6.195,0.0,0.0,prepaid,1.239,0.0,0.0,45.0,0.0,53.1,918.078,"",'132633029672536648703,2026-04-15,11058852961,b11c4936-1aaf-4df7-b659-1b45e32cc4fe,"",Forward,100004124489,100004124489,11504,1239.05,5.0,1427.0,0.0,1427.0,packet_delivered,0.0,0.0,0.0,0.0,0.0,0.0,0.0,0.0,NA,0,1472.0
NFT-/XUTR/DEUTH026105A07HCX,36.57,0.0,0.0,1699.0,768.0,199.373,3.657,0.0,0.0,prepaid,0.731,0.0,0.0,27.0,0.0,31.86,532.379,"",'132648947425096246103,2026-04-15,11061424206,9651cdf7-46ac-4b68-9549-8cf0ba64c1b5,"",Forward,100006695679,100006695679,11504,731.43,5.0,837.0,0.0,837.0,packet_delivered,0.0,0.0,0.0,0.0,0.0,0.0,0.0,0.0,NA,0,862.0
NFT-/XUTR/DEUTH026105A07HCX,19.05,0.0,0.0,1699.0,400.0,18.88,1.905,0.0,0.0,prepaid,0.381,0.0,0.0,0.0,0.0,0.0,378.834,"",'132675806102658467101,2026-04-15,11066353425,8973c48d-dde0-4102-85f4-fd023c94f136,"",Forward,100011624629,1000002811518,11504,380.95,5.0,1205.0,0.0,1205.0,packet_delivered,0.0,0.0,0.0,0.0,0.0,0.0,0.0,0.0,NA,0,494.0
NFT-/XUTR/DEUTH026105A07HCX,48.86,0.0,0.0,1899.0,1026.0,242.136,4.886,0.0,0.0,prepaid,0.977,0.0,0.0,45.0,0.0,53.1,724.901,"",'132646927188199349401,2026-04-15,11060949506,f6245f63-db03-4ef1-8012-537e5f8050c7,"",Forward,100006220987,100006220987,11504,977.14,5.0,702.0,0.0,702.0,packet_delivered,0.0,0.0,0.0,0.0,0.0,0.0,0.0,0.0,NA,0,1197.0
NFT-/XUTR/DEUTH026105A07HCX,29.86,0.0,0.0,2999.0,8.32,0.393,0.04,0.0,0.0,prepaid,0.008,0.0,0.0,0.358,0.0,0.42244,7.457,"",'132647899853323107903,2026-04-15,11061184381,213f4137-ca9f-4045-a576-95be7fe1ff98,"",Forward,100006455855,100006455855,11504,597.14,5.0,2278.0,0.0,2278.0,packet_delivered,0.0,0.0,0.0,0.0,0.0,0.0,0.0,0.0,NA,0,721.0
NFT-/XUTR/DEUTH026105A07HCX,35.29,0.0,0.0,2599.0,741.0,34.97500000000001,3.529,0.0,0.0,prepaid,0.706,0.0,0.0,27.0,0.0,31.86,669.93,"",'132655692720037935403,2026-04-15,11062462881,965c415a-44a7-4c04-9749-8054f25eae5a,"",Forward,100007734322,1000001744927,11504,705.71,5.0,1764.0,0.0,1764.0,packet_delivered,0.0,0.0,0.0,0.0,0.0,0.0,0.0,0.0,NA,0,835.0
NFT-/XUTR/DEUTH026105A07HCX,38.1,0.0,0.0,2999.0,800.0,207.68,3.81,0.0,0.0,prepaid,0.762,167.0,0.0,0.0,0.0,197.06,-784.808,"",'132642786931725919803,2026-04-15,11060544783,cd8f2fc7-cb2c-4e06-ae2d-7bb693305e9b,100146348068,Reverse,100005816272,1000001253839,11504,761.9,5.0,2105.0,0.0,2105.0,return_refund,0.0,0.0,0.0,0.0,0.0,0.0,0.0,0.0,NA,0,894.0
NFT-/XUTR/DEUTH026105A07HCX,61.95,0.0,0.0,2899.0,1301.0,322.388,6.195,0.0,0.0,prepaid,1.239,0.0,0.0,45.0,0.0,53.1,918.078,"",'132647782487051643503,2026-04-15,11061156858,0663ffe1-298b-4eb6-bec4-cfb3af76c304,"",Forward,100006428332,1000001721726,11504,1239.05,5.0,1427.0,0.0,1427.0,packet_delivered,0.0,0.0,0.0,0.0,0.0,0.0,0.0,0.0,NA,0,1472.0
NFT-/XUTR/DEUTH026105A07HCX,31.71,0.0,0.0,1499.0,666.0,172.894,3.171,0.0,0.0,prepaid,0.634,0.0,0.0,27.0,0.0,31.86,457.441,"",'132655732100201660703,2026-04-15,11062472781,1b972290-d1ad-4016-990b-ed1e478d11d0,"",Forward,100007744221,100007744221,11504,634.29,5.0,739.0,0.0,739.0,packet_delivered,0.0,0.0,0.0,0.0,0.0,0.0,0.0,0.0,NA,0,760.0
NFT-/XUTR/DEUTH026105A07HCX,63.24,0.0,0.0,2999.0,1328.0,329.078,6.324,0.0,0.0,prepaid,1.265,0.0,0.0,45.0,0.0,53.1,938.233,"",'132671321625402688701,2026-04-15,11065438178,69d11187-0adf-4c77-aa3d-6d2f9a4e1358,"",Forward,100010709438,100010709438,11504,1264.76,5.0,1500.0,0.0,1500.0,packet_delivered,0.0,0.0,0.0,0.0,0.0,0.0,0.0,0.0,NA,0,1499.0
NFT-/XUTR/DEUTH026105A07HCX,22.81,0.0,0.0,1599.0,479.0,22.609,2.281,0.0,0.0,prepaid,0.456,0.0,0.0,27.0,0.0,31.86,421.794,"",'132647690772800140001,2026-04-15,11061135620,77d70f4c-ce0c-4379-9f75-d7429319cc5b,"",Forward,100006407094,1000001301197,11504,456.19,5.0,1026.0,0.0,1026.0,packet_delivered,0.0,0.0,0.0,0.0,0.0,0.0,0.0,0.0,NA,0,573.0
NFT-/XUTR/DEUTH026105A07HCX,426.05,0.0,0.0,2999.0,2793.0,659.148,11.835,0.0,0.0,prepaid,2.367,167.0,0.0,0.0,0.0,197.06,-2316.71,"",'132646990792448364703,2026-04-15,11060964212,1bb90d89-c371-409a-8015-2dc3cac006d5,100146971986,Reverse,100006235691,1000001280076,11504,2366.95,18.0,0.0,0.0,0.0,return_refund,0.0,0.0,0.0,0.0,0.0,0.0,0.0,0.0,NA,0,2999.0
NFT-/XUTR/DEUTH026105A07HCX,43.1,0.0,0.0,1999.0,905.0,234.938,4.31,0.0,0.0,prepaid,0.862,0.0,0.0,27.0,0.0,31.86,633.03,"",'132642404809173025603,2026-04-15,11060445156,26c33ccd-1c7d-476c-a404-ea78670fde30,"",Forward,100005716646,1000001088485,11504,861.9,5.0,1000.0,0.0,1000.0,packet_delivered,0.0,0.0,0.0,0.0,0.0,0.0,0.0,0.0,NA,0,999.0
NFT-/XUTR/DEUTH026105A07HCX,39.43,0.0,0.0,1999.0,828.0,214.949,3.943,0.0,0.0,prepaid,0.789,0.0,0.0,27.0,0.0,31.86,576.459,"",'132649114888866339801,2026-04-15,11061460109,73042ac3-e214-4b09-ba12-33f6f77e4312,"",Forward,100006731582,100006731582,11504,788.57,5.0,1077.0,0.0,1077.0,packet_delivered,0.0,0.0,0.0,0.0,0.0,0.0,0.0,0.0,NA,0,922.0
NFT-/XUTR/DEUTH026105A07HCX,82.24,0.0,0.0,1899.0,1727.0,407.572,8.224,0.0,0.0,prepaid,1.645,0.0,0.0,45.0,0.0,53.1,1256.459,"",'132648190745410669403,2026-04-15,11061253307,3f234bb6-8e83-424b-872e-5154614dde1d,"",Forward,100006524781,100006524781,11504,1644.76,5.0,1.0,0.0,1.0,packet_delivered,0.0,0.0,0.0,0.0,0.0,0.0,0.0,0.0,NA,0,1898.0
NFT-/XUTR/DEUTH026105A07HCX,106.81,0.0,0.0,3499.0,2243.0,529.348,10.681,0.0,0.0,prepaid,2.136,0.0,0.0,61.0,0.0,71.98,1628.855,"",'132660500176535841403,2026-04-15,11063649164,37e8a17e-3cc3-4e86-accc-4ddbbede6178,"",Forward,100008920566,100008920566,11504,2136.19,5.0,1050.0,0.0,1050.0,packet_delivered,0.0,0.0,0.0,0.0,0.0,0.0,0.0,0.0,NA,0,2449.0
NFT-/XUTR/DEUTH026105A07HCX,19.05,0.0,0.0,1499.0,400.0,18.88,1.905,0.0,0.0,prepaid,0.381,91.0,0.0,0.0,0.0,107.38,-486.214,"",'132665514223944635201,2026-04-15,11064370294,d762bff7-d0b4-4825-a4d3-4387cec23e59,100146501741,Reverse,100009641607,1000002225469,11504,380.95,5.0,1005.0,0.0,1005.0,return_refund,0.0,0.0,0.0,0.0,0.0,0.0,0.0,0.0,NA,0,494.0
NFT-/XUTR/DEUTH026105A07HCX,56.1,0.0,0.0,2999.0,1178.0,291.908,5.61,0.0,0.0,prepaid,1.122,0.0,0.0,45.0,0.0,53.1,826.26,"",'132640672877660942703,2026-04-15,11060057621,fa08b404-bc91-4d49-a206-e70bae86f86e,"",Forward,100005329113,1000001284022,11504,1121.9,5.0,1650.0,0.0,1650.0,packet_delivered,0.0,0.0,0.0,0.0,0.0,0.0,0.0,0.0,NA,0,1349.0
NFT-/XUTR/DEUTH026105A07HCX,64.67,0.0,0.0,1799.0,1358.0,320.488,6.467,0.0,0.0,prepaid,1.293,167.0,0.0,0.0,0.0,197.06,-1226.812,"",'132654524760037848803,2026-04-15,11062232854,71748cdc-5965-4612-8fd4-ce712a666e77,100148965873,Reverse,100007504325,100007504325,11504,1293.33,5.0,270.0,0.0,270.0,return_refund,0.0,0.0,0.0,0.0,0.0,0.0,0.0,0.0,NA,0,1529.0
NFT-/XUTR/DEUTH026105A07HCX,33.62,0.0,0.0,1750.0,706.0,183.278,3.362,0.0,0.0,prepaid,0.672,167.0,0.0,0.0,0.0,197.06,-715.748,"",'132664669689420359401,2026-04-15,11064135140,fa965fec-98df-43a7-9c9f-1293e54a84f9,100147010907,Reverse,100009406454,100009406454,11504,672.38,5.0,950.0,0.0,950.0,return_refund,0.0,0.0,0.0,0.0,0.0,0.0,0.0,0.0,NA,0,800.0
NFT-/XUTR/DEUTH026105A07HCX,31.71,0.0,0.0,1699.0,371.7,96.493,1.77,0.0,0.0,prepaid,0.354,50.788,0.0,0.0,0.0,59.92984,-333.013,"",'132676119134999272203,2026-04-15,11066431172,0e8c592d-d181-4653-b264-5231a9da5590,100146839606,Reverse,100011702376,1000002825614,11504,634.29,5.0,939.0,0.0,939.0,return_refund,0.0,0.0,0.0,0.0,0.0,0.0,0.0,0.0,NA,0,760.0
NFT-/XUTR/DEUTH026105A07HCX,36.57,0.0,0.0,1699.0,768.0,199.373,3.657,0.0,0.0,prepaid,0.731,112.0,0.0,0.0,0.0,132.16,-696.399,"",'132651369372664789101,2026-04-15,11061987751,450914b3-2961-4e49-8982-5437f02d8834,100147081080,Reverse,100007259222,1000001527550,11504,731.43,5.0,837.0,0.0,837.0,return_refund,0.0,0.0,0.0,0.0,0.0,0.0,0.0,0.0,NA,0,862.0
NFT-/XUTR/DEUTH026105A07HCX,71.67,0.0,0.0,3299.0,1505.0,372.939,7.167,0.0,0.0,prepaid,1.433,91.0,0.0,0.0,0.0,107.38,-1230.841,"",'132676445435483359401,2026-04-15,11066513601,d2602e46-8369-41b3-ae91-38692f72a69f,11066513601,Reverse,100011784805,100011784805,11504,1433.33,5.0,1623.0,0.0,1623.0,exchange,0.0,0.0,0.0,0.0,0.0,0.0,0.0,0.0,NA,0,1676.0
NFT-/XUTR/DEUTH026105A07HCX,34.33,0.0,0.0,2999.0,721.0,34.031,3.433,0.0,0.0,prepaid,0.687,0.0,0.0,27.0,0.0,31.86,650.989,"",'132651377573635902603,2026-04-15,11061989725,e4d3340b-b0b3-40a3-a853-1ad6ad8538e8,"",Forward,100007261197,100007261197,11504,686.67,5.0,2184.0,0.0,2184.0,packet_delivered,0.0,0.0,0.0,0.0,0.0,0.0,0.0,0.0,NA,0,815.0
NFT-/XUTR/DEUTH026105A07HCX,58.48,0.0,0.0,3499.0,1228.0,304.298,5.848,0.0,0.0,prepaid,1.17,0.0,0.0,45.0,0.0,53.1,863.584,"",'132642323096022853003,2026-04-15,11060423759,20e70c60-f8e1-4604-bb42-b8dd9fac8683,"",Forward,100005695250,1000001278574,11504,1169.52,5.0,2100.0,0.0,2100.0,packet_delivered,0.0,0.0,0.0,0.0,0.0,0.0,0.0,0.0,NA,0,1399.0
NFT-/XUTR/DEUTH026105A07HCX,35.29,0.0,0.0,2899.0,741.0,34.97500000000001,3.529,0.0,0.0,prepaid,0.706,0.0,0.0,27.0,0.0,31.86,669.93,"",'132657876049777816303,2026-04-15,11063016678,7f82b8f6-47ed-49c8-aaa4-ef99199d1efa,"",Forward,100008288085,1000002174296,11504,705.71,5.0,2064.0,0.0,2064.0,packet_delivered,0.0,0.0,0.0,0.0,0.0,0.0,0.0,0.0,NA,0,835.0
NFT-/XUTR/DEUTH026105A07HCX,61.95,0.0,0.0,2899.0,1301.0,322.388,6.195,0.0,0.0,prepaid,1.239,167.0,0.0,0.0,0.0,197.06,-1168.238,"",'132647782487051643503,2026-04-15,11061156858,0663ffe1-298b-4eb6-bec4-cfb3af76c304,100147555573,Reverse,100006428332,1000001721726,11504,1239.05,5.0,1427.0,0.0,1427.0,return_refund,0.0,0.0,0.0,0.0,0.0,0.0,0.0,0.0,NA,0,1472.0
NFT-/XUTR/DEUTH026105A07HCX,19.67,0.0,0.0,1750.0,413.0,19.494,1.967,0.0,0.0,prepaid,0.393,0.0,0.0,15.0,0.0,17.7,373.446,"",'132648268885904302503,2026-04-15,11061272278,eba8868f-e76f-472a-91e0-e76603d3d4c0,"",Forward,100006543752,100006543752,11504,393.33,5.0,1243.0,0.0,1243.0,packet_delivered,0.0,0.0,0.0,0.0,0.0,0.0,0.0,0.0,NA,0,507.0
NFT-/XUTR/DEUTH026105A07HCX,56.1,0.0,0.0,2999.0,1178.0,291.908,5.61,0.0,0.0,prepaid,1.122,0.0,0.0,45.0,0.0,53.1,826.26,"",'132646990792448364703,2026-04-15,11060964217,1bb90d89-c371-409a-8015-2dc3cac006d5,"",Forward,100006235696,1000001280076,11504,1121.9,5.0,1650.0,0.0,1650.0,packet_delivered,0.0,0.0,0.0,0.0,0.0,0.0,0.0,0.0,NA,0,1349.0
NFT-/XUTR/DEUTH026105A07HCX,52.71,0.0,0.0,1799.0,1107.0,261.252,5.271,0.0,0.0,prepaid,1.054,0.0,0.0,45.0,0.0,53.1,786.323,"",'132646224150576528103,2026-04-15,11060814988,d0d8d5b6-2c13-44bb-878e-fc0f2380c0ad,"",Forward,100006086476,100006086476,11504,1054.29,5.0,521.0,0.0,521.0,packet_delivered,0.0,0.0,0.0,0.0,0.0,0.0,0.0,0.0,NA,0,1278.0
NFT-/XUTR/DEUTH026105A07HCX,36.0,0.0,0.0,1699.0,756.0,196.258,3.6,0.0,0.0,prepaid,0.72,0.0,0.0,27.0,0.0,31.86,523.562,"",'132667203100540029703,2026-04-15,11064807236,142ab812-4abf-47a6-84c8-99e726da669f,"",Forward,100010078496,1000002322634,11504,720,5.0,849.0,0.0,849.0,packet_delivered,0.0,0.0,0.0,0.0,0.0,0.0,0.0,0.0,NA,0,850.0
NFT-/XUTR/DEUTH026105A07HCX,56.1,0.0,0.0,2999.0,1178.0,291.908,5.61,0.0,0.0,prepaid,1.122,167.0,0.0,0.0,0.0,197.06,-1076.42,"",'132641126110537944401,2026-04-15,11060149094,deb5d261-f00b-4dd0-8cdb-798b2acfb3c6,11060149094,Reverse,100005420585,100005420585,11504,1121.9,5.0,1650.0,0.0,1650.0,exchange,0.0,0.0,0.0,0.0,0.0,0.0,0.0,0.0,NA,0,1349.0
NFT-/XUTR/DEUTH026105A07HCX,35.29,0.0,0.0,2899.0,741.0,34.97500000000001,3.529,0.0,0.0,prepaid,0.706,167.0,0.0,0.0,0.0,197.06,-898.85,"",'132657876049777816303,2026-04-15,11063016678,7f82b8f6-47ed-49c8-aaa4-ef99199d1efa,100146575827,Reverse,100008288085,1000002174296,11504,705.71,5.0,2064.0,0.0,2064.0,return_refund,0.0,0.0,0.0,0.0,0.0,0.0,0.0,0.0,NA,0,835.0
NFT-/XUTR/DEUTH026105A07HCX,99.1,0.0,0.0,4499.0,2081.0,491.116,9.91,0.0,0.0,prepaid,1.982,91.0,0.0,0.0,0.0,107.38,-1685.372,"",'132667092007294503101,2026-04-15,11064777957,8860ecec-1fe4-4c39-a82b-fe90fc772ffe,100147972531,Reverse,100010049217,100010049217,11504,1981.9,5.0,2212.0,0.0,2212.0,return_refund,0.0,0.0,0.0,0.0,0.0,0.0,0.0,0.0,NA,0,2287.0
NFT-/XUTR/DEUTH026105A07HCX,56.1,0.0,0.0,2999.0,1178.0,291.908,5.61,0.0,0.0,prepaid,1.122,112.0,0.0,0.0,0.0,132.16,-1011.52,"",'132613520665667692303,2026-04-15,11055564801,f3c723cb-6040-4b40-bfd4-d6a57285e4f2,11055564801,Reverse,9055285484,1000000065291,11504,1121.9,5.0,1650.0,0.0,1650.0,exchange,0.0,0.0,0.0,0.0,0.0,0.0,0.0,0.0,NA,0,1349.0
NFT-/XUTR/DEUTH026105A07HCX,31.1,0.0,0.0,2499.0,653.0,30.822000000000003,3.11,0.0,0.0,prepaid,0.622,0.0,0.0,0.0,0.0,0.0,618.446,"",'132641785783996912301,2026-04-15,11060292030,5554b93c-c3e7-451e-9a77-637831d8d632,"",Forward,100005563521,100005563521,11504,621.9,5.0,1698.0,0.0,1698.0,packet_delivered,0.0,0.0,0.0,0.0,0.0,0.0,0.0,0.0,NA,0,801.0
NFT-/XUTR/DEUTH026105A07HCX,35.95,0.0,0.0,1699.0,755.0,195.998,3.595,0.0,0.0,prepaid,0.719,0.0,0.0,27.0,0.0,31.86,522.828,"",'132651369372664789101,2026-04-15,11061987750,450914b3-2961-4e49-8982-5437f02d8834,"",Forward,100007259221,1000001527550,11504,719.05,5.0,850.0,0.0,850.0,packet_delivered,0.0,0.0,0.0,0.0,0.0,0.0,0.0,0.0,NA,0,849.0
NFT-/XUTR/DEUTH026105A07HCX,409.12,0.0,0.0,3399.0,2682.0,601.304,11.364,0.0,0.0,prepaid,2.273,167.0,0.0,0.0,0.0,197.06,-2264.119,"",'132657992174449905203,2026-04-15,11063042760,1061288b-2d49-4320-b800-6aa2b1fac74e,100148147875,Reverse,100008314164,100008314164,11504,2272.88,18.0,511.0,0.0,511.0,return_refund,0.0,0.0,0.0,0.0,0.0,0.0,0.0,0.0,NA,0,2888.0
NFT-/XUTR/DEUTH026105A07HCX,52.24,0.0,0.0,2499.0,1097.0,271.837,5.224,0.0,0.0,prepaid,1.045,167.0,0.0,0.0,0.0,197.06,-1015.954,"",'132647782487051643503,2026-04-15,11061156850,0663ffe1-298b-4eb6-bec4-cfb3af76c304,100147840888,Reverse,100006428324,1000001721726,11504,1044.76,5.0,1231.0,0.0,1231.0,return_refund,0.0,0.0,0.0,0.0,0.0,0.0,0.0,0.0,NA,0,1268.0
NFT-/XUTR/DEUTH026105A07HCX,401.03,0.0,0.0,4499.0,2629.0,620.444,11.14,0.0,0.0,prepaid,2.228,0.0,0.0,61.0,0.0,71.98,1923.208,"",'132660876326240540103,2026-04-15,11063691529,569533b8-d707-4745-bee0-435495e168a8,"",Forward,100008962931,100008962931,11504,2227.97,18.0,1664.0,0.0,1664.0,packet_delivered,0.0,0.0,0.0,0.0,0.0,0.0,0.0,0.0,NA,0,2835.0
NFT-/XUTR/DEUTH026105A07HCX,90.14,0.0,0.0,2999.0,1893.0,469.085,9.014,0.0,0.0,prepaid,1.803,167.0,0.0,0.0,0.0,197.06,-1610.158,"",'132646990792448364703,2026-04-15,11060964221,1bb90d89-c371-409a-8015-2dc3cac006d5,100146849293,Reverse,100006235700,1000001280076,11504,1802.86,5.0,900.0,0.0,900.0,return_refund,0.0,0.0,0.0,0.0,0.0,0.0,0.0,0.0,NA,0,2099.0
NFT-/XUTR/DEUTH026105A07HCX,18.81,0.0,0.0,1799.0,395.0,18.644,1.881,0.0,0.0,prepaid,0.376,91.0,0.0,0.0,0.0,107.38,-481.479,"",'132671318563653703601,2026-04-15,11065437999,f9ae689f-a66a-4a78-82ab-e366e3a21ba8,11065437999,Reverse,100010709259,100010709259,11504,376.19,5.0,1310.0,0.0,1310.0,exchange,0.0,0.0,0.0,0.0,0.0,0.0,0.0,0.0,NA,0,489.0
NFT-/XUTR/DEUTH026105A07HCX,63.24,0.0,0.0,2999.0,1328.0,329.078,6.324,0.0,0.0,prepaid,1.265,0.0,0.0,45.0,0.0,53.1,938.233,"",'132639708915351430801,2026-04-15,11059857283,a7959970-f398-400b-91ed-dc17bf30eeb2,"",Forward,100005128788,1000001275302,11504,1264.76,5.0,1500.0,0.0,1500.0,packet_delivered,0.0,0.0,0.0,0.0,0.0,0.0,0.0,0.0,NA,0,1499.0
NFT-/XUTR/DEUTH026105A07HCX,71.67,0.0,0.0,3299.0,1505.0,372.939,7.167,0.0,0.0,prepaid,1.433,167.0,0.0,0.0,0.0,197.06,-1320.521,"",'132647319552791214601,2026-04-15,11061045884,e6c7dc69-19bb-4959-b3da-a4b7c7d2d6cd,11061045884,Reverse,100006317358,100006317358,11504,1433.33,5.0,1623.0,0.0,1623.0,exchange,0.0,0.0,0.0,0.0,0.0,0.0,0.0,0.0,NA,0,1676.0
NFT-/XUTR/DEUTH026105A07HCX,63.24,0.0,0.0,2999.0,1328.0,329.078,6.324,0.0,0.0,prepaid,1.265,0.0,0.0,45.0,0.0,53.1,938.233,"",'132674918866538742801,2026-04-15,11066155348,f57662ec-ab3d-47f6-bdd0-6c580c5f4ded,"",Forward,100011426564,100011426564,11504,1264.76,5.0,1500.0,0.0,1500.0,packet_delivered,0.0,0.0,0.0,0.0,0.0,0.0,0.0,0.0,NA,0,1499.0
NFT-/XUTR/DEUTH026105A07HCX,30.14,0.0,0.0,1999.0,633.0,29.878000000000004,3.014,0.0,0.0,prepaid,0.603,0.0,0.0,27.0,0.0,31.86,567.645,"",'132648527466383952603,2026-04-15,11061332035,e3273422-3575-4822-b658-ee7e300105ad,"",Forward,100006603509,100006603509,11504,602.86,5.0,1272.0,0.0,1272.0,packet_delivered,0.0,0.0,0.0,0.0,0.0,0.0,0.0,0.0,NA,0,727.0
NFT-/XUTR/DEUTH026105A07HCX,49.81,0.0,0.0,2999.0,1046.0,259.199,4.981,0.0,0.0,prepaid,0.996,0.0,0.0,45.0,0.0,53.1,727.724,"",'132647782487051643503,2026-04-15,11061156855,0663ffe1-298b-4eb6-bec4-cfb3af76c304,"",Forward,100006428329,1000001721726,11504,996.19,5.0,1782.0,0.0,1782.0,packet_delivered,0.0,0.0,0.0,0.0,0.0,0.0,0.0,0.0,NA,0,1217.0
NFT-/XUTR/DEUTH026105A07HCX,20.14,0.0,0.0,1499.0,423.0,19.966,2.014,0.0,0.0,prepaid,0.403,0.0,0.0,19.0,0.0,22.42,378.197,"",'132651167509807877503,2026-04-15,11061935649,a2732055-7b6b-49f4-a54b-fe50efc299c9,"",Forward,100007207120,1000001702228,11504,402.86,5.0,1017.0,0.0,1017.0,packet_delivered,0.0,0.0,0.0,0.0,0.0,0.0,0.0,0.0,NA,0,482.0
NFT-/XUTR/DEUTH026105A07HCX,19.1,0.0,0.0,1599.0,400.99999999999994,18.927,1.91,0.0,0.0,prepaid,0.382,167.0,0.0,0.0,0.0,197.06,-576.841,"",'132651344461025973001,2026-04-15,11061981568,7d6e652b-728a-4cc4-940d-48817f0ddc94,100146486399,Reverse,100007253039,1000001742787,11504,381.9,5.0,1104.0,0.0,1104.0,return_refund,0.0,0.0,0.0,0.0,0.0,0.0,0.0,0.0,NA,0,495.0
NFT-/XUTR/DEUTH026105A07HCX,0.0,16.45,16.45,1699.0,691.0,179.384,0.0,1.645,1.645,prepaid,0.658,91.0,0.0,0.0,0.0,107.38,-615.048,"",'132660538146534650903,2026-04-15,11063654907,c4d42374-dfa8-4d20-8655-f6f76ec69eca,100147896844,Reverse,100008926309,1000001996942,11504,658.1,5.0,914.0,0.0,914.0,return_refund,0.0,0.0,0.0,0.0,0.0,0.0,0.0,0.0,NA,0,785.0000000000001
NFT-/XUTR/DEUTH026105A07HCX,71.81,0.0,0.0,2399.0,1508.0,355.888,7.181,0.0,0.0,prepaid,1.436,0.0,0.0,45.0,0.0,53.1,1090.395,"",'132651779058541404403,2026-04-15,11062073903,9991aef5-654a-4c10-b8f9-1a712340dc40,"",Forward,100007345374,100007345374,11504,1436.19,5.0,720.0,0.0,720.0,packet_delivered,0.0,0.0,0.0,0.0,0.0,0.0,0.0,0.0,NA,0,1679.0
NFT-/XUTR/DEUTH026105A07HCX,32.67,0.0,0.0,2899.0,58.221,2.748,0.277,0.0,0.0,prepaid,0.055,0.0,0.0,2.291,0.0,2.70338,52.438,"",'132648589746827301003,2026-04-15,11061345965,93ba3886-acd8-4297-b61b-b3a537ef7e6b,"",Forward,100006617438,100006617438,11504,653.33,5.0,2119.0,0.0,2119.0,packet_delivered,0.0,0.0,0.0,0.0,0.0,0.0,0.0,0.0,NA,0,780.01
NFT-/XUTR/DEUTH026105A07HCX,0.0,17.36,17.36,2750.0,729.0,34.40899999999999,0.0,1.7355,1.7355,prepaid,0.694,0.0,0.0,27.0,0.0,31.86,658.566,"",'132666895575280699803,2026-04-15,11064727913,c5d6d426-806b-4181-96d4-843af76326fe,"",Forward,100009999173,1000002678655,11504,694.28,5.0,1927.0,0.0,1927.0,packet_delivered,0.0,0.0,0.0,0.0,0.0,0.0,0.0,0.0,NA,0,823.0
NFT-/XUTR/DEUTH026105A07HCX,56.81,0.0,0.0,1950.0,1193.0,281.548,5.681,0.0,0.0,prepaid,1.136,0.0,0.0,45.0,0.0,53.1,851.535,"",'132675935184473289103,2026-04-15,11066383644,7b99874b-f310-493b-98ea-0def917d76c8,"",Forward,100011654848,100011654848,11504,1136.19,5.0,586.0,0.0,586.0,packet_delivered,0.0,0.0,0.0,0.0,0.0,0.0,0.0,0.0,NA,0,1364.0
NFT-/XUTR/DEUTH026105A07HCX,19.05,0.0,0.0,1699.0,400.0,18.88,1.905,0.0,0.0,prepaid,0.381,91.0,0.0,0.0,0.0,107.38,-486.214,"",'132675806102658467101,2026-04-15,11066353431,8973c48d-dde0-4102-85f4-fd023c94f136,100147245146,Reverse,100011624635,1000002811518,11504,380.95,5.0,1205.0,0.0,1205.0,return_refund,0.0,0.0,0.0,0.0,0.0,0.0,0.0,0.0,NA,0,494.0
NFT-/XUTR/DEUTH026105A07HCX,0.0,20.69,20.69,1899.0,869.0,225.592,0.0,2.069,2.069,prepaid,0.828,0.0,0.0,27.0,0.0,31.86,606.582,"",'132681735337003844303,2026-04-15,11067301575,1f32fed4-659e-46ec-abcd-a6cad9096875,"",Forward,100012572776,100012572776,11504,827.62,5.0,936.0,0.0,936.0,packet_delivered,0.0,0.0,0.0,0.0,0.0,0.0,0.0,0.0,NA,0,963.0000000000001
NFT-/XUTR/DEUTH026105A07HCX,36.52,0.0,0.0,2499.0,767.0,36.202,3.652,0.0,0.0,prepaid,0.73,0.0,0.0,27.0,0.0,31.86,694.556,"",'132647782487051643503,2026-04-15,11061156851,0663ffe1-298b-4eb6-bec4-cfb3af76c304,"",Forward,100006428325,1000001721726,11504,730.48,5.0,1638.0,0.0,1638.0,packet_delivered,0.0,0.0,0.0,0.0,0.0,0.0,0.0,0.0,NA,0,861.0
NFT-/XUTR/DEUTH026105A07HCX,48.95,0.0,0.0,2999.0,1028.0,242.608,4.895,0.0,0.0,prepaid,0.979,91.0,0.0,0.0,0.0,107.38,-886.898,"",'132667203100540029703,2026-04-15,11064807232,142ab812-4abf-47a6-84c8-99e726da669f,100146422952,Reverse,100010078492,1000002322634,11504,979.05,5.0,1800.0,0.0,1800.0,return_refund,0.0,0.0,0.0,0.0,0.0,0.0,0.0,0.0,NA,0,1199.0
NFT-/XUTR/DEUTH026105A07HCX,51.33,0.0,0.0,2499.0,1078.0,267.128,5.133,0.0,0.0,prepaid,1.027,0.0,0.0,45.0,0.0,53.1,751.612,"",'132647782487051643503,2026-04-15,11061156849,0663ffe1-298b-4eb6-bec4-cfb3af76c304,"",Forward,100006428323,1000001721726,11504,1026.67,5.0,1250.0,0.0,1250.0,packet_delivered,0.0,0.0,0.0,0.0,0.0,0.0,0.0,0.0,NA,0,1249.0
NFT-/XUTR/DEUTH026105A07HCX,106.81,0.0,0.0,3499.0,2243.0,529.348,10.681,0.0,0.0,prepaid,2.136,167.0,0.0,0.0,0.0,197.06,-1897.895,"",'132643100100837986003,2026-04-15,11060609903,761b7667-6082-4bf8-8ce2-c1767601c850,100146415072,Reverse,100005881392,1000001272266,11504,2136.19,5.0,1050.0,0.0,1050.0,return_refund,0.0,0.0,0.0,0.0,0.0,0.0,0.0,0.0,NA,0,2449.0
NFT-/XUTR/DEUTH026105A07HCX,0.0,9.52,9.52,1699.0,400.0,18.88,0.0,0.9525,0.9525,prepaid,0.381,0.0,0.0,0.0,0.0,0.0,378.834,"",'132681746549905406301,2026-04-15,11067304881,519821d9-0d83-4076-bc7c-14423d33527a,"",Forward,100012576082,100012576082,11504,380.96,5.0,1205.0,0.0,1205.0,packet_delivered,0.0,0.0,0.0,0.0,0.0,0.0,0.0,0.0,NA,0,493.99999999999994
NFT-/XUTR/DEUTH026105A07HCX,33.19,0.0,0.0,2499.0,697.0,32.898,3.319,0.0,0.0,prepaid,0.664,0.0,0.0,27.0,0.0,31.86,628.259,"",'132677501358854945101,2026-04-15,11066818497,391a3c4d-06eb-4941-8ed8-79e5f9bb6a27,"",Forward,100012089701,100012089701,11504,663.81,5.0,1708.0,0.0,1708.0,packet_delivered,0.0,0.0,0.0,0.0,0.0,0.0,0.0,0.0,NA,0,791.0
NFT-/XUTR/DEUTH026105A07HCX,0.0,17.1,17.1,2899.0,718.0,33.89,0.0,1.7095,1.7095,prepaid,0.684,0.0,0.0,27.0,0.0,31.86,648.147,"",'132668178526438359401,2026-04-15,11065072123,6b444f43-1216-492e-ad1c-33fa616a0c6e,"",Forward,100010343384,1000002727125,11504,683.8,5.0,2087.0,0.0,2087.0,packet_delivered,0.0,0.0,0.0,0.0,0.0,0.0,0.0,0.0,NA,0,812.0
NFT-/XUTR/DEUTH026105A07HCX,70.38,0.0,0.0,3299.0,1478.0,366.248,7.038,0.0,0.0,prepaid,1.408,0.0,0.0,45.0,0.0,53.1,1050.206,"",'132639577046271699201,2026-04-15,11059829068,c421a3a5-299f-49a1-bb20-ea3794756d03,"",Forward,100005100573,100005100573,11504,1407.62,5.0,1650.0,0.0,1650.0,packet_delivered,0.0,0.0,0.0,0.0,0.0,0.0,0.0,0.0,NA,0,1649.0
NFT-/XUTR/DEUTH026105A07HCX,502.32,0.0,0.0,3499.0,3293.0,777.148,13.953,0.0,0.0,prepaid,2.791,0.0,0.0,61.0,0.0,71.98,2427.128,"",'132646990792448364703,2026-04-15,11060964216,1bb90d89-c371-409a-8015-2dc3cac006d5,"",Forward,100006235695,1000001280076,11504,2790.68,18.0,0.0,0.0,0.0,packet_delivered,0.0,0.0,0.0,0.0,0.0,0.0,0.0,0.0,NA,0,3499.0
NFT-/XUTR/DEUTH026105A07HCX,17.57,0.0,0.0,1599.0,369.0,17.417,1.757,0.0,0.0,prepaid,0.351,0.0,0.0,0.0,0.0,0.0,349.475,"",'132660456628957288801,2026-04-15,11063641856,4dc59205-69f1-4793-a4dd-980ee5adcf09,"",Forward,100008913258,100008913258,11504,351.43,5.0,1136.0,0.0,1136.0,packet_delivered,0.0,0.0,0.0,0.0,0.0,0.0,0.0,0.0,NA,0,463.0
NFT-/XUTR/DEUTH026105A07HCX,30.67,0.0,0.0,1699.0,644.0,167.182,3.067,0.0,0.0,prepaid,0.613,0.0,0.0,27.0,0.0,31.86,441.278,"",'132645875717000582601,2026-04-15,11060765500,3e2f0619-da5e-4f56-9ced-16ca71e76e39,"",Forward,100006036989,1000001189980,11504,613.33,5.0,961.0,0.0,961.0,packet_delivered,0.0,0.0,0.0,0.0,0.0,0.0,0.0,0.0,NA,0,738.0
NFT-/XUTR/DEUTH026105A07HCX,58.86,0.0,0.0,3499.0,1236.0,306.281,5.886,0.0,0.0,prepaid,1.177,0.0,0.0,45.0,0.0,53.1,869.556,"",'132675184400550189501,2026-04-15,11066214989,b9818e19-5f35-4d9f-962a-2bae4632d71a,"",Forward,100011486199,100011486199,11504,1177.14,5.0,2092.0,0.0,2092.0,packet_delivered,0.0,0.0,0.0,0.0,0.0,0.0,0.0,0.0,NA,0,1407.0
NFT-/XUTR/DEUTH026105A07HCX,71.67,0.0,0.0,3299.0,1505.0,372.939,7.167,0.0,0.0,prepaid,1.433,91.0,0.0,0.0,0.0,107.38,-1230.841,"",'132680619396601213503,2026-04-15,11067054216,4690cf9f-bfef-4962-9dfc-6dbb54a7424f,100147038532,Reverse,100012325417,1000003122373,11504,1433.33,5.0,1623.0,0.0,1623.0,return_refund,0.0,0.0,0.0,0.0,0.0,0.0,0.0,0.0,NA,0,1676.0
NFT-/XUTR/DEUTH026105A07HCX,45.95,0.0,0.0,1599.0,965.0,250.514,4.595,0.0,0.0,prepaid,0.919,0.0,0.0,27.0,0.0,31.86,677.112,"",'132647727301519854201,2026-04-15,11061144121,9c6ebf31-aae2-4672-ad0e-289284c30f2e,"",Forward,100006415595,100006415595,11504,919.05,5.0,463.0,0.0,463.0,packet_delivered,0.0,0.0,0.0,0.0,0.0,0.0,0.0,0.0,NA,0,1136.0
NFT-/XUTR/DEUTH026105A07HCX,35.29,0.0,0.0,2799.0,741.0,34.97500000000001,3.529,0.0,0.0,prepaid,0.706,0.0,0.0,27.0,0.0,31.86,669.93,"",'132655692720037935403,2026-04-15,11062462880,965c415a-44a7-4c04-9749-8054f25eae5a,"",Forward,100007734320,1000001744927,11504,705.71,5.0,1964.0,0.0,1964.0,packet_delivered,0.0,0.0,0.0,0.0,0.0,0.0,0.0,0.0,NA,0,835.0
NFT-/XUTR/DEUTH026105A07HCX,36.52,0.0,0.0,2499.0,767.0,36.202,3.652,0.0,0.0,prepaid,0.73,167.0,0.0,0.0,0.0,197.06,-923.476,"",'132661450986245105603,2026-04-15,11063720924,89fa25a4-2f57-43fd-b314-31e6561d824b,100147363564,Reverse,100008992326,1000002165491,11504,730.48,5.0,1638.0,0.0,1638.0,return_refund,0.0,0.0,0.0,0.0,0.0,0.0,0.0,0.0,NA,0,861.0
NFT-/XUTR/DEUTH026105A07HCX,114.95,0.0,0.0,2620.0,13.65,3.222,0.065,0.0,0.0,prepaid,0.013,0.944,0.0,0.0,0.0,1.11392,-11.464,"",'132659598297143240601,2026-04-15,11063428639,a40ed083-2538-4a1e-b2a4-a396c1562b84,100149528997,Reverse,100008700041,100008700041,11504,2299.05,5.0,0.0,0.0,0.0,return_refund,0.0,0.0,0.0,0.0,0.0,0.0,0.0,0.0,NA,0,2620.0
NFT-/XUTR/DEUTH026105A07HCX,87.05,0.0,0.0,1999.0,1828.0,431.408,8.705,0.0,0.0,prepaid,1.741,0.0,0.0,45.0,0.0,53.1,1333.046,"",'132641151466095907601,2026-04-15,11060154218,7ca6314e-c4f3-4986-bbf5-8a735c3adfd6,"",Forward,100005425709,100005425709,11504,1740.95,5.0,0.0,0.0,0.0,packet_delivered,0.0,0.0,0.0,0.0,0.0,0.0,0.0,0.0,NA,0,1999.01
NFT-/XUTR/DEUTH026105A07HCX,65.62,0.0,0.0,3299.0,1378.0,341.468,6.562,0.0,0.0,prepaid,1.312,0.0,0.0,45.0,0.0,53.1,975.558,"",'132657483335880188701,2026-04-15,11062926095,50cc62cc-6051-464d-8be1-78fc2dec4204,"",Forward,100008197508,100008197508,11504,1312.38,5.0,1750.0,0.0,1750.0,packet_delivered,0.0,0.0,0.0,0.0,0.0,0.0,0.0,0.0,NA,0,1549.0
NFT-/XUTR/DEUTH026105A07HCX,36.24,0.0,0.0,2499.0,761.0,35.919,3.624,0.0,0.0,prepaid,0.725,0.0,0.0,27.0,0.0,31.86,688.872,"",'132667003915780949003,2026-04-15,11064755319,98937124-7ad1-4c11-a71f-a6447c9d643b,"",Forward,100010026579,100010026579,11504,724.76,5.0,1644.0,0.0,1644.0,packet_delivered,0.0,0.0,0.0,0.0,0.0,0.0,0.0,0.0,NA,0,855.0
NFT-/XUTR/DEUTH026105A07HCX,70.38,0.0,0.0,3299.0,1478.0,366.248,7.038,0.0,0.0,prepaid,1.408,0.0,0.0,45.0,0.0,53.1,1050.206,"",'132671557096699106103,2026-04-15,11065457040,4307379c-8cd3-451c-b986-454ac38bcac5,"",Forward,100010728300,1000002729658,11504,1407.62,5.0,1650.0,0.0,1650.0,packet_delivered,0.0,0.0,0.0,0.0,0.0,0.0,0.0,0.0,NA,0,1649.0
NFT-/XUTR/DEUTH026105A07HCX,51.76,0.0,0.0,3399.0,528.565,130.978,2.517,0.0,0.0,prepaid,0.503,0.0,0.0,21.882,0.0,25.82076,368.746,"",'132658980094697511503,2026-04-15,11063272963,df7820e6-0097-4c69-8ae5-2dcdd9c217f2,"",Forward,100008544365,100008544365,11504,1035.24,5.0,2141.0,0.0,2141.0,packet_delivered,0.0,0.0,0.0,0.0,0.0,0.0,0.0,0.0,NA,0,1257.99
NFT-/XUTR/DEUTH026105A07HCX,100.14,0.0,0.0,3299.0,2103.0,496.308,10.014,0.0,0.0,prepaid,2.003,167.0,0.0,0.0,0.0,197.06,-1791.735,"",'132646990792448364703,2026-04-15,11060964213,1bb90d89-c371-409a-8015-2dc3cac006d5,100146849519,Reverse,100006235692,1000001280076,11504,2002.86,5.0,990.0,0.0,990.0,return_refund,0.0,0.0,0.0,0.0,0.0,0.0,0.0,0.0,NA,0,2309.0
NFT-/XUTR/DEUTH026105A07HCX,35.95,0.0,0.0,1699.0,755.0,195.998,3.595,0.0,0.0,prepaid,0.719,0.0,0.0,27.0,0.0,31.86,522.828,"",'132667512756035553001,2026-04-15,11064887381,9cc9cdd4-85fa-49b0-856c-84e72bc3c293,"",Forward,100010158641,100010158641,11504,719.05,5.0,850.0,0.0,850.0,packet_delivered,0.0,0.0,0.0,0.0,0.0,0.0,0.0,0.0,NA,0,849.0
NFT-/XUTR/DEUTH026105A07HCX,30.71,0.0,0.0,2299.0,645.0,30.443999999999996,3.071,0.0,0.0,prepaid,0.614,167.0,0.0,0.0,0.0,197.06,-807.931,"",'132624510437530056901,2026-04-15,11057486077,459ecdca-7506-442d-896c-1405a4621c11,100146310809,Reverse,100002757620,1000000474125,11504,614.29,5.0,1560.0,0.0,1560.0,return_refund,0.0,0.0,0.0,0.0,0.0,0.0,0.0,0.0,NA,0,739.0
NFT-/XUTR/DEUTH026105A07HCX,25.24,0.0,0.0,1599.0,530.0,37.524,2.524,0.0,0.0,prepaid,0.505,167.0,0.0,0.0,0.0,197.06,-686.507,"",'132639269141784478001,2026-04-15,11059761255,1e68e07a-2f24-4a19-b64c-4cfadc308ca5,100148524170,Reverse,100005032760,100005032760,11504,504.76,5.0,975.0,0.0,975.0,return_refund,0.0,0.0,0.0,0.0,0.0,0.0,0.0,0.0,NA,0,623.98
NFT-/XUTR/DEUTH026105A07HCX,88.71,0.0,0.0,3999.0,1863.0,461.651,8.871,0.0,0.0,prepaid,1.774,91.0,0.0,0.0,0.0,107.38,-1498.084,"",'132677146973288158703,2026-04-15,11066718569,97195e4d-8228-4f3c-8278-81d5d3086846,100146788504,Reverse,100011989773,100011989773,11504,1774.29,5.0,1930.0,0.0,1930.0,return_refund,0.0,0.0,0.0,0.0,0.0,0.0,0.0,0.0,NA,0,2069.0
NFT-/XUTR/DEUTH026105A07HCX,30.43,0.0,0.0,2999.0,8.34,0.394,0.04,0.0,0.0,prepaid,0.008,0.0,0.0,0.352,0.0,0.41536,7.483,"",'132657388085697622703,2026-04-15,11062903750,a71f70d4-db59-4c14-8fda-ff8d6a39ad26,"",Forward,100008175163,100008175163,11504,608.57,5.0,2266.0,0.0,2266.0,packet_delivered,0.0,0.0,0.0,0.0,0.0,0.0,0.0,0.0,NA,0,733.0
NFT-/XUTR/DEUTH026105A07HCX,0.0,18.57,18.57,1750.0,780.0,202.488,0.0,1.857,1.857,prepaid,0.743,0.0,0.0,27.0,0.0,31.86,541.195,"",'132660538146534650903,2026-04-15,11063654910,c4d42374-dfa8-4d20-8655-f6f76ec69eca,"",Forward,100008926312,1000001996942,11504,742.86,5.0,876.0,0.0,876.0,packet_delivered,0.0,0.0,0.0,0.0,0.0,0.0,0.0,0.0,NA,0,874.0000000000001
NFT-/XUTR/DEUTH026105A07HCX,51.76,0.0,0.0,3399.0,1087.0,269.359,5.176,0.0,0.0,prepaid,1.035,0.0,0.0,45.0,0.0,53.1,758.33,"",'132660712958131488701,2026-04-15,11063676666,658c2201-a91a-4606-bd73-71be114afbd2,"",Forward,100008948068,100008948068,11504,1035.24,5.0,2141.0,0.0,2141.0,packet_delivered,0.0,0.0,0.0,0.0,0.0,0.0,0.0,0.0,NA,0,1258.0
NFT-/XUTR/DEUTH026105A07HCX,72.86,0.0,0.0,3399.0,1530.0,379.134,7.286,0.0,0.0,prepaid,1.457,0.0,0.0,45.0,0.0,53.1,1089.023,"",'132642526698617749503,2026-04-15,11060477830,bd173d96-d9e2-4d9b-afcb-258ba5b52ca6,"",Forward,100005749320,100005749320,11504,1457.14,5.0,1698.0,0.0,1698.0,packet_delivered,0.0,0.0,0.0,0.0,0.0,0.0,0.0,0.0,NA,0,1701.0
NFT-/XUTR/DEUTH026105A07HCX,76.52,0.0,0.0,3499.0,1607.0,398.215,7.652,0.0,0.0,prepaid,1.53,0.0,0.0,45.0,0.0,53.1,1146.503,"",'132647591988939494401,2026-04-15,11061112408,1c811039-baa2-46fa-bc9c-9b47d152eb1a,"",Forward,100006383882,100006383882,11504,1530.48,5.0,1721.0,0.0,1721.0,packet_delivered,0.0,0.0,0.0,0.0,0.0,0.0,0.0,0.0,NA,0,1777.99
NFT-/XUTR/DEUTH026105A07HCX,0.0,25.55,25.55,1750.0,1073.0,253.228,0.0,2.555,2.555,prepaid,1.022,0.0,0.0,45.0,0.0,53.1,760.54,"",'132660538146534650903,2026-04-15,11063654905,c4d42374-dfa8-4d20-8655-f6f76ec69eca,"",Forward,100008926307,1000001996942,11504,1021.9,5.0,506.0,0.0,506.0,packet_delivered,0.0,0.0,0.0,0.0,0.0,0.0,0.0,0.0,NA,0,1244.0
NFT-/XUTR/DEUTH026105A07HCX,70.38,0.0,0.0,3299.0,1478.0,366.248,7.038,0.0,0.0,prepaid,1.408,112.0,0.0,0.0,0.0,132.16,-1235.466,"",'132663888823619897003,2026-04-15,11063929823,d70b9028-0df8-4d27-b28c-c82a27569687,100147748420,Reverse,100009201164,100009201164,11504,1407.62,5.0,1650.0,0.0,1650.0,return_refund,0.0,0.0,0.0,0.0,0.0,0.0,0.0,0.0,NA,0,1649.0
NFT-/XUTR/DEUTH026105A07HCX,28.86,0.0,0.0,3450.0,606.0,28.603,2.886,0.0,0.0,prepaid,0.577,0.0,0.0,27.0,0.0,31.86,542.074,"",'132668775333880462003,2026-04-15,11065254049,d69cbcfa-7aa2-4c57-a6da-2e763b9630c5,"",Forward,100010525309,100010525309,11504,577.14,5.0,2750.0,0.0,2750.0,packet_delivered,0.0,0.0,0.0,0.0,0.0,0.0,0.0,0.0,NA,0,700.0
NFT-/XUTR/DEUTH026105A07HCX,51.81,0.0,0.0,2799.0,1088.0,269.606,5.181,0.0,0.0,prepaid,1.036,0.0,0.0,45.0,0.0,53.1,759.077,"",'132643136835146523801,2026-04-15,11060615799,044a0f95-5bc2-4ab6-a85e-d9dbc5f6f710,"",Forward,100005887288,1000001281724,11504,1036.19,5.0,1540.0,0.0,1540.0,packet_delivered,0.0,0.0,0.0,0.0,0.0,0.0,0.0,0.0,NA,0,1259.0
NFT-/XUTR/DEUTH026105A07HCX,33.1,0.0,0.0,2999.0,695.0,32.804,3.31,0.0,0.0,prepaid,0.662,91.0,0.0,0.0,0.0,107.38,-765.604,"",'132675804910494416003,2026-04-15,11066353157,508d0f3b-498a-4137-9b1c-738ea03195c5,100150219643,Reverse,100011624361,100011624361,11504,661.9,5.0,2210.0,0.0,2210.0,return_refund,0.0,0.0,0.0,0.0,0.0,0.0,0.0,0.0,NA,0,789.0
NFT-/XUTR/DEUTH026105A07HCX,23.48,0.0,0.0,1799.0,493.0,23.27,2.348,0.0,0.0,prepaid,0.47,0.0,0.0,19.0,0.0,22.42,444.492,"",'132651344461025973001,2026-04-15,11061981570,7d6e652b-728a-4cc4-940d-48817f0ddc94,"",Forward,100007253041,1000001742787,11504,469.52,5.0,1212.0,0.0,1212.0,packet_delivered,0.0,0.0,0.0,0.0,0.0,0.0,0.0,0.0,NA,0,587.0
NFT-/XUTR/DEUTH026105A07HCX,20.29,0.0,0.0,1899.0,426.0,20.107,2.029,0.0,0.0,prepaid,0.406,112.0,0.0,0.0,0.0,132.16,-535.618,"",'132651369372664789101,2026-04-15,11061987749,450914b3-2961-4e49-8982-5437f02d8834,100147081344,Reverse,100007259220,1000001527550,11504,405.71,5.0,1379.0,0.0,1379.0,return_refund,0.0,0.0,0.0,0.0,0.0,0.0,0.0,0.0,NA,0,520.0
NFT-/XUTR/DEUTH026105A07HCX,21.43,0.0,0.0,1499.0,449.99999999999994,21.24,2.143,0.0,0.0,prepaid,0.429,167.0,0.0,0.0,0.0,197.06,-623.248,"",'132654546212495240603,2026-04-15,11062235612,fc91f62a-c5cd-46a3-a90d-55c918db73df,100146638529,Reverse,100007507083,100007507083,11504,428.57,5.0,955.0,0.0,955.0,return_refund,0.0,0.0,0.0,0.0,0.0,0.0,0.0,0.0,NA,0,544.0
NFT-/XUTR/DEUTH026105A07HCX,37.14,0.0,0.0,1750.0,780.0,202.488,3.714,0.0,0.0,prepaid,0.743,0.0,0.0,27.0,0.0,31.86,541.195,"",'132642461880303968501,2026-04-15,11060460534,3ff5ea2a-c0e4-418f-a5f1-640b47c1498a,"",Forward,100005732023,100005732023,11504,742.86,5.0,876.0,0.0,876.0,packet_delivered,0.0,0.0,0.0,0.0,0.0,0.0,0.0,0.0,NA,0,874.0
NFT-/XUTR/DEUTH026105A07HCX,108.81,0.0,0.0,3499.0,2285.0,539.26,10.881,0.0,0.0,prepaid,2.176,0.0,0.0,61.0,0.0,71.98,1660.703,"",'132646990792448364703,2026-04-15,11060964215,1bb90d89-c371-409a-8015-2dc3cac006d5,"",Forward,100006235694,1000001280076,11504,2176.19,5.0,1008.0,0.0,1008.0,packet_delivered,0.0,0.0,0.0,0.0,0.0,0.0,0.0,0.0,NA,0,2491.0
NFT-/XUTR/DEUTH026105A07HCX,49.38,0.0,0.0,2899.0,135.139,33.487,0.644,0.0,0.0,prepaid,0.129,0.0,0.0,5.864,0.0,6.91952,93.959,"",'132675021835587110801,2026-04-15,11066178753,dac303a6-91c5-4ea1-bf9e-5b9a9a00b5b9,"",Forward,100011449969,1000003121490,11504,987.62,5.0,1691.0,0.0,1691.0,packet_delivered,0.0,0.0,0.0,0.0,0.0,0.0,0.0,0.0,NA,0,1208.01
NFT-/XUTR/DEUTH026105A07HCX,0.0,16.45,16.45,1999.0,691.0,32.615,0.0,1.645,1.645,prepaid,0.658,0.0,0.0,27.0,0.0,31.86,622.577,"",'132681432180300499401,2026-04-15,11067223385,08c1bd95-20a8-43d2-9215-5359d585c350,"",Forward,100012494586,100012494586,11504,658.1,5.0,1214.0,0.0,1214.0,packet_delivered,0.0,0.0,0.0,0.0,0.0,0.0,0.0,0.0,NA,0,785.0000000000001
NFT-/XUTR/DEUTH026105A07HCX,28.95,0.0,0.0,2499.0,608.0,28.697999999999997,2.895,0.0,0.0,prepaid,0.579,0.0,0.0,0.0,0.0,0.0,575.828,"",'132639925420575319003,2026-04-15,11059902559,3a513f89-1907-4f52-bb47-4c3620a9838c,"",Forward,100005174056,100005174056,11504,579.05,5.0,1743.0,0.0,1743.0,packet_delivered,0.0,0.0,0.0,0.0,0.0,0.0,0.0,0.0,NA,0,755.99
NFT-/XUTR/DEUTH026105A07HCX,45.95,0.0,0.0,1599.0,965.0,250.514,4.595,0.0,0.0,prepaid,0.919,167.0,0.0,0.0,0.0,197.06,-906.032,"",'132647727301519854201,2026-04-15,11061144121,9c6ebf31-aae2-4672-ad0e-289284c30f2e,100146805918,Reverse,100006415595,100006415595,11504,919.05,5.0,463.0,0.0,463.0,return_refund,0.0,0.0,0.0,0.0,0.0,0.0,0.0,0.0,NA,0,1136.0
NFT-/XUTR/DEUTH026105A07HCX,61.95,0.0,0.0,2899.0,1301.0,322.388,6.195,0.0,0.0,prepaid,1.239,0.0,0.0,45.0,0.0,53.1,918.078,"",'132655559852817837901,2026-04-15,11062430444,c0759d13-1db8-4226-a418-0c10781f5ab6,"",Forward,100007701887,100007701887,11504,1239.05,5.0,1427.0,0.0,1427.0,packet_delivered,0.0,0.0,0.0,0.0,0.0,0.0,0.0,0.0,NA,0,1472.0
NFT-/XUTR/DEUTH026105A07HCX,19.52,0.0,0.0,1999.0,410.0,19.352000000000004,1.952,0.0,0.0,prepaid,0.39,112.0,0.0,0.0,0.0,132.16,-520.466,"",'132651822881558547501,2026-04-15,11062080831,5ba11fb2-19fc-4dd3-9490-25190daecdd8,11062080831,Reverse,100007352302,100007352302,11504,390.48,5.0,1500.0,0.0,1500.0,exchange,0.0,0.0,0.0,0.0,0.0,0.0,0.0,0.0,NA,0,499.0
NFT-/XUTR/DEUTH026105A07HCX,68.71,0.0,0.0,1899.0,1443.0,340.548,6.871,0.0,0.0,prepaid,1.374,0.0,0.0,45.0,0.0,53.1,1041.107,"",'132649585248362434101,2026-04-15,11061560292,ddaaadd4-bace-4f55-9874-6236cc7caa35,"",Forward,100006831764,100006831764,11504,1374.29,5.0,285.0,0.0,285.0,packet_delivered,0.0,0.0,0.0,0.0,0.0,0.0,0.0,0.0,NA,0,1614.0
NFT-/XUTR/DEUTH026105A07HCX,0.0,201.43,201.43,3999.0,2641.0,623.276,0.0,5.5955,5.5955,prepaid,2.238,91.0,0.0,0.0,0.0,107.38,-2111.675,"",'132669782123514141703,2026-04-15,11065391006,c04d8a9a-2528-4c23-b6a7-9e061e618b9c,100151067885,Reverse,100010662266,100010662266,11504,2238.14,18.0,1152.0,0.0,1152.0,return_refund,0.0,0.0,0.0,0.0,0.0,0.0,0.0,0.0,NA,0,2846.9999999999995
NFT-/XUTR/DEUTH026105A07HCX,25.24,0.0,0.0,1599.0,530.0,37.524,2.524,0.0,0.0,prepaid,0.505,0.0,0.0,27.0,0.0,31.86,457.587,"",'132651167509807877503,2026-04-15,11061935646,a2732055-7b6b-49f4-a54b-fe50efc299c9,"",Forward,100007207117,1000001702228,11504,504.76,5.0,975.0,0.0,975.0,packet_delivered,0.0,0.0,0.0,0.0,0.0,0.0,0.0,0.0,NA,0,624.0
NFT-/XUTR/DEUTH026105A07HCX,33.19,0.0,0.0,2499.0,697.0,32.898,3.319,0.0,0.0,prepaid,0.664,0.0,0.0,27.0,0.0,31.86,628.259,"",'132646082241018457501,2026-04-15,11060793673,94660186-10de-4a1a-bd03-1222a51eee05,"",Forward,100006065162,100006065162,11504,663.81,5.0,1708.0,0.0,1708.0,packet_delivered,0.0,0.0,0.0,0.0,0.0,0.0,0.0,0.0,NA,0,791.0
NFT-/XUTR/DEUTH026105A07HCX,31.71,0.0,0.0,1699.0,371.7,96.493,1.77,0.0,0.0,prepaid,0.354,0.0,0.0,15.069,0.0,17.78142,255.302,"",'132676119134999272203,2026-04-15,11066431172,0e8c592d-d181-4653-b264-5231a9da5590,"",Forward,100011702376,1000002825614,11504,634.29,5.0,939.0,0.0,939.0,packet_delivered,0.0,0.0,0.0,0.0,0.0,0.0,0.0,0.0,NA,0,760.0
NFT-/XUTR/DEUTH026105A07HCX,75.19,0.0,0.0,1750.0,1579.0,372.644,7.519,0.0,0.0,prepaid,1.504,0.0,0.0,45.0,0.0,53.1,1144.233,"",'132650575915993773003,2026-04-15,11061782959,2cd60b66-ed04-4b09-9f62-b66b3dae6cd5,"",Forward,100007054430,1000001727284,11504,1503.81,5.0,0.0,0.0,0.0,packet_delivered,0.0,0.0,0.0,0.0,0.0,0.0,0.0,0.0,NA,0,1750.0
NFT-/XUTR/DEUTH026105A07HCX,63.29,0.0,0.0,2999.0,1329.0,329.326,6.329,0.0,0.0,prepaid,1.266,167.0,0.0,0.0,0.0,197.06,-1189.139,"",'132654753243396498803,2026-04-15,11062265776,d1965c75-a800-4752-b589-1ff43483eb19,100146670386,Reverse,100007537247,100007537247,11504,1265.71,5.0,1499.0,0.0,1499.0,return_refund,0.0,0.0,0.0,0.0,0.0,0.0,0.0,0.0,NA,0,1500.0
NFT-/XUTR/DEUTH026105A07HCX,23.71,0.0,0.0,1650.0,23.74,1.121,0.113,0.0,0.0,prepaid,0.023,5.339,0.0,0.0,0.0,6.30002,-28.783,"",'132657928144311981403,2026-04-15,11063028502,e7cf106d-3ca6-45e4-a826-614d2243806c,100146986232,Reverse,100008299907,100008299907,11504,474.29,5.0,1058.0,0.0,1058.0,return_refund,0.0,0.0,0.0,0.0,0.0,0.0,0.0,0.0,NA,0,592.01
NFT-/XUTR/DEUTH026105A07HCX,63.24,0.0,0.0,2999.0,1328.0,329.078,6.324,0.0,0.0,prepaid,1.265,91.0,0.0,0.0,0.0,107.38,-1098.713,"",'132676879640311357401,2026-04-15,11066636684,4d6e4542-a43b-4b1e-ab60-b0b374555775,100147941432,Reverse,100011907888,1000003144288,11504,1264.76,5.0,1500.0,0.0,1500.0,return_refund,0.0,0.0,0.0,0.0,0.0,0.0,0.0,0.0,NA,0,1499.0
NFT-/XUTR/DEUTH026105A07HCX,90.14,0.0,0.0,2999.0,1893.0,469.085,9.014,0.0,0.0,prepaid,1.803,0.0,0.0,45.0,0.0,53.1,1359.998,"",'132676432590308429601,2026-04-15,11066510407,93e5fef5-136b-4957-aa20-52d2f121ff50,"",Forward,100011781611,100011781611,11504,1802.86,5.0,900.0,0.0,900.0,packet_delivered,0.0,0.0,0.0,0.0,0.0,0.0,0.0,0.0,NA,0,2099.0
NFT-/XUTR/DEUTH026105A07HCX,26.1,0.0,0.0,1499.0,548.0,38.798,2.61,0.0,0.0,prepaid,0.522,0.0,0.0,27.0,0.0,31.86,474.21,"",'132646657391029224401,2026-04-15,11060891994,8b3687cc-80a3-4316-b944-f6b4bacceda1,"",Forward,100006163476,1000001284858,11504,521.9,5.0,857.0,0.0,857.0,packet_delivered,0.0,0.0,0.0,0.0,0.0,0.0,0.0,0.0,NA,0,642.0
NFT-/XUTR/DEUTH026105A07HCX,96.43,0.0,0.0,2625.0,2024.9999999999998,477.9,9.643,0.0,0.0,prepaid,1.929,112.0,0.0,0.0,0.0,132.16,-1667.688,"",'132665397629584144403,2026-04-15,11064339186,185b62a9-5962-47a9-a6d1-ad50e8e06024,100146839615,Reverse,100009610499,1000002632036,11504,1928.57,5.0,394.0,0.0,394.0,return_refund,0.0,0.0,0.0,0.0,0.0,0.0,0.0,0.0,NA,0,2231.0
NFT-/XUTR/DEUTH026105A07HCX,79.57,0.0,0.0,1999.0,1671.0,394.356,7.957,0.0,0.0,prepaid,1.591,112.0,0.0,0.0,0.0,132.16,-1399.256,"",'132650652738333751801,2026-04-15,11061800909,31a072c6-b0f3-4918-8889-3f9c4ce507d7,100146313939,Reverse,100007072380,100007072380,11504,1591.43,5.0,157.0,0.0,157.0,return_refund,0.0,0.0,0.0,0.0,0.0,0.0,0.0,0.0,NA,0,1842.0
NFT-/XUTR/DEUTH026105A07HCX,0.0,25.55,25.55,1750.0,1073.0,253.228,0.0,2.555,2.555,prepaid,1.022,91.0,0.0,0.0,0.0,107.38,-921.02,"",'132660538146534650903,2026-04-15,11063654905,c4d42374-dfa8-4d20-8655-f6f76ec69eca,100147897171,Reverse,100008926307,1000001996942,11504,1021.9,5.0,506.0,0.0,506.0,return_refund,0.0,0.0,0.0,0.0,0.0,0.0,0.0,0.0,NA,0,1244.0
NFT-/XUTR/DEUTH026105A07HCX,31.1,0.0,0.0,1499.0,653.0,169.519,3.11,0.0,0.0,prepaid,0.622,0.0,0.0,27.0,0.0,31.86,447.889,"",'132654182914817861501,2026-04-15,11062196421,be92d3b4-7e86-4334-a4e8-cf9cb9537a7b,"",Forward,100007467892,1000001622577,11504,621.9,5.0,752.0,0.0,752.0,packet_delivered,0.0,0.0,0.0,0.0,0.0,0.0,0.0,0.0,NA,0,747.0
NFT-/XUTR/DEUTH026105A07HCX,63.24,0.0,0.0,2999.0,1328.0,329.078,6.324,0.0,0.0,prepaid,1.265,0.0,0.0,45.0,0.0,53.1,938.233,"",'132642323096022853003,2026-04-15,11060423760,20e70c60-f8e1-4604-bb42-b8dd9fac8683,"",Forward,100005695251,1000001278574,11504,1264.76,5.0,1500.0,0.0,1500.0,packet_delivered,0.0,0.0,0.0,0.0,0.0,0.0,0.0,0.0,NA,0,1499.0
NFT-/XUTR/DEUTH026105A07HCX,63.24,0.0,0.0,2999.0,1328.0,329.078,6.324,0.0,0.0,prepaid,1.265,167.0,0.0,0.0,0.0,197.06,-1188.393,"",'132649780723508786901,2026-04-15,11061602129,720256fd-bb9e-4d74-ab6d-01783fc6743c,11061602129,Reverse,100006873600,100006873600,11504,1264.76,5.0,1500.0,0.0,1500.0,exchange,0.0,0.0,0.0,0.0,0.0,0.0,0.0,0.0,NA,0,1499.0
NFT-/XUTR/DEUTH026105A07HCX,62.29,0.0,0.0,3499.0,1308.0,324.122,6.229,0.0,0.0,prepaid,1.246,167.0,0.0,0.0,0.0,197.06,-1173.463,"",'132643212784696835903,2026-04-15,11060626349,7e406fcc-60b3-48c8-8996-300bf74799f1,11060626349,Reverse,100005897838,100005897838,11504,1245.71,5.0,2020.0,0.0,2020.0,exchange,0.0,0.0,0.0,0.0,0.0,0.0,0.0,0.0,NA,0,1479.0
NFT-/XUTR/DEUTH026105A07HCX,19.05,0.0,0.0,1499.0,400.0,18.88,1.905,0.0,0.0,prepaid,0.381,0.0,0.0,0.0,0.0,0.0,378.834,"",'132665514223944635201,2026-04-15,11064370294,d762bff7-d0b4-4825-a4d3-4387cec23e59,"",Forward,100009641607,1000002225469,11504,380.95,5.0,1005.0,0.0,1005.0,packet_delivered,0.0,0.0,0.0,0.0,0.0,0.0,0.0,0.0,NA,0,494.0
NFT-/XUTR/DEUTH026105A07HCX,23.71,0.0,0.0,1650.0,23.74,1.121,0.113,0.0,0.0,prepaid,0.023,0.0,0.0,1.287,0.0,1.51866,20.964,"",'132657928144311981403,2026-04-15,11063028502,e7cf106d-3ca6-45e4-a826-614d2243806c,"",Forward,100008299907,100008299907,11504,474.29,5.0,1058.0,0.0,1058.0,packet_delivered,0.0,0.0,0.0,0.0,0.0,0.0,0.0,0.0,NA,0,592.01
NFT-/XUTR/DEUTH026105A07HCX,34.29,0.0,0.0,2199.0,720.0,33.984,3.429,0.0,0.0,prepaid,0.686,0.0,0.0,27.0,0.0,31.86,650.041,"",'132641618776774444301,2026-04-15,11060254443,5fad6a32-53b5-414f-abfe-23d1eb6e9ad9,"",Forward,100005525934,100005525934,11504,685.71,5.0,1385.0,0.0,1385.0,packet_delivered,0.0,0.0,0.0,0.0,0.0,0.0,0.0,0.0,NA,0,814.0
NFT-/XUTR/DEUTH026105A07HCX,19.05,0.0,0.0,1499.0,400.0,18.88,1.905,0.0,0.0,prepaid,0.381,0.0,0.0,0.0,0.0,0.0,378.834,"",'132647283711458263503,2026-04-15,11061036829,c7e045b8-9710-490b-a92f-745c0013532c,"",Forward,100006308303,100006308303,11504,380.95,5.0,1005.0,0.0,1005.0,packet_delivered,0.0,0.0,0.0,0.0,0.0,0.0,0.0,0.0,NA,0,494.0
NFT-/XUTR/DEUTH026105A07HCX,0.0,31.62,31.62,2999.0,1328.0,329.078,0.0,3.162,3.162,prepaid,1.265,91.0,0.0,0.0,0.0,107.38,-1098.713,"",'132666456029273880401,2026-04-15,11064614747,c33a2896-99d1-4d66-b413-27f3186e2efd,100146449638,Reverse,100009886018,100009886018,11504,1264.76,5.0,1500.0,0.0,1500.0,return_refund,0.0,0.0,0.0,0.0,0.0,0.0,0.0,0.0,NA,0,1498.9999999999998
NFT-/XUTR/DEUTH026105A07HCX,33.1,0.0,0.0,2999.0,695.0,32.804,3.31,0.0,0.0,prepaid,0.662,0.0,0.0,27.0,0.0,31.86,626.364,"",'132650115396138225001,2026-04-15,11061677560,3ddb31f0-e669-437c-9a62-a41bbedca886,"",Forward,100006949030,100006949030,11504,661.9,5.0,2210.0,0.0,2210.0,packet_delivered,0.0,0.0,0.0,0.0,0.0,0.0,0.0,0.0,NA,0,789.0
NFT-/XUTR/DEUTH026105A07HCX,63.24,0.0,0.0,2999.0,1328.0,329.078,6.324,0.0,0.0,prepaid,1.265,0.0,0.0,45.0,0.0,53.1,938.233,"",'132657861985125643801,2026-04-15,11063013569,0ead637d-3bfe-461e-b1e2-3c8acca529c7,"",Forward,100008284976,100008284976,11504,1264.76,5.0,1500.0,0.0,1500.0,packet_delivered,0.0,0.0,0.0,0.0,0.0,0.0,0.0,0.0,NA,0,1499.0
NFT-/XUTR/DEUTH026105A07HCX,31.91,0.0,0.0,1699.0,670.0,173.932,3.19,0.0,0.0,prepaid,0.638,167.0,0.0,0.0,0.0,197.06,-689.3,"",'132641643909860645801,2026-04-15,11060260123,f95d4c9b-0e6b-411b-abc9-651d1dfdbdfc,100147541943,Reverse,100005531614,100005531614,11504,638.1,5.0,935.0,0.0,935.0,return_refund,0.0,0.0,0.0,0.0,0.0,0.0,0.0,0.0,NA,0,764.01
NFT-/XUTR/DEUTH026105A07HCX,25.57,0.0,0.0,1699.0,537.0,38.02,2.557,0.0,0.0,prepaid,0.511,91.0,0.0,0.0,0.0,107.38,-603.292,"",'132675858593895761703,2026-04-15,11066365839,ca692dac-8f47-4fb0-8210-a8a7e2a7fbf5,100146724015,Reverse,100011637043,100011637043,11504,511.43,5.0,1068.0,0.0,1068.0,return_refund,0.0,0.0,0.0,0.0,0.0,0.0,0.0,0.0,NA,0,631.0
NFT-/XUTR/DEUTH026105A07HCX,72.76,0.0,0.0,1699.0,1528.0,360.608,7.276,0.0,0.0,prepaid,1.455,91.0,0.0,0.0,0.0,107.38,-1266.041,"",'132677600975523050001,2026-04-15,11066841781,18cbe951-df72-41fb-8285-c20037b89f25,100150012150,Reverse,100012112985,100012112985,11504,1455.24,5.0,0.0,0.0,0.0,return_refund,0.0,0.0,0.0,0.0,0.0,0.0,0.0,0.0,NA,0,1699.0
NFT-/XUTR/DEUTH026105A07HCX,51.38,0.0,0.0,2499.0,1079.0,267.376,5.138,0.0,0.0,prepaid,1.028,0.0,0.0,45.0,0.0,53.1,752.358,"",'132647669373312716901,2026-04-15,11061130793,de203d3a-ae50-46f4-80fc-42c7f2de618a,"",Forward,100006402267,100006402267,11504,1027.62,5.0,1249.0,0.0,1249.0,packet_delivered,0.0,0.0,0.0,0.0,0.0,0.0,0.0,0.0,NA,0,1250.0
NFT-/XUTR/DEUTH026105A07HCX,45.95,0.0,0.0,1599.0,965.0,250.514,4.595,0.0,0.0,prepaid,0.919,0.0,0.0,27.0,0.0,31.86,677.112,"",'132674260129922662603,2026-04-15,11066006669,0e7060ca-719a-45fc-bf24-60a0ad2f775c,"",Forward,100011277897,100011277897,11504,919.05,5.0,463.0,0.0,463.0,packet_delivered,0.0,0.0,0.0,0.0,0.0,0.0,0.0,0.0,NA,0,1135.99
NFT-/XUTR/DEUTH026105A07HCX,25.05,0.0,0.0,1999.0,526.0,24.827,2.505,0.0,0.0,prepaid,0.501,0.0,0.0,0.0,0.0,0.0,498.167,"",'132674002263135217903,2026-04-15,11065947285,990af86c-fae8-4f86-82f9-7d9cd30ac058,"",Forward,100011218513,1000003119715,11504,500.95,5.0,1355.0,0.0,1355.0,packet_delivered,0.0,0.0,0.0,0.0,0.0,0.0,0.0,0.0,NA,0,644.0
NFT-/XUTR/DEUTH026105A07HCX,46.38,0.0,0.0,3499.0,974.0,68.959,4.638,0.0,0.0,prepaid,0.928,0.0,0.0,27.0,0.0,31.86,867.615,"",'132648254041382660503,2026-04-15,11061268705,49fb57e1-57b9-45d1-a62e-2a617f5c233c,"",Forward,100006540179,100006540179,11504,927.62,5.0,2331.0,0.0,2331.0,packet_delivered,0.0,0.0,0.0,0.0,0.0,0.0,0.0,0.0,NA,0,1168.0
NFT-/XUTR/DEUTH026105A07HCX,63.29,0.0,0.0,2999.0,1329.0,329.326,6.329,0.0,0.0,prepaid,1.266,0.0,0.0,45.0,0.0,53.1,938.979,"",'132642323096022853003,2026-04-15,11060423762,20e70c60-f8e1-4604-bb42-b8dd9fac8683,"",Forward,100005695253,1000001278574,11504,1265.71,5.0,1499.0,0.0,1499.0,packet_delivered,0.0,0.0,0.0,0.0,0.0,0.0,0.0,0.0,NA,0,1500.0
NFT-/XUTR/DEUTH026105A07HCX,69.24,0.0,0.0,3199.0,1454.0,360.301,6.924,0.0,0.0,prepaid,1.385,167.0,0.0,0.0,0.0,197.06,-1282.45,"",'132642720507279283703,2026-04-15,11060528725,70659548-777c-403b-be3b-c162ad92b36a,100146949468,Reverse,100005800214,1000001285406,11504,1384.76,5.0,1574.0,0.0,1574.0,return_refund,0.0,0.0,0.0,0.0,0.0,0.0,0.0,0.0,NA,0,1625.0
NFT-/XUTR/DEUTH026105A07HCX,51.86,0.0,0.0,1799.0,1089.0,257.004,5.186,0.0,0.0,prepaid,1.037,91.0,0.0,0.0,0.0,107.38,-933.153,"",'132664966963164432503,2026-04-15,11064220071,05229301-115d-4261-93ee-0cec44e710e0,100146988480,Reverse,100009491386,100009491386,11504,1037.14,5.0,539.0,0.0,539.0,return_refund,0.0,0.0,0.0,0.0,0.0,0.0,0.0,0.0,NA,0,1260.0
NFT-/XUTR/DEUTH026105A07HCX,25.52,0.0,0.0,1999.0,0.3,0.013999999999999999,0.001,0.0,0.0,prepaid,0.0,0.0,0.0,0.004,0.0,0.00472,0.28,"",'132640310207378134703,2026-04-15,11059982446,e0d1552e-6745-4624-aecd-18eed13320bc,"",Forward,100005253939,1000001277809,11504,510.48,5.0,1369.0,0.0,1369.0,packet_delivered,0.0,0.0,0.0,0.0,0.0,0.0,0.0,0.0,NA,0,630.0
NFT-/XUTR/DEUTH026105A07HCX,38.33,0.0,0.0,1799.0,805.0,208.978,3.833,0.0,0.0,prepaid,0.767,0.0,0.0,27.0,0.0,31.86,559.562,"",'132672762132745368601,2026-04-15,11065654850,be8ee6a9-cb7d-4597-bbaf-6f921aa2d634,"",Forward,100010926083,100010926083,11504,766.67,5.0,900.0,0.0,900.0,packet_delivered,0.0,0.0,0.0,0.0,0.0,0.0,0.0,0.0,NA,0,899.0
NFT-/XUTR/DEUTH026105A07HCX,58.48,0.0,0.0,2799.0,1114.35,276.136,5.306,0.0,0.0,prepaid,1.061,151.544,0.0,0.0,0.0,178.82192,-1010.669,"",'132644988928055437201,2026-04-15,11060701663,b9b5cfd1-97df-473e-a16d-08333d693afe,100146625383,Reverse,100005973152,100005973152,11504,1169.52,5.0,1400.0,0.0,1400.0,return_refund,0.0,0.0,0.0,0.0,0.0,0.0,0.0,0.0,NA,0,1399.0
NFT-/XUTR/DEUTH026105A07HCX,49.76,0.0,0.0,2599.0,1045.0,258.951,4.976,0.0,0.0,prepaid,0.995,0.0,0.0,45.0,0.0,53.1,726.978,"",'132674717823458109603,2026-04-15,11066111940,74e32b33-f947-4253-a3c8-77125de3edce,"",Forward,100011383160,1000003122413,11504,995.24,5.0,1383.0,0.0,1383.0,packet_delivered,0.0,0.0,0.0,0.0,0.0,0.0,0.0,0.0,NA,0,1216.0
NFT-/XUTR/DEUTH026105A07HCX,0.0,39.98,39.98,3699.0,1679.0,376.432,0.0,3.9975,3.9975,prepaid,1.599,0.0,0.0,45.0,0.0,53.1,1239.874,"",'132672344811208522701,2026-04-15,11065569170,17106045-4e5b-49f7-bb03-c29128b62b63,"",Forward,100010840405,100010840405,11504,1599.04,5.0,1849.0,0.0,1849.0,packet_delivered,0.0,0.0,0.0,0.0,0.0,0.0,0.0,0.0,NA,0,1850.0
NFT-/XUTR/DEUTH026105A07HCX,22.81,0.0,0.0,1599.0,478.99999999999994,22.609,2.281,0.0,0.0,prepaid,0.456,167.0,0.0,0.0,0.0,197.06,-650.714,"",'132647690772800140001,2026-04-15,11061135620,77d70f4c-ce0c-4379-9f75-d7429319cc5b,11061135620,Reverse,100006407094,1000001301197,11504,456.19,5.0,1026.0,0.0,1026.0,exchange,0.0,0.0,0.0,0.0,0.0,0.0,0.0,0.0,NA,0,573.0
NFT-/XUTR/DEUTH026105A07HCX,64.67,0.0,0.0,1799.0,1358.0,320.488,6.467,0.0,0.0,prepaid,1.293,0.0,0.0,45.0,0.0,53.1,976.652,"",'132670789232908843101,2026-04-15,11065418005,bd171ece-caad-48b1-87d7-dd914f3c944a,"",Forward,100010689265,1000002734971,11504,1293.33,5.0,270.0,0.0,270.0,packet_delivered,0.0,0.0,0.0,0.0,0.0,0.0,0.0,0.0,NA,0,1529.0
NFT-/XUTR/DEUTH026105A07HCX,34.19,0.0,0.0,2899.0,718.0,33.89,3.419,0.0,0.0,prepaid,0.684,167.0,0.0,0.0,0.0,197.06,-877.067,"",'132645217343865497503,2026-04-15,11060710129,c2eade73-cbfc-4c5b-b683-d8f6acbe0edb,100146444295,Reverse,100005981618,100005981618,11504,683.81,5.0,2087.0,0.0,2087.0,return_refund,0.0,0.0,0.0,0.0,0.0,0.0,0.0,0.0,NA,0,812.0
NFT-/XUTR/DEUTH026105A07HCX,0.0,45.07,45.07,2999.0,1893.0,469.085,0.0,4.507,4.507,prepaid,1.803,91.0,0.0,0.0,0.0,107.38,-1520.478,"",'132669608537202101103,2026-04-15,11065381372,4b1d2fc2-3dcc-41c2-9502-c595d706b09b,11065381372,Reverse,100010652632,100010652632,11504,1802.86,5.0,900.0,0.0,900.0,exchange,0.0,0.0,0.0,0.0,0.0,0.0,0.0,0.0,NA,0,2098.99
NFT-/XUTR/DEUTH026105A07HCX,33.1,0.0,0.0,2699.0,695.0,32.804,3.31,0.0,0.0,prepaid,0.662,0.0,0.0,27.0,0.0,31.86,626.364,"",'132642786931725919803,2026-04-15,11060544787,cd8f2fc7-cb2c-4e06-ae2d-7bb693305e9b,"",Forward,100005816276,1000001253839,11504,661.9,5.0,1910.0,0.0,1910.0,packet_delivered,0.0,0.0,0.0,0.0,0.0,0.0,0.0,0.0,NA,0,788.99
NFT-/XUTR/DEUTH026105A07HCX,63.24,0.0,0.0,2999.0,1328.0,329.078,6.324,0.0,0.0,prepaid,1.265,0.0,0.0,45.0,0.0,53.1,938.233,"",'132643184475742768501,2026-04-15,11060622299,51beb867-8368-44b3-aa39-0fd3be5a8491,"",Forward,100005893788,100005893788,11504,1264.76,5.0,1500.0,0.0,1500.0,packet_delivered,0.0,0.0,0.0,0.0,0.0,0.0,0.0,0.0,NA,0,1499.0
NFT-/XUTR/DEUTH026105A07HCX,106.81,0.0,0.0,3499.0,2243.0,529.348,10.681,0.0,0.0,prepaid,2.136,0.0,0.0,61.0,0.0,71.98,1628.855,"",'132643100100837986003,2026-04-15,11060609901,761b7667-6082-4bf8-8ce2-c1767601c850,"",Forward,100005881390,1000001272266,11504,2136.19,5.0,1050.0,0.0,1050.0,packet_delivered,0.0,0.0,0.0,0.0,0.0,0.0,0.0,0.0,NA,0,2449.0
NFT-/XUTR/DEUTH026105A07HCX,108.81,0.0,0.0,3499.0,2285.0,539.26,10.881,0.0,0.0,prepaid,2.176,167.0,0.0,0.0,0.0,197.06,-1929.743,"",'132646990792448364703,2026-04-15,11060964215,1bb90d89-c371-409a-8015-2dc3cac006d5,100146849626,Reverse,100006235694,1000001280076,11504,2176.19,5.0,1008.0,0.0,1008.0,return_refund,0.0,0.0,0.0,0.0,0.0,0.0,0.0,0.0,NA,0,2491.0
NFT-/XUTR/DEUTH026105A07HCX,30.62,0.0,0.0,1999.0,643.0,30.35,3.062,0.0,0.0,prepaid,0.612,0.0,0.0,27.0,0.0,31.86,577.116,"",'132651106752902101101,2026-04-15,11061919113,9436b367-3a5b-4eac-87fe-60a1ec3f1989,"",Forward,100007190584,100007190584,11504,612.38,5.0,1262.0,0.0,1262.0,packet_delivered,0.0,0.0,0.0,0.0,0.0,0.0,0.0,0.0,NA,0,737.0
NFT-/XUTR/DEUTH026105A07HCX,77.52,0.0,0.0,1799.0,1628.0,384.208,7.752,0.0,0.0,prepaid,1.55,0.0,0.0,45.0,0.0,53.1,1181.39,"",'132642510884133099801,2026-04-15,11060473564,66781712-1d71-4a2d-a8ef-30515fcb5fd7,"",Forward,100005745053,100005745053,11504,1550.48,5.0,0.0,0.0,0.0,packet_delivered,0.0,0.0,0.0,0.0,0.0,0.0,0.0,0.0,NA,0,1799.0
NFT-/XUTR/DEUTH026105A07HCX,65.62,0.0,0.0,3299.0,502.043,124.406,2.391,0.0,0.0,prepaid,0.478,0.0,0.0,16.395,0.0,19.3461,355.422,"",'132675847403883942201,2026-04-15,11066363184,14cd06bd-201e-41b8-94f4-640408ed845d,"",Forward,100011634388,100011634388,11504,1312.38,5.0,1750.0,0.0,1750.0,packet_delivered,0.0,0.0,0.0,0.0,0.0,0.0,0.0,0.0,NA,0,1548.98
NFT-/XUTR/DEUTH026105A07HCX,30.33,0.0,0.0,1899.0,637.0,45.1,3.033,0.0,0.0,prepaid,0.607,167.0,0.0,0.0,0.0,197.06,-785.32,"",'132651410527594031403,2026-04-15,11061997539,63cf5f6b-527d-4ff9-b92e-b558c0396228,100147415563,Reverse,100007269010,100007269010,11504,606.67,5.0,1168.0,0.0,1168.0,return_refund,0.0,0.0,0.0,0.0,0.0,0.0,0.0,0.0,NA,0,731.0
NFT-/XUTR/DEUTH026105A07HCX,58.48,0.0,0.0,3499.0,1228.0,304.298,5.848,0.0,0.0,prepaid,1.17,167.0,0.0,0.0,0.0,197.06,-1113.744,"",'132642323096022853003,2026-04-15,11060423759,20e70c60-f8e1-4604-bb42-b8dd9fac8683,11060423759,Reverse,100005695250,1000001278574,11504,1169.52,5.0,2100.0,0.0,2100.0,exchange,0.0,0.0,0.0,0.0,0.0,0.0,0.0,0.0,NA,0,1399.0
NFT-/XUTR/DEUTH026105A07HCX,63.24,0.0,0.0,2999.0,1328.0,329.078,6.324,0.0,0.0,prepaid,1.265,0.0,0.0,45.0,0.0,53.1,938.233,"",'132672139281679625801,2026-04-15,11065534203,7e7c92e5-60e2-4030-8cab-30c7c44adbfa,"",Forward,100010805458,100010805458,11504,1264.76,5.0,1500.0,0.0,1500.0,packet_delivered,0.0,0.0,0.0,0.0,0.0,0.0,0.0,0.0,NA,0,1499.0
NFT-/XUTR/DEUTH026105A07HCX,38.33,0.0,0.0,1799.0,805.0,208.978,3.833,0.0,0.0,prepaid,0.767,167.0,0.0,0.0,0.0,197.06,-788.482,"",'132629849097370448603,2026-04-15,11058197107,9c725e2a-e64a-4cf0-9177-d9daa5dd6964,100148083811,Reverse,100003468644,1000000462363,11504,766.67,5.0,900.0,0.0,900.0,return_refund,0.0,0.0,0.0,0.0,0.0,0.0,0.0,0.0,NA,0,899.0
NFT-/XUTR/DEUTH026105A07HCX,20.62,0.0,0.0,1699.0,432.99999999999994,20.438,2.062,0.0,0.0,prepaid,0.412,167.0,0.0,0.0,0.0,197.06,-607.148,"",'132632203403321553603,2026-04-15,11058679093,2b0d5dd2-6b6a-4ad8-a825-789fe385a3b5,100146545431,Reverse,100003950622,100003950622,11504,412.38,5.0,1207.0,0.0,1207.0,return_refund,0.0,0.0,0.0,0.0,0.0,0.0,0.0,0.0,NA,0,492.0
NFT-/XUTR/DEUTH026105A07HCX,0.0,34.6,34.6,3499.0,1453.0,360.053,0.0,3.4595,3.4595,prepaid,1.384,91.0,0.0,0.0,0.0,107.38,-1192.024,"",'132667856121996493501,2026-04-15,11064979133,ff7bd45d-3e49-451e-90b9-15720881a667,11064979133,Reverse,100010250393,100010250393,11504,1383.8,5.0,1875.0,0.0,1875.0,exchange,0.0,0.0,0.0,0.0,0.0,0.0,0.0,0.0,NA,0,1623.9899999999998
NFT-/XUTR/DEUTH026105A07HCX,30.71,0.0,0.0,2299.0,645.0,30.443999999999996,3.071,0.0,0.0,prepaid,0.614,0.0,0.0,27.0,0.0,31.86,579.011,"",'132648920033940009101,2026-04-15,11061418148,363202e2-582a-444d-98d4-afdab51b68cb,"",Forward,100006689621,100006689621,11504,614.29,5.0,1560.0,0.0,1560.0,packet_delivered,0.0,0.0,0.0,0.0,0.0,0.0,0.0,0.0,NA,0,739.0
NFT-/XUTR/DEUTH026105A07HCX,59.05,0.0,0.0,2999.0,1240.0,307.272,5.905,0.0,0.0,prepaid,1.181,0.0,0.0,45.0,0.0,53.1,872.542,"",'132676879640311357401,2026-04-15,11066636682,4d6e4542-a43b-4b1e-ab60-b0b374555775,"",Forward,100011907886,1000003144288,11504,1180.95,5.0,1588.0,0.0,1588.0,packet_delivered,0.0,0.0,0.0,0.0,0.0,0.0,0.0,0.0,NA,0,1411.0
NFT-/XUTR/DEUTH026105A07HCX,33.1,0.0,0.0,2999.0,695.0,32.804,3.31,0.0,0.0,prepaid,0.662,167.0,0.0,0.0,0.0,197.06,-855.284,"",'132647104134057653203,2026-04-15,11060992111,0ca976bc-37e8-415e-99d8-be6fc93578b1,100147012562,Reverse,100006263588,100006263588,11504,661.9,5.0,2210.0,0.0,2210.0,return_refund,0.0,0.0,0.0,0.0,0.0,0.0,0.0,0.0,NA,0,789.0
NFT-/XUTR/DEUTH026105A07HCX,56.71,0.0,0.0,2899.0,1191.0,295.13,5.671,0.0,0.0,prepaid,1.134,0.0,0.0,45.0,0.0,53.1,835.965,"",'132657841235355225603,2026-04-15,11063008769,2a997bfb-cc93-4f72-bcbc-b0be2695cac0,"",Forward,100008280177,100008280177,11504,1134.29,5.0,1537.0,0.0,1537.0,packet_delivered,0.0,0.0,0.0,0.0,0.0,0.0,0.0,0.0,NA,0,1362.0
NFT-/XUTR/DEUTH026105A07HCX,54.57,0.0,0.0,2799.0,1146.0,283.979,5.457,0.0,0.0,prepaid,1.091,167.0,0.0,0.0,0.0,197.06,-1052.533,"",'132640092539730851401,2026-04-15,11059936736,c2d844b6-e5ec-4f82-9ed6-f3df65bdaa04,100146407034,Reverse,100005208230,1000001283562,11504,1091.43,5.0,1482.0,0.0,1482.0,return_refund,0.0,0.0,0.0,0.0,0.0,0.0,0.0,0.0,NA,0,1317.0
NFT-/XUTR/DEUTH026105A07HCX,90.86,0.0,0.0,4499.0,1908.0,472.802,9.086,0.0,0.0,prepaid,1.817,167.0,0.0,0.0,0.0,197.06,-1621.355,"",'132648324686907698703,2026-04-15,11061285476,d5e34d63-a691-4c8c-9e66-e5584c0b3ee4,11061285476,Reverse,100006556950,100006556950,11504,1817.14,5.0,2385.0,0.0,2385.0,exchange,0.0,0.0,0.0,0.0,0.0,0.0,0.0,0.0,NA,0,2113.98
NFT-/XUTR/DEUTH026105A07HCX,75.14,0.0,0.0,3499.0,1578.0,391.028,7.514,0.0,0.0,prepaid,1.503,0.0,0.0,45.0,0.0,53.1,1124.855,"",'132674746762528087501,2026-04-15,11066118104,be935548-596a-4808-a58a-03724c600daa,"",Forward,100011389324,100011389324,11504,1502.86,5.0,1750.0,0.0,1750.0,packet_delivered,0.0,0.0,0.0,0.0,0.0,0.0,0.0,0.0,NA,0,1749.0
NFT-/XUTR/DEUTH026105A07HCX,80.95,0.0,0.0,1999.0,1700.0,401.2,8.095,0.0,0.0,prepaid,1.619,0.0,0.0,45.0,0.0,53.1,1235.986,"",'132681043787127001003,2026-04-15,11067132624,883c6a4b-632b-48f3-bde1-d9a10db5a3d3,"",Forward,100012403825,1000003125461,11504,1619.05,5.0,128.0,0.0,128.0,packet_delivered,0.0,0.0,0.0,0.0,0.0,0.0,0.0,0.0,NA,0,1871.0
NFT-/XUTR/DEUTH026105A07HCX,25.57,0.0,0.0,1699.0,537.0,38.02,2.557,0.0,0.0,prepaid,0.511,167.0,0.0,0.0,0.0,197.06,-692.972,"",'132648665464538685101,2026-04-15,11061362644,e7e0093c-1f22-487c-8c99-27ba5016748d,100147155164,Reverse,100006634117,1000001726285,11504,511.43,5.0,1068.0,0.0,1068.0,return_refund,0.0,0.0,0.0,0.0,0.0,0.0,0.0,0.0,NA,0,631.0
NFT-/XUTR/DEUTH026105A07HCX,30.71,0.0,0.0,2299.0,645.0,30.443999999999996,3.071,0.0,0.0,prepaid,0.614,0.0,0.0,27.0,0.0,31.86,579.011,"",'132624510437530056901,2026-04-15,11057486077,459ecdca-7506-442d-896c-1405a4621c11,"",Forward,100002757620,1000000474125,11504,614.29,5.0,1560.0,0.0,1560.0,packet_delivered,0.0,0.0,0.0,0.0,0.0,0.0,0.0,0.0,NA,0,739.0
NFT-/XUTR/DEUTH026105A07HCX,0.0,29.19,29.19,3399.0,1226.0,303.803,0.0,2.919,2.919,prepaid,1.168,91.0,0.0,0.0,0.0,107.38,-1022.571,"",'132676274001494173101,2026-04-15,11066469435,23ad6532-b3c0-47cf-9979-c66cb1542023,100147753862,Reverse,100011740639,100011740639,11504,1167.62,5.0,2002.0,0.0,2002.0,return_refund,0.0,0.0,0.0,0.0,0.0,0.0,0.0,0.0,NA,0,1397.0
NFT-/XUTR/DEUTH026105A07HCX,55.81,0.0,0.0,2899.0,1172.0,290.422,5.581,0.0,0.0,prepaid,1.116,0.0,0.0,45.0,0.0,53.1,821.781,"",'132646991249991152303,2026-04-15,11060964337,f57aebc8-8145-4822-8152-02e34b446396,"",Forward,100006235816,100006235816,11504,1116.19,5.0,1556.0,0.0,1556.0,packet_delivered,0.0,0.0,0.0,0.0,0.0,0.0,0.0,0.0,NA,0,1343.0
NFT-/XUTR/DEUTH026105A07HCX,80.38,0.0,0.0,3999.0,1688.0,418.286,8.038,0.0,0.0,prepaid,1.608,91.0,0.0,0.0,0.0,107.38,-1367.448,"",'132673918162687843401,2026-04-15,11065927564,abcc7170-ff5a-40fe-9150-8e74f7e950bd,100146681046,Reverse,100011198792,100011198792,11504,1607.62,5.0,2140.0,0.0,2140.0,return_refund,0.0,0.0,0.0,0.0,0.0,0.0,0.0,0.0,NA,0,1859.0
NFT-/XUTR/DEUTH026105A07HCX,28.52,0.0,0.0,2199.0,599.0,28.273,2.852,0.0,0.0,prepaid,0.57,0.0,0.0,7.0,0.0,8.26,559.045,"",'132639463337232604001,2026-04-15,11059803854,2c3aa7a8-beaa-4df5-948a-2c51eba35cc6,"",Forward,100005075359,100005075359,11504,570.48,5.0,1506.0,0.0,1506.0,packet_delivered,0.0,0.0,0.0,0.0,0.0,0.0,0.0,0.0,NA,0,693.0
NFT-/XUTR/DEUTH026105A07HCX,56.14,0.0,0.0,2999.0,1179.0,292.156,5.614,0.0,0.0,prepaid,1.123,0.0,0.0,45.0,0.0,53.1,827.007,"",'132664058680296062003,2026-04-15,11063969232,f1785ee0-e927-4db8-8c20-e7bd1d7b783c,"",Forward,100009240562,100009240562,11504,1122.86,5.0,1649.0,0.0,1649.0,packet_delivered,0.0,0.0,0.0,0.0,0.0,0.0,0.0,0.0,NA,0,1350.0
NFT-/XUTR/DEUTH026105A07HCX,25.57,0.0,0.0,1699.0,537.0,38.02,2.557,0.0,0.0,prepaid,0.511,0.0,0.0,27.0,0.0,31.86,464.052,"",'132675858593895761703,2026-04-15,11066365839,ca692dac-8f47-4fb0-8210-a8a7e2a7fbf5,"",Forward,100011637043,100011637043,11504,511.43,5.0,1068.0,0.0,1068.0,packet_delivered,0.0,0.0,0.0,0.0,0.0,0.0,0.0,0.0,NA,0,631.0
NFT-/XUTR/DEUTH026105A07HCX,37.14,0.0,0.0,1750.0,780.0,147.264,3.714,0.0,0.0,prepaid,0.743,112.0,0.0,0.0,0.0,132.16,-760.439,"",'132665142914726098903,2026-04-15,11064269664,3918a958-5acf-4b43-abd2-fb913b8c5cb8,100146700775,Reverse,100009540978,100009540978,11504,742.86,5.0,876.0,0.0,876.0,return_refund,0.0,0.0,0.0,0.0,0.0,0.0,0.0,0.0,NA,0,874.0
NFT-/XUTR/DEUTH026105A07HCX,75.14,0.0,0.0,3499.0,1578.0,391.028,7.514,0.0,0.0,prepaid,1.503,0.0,0.0,45.0,0.0,53.1,1124.855,"",'132647274003926281903,2026-04-15,11061034585,a324b832-7a4f-40a1-b42d-05a38a5e7408,"",Forward,100006306059,100006306059,11504,1502.86,5.0,1750.0,0.0,1750.0,packet_delivered,0.0,0.0,0.0,0.0,0.0,0.0,0.0,0.0,NA,0,1749.0
NFT-/XUTR/DEUTH026105A07HCX,63.29,0.0,0.0,2999.0,1329.0,329.326,6.329,0.0,0.0,prepaid,1.266,0.0,0.0,45.0,0.0,53.1,938.979,"",'132655666805937328003,2026-04-15,11062456658,02c8ced1-8937-42c3-9c8d-6d6a94b198fe,"",Forward,100007728099,1000001743769,11504,1265.71,5.0,1499.0,0.0,1499.0,packet_delivered,0.0,0.0,0.0,0.0,0.0,0.0,0.0,0.0,NA,0,1500.0
NFT-/XUTR/DEUTH026105A07HCX,28.52,0.0,0.0,1599.0,599.0,42.409,2.852,0.0,0.0,prepaid,0.57,0.0,0.0,27.0,0.0,31.86,521.309,"",'132663934814297537003,2026-04-15,11063940052,ddd13b3c-7e14-40de-bb4d-716e90647da7,"",Forward,100009211391,100009211391,11504,570.48,5.0,906.0,0.0,906.0,packet_delivered,0.0,0.0,0.0,0.0,0.0,0.0,0.0,0.0,NA,0,693.0
NFT-/XUTR/DEUTH026105A07HCX,59.52,0.0,0.0,1999.0,1250.0,295.0,5.952,0.0,0.0,prepaid,1.19,0.0,0.0,45.0,0.0,53.1,894.758,"",'132624510437530056901,2026-04-15,11057486076,459ecdca-7506-442d-896c-1405a4621c11,"",Forward,100002757619,1000000474125,11504,1190.48,5.0,578.0,0.0,578.0,packet_delivered,0.0,0.0,0.0,0.0,0.0,0.0,0.0,0.0,NA,0,1421.0
NFT-/XUTR/DEUTH026105A07HCX,87.05,0.0,0.0,1999.0,1828.0,431.408,8.705,0.0,0.0,prepaid,1.741,0.0,0.0,45.0,0.0,53.1,1333.046,"",'132649152239698993701,2026-04-15,11061468123,ff28cf09-e16a-42ca-bdab-2eb0873c86c2,"",Forward,100006739596,100006739596,11504,1740.95,5.0,0.0,0.0,0.0,packet_delivered,0.0,0.0,0.0,0.0,0.0,0.0,0.0,0.0,NA,0,1999.0
NFT-/XUTR/DEUTH026105A07HCX,72.76,0.0,0.0,3399.0,1528.0,378.638,7.276,0.0,0.0,prepaid,1.455,167.0,0.0,0.0,0.0,197.06,-1337.691,"",'132657876049777816303,2026-04-15,11063016677,7f82b8f6-47ed-49c8-aaa4-ef99199d1efa,100148134814,Reverse,100008288084,1000002174296,11504,1455.24,5.0,1700.0,0.0,1700.0,return_refund,0.0,0.0,0.0,0.0,0.0,0.0,0.0,0.0,NA,0,1699.0
NFT-/XUTR/DEUTH026105A07HCX,103.48,0.0,0.0,3399.0,2173.0,512.828,10.348,0.0,0.0,prepaid,2.07,91.0,0.0,0.0,0.0,107.38,-1755.134,"",'132669278938526196501,2026-04-15,11065351359,5b44bb7a-74f5-4119-ac8f-42fa46bf1532,100146783822,Reverse,100010622619,100010622619,11504,2069.52,5.0,1020.0,0.0,1020.0,return_refund,0.0,0.0,0.0,0.0,0.0,0.0,0.0,0.0,NA,0,2379.0
NFT-/XUTR/DEUTH026105A07HCX,37.14,0.0,0.0,1750.0,780.0,202.488,3.714,0.0,0.0,prepaid,0.743,91.0,0.0,0.0,0.0,107.38,-680.435,"",'132674118819253710803,2026-04-15,11065974342,979b9605-5ca7-4705-a071-ae63b9f40b12,100150843775,Reverse,100011245570,100011245570,11504,742.86,5.0,876.0,0.0,876.0,return_refund,0.0,0.0,0.0,0.0,0.0,0.0,0.0,0.0,NA,0,874.0
NFT-/XUTR/DEUTH026105A07HCX,409.12,0.0,0.0,3399.0,2682.0,601.304,11.364,0.0,0.0,prepaid,2.273,0.0,0.0,61.0,0.0,71.98,1995.079,"",'132657992174449905203,2026-04-15,11063042760,1061288b-2d49-4320-b800-6aa2b1fac74e,"",Forward,100008314164,100008314164,11504,2272.88,18.0,511.0,0.0,511.0,packet_delivered,0.0,0.0,0.0,0.0,0.0,0.0,0.0,0.0,NA,0,2888.0
NFT-/XUTR/DEUTH026105A07HCX,70.38,0.0,0.0,3299.0,1478.0,366.248,7.038,0.0,0.0,prepaid,1.408,0.0,0.0,45.0,0.0,53.1,1050.206,"",'132675468231188646501,2026-04-15,11066276776,5eff4963-3eaf-4bb1-b467-8ceb46cce12c,"",Forward,100011547980,100011547980,11504,1407.62,5.0,1650.0,0.0,1650.0,packet_delivered,0.0,0.0,0.0,0.0,0.0,0.0,0.0,0.0,NA,0,1649.0
NFT-/XUTR/DEUTH026105A07HCX,20.05,0.0,0.0,1599.0,421.0,19.871,2.005,0.0,0.0,prepaid,0.401,0.0,0.0,15.0,0.0,17.7,381.023,"",'132654182914817861501,2026-04-15,11062196419,be92d3b4-7e86-4334-a4e8-cf9cb9537a7b,"",Forward,100007467890,1000001622577,11504,400.95,5.0,1084.0,0.0,1084.0,packet_delivered,0.0,0.0,0.0,0.0,0.0,0.0,0.0,0.0,NA,0,515.0
NFT-/XUTR/DEUTH026105A07HCX,39.71,0.0,0.0,1799.0,834.0,216.506,3.971,0.0,0.0,prepaid,0.794,0.0,0.0,27.0,0.0,31.86,580.869,"",'132681824155989626303,2026-04-15,11067325921,a6665ff4-fbe5-4876-8341-3061233fa7b8,"",Forward,100012597122,1000003144186,11504,794.29,5.0,871.0,0.0,871.0,packet_delivered,0.0,0.0,0.0,0.0,0.0,0.0,0.0,0.0,NA,0,927.99
NFT-/XUTR/DEUTH026105A07HCX,63.24,0.0,0.0,2999.0,1328.0,329.078,6.324,0.0,0.0,prepaid,1.265,167.0,0.0,0.0,0.0,197.06,-1188.393,"",'132633621863743087101,2026-04-15,11059009035,76edb8d3-c6a4-4f40-8fe6-abea3bb8c735,11059009035,Reverse,100004280563,100004280563,11504,1264.76,5.0,1500.0,0.0,1500.0,exchange,0.0,0.0,0.0,0.0,0.0,0.0,0.0,0.0,NA,0,1499.0
NFT-/XUTR/DEUTH026105A07HCX,77.52,0.0,0.0,1799.0,1628.0,384.208,7.752,0.0,0.0,prepaid,1.55,0.0,0.0,45.0,0.0,53.1,1181.39,"",'132667203100540029703,2026-04-15,11064807227,142ab812-4abf-47a6-84c8-99e726da669f,"",Forward,100010078487,1000002322634,11504,1550.48,5.0,0.0,0.0,0.0,packet_delivered,0.0,0.0,0.0,0.0,0.0,0.0,0.0,0.0,NA,0,1799.0
NFT-/XUTR/DEUTH026105A07HCX,114.95,0.0,0.0,2620.0,2414.0,569.704,11.495,0.0,0.0,prepaid,2.299,167.0,0.0,0.0,0.0,197.06,-2027.562,"",'132642786931725919803,2026-04-15,11060544789,cd8f2fc7-cb2c-4e06-ae2d-7bb693305e9b,11060544789,Reverse,100005816278,1000001253839,11504,2299.05,5.0,0.0,0.0,0.0,exchange,0.0,0.0,0.0,0.0,0.0,0.0,0.0,0.0,NA,0,2620.01
NFT-/XUTR/DEUTH026105A07HCX,17.57,0.0,0.0,1599.0,369.0,17.417,1.757,0.0,0.0,prepaid,0.351,0.0,0.0,0.0,0.0,0.0,349.475,"",'132675106731057390901,2026-04-15,11066197589,f139924b-976f-44cd-9bd6-746d9faeeaf3,"",Forward,100011468804,100011468804,11504,351.43,5.0,1136.0,0.0,1136.0,packet_delivered,0.0,0.0,0.0,0.0,0.0,0.0,0.0,0.0,NA,0,463.0
NFT-/XUTR/DEUTH026105A07HCX,87.05,0.0,0.0,1999.0,1828.0,431.408,8.705,0.0,0.0,prepaid,1.741,167.0,0.0,0.0,0.0,197.06,-1583.206,"",'132641151466095907601,2026-04-15,11060154218,7ca6314e-c4f3-4986-bbf5-8a735c3adfd6,100146455146,Reverse,100005425709,100005425709,11504,1740.95,5.0,0.0,0.0,0.0,return_refund,0.0,0.0,0.0,0.0,0.0,0.0,0.0,0.0,NA,0,1999.01
NFT-/XUTR/DEUTH026105A07HCX,70.38,0.0,0.0,3299.0,1478.0,366.248,7.038,0.0,0.0,prepaid,1.408,0.0,0.0,45.0,0.0,53.1,1050.206,"",'132646990792448364703,2026-04-15,11060964210,1bb90d89-c371-409a-8015-2dc3cac006d5,"",Forward,100006235689,1000001280076,11504,1407.62,5.0,1650.0,0.0,1650.0,packet_delivered,0.0,0.0,0.0,0.0,0.0,0.0,0.0,0.0,NA,0,1649.0
NFT-/XUTR/DEUTH026105A07HCX,31.52,0.0,0.0,2799.0,662.0,31.246,3.152,0.0,0.0,prepaid,0.63,0.0,0.0,27.0,0.0,31.86,595.112,"",'132674002263135217903,2026-04-15,11065947284,990af86c-fae8-4f86-82f9-7d9cd30ac058,"",Forward,100011218512,1000003119715,11504,630.48,5.0,2043.0,0.0,2043.0,packet_delivered,0.0,0.0,0.0,0.0,0.0,0.0,0.0,0.0,NA,0,756.0
NFT-/XUTR/DEUTH026105A07HCX,39.14,0.0,0.0,1990.0,822.0,213.391,3.914,0.0,0.0,prepaid,0.783,167.0,0.0,0.0,0.0,197.06,-800.972,"",'132647681734424109003,2026-04-15,11061133583,bc2c3c5a-5429-49e4-a4d7-88a540d90936,100148741458,Reverse,100006405057,1000001699892,11504,782.86,5.0,1074.0,0.0,1074.0,return_refund,0.0,0.0,0.0,0.0,0.0,0.0,0.0,0.0,NA,0,916.01
NFT-/XUTR/DEUTH026105A07HCX,55.81,0.0,0.0,2899.0,1172.0,290.422,5.581,0.0,0.0,prepaid,1.116,167.0,0.0,0.0,0.0,197.06,-1071.941,"",'132661450986245105603,2026-04-15,11063720923,89fa25a4-2f57-43fd-b314-31e6561d824b,100147376319,Reverse,100008992325,1000002165491,11504,1116.19,5.0,1556.0,0.0,1556.0,return_refund,0.0,0.0,0.0,0.0,0.0,0.0,0.0,0.0,NA,0,1343.0
NFT-/XUTR/DEUTH026105A07HCX,113.48,0.0,0.0,3699.0,2383.0,562.388,11.348,0.0,0.0,prepaid,2.27,167.0,0.0,0.0,0.0,197.06,-2004.054,"",'132656211163980470901,2026-04-15,11062608143,e39e6b9b-c7d9-47e5-80db-435e39426c79,100146836416,Reverse,100007879581,100007879581,11504,2269.52,5.0,1110.0,0.0,1110.0,return_refund,0.0,0.0,0.0,0.0,0.0,0.0,0.0,0.0,NA,0,2589.0
NFT-/XUTR/DEUTH026105A07HCX,80.38,0.0,0.0,3999.0,1688.0,418.286,8.038,0.0,0.0,prepaid,1.608,112.0,0.0,0.0,0.0,132.16,-1392.228,"",'132665397629584144403,2026-04-15,11064339187,185b62a9-5962-47a9-a6d1-ad50e8e06024,100146839524,Reverse,100009610500,1000002632036,11504,1607.62,5.0,2140.0,0.0,2140.0,return_refund,0.0,0.0,0.0,0.0,0.0,0.0,0.0,0.0,NA,0,1859.0
NFT-/XUTR/DEUTH026105A07HCX,75.48,0.0,0.0,1999.0,1585.0,374.06,7.548,0.0,0.0,prepaid,1.51,0.0,0.0,45.0,0.0,53.1,1148.782,"",'132638087101926951703,2026-04-15,11059499791,910fb8a3-e3e8-4d07-a3f5-5a654d264916,"",Forward,100004771314,100004771314,11504,1509.52,5.0,243.0,0.0,243.0,packet_delivered,0.0,0.0,0.0,0.0,0.0,0.0,0.0,0.0,NA,0,1756.0
NFT-/XUTR/DEUTH026105A07HCX,55.19,0.0,0.0,1899.0,1159.0,273.524,5.519,0.0,0.0,prepaid,1.104,0.0,0.0,45.0,0.0,53.1,825.753,"",'132637930382365011401,2026-04-15,11059468504,939ee565-0585-4fda-9c5b-615eb7c8aca6,"",Forward,100004740029,100004740029,11504,1103.81,5.0,569.0,0.0,569.0,packet_delivered,0.0,0.0,0.0,0.0,0.0,0.0,0.0,0.0,NA,0,1330.0
NFT-/XUTR/DEUTH026105A07HCX,18.81,0.0,0.0,1799.0,395.0,18.644,1.881,0.0,0.0,prepaid,0.376,0.0,0.0,0.0,0.0,0.0,374.099,"",'132668652632377392201,2026-04-15,11065218024,7717df47-88d4-411a-83a1-94e6188abf0e,"",Forward,100010489284,100010489284,11504,376.19,5.0,1310.0,0.0,1310.0,packet_delivered,0.0,0.0,0.0,0.0,0.0,0.0,0.0,0.0,NA,0,489.0
NFT-/XUTR/DEUTH026105A07HCX,71.67,0.0,0.0,3299.0,1505.0,372.939,7.167,0.0,0.0,prepaid,1.433,91.0,0.0,0.0,0.0,107.38,-1230.841,"",'132680619396601213503,2026-04-15,11067054214,4690cf9f-bfef-4962-9dfc-6dbb54a7424f,100147038998,Reverse,100012325415,1000003122373,11504,1433.33,5.0,1623.0,0.0,1623.0,return_refund,0.0,0.0,0.0,0.0,0.0,0.0,0.0,0.0,NA,0,1676.0
NFT-/XUTR/DEUTH026105A07HCX,28.1,0.0,0.0,1799.0,590.0,41.772,2.81,0.0,0.0,prepaid,0.562,167.0,0.0,0.0,0.0,197.06,-741.916,"",'132648665464538685101,2026-04-15,11061362656,e7e0093c-1f22-487c-8c99-27ba5016748d,100147154964,Reverse,100006634129,1000001726285,11504,561.9,5.0,1115.0,0.0,1115.0,return_refund,0.0,0.0,0.0,0.0,0.0,0.0,0.0,0.0,NA,0,684.0
NFT-/XUTR/DEUTH026105A07HCX,70.38,0.0,0.0,3299.0,1478.0,366.248,7.038,0.0,0.0,prepaid,1.408,167.0,0.0,0.0,0.0,197.06,-1300.366,"",'132639577046271699201,2026-04-15,11059829068,c421a3a5-299f-49a1-bb20-ea3794756d03,100146841788,Reverse,100005100573,100005100573,11504,1407.62,5.0,1650.0,0.0,1650.0,return_refund,0.0,0.0,0.0,0.0,0.0,0.0,0.0,0.0,NA,0,1649.0
NFT-/XUTR/DEUTH026105A07HCX,28.1,0.0,0.0,1799.0,590.0,41.772,2.81,0.0,0.0,prepaid,0.562,0.0,0.0,27.0,0.0,31.86,512.996,"",'132648665464538685101,2026-04-15,11061362656,e7e0093c-1f22-487c-8c99-27ba5016748d,"",Forward,100006634129,1000001726285,11504,561.9,5.0,1115.0,0.0,1115.0,packet_delivered,0.0,0.0,0.0,0.0,0.0,0.0,0.0,0.0,NA,0,684.0
NFT-/XUTR/DEUTH026105A07HCX,19.05,0.0,0.0,1699.0,400.0,18.88,1.905,0.0,0.0,prepaid,0.381,0.0,0.0,0.0,0.0,0.0,378.834,"",'132650113023594656401,2026-04-15,11061677072,9c495d3a-4eb0-4abb-8ea7-18a0a2dd3639,"",Forward,100006948543,100006948543,11504,380.95,5.0,1205.0,0.0,1205.0,packet_delivered,0.0,0.0,0.0,0.0,0.0,0.0,0.0,0.0,NA,0,494.0
NFT-/XUTR/DEUTH026105A07HCX,70.38,0.0,0.0,3299.0,1478.0,366.248,7.038,0.0,0.0,prepaid,1.408,0.0,0.0,45.0,0.0,53.1,1050.206,"",'132675113946209255901,2026-04-15,11066199160,c9418afc-f66c-4b73-8551-211a923b1562,"",Forward,100011470375,100011470375,11504,1407.62,5.0,1650.0,0.0,1650.0,packet_delivered,0.0,0.0,0.0,0.0,0.0,0.0,0.0,0.0,NA,0,1649.0
NFT-/XUTR/DEUTH026105A07HCX,20.29,0.0,0.0,1899.0,426.0,20.107,2.029,0.0,0.0,prepaid,0.406,0.0,0.0,15.0,0.0,17.7,385.758,"",'132651369372664789101,2026-04-15,11061987749,450914b3-2961-4e49-8982-5437f02d8834,"",Forward,100007259220,1000001527550,11504,405.71,5.0,1379.0,0.0,1379.0,packet_delivered,0.0,0.0,0.0,0.0,0.0,0.0,0.0,0.0,NA,0,520.0
NFT-/XUTR/DEUTH026105A07HCX,34.76,0.0,0.0,2699.0,730.0,34.456,3.476,0.0,0.0,prepaid,0.695,0.0,0.0,27.0,0.0,31.86,659.513,"",'132656968733468748803,2026-04-15,11062800976,2c7e1ea8-e468-4efe-805c-1697b95236a1,"",Forward,100008072414,100008072414,11504,695.24,5.0,1875.0,0.0,1875.0,packet_delivered,0.0,0.0,0.0,0.0,0.0,0.0,0.0,0.0,NA,0,824.0
NFT-/XUTR/DEUTH026105A07HCX,65.62,0.0,0.0,3299.0,502.043,124.406,2.391,0.0,0.0,prepaid,0.478,33.154,0.0,0.0,0.0,39.12172,-413.89,"",'132675847403883942201,2026-04-15,11066363184,14cd06bd-201e-41b8-94f4-640408ed845d,100148496739,Reverse,100011634388,100011634388,11504,1312.38,5.0,1750.0,0.0,1750.0,return_refund,0.0,0.0,0.0,0.0,0.0,0.0,0.0,0.0,NA,0,1548.98
NFT-/XUTR/DEUTH026105A07HCX,57.1,0.0,0.0,2999.0,2.03,0.503,0.01,0.0,0.0,prepaid,0.002,0.0,0.0,0.076,0.0,0.08968,1.425,"",'132643570114707058103,2026-04-15,11060661899,16686dc2-d028-47a2-8cdf-81ce1942e077,"",Forward,100005933388,100005933388,11504,1141.9,5.0,1629.0,0.0,1629.0,packet_delivered,0.0,0.0,0.0,0.0,0.0,0.0,0.0,0.0,NA,0,1370.0
NFT-/XUTR/DEUTH026105A07HCX,19.05,0.0,0.0,1699.0,400.0,18.88,1.905,0.0,0.0,prepaid,0.381,0.0,0.0,0.0,0.0,0.0,378.834,"",'132655352297293650503,2026-04-15,11062381702,9938b2f2-b438-49a4-8546-5a89775334c7,"",Forward,100007653149,1000001676013,11504,380.95,5.0,1205.0,0.0,1205.0,packet_delivered,0.0,0.0,0.0,0.0,0.0,0.0,0.0,0.0,NA,0,494.0
NFT-/XUTR/DEUTH026105A07HCX,80.38,0.0,0.0,3999.0,1688.0,418.286,8.038,0.0,0.0,prepaid,1.608,0.0,0.0,45.0,0.0,53.1,1206.968,"",'132665397629584144403,2026-04-15,11064339187,185b62a9-5962-47a9-a6d1-ad50e8e06024,"",Forward,100009610500,1000002632036,11504,1607.62,5.0,2140.0,0.0,2140.0,packet_delivered,0.0,0.0,0.0,0.0,0.0,0.0,0.0,0.0,NA,0,1859.0
NFT-/XUTR/DEUTH026105A07HCX,49.81,0.0,0.0,2999.0,1046.0,259.199,4.981,0.0,0.0,prepaid,0.996,0.0,0.0,45.0,0.0,53.1,727.724,"",'132642720507279283703,2026-04-15,11060528724,70659548-777c-403b-be3b-c162ad92b36a,"",Forward,100005800213,1000001285406,11504,996.19,5.0,1782.0,0.0,1782.0,packet_delivered,0.0,0.0,0.0,0.0,0.0,0.0,0.0,0.0,NA,0,1217.0
NFT-/XUTR/DEUTH026105A07HCX,39.05,0.0,0.0,1799.0,820.0,212.872,3.905,0.0,0.0,prepaid,0.781,91.0,0.0,0.0,0.0,107.38,-709.822,"",'132681824155989626303,2026-04-15,11067325916,a6665ff4-fbe5-4876-8341-3061233fa7b8,11067325916,Reverse,100012597117,1000003144186,11504,780.95,5.0,885.0,0.0,885.0,exchange,0.0,0.0,0.0,0.0,0.0,0.0,0.0,0.0,NA,0,913.99
NFT-/XUTR/DEUTH026105A07HCX,72.76,0.0,0.0,1699.0,1528.0,360.608,7.276,0.0,0.0,prepaid,1.455,0.0,0.0,45.0,0.0,53.1,1105.561,"",'132677600975523050001,2026-04-15,11066841781,18cbe951-df72-41fb-8285-c20037b89f25,"",Forward,100012112985,100012112985,11504,1455.24,5.0,0.0,0.0,0.0,packet_delivered,0.0,0.0,0.0,0.0,0.0,0.0,0.0,0.0,NA,0,1699.0
NFT-/XUTR/DEUTH026105A07HCX,63.24,0.0,0.0,2999.0,1328.0,329.078,6.324,0.0,0.0,prepaid,1.265,0.0,0.0,45.0,0.0,53.1,938.233,"",'132642786931725919803,2026-04-15,11060544786,cd8f2fc7-cb2c-4e06-ae2d-7bb693305e9b,"",Forward,100005816275,1000001253839,11504,1264.76,5.0,1500.0,0.0,1500.0,packet_delivered,0.0,0.0,0.0,0.0,0.0,0.0,0.0,0.0,NA,0,1498.99
NFT-/XUTR/DEUTH026105A07HCX,63.29,0.0,0.0,2999.0,1329.0,329.326,6.329,0.0,0.0,prepaid,1.266,0.0,0.0,45.0,0.0,53.1,938.979,"",'132657172747944002803,2026-04-15,11062851599,f8ad7d46-b8a3-461f-9ae4-e18abcc37e48,"",Forward,100008123018,100008123018,11504,1265.71,5.0,1499.0,0.0,1499.0,packet_delivered,0.0,0.0,0.0,0.0,0.0,0.0,0.0,0.0,NA,0,1500.0
NFT-/XUTR/DEUTH026105A07HCX,64.38,0.0,0.0,2999.0,1352.0,335.026,6.438,0.0,0.0,prepaid,1.288,0.0,0.0,45.0,0.0,53.1,956.148,"",'132645762811907234503,2026-04-15,11060752160,1f3d6997-347d-4d86-96c8-2d051c862897,"",Forward,100006023649,100006023649,11504,1287.62,5.0,1476.0,0.0,1476.0,packet_delivered,0.0,0.0,0.0,0.0,0.0,0.0,0.0,0.0,NA,0,1523.01
NFT-/XUTR/DEUTH026105A07HCX,41.38,0.0,0.0,1899.0,869.0,225.592,4.138,0.0,0.0,prepaid,0.828,0.0,0.0,27.0,0.0,31.86,606.582,"",'132648307129600631803,2026-04-15,11061281574,2011f62a-aaef-424d-b1d6-cd66958088eb,"",Forward,100006553048,100006553048,11504,827.62,5.0,936.0,0.0,936.0,packet_delivered,0.0,0.0,0.0,0.0,0.0,0.0,0.0,0.0,NA,0,963.0
NFT-/XUTR/DEUTH026105A07HCX,35.95,0.0,0.0,1699.0,755.0,195.998,3.595,0.0,0.0,prepaid,0.719,91.0,0.0,0.0,0.0,107.38,-662.068,"",'132667512756035553001,2026-04-15,11064887381,9cc9cdd4-85fa-49b0-856c-84e72bc3c293,100148575278,Reverse,100010158641,100010158641,11504,719.05,5.0,850.0,0.0,850.0,return_refund,0.0,0.0,0.0,0.0,0.0,0.0,0.0,0.0,NA,0,849.0
NFT-/XUTR/DEUTH026105A07HCX,61.95,0.0,0.0,2899.0,1301.0,322.388,6.195,0.0,0.0,prepaid,1.239,0.0,0.0,45.0,0.0,53.1,918.078,"",'132652449610456472703,2026-04-15,11062139104,c3d2f63a-f4f0-4906-8bc6-7300e92ec292,"",Forward,100007410575,100007410575,11504,1239.05,5.0,1427.0,0.0,1427.0,packet_delivered,0.0,0.0,0.0,0.0,0.0,0.0,0.0,0.0,NA,0,1472.0
NFT-/XUTR/DEUTH026105A07HCX,34.29,0.0,0.0,2199.0,720.0,33.984,3.429,0.0,0.0,prepaid,0.686,0.0,0.0,27.0,0.0,31.86,650.041,"",'132660232085049871203,2026-04-15,11063596503,864147e8-6435-402d-a886-e763ea40f8c2,"",Forward,100008867905,100008867905,11504,685.71,5.0,1385.0,0.0,1385.0,packet_delivered,0.0,0.0,0.0,0.0,0.0,0.0,0.0,0.0,NA,0,814.0
NFT-/XUTR/DEUTH026105A07HCX,68.71,0.0,0.0,1899.0,1443.0,340.548,6.871,0.0,0.0,prepaid,1.374,167.0,0.0,0.0,0.0,197.06,-1291.267,"",'132655721083457799801,2026-04-15,11062469896,b21ff4bd-d22f-41e4-b0bb-27f46871f253,100149953387,Reverse,100007741336,100007741336,11504,1374.29,5.0,285.0,0.0,285.0,return_refund,0.0,0.0,0.0,0.0,0.0,0.0,0.0,0.0,NA,0,1614.0
NFT-/XUTR/DEUTH026105A07HCX,56.14,0.0,0.0,2999.0,1179.0,292.156,5.614,0.0,0.0,prepaid,1.123,167.0,0.0,0.0,0.0,197.06,-1077.167,"",'132664058680296062003,2026-04-15,11063969232,f1785ee0-e927-4db8-8c20-e7bd1d7b783c,11063969232,Reverse,100009240562,100009240562,11504,1122.86,5.0,1649.0,0.0,1649.0,exchange,0.0,0.0,0.0,0.0,0.0,0.0,0.0,0.0,NA,0,1350.0
NFT-/XUTR/DEUTH026105A07HCX,39.14,0.0,0.0,1990.0,822.0,213.391,3.914,0.0,0.0,prepaid,0.783,0.0,0.0,27.0,0.0,31.86,572.052,"",'132647681734424109003,2026-04-15,11061133583,bc2c3c5a-5429-49e4-a4d7-88a540d90936,"",Forward,100006405057,1000001699892,11504,782.86,5.0,1074.0,0.0,1074.0,packet_delivered,0.0,0.0,0.0,0.0,0.0,0.0,0.0,0.0,NA,0,916.01
NFT-/XUTR/DEUTH026105A07HCX,0.0,20.69,20.69,1899.0,869.0,225.592,0.0,2.069,2.069,prepaid,0.828,0.0,0.0,27.0,0.0,31.86,606.582,"",'132660538146534650903,2026-04-15,11063654906,c4d42374-dfa8-4d20-8655-f6f76ec69eca,"",Forward,100008926308,1000001996942,11504,827.62,5.0,936.0,0.0,936.0,packet_delivered,0.0,0.0,0.0,0.0,0.0,0.0,0.0,0.0,NA,0,963.0000000000001
NFT-/XUTR/DEUTH026105A07HCX,23.24,0.0,0.0,1699.0,488.0,23.033999999999995,2.324,0.0,0.0,prepaid,0.465,0.0,0.0,19.0,0.0,22.42,439.757,"",'132656215833810494201,2026-04-15,11062609579,a2782aa9-7da4-40be-857d-0b68cc011eb4,"",Forward,100007881017,100007881017,11504,464.76,5.0,1117.0,0.0,1117.0,packet_delivered,0.0,0.0,0.0,0.0,0.0,0.0,0.0,0.0,NA,0,582.0
NFT-/XUTR/DEUTH026105A07HCX,58.48,0.0,0.0,2799.0,1228.0,304.298,5.848,0.0,0.0,prepaid,1.17,0.0,0.0,45.0,0.0,53.1,863.584,"",'132666142885917115701,2026-04-15,11064535264,da9934c6-23be-48db-b9e5-64ebfa38b386,"",Forward,100009806544,100009806544,11504,1169.52,5.0,1400.0,0.0,1400.0,packet_delivered,0.0,0.0,0.0,0.0,0.0,0.0,0.0,0.0,NA,0,1399.0
NFT-/XUTR/DEUTH026105A07HCX,31.91,0.0,0.0,1699.0,670.0,173.932,3.19,0.0,0.0,prepaid,0.638,0.0,0.0,27.0,0.0,31.86,460.38,"",'132641643909860645801,2026-04-15,11060260123,f95d4c9b-0e6b-411b-abc9-651d1dfdbdfc,"",Forward,100005531614,100005531614,11504,638.1,5.0,935.0,0.0,935.0,packet_delivered,0.0,0.0,0.0,0.0,0.0,0.0,0.0,0.0,NA,0,764.01
NFT-/XUTR/DEUTH026105A07HCX,106.81,0.0,0.0,3499.0,2243.0,529.348,10.681,0.0,0.0,prepaid,2.136,0.0,0.0,61.0,0.0,71.98,1628.855,"",'132655972130692391101,2026-04-15,11062536704,11bba201-2fc8-4386-a157-28f7b98f2fd1,"",Forward,100007808142,100007808142,11504,2136.19,5.0,1050.0,0.0,1050.0,packet_delivered,0.0,0.0,0.0,0.0,0.0,0.0,0.0,0.0,NA,0,2449.0
NFT-/XUTR/DEUTH026105A07HCX,62.52,0.0,0.0,3299.0,1313.0,325.361,6.252,0.0,0.0,prepaid,1.25,0.0,0.0,45.0,0.0,53.1,927.037,"",'132640672877660942703,2026-04-15,11060057624,fa08b404-bc91-4d49-a206-e70bae86f86e,"",Forward,100005329116,1000001284022,11504,1250.48,5.0,1815.0,0.0,1815.0,packet_delivered,0.0,0.0,0.0,0.0,0.0,0.0,0.0,0.0,NA,0,1484.0
NFT-/XUTR/DEUTH026105A07HCX,63.24,0.0,0.0,2999.0,1328.0,329.078,6.324,0.0,0.0,prepaid,1.265,0.0,0.0,45.0,0.0,53.1,938.233,"",'132649780723508786901,2026-04-15,11061602129,720256fd-bb9e-4d74-ab6d-01783fc6743c,"",Forward,100006873600,100006873600,11504,1264.76,5.0,1500.0,0.0,1500.0,packet_delivered,0.0,0.0,0.0,0.0,0.0,0.0,0.0,0.0,NA,0,1499.0
NFT-/XUTR/DEUTH026105A07HCX,20.0,0.0,0.0,1799.0,165.744,7.8229999999999995,0.789,0.0,0.0,prepaid,0.158,0.0,0.0,5.919,0.0,6.98442,149.99,"",'132649068378144227303,2026-04-15,11061450036,9b54b2f3-aafb-40ee-be5b-ce1cb82a60a3,"",Forward,100006721509,100006721509,11504,400,5.0,1285.0,0.0,1285.0,packet_delivered,0.0,0.0,0.0,0.0,0.0,0.0,0.0,0.0,NA,0,514.01
NFT-/XUTR/DEUTH026105A07HCX,37.14,0.0,0.0,1750.0,780.0,202.488,3.714,0.0,0.0,prepaid,0.743,0.0,0.0,27.0,0.0,31.86,541.195,"",'132640496276368423601,2026-04-15,11060021187,679a8f7a-fee0-4e32-9f18-249584d809d3,"",Forward,100005292680,1000000989684,11504,742.86,5.0,876.0,0.0,876.0,packet_delivered,0.0,0.0,0.0,0.0,0.0,0.0,0.0,0.0,NA,0,874.01
NFT-/XUTR/DEUTH026105A07HCX,37.1,0.0,0.0,2499.0,779.0,73.538,3.71,0.0,0.0,prepaid,0.742,0.0,0.0,27.0,0.0,31.86,669.15,"",'132651344461025973001,2026-04-15,11061981573,7d6e652b-728a-4cc4-940d-48817f0ddc94,"",Forward,100007253044,1000001742787,11504,741.9,5.0,1626.0,0.0,1626.0,packet_delivered,0.0,0.0,0.0,0.0,0.0,0.0,0.0,0.0,NA,0,873.0
NFT-/XUTR/DEUTH026105A07HCX,72.76,0.0,0.0,1699.0,1528.0,360.608,7.276,0.0,0.0,prepaid,1.455,0.0,0.0,45.0,0.0,53.1,1105.561,"",'132667576923299352901,2026-04-15,11064903777,de8289e4-f279-4001-9248-3aa08f38664d,"",Forward,100010175037,1000002345266,11504,1455.24,5.0,0.0,0.0,0.0,packet_delivered,0.0,0.0,0.0,0.0,0.0,0.0,0.0,0.0,NA,0,1699.0
NFT-/XUTR/DEUTH026105A07HCX,33.1,0.0,0.0,1999.0,695.0,32.804,3.31,0.0,0.0,prepaid,0.662,0.0,0.0,27.0,0.0,31.86,626.364,"",'132639977427380765101,2026-04-15,11059913060,9ff9075c-42cc-42fb-88d5-988c25cf2343,"",Forward,100005184557,100005184557,11504,661.9,5.0,1210.0,0.0,1210.0,packet_delivered,0.0,0.0,0.0,0.0,0.0,0.0,0.0,0.0,NA,0,789.0
NFT-/XUTR/DEUTH026105A07HCX,46.57,0.0,0.0,2999.0,978.0,46.162000000000006,4.657,0.0,0.0,prepaid,0.931,0.0,0.0,16.0,0.0,18.88,907.37,"",'132646692864927833303,2026-04-15,11060898673,f2271223-bdc0-4306-b944-354afd050631,"",Forward,100006170154,100006170154,11504,931.43,5.0,1744.0,0.0,1744.0,packet_delivered,0.0,0.0,0.0,0.0,0.0,0.0,0.0,0.0,NA,0,1255.01
NFT-/XUTR/DEUTH026105A07HCX,75.14,0.0,0.0,3499.0,1578.0,391.028,7.514,0.0,0.0,prepaid,1.503,167.0,0.0,0.0,0.0,197.06,-1375.015,"",'132647274003926281903,2026-04-15,11061034585,a324b832-7a4f-40a1-b42d-05a38a5e7408,100150554031,Reverse,100006306059,100006306059,11504,1502.86,5.0,1750.0,0.0,1750.0,return_refund,0.0,0.0,0.0,0.0,0.0,0.0,0.0,0.0,NA,0,1749.0
NFT-/XUTR/DEUTH026105A07HCX,60.38,0.0,0.0,3199.0,1268.0,314.21,6.038,0.0,0.0,prepaid,1.208,0.0,0.0,45.0,0.0,53.1,893.444,"",'132666179675994435701,2026-04-15,11064544436,5a8da72d-5e4e-41dd-9830-bd0119344a21,"",Forward,100009815716,100009815716,11504,1207.62,5.0,1760.0,0.0,1760.0,packet_delivered,0.0,0.0,0.0,0.0,0.0,0.0,0.0,0.0,NA,0,1439.0
NFT-/XUTR/DEUTH026105A07HCX,0.0,16.45,16.45,1699.0,691.0,179.384,0.0,1.645,1.645,prepaid,0.658,0.0,0.0,27.0,0.0,31.86,475.808,"",'132660538146534650903,2026-04-15,11063654907,c4d42374-dfa8-4d20-8655-f6f76ec69eca,"",Forward,100008926309,1000001996942,11504,658.1,5.0,914.0,0.0,914.0,packet_delivered,0.0,0.0,0.0,0.0,0.0,0.0,0.0,0.0,NA,0,785.0000000000001
NFT-/XUTR/DEUTH026105A07HCX,43.1,0.0,0.0,1999.0,905.0,234.938,4.31,0.0,0.0,prepaid,0.862,167.0,0.0,0.0,0.0,197.06,-861.95,"",'132647827109815851903,2026-04-15,11061167457,a63e1fdc-bbdb-4bf7-9d3d-ead80d02d115,100146664341,Reverse,100006438931,100006438931,11504,861.9,5.0,1000.0,0.0,1000.0,return_refund,0.0,0.0,0.0,0.0,0.0,0.0,0.0,0.0,NA,0,999.0
NFT-/XUTR/DEUTH026105A07HCX,19.05,0.0,0.0,1699.0,399.99999999999994,18.88,1.905,0.0,0.0,prepaid,0.381,167.0,0.0,0.0,0.0,197.06,-575.894,"",'132654925367864219303,2026-04-15,11062294766,04b0c5b0-abc7-4847-88dd-71cb7e3e3367,100147111766,Reverse,100007566229,100007566229,11504,380.95,5.0,1205.0,0.0,1205.0,return_refund,0.0,0.0,0.0,0.0,0.0,0.0,0.0,0.0,NA,0,494.0
NFT-/XUTR/DEUTH026105A07HCX,0.0,28.48,28.48,3399.0,1196.0,296.369,0.0,2.8475,2.8475,prepaid,1.139,91.0,0.0,0.0,0.0,107.38,-1000.177,"",'132657249361328500801,2026-04-15,11062870675,4008a89a-e815-4c85-bfee-8b0d699f39e9,100146321763,Reverse,100008142090,1000002161798,11504,1139.04,5.0,2032.0,0.0,2032.0,return_refund,0.0,0.0,0.0,0.0,0.0,0.0,0.0,0.0,NA,0,1367.0
NFT-/XUTR/DEUTH026105A07HCX,18.1,0.0,0.0,1999.0,380.0,17.936,1.81,0.0,0.0,prepaid,0.362,0.0,0.0,0.0,0.0,0.0,359.892,"",'132657647775710288103,2026-04-15,11062963944,9df94267-a08d-4e74-8d0b-11334c3c65c4,"",Forward,100008235357,100008235357,11504,361.9,5.0,1560.0,0.0,1560.0,packet_delivered,0.0,0.0,0.0,0.0,0.0,0.0,0.0,0.0,NA,0,439.0
NFT-/XUTR/DEUTH026105A07HCX,63.24,0.0,0.0,2999.0,1328.0,329.078,6.324,0.0,0.0,prepaid,1.265,0.0,0.0,45.0,0.0,53.1,938.233,"",'132639411556826488003,2026-04-15,11059792398,466c712f-45b5-446b-ad91-bf4ae78444ab,"",Forward,100005063903,100005063903,11504,1264.76,5.0,1500.0,0.0,1500.0,packet_delivered,0.0,0.0,0.0,0.0,0.0,0.0,0.0,0.0,NA,0,1499.0
NFT-/XUTR/DEUTH026105A07HCX,0.0,30.98,30.98,2899.0,1301.0,322.388,0.0,3.0975,3.0975,prepaid,1.239,91.0,0.0,0.0,0.0,107.38,-1078.558,"",'132657249361328500801,2026-04-15,11062870676,4008a89a-e815-4c85-bfee-8b0d699f39e9,100146321569,Reverse,100008142091,1000002161798,11504,1239.04,5.0,1427.0,0.0,1427.0,return_refund,0.0,0.0,0.0,0.0,0.0,0.0,0.0,0.0,NA,0,1472.0
NFT-/XUTR/DEUTH026105A07HCX,19.05,0.0,0.0,1499.0,399.99999999999994,18.88,1.905,0.0,0.0,prepaid,0.381,167.0,0.0,0.0,0.0,197.06,-575.894,"",'132647283711458263503,2026-04-15,11061036829,c7e045b8-9710-490b-a92f-745c0013532c,100147271705,Reverse,100006308303,100006308303,11504,380.95,5.0,1005.0,0.0,1005.0,return_refund,0.0,0.0,0.0,0.0,0.0,0.0,0.0,0.0,NA,0,494.0
NFT-/XUTR/DEUTH026105A07HCX,33.57,0.0,0.0,1599.0,705.0,183.018,3.357,0.0,0.0,prepaid,0.671,0.0,0.0,27.0,0.0,31.86,486.094,"",'132655352297293650503,2026-04-15,11062381701,9938b2f2-b438-49a4-8546-5a89775334c7,"",Forward,100007653148,1000001676013,11504,671.43,5.0,800.0,0.0,800.0,packet_delivered,0.0,0.0,0.0,0.0,0.0,0.0,0.0,0.0,NA,0,799.0
NFT-/XUTR/DEUTH026105A07HCX,33.62,0.0,0.0,1750.0,706.0,183.278,3.362,0.0,0.0,prepaid,0.672,0.0,0.0,27.0,0.0,31.86,486.828,"",'132664669689420359401,2026-04-15,11064135140,fa965fec-98df-43a7-9c9f-1293e54a84f9,"",Forward,100009406454,100009406454,11504,672.38,5.0,950.0,0.0,950.0,packet_delivered,0.0,0.0,0.0,0.0,0.0,0.0,0.0,0.0,NA,0,800.0
NFT-/XUTR/DEUTH026105A07HCX,41.38,0.0,0.0,1899.0,869.0,225.592,4.138,0.0,0.0,prepaid,0.828,167.0,0.0,0.0,0.0,197.06,-835.502,"",'132652488674523867901,2026-04-15,11062140797,eb423d60-d307-41db-9b20-dd5cb131d43d,11062140797,Reverse,100007412268,100007412268,11504,827.62,5.0,936.0,0.0,936.0,exchange,0.0,0.0,0.0,0.0,0.0,0.0,0.0,0.0,NA,0,963.0
NFT-/XUTR/DEUTH026105A07HCX,56.1,0.0,0.0,2999.0,1178.0,291.908,5.61,0.0,0.0,prepaid,1.122,0.0,0.0,45.0,0.0,53.1,826.26,"",'132646990792448364703,2026-04-15,11060964219,1bb90d89-c371-409a-8015-2dc3cac006d5,"",Forward,100006235698,1000001280076,11504,1121.9,5.0,1650.0,0.0,1650.0,packet_delivered,0.0,0.0,0.0,0.0,0.0,0.0,0.0,0.0,NA,0,1349.0
NFT-/XUTR/DEUTH026105A07HCX,70.38,0.0,0.0,3299.0,1478.0,366.248,7.038,0.0,0.0,prepaid,1.408,0.0,0.0,45.0,0.0,53.1,1050.206,"",'132665397629584144403,2026-04-15,11064339183,185b62a9-5962-47a9-a6d1-ad50e8e06024,"",Forward,100009610496,1000002632036,11504,1407.62,5.0,1650.0,0.0,1650.0,packet_delivered,0.0,0.0,0.0,0.0,0.0,0.0,0.0,0.0,NA,0,1649.0
NFT-/XUTR/DEUTH026105A07HCX,35.14,0.0,0.0,1799.0,738.0,191.585,3.514,0.0,0.0,prepaid,0.703,91.0,0.0,0.0,0.0,107.38,-649.578,"",'132667203100540029703,2026-04-15,11064807230,142ab812-4abf-47a6-84c8-99e726da669f,11064807230,Reverse,100010078490,1000002322634,11504,702.86,5.0,967.0,0.0,967.0,exchange,0.0,0.0,0.0,0.0,0.0,0.0,0.0,0.0,NA,0,832.0
NFT-/XUTR/DEUTH026105A07HCX,59.05,0.0,0.0,2999.0,1240.0,307.272,5.905,0.0,0.0,prepaid,1.181,91.0,0.0,0.0,0.0,107.38,-1033.022,"",'132676879640311357401,2026-04-15,11066636682,4d6e4542-a43b-4b1e-ab60-b0b374555775,11066636682,Reverse,100011907886,1000003144288,11504,1180.95,5.0,1588.0,0.0,1588.0,exchange,0.0,0.0,0.0,0.0,0.0,0.0,0.0,0.0,NA,0,1411.0
NFT-/XUTR/DEUTH026105A07HCX,56.81,0.0,0.0,1950.0,1193.0,281.548,5.681,0.0,0.0,prepaid,1.136,0.0,0.0,45.0,0.0,53.1,851.535,"",'132638919735877082503,2026-04-15,11059684786,bb13c294-24d0-4d2b-bb55-1f54a44fec9c,"",Forward,100004956291,100004956291,11504,1136.19,5.0,586.0,0.0,586.0,packet_delivered,0.0,0.0,0.0,0.0,0.0,0.0,0.0,0.0,NA,0,1364.0
NFT-/XUTR/DEUTH026105A07HCX,0.0,16.45,16.45,1999.0,691.0,32.615,0.0,1.645,1.645,prepaid,0.658,91.0,0.0,0.0,0.0,107.38,-761.817,"",'132681432180300499401,2026-04-15,11067223385,08c1bd95-20a8-43d2-9215-5359d585c350,11067223385,Reverse,100012494586,100012494586,11504,658.1,5.0,1214.0,0.0,1214.0,exchange,0.0,0.0,0.0,0.0,0.0,0.0,0.0,0.0,NA,0,785.0000000000001
NFT-/XUTR/DEUTH026105A07HCX,71.67,0.0,0.0,3299.0,1505.0,372.939,7.167,0.0,0.0,prepaid,1.433,0.0,0.0,45.0,0.0,53.1,1070.361,"",'132680619396601213503,2026-04-15,11067054216,4690cf9f-bfef-4962-9dfc-6dbb54a7424f,"",Forward,100012325417,1000003122373,11504,1433.33,5.0,1623.0,0.0,1623.0,packet_delivered,0.0,0.0,0.0,0.0,0.0,0.0,0.0,0.0,NA,0,1676.0
NFT-/XUTR/DEUTH026105A07HCX,38.38,0.0,0.0,1799.0,806.0,209.238,3.838,0.0,0.0,prepaid,0.768,0.0,0.0,27.0,0.0,31.86,560.296,"",'132681737716171212403,2026-04-15,11067302277,e122ca0a-89da-44e2-b85d-967476177f69,"",Forward,100012573478,100012573478,11504,767.62,5.0,899.0,0.0,899.0,packet_delivered,0.0,0.0,0.0,0.0,0.0,0.0,0.0,0.0,NA,0,900.0
NFT-/XUTR/DEUTH026105A07HCX,23.71,0.0,0.0,1650.0,497.99999999999994,23.506,2.371,0.0,0.0,prepaid,0.474,167.0,0.0,0.0,0.0,197.06,-668.709,"",'132645875717000582601,2026-04-15,11060765501,3e2f0619-da5e-4f56-9ced-16ca71e76e39,100147843455,Reverse,100006036990,1000001189980,11504,474.29,5.0,1058.0,0.0,1058.0,return_refund,0.0,0.0,0.0,0.0,0.0,0.0,0.0,0.0,NA,0,592.0
NFT-/XUTR/DEUTH026105A07HCX,54.57,0.0,0.0,2799.0,1146.0,283.979,5.457,0.0,0.0,prepaid,1.091,0.0,0.0,45.0,0.0,53.1,802.373,"",'132640092539730851401,2026-04-15,11059936736,c2d844b6-e5ec-4f82-9ed6-f3df65bdaa04,"",Forward,100005208230,1000001283562,11504,1091.43,5.0,1482.0,0.0,1482.0,packet_delivered,0.0,0.0,0.0,0.0,0.0,0.0,0.0,0.0,NA,0,1317.0
NFT-/XUTR/DEUTH026105A07HCX,19.05,0.0,0.0,1699.0,400.0,18.88,1.905,0.0,0.0,prepaid,0.381,0.0,0.0,0.0,0.0,0.0,378.834,"",'132641986881843167001,2026-04-15,11060338916,8dcf8024-0069-4cf3-9149-32bdfe88cc8e,"",Forward,100005610407,100005610407,11504,380.95,5.0,1205.0,0.0,1205.0,packet_delivered,0.0,0.0,0.0,0.0,0.0,0.0,0.0,0.0,NA,0,493.98
NFT-/XUTR/DEUTH026105A07HCX,76.52,0.0,0.0,3499.0,1607.0,398.215,7.652,0.0,0.0,prepaid,1.53,167.0,0.0,0.0,0.0,197.06,-1396.663,"",'132647591988939494401,2026-04-15,11061112408,1c811039-baa2-46fa-bc9c-9b47d152eb1a,100146602158,Reverse,100006383882,100006383882,11504,1530.48,5.0,1721.0,0.0,1721.0,return_refund,0.0,0.0,0.0,0.0,0.0,0.0,0.0,0.0,NA,0,1777.99
NFT-/XUTR/DEUTH026105A07HCX,37.19,0.0,0.0,1750.0,781.0,202.748,3.719,0.0,0.0,prepaid,0.744,0.0,0.0,27.0,0.0,31.86,541.929,"",'132640496276368423601,2026-04-15,11060021189,679a8f7a-fee0-4e32-9f18-249584d809d3,"",Forward,100005292681,1000000989684,11504,743.81,5.0,875.0,0.0,875.0,packet_delivered,0.0,0.0,0.0,0.0,0.0,0.0,0.0,0.0,NA,0,875.01
NFT-/XUTR/DEUTH026105A07HCX,63.24,0.0,0.0,2999.0,1328.0,329.078,6.324,0.0,0.0,prepaid,1.265,0.0,0.0,45.0,0.0,53.1,938.233,"",'132655940051902723503,2026-04-15,11062527264,d9893f43-3d83-476c-bed4-1d93ba991574,"",Forward,100007798702,100007798702,11504,1264.76,5.0,1500.0,0.0,1500.0,packet_delivered,0.0,0.0,0.0,0.0,0.0,0.0,0.0,0.0,NA,0,1499.0
NFT-/XUTR/DEUTH026105A07HCX,16.71,0.0,0.0,1599.0,350.99999999999994,16.567,1.671,0.0,0.0,prepaid,0.334,167.0,0.0,0.0,0.0,197.06,-529.488,"",'132637321915560206401,2026-04-15,11059372064,37a59e34-d4bf-429a-a46f-782a89395f08,11059372064,Reverse,100004643591,100004643591,11504,334.29,5.0,1154.0,0.0,1154.0,exchange,0.0,0.0,0.0,0.0,0.0,0.0,0.0,0.0,NA,0,445.0
NFT-/XUTR/DEUTH026105A07HCX,23.71,0.0,0.0,1650.0,497.99999999999994,23.506,2.371,0.0,0.0,prepaid,0.474,167.0,0.0,0.0,0.0,197.06,-668.709,"",'132643649223217549903,2026-04-15,11060666089,4b54d78f-5b02-425e-bc48-0d6ab48f2db0,11060666089,Reverse,100005937578,100005937578,11504,474.29,5.0,1058.0,0.0,1058.0,exchange,0.0,0.0,0.0,0.0,0.0,0.0,0.0,0.0,NA,0,592.0
NFT-/XUTR/DEUTH026105A07HCX,118.71,0.0,0.0,2999.0,2493.0,588.348,11.871,0.0,0.0,prepaid,2.374,0.0,0.0,61.0,0.0,71.98,1818.427,"",'132646990792448364703,2026-04-15,11060964211,1bb90d89-c371-409a-8015-2dc3cac006d5,"",Forward,100006235690,1000001280076,11504,2374.29,5.0,300.0,0.0,300.0,packet_delivered,0.0,0.0,0.0,0.0,0.0,0.0,0.0,0.0,NA,0,2699.0
NFT-/XUTR/DEUTH026105A07HCX,37.14,0.0,0.0,1750.0,780.0,147.264,3.714,0.0,0.0,prepaid,0.743,0.0,0.0,27.0,0.0,31.86,596.419,"",'132648965488541575301,2026-04-15,11061428001,bef2fb88-67cd-4014-9eda-224d112eca06,"",Forward,100006699474,100006699474,11504,742.86,5.0,876.0,0.0,876.0,packet_delivered,0.0,0.0,0.0,0.0,0.0,0.0,0.0,0.0,NA,0,874.0
NFT-/XUTR/DEUTH026105A07HCX,59.0,0.0,0.0,2999.0,1239.0,307.024,5.9,0.0,0.0,prepaid,1.18,167.0,0.0,0.0,0.0,197.06,-1121.956,"",'132648994897946220403,2026-04-15,11061434249,7124c3f4-75a4-4c6e-93d6-178346af5cce,100150933427,Reverse,100006705722,100006705722,11504,1180,5.0,1589.0,0.0,1589.0,return_refund,0.0,0.0,0.0,0.0,0.0,0.0,0.0,0.0,NA,0,1410.0
NFT-/XUTR/DEUTH026105A07HCX,77.52,0.0,0.0,1799.0,1628.0,384.208,7.752,0.0,0.0,prepaid,1.55,0.0,0.0,45.0,0.0,53.1,1181.39,"",'132642404809173025603,2026-04-15,11060445162,26c33ccd-1c7d-476c-a404-ea78670fde30,"",Forward,100005716653,1000001088485,11504,1550.48,5.0,0.0,0.0,0.0,packet_delivered,0.0,0.0,0.0,0.0,0.0,0.0,0.0,0.0,NA,0,1799.0
NFT-/XUTR/DEUTH026105A07HCX,36.57,0.0,0.0,1699.0,768.0,199.373,3.657,0.0,0.0,prepaid,0.731,0.0,0.0,27.0,0.0,31.86,532.379,"",'132651369372664789101,2026-04-15,11061987751,450914b3-2961-4e49-8982-5437f02d8834,"",Forward,100007259222,1000001527550,11504,731.43,5.0,837.0,0.0,837.0,packet_delivered,0.0,0.0,0.0,0.0,0.0,0.0,0.0,0.0,NA,0,862.0
NFT-/XUTR/DEUTH026105A07HCX,35.19,0.0,0.0,1999.0,739.0,34.881,3.519,0.0,0.0,prepaid,0.704,0.0,0.0,27.0,0.0,31.86,668.036,"",'132624510437530056901,2026-04-15,11057486078,459ecdca-7506-442d-896c-1405a4621c11,"",Forward,100002757621,1000000474125,11504,703.81,5.0,1166.0,0.0,1166.0,packet_delivered,0.0,0.0,0.0,0.0,0.0,0.0,0.0,0.0,NA,0,833.0
NFT-/XUTR/DEUTH026105A07HCX,62.52,0.0,0.0,3199.0,1313.0,325.361,6.252,0.0,0.0,prepaid,1.25,0.0,0.0,45.0,0.0,53.1,927.037,"",'132671503929186381101,2026-04-15,11065452230,09a79a0e-af36-4a48-9874-21c2f83411d5,"",Forward,100010723490,100010723490,11504,1250.48,5.0,1715.0,0.0,1715.0,packet_delivered,0.0,0.0,0.0,0.0,0.0,0.0,0.0,0.0,NA,0,1484.0
NFT-/XUTR/DEUTH026105A07HCX,88.71,0.0,0.0,3999.0,1863.0,461.651,8.871,0.0,0.0,prepaid,1.774,0.0,0.0,45.0,0.0,53.1,1337.604,"",'132677146973288158703,2026-04-15,11066718569,97195e4d-8228-4f3c-8278-81d5d3086846,"",Forward,100011989773,100011989773,11504,1774.29,5.0,1930.0,0.0,1930.0,packet_delivered,0.0,0.0,0.0,0.0,0.0,0.0,0.0,0.0,NA,0,2069.0
NFT-/XUTR/DEUTH026105A07HCX,0.0,14.07,14.07,1599.0,591.0,41.843,0.0,1.407,1.407,prepaid,0.563,0.0,0.0,27.0,0.0,31.86,513.92,"",'132675029296651328703,2026-04-15,11066180355,2be45690-f05c-4441-bb21-a4918483a11e,"",Forward,100011451571,100011451571,11504,562.86,5.0,914.0,0.0,914.0,packet_delivered,0.0,0.0,0.0,0.0,0.0,0.0,0.0,0.0,NA,0,685.0000000000001
NFT-/XUTR/DEUTH026105A07HCX,22.81,0.0,0.0,1599.0,479.0,22.609,2.281,0.0,0.0,prepaid,0.456,0.0,0.0,27.0,0.0,31.86,421.794,"",'132655684721698889201,2026-04-15,11062460920,ca76667b-35a7-4e2a-b4ab-bf8bd11d669a,"",Forward,100007732361,100007732361,11504,456.19,5.0,1026.0,0.0,1026.0,packet_delivered,0.0,0.0,0.0,0.0,0.0,0.0,0.0,0.0,NA,0,573.0
NFT-/XUTR/DEUTH026105A07HCX,63.24,0.0,0.0,2999.0,1328.0,329.078,6.324,0.0,0.0,prepaid,1.265,167.0,0.0,0.0,0.0,197.06,-1188.393,"",'132652168112793312403,2026-04-15,11062121218,e639f317-5928-428b-b56f-cd799b97902a,100147437315,Reverse,100007392689,100007392689,11504,1264.76,5.0,1500.0,0.0,1500.0,return_refund,0.0,0.0,0.0,0.0,0.0,0.0,0.0,0.0,NA,0,1499.0
NFT-/XUTR/DEUTH026105A07HCX,33.19,0.0,0.0,2499.0,697.0,32.898,3.319,0.0,0.0,prepaid,0.664,167.0,0.0,0.0,0.0,197.06,-857.179,"",'132651455130802305801,2026-04-15,11062008323,e3fd8b28-9d24-4414-af19-e50632dfc321,100146379859,Reverse,100007279794,100007279794,11504,663.81,5.0,1708.0,0.0,1708.0,return_refund,0.0,0.0,0.0,0.0,0.0,0.0,0.0,0.0,NA,0,790.99
NFT-/XUTR/DEUTH026105A07HCX,56.1,0.0,0.0,2699.0,1178.0,291.908,5.61,0.0,0.0,prepaid,1.122,91.0,0.0,0.0,0.0,107.38,-986.74,"",'132679963199490749303,2026-04-15,11066975430,ec10d09c-b091-4983-b10d-77b704953e17,100147213061,Reverse,100012246631,100012246631,11504,1121.9,5.0,1350.0,0.0,1350.0,return_refund,0.0,0.0,0.0,0.0,0.0,0.0,0.0,0.0,NA,0,1349.0
NFT-/XUTR/DEUTH026105A07HCX,25.57,0.0,0.0,1699.0,537.0,38.02,2.557,0.0,0.0,prepaid,0.511,167.0,0.0,0.0,0.0,197.06,-692.972,"",'132657517744516628001,2026-04-15,11062933956,92202fc3-d67a-4ee4-8a6c-976c6a2ff04c,11062933956,Reverse,100008205369,100008205369,11504,511.43,5.0,1068.0,0.0,1068.0,exchange,0.0,0.0,0.0,0.0,0.0,0.0,0.0,0.0,NA,0,631.01
NFT-/XUTR/DEUTH026105A07HCX,58.48,0.0,0.0,1999.0,1228.0,289.808,5.848,0.0,0.0,prepaid,1.17,0.0,0.0,45.0,0.0,53.1,878.074,"",'132663967592630459201,2026-04-15,11063947956,7e8b52c4-e0bc-493d-bb99-df2d774577ca,"",Forward,100009219294,100009219294,11504,1169.52,5.0,600.0,0.0,600.0,packet_delivered,0.0,0.0,0.0,0.0,0.0,0.0,0.0,0.0,NA,0,1399.0
NFT-/XUTR/DEUTH026105A07HCX,63.24,0.0,0.0,2999.0,1328.0,329.078,6.324,0.0,0.0,prepaid,1.265,167.0,0.0,0.0,0.0,197.06,-1188.393,"",'132639708915351430801,2026-04-15,11059857284,a7959970-f398-400b-91ed-dc17bf30eeb2,11059857284,Reverse,100005128789,1000001275302,11504,1264.76,5.0,1500.0,0.0,1500.0,exchange,0.0,0.0,0.0,0.0,0.0,0.0,0.0,0.0,NA,0,1499.0
NFT-/XUTR/DEUTH026105A07HCX,41.38,0.0,0.0,1899.0,869.0,225.592,4.138,0.0,0.0,prepaid,0.828,167.0,0.0,0.0,0.0,197.06,-835.502,"",'132654414584597504401,2026-04-15,11062219335,ec5f5632-6f9f-4dc0-a5e2-3c485fe97df0,100148415228,Reverse,100007490806,100007490806,11504,827.62,5.0,936.0,0.0,936.0,return_refund,0.0,0.0,0.0,0.0,0.0,0.0,0.0,0.0,NA,0,963.0
NFT-/XUTR/DEUTH026105A07HCX,48.95,0.0,0.0,2999.0,1028.0,242.608,4.895,0.0,0.0,prepaid,0.979,167.0,0.0,0.0,0.0,197.06,-976.578,"",'132641758198119216601,2026-04-15,11060285781,ba948ebc-1dd9-4d3d-8acf-a5b6107a3b01,11060285781,Reverse,100005557272,100005557272,11504,979.05,5.0,1800.0,0.0,1800.0,exchange,0.0,0.0,0.0,0.0,0.0,0.0,0.0,0.0,NA,0,1199.0
NFT-/XUTR/DEUTH026105A07HCX,71.67,0.0,0.0,3299.0,1505.0,372.939,7.167,0.0,0.0,prepaid,1.433,0.0,0.0,45.0,0.0,53.1,1070.361,"",'132647319552791214601,2026-04-15,11061045884,e6c7dc69-19bb-4959-b3da-a4b7c7d2d6cd,"",Forward,100006317358,100006317358,11504,1433.33,5.0,1623.0,0.0,1623.0,packet_delivered,0.0,0.0,0.0,0.0,0.0,0.0,0.0,0.0,NA,0,1676.0
NFT-/XUTR/DEUTH026105A07HCX,35.24,0.0,0.0,2299.0,740.0,34.928,3.524,0.0,0.0,prepaid,0.705,167.0,0.0,0.0,0.0,197.06,-897.903,"",'132643088377788985001,2026-04-15,11060607987,85fc473f-cae5-4d3b-a93a-b3f5e3c41e99,100147497227,Reverse,100005879476,1000001257571,11504,704.76,5.0,1465.0,0.0,1465.0,return_refund,0.0,0.0,0.0,0.0,0.0,0.0,0.0,0.0,NA,0,834.0
NFT-/XUTR/DEUTH026105A07HCX,55.81,0.0,0.0,2899.0,1172.0,290.422,5.581,0.0,0.0,prepaid,1.116,0.0,0.0,45.0,0.0,53.1,821.781,"",'132648479163543746601,2026-04-15,11061321250,ae408c9d-20f0-44ff-a726-414a55db1079,"",Forward,100006592724,100006592724,11504,1116.19,5.0,1556.0,0.0,1556.0,packet_delivered,0.0,0.0,0.0,0.0,0.0,0.0,0.0,0.0,NA,0,1343.0
NFT-/XUTR/DEUTH026105A07HCX,0.0,29.05,29.05,2999.0,1220.0,302.316,0.0,2.905,2.905,prepaid,1.162,0.0,0.0,45.0,0.0,53.1,857.612,"",'132648760238164262101,2026-04-15,11061383804,cd1f9e29-8f1d-4a10-a730-1216b38cac5e,"",Forward,100006655277,100006655277,11504,1161.9,5.0,1608.0,0.0,1608.0,packet_delivered,0.0,0.0,0.0,0.0,0.0,0.0,0.0,0.0,NA,0,1391.0
NFT-/XUTR/DEUTH026105A07HCX,37.14,0.0,0.0,1750.0,780.0,202.488,3.714,0.0,0.0,prepaid,0.743,0.0,0.0,27.0,0.0,31.86,541.195,"",'132674118819253710803,2026-04-15,11065974342,979b9605-5ca7-4705-a071-ae63b9f40b12,"",Forward,100011245570,100011245570,11504,742.86,5.0,876.0,0.0,876.0,packet_delivered,0.0,0.0,0.0,0.0,0.0,0.0,0.0,0.0,NA,0,874.0
NFT-/XUTR/DEUTH026105A07HCX,71.67,0.0,0.0,3299.0,1505.0,372.939,7.167,0.0,0.0,prepaid,1.433,0.0,0.0,45.0,0.0,53.1,1070.361,"",'132676445435483359401,2026-04-15,11066513601,d2602e46-8369-41b3-ae91-38692f72a69f,"",Forward,100011784805,100011784805,11504,1433.33,5.0,1623.0,0.0,1623.0,packet_delivered,0.0,0.0,0.0,0.0,0.0,0.0,0.0,0.0,NA,0,1676.0
NFT-/XUTR/DEUTH026105A07HCX,0.0,21.55,21.55,1999.0,905.0,234.938,0.0,2.155,2.155,prepaid,0.862,91.0,0.0,0.0,0.0,107.38,-772.27,"",'132660538146534650903,2026-04-15,11063654909,c4d42374-dfa8-4d20-8655-f6f76ec69eca,100147896512,Reverse,100008926311,1000001996942,11504,861.9,5.0,1000.0,0.0,1000.0,return_refund,0.0,0.0,0.0,0.0,0.0,0.0,0.0,0.0,NA,0,998.9999999999999
NFT-/XUTR/DEUTH026105A07HCX,16.48,0.0,0.0,1799.0,340.22,16.058,1.62,0.0,0.0,prepaid,0.324,0.0,0.0,0.0,0.0,0.0,322.218,"",'132647659504520433001,2026-04-15,11061128555,85368bfb-3a7a-4c18-887e-a9e31d8f077c,"",Forward,100006400029,100006400029,11504,329.52,5.0,1359.0,0.0,1359.0,packet_delivered,0.0,0.0,0.0,0.0,0.0,0.0,0.0,0.0,NA,0,439.98
NFT-/XUTR/DEUTH026105A07HCX,82.24,0.0,0.0,1899.0,1727.0,407.572,8.224,0.0,0.0,prepaid,1.645,167.0,0.0,0.0,0.0,197.06,-1506.619,"",'132648190745410669403,2026-04-15,11061253307,3f234bb6-8e83-424b-872e-5154614dde1d,11061253307,Reverse,100006524781,100006524781,11504,1644.76,5.0,1.0,0.0,1.0,exchange,0.0,0.0,0.0,0.0,0.0,0.0,0.0,0.0,NA,0,1898.0
NFT-/XUTR/DEUTH026105A07HCX,22.81,0.0,0.0,1599.0,479.0,22.609,2.281,0.0,0.0,prepaid,0.456,0.0,0.0,27.0,0.0,31.86,421.794,"",'132645558533156415903,2026-04-15,11060732251,7f86c5e7-ee30-4a68-99eb-0bf9b376d97e,"",Forward,100006003740,100006003740,11504,456.19,5.0,1026.0,0.0,1026.0,packet_delivered,0.0,0.0,0.0,0.0,0.0,0.0,0.0,0.0,NA,0,573.0
NFT-/XUTR/DEUTH026105A07HCX,39.43,0.0,0.0,1999.0,828.0,214.949,3.943,0.0,0.0,prepaid,0.789,0.0,0.0,27.0,0.0,31.86,576.459,"",'132668743278154583203,2026-04-15,11065245618,49782b1f-efaa-4a32-ae49-c25bb5bdcdd5,"",Forward,100010516878,100010516878,11504,788.57,5.0,1077.0,0.0,1077.0,packet_delivered,0.0,0.0,0.0,0.0,0.0,0.0,0.0,0.0,NA,0,922.0
NFT-/XUTR/DEUTH026105A07HCX,63.24,0.0,0.0,2999.0,1328.0,329.078,6.324,0.0,0.0,prepaid,1.265,167.0,0.0,0.0,0.0,197.06,-1188.393,"",'132639708915351430801,2026-04-15,11059857283,a7959970-f398-400b-91ed-dc17bf30eeb2,100146291711,Reverse,100005128788,1000001275302,11504,1264.76,5.0,1500.0,0.0,1500.0,return_refund,0.0,0.0,0.0,0.0,0.0,0.0,0.0,0.0,NA,0,1499.0
NFT-/XUTR/DEUTH026105A07HCX,56.95,0.0,0.0,3399.0,1196.0,296.369,5.695,0.0,0.0,prepaid,1.139,0.0,0.0,45.0,0.0,53.1,839.697,"",'132666545773770407503,2026-04-15,11064638184,0265c59f-f9d7-4c39-86ca-de87832dea7b,"",Forward,100009909450,100009909450,11504,1139.05,5.0,2032.0,0.0,2032.0,packet_delivered,0.0,0.0,0.0,0.0,0.0,0.0,0.0,0.0,NA,0,1367.0
NFT-/XUTR/DEUTH026105A07HCX,20.05,0.0,0.0,1650.0,421.0,19.871,2.005,0.0,0.0,prepaid,0.401,0.0,0.0,15.0,0.0,17.7,381.023,"",'132655292601348916003,2026-04-15,11062368302,0579d3c9-c30a-4e4e-b2a5-5f119747153d,"",Forward,100007639749,100007639749,11504,400.95,5.0,1135.0,0.0,1135.0,packet_delivered,0.0,0.0,0.0,0.0,0.0,0.0,0.0,0.0,NA,0,515.0
NFT-/XUTR/DEUTH026105A07HCX,0.0,34.6,34.6,3499.0,1453.0,360.053,0.0,3.4595,3.4595,prepaid,1.384,0.0,0.0,45.0,0.0,53.1,1031.544,"",'132667856121996493501,2026-04-15,11064979133,ff7bd45d-3e49-451e-90b9-15720881a667,"",Forward,100010250393,100010250393,11504,1383.8,5.0,1875.0,0.0,1875.0,packet_delivered,0.0,0.0,0.0,0.0,0.0,0.0,0.0,0.0,NA,0,1623.9899999999998
NFT-/XUTR/DEUTH026105A07HCX,76.52,0.0,0.0,3499.0,1607.0,398.215,7.652,0.0,0.0,prepaid,1.53,91.0,0.0,0.0,0.0,107.38,-1306.983,"",'132667169723484985201,2026-04-15,11064798429,98732a3f-6c6b-430a-823c-bffccfb69661,100146438368,Reverse,100010069689,100010069689,11504,1530.48,5.0,1721.0,0.0,1721.0,return_refund,0.0,0.0,0.0,0.0,0.0,0.0,0.0,0.0,NA,0,1778.0
NFT-/XUTR/DEUTH026105A07HCX,54.48,0.0,0.0,2799.0,1144.0,283.483,5.448,0.0,0.0,prepaid,1.09,0.0,0.0,45.0,0.0,53.1,800.879,"",'132653536138346985101,2026-04-15,11062167179,36881906-b07d-44b4-94e3-631c965dbb35,"",Forward,100007438651,1000001723335,11504,1089.52,5.0,1484.0,0.0,1484.0,packet_delivered,0.0,0.0,0.0,0.0,0.0,0.0,0.0,0.0,NA,0,1315.0
NFT-/XUTR/DEUTH026105A07HCX,0.0,29.19,29.19,3399.0,1226.0,303.803,0.0,2.919,2.919,prepaid,1.168,0.0,0.0,45.0,0.0,53.1,862.091,"",'132676274001494173101,2026-04-15,11066469435,23ad6532-b3c0-47cf-9979-c66cb1542023,"",Forward,100011740639,100011740639,11504,1167.62,5.0,2002.0,0.0,2002.0,packet_delivered,0.0,0.0,0.0,0.0,0.0,0.0,0.0,0.0,NA,0,1397.0
NFT-/XUTR/DEUTH026105A07HCX,63.24,0.0,0.0,2999.0,1328.0,329.078,6.324,0.0,0.0,prepaid,1.265,91.0,0.0,0.0,0.0,107.38,-1098.713,"",'132671321625402688701,2026-04-15,11065438178,69d11187-0adf-4c77-aa3d-6d2f9a4e1358,100146522446,Reverse,100010709438,100010709438,11504,1264.76,5.0,1500.0,0.0,1500.0,return_refund,0.0,0.0,0.0,0.0,0.0,0.0,0.0,0.0,NA,0,1499.0
NFT-/XUTR/DEUTH026105A07HCX,33.19,0.0,0.0,2499.0,697.0,32.898,3.319,0.0,0.0,prepaid,0.664,91.0,0.0,0.0,0.0,107.38,-767.499,"",'132677501358854945101,2026-04-15,11066818497,391a3c4d-06eb-4941-8ed8-79e5f9bb6a27,100148552061,Reverse,100012089701,100012089701,11504,663.81,5.0,1708.0,0.0,1708.0,return_refund,0.0,0.0,0.0,0.0,0.0,0.0,0.0,0.0,NA,0,791.0
NFT-/XUTR/DEUTH026105A07HCX,30.14,0.0,0.0,1999.0,633.0,29.878000000000004,3.014,0.0,0.0,prepaid,0.603,0.0,0.0,27.0,0.0,31.86,567.645,"",'132646657391029224401,2026-04-15,11060891995,8b3687cc-80a3-4316-b944-f6b4bacceda1,"",Forward,100006163477,1000001284858,11504,602.86,5.0,1272.0,0.0,1272.0,packet_delivered,0.0,0.0,0.0,0.0,0.0,0.0,0.0,0.0,NA,0,727.0
NFT-/XUTR/DEUTH026105A07HCX,22.81,0.0,0.0,1599.0,479.0,22.609,2.281,0.0,0.0,prepaid,0.456,0.0,0.0,27.0,0.0,31.86,421.794,"",'132629849097370448603,2026-04-15,11058197109,9c725e2a-e64a-4cf0-9177-d9daa5dd6964,"",Forward,100003468646,1000000462363,11504,456.19,5.0,1026.0,0.0,1026.0,packet_delivered,0.0,0.0,0.0,0.0,0.0,0.0,0.0,0.0,NA,0,573.0
NFT-/XUTR/DEUTH026105A07HCX,55.81,0.0,0.0,2899.0,1077.8400000000001,267.089,5.133,0.0,0.0,prepaid,1.027,103.002,0.0,0.0,0.0,121.54236,-926.133,"",'132654292198516345401,2026-04-15,11062206197,195ce154-c25c-4fcd-8468-a9e30033e4b7,100146663075,Reverse,100007477668,100007477668,11504,1116.19,5.0,1556.0,0.0,1556.0,return_refund,0.0,0.0,0.0,0.0,0.0,0.0,0.0,0.0,NA,0,1343.0
NFT-/XUTR/DEUTH026105A07HCX,35.24,0.0,0.0,2299.0,740.0,34.928,3.524,0.0,0.0,prepaid,0.705,0.0,0.0,27.0,0.0,31.86,668.983,"",'132643088377788985001,2026-04-15,11060607987,85fc473f-cae5-4d3b-a93a-b3f5e3c41e99,"",Forward,100005879476,1000001257571,11504,704.76,5.0,1465.0,0.0,1465.0,packet_delivered,0.0,0.0,0.0,0.0,0.0,0.0,0.0,0.0,NA,0,834.0
NFT-/XUTR/DEUTH026105A07HCX,66.76,0.0,0.0,1850.0,1402.0,330.872,6.676,0.0,0.0,prepaid,1.335,0.0,0.0,45.0,0.0,53.1,1010.017,"",'132667415877033984601,2026-04-15,11064862179,c4608122-e38f-41f5-8ad7-c9dd052eac06,"",Forward,100010133439,1000002333280,11504,1335.24,5.0,277.0,0.0,277.0,packet_delivered,0.0,0.0,0.0,0.0,0.0,0.0,0.0,0.0,NA,0,1573.01
NFT-/XUTR/DEUTH026105A07HCX,90.14,0.0,0.0,2999.0,586.63,145.367,2.793,0.0,0.0,prepaid,0.559,0.0,0.0,13.945,0.0,16.4551,421.456,"",'132661299647410753601,2026-04-15,11063715618,8d7016a9-4ba0-4b23-8633-496b9cb8f29a,"",Forward,100008987020,1000002183812,11504,1802.86,5.0,900.0,0.0,900.0,packet_delivered,0.0,0.0,0.0,0.0,0.0,0.0,0.0,0.0,NA,0,2099.0
NFT-/XUTR/DEUTH026105A07HCX,41.38,0.0,0.0,1899.0,869.0,225.592,4.138,0.0,0.0,prepaid,0.828,0.0,0.0,27.0,0.0,31.86,606.582,"",'132642313965846182301,2026-04-15,11060421526,b2f07f89-c740-4f4d-935e-005fc6e93321,"",Forward,100005693017,100005693017,11504,827.62,5.0,936.0,0.0,936.0,packet_delivered,0.0,0.0,0.0,0.0,0.0,0.0,0.0,0.0,NA,0,963.0
NFT-/XUTR/DEUTH026105A07HCX,27.19,0.0,0.0,2299.0,571.0,26.951,2.719,0.0,0.0,prepaid,0.544,0.0,0.0,7.0,0.0,8.26,532.526,"",'132645960724789708403,2026-04-15,11060776553,2596b30b-6655-4f3c-88b9-a73b464b1e18,"",Forward,100006048042,100006048042,11504,543.81,5.0,1634.0,0.0,1634.0,packet_delivered,0.0,0.0,0.0,0.0,0.0,0.0,0.0,0.0,NA,0,665.0
NFT-/XUTR/DEUTH026105A07HCX,38.33,0.0,0.0,1799.0,805.0,208.978,3.833,0.0,0.0,prepaid,0.767,0.0,0.0,27.0,0.0,31.86,559.562,"",'132629849097370448603,2026-04-15,11058197107,9c725e2a-e64a-4cf0-9177-d9daa5dd6964,"",Forward,100003468644,1000000462363,11504,766.67,5.0,900.0,0.0,900.0,packet_delivered,0.0,0.0,0.0,0.0,0.0,0.0,0.0,0.0,NA,0,899.0
NFT-/XUTR/DEUTH026105A07HCX,35.29,0.0,0.0,3299.0,741.0,34.97500000000001,3.529,0.0,0.0,prepaid,0.706,0.0,0.0,27.0,0.0,31.86,669.93,"",'132650741519454670803,2026-04-15,11061822476,f3f69932-3b5c-4523-815e-dcb0f1e54e36,"",Forward,100007093947,1000001725186,11504,705.71,5.0,2464.0,0.0,2464.0,packet_delivered,0.0,0.0,0.0,0.0,0.0,0.0,0.0,0.0,NA,0,835.0
NFT-/XUTR/DEUTH026105A07HCX,32.48,0.0,0.0,1699.0,50.039,12.99,0.238,0.0,0.0,prepaid,0.048,12.253,0.0,0.0,0.0,14.45854,-51.222,"",'132651094400113079401,2026-04-15,11061915740,b0eb9c06-5fc7-4608-b8de-fd9184a06eea,100146591415,Reverse,100007187211,100007187211,11504,649.52,5.0,923.0,0.0,923.0,return_refund,0.0,0.0,0.0,0.0,0.0,0.0,0.0,0.0,NA,0,775.99
NFT-/XUTR/DEUTH026105A07HCX,70.38,0.0,0.0,3299.0,1478.0,366.248,7.038,0.0,0.0,prepaid,1.408,0.0,0.0,45.0,0.0,53.1,1050.206,"",'132630922059915658803,2026-04-15,11058426805,c59e10f1-ef23-4cd6-908e-0f2fcebca6d5,"",Forward,100003698340,100003698340,11504,1407.62,5.0,1650.0,0.0,1650.0,packet_delivered,0.0,0.0,0.0,0.0,0.0,0.0,0.0,0.0,NA,0,1649.0
NFT-/XUTR/DEUTH026105A07HCX,62.52,0.0,0.0,3199.0,1313.0,325.361,6.252,0.0,0.0,prepaid,1.25,112.0,0.0,0.0,0.0,132.16,-1112.297,"",'132671503929186381101,2026-04-15,11065452230,09a79a0e-af36-4a48-9874-21c2f83411d5,100146808384,Reverse,100010723490,100010723490,11504,1250.48,5.0,1715.0,0.0,1715.0,return_refund,0.0,0.0,0.0,0.0,0.0,0.0,0.0,0.0,NA,0,1484.0
NFT-/XUTR/DEUTH026105A07HCX,23.24,0.0,0.0,1699.0,488.0,23.033999999999995,2.324,0.0,0.0,prepaid,0.465,112.0,0.0,0.0,0.0,132.16,-594.337,"",'132656215833810494201,2026-04-15,11062609579,a2782aa9-7da4-40be-857d-0b68cc011eb4,11062609579,Reverse,100007881017,100007881017,11504,464.76,5.0,1117.0,0.0,1117.0,exchange,0.0,0.0,0.0,0.0,0.0,0.0,0.0,0.0,NA,0,582.0
NFT-/XUTR/DEUTH026105A07HCX,63.24,0.0,0.0,2999.0,1328.0,329.078,6.324,0.0,0.0,prepaid,1.265,0.0,0.0,45.0,0.0,53.1,938.233,"",'132671541124682580803,2026-04-15,11065455542,040e0717-0ae6-4b89-a84e-0d4cf33117d4,"",Forward,100010726802,100010726802,11504,1264.76,5.0,1500.0,0.0,1500.0,packet_delivered,0.0,0.0,0.0,0.0,0.0,0.0,0.0,0.0,NA,0,1499.0
NFT-/XUTR/DEUTH026105A07HCX,19.1,0.0,0.0,1599.0,401.0,18.927,1.91,0.0,0.0,prepaid,0.382,91.0,0.0,0.0,0.0,107.38,-487.161,"",'132681573100794150901,2026-04-15,11067258911,bf5fcc97-707e-425c-ad71-4b213978cf13,11067258911,Reverse,100012530112,1000003082743,11504,381.9,5.0,1104.0,0.0,1104.0,exchange,0.0,0.0,0.0,0.0,0.0,0.0,0.0,0.0,NA,0,495.0
NFT-/XUTR/DEUTH026105A07HCX,48.86,0.0,0.0,2399.0,1026.0,242.136,4.886,0.0,0.0,prepaid,0.977,0.0,0.0,45.0,0.0,53.1,724.901,"",'132670789232908843101,2026-04-15,11065418007,bd171ece-caad-48b1-87d7-dd914f3c944a,"",Forward,100010689267,1000002734971,11504,977.14,5.0,1202.0,0.0,1202.0,packet_delivered,0.0,0.0,0.0,0.0,0.0,0.0,0.0,0.0,NA,0,1197.0
NFT-/XUTR/DEUTH026105A07HCX,32.91,0.0,0.0,1699.0,691.0,179.384,3.29,0.0,0.0,prepaid,0.658,0.0,0.0,27.0,0.0,31.86,475.808,"",'132676867109143281801,2026-04-15,11066632780,1527efb2-e3bf-402d-b9bf-525d0d6378cd,"",Forward,100011903984,100011903984,11504,658.1,5.0,914.0,0.0,914.0,packet_delivered,0.0,0.0,0.0,0.0,0.0,0.0,0.0,0.0,NA,0,785.01
NFT-/XUTR/DEUTH026105A07HCX,19.1,0.0,0.0,1599.0,401.0,18.927,1.91,0.0,0.0,prepaid,0.382,0.0,0.0,15.0,0.0,17.7,362.081,"",'132681573100794150901,2026-04-15,11067258911,bf5fcc97-707e-425c-ad71-4b213978cf13,"",Forward,100012530112,1000003082743,11504,381.9,5.0,1104.0,0.0,1104.0,packet_delivered,0.0,0.0,0.0,0.0,0.0,0.0,0.0,0.0,NA,0,495.0
NFT-/XUTR/DEUTH026105A07HCX,63.29,0.0,0.0,2999.0,209.307,51.866,0.997,0.0,0.0,prepaid,0.199,0.0,0.0,7.087,0.0,8.36266,147.882,"",'132674990651373642001,2026-04-15,11066171677,f2b54612-2236-4fa5-9dd6-464e88a006e3,"",Forward,100011442893,100011442893,11504,1265.71,5.0,1499.0,0.0,1499.0,packet_delivered,0.0,0.0,0.0,0.0,0.0,0.0,0.0,0.0,NA,0,1499.98
NFT-/XUTR/DEUTH026105A07HCX,70.38,0.0,0.0,3299.0,1478.0,366.248,7.038,0.0,0.0,prepaid,1.408,167.0,0.0,0.0,0.0,197.06,-1300.366,"",'132651516376350557103,2026-04-15,11062022594,899fb6d0-3cd1-4e4e-8b97-1f4606021c1f,100147263318,Reverse,100007294065,1000001731083,11504,1407.62,5.0,1650.0,0.0,1650.0,return_refund,0.0,0.0,0.0,0.0,0.0,0.0,0.0,0.0,NA,0,1649.0
NFT-/XUTR/DEUTH026105A07HCX,34.19,0.0,0.0,2899.0,718.0,33.89,3.419,0.0,0.0,prepaid,0.684,0.0,0.0,27.0,0.0,31.86,648.147,"",'132645217343865497503,2026-04-15,11060710129,c2eade73-cbfc-4c5b-b683-d8f6acbe0edb,"",Forward,100005981618,100005981618,11504,683.81,5.0,2087.0,0.0,2087.0,packet_delivered,0.0,0.0,0.0,0.0,0.0,0.0,0.0,0.0,NA,0,812.0
NFT-/XUTR/DEUTH026105A07HCX,61.95,0.0,0.0,2899.0,1301.0,322.388,6.195,0.0,0.0,prepaid,1.239,0.0,0.0,45.0,0.0,53.1,918.078,"",'132668679844583952503,2026-04-15,11065226152,d2af8add-0ec2-4371-b32c-04fb56972788,"",Forward,100010497412,100010497412,11504,1239.05,5.0,1427.0,0.0,1427.0,packet_delivered,0.0,0.0,0.0,0.0,0.0,0.0,0.0,0.0,NA,0,1472.0
NFT-/XUTR/DEUTH026105A07HCX,26.24,0.0,0.0,1750.0,551.0,39.011,2.624,0.0,0.0,prepaid,0.525,167.0,0.0,0.0,0.0,197.06,-705.9,"",'132650424504418396303,2026-04-15,11061748493,e7884242-0906-4c96-be45-ea445b3f9740,11061748493,Reverse,100007019964,100007019964,11504,524.76,5.0,1105.0,0.0,1105.0,exchange,0.0,0.0,0.0,0.0,0.0,0.0,0.0,0.0,NA,0,645.0
NFT-/XUTR/DEUTH026105A07HCX,27.67,0.0,0.0,1999.0,581.0,41.135,2.767,0.0,0.0,prepaid,0.553,0.0,0.0,27.0,0.0,31.86,504.685,"",'132639054090545620701,2026-04-15,11059714615,c06f210b-c024-4e35-ab45-d437c69b8fd2,"",Forward,100004986120,100004986120,11504,553.33,5.0,1324.0,0.0,1324.0,packet_delivered,0.0,0.0,0.0,0.0,0.0,0.0,0.0,0.0,NA,0,675.0
NFT-/XUTR/DEUTH026105A07HCX,31.71,0.0,0.0,1499.0,666.0,172.894,3.171,0.0,0.0,prepaid,0.634,0.0,0.0,27.0,0.0,31.86,457.441,"",'132654182914817861501,2026-04-15,11062196423,be92d3b4-7e86-4334-a4e8-cf9cb9537a7b,"",Forward,100007467894,1000001622577,11504,634.29,5.0,739.0,0.0,739.0,packet_delivered,0.0,0.0,0.0,0.0,0.0,0.0,0.0,0.0,NA,0,760.0
NFT-/XUTR/DEUTH026105A07HCX,29.62,0.0,0.0,1699.0,622.0,44.038,2.962,0.0,0.0,prepaid,0.592,0.0,0.0,27.0,0.0,31.86,542.548,"",'132655689599835527701,2026-04-15,11062462071,f6c29711-2c30-4371-a9a3-a8e2c0ab4e12,"",Forward,100007733512,100007733512,11504,592.38,5.0,983.0,0.0,983.0,packet_delivered,0.0,0.0,0.0,0.0,0.0,0.0,0.0,0.0,NA,0,716.0
NFT-/XUTR/DEUTH026105A07HCX,32.91,0.0,0.0,1699.0,691.0,179.384,3.29,0.0,0.0,prepaid,0.658,91.0,0.0,0.0,0.0,107.38,-615.048,"",'132675806102658467101,2026-04-15,11066353429,8973c48d-dde0-4102-85f4-fd023c94f136,100147245331,Reverse,100011624633,1000002811518,11504,658.1,5.0,914.0,0.0,914.0,return_refund,0.0,0.0,0.0,0.0,0.0,0.0,0.0,0.0,NA,0,785.01
NFT-/XUTR/DEUTH026105A07HCX,62.29,0.0,0.0,3499.0,1308.0,324.122,6.229,0.0,0.0,prepaid,1.246,0.0,0.0,45.0,0.0,53.1,923.303,"",'132643212784696835903,2026-04-15,11060626349,7e406fcc-60b3-48c8-8996-300bf74799f1,"",Forward,100005897838,100005897838,11504,1245.71,5.0,2020.0,0.0,2020.0,packet_delivered,0.0,0.0,0.0,0.0,0.0,0.0,0.0,0.0,NA,0,1479.0
NFT-/XUTR/DEUTH026105A07HCX,26.24,0.0,0.0,1750.0,551.0,39.011,2.624,0.0,0.0,prepaid,0.525,0.0,0.0,27.0,0.0,31.86,476.98,"",'132650424504418396303,2026-04-15,11061748493,e7884242-0906-4c96-be45-ea445b3f9740,"",Forward,100007019964,100007019964,11504,524.76,5.0,1105.0,0.0,1105.0,packet_delivered,0.0,0.0,0.0,0.0,0.0,0.0,0.0,0.0,NA,0,645.0
NFT-/XUTR/DEUTH026105A07HCX,38.1,0.0,0.0,3399.0,800.0,207.68,3.81,0.0,0.0,prepaid,0.762,167.0,0.0,0.0,0.0,197.06,-784.808,"",'132625085402119304901,2026-04-15,11057631603,7e0334de-e2e4-4fb6-a675-2c4e3d499340,11057631603,Reverse,100002903146,100002903146,11504,761.9,5.0,2505.0,0.0,2505.0,exchange,0.0,0.0,0.0,0.0,0.0,0.0,0.0,0.0,NA,0,894.0
NFT-/XUTR/DEUTH026105A07HCX,71.81,0.0,0.0,2399.0,1508.0,355.888,7.181,0.0,0.0,prepaid,1.436,0.0,0.0,45.0,0.0,53.1,1090.395,"",'132665931761842408603,2026-04-15,11064481044,f9e90601-356c-4b7e-8a8e-493da789ab7e,"",Forward,100009752336,1000002262631,11504,1436.19,5.0,720.0,0.0,720.0,packet_delivered,0.0,0.0,0.0,0.0,0.0,0.0,0.0,0.0,NA,0,1679.0
NFT-/XUTR/DEUTH026105A07HCX,37.95,0.0,0.0,2999.0,797.0,37.618,3.795,0.0,0.0,prepaid,0.759,142.0,0.0,0.0,0.0,167.56,-922.388,"",'132275736487327824003,2026-04-15,10973339632,ed0a9f31-115d-4d85-9adf-7cd5aa029436,10973339632,Reverse,8973061378,9852912805,11504,759.05,5.0,2054.0,0.0,2054.0,exchange,0.0,0.0,0.0,0.0,0.0,0.0,0.0,0.0,NA,0,945.02
NFT-/XUTR/DEUTH026105A07HCX,43.1,0.0,0.0,1999.0,905.0,234.938,4.31,0.0,0.0,prepaid,0.862,0.0,0.0,27.0,0.0,31.86,633.03,"",'132647827109815851903,2026-04-15,11061167457,a63e1fdc-bbdb-4bf7-9d3d-ead80d02d115,"",Forward,100006438931,100006438931,11504,861.9,5.0,1000.0,0.0,1000.0,packet_delivered,0.0,0.0,0.0,0.0,0.0,0.0,0.0,0.0,NA,0,999.0
NFT-/XUTR/DEUTH026105A07HCX,35.24,0.0,0.0,2299.0,740.0,34.928,3.524,0.0,0.0,prepaid,0.705,0.0,0.0,27.0,0.0,31.86,668.983,"",'132643088377788985001,2026-04-15,11060607988,85fc473f-cae5-4d3b-a93a-b3f5e3c41e99,"",Forward,100005879477,1000001257571,11504,704.76,5.0,1465.0,0.0,1465.0,packet_delivered,0.0,0.0,0.0,0.0,0.0,0.0,0.0,0.0,NA,0,834.0
NFT-/XUTR/DEUTH026105A07HCX,55.19,0.0,0.0,1899.0,1159.0,273.524,5.519,0.0,0.0,prepaid,1.104,112.0,0.0,0.0,0.0,132.16,-1011.013,"",'132654912905433812901,2026-04-15,11062292724,9f9f127c-d9a4-4139-9baf-91b894820b0b,100148063896,Reverse,100007564190,100007564190,11504,1103.81,5.0,569.0,0.0,569.0,return_refund,0.0,0.0,0.0,0.0,0.0,0.0,0.0,0.0,NA,0,1330.0
NFT-/XUTR/DEUTH026105A07HCX,90.14,0.0,0.0,2999.0,1893.0,469.085,9.014,0.0,0.0,prepaid,1.803,0.0,0.0,45.0,0.0,53.1,1359.998,"",'132646990792448364703,2026-04-15,11060964221,1bb90d89-c371-409a-8015-2dc3cac006d5,"",Forward,100006235700,1000001280076,11504,1802.86,5.0,900.0,0.0,900.0,packet_delivered,0.0,0.0,0.0,0.0,0.0,0.0,0.0,0.0,NA,0,2099.0
NFT-/XUTR/DEUTH026105A07HCX,35.29,0.0,0.0,2799.0,741.0,34.97500000000001,3.529,0.0,0.0,prepaid,0.706,0.0,0.0,27.0,0.0,31.86,669.93,"",'132659771805998641501,2026-04-15,11063477019,c204419c-afdf-45ef-9fb3-3e91743ecf51,"",Forward,100008748421,100008748421,11504,705.71,5.0,1964.0,0.0,1964.0,packet_delivered,0.0,0.0,0.0,0.0,0.0,0.0,0.0,0.0,NA,0,835.0
NFT-/XUTR/DEUTH026105A07HCX,63.24,0.0,0.0,2999.0,1328.0,329.078,6.324,0.0,0.0,prepaid,1.265,0.0,0.0,45.0,0.0,53.1,938.233,"",'132676879640311357401,2026-04-15,11066636684,4d6e4542-a43b-4b1e-ab60-b0b374555775,"",Forward,100011907888,1000003144288,11504,1264.76,5.0,1500.0,0.0,1500.0,packet_delivered,0.0,0.0,0.0,0.0,0.0,0.0,0.0,0.0,NA,0,1499.0
NFT-/XUTR/DEUTH026105A07HCX,34.67,0.0,0.0,1799.0,728.0,188.989,3.467,0.0,0.0,prepaid,0.693,0.0,0.0,27.0,0.0,31.86,502.991,"",'132639375427461744301,2026-04-15,11059784770,d6f12074-b1d1-459a-a8fd-782a4ed17e39,"",Forward,100005056275,1000000915641,11504,693.33,5.0,977.0,0.0,977.0,packet_delivered,0.0,0.0,0.0,0.0,0.0,0.0,0.0,0.0,NA,0,822.0
NFT-/XUTR/DEUTH026105A07HCX,0.0,31.64,31.64,2999.0,1329.0,329.326,0.0,3.1645,3.1645,prepaid,1.266,0.0,0.0,45.0,0.0,53.1,938.979,"",'132666895575280699803,2026-04-15,11064727914,c5d6d426-806b-4181-96d4-843af76326fe,"",Forward,100009999174,1000002678655,11504,1265.72,5.0,1499.0,0.0,1499.0,packet_delivered,0.0,0.0,0.0,0.0,0.0,0.0,0.0,0.0,NA,0,1500.0000000000002
NFT-/XUTR/DEUTH026105A07HCX,20.14,0.0,0.0,1499.0,422.99999999999994,19.966,2.014,0.0,0.0,prepaid,0.403,167.0,0.0,0.0,0.0,197.06,-597.677,"",'132642437132166396503,2026-04-15,11060453708,55024498-32b8-453b-be47-aab049bbc0b1,100146996152,Reverse,100005725197,100005725197,11504,402.86,5.0,1017.0,0.0,1017.0,return_refund,0.0,0.0,0.0,0.0,0.0,0.0,0.0,0.0,NA,0,482.0
NFT-/XUTR/DEUTH026105A07HCX,35.24,0.0,0.0,2699.0,740.0,34.928,3.524,0.0,0.0,prepaid,0.705,167.0,0.0,0.0,0.0,197.06,-897.903,"",'132654301113148079203,2026-04-15,11062207044,a98c1ee6-eaaa-4668-9864-4737313353e8,100146527848,Reverse,100007478515,100007478515,11504,704.76,5.0,1865.0,0.0,1865.0,return_refund,0.0,0.0,0.0,0.0,0.0,0.0,0.0,0.0,NA,0,833.99
NFT-/XUTR/DEUTH026105A07HCX,25.19,0.0,0.0,1650.0,529.0,37.453,2.519,0.0,0.0,prepaid,0.504,0.0,0.0,27.0,0.0,31.86,456.664,"",'132642040986831976301,2026-04-15,11060352078,a643b3ad-2851-43c0-a254-8875a9d6d7e4,"",Forward,100005623569,100005623569,11504,503.81,5.0,1027.0,0.0,1027.0,packet_delivered,0.0,0.0,0.0,0.0,0.0,0.0,0.0,0.0,NA,0,623.0
NFT-/XUTR/DEUTH026105A07HCX,0.0,26.86,26.86,1950.0,1128.0,266.208,0.0,2.6855,2.6855,prepaid,1.074,91.0,0.0,0.0,0.0,107.38,-962.727,"",'132668739706114019803,2026-04-15,11065244709,48d22c3f-6c96-4107-8237-fe92738e23ab,100146798111,Reverse,100010515969,1000002425722,11504,1074.28,5.0,651.0,0.0,651.0,return_refund,0.0,0.0,0.0,0.0,0.0,0.0,0.0,0.0,NA,0,1298.9999999999998
NFT-/XUTR/DEUTH026105A07HCX,55.81,0.0,0.0,2899.0,1172.0,290.422,5.581,0.0,0.0,prepaid,1.116,0.0,0.0,45.0,0.0,53.1,821.781,"",'132638438513979900201,2026-04-15,11059573852,62d96b3e-f650-40a2-bcd7-1dee52ed41cb,"",Forward,100004845363,100004845363,11504,1116.19,5.0,1556.0,0.0,1556.0,packet_delivered,0.0,0.0,0.0,0.0,0.0,0.0,0.0,0.0,NA,0,1343.0
NFT-/XUTR/DEUTH026105A07HCX,59.0,0.0,0.0,2999.0,1239.0,307.024,5.9,0.0,0.0,prepaid,1.18,0.0,0.0,45.0,0.0,53.1,871.796,"",'132648994897946220403,2026-04-15,11061434249,7124c3f4-75a4-4c6e-93d6-178346af5cce,"",Forward,100006705722,100006705722,11504,1180,5.0,1589.0,0.0,1589.0,packet_delivered,0.0,0.0,0.0,0.0,0.0,0.0,0.0,0.0,NA,0,1410.0
NFT-/XUTR/DEUTH026105A07HCX,19.05,0.0,0.0,1699.0,400.0,18.88,1.905,0.0,0.0,prepaid,0.381,91.0,0.0,0.0,0.0,107.38,-486.214,"",'132665931761842408603,2026-04-15,11064481043,f9e90601-356c-4b7e-8a8e-493da789ab7e,100146423684,Reverse,100009752335,1000002262631,11504,380.95,5.0,1205.0,0.0,1205.0,return_refund,0.0,0.0,0.0,0.0,0.0,0.0,0.0,0.0,NA,0,494.0
NFT-/XUTR/DEUTH026105A07HCX,25.52,0.0,0.0,1999.0,536.0,25.299,2.552,0.0,0.0,prepaid,0.51,0.0,0.0,7.0,0.0,8.26,499.379,"",'132667152583829365303,2026-04-15,11064793866,9ff378d9-4891-4ec3-8527-826e496a78dd,"",Forward,100010065126,100010065126,11504,510.48,5.0,1369.0,0.0,1369.0,packet_delivered,0.0,0.0,0.0,0.0,0.0,0.0,0.0,0.0,NA,0,630.0
NFT-/XUTR/DEUTH026105A07HCX,70.38,0.0,0.0,3299.0,1478.0,366.248,7.038,0.0,0.0,prepaid,1.408,167.0,0.0,0.0,0.0,197.06,-1300.366,"",'132648599305964744603,2026-04-15,11061348070,c6e01d54-fcba-48bd-a73a-37299bb1c419,100146600037,Reverse,100006619543,100006619543,11504,1407.62,5.0,1650.0,0.0,1650.0,return_refund,0.0,0.0,0.0,0.0,0.0,0.0,0.0,0.0,NA,0,1649.0
NFT-/XUTR/DEUTH026105A07HCX,63.24,0.0,0.0,2999.0,1328.0,329.078,6.324,0.0,0.0,prepaid,1.265,0.0,0.0,45.0,0.0,53.1,938.233,"",'132641568347615944601,2026-04-15,11060243562,891768aa-f9d3-4e24-a8f2-8d239c536ae8,"",Forward,100005515053,100005515053,11504,1264.76,5.0,1500.0,0.0,1500.0,packet_delivered,0.0,0.0,0.0,0.0,0.0,0.0,0.0,0.0,NA,0,1499.0
NFT-/XUTR/DEUTH026105A07HCX,58.29,0.0,0.0,3100.0,1224.0,303.307,5.829,0.0,0.0,prepaid,1.166,0.0,0.0,45.0,0.0,53.1,860.598,"",'132642786931725919803,2026-04-15,11060544781,cd8f2fc7-cb2c-4e06-ae2d-7bb693305e9b,"",Forward,100005816270,1000001253839,11504,1165.71,5.0,1705.0,0.0,1705.0,packet_delivered,0.0,0.0,0.0,0.0,0.0,0.0,0.0,0.0,NA,0,1394.99
NFT-/XUTR/DEUTH026105A07HCX,55.81,0.0,0.0,2899.0,1172.0,290.422,5.581,0.0,0.0,prepaid,1.116,0.0,0.0,45.0,0.0,53.1,821.781,"",'132661450986245105603,2026-04-15,11063720923,89fa25a4-2f57-43fd-b314-31e6561d824b,"",Forward,100008992325,1000002165491,11504,1116.19,5.0,1556.0,0.0,1556.0,packet_delivered,0.0,0.0,0.0,0.0,0.0,0.0,0.0,0.0,NA,0,1343.0
NFT-/XUTR/DEUTH026105A07HCX,32.91,0.0,0.0,1999.0,691.0,32.615,3.29,0.0,0.0,prepaid,0.658,0.0,0.0,27.0,0.0,31.86,622.577,"",'132668972114981708701,2026-04-15,11065300871,0cbee4a8-8c8d-4015-8b9f-d9181435b0dd,"",Forward,100010572131,100010572131,11504,658.1,5.0,1214.0,0.0,1214.0,packet_delivered,0.0,0.0,0.0,0.0,0.0,0.0,0.0,0.0,NA,0,785.01
NFT-/XUTR/DEUTH026105A07HCX,63.24,0.0,0.0,2999.0,1328.0,329.078,6.324,0.0,0.0,prepaid,1.265,91.0,0.0,0.0,0.0,107.38,-1098.713,"",'132676925589688462201,2026-04-15,11066650463,b34a1bd3-cf6c-4d8e-a6af-f83bfecb7cb1,11066650463,Reverse,100011921667,100011921667,11504,1264.76,5.0,1500.0,0.0,1500.0,exchange,0.0,0.0,0.0,0.0,0.0,0.0,0.0,0.0,NA,0,1499.0
NFT-/XUTR/DEUTH026105A07HCX,36.52,0.0,0.0,2499.0,767.0,36.202,3.652,0.0,0.0,prepaid,0.73,0.0,0.0,27.0,0.0,31.86,694.556,"",'132642453917459126303,2026-04-15,11060458438,196591b5-3367-4c01-91ca-e4a6f1445f62,"",Forward,100005729927,100005729927,11504,730.48,5.0,1638.0,0.0,1638.0,packet_delivered,0.0,0.0,0.0,0.0,0.0,0.0,0.0,0.0,NA,0,861.0
NFT-/XUTR/DEUTH026105A07HCX,68.71,0.0,0.0,1899.0,1443.0,340.548,6.871,0.0,0.0,prepaid,1.374,0.0,0.0,45.0,0.0,53.1,1041.107,"",'132655721083457799801,2026-04-15,11062469896,b21ff4bd-d22f-41e4-b0bb-27f46871f253,"",Forward,100007741336,100007741336,11504,1374.29,5.0,285.0,0.0,285.0,packet_delivered,0.0,0.0,0.0,0.0,0.0,0.0,0.0,0.0,NA,0,1614.0
NFT-/XUTR/DEUTH026105A07HCX,35.14,0.0,0.0,1799.0,738.0,191.585,3.514,0.0,0.0,prepaid,0.703,0.0,0.0,27.0,0.0,31.86,510.338,"",'132667203100540029703,2026-04-15,11064807230,142ab812-4abf-47a6-84c8-99e726da669f,"",Forward,100010078490,1000002322634,11504,702.86,5.0,967.0,0.0,967.0,packet_delivered,0.0,0.0,0.0,0.0,0.0,0.0,0.0,0.0,NA,0,832.0
NFT-/XUTR/DEUTH026105A07HCX,31.91,0.0,0.0,1699.0,670.0,173.932,3.19,0.0,0.0,prepaid,0.638,167.0,0.0,0.0,0.0,197.06,-689.3,"",'132641763411125618901,2026-04-15,11060286957,073f0c39-919d-41a7-bb7f-487b3bdfd3bf,11060286957,Reverse,100005558448,100005558448,11504,638.1,5.0,935.0,0.0,935.0,exchange,0.0,0.0,0.0,0.0,0.0,0.0,0.0,0.0,NA,0,763.99
NFT-/XUTR/DEUTH026105A07HCX,41.19,0.0,0.0,2799.0,865.0,224.554,4.119,0.0,0.0,prepaid,0.824,112.0,0.0,0.0,0.0,132.16,-767.663,"",'132664625156677879903,2026-04-15,11064122054,5606715d-e31f-42b6-b179-24b7f56bdae3,100147494030,Reverse,100009393368,100009393368,11504,823.81,5.0,1840.0,0.0,1840.0,return_refund,0.0,0.0,0.0,0.0,0.0,0.0,0.0,0.0,NA,0,959.0
NFT-/XUTR/DEUTH026105A07HCX,58.48,0.0,0.0,2799.0,243.54000000000002,60.349,1.16,0.0,0.0,prepaid,0.232,18.047,0.0,0.0,0.0,21.29546,-203.094,"",'132674212233349398601,2026-04-15,11065995820,6cd7d891-d016-4e21-b69e-8d29a98e073a,100146743152,Reverse,100011267048,100011267048,11504,1169.52,5.0,1400.0,0.0,1400.0,return_refund,0.0,0.0,0.0,0.0,0.0,0.0,0.0,0.0,NA,0,1399.0
NFT-/XUTR/DEUTH026105A07HCX,37.14,0.0,0.0,1750.0,780.0,147.264,3.714,0.0,0.0,prepaid,0.743,0.0,0.0,27.0,0.0,31.86,596.419,"",'132665142914726098903,2026-04-15,11064269664,3918a958-5acf-4b43-abd2-fb913b8c5cb8,"",Forward,100009540978,100009540978,11504,742.86,5.0,876.0,0.0,876.0,packet_delivered,0.0,0.0,0.0,0.0,0.0,0.0,0.0,0.0,NA,0,874.0
NFT-/XUTR/DEUTH026105A07HCX,34.33,0.0,0.0,2999.0,494.227,23.328,2.353,0.0,0.0,prepaid,0.471,0.0,0.0,18.508,0.0,21.83944,446.236,"",'132657578503318453203,2026-04-15,11062948235,c1536cf4-6f74-403b-abfc-3f4bc82f78b9,"",Forward,100008219648,1000002170310,11504,686.67,5.0,2184.0,0.0,2184.0,packet_delivered,0.0,0.0,0.0,0.0,0.0,0.0,0.0,0.0,NA,0,815.01
NFT-/XUTR/DEUTH026105A07HCX,55.0,0.0,0.0,3299.0,1.62,0.402,0.008,0.0,0.0,prepaid,0.002,0.0,0.0,0.063,0.0,0.07434,1.134,"",'132630990786296037903,2026-04-15,11058440809,7bc0a8c3-7a17-47c9-9a68-40e2595d1410,"",Forward,100003712344,1000000867652,11504,1100,5.0,1973.0,0.0,1973.0,packet_delivered,0.0,0.0,0.0,0.0,0.0,0.0,0.0,0.0,NA,0,1326.0
NFT-/XUTR/DEUTH026105A07HCX,28.52,0.0,0.0,2199.0,599.0,28.273,2.852,0.0,0.0,prepaid,0.57,167.0,0.0,0.0,0.0,197.06,-764.365,"",'132639463337232604001,2026-04-15,11059803854,2c3aa7a8-beaa-4df5-948a-2c51eba35cc6,11059803854,Reverse,100005075359,100005075359,11504,570.48,5.0,1506.0,0.0,1506.0,exchange,0.0,0.0,0.0,0.0,0.0,0.0,0.0,0.0,NA,0,693.0
NFT-/XUTR/DEUTH026105A07HCX,22.86,0.0,0.0,1599.0,479.99999999999994,22.656,2.286,0.0,0.0,prepaid,0.457,167.0,0.0,0.0,0.0,197.06,-651.661,"",'132647681734424109003,2026-04-15,11061133582,bc2c3c5a-5429-49e4-a4d7-88a540d90936,100148742137,Reverse,100006405056,1000001699892,11504,457.14,5.0,1025.0,0.0,1025.0,return_refund,0.0,0.0,0.0,0.0,0.0,0.0,0.0,0.0,NA,0,574.0
NFT-/XUTR/DEUTH026105A07HCX,16.48,0.0,0.0,1799.0,346.0,16.331,1.648,0.0,0.0,prepaid,0.33,0.0,0.0,0.0,0.0,0.0,327.691,"",'132647672708843079001,2026-04-15,11061131523,fd789acb-00c6-4e58-8704-896a5d3c6ad3,"",Forward,100006402997,100006402997,11504,329.52,5.0,1359.0,0.0,1359.0,packet_delivered,0.0,0.0,0.0,0.0,0.0,0.0,0.0,0.0,NA,0,440.0
NFT-/XUTR/DEUTH026105A07HCX,25.57,0.0,0.0,1699.0,537.0,38.02,2.557,0.0,0.0,prepaid,0.511,0.0,0.0,27.0,0.0,31.86,464.052,"",'132648665464538685101,2026-04-15,11061362644,e7e0093c-1f22-487c-8c99-27ba5016748d,"",Forward,100006634117,1000001726285,11504,511.43,5.0,1068.0,0.0,1068.0,packet_delivered,0.0,0.0,0.0,0.0,0.0,0.0,0.0,0.0,NA,0,631.0
NFT-/XUTR/DEUTH026105A07HCX,35.33,0.0,0.0,2399.0,742.0,35.022,3.533,0.0,0.0,prepaid,0.707,0.0,0.0,27.0,0.0,31.86,670.878,"",'132668351231850800301,2026-04-15,11065126191,733dc642-080c-4947-9a4e-0b2e4c8bd42d,"",Forward,100010397451,100010397451,11504,706.67,5.0,1563.0,0.0,1563.0,packet_delivered,0.0,0.0,0.0,0.0,0.0,0.0,0.0,0.0,NA,0,836.0
NFT-/XUTR/DEUTH026105A07HCX,0.0,17.98,17.98,1699.0,755.0,195.998,0.0,1.7975,1.7975,prepaid,0.719,0.0,0.0,27.0,0.0,31.86,522.828,"",'132674566722108602801,2026-04-15,11066078087,3026b9c1-0877-4043-baad-65fff3746bc2,"",Forward,100011349310,100011349310,11504,719.04,5.0,850.0,0.0,850.0,packet_delivered,0.0,0.0,0.0,0.0,0.0,0.0,0.0,0.0,NA,0,849.0
NFT-/XUTR/DEUTH026105A07HCX,56.1,0.0,0.0,2999.0,1178.0,291.908,5.61,0.0,0.0,prepaid,1.122,112.0,0.0,0.0,0.0,132.16,-1011.52,"",'132656392799679898703,2026-04-15,11062658172,416f8cb3-0d90-4a0d-ade6-b6ade0d6fb79,11062658172,Reverse,100007929610,100007929610,11504,1121.9,5.0,1650.0,0.0,1650.0,exchange,0.0,0.0,0.0,0.0,0.0,0.0,0.0,0.0,NA,0,1349.0
NFT-/XUTR/DEUTH026105A07HCX,0.0,28.07,28.07,1899.0,1179.0,278.244,0.0,2.807,2.807,prepaid,1.123,0.0,0.0,45.0,0.0,53.1,840.919,"",'132668739706114019803,2026-04-15,11065244711,48d22c3f-6c96-4107-8237-fe92738e23ab,"",Forward,100010515971,1000002425722,11504,1122.86,5.0,549.0,0.0,549.0,packet_delivered,0.0,0.0,0.0,0.0,0.0,0.0,0.0,0.0,NA,0,1349.9999999999998
NFT-/XUTR/DEUTH026105A07HCX,19.05,0.0,0.0,1699.0,399.99999999999994,18.88,1.905,0.0,0.0,prepaid,0.381,167.0,0.0,0.0,0.0,197.06,-575.894,"",'132655352297293650503,2026-04-15,11062381702,9938b2f2-b438-49a4-8546-5a89775334c7,100147856223,Reverse,100007653149,1000001676013,11504,380.95,5.0,1205.0,0.0,1205.0,return_refund,0.0,0.0,0.0,0.0,0.0,0.0,0.0,0.0,NA,0,494.0
NFT-/XUTR/DEUTH026105A07HCX,63.24,0.0,0.0,2999.0,1328.0,329.078,6.324,0.0,0.0,prepaid,1.265,0.0,0.0,45.0,0.0,53.1,938.233,"",'132639708915351430801,2026-04-15,11059857284,a7959970-f398-400b-91ed-dc17bf30eeb2,"",Forward,100005128789,1000001275302,11504,1264.76,5.0,1500.0,0.0,1500.0,packet_delivered,0.0,0.0,0.0,0.0,0.0,0.0,0.0,0.0,NA,0,1499.0
NFT-/XUTR/DEUTH026105A07HCX,45.95,0.0,0.0,1599.0,965.0,250.514,4.595,0.0,0.0,prepaid,0.919,167.0,0.0,0.0,0.0,197.06,-906.032,"",'132645712928179161003,2026-04-15,11060746899,bb592e9d-a631-4d0b-a97f-14c07fd6cb73,11060746899,Reverse,100006018388,100006018388,11504,919.05,5.0,463.0,0.0,463.0,exchange,0.0,0.0,0.0,0.0,0.0,0.0,0.0,0.0,NA,0,1136.0
NFT-/XUTR/DEUTH026105A07HCX,21.43,0.0,0.0,1499.0,450.0,21.24,2.143,0.0,0.0,prepaid,0.429,0.0,0.0,15.0,0.0,17.7,408.488,"",'132641769342307444703,2026-04-15,11060288343,074b2952-3c3e-425b-b07f-ba40849ea096,"",Forward,100005559834,100005559834,11504,428.57,5.0,955.0,0.0,955.0,packet_delivered,0.0,0.0,0.0,0.0,0.0,0.0,0.0,0.0,NA,0,543.99
NFT-/XUTR/DEUTH026105A07HCX,79.57,0.0,0.0,1999.0,1671.0,394.356,7.957,0.0,0.0,prepaid,1.591,0.0,0.0,45.0,0.0,53.1,1213.996,"",'132651555384196295103,2026-04-15,11062031424,42e0012e-3850-41de-a28f-d3f2bc46032e,"",Forward,100007302895,100007302895,11504,1591.43,5.0,157.0,0.0,157.0,packet_delivered,0.0,0.0,0.0,0.0,0.0,0.0,0.0,0.0,NA,0,1842.01
NFT-/XUTR/DEUTH026105A07HCX,30.67,0.0,0.0,1699.0,644.0,167.182,3.067,0.0,0.0,prepaid,0.613,167.0,0.0,0.0,0.0,197.06,-670.198,"",'132645875717000582601,2026-04-15,11060765500,3e2f0619-da5e-4f56-9ced-16ca71e76e39,100147843482,Reverse,100006036989,1000001189980,11504,613.33,5.0,961.0,0.0,961.0,return_refund,0.0,0.0,0.0,0.0,0.0,0.0,0.0,0.0,NA,0,738.0
NFT-/XUTR/DEUTH026105A07HCX,30.14,0.0,0.0,1999.0,633.0,29.878000000000004,3.014,0.0,0.0,prepaid,0.603,0.0,0.0,27.0,0.0,31.86,567.645,"",'132645329877245616303,2026-04-15,11060715852,b490922e-9488-4203-bf18-d23a37e180e4,"",Forward,100005987341,100005987341,11504,602.86,5.0,1272.0,0.0,1272.0,packet_delivered,0.0,0.0,0.0,0.0,0.0,0.0,0.0,0.0,NA,0,727.0
NFT-/XUTR/DEUTH026105A07HCX,32.57,0.0,0.0,2499.0,684.0,32.285,3.257,0.0,0.0,prepaid,0.651,0.0,0.0,27.0,0.0,31.86,615.947,"",'132637850396551433603,2026-04-15,11059453959,961731bf-29b8-479b-8d41-35b5e0ce6c62,"",Forward,100004725484,100004725484,11504,651.43,5.0,1721.0,0.0,1721.0,packet_delivered,0.0,0.0,0.0,0.0,0.0,0.0,0.0,0.0,NA,0,778.0
NFT-/XUTR/DEUTH026105A07HCX,70.38,0.0,0.0,3299.0,1478.0,366.248,7.038,0.0,0.0,prepaid,1.408,0.0,0.0,45.0,0.0,53.1,1050.206,"",'132651516376350557103,2026-04-15,11062022594,899fb6d0-3cd1-4e4e-8b97-1f4606021c1f,"",Forward,100007294065,1000001731083,11504,1407.62,5.0,1650.0,0.0,1650.0,packet_delivered,0.0,0.0,0.0,0.0,0.0,0.0,0.0,0.0,NA,0,1649.0
NFT-/XUTR/DEUTH026105A07HCX,38.38,0.0,0.0,1799.0,806.0,209.238,3.838,0.0,0.0,prepaid,0.768,91.0,0.0,0.0,0.0,107.38,-699.536,"",'132681737716171212403,2026-04-15,11067302277,e122ca0a-89da-44e2-b85d-967476177f69,11067302277,Reverse,100012573478,100012573478,11504,767.62,5.0,899.0,0.0,899.0,exchange,0.0,0.0,0.0,0.0,0.0,0.0,0.0,0.0,NA,0,900.0
NFT-/XUTR/DEUTH026105A07HCX,34.67,0.0,0.0,2799.0,728.0,34.362,3.467,0.0,0.0,prepaid,0.693,91.0,0.0,0.0,0.0,107.38,-796.858,"",'132629828580637900301,2026-04-15,11058192502,bba5fc6f-7b1a-441a-a88d-8bbaa344f113,11058192502,Reverse,100003464039,100003464039,11504,693.33,5.0,1977.0,0.0,1977.0,exchange,0.0,0.0,0.0,0.0,0.0,0.0,0.0,0.0,NA,0,822.0
NFT-/XUTR/DEUTH026105A07HCX,30.62,0.0,0.0,1999.0,643.0,30.35,3.062,0.0,0.0,prepaid,0.612,167.0,0.0,0.0,0.0,197.06,-806.036,"",'132651106752902101101,2026-04-15,11061919113,9436b367-3a5b-4eac-87fe-60a1ec3f1989,100146801660,Reverse,100007190584,100007190584,11504,612.38,5.0,1262.0,0.0,1262.0,return_refund,0.0,0.0,0.0,0.0,0.0,0.0,0.0,0.0,NA,0,737.0
NFT-/XUTR/DEUTH026105A07HCX,32.57,0.0,0.0,2899.0,684.0,32.285,3.257,0.0,0.0,prepaid,0.651,0.0,0.0,27.0,0.0,31.86,615.947,"",'132649321248403876501,2026-04-15,11061504077,2f6dec55-6428-45c9-a234-121b9ae01bd8,"",Forward,100006775550,100006775550,11504,651.43,5.0,2121.0,0.0,2121.0,packet_delivered,0.0,0.0,0.0,0.0,0.0,0.0,0.0,0.0,NA,0,778.0
NFT-/XUTR/DEUTH026105A07HCX,35.33,0.0,0.0,2399.0,742.0,35.022,3.533,0.0,0.0,prepaid,0.707,91.0,0.0,0.0,0.0,107.38,-810.118,"",'132668351231850800301,2026-04-15,11065126191,733dc642-080c-4947-9a4e-0b2e4c8bd42d,100147334424,Reverse,100010397451,100010397451,11504,706.67,5.0,1563.0,0.0,1563.0,return_refund,0.0,0.0,0.0,0.0,0.0,0.0,0.0,0.0,NA,0,836.0
NFT-/XUTR/DEUTH026105A07HCX,33.19,0.0,0.0,2499.0,697.0,32.898,3.319,0.0,0.0,prepaid,0.664,0.0,0.0,27.0,0.0,31.86,628.259,"",'132651516376350557103,2026-04-15,11062022595,899fb6d0-3cd1-4e4e-8b97-1f4606021c1f,"",Forward,100007294066,1000001731083,11504,663.81,5.0,1708.0,0.0,1708.0,packet_delivered,0.0,0.0,0.0,0.0,0.0,0.0,0.0,0.0,NA,0,791.0
NFT-/XUTR/DEUTH026105A07HCX,20.05,0.0,0.0,1599.0,420.99999999999994,19.871,2.005,0.0,0.0,prepaid,0.401,167.0,0.0,0.0,0.0,197.06,-595.783,"",'132654182914817861501,2026-04-15,11062196419,be92d3b4-7e86-4334-a4e8-cf9cb9537a7b,100149182813,Reverse,100007467890,1000001622577,11504,400.95,5.0,1084.0,0.0,1084.0,return_refund,0.0,0.0,0.0,0.0,0.0,0.0,0.0,0.0,NA,0,515.0
NFT-/XUTR/DEUTH026105A07HCX,63.29,0.0,0.0,2999.0,1329.0,329.326,6.329,0.0,0.0,prepaid,1.266,0.0,0.0,45.0,0.0,53.1,938.979,"",'132676879640311357401,2026-04-15,11066636681,4d6e4542-a43b-4b1e-ab60-b0b374555775,"",Forward,100011907885,1000003144288,11504,1265.71,5.0,1499.0,0.0,1499.0,packet_delivered,0.0,0.0,0.0,0.0,0.0,0.0,0.0,0.0,NA,0,1500.0
NFT-/XUTR/DEUTH026105A07HCX,94.86,0.0,0.0,2999.0,1992.0,493.618,9.486,0.0,0.0,prepaid,1.897,0.0,0.0,45.0,0.0,53.1,1433.899,"",'132656113348514230403,2026-04-15,11062579267,2e2ca51a-3d2a-4e82-89d7-10e045879b8d,"",Forward,100007850705,100007850705,11504,1897.14,5.0,801.0,0.0,801.0,packet_delivered,0.0,0.0,0.0,0.0,0.0,0.0,0.0,0.0,NA,0,2198.0
NFT-/XUTR/DEUTH026105A07HCX,63.24,0.0,0.0,2999.0,1.86,0.461,0.009,0.0,0.0,prepaid,0.002,0.0,0.0,0.063,0.0,0.07434,1.314,"",'132630990786296037903,2026-04-15,11058440810,7bc0a8c3-7a17-47c9-9a68-40e2595d1410,"",Forward,100003712345,1000000867652,11504,1264.76,5.0,1500.0,0.0,1500.0,packet_delivered,0.0,0.0,0.0,0.0,0.0,0.0,0.0,0.0,NA,0,1499.0
NFT-/XUTR/DEUTH026105A07HCX,76.52,0.0,0.0,3499.0,1607.0,398.215,7.652,0.0,0.0,prepaid,1.53,0.0,0.0,45.0,0.0,53.1,1146.503,"",'132640092539730851401,2026-04-15,11059936738,c2d844b6-e5ec-4f82-9ed6-f3df65bdaa04,"",Forward,100005208232,1000001283562,11504,1530.48,5.0,1721.0,0.0,1721.0,packet_delivered,0.0,0.0,0.0,0.0,0.0,0.0,0.0,0.0,NA,0,1778.0
NFT-/XUTR/DEUTH026105A07HCX,39.43,0.0,0.0,1999.0,828.0,214.949,3.943,0.0,0.0,prepaid,0.789,167.0,0.0,0.0,0.0,197.06,-805.379,"",'132649114888866339801,2026-04-15,11061460109,73042ac3-e214-4b09-ba12-33f6f77e4312,100146720920,Reverse,100006731582,100006731582,11504,788.57,5.0,1077.0,0.0,1077.0,return_refund,0.0,0.0,0.0,0.0,0.0,0.0,0.0,0.0,NA,0,922.0
NFT-/XUTR/DEUTH026105A07HCX,20.05,0.0,0.0,1599.0,421.0,19.871,2.005,0.0,0.0,prepaid,0.401,0.0,0.0,15.0,0.0,17.7,381.023,"",'132681573100794150901,2026-04-15,11067258920,bf5fcc97-707e-425c-ad71-4b213978cf13,"",Forward,100012530121,1000003082743,11504,400.95,5.0,1084.0,0.0,1084.0,packet_delivered,0.0,0.0,0.0,0.0,0.0,0.0,0.0,0.0,NA,0,515.0
NFT-/XUTR/DEUTH026105A07HCX,37.29,0.0,0.0,1950.0,783.0,203.267,3.729,0.0,0.0,prepaid,0.746,0.0,0.0,27.0,0.0,31.86,543.398,"",'132639889940532032303,2026-04-15,11059895172,9f09bda4-4ac5-4694-b7f5-be7d4e565731,"",Forward,100005166670,100005166670,11504,745.71,5.0,1073.0,0.0,1073.0,packet_delivered,0.0,0.0,0.0,0.0,0.0,0.0,0.0,0.0,NA,0,877.0
NFT-/XUTR/DEUTH026105A07HCX,20.29,0.0,0.0,1699.0,426.0,20.107,2.029,0.0,0.0,prepaid,0.406,0.0,0.0,15.0,0.0,17.7,385.758,"",'132640064799138163601,2026-04-15,11059931068,7cab2217-4453-4cfa-ac12-5b1621721672,"",Forward,100005202563,100005202563,11504,405.71,5.0,1179.0,0.0,1179.0,packet_delivered,0.0,0.0,0.0,0.0,0.0,0.0,0.0,0.0,NA,0,520.0
NFT-/XUTR/DEUTH026105A07HCX,38.1,0.0,0.0,2999.0,800.0,207.68,3.81,0.0,0.0,prepaid,0.762,0.0,0.0,27.0,0.0,31.86,555.888,"",'132642786931725919803,2026-04-15,11060544783,cd8f2fc7-cb2c-4e06-ae2d-7bb693305e9b,"",Forward,100005816272,1000001253839,11504,761.9,5.0,2105.0,0.0,2105.0,packet_delivered,0.0,0.0,0.0,0.0,0.0,0.0,0.0,0.0,NA,0,894.0
NFT-/XUTR/DEUTH026105A07HCX,33.67,0.0,0.0,2599.0,707.0,33.37,3.367,0.0,0.0,prepaid,0.673,0.0,0.0,27.0,0.0,31.86,637.73,"",'132677161668586803501,2026-04-15,11066722960,d3fe5172-53c8-4ce4-845b-1a8da91a0f6a,"",Forward,100011994164,100011994164,11504,673.33,5.0,1798.0,0.0,1798.0,packet_delivered,0.0,0.0,0.0,0.0,0.0,0.0,0.0,0.0,NA,0,801.0
NFT-/XUTR/DEUTH026105A07HCX,426.05,0.0,0.0,2999.0,865.54,204.267,3.668,0.0,0.0,prepaid,0.734,0.0,0.0,18.904,0.0,22.30672,634.564,"",'132661299647410753601,2026-04-15,11063715617,8d7016a9-4ba0-4b23-8633-496b9cb8f29a,"",Forward,100008987019,1000002183812,11504,2366.95,18.0,0.0,0.0,0.0,packet_delivered,0.0,0.0,0.0,0.0,0.0,0.0,0.0,0.0,NA,0,2999.0
NFT-/XUTR/DEUTH026105A07HCX,35.14,0.0,0.0,1799.0,738.0,191.585,3.514,0.0,0.0,prepaid,0.703,0.0,0.0,27.0,0.0,31.86,510.338,"",'132667576923299352901,2026-04-15,11064903776,de8289e4-f279-4001-9248-3aa08f38664d,"",Forward,100010175036,1000002345266,11504,702.86,5.0,967.0,0.0,967.0,packet_delivered,0.0,0.0,0.0,0.0,0.0,0.0,0.0,0.0,NA,0,832.0
NFT-/XUTR/DEUTH026105A07HCX,17.52,0.0,0.0,1499.0,368.0,17.37,1.752,0.0,0.0,prepaid,0.35,0.0,0.0,0.0,0.0,0.0,348.528,"",'132671284367001243403,2026-04-15,11065435804,0414ca4f-3075-4c83-b1f3-b39c4eb984f8,"",Forward,100010707064,100010707064,11504,350.48,5.0,1037.0,0.0,1037.0,packet_delivered,0.0,0.0,0.0,0.0,0.0,0.0,0.0,0.0,NA,0,462.0
NFT-/XUTR/DEUTH026105A07HCX,37.19,0.0,0.0,1750.0,781.0,202.748,3.719,0.0,0.0,prepaid,0.744,167.0,0.0,0.0,0.0,197.06,-770.849,"",'132640496276368423601,2026-04-15,11060021189,679a8f7a-fee0-4e32-9f18-249584d809d3,11060021189,Reverse,100005292681,1000000989684,11504,743.81,5.0,875.0,0.0,875.0,exchange,0.0,0.0,0.0,0.0,0.0,0.0,0.0,0.0,NA,0,875.01
NFT-/XUTR/DEUTH026105A07HCX,30.33,0.0,0.0,1899.0,637.0,45.1,3.033,0.0,0.0,prepaid,0.607,0.0,0.0,27.0,0.0,31.86,556.4,"",'132651410527594031403,2026-04-15,11061997539,63cf5f6b-527d-4ff9-b92e-b558c0396228,"",Forward,100007269010,100007269010,11504,606.67,5.0,1168.0,0.0,1168.0,packet_delivered,0.0,0.0,0.0,0.0,0.0,0.0,0.0,0.0,NA,0,731.0
NFT-/XUTR/DEUTH026105A07HCX,0.0,26.86,26.86,1950.0,1128.0,266.208,0.0,2.6855,2.6855,prepaid,1.074,0.0,0.0,45.0,0.0,53.1,802.247,"",'132668739706114019803,2026-04-15,11065244709,48d22c3f-6c96-4107-8237-fe92738e23ab,"",Forward,100010515969,1000002425722,11504,1074.28,5.0,651.0,0.0,651.0,packet_delivered,0.0,0.0,0.0,0.0,0.0,0.0,0.0,0.0,NA,0,1298.9999999999998
NFT-/XUTR/DEUTH026105A07HCX,32.48,0.0,0.0,1699.0,682.0,177.047,3.248,0.0,0.0,prepaid,0.65,0.0,0.0,27.0,0.0,31.86,469.195,"",'132642309245999069901,2026-04-15,11060420232,449216af-6cf9-479c-b805-9685c18e214a,"",Forward,100005691723,100005691723,11504,649.52,5.0,923.0,0.0,923.0,packet_delivered,0.0,0.0,0.0,0.0,0.0,0.0,0.0,0.0,NA,0,776.0
NFT-/XUTR/DEUTH026105A07HCX,27.86,0.0,0.0,1799.0,67.31,4.766,0.321,0.0,0.0,prepaid,0.064,0.0,0.0,3.107,0.0,3.66626,58.493,"",'132649363096281383901,2026-04-15,11061512929,0dd414dc-2585-4326-820a-f8edca046810,"",Forward,100006784402,100006784402,11504,557.14,5.0,1120.0,0.0,1120.0,packet_delivered,0.0,0.0,0.0,0.0,0.0,0.0,0.0,0.0,NA,0,679.0
NFT-/XUTR/DEUTH026105A07HCX,23.71,0.0,0.0,1650.0,498.0,23.506,2.371,0.0,0.0,prepaid,0.474,0.0,0.0,27.0,0.0,31.86,439.789,"",'132645875717000582601,2026-04-15,11060765501,3e2f0619-da5e-4f56-9ced-16ca71e76e39,"",Forward,100006036990,1000001189980,11504,474.29,5.0,1058.0,0.0,1058.0,packet_delivered,0.0,0.0,0.0,0.0,0.0,0.0,0.0,0.0,NA,0,592.0
NFT-/XUTR/DEUTH026105A07HCX,36.57,0.0,0.0,1699.0,768.0,199.373,3.657,0.0,0.0,prepaid,0.731,0.0,0.0,27.0,0.0,31.86,532.379,"",'132646838577592149203,2026-04-15,11060929676,6091bac7-ed08-486b-924e-a88b73b0e5be,"",Forward,100006201157,100006201157,11504,731.43,5.0,837.0,0.0,837.0,packet_delivered,0.0,0.0,0.0,0.0,0.0,0.0,0.0,0.0,NA,0,862.0
NFT-/XUTR/DEUTH026105A07HCX,46.57,0.0,0.0,2999.0,978.0,46.162000000000006,4.657,0.0,0.0,prepaid,0.931,331.0,0.0,0.0,0.0,390.58,-1316.83,"",'132641310558678363403,2026-04-15,11060188203,76eea437-024f-452b-aa08-d611cc99e238,100146851013,Reverse,100005459694,100005459694,11504,931.43,5.0,1744.0,0.0,1744.0,return_refund,0.0,0.0,0.0,0.0,0.0,0.0,0.0,0.0,NA,0,1255.0
NFT-/XUTR/DEUTH026105A07HCX,100.14,0.0,0.0,3299.0,1511.3,356.667,7.197,0.0,0.0,prepaid,1.439,0.0,0.0,43.837,0.0,51.72766,1094.269,"",'132643548826532044901,2026-04-15,11060660454,45c7619f-f4c3-4f07-8a48-6c760b22838d,"",Forward,100005931943,100005931943,11504,2002.86,5.0,990.0,0.0,990.0,packet_delivered,0.0,0.0,0.0,0.0,0.0,0.0,0.0,0.0,NA,0,2309.0
NFT-/XUTR/DEUTH026105A07HCX,27.14,0.0,0.0,1799.0,570.0,40.356,2.714,0.0,0.0,prepaid,0.543,0.0,0.0,27.0,0.0,31.86,494.527,"",'132655923824125602403,2026-04-15,11062522755,e7f9b3ff-866c-44a2-9d11-507d82233132,"",Forward,100007794193,100007794193,11504,542.86,5.0,1135.0,0.0,1135.0,packet_delivered,0.0,0.0,0.0,0.0,0.0,0.0,0.0,0.0,NA,0,664.0
NFT-/XUTR/DEUTH026105A07HCX,0.0,31.62,31.62,2999.0,1328.0,329.078,0.0,3.162,3.162,prepaid,1.265,0.0,0.0,45.0,0.0,53.1,938.233,"",'132666456029273880401,2026-04-15,11064614747,c33a2896-99d1-4d66-b413-27f3186e2efd,"",Forward,100009886018,100009886018,11504,1264.76,5.0,1500.0,0.0,1500.0,packet_delivered,0.0,0.0,0.0,0.0,0.0,0.0,0.0,0.0,NA,0,1498.9999999999998
NFT-/XUTR/DEUTH026105A07HCX,38.33,0.0,0.0,1799.0,805.0,208.978,3.833,0.0,0.0,prepaid,0.767,0.0,0.0,27.0,0.0,31.86,559.562,"",'132654447681397385703,2026-04-15,11062223255,cb7a3f75-ac41-4bf7-a9ae-1916b1bbc595,"",Forward,100007494726,100007494726,11504,766.67,5.0,900.0,0.0,900.0,packet_delivered,0.0,0.0,0.0,0.0,0.0,0.0,0.0,0.0,NA,0,899.0
NFT-/XUTR/DEUTH026105A07HCX,63.24,0.0,0.0,2999.0,1328.0,329.078,6.324,0.0,0.0,prepaid,1.265,167.0,0.0,0.0,0.0,197.06,-1188.393,"",'132654080299563147303,2026-04-15,11062188548,7f2a24f5-cc1f-445d-b934-887f9c0a69b4,100146598059,Reverse,100007460019,100007460019,11504,1264.76,5.0,1500.0,0.0,1500.0,return_refund,0.0,0.0,0.0,0.0,0.0,0.0,0.0,0.0,NA,0,1499.0
NFT-/XUTR/DEUTH026105A07HCX,37.57,0.0,0.0,2950.0,789.0,37.241,3.757,0.0,0.0,prepaid,0.751,0.0,0.0,27.0,0.0,31.86,715.391,"",'132649894436058919001,2026-04-15,11061627605,b826a6a2-4bca-49f6-b09a-a3ccd65789b0,"",Forward,100006899076,100006899076,11504,751.43,5.0,2067.0,0.0,2067.0,packet_delivered,0.0,0.0,0.0,0.0,0.0,0.0,0.0,0.0,NA,0,883.0
NFT-/XUTR/DEUTH026105A07HCX,63.24,0.0,0.0,2999.0,1328.0,329.078,6.324,0.0,0.0,prepaid,1.265,91.0,0.0,0.0,0.0,107.38,-1098.713,"",'132672139281679625801,2026-04-15,11065534203,7e7c92e5-60e2-4030-8cab-30c7c44adbfa,11065534203,Reverse,100010805458,100010805458,11504,1264.76,5.0,1500.0,0.0,1500.0,exchange,0.0,0.0,0.0,0.0,0.0,0.0,0.0,0.0,NA,0,1499.0
NFT-/XUTR/DEUTH026105A07HCX,64.38,0.0,0.0,2999.0,1352.0,335.026,6.438,0.0,0.0,prepaid,1.288,167.0,0.0,0.0,0.0,197.06,-1206.308,"",'132645762811907234503,2026-04-15,11060752160,1f3d6997-347d-4d86-96c8-2d051c862897,100146674156,Reverse,100006023649,100006023649,11504,1287.62,5.0,1476.0,0.0,1476.0,return_refund,0.0,0.0,0.0,0.0,0.0,0.0,0.0,0.0,NA,0,1523.01
NFT-/XUTR/DEUTH026105A07HCX,0.0,9.52,9.52,1699.0,400.0,18.88,0.0,0.9525,0.9525,prepaid,0.381,91.0,0.0,0.0,0.0,107.38,-486.214,"",'132681746549905406301,2026-04-15,11067304881,519821d9-0d83-4076-bc7c-14423d33527a,100146876662,Reverse,100012576082,100012576082,11504,380.96,5.0,1205.0,0.0,1205.0,return_refund,0.0,0.0,0.0,0.0,0.0,0.0,0.0,0.0,NA,0,493.99999999999994
NFT-/XUTR/DEUTH026105A07HCX,56.14,0.0,0.0,2999.0,153.639,38.072,0.732,0.0,0.0,prepaid,0.146,0.0,0.0,5.864,0.0,6.91952,107.769,"",'132675021835587110801,2026-04-15,11066178752,dac303a6-91c5-4ea1-bf9e-5b9a9a00b5b9,"",Forward,100011449968,1000003121490,11504,1122.86,5.0,1649.0,0.0,1649.0,packet_delivered,0.0,0.0,0.0,0.0,0.0,0.0,0.0,0.0,NA,0,1350.01
NFT-/XUTR/DEUTH026105A07HCX,63.24,0.0,0.0,2999.0,1328.0,329.078,6.324,0.0,0.0,prepaid,1.265,0.0,0.0,45.0,0.0,53.1,938.233,"",'132643136835146523801,2026-04-15,11060615800,044a0f95-5bc2-4ab6-a85e-d9dbc5f6f710,"",Forward,100005887289,1000001281724,11504,1264.76,5.0,1500.0,0.0,1500.0,packet_delivered,0.0,0.0,0.0,0.0,0.0,0.0,0.0,0.0,NA,0,1499.0
NFT-/XUTR/DEUTH026105A07HCX,41.38,0.0,0.0,1899.0,869.0,225.592,4.138,0.0,0.0,prepaid,0.828,0.0,0.0,27.0,0.0,31.86,606.582,"",'132652488674523867901,2026-04-15,11062140797,eb423d60-d307-41db-9b20-dd5cb131d43d,"",Forward,100007412268,100007412268,11504,827.62,5.0,936.0,0.0,936.0,packet_delivered,0.0,0.0,0.0,0.0,0.0,0.0,0.0,0.0,NA,0,963.0
NFT-/XUTR/DEUTH026105A07HCX,56.81,0.0,0.0,1950.0,1193.0,281.548,5.681,0.0,0.0,prepaid,1.136,167.0,0.0,0.0,0.0,197.06,-1101.695,"",'132638919735877082503,2026-04-15,11059684786,bb13c294-24d0-4d2b-bb55-1f54a44fec9c,100147809109,Reverse,100004956291,100004956291,11504,1136.19,5.0,586.0,0.0,586.0,return_refund,0.0,0.0,0.0,0.0,0.0,0.0,0.0,0.0,NA,0,1364.0
NFT-/XUTR/DEUTH026105A07HCX,20.0,0.0,0.0,1499.0,420.0,19.824,2.0,0.0,0.0,prepaid,0.4,0.0,0.0,15.0,0.0,17.7,380.076,"",'132651344461025973001,2026-04-15,11061981574,7d6e652b-728a-4cc4-940d-48817f0ddc94,"",Forward,100007253045,1000001742787,11504,400,5.0,985.0,0.0,985.0,packet_delivered,0.0,0.0,0.0,0.0,0.0,0.0,0.0,0.0,NA,0,514.0
NFT-/XUTR/DEUTH026105A07HCX,98.62,0.0,0.0,3399.0,2071.0,488.756,9.862,0.0,0.0,prepaid,1.972,0.0,0.0,61.0,0.0,71.98,1498.43,"",'132651698234132766003,2026-04-15,11062059693,105d0dfb-9e75-4744-9c35-52d5ed5bfa92,"",Forward,100007331164,100007331164,11504,1972.38,5.0,1122.0,0.0,1122.0,packet_delivered,0.0,0.0,0.0,0.0,0.0,0.0,0.0,0.0,NA,0,2277.0
NFT-/XUTR/DEUTH026105A07HCX,33.1,0.0,0.0,2999.0,695.0,32.804,3.31,0.0,0.0,prepaid,0.662,0.0,0.0,27.0,0.0,31.86,626.364,"",'132654182859342434303,2026-04-15,11062196417,87952c9e-cf3e-4e7f-909d-987409a42894,"",Forward,100007467888,100007467888,11504,661.9,5.0,2210.0,0.0,2210.0,packet_delivered,0.0,0.0,0.0,0.0,0.0,0.0,0.0,0.0,NA,0,789.0
NFT-/XUTR/DEUTH026105A07HCX,20.05,0.0,0.0,1599.0,420.99999999999994,19.871,2.005,0.0,0.0,prepaid,0.401,167.0,0.0,0.0,0.0,197.06,-595.783,"",'132658064292293011801,2026-04-15,11063059226,ee00c739-9158-4820-89d5-cd1cef18444c,11063059226,Reverse,100008330629,100008330629,11504,400.95,5.0,1084.0,0.0,1084.0,exchange,0.0,0.0,0.0,0.0,0.0,0.0,0.0,0.0,NA,0,514.99
NFT-/XUTR/DEUTH026105A07HCX,18.76,0.0,0.0,1599.0,394.0,18.597,1.876,0.0,0.0,prepaid,0.375,0.0,0.0,0.0,0.0,0.0,373.152,"",'132651185932443747801,2026-04-15,11061940623,f0816de9-a6d8-4fb0-a90e-31871bd06ec7,"",Forward,100007212094,1000001517377,11504,375.24,5.0,1111.0,0.0,1111.0,packet_delivered,0.0,0.0,0.0,0.0,0.0,0.0,0.0,0.0,NA,0,488.0
NFT-/XUTR/DEUTH026105A07HCX,63.24,0.0,0.0,2999.0,1328.0,329.078,6.324,0.0,0.0,prepaid,1.265,0.0,0.0,45.0,0.0,53.1,938.233,"",'132652168112793312403,2026-04-15,11062121218,e639f317-5928-428b-b56f-cd799b97902a,"",Forward,100007392689,100007392689,11504,1264.76,5.0,1500.0,0.0,1500.0,packet_delivered,0.0,0.0,0.0,0.0,0.0,0.0,0.0,0.0,NA,0,1499.0
NFT-/XUTR/DEUTH026105A07HCX,56.1,0.0,0.0,2999.0,1178.0,291.908,5.61,0.0,0.0,prepaid,1.122,167.0,0.0,0.0,0.0,197.06,-1076.42,"",'132646990792448364703,2026-04-15,11060964217,1bb90d89-c371-409a-8015-2dc3cac006d5,100146849161,Reverse,100006235696,1000001280076,11504,1121.9,5.0,1650.0,0.0,1650.0,return_refund,0.0,0.0,0.0,0.0,0.0,0.0,0.0,0.0,NA,0,1349.0
NFT-/XUTR/DEUTH026105A07HCX,70.38,0.0,0.0,3299.0,1478.0,366.248,7.038,0.0,0.0,prepaid,1.408,0.0,0.0,45.0,0.0,53.1,1050.206,"",'132674717823458109603,2026-04-15,11066111937,74e32b33-f947-4253-a3c8-77125de3edce,"",Forward,100011383156,1000003122413,11504,1407.62,5.0,1650.0,0.0,1650.0,packet_delivered,0.0,0.0,0.0,0.0,0.0,0.0,0.0,0.0,NA,0,1649.0
NFT-/XUTR/DEUTH026105A07HCX,34.71,0.0,0.0,2750.0,729.0,34.40899999999999,3.471,0.0,0.0,prepaid,0.694,0.0,0.0,27.0,0.0,31.86,658.566,"",'132660106831743245901,2026-04-15,11063566916,d998d342-fdcc-4a2c-9f09-96624b75a41c,"",Forward,100008838318,100008838318,11504,694.29,5.0,1927.0,0.0,1927.0,packet_delivered,0.0,0.0,0.0,0.0,0.0,0.0,0.0,0.0,NA,0,823.0
NFT-/XUTR/DEUTH026105A07HCX,98.62,0.0,0.0,3399.0,2071.0,488.756,9.862,0.0,0.0,prepaid,1.972,167.0,0.0,0.0,0.0,197.06,-1767.47,"",'132651698234132766003,2026-04-15,11062059693,105d0dfb-9e75-4744-9c35-52d5ed5bfa92,100146685778,Reverse,100007331164,100007331164,11504,1972.38,5.0,1122.0,0.0,1122.0,return_refund,0.0,0.0,0.0,0.0,0.0,0.0,0.0,0.0,NA,0,2277.0
NFT-/XUTR/DEUTH026105A07HCX,51.1,0.0,0.0,1750.0,1073.0,253.228,5.11,0.0,0.0,prepaid,1.022,0.0,0.0,45.0,0.0,53.1,760.54,"",'132645875717000582601,2026-04-15,11060765502,3e2f0619-da5e-4f56-9ced-16ca71e76e39,"",Forward,100006036991,1000001189980,11504,1021.9,5.0,506.0,0.0,506.0,packet_delivered,0.0,0.0,0.0,0.0,0.0,0.0,0.0,0.0,NA,0,1244.0
NFT-/XUTR/DEUTH026105A07HCX,63.29,0.0,0.0,2999.0,1329.0,329.326,6.329,0.0,0.0,prepaid,1.266,0.0,0.0,45.0,0.0,53.1,938.979,"",'132642836146334518203,2026-04-15,11060556821,c4c39ec5-7917-473d-bb1d-ee3c1de626ac,"",Forward,100005828310,100005828310,11504,1265.71,5.0,1499.0,0.0,1499.0,packet_delivered,0.0,0.0,0.0,0.0,0.0,0.0,0.0,0.0,NA,0,1500.0
NFT-/XUTR/DEUTH026105A07HCX,70.38,0.0,0.0,3299.0,1478.0,366.248,7.038,0.0,0.0,prepaid,1.408,0.0,0.0,45.0,0.0,53.1,1050.206,"",'132663888823619897003,2026-04-15,11063929823,d70b9028-0df8-4d27-b28c-c82a27569687,"",Forward,100009201164,100009201164,11504,1407.62,5.0,1650.0,0.0,1650.0,packet_delivered,0.0,0.0,0.0,0.0,0.0,0.0,0.0,0.0,NA,0,1649.0
NFT-/XUTR/DEUTH026105A07HCX,0.0,15.57,15.57,1799.0,654.0,169.778,0.0,1.557,1.557,prepaid,0.623,0.0,0.0,27.0,0.0,31.86,448.625,"",'132672951743055253801,2026-04-15,11065697847,638afc8c-03b4-4732-8353-1ed4b6d24671,"",Forward,100010969077,1000002629940,11504,622.86,5.0,1051.0,0.0,1051.0,packet_delivered,0.0,0.0,0.0,0.0,0.0,0.0,0.0,0.0,NA,0,748.0000000000001
NFT-/XUTR/DEUTH026105A07HCX,28.86,0.0,0.0,3399.0,606.0,28.603,2.886,0.0,0.0,prepaid,0.577,0.0,0.0,27.0,0.0,31.86,542.074,"",'132645249213112958101,2026-04-15,11060711578,8886fa2d-8c82-4afe-88d4-fbfd8b797ae4,"",Forward,100005983067,100005983067,11504,577.14,5.0,2699.0,0.0,2699.0,packet_delivered,0.0,0.0,0.0,0.0,0.0,0.0,0.0,0.0,NA,0,699.99
NFT-/XUTR/DEUTH026105A07HCX,33.19,0.0,0.0,2499.0,697.0,32.898,3.319,0.0,0.0,prepaid,0.664,0.0,0.0,27.0,0.0,31.86,628.259,"",'132669722937530754401,2026-04-15,11065388144,84931786-b31b-4cd0-8a43-e084a430afb4,"",Forward,100010659404,1000002736222,11504,663.81,5.0,1708.0,0.0,1708.0,packet_delivered,0.0,0.0,0.0,0.0,0.0,0.0,0.0,0.0,NA,0,791.0
NFT-/XUTR/DEUTH026105A07HCX,106.81,0.0,0.0,3499.0,2243.0,529.348,10.681,0.0,0.0,prepaid,2.136,0.0,0.0,61.0,0.0,71.98,1628.855,"",'132630076474788984803,2026-04-15,11058247390,0201a307-a6ce-4534-a400-3c991d28d549,"",Forward,100003518926,100003518926,11504,2136.19,5.0,1050.0,0.0,1050.0,packet_delivered,0.0,0.0,0.0,0.0,0.0,0.0,0.0,0.0,NA,0,2449.0
NFT-/XUTR/DEUTH026105A07HCX,25.19,0.0,0.0,2199.0,529.0,24.968999999999998,2.519,0.0,0.0,prepaid,0.504,0.0,0.0,7.0,0.0,8.26,492.748,"",'132639487404191295603,2026-04-15,11059809282,f2adc6bf-09d2-411a-b579-ffd808efa03e,"",Forward,100005080787,100005080787,11504,503.81,5.0,1576.0,0.0,1576.0,packet_delivered,0.0,0.0,0.0,0.0,0.0,0.0,0.0,0.0,NA,0,623.0
NFT-/XUTR/DEUTH026105A07HCX,25.81,0.0,0.0,2200.0,542.0,25.582,2.581,0.0,0.0,prepaid,0.516,0.0,0.0,7.0,0.0,8.26,505.061,"",'132651344461025973001,2026-04-15,11061981572,7d6e652b-728a-4cc4-940d-48817f0ddc94,"",Forward,100007253043,1000001742787,11504,516.19,5.0,1564.0,0.0,1564.0,packet_delivered,0.0,0.0,0.0,0.0,0.0,0.0,0.0,0.0,NA,0,636.0
NFT-/XUTR/DEUTH026105A07HCX,33.19,0.0,0.0,2499.0,5.92,0.279,0.028,0.0,0.0,prepaid,0.006,1.418,0.0,0.0,0.0,1.67324,-7.28,"",'132642513762957667301,2026-04-15,11060474363,744d4158-bbb0-4a90-8da2-5143f1195969,11060474363,Reverse,100005745852,100005745852,11504,663.81,5.0,1708.0,0.0,1708.0,exchange,0.0,0.0,0.0,0.0,0.0,0.0,0.0,0.0,NA,0,791.01
NFT-/XUTR/DEUTH026105A07HCX,41.81,0.0,0.0,2999.0,878.0,227.929,4.181,0.0,0.0,prepaid,0.836,167.0,0.0,0.0,0.0,197.06,-842.114,"",'132614232990752419403,2026-04-15,11055718628,fb871519-90e8-4a4a-a7ae-b52d5e58cc3c,100146583314,Reverse,9055439304,9055439304,11504,836.19,5.0,1950.0,0.0,1950.0,return_refund,0.0,0.0,0.0,0.0,0.0,0.0,0.0,0.0,NA,0,1048.98
NFT-/XUTR/DEUTH026105A07HCX,39.52,0.0,0.0,3499.0,830.0,39.176,3.952,0.0,0.0,prepaid,0.79,0.0,0.0,27.0,0.0,31.86,754.222,"",'132674002263135217903,2026-04-15,11065947287,990af86c-fae8-4f86-82f9-7d9cd30ac058,"",Forward,100011218515,1000003119715,11504,790.48,5.0,2475.0,0.0,2475.0,packet_delivered,0.0,0.0,0.0,0.0,0.0,0.0,0.0,0.0,NA,0,1024.0
NFT-/XUTR/DEUTH026105A07HCX,39.05,0.0,0.0,1799.0,820.0,212.872,3.905,0.0,0.0,prepaid,0.781,0.0,0.0,27.0,0.0,31.86,570.582,"",'132681824155989626303,2026-04-15,11067325916,a6665ff4-fbe5-4876-8341-3061233fa7b8,"",Forward,100012597117,1000003144186,11504,780.95,5.0,885.0,0.0,885.0,packet_delivered,0.0,0.0,0.0,0.0,0.0,0.0,0.0,0.0,NA,0,913.99
NFT-/XUTR/DEUTH026105A07HCX,51.76,0.0,0.0,3399.0,1087.0,269.359,5.176,0.0,0.0,prepaid,1.035,0.0,0.0,45.0,0.0,53.1,758.33,"",'132640866397386629101,2026-04-15,11060096739,e71fc66e-eac2-44ef-a0d1-fb8da3b2e25b,"",Forward,100005368230,100005368230,11504,1035.24,5.0,2141.0,0.0,2141.0,packet_delivered,0.0,0.0,0.0,0.0,0.0,0.0,0.0,0.0,NA,0,1258.0
NFT-/XUTR/DEUTH026105A07HCX,28.86,0.0,0.0,1750.0,606.0,157.318,2.886,0.0,0.0,prepaid,0.577,0.0,0.0,27.0,0.0,31.86,413.359,"",'132658441511753442901,2026-04-15,11063146230,55210324-ee11-4ba9-b60c-4739e6b1fb4a,"",Forward,100008417632,100008417632,11504,577.14,5.0,1050.0,0.0,1050.0,packet_delivered,0.0,0.0,0.0,0.0,0.0,0.0,0.0,0.0,NA,0,700.0
NFT-/XUTR/DEUTH026105A07HCX,31.14,0.0,0.0,1799.0,654.0,169.778,3.114,0.0,0.0,prepaid,0.623,0.0,0.0,27.0,0.0,31.86,448.625,"",'132664077029506647101,2026-04-15,11063973696,4094b698-fc73-4ad0-9ad1-6fb951f0090b,"",Forward,100009245026,100009245026,11504,622.86,5.0,1051.0,0.0,1051.0,packet_delivered,0.0,0.0,0.0,0.0,0.0,0.0,0.0,0.0,NA,0,748.0
NFT-/XUTR/DEUTH026105A07HCX,0.0,16.55,16.55,2699.0,695.0,32.804,0.0,1.655,1.655,prepaid,0.662,0.0,0.0,27.0,0.0,31.86,626.364,"",'132677394426533927301,2026-04-15,11066789094,739b4c3c-22d4-4532-bc3c-a0302ffe9a02,"",Forward,100012060298,100012060298,11504,661.9,5.0,1910.0,0.0,1910.0,packet_delivered,0.0,0.0,0.0,0.0,0.0,0.0,0.0,0.0,NA,0,788.9999999999999
NFT-/XUTR/DEUTH026105A07HCX,33.19,0.0,0.0,2499.0,697.0,32.898,3.319,0.0,0.0,prepaid,0.664,0.0,0.0,27.0,0.0,31.86,628.259,"",'132640611992884171701,2026-04-15,11060044940,2f5963ae-5768-4c64-9da1-b4bc5cdf77d2,"",Forward,100005316432,100005316432,11504,663.81,5.0,1708.0,0.0,1708.0,packet_delivered,0.0,0.0,0.0,0.0,0.0,0.0,0.0,0.0,NA,0,791.0
NFT-/XUTR/DEUTH026105A07HCX,19.05,0.0,0.0,1699.0,400.0,18.88,1.905,0.0,0.0,prepaid,0.381,0.0,0.0,0.0,0.0,0.0,378.834,"",'132654925367864219303,2026-04-15,11062294766,04b0c5b0-abc7-4847-88dd-71cb7e3e3367,"",Forward,100007566229,100007566229,11504,380.95,5.0,1205.0,0.0,1205.0,packet_delivered,0.0,0.0,0.0,0.0,0.0,0.0,0.0,0.0,NA,0,494.0
NFT-/XUTR/DEUTH026105A07HCX,38.1,0.0,0.0,3399.0,800.0,207.68,3.81,0.0,0.0,prepaid,0.762,0.0,0.0,27.0,0.0,31.86,555.888,"",'132625085402119304901,2026-04-15,11057631603,7e0334de-e2e4-4fb6-a675-2c4e3d499340,"",Forward,100002903146,100002903146,11504,761.9,5.0,2505.0,0.0,2505.0,packet_delivered,0.0,0.0,0.0,0.0,0.0,0.0,0.0,0.0,NA,0,894.0
NFT-/XUTR/DEUTH026105A07HCX,37.14,0.0,0.0,1750.0,780.0,202.488,3.714,0.0,0.0,prepaid,0.743,0.0,0.0,27.0,0.0,31.86,541.195,"",'132655717491068699603,2026-04-15,11062468922,17654ca3-c57c-4cbd-84a3-46a2161ba240,"",Forward,100007740362,100007740362,11504,742.86,5.0,876.0,0.0,876.0,packet_delivered,0.0,0.0,0.0,0.0,0.0,0.0,0.0,0.0,NA,0,874.0
NFT-/XUTR/DEUTH026105A07HCX,50.14,0.0,0.0,2699.0,1053.0,260.933,5.014,0.0,0.0,prepaid,1.003,0.0,0.0,45.0,0.0,53.1,732.95,"",'132680874946835303303,2026-04-15,11067099186,d8de2386-ccae-4ccc-86e0-d0903e978f1b,"",Forward,100012370387,100012370387,11504,1002.86,5.0,1475.0,0.0,1475.0,packet_delivered,0.0,0.0,0.0,0.0,0.0,0.0,0.0,0.0,NA,0,1224.0
NFT-/XUTR/DEUTH026105A07HCX,41.81,0.0,0.0,2999.0,878.0,227.929,4.181,0.0,0.0,prepaid,0.836,0.0,0.0,27.0,0.0,31.86,613.194,"",'132614232990752419403,2026-04-15,11055718628,fb871519-90e8-4a4a-a7ae-b52d5e58cc3c,"",Forward,9055439304,9055439304,11504,836.19,5.0,1950.0,0.0,1950.0,packet_delivered,0.0,0.0,0.0,0.0,0.0,0.0,0.0,0.0,NA,0,1048.98
NFT-/XUTR/DEUTH026105A07HCX,35.52,0.0,0.0,1999.0,0.42,0.019999999999999997,0.002,0.0,0.0,prepaid,0.0,0.0,0.0,0.015,0.0,0.0177,0.38,"",'132640310207378134703,2026-04-15,11059982447,e0d1552e-6745-4624-aecd-18eed13320bc,"",Forward,100005253940,1000001277809,11504,710.48,5.0,1159.0,0.0,1159.0,packet_delivered,0.0,0.0,0.0,0.0,0.0,0.0,0.0,0.0,NA,0,840.0
NFT-/XUTR/DEUTH026105A07HCX,106.81,0.0,0.0,3499.0,2243.0,529.348,10.681,0.0,0.0,prepaid,2.136,0.0,0.0,61.0,0.0,71.98,1628.855,"",'132643100100837986003,2026-04-15,11060609903,761b7667-6082-4bf8-8ce2-c1767601c850,"",Forward,100005881392,1000001272266,11504,2136.19,5.0,1050.0,0.0,1050.0,packet_delivered,0.0,0.0,0.0,0.0,0.0,0.0,0.0,0.0,NA,0,2449.0
NFT-/XUTR/DEUTH026105A07HCX,0.0,30.98,30.98,2899.0,1301.0,322.388,0.0,3.0975,3.0975,prepaid,1.239,0.0,0.0,45.0,0.0,53.1,918.078,"",'132657249361328500801,2026-04-15,11062870676,4008a89a-e815-4c85-bfee-8b0d699f39e9,"",Forward,100008142091,1000002161798,11504,1239.04,5.0,1427.0,0.0,1427.0,packet_delivered,0.0,0.0,0.0,0.0,0.0,0.0,0.0,0.0,NA,0,1472.0
NFT-/XUTR/DEUTH026105A07HCX,25.67,0.0,0.0,1599.0,539.0,38.161,2.567,0.0,0.0,prepaid,0.513,0.0,0.0,27.0,0.0,31.86,465.899,"",'132671988589676482901,2026-04-15,11065510285,2fd06862-c932-488b-9b8b-ee82890d3c5d,"",Forward,100010781545,100010781545,11504,513.33,5.0,966.0,0.0,966.0,packet_delivered,0.0,0.0,0.0,0.0,0.0,0.0,0.0,0.0,NA,0,633.0
NFT-/XUTR/DEUTH026105A07HCX,72.86,0.0,0.0,3399.0,1530.0,379.134,7.286,0.0,0.0,prepaid,1.457,0.0,0.0,45.0,0.0,53.1,1089.023,"",'132646224122413480301,2026-04-15,11060814986,d34fd9fe-0dd5-4222-ac9c-44bbe33d057d,"",Forward,100006086474,100006086474,11504,1457.14,5.0,1698.0,0.0,1698.0,packet_delivered,0.0,0.0,0.0,0.0,0.0,0.0,0.0,0.0,NA,0,1701.0
NFT-/XUTR/DEUTH026105A07HCX,35.24,0.0,0.0,2699.0,740.0,34.928,3.524,0.0,0.0,prepaid,0.705,0.0,0.0,27.0,0.0,31.86,668.983,"",'132654301113148079203,2026-04-15,11062207044,a98c1ee6-eaaa-4668-9864-4737313353e8,"",Forward,100007478515,100007478515,11504,704.76,5.0,1865.0,0.0,1865.0,packet_delivered,0.0,0.0,0.0,0.0,0.0,0.0,0.0,0.0,NA,0,833.99
NFT-/XUTR/DEUTH026105A07HCX,0.0,18.57,18.57,1750.0,780.0,202.488,0.0,1.857,1.857,prepaid,0.743,0.0,0.0,27.0,0.0,31.86,541.195,"",'132660538146534650903,2026-04-15,11063654908,c4d42374-dfa8-4d20-8655-f6f76ec69eca,"",Forward,100008926310,1000001996942,11504,742.86,5.0,876.0,0.0,876.0,packet_delivered,0.0,0.0,0.0,0.0,0.0,0.0,0.0,0.0,NA,0,874.0000000000001
NFT-/XUTR/DEUTH026105A07HCX,36.57,0.0,0.0,1699.0,768.0,199.373,3.657,0.0,0.0,prepaid,0.731,167.0,0.0,0.0,0.0,197.06,-761.299,"",'132646838577592149203,2026-04-15,11060929676,6091bac7-ed08-486b-924e-a88b73b0e5be,100147504180,Reverse,100006201157,100006201157,11504,731.43,5.0,837.0,0.0,837.0,return_refund,0.0,0.0,0.0,0.0,0.0,0.0,0.0,0.0,NA,0,862.0
NFT-/XUTR/DEUTH026105A07HCX,100.14,0.0,0.0,3299.0,2103.0,496.308,10.014,0.0,0.0,prepaid,2.003,0.0,0.0,61.0,0.0,71.98,1522.695,"",'132671557096699106103,2026-04-15,11065457039,4307379c-8cd3-451c-b986-454ac38bcac5,"",Forward,100010728299,1000002729658,11504,2002.86,5.0,990.0,0.0,990.0,packet_delivered,0.0,0.0,0.0,0.0,0.0,0.0,0.0,0.0,NA,0,2309.0
NFT-/XUTR/DEUTH026105A07HCX,63.24,0.0,0.0,2999.0,1328.0,329.078,6.324,0.0,0.0,prepaid,1.265,167.0,0.0,0.0,0.0,197.06,-1188.393,"",'132642786931725919803,2026-04-15,11060544786,cd8f2fc7-cb2c-4e06-ae2d-7bb693305e9b,11060544786,Reverse,100005816275,1000001253839,11504,1264.76,5.0,1500.0,0.0,1500.0,exchange,0.0,0.0,0.0,0.0,0.0,0.0,0.0,0.0,NA,0,1498.99
NFT-/XUTR/DEUTH026105A07HCX,0.0,45.91,45.91,2999.0,1928.0,477.758,0.0,4.5905,4.5905,prepaid,1.836,91.0,0.0,0.0,0.0,107.38,-1546.605,"",'132667428826403796801,2026-04-15,11064865538,ea6dad92-d72b-4a6a-ab28-55e03c640636,11064865538,Reverse,100010136798,100010136798,11504,1836.2,5.0,865.0,0.0,865.0,exchange,0.0,0.0,0.0,0.0,0.0,0.0,0.0,0.0,NA,0,2134.01
NFT-/XUTR/DEUTH026105A07HCX,63.24,0.0,0.0,2999.0,1328.0,329.078,6.324,0.0,0.0,prepaid,1.265,0.0,0.0,45.0,0.0,53.1,938.233,"",'132674672719428548601,2026-04-15,11066102151,a428c48e-6098-4bcd-8a99-cfbc6e649e9b,"",Forward,100011373371,100011373371,11504,1264.76,5.0,1500.0,0.0,1500.0,packet_delivered,0.0,0.0,0.0,0.0,0.0,0.0,0.0,0.0,NA,0,1499.0
NFT-/XUTR/DEUTH026105A07HCX,63.29,0.0,0.0,2999.0,1329.0,329.326,6.329,0.0,0.0,prepaid,1.266,167.0,0.0,0.0,0.0,197.06,-1189.139,"",'132655666805937328003,2026-04-15,11062456658,02c8ced1-8937-42c3-9c8d-6d6a94b198fe,100146709787,Reverse,100007728099,1000001743769,11504,1265.71,5.0,1499.0,0.0,1499.0,return_refund,0.0,0.0,0.0,0.0,0.0,0.0,0.0,0.0,NA,0,1500.0
NFT-/XUTR/DEUTH026105A07HCX,75.14,0.0,0.0,3499.0,1578.0,391.028,7.514,0.0,0.0,prepaid,1.503,91.0,0.0,0.0,0.0,107.38,-1285.335,"",'132674746762528087501,2026-04-15,11066118104,be935548-596a-4808-a58a-03724c600daa,100146954116,Reverse,100011389324,100011389324,11504,1502.86,5.0,1750.0,0.0,1750.0,return_refund,0.0,0.0,0.0,0.0,0.0,0.0,0.0,0.0,NA,0,1749.0
NFT-/XUTR/DEUTH026105A07HCX,28.67,0.0,0.0,2499.0,6.54,0.30899999999999994,0.031,0.0,0.0,prepaid,0.006,0.0,0.0,0.054,0.0,0.06372,6.13,"",'132632917241828439603,2026-04-15,11058827404,52ad2f70-d9db-44d1-9ae2-a221921f5519,"",Forward,100004098932,100004098932,11504,573.33,5.0,1779.0,0.0,1779.0,packet_delivered,0.0,0.0,0.0,0.0,0.0,0.0,0.0,0.0,NA,0,719.99
NFT-/XUTR/DEUTH026105A07HCX,19.05,0.0,0.0,1499.0,400.0,18.88,1.905,0.0,0.0,prepaid,0.381,0.0,0.0,0.0,0.0,0.0,378.834,"",'132643120424274186803,2026-04-15,11060613307,3e244a9b-99a5-470f-b8cb-f4982e47eeed,"",Forward,100005884796,100005884796,11504,380.95,5.0,1005.0,0.0,1005.0,packet_delivered,0.0,0.0,0.0,0.0,0.0,0.0,0.0,0.0,NA,0,494.0
NFT-/XUTR/DEUTH026105A07HCX,20.05,0.0,0.0,1599.0,421.0,19.871,2.005,0.0,0.0,prepaid,0.401,0.0,0.0,15.0,0.0,17.7,381.023,"",'132658064292293011801,2026-04-15,11063059226,ee00c739-9158-4820-89d5-cd1cef18444c,"",Forward,100008330629,100008330629,11504,400.95,5.0,1084.0,0.0,1084.0,packet_delivered,0.0,0.0,0.0,0.0,0.0,0.0,0.0,0.0,NA,0,514.99
NFT-/XUTR/DEUTH026105A07HCX,20.05,0.0,0.0,1599.0,421.0,19.871,2.005,0.0,0.0,prepaid,0.401,0.0,0.0,15.0,0.0,17.7,381.023,"",'132650497636862881303,2026-04-15,11061764953,974e282c-50f3-48c8-9a2e-afd08bd61a26,"",Forward,100007036424,100007036424,11504,400.95,5.0,1084.0,0.0,1084.0,packet_delivered,0.0,0.0,0.0,0.0,0.0,0.0,0.0,0.0,NA,0,515.0
NFT-/XUTR/DEUTH026105A07HCX,48.95,0.0,0.0,2999.0,1028.0,242.608,4.895,0.0,0.0,prepaid,0.979,0.0,0.0,45.0,0.0,53.1,726.418,"",'132667203100540029703,2026-04-15,11064807232,142ab812-4abf-47a6-84c8-99e726da669f,"",Forward,100010078492,1000002322634,11504,979.05,5.0,1800.0,0.0,1800.0,packet_delivered,0.0,0.0,0.0,0.0,0.0,0.0,0.0,0.0,NA,0,1199.0
NFT-/XUTR/DEUTH026105A07HCX,32.57,0.0,0.0,2999.0,684.0,32.285,3.257,0.0,0.0,prepaid,0.651,91.0,0.0,0.0,0.0,107.38,-755.187,"",'132654564281447169403,2026-04-15,11062238054,d5822478-5d44-4956-9c81-33db74adc894,100150683315,Reverse,100007509525,100007509525,11504,651.43,5.0,2221.0,0.0,2221.0,return_refund,0.0,0.0,0.0,0.0,0.0,0.0,0.0,0.0,NA,0,778.0
NFT-/XUTR/DEUTH026105A07HCX,63.29,0.0,0.0,2999.0,1329.0,329.326,6.329,0.0,0.0,prepaid,1.266,0.0,0.0,45.0,0.0,53.1,938.979,"",'132642786931725919803,2026-04-15,11060544785,cd8f2fc7-cb2c-4e06-ae2d-7bb693305e9b,"",Forward,100005816274,1000001253839,11504,1265.71,5.0,1499.0,0.0,1499.0,packet_delivered,0.0,0.0,0.0,0.0,0.0,0.0,0.0,0.0,NA,0,1499.99
NFT-/XUTR/DEUTH026105A07HCX,60.91,0.0,0.0,2899.0,1279.0,316.936,6.09,0.0,0.0,prepaid,1.218,167.0,0.0,0.0,0.0,197.06,-1151.816,"",'132646226280217577703,2026-04-15,11060815313,ebfa628f-2482-4109-9b34-1f615825b6a0,100148917448,Reverse,100006086801,100006086801,11504,1218.1,5.0,1449.0,0.0,1449.0,return_refund,0.0,0.0,0.0,0.0,0.0,0.0,0.0,0.0,NA,0,1450.01
NFT-/XUTR/DEUTH026105A07HCX,0.0,38.76,38.76,1799.0,1628.0,384.208,0.0,3.876,3.876,prepaid,1.55,0.0,0.0,45.0,0.0,53.1,1181.39,"",'132668474298551748203,2026-04-15,11065164504,2f7fae6d-18c5-4397-92cc-f00cab7549bb,"",Forward,100010435764,100010435764,11504,1550.48,5.0,0.0,0.0,0.0,packet_delivered,0.0,0.0,0.0,0.0,0.0,0.0,0.0,0.0,NA,0,1799.0
NFT-/XUTR/DEUTH026105A07HCX,33.19,0.0,0.0,2499.0,5.92,0.279,0.028,0.0,0.0,prepaid,0.006,0.0,0.0,0.229,0.0,0.27022,5.337,"",'132642513762957667301,2026-04-15,11060474363,744d4158-bbb0-4a90-8da2-5143f1195969,"",Forward,100005745852,100005745852,11504,663.81,5.0,1708.0,0.0,1708.0,packet_delivered,0.0,0.0,0.0,0.0,0.0,0.0,0.0,0.0,NA,0,791.01
NFT-/XUTR/DEUTH026105A07HCX,28.1,0.0,0.0,1699.0,590.0,153.164,2.81,0.0,0.0,prepaid,0.562,0.0,0.0,27.0,0.0,31.86,401.604,"",'132656955105290057901,2026-04-15,11062797606,aa89dd6c-f677-4308-af30-821e59a2642e,"",Forward,100008069044,100008069044,11504,561.9,5.0,1015.0,0.0,1015.0,packet_delivered,0.0,0.0,0.0,0.0,0.0,0.0,0.0,0.0,NA,0,684.0
NFT-/XUTR/DEUTH026105A07HCX,71.67,0.0,0.0,3299.0,1505.0,372.939,7.167,0.0,0.0,prepaid,1.433,0.0,0.0,45.0,0.0,53.1,1070.361,"",'132680619396601213503,2026-04-15,11067054214,4690cf9f-bfef-4962-9dfc-6dbb54a7424f,"",Forward,100012325415,1000003122373,11504,1433.33,5.0,1623.0,0.0,1623.0,packet_delivered,0.0,0.0,0.0,0.0,0.0,0.0,0.0,0.0,NA,0,1676.0
NFT-/XUTR/DEUTH026105A07HCX,0.0,24.91,24.91,2999.0,1046.0,259.199,0.0,2.4905,2.4905,prepaid,0.996,0.0,0.0,45.0,0.0,53.1,727.724,"",'132668178526438359401,2026-04-15,11065072122,6b444f43-1216-492e-ad1c-33fa616a0c6e,"",Forward,100010343382,1000002727125,11504,996.2,5.0,1782.0,0.0,1782.0,packet_delivered,0.0,0.0,0.0,0.0,0.0,0.0,0.0,0.0,NA,0,1217.02
NFT-/XUTR/DEUTH026105A07HCX,19.05,0.0,0.0,1699.0,274.19,12.942,1.306,0.0,0.0,prepaid,0.261,0.0,0.0,0.0,0.0,0.0,259.681,"",'132657578503318453203,2026-04-15,11062948231,c1536cf4-6f74-403b-abfc-3f4bc82f78b9,"",Forward,100008219644,1000002170310,11504,380.95,5.0,1205.0,0.0,1205.0,packet_delivered,0.0,0.0,0.0,0.0,0.0,0.0,0.0,0.0,NA,0,494.0
NFT-/XUTR/DEUTH026105A07HCX,35.29,0.0,0.0,2799.0,741.0,34.97500000000001,3.529,0.0,0.0,prepaid,0.706,0.0,0.0,27.0,0.0,31.86,669.93,"",'132665199625820406803,2026-04-15,11064285162,ae91bcb8-3db0-4581-bad7-48fbc0cee963,"",Forward,100009556475,100009556475,11504,705.71,5.0,1964.0,0.0,1964.0,packet_delivered,0.0,0.0,0.0,0.0,0.0,0.0,0.0,0.0,NA,0,835.0
NFT-/XUTR/DEUTH026105A07HCX,51.38,0.0,0.0,2499.0,1079.0,267.376,5.138,0.0,0.0,prepaid,1.028,112.0,0.0,0.0,0.0,132.16,-937.618,"",'132647669373312716901,2026-04-15,11061130793,de203d3a-ae50-46f4-80fc-42c7f2de618a,100146445475,Reverse,100006402267,100006402267,11504,1027.62,5.0,1249.0,0.0,1249.0,return_refund,0.0,0.0,0.0,0.0,0.0,0.0,0.0,0.0,NA,0,1250.0
NFT-/XUTR/DEUTH026105A07HCX,36.57,0.0,0.0,1699.0,768.0,199.373,3.657,0.0,0.0,prepaid,0.731,112.0,0.0,0.0,0.0,132.16,-696.399,"",'132648947425096246103,2026-04-15,11061424206,9651cdf7-46ac-4b68-9549-8cf0ba64c1b5,100146946753,Reverse,100006695679,100006695679,11504,731.43,5.0,837.0,0.0,837.0,return_refund,0.0,0.0,0.0,0.0,0.0,0.0,0.0,0.0,NA,0,862.0
NFT-/XUTR/DEUTH026105A07HCX,55.19,0.0,0.0,1899.0,1159.0,273.524,5.519,0.0,0.0,prepaid,1.104,0.0,0.0,45.0,0.0,53.1,825.753,"",'132641331603647355401,2026-04-15,11060192739,05023502-285e-4f54-ac77-bfd98603684f,"",Forward,100005464230,100005464230,11504,1103.81,5.0,569.0,0.0,569.0,packet_delivered,0.0,0.0,0.0,0.0,0.0,0.0,0.0,0.0,NA,0,1330.0
NFT-/XUTR/DEUTH026105A07HCX,113.48,0.0,0.0,3699.0,2383.0,562.388,11.348,0.0,0.0,prepaid,2.27,0.0,0.0,61.0,0.0,71.98,1735.014,"",'132656211163980470901,2026-04-15,11062608143,e39e6b9b-c7d9-47e5-80db-435e39426c79,"",Forward,100007879581,100007879581,11504,2269.52,5.0,1110.0,0.0,1110.0,packet_delivered,0.0,0.0,0.0,0.0,0.0,0.0,0.0,0.0,NA,0,2589.0
NFT-/XUTR/DEUTH026105A07HCX,70.38,0.0,0.0,3299.0,669.145,165.814,3.186,0.0,0.0,prepaid,0.637,0.0,0.0,20.373,0.0,24.04014,475.468,"",'132674947349734680203,2026-04-15,11066161617,6f5db3d3-23af-4b14-ae3f-47653dd1cf7f,"",Forward,100011432833,100011432833,11504,1407.62,5.0,1650.0,0.0,1650.0,packet_delivered,0.0,0.0,0.0,0.0,0.0,0.0,0.0,0.0,NA,0,1648.99
NFT-/XUTR/DEUTH026105A07HCX,32.57,0.0,0.0,2799.0,684.0,32.285,3.257,0.0,0.0,prepaid,0.651,0.0,0.0,27.0,0.0,31.86,615.947,"",'132646328939100673901,2026-04-15,11060831898,c9fbaed8-622a-41f5-a5da-986e98b7ca72,"",Forward,100006103385,100006103385,11504,651.43,5.0,2021.0,0.0,2021.0,packet_delivered,0.0,0.0,0.0,0.0,0.0,0.0,0.0,0.0,NA,0,778.0
NFT-/XUTR/DEUTH026105A07HCX,63.29,0.0,0.0,2999.0,209.30700000000002,51.866,0.997,0.0,0.0,prepaid,0.199,14.332,0.0,0.0,0.0,16.91176,-173.157,"",'132674990651373642001,2026-04-15,11066171677,f2b54612-2236-4fa5-9dd6-464e88a006e3,11066171677,Reverse,100011442893,100011442893,11504,1265.71,5.0,1499.0,0.0,1499.0,exchange,0.0,0.0,0.0,0.0,0.0,0.0,0.0,0.0,NA,0,1499.98
NFT-/XUTR/DEUTH026105A07HCX,87.05,0.0,0.0,1999.0,1828.0,431.408,8.705,0.0,0.0,prepaid,1.741,0.0,0.0,45.0,0.0,53.1,1333.046,"",'132650575915993773003,2026-04-15,11061782958,2cd60b66-ed04-4b09-9f62-b66b3dae6cd5,"",Forward,100007054429,1000001727284,11504,1740.95,5.0,0.0,0.0,0.0,packet_delivered,0.0,0.0,0.0,0.0,0.0,0.0,0.0,0.0,NA,0,1999.0
NFT-/XUTR/DEUTH026105A07HCX,63.24,0.0,0.0,2999.0,1328.0,329.078,6.324,0.0,0.0,prepaid,1.265,167.0,0.0,0.0,0.0,197.06,-1188.393,"",'132643184475742768501,2026-04-15,11060622299,51beb867-8368-44b3-aa39-0fd3be5a8491,100147576285,Reverse,100005893788,100005893788,11504,1264.76,5.0,1500.0,0.0,1500.0,return_refund,0.0,0.0,0.0,0.0,0.0,0.0,0.0,0.0,NA,0,1499.0
NFT-/XUTR/DEUTH026105A07HCX,35.29,0.0,0.0,2599.0,741.0,34.97500000000001,3.529,0.0,0.0,prepaid,0.706,167.0,0.0,0.0,0.0,197.06,-898.85,"",'132655692720037935403,2026-04-15,11062462881,965c415a-44a7-4c04-9749-8054f25eae5a,11062462881,Reverse,100007734322,1000001744927,11504,705.71,5.0,1764.0,0.0,1764.0,exchange,0.0,0.0,0.0,0.0,0.0,0.0,0.0,0.0,NA,0,835.0
NFT-/XUTR/DEUTH026105A07HCX,23.71,0.0,0.0,1650.0,498.0,23.506,2.371,0.0,0.0,prepaid,0.474,0.0,0.0,27.0,0.0,31.86,439.789,"",'132651369372664789101,2026-04-15,11061987747,450914b3-2961-4e49-8982-5437f02d8834,"",Forward,100007259218,1000001527550,11504,474.29,5.0,1058.0,0.0,1058.0,packet_delivered,0.0,0.0,0.0,0.0,0.0,0.0,0.0,0.0,NA,0,592.0
NFT-/XUTR/DEUTH026105A07HCX,56.1,0.0,0.0,2999.0,1178.0,291.908,5.61,0.0,0.0,prepaid,1.122,0.0,0.0,45.0,0.0,53.1,826.26,"",'132656392799679898703,2026-04-15,11062658172,416f8cb3-0d90-4a0d-ade6-b6ade0d6fb79,"",Forward,100007929610,100007929610,11504,1121.9,5.0,1650.0,0.0,1650.0,packet_delivered,0.0,0.0,0.0,0.0,0.0,0.0,0.0,0.0,NA,0,1349.0
NFT-/XUTR/DEUTH026105A07HCX,51.86,0.0,0.0,1799.0,1089.0,257.004,5.186,0.0,0.0,prepaid,1.037,0.0,0.0,45.0,0.0,53.1,772.673,"",'132664966963164432503,2026-04-15,11064220071,05229301-115d-4261-93ee-0cec44e710e0,"",Forward,100009491386,100009491386,11504,1037.14,5.0,539.0,0.0,539.0,packet_delivered,0.0,0.0,0.0,0.0,0.0,0.0,0.0,0.0,NA,0,1260.0
NFT-/XUTR/DEUTH026105A07HCX,77.52,0.0,0.0,1799.0,1628.0,384.208,7.752,0.0,0.0,prepaid,1.55,0.0,0.0,45.0,0.0,53.1,1181.39,"",'132667272441403198701,2026-04-15,11064825600,1749fcbd-b849-415d-bfcd-4b0488a31d31,"",Forward,100010096860,100010096860,11504,1550.48,5.0,0.0,0.0,0.0,packet_delivered,0.0,0.0,0.0,0.0,0.0,0.0,0.0,0.0,NA,0,1799.0
NFT-/XUTR/DEUTH026105A07HCX,32.57,0.0,0.0,2499.0,684.0,32.285,3.257,0.0,0.0,prepaid,0.651,0.0,0.0,27.0,0.0,31.86,615.947,"",'132662786837983814703,2026-04-15,11063763210,d0cf35a2-fedf-484a-a7da-142c01bba437,"",Forward,100009034612,100009034612,11504,651.43,5.0,1721.0,0.0,1721.0,packet_delivered,0.0,0.0,0.0,0.0,0.0,0.0,0.0,0.0,NA,0,778.0
NFT-/XUTR/DEUTH026105A07HCX,118.71,0.0,0.0,2999.0,2493.0,588.348,11.871,0.0,0.0,prepaid,2.374,167.0,0.0,0.0,0.0,197.06,-2087.467,"",'132646990792448364703,2026-04-15,11060964211,1bb90d89-c371-409a-8015-2dc3cac006d5,100146849427,Reverse,100006235690,1000001280076,11504,2374.29,5.0,300.0,0.0,300.0,return_refund,0.0,0.0,0.0,0.0,0.0,0.0,0.0,0.0,NA,0,2699.0
NFT-/XUTR/DEUTH026105A07HCX,0.0,15.36,15.36,2299.0,645.0,30.443999999999996,0.0,1.5355,1.5355,prepaid,0.614,0.0,0.0,27.0,0.0,31.86,579.011,"",'132681423512442222703,2026-04-15,11067221280,def191d4-714b-45a6-8650-41e524377670,"",Forward,100012492481,100012492481,11504,614.28,5.0,1560.0,0.0,1560.0,packet_delivered,0.0,0.0,0.0,0.0,0.0,0.0,0.0,0.0,NA,0,739.0
NFT-/XUTR/DEUTH026105A07HCX,63.24,0.0,0.0,2999.0,1328.0,329.078,6.324,0.0,0.0,prepaid,1.265,167.0,0.0,0.0,0.0,197.06,-1188.393,"",'132639411556826488003,2026-04-15,11059792398,466c712f-45b5-446b-ad91-bf4ae78444ab,100147089624,Reverse,100005063903,100005063903,11504,1264.76,5.0,1500.0,0.0,1500.0,return_refund,0.0,0.0,0.0,0.0,0.0,0.0,0.0,0.0,NA,0,1499.0
NFT-/XUTR/DEUTH026105A07HCX,70.14,0.0,0.0,3499.0,1473.0,365.009,7.014,0.0,0.0,prepaid,1.403,0.0,0.0,45.0,0.0,53.1,1046.474,"",'132663376893861062801,2026-04-15,11063832332,97dc235b-8e34-4051-b41c-ee98ac0a2645,"",Forward,100009103733,100009103733,11504,1402.86,5.0,1855.0,0.0,1855.0,packet_delivered,0.0,0.0,0.0,0.0,0.0,0.0,0.0,0.0,NA,0,1644.0
NFT-/XUTR/DEUTH026105A07HCX,0.0,45.07,45.07,2999.0,1893.0,469.085,0.0,4.507,4.507,prepaid,1.803,0.0,0.0,45.0,0.0,53.1,1359.998,"",'132669608537202101103,2026-04-15,11065381372,4b1d2fc2-3dcc-41c2-9502-c595d706b09b,"",Forward,100010652632,100010652632,11504,1802.86,5.0,900.0,0.0,900.0,packet_delivered,0.0,0.0,0.0,0.0,0.0,0.0,0.0,0.0,NA,0,2098.99
NFT-/XUTR/DEUTH026105A07HCX,56.1,0.0,0.0,2999.0,1178.0,291.908,5.61,0.0,0.0,prepaid,1.122,0.0,0.0,45.0,0.0,53.1,826.26,"",'132673003662191471103,2026-04-15,11065710280,f72faa79-d229-43ca-b74f-defce7340de0,"",Forward,100010981510,100010981510,11504,1121.9,5.0,1650.0,0.0,1650.0,packet_delivered,0.0,0.0,0.0,0.0,0.0,0.0,0.0,0.0,NA,0,1349.0
NFT-/XUTR/DEUTH026105A07HCX,56.1,0.0,0.0,2999.0,1178.0,291.908,5.61,0.0,0.0,prepaid,1.122,0.0,0.0,45.0,0.0,53.1,826.26,"",'132641126110537944401,2026-04-15,11060149094,deb5d261-f00b-4dd0-8cdb-798b2acfb3c6,"",Forward,100005420585,100005420585,11504,1121.9,5.0,1650.0,0.0,1650.0,packet_delivered,0.0,0.0,0.0,0.0,0.0,0.0,0.0,0.0,NA,0,1349.0
NFT-/XUTR/DEUTH026105A07HCX,33.1,0.0,0.0,2999.0,695.0,32.804,3.31,0.0,0.0,prepaid,0.662,112.0,0.0,0.0,0.0,132.16,-790.384,"",'132654182859342434303,2026-04-15,11062196417,87952c9e-cf3e-4e7f-909d-987409a42894,100147456908,Reverse,100007467888,100007467888,11504,661.9,5.0,2210.0,0.0,2210.0,return_refund,0.0,0.0,0.0,0.0,0.0,0.0,0.0,0.0,NA,0,789.0
NFT-/XUTR/DEUTH026105A07HCX,36.24,0.0,0.0,2499.0,761.0,35.919,3.624,0.0,0.0,prepaid,0.725,0.0,0.0,27.0,0.0,31.86,688.872,"",'132648309811574246203,2026-04-15,11061282247,1ed06109-01ce-4216-ad79-eee114d669b0,"",Forward,100006553722,100006553722,11504,724.76,5.0,1644.0,0.0,1644.0,packet_delivered,0.0,0.0,0.0,0.0,0.0,0.0,0.0,0.0,NA,0,855.0
NFT-/XUTR/DEUTH026105A07HCX,63.24,0.0,0.0,2999.0,1328.0,329.078,6.324,0.0,0.0,prepaid,1.265,0.0,0.0,45.0,0.0,53.1,938.233,"",'132654080299563147303,2026-04-15,11062188548,7f2a24f5-cc1f-445d-b934-887f9c0a69b4,"",Forward,100007460019,100007460019,11504,1264.76,5.0,1500.0,0.0,1500.0,packet_delivered,0.0,0.0,0.0,0.0,0.0,0.0,0.0,0.0,NA,0,1499.0
NFT-/XUTR/DEUTH026105A07HCX,37.14,0.0,0.0,1750.0,780.0,202.488,3.714,0.0,0.0,prepaid,0.743,167.0,0.0,0.0,0.0,197.06,-770.115,"",'132640496276368423601,2026-04-15,11060021187,679a8f7a-fee0-4e32-9f18-249584d809d3,100147075611,Reverse,100005292680,1000000989684,11504,742.86,5.0,876.0,0.0,876.0,return_refund,0.0,0.0,0.0,0.0,0.0,0.0,0.0,0.0,NA,0,874.01
NFT-/XUTR/DEUTH026105A07HCX,32.91,0.0,0.0,1699.0,630.84,163.766,3.004,0.0,0.0,prepaid,0.601,0.0,0.0,24.649,0.0,29.08582,434.383,"",'132671566590820154001,2026-04-15,11065457974,c06234ab-b644-44a4-99d8-718ab7d7b047,"",Forward,100010729234,100010729234,11504,658.1,5.0,914.0,0.0,914.0,packet_delivered,0.0,0.0,0.0,0.0,0.0,0.0,0.0,0.0,NA,0,785.01
NFT-/XUTR/DEUTH026105A07HCX,16.71,0.0,0.0,1599.0,351.0,16.567,1.671,0.0,0.0,prepaid,0.334,0.0,0.0,0.0,0.0,0.0,332.428,"",'132637321915560206401,2026-04-15,11059372064,37a59e34-d4bf-429a-a46f-782a89395f08,"",Forward,100004643591,100004643591,11504,334.29,5.0,1154.0,0.0,1154.0,packet_delivered,0.0,0.0,0.0,0.0,0.0,0.0,0.0,0.0,NA,0,445.0
NFT-/XUTR/DEUTH026105A07HCX,33.57,0.0,0.0,1599.0,705.0,183.018,3.357,0.0,0.0,prepaid,0.671,0.0,0.0,27.0,0.0,31.86,486.094,"",'132644566684084278901,2026-04-15,11060692187,e2168aff-11a1-4ba3-8afd-dd5e66bfd7d7,"",Forward,100005963676,100005963676,11504,671.43,5.0,800.0,0.0,800.0,packet_delivered,0.0,0.0,0.0,0.0,0.0,0.0,0.0,0.0,NA,0,799.0
NFT-/XUTR/DEUTH026105A07HCX,0.0,45.91,45.91,2999.0,1928.0,477.758,0.0,4.5905,4.5905,prepaid,1.836,0.0,0.0,45.0,0.0,53.1,1386.125,"",'132667428826403796801,2026-04-15,11064865538,ea6dad92-d72b-4a6a-ab28-55e03c640636,"",Forward,100010136798,100010136798,11504,1836.2,5.0,865.0,0.0,865.0,packet_delivered,0.0,0.0,0.0,0.0,0.0,0.0,0.0,0.0,NA,0,2134.01
NFT-/XUTR/DEUTH026105A07HCX,49.81,0.0,0.0,2999.0,1046.0,259.199,4.981,0.0,0.0,prepaid,0.996,0.0,0.0,45.0,0.0,53.1,727.724,"",'132669722937530754401,2026-04-15,11065388145,84931786-b31b-4cd0-8a43-e084a430afb4,"",Forward,100010659405,1000002736222,11504,996.19,5.0,1782.0,0.0,1782.0,packet_delivered,0.0,0.0,0.0,0.0,0.0,0.0,0.0,0.0,NA,0,1217.0
NFT-/XUTR/DEUTH026105A07HCX,90.86,0.0,0.0,4499.0,1908.0,472.802,9.086,0.0,0.0,prepaid,1.817,0.0,0.0,45.0,0.0,53.1,1371.195,"",'132648324686907698703,2026-04-15,11061285476,d5e34d63-a691-4c8c-9e66-e5584c0b3ee4,"",Forward,100006556950,100006556950,11504,1817.14,5.0,2385.0,0.0,2385.0,packet_delivered,0.0,0.0,0.0,0.0,0.0,0.0,0.0,0.0,NA,0,2113.98
NFT-/XUTR/DEUTH026105A07HCX,31.91,0.0,0.0,1699.0,670.0,173.932,3.19,0.0,0.0,prepaid,0.638,0.0,0.0,27.0,0.0,31.86,460.38,"",'132641763411125618901,2026-04-15,11060286957,073f0c39-919d-41a7-bb7f-487b3bdfd3bf,"",Forward,100005558448,100005558448,11504,638.1,5.0,935.0,0.0,935.0,packet_delivered,0.0,0.0,0.0,0.0,0.0,0.0,0.0,0.0,NA,0,763.99
NFT-/XUTR/DEUTH026105A07HCX,59.0,0.0,0.0,2999.0,1239.0,307.024,5.9,0.0,0.0,prepaid,1.18,0.0,0.0,45.0,0.0,53.1,871.796,"",'132642523883614288803,2026-04-15,11060477111,6e9d0c10-f52d-4389-b355-6b8f32531184,"",Forward,100005748600,100005748600,11504,1180,5.0,1589.0,0.0,1589.0,packet_delivered,0.0,0.0,0.0,0.0,0.0,0.0,0.0,0.0,NA,0,1410.0
NFT-/XUTR/DEUTH026105A07HCX,63.29,0.0,0.0,2999.0,1329.0,329.326,6.329,0.0,0.0,prepaid,1.266,167.0,0.0,0.0,0.0,197.06,-1189.139,"",'132656033787214099903,2026-04-15,11062554371,76139a21-1e5a-4891-b6ea-5102ee8ffc9d,100146611450,Reverse,100007825809,100007825809,11504,1265.71,5.0,1499.0,0.0,1499.0,return_refund,0.0,0.0,0.0,0.0,0.0,0.0,0.0,0.0,NA,0,1500.0
NFT-/XUTR/DEUTH026105A07HCX,0.0,10.38,10.38,1650.0,436.0,20.579,0.0,1.038,1.038,prepaid,0.415,0.0,0.0,19.0,0.0,22.42,390.51,"",'132668088409075698103,2026-04-15,11065045401,14201405-6913-416a-be1a-bd82b830ed17,"",Forward,100010316661,100010316661,11504,415.24,5.0,1155.0,0.0,1155.0,packet_delivered,0.0,0.0,0.0,0.0,0.0,0.0,0.0,0.0,NA,0,495.0
NFT-/XUTR/DEUTH026105A07HCX,20.05,0.0,0.0,1599.0,288.58,13.621,1.374,0.0,0.0,prepaid,0.275,0.0,0.0,10.282,0.0,12.13276,261.177,"",'132657578503318453203,2026-04-15,11062948230,c1536cf4-6f74-403b-abfc-3f4bc82f78b9,"",Forward,100008219643,1000002170310,11504,400.95,5.0,1084.0,0.0,1084.0,packet_delivered,0.0,0.0,0.0,0.0,0.0,0.0,0.0,0.0,NA,0,515.0
NFT-/XUTR/DEUTH026105A07HCX,20.05,0.0,0.0,1599.0,421.0,19.871,2.005,0.0,0.0,prepaid,0.401,0.0,0.0,15.0,0.0,17.7,381.023,"",'132656332846877401801,2026-04-15,11062642967,6e175444-1f22-48e5-be2e-11a80e4b740f,"",Forward,100007914405,100007914405,11504,400.95,5.0,1084.0,0.0,1084.0,packet_delivered,0.0,0.0,0.0,0.0,0.0,0.0,0.0,0.0,NA,0,515.0
NFT-/XUTR/DEUTH026105A07HCX,63.24,0.0,0.0,2999.0,1328.0,329.078,6.324,0.0,0.0,prepaid,1.265,91.0,0.0,0.0,0.0,107.38,-1098.713,"",'132674918866538742801,2026-04-15,11066155348,f57662ec-ab3d-47f6-bdd0-6c580c5f4ded,100148200760,Reverse,100011426564,100011426564,11504,1264.76,5.0,1500.0,0.0,1500.0,return_refund,0.0,0.0,0.0,0.0,0.0,0.0,0.0,0.0,NA,0,1499.0
NFT-/XUTR/DEUTH026105A07HCX,100.14,0.0,0.0,3299.0,2103.0,496.308,10.014,0.0,0.0,prepaid,2.003,0.0,0.0,61.0,0.0,71.98,1522.695,"",'132646990792448364703,2026-04-15,11060964213,1bb90d89-c371-409a-8015-2dc3cac006d5,"",Forward,100006235692,1000001280076,11504,2002.86,5.0,990.0,0.0,990.0,packet_delivered,0.0,0.0,0.0,0.0,0.0,0.0,0.0,0.0,NA,0,2309.0
NFT-/XUTR/DEUTH026105A07HCX,18.81,0.0,0.0,1799.0,395.0,18.644,1.881,0.0,0.0,prepaid,0.376,0.0,0.0,0.0,0.0,0.0,374.099,"",'132671318563653703601,2026-04-15,11065437999,f9ae689f-a66a-4a78-82ab-e366e3a21ba8,"",Forward,100010709259,100010709259,11504,376.19,5.0,1310.0,0.0,1310.0,packet_delivered,0.0,0.0,0.0,0.0,0.0,0.0,0.0,0.0,NA,0,489.0
NFT-/XUTR/DEUTH026105A07HCX,63.29,0.0,0.0,2999.0,1329.0,329.326,6.329,0.0,0.0,prepaid,1.266,0.0,0.0,45.0,0.0,53.1,938.979,"",'132676453969368856903,2026-04-15,11066515981,caa304a1-6dfd-40ae-8eaf-09fbf9d0d944,"",Forward,100011787185,100011787185,11504,1265.71,5.0,1499.0,0.0,1499.0,packet_delivered,0.0,0.0,0.0,0.0,0.0,0.0,0.0,0.0,NA,0,1500.0
NFT-/XUTR/DEUTH026105A07HCX,80.91,0.0,0.0,1999.0,1699.0,400.964,8.09,0.0,0.0,prepaid,1.618,0.0,0.0,45.0,0.0,53.1,1235.228,"",'132654462033813272401,2026-04-15,11062224923,7495e266-347d-46c8-9689-55a45fd03c6f,"",Forward,100007496394,100007496394,11504,1618.1,5.0,129.0,0.0,129.0,packet_delivered,0.0,0.0,0.0,0.0,0.0,0.0,0.0,0.0,NA,0,1870.01
NFT-/XUTR/DEUTH026105A07HCX,41.38,0.0,0.0,1899.0,869.0,225.592,4.138,0.0,0.0,prepaid,0.828,0.0,0.0,27.0,0.0,31.86,606.582,"",'132651340014978669603,2026-04-15,11061980457,2315a3b2-3b55-4693-bc3f-af6123b7e50e,"",Forward,100007251928,100007251928,11504,827.62,5.0,936.0,0.0,936.0,packet_delivered,0.0,0.0,0.0,0.0,0.0,0.0,0.0,0.0,NA,0,963.0
NFT-/XUTR/DEUTH026105A07HCX,20.05,0.0,0.0,1599.0,421.0,19.871,2.005,0.0,0.0,prepaid,0.401,0.0,0.0,15.0,0.0,17.7,381.023,"",'132643060559381742901,2026-04-15,11060603253,29b67f0f-5b81-4e2b-b9e4-90d0c5c77fcb,"",Forward,100005874742,100005874742,11504,400.95,5.0,1084.0,0.0,1084.0,packet_delivered,0.0,0.0,0.0,0.0,0.0,0.0,0.0,0.0,NA,0,514.99
NFT-/XUTR/DEUTH026105A07HCX,76.52,0.0,0.0,3499.0,1607.0,398.215,7.652,0.0,0.0,prepaid,1.53,0.0,0.0,45.0,0.0,53.1,1146.503,"",'132667169723484985201,2026-04-15,11064798429,98732a3f-6c6b-430a-823c-bffccfb69661,"",Forward,100010069689,100010069689,11504,1530.48,5.0,1721.0,0.0,1721.0,packet_delivered,0.0,0.0,0.0,0.0,0.0,0.0,0.0,0.0,NA,0,1778.0
NFT-/XUTR/DEUTH026105A07HCX,19.05,0.0,0.0,1699.0,400.0,18.88,1.905,0.0,0.0,prepaid,0.381,91.0,0.0,0.0,0.0,107.38,-486.214,"",'132675806102658467101,2026-04-15,11066353425,8973c48d-dde0-4102-85f4-fd023c94f136,100147245458,Reverse,100011624629,1000002811518,11504,380.95,5.0,1205.0,0.0,1205.0,return_refund,0.0,0.0,0.0,0.0,0.0,0.0,0.0,0.0,NA,0,494.0
NFT-/XUTR/DEUTH026105A07HCX,19.05,0.0,0.0,1699.0,400.0,18.88,1.905,0.0,0.0,prepaid,0.381,0.0,0.0,0.0,0.0,0.0,378.834,"",'132642429291737111503,2026-04-15,11060451601,2f5abd39-87eb-4b8e-83fe-6388687d4605,"",Forward,100005723090,100005723090,11504,380.95,5.0,1205.0,0.0,1205.0,packet_delivered,0.0,0.0,0.0,0.0,0.0,0.0,0.0,0.0,NA,0,494.0
NFT-/XUTR/DEUTH026105A07HCX,60.91,0.0,0.0,2899.0,1279.0,316.936,6.09,0.0,0.0,prepaid,1.218,0.0,0.0,45.0,0.0,53.1,901.656,"",'132646226280217577703,2026-04-15,11060815313,ebfa628f-2482-4109-9b34-1f615825b6a0,"",Forward,100006086801,100006086801,11504,1218.1,5.0,1449.0,0.0,1449.0,packet_delivered,0.0,0.0,0.0,0.0,0.0,0.0,0.0,0.0,NA,0,1450.01
NFT-/XUTR/DEUTH026105A07HCX,18.38,0.0,0.0,1750.0,386.0,18.219,1.838,0.0,0.0,prepaid,0.368,0.0,0.0,0.0,0.0,0.0,365.575,"",'132638982293207161501,2026-04-15,11059699016,fd7b5b62-6f3a-4cbb-8fae-5088e9e50249,"",Forward,100004970521,100004970521,11504,367.62,5.0,1305.0,0.0,1305.0,packet_delivered,0.0,0.0,0.0,0.0,0.0,0.0,0.0,0.0,NA,0,445.0
NFT-/XUTR/DEUTH026105A07HCX,33.1,0.0,0.0,2999.0,695.0,32.804,3.31,0.0,0.0,prepaid,0.662,0.0,0.0,27.0,0.0,31.86,626.364,"",'132675804910494416003,2026-04-15,11066353157,508d0f3b-498a-4137-9b1c-738ea03195c5,"",Forward,100011624361,100011624361,11504,661.9,5.0,2210.0,0.0,2210.0,packet_delivered,0.0,0.0,0.0,0.0,0.0,0.0,0.0,0.0,NA,0,789.0
NFT-/XUTR/DEUTH026105A07HCX,20.05,0.0,0.0,1599.0,420.99999999999994,19.871,2.005,0.0,0.0,prepaid,0.401,167.0,0.0,0.0,0.0,197.06,-595.783,"",'132643039876220115903,2026-04-15,11060599534,70bec5a4-f39b-4336-bdfa-c43e82588b52,100146370052,Reverse,100005871023,100005871023,11504,400.95,5.0,1084.0,0.0,1084.0,return_refund,0.0,0.0,0.0,0.0,0.0,0.0,0.0,0.0,NA,0,515.0
NFT-/XUTR/DEUTH026105A07HCX,22.48,0.0,0.0,1599.0,472.0,22.278,2.248,0.0,0.0,prepaid,0.45,0.0,0.0,19.0,0.0,22.42,424.604,"",'132641277006216737903,2026-04-15,11060180705,818a03b0-1d29-4e1f-8330-1769d2769c89,"",Forward,100005452196,100005452196,11504,449.52,5.0,1033.0,0.0,1033.0,packet_delivered,0.0,0.0,0.0,0.0,0.0,0.0,0.0,0.0,NA,0,566.0
NFT-/XUTR/DEUTH026105A07HCX,19.67,0.0,0.0,1750.0,412.99999999999994,19.494,1.967,0.0,0.0,prepaid,0.393,167.0,0.0,0.0,0.0,197.06,-588.206,"",'132648268885904302503,2026-04-15,11061272278,eba8868f-e76f-472a-91e0-e76603d3d4c0,100147630332,Reverse,100006543752,100006543752,11504,393.33,5.0,1243.0,0.0,1243.0,return_refund,0.0,0.0,0.0,0.0,0.0,0.0,0.0,0.0,NA,0,507.0
NFT-/XUTR/DEUTH026105A07HCX,70.38,0.0,0.0,3299.0,1478.0,366.248,7.038,0.0,0.0,prepaid,1.408,91.0,0.0,0.0,0.0,107.38,-1210.686,"",'132675113946209255901,2026-04-15,11066199160,c9418afc-f66c-4b73-8551-211a923b1562,100146715543,Reverse,100011470375,100011470375,11504,1407.62,5.0,1650.0,0.0,1650.0,return_refund,0.0,0.0,0.0,0.0,0.0,0.0,0.0,0.0,NA,0,1649.0
NFT-/XUTR/DEUTH026105A07HCX,55.81,0.0,0.0,2899.0,1077.84,267.089,5.133,0.0,0.0,prepaid,1.027,0.0,0.0,41.385,0.0,48.8343,755.757,"",'132654292198516345401,2026-04-15,11062206197,195ce154-c25c-4fcd-8468-a9e30033e4b7,"",Forward,100007477668,100007477668,11504,1116.19,5.0,1556.0,0.0,1556.0,packet_delivered,0.0,0.0,0.0,0.0,0.0,0.0,0.0,0.0,NA,0,1343.0
NFT-/XUTR/DEUTH026105A07HCX,52.24,0.0,0.0,2499.0,1097.0,258.892,5.224,0.0,0.0,prepaid,1.045,0.0,0.0,45.0,0.0,53.1,778.739,"",'132655955899125590303,2026-04-15,11062531926,a3eea7c1-d27c-4ff0-b3d0-1744d684f08b,"",Forward,100007803364,100007803364,11504,1044.76,5.0,1231.0,0.0,1231.0,packet_delivered,0.0,0.0,0.0,0.0,0.0,0.0,0.0,0.0,NA,0,1268.0
NFT-/XUTR/DEUTH026105A07HCX,35.29,0.0,0.0,2799.0,741.0,34.97500000000001,3.529,0.0,0.0,prepaid,0.706,0.0,0.0,27.0,0.0,31.86,669.93,"",'132668686240320610903,2026-04-15,11065228094,dcb519f9-fdd6-4219-b133-3be34e9f2bc6,"",Forward,100010499354,100010499354,11504,705.71,5.0,1964.0,0.0,1964.0,packet_delivered,0.0,0.0,0.0,0.0,0.0,0.0,0.0,0.0,NA,0,834.99
NFT-/XUTR/DEUTH026105A07HCX,19.1,0.0,0.0,1599.0,401.0,18.927,1.91,0.0,0.0,prepaid,0.382,0.0,0.0,15.0,0.0,17.7,362.081,"",'132651344461025973001,2026-04-15,11061981568,7d6e652b-728a-4cc4-940d-48817f0ddc94,"",Forward,100007253039,1000001742787,11504,381.9,5.0,1104.0,0.0,1104.0,packet_delivered,0.0,0.0,0.0,0.0,0.0,0.0,0.0,0.0,NA,0,495.0
NFT-/XUTR/DEUTH026105A07HCX,0.0,17.02,17.02,1799.0,715.0,185.614,0.0,1.7025,1.7025,prepaid,0.681,0.0,0.0,27.0,0.0,31.86,493.44,"",'132672951743055253801,2026-04-15,11065697846,638afc8c-03b4-4732-8353-1ed4b6d24671,"",Forward,100010969076,1000002629940,11504,680.96,5.0,990.0,0.0,990.0,packet_delivered,0.0,0.0,0.0,0.0,0.0,0.0,0.0,0.0,NA,0,809.0
NFT-/XUTR/DEUTH026105A07HCX,55.81,0.0,0.0,2899.0,1172.0,290.422,5.581,0.0,0.0,prepaid,1.116,167.0,0.0,0.0,0.0,197.06,-1071.941,"",'132648479163543746601,2026-04-15,11061321250,ae408c9d-20f0-44ff-a726-414a55db1079,11061321250,Reverse,100006592724,100006592724,11504,1116.19,5.0,1556.0,0.0,1556.0,exchange,0.0,0.0,0.0,0.0,0.0,0.0,0.0,0.0,NA,0,1343.0
NFT-/XUTR/DEUTH026105A07HCX,35.24,0.0,0.0,2299.0,740.0,34.928,3.524,0.0,0.0,prepaid,0.705,167.0,0.0,0.0,0.0,197.06,-897.903,"",'132643088377788985001,2026-04-15,11060607988,85fc473f-cae5-4d3b-a93a-b3f5e3c41e99,100147497269,Reverse,100005879477,1000001257571,11504,704.76,5.0,1465.0,0.0,1465.0,return_refund,0.0,0.0,0.0,0.0,0.0,0.0,0.0,0.0,NA,0,834.0
NFT-/XUTR/DEUTH026105A07HCX,0.0,28.07,28.07,1899.0,1179.0,278.244,0.0,2.807,2.807,prepaid,1.123,91.0,0.0,0.0,0.0,107.38,-1001.399,"",'132668739706114019803,2026-04-15,11065244711,48d22c3f-6c96-4107-8237-fe92738e23ab,100146797823,Reverse,100010515971,1000002425722,11504,1122.86,5.0,549.0,0.0,549.0,return_refund,0.0,0.0,0.0,0.0,0.0,0.0,0.0,0.0,NA,0,1349.9999999999998
NFT-/XUTR/DEUTH026105A07HCX,0.0,201.43,201.43,3999.0,2641.0,623.276,0.0,5.5955,5.5955,prepaid,2.238,0.0,0.0,61.0,0.0,71.98,1932.315,"",'132669782123514141703,2026-04-15,11065391006,c04d8a9a-2528-4c23-b6a7-9e061e618b9c,"",Forward,100010662266,100010662266,11504,2238.14,18.0,1152.0,0.0,1152.0,packet_delivered,0.0,0.0,0.0,0.0,0.0,0.0,0.0,0.0,NA,0,2846.9999999999995
NFT-/XUTR/DEUTH026105A07HCX,28.76,0.0,0.0,1699.0,604.0,156.798,2.876,0.0,0.0,prepaid,0.575,0.0,0.0,27.0,0.0,31.86,411.891,"",'132651185932443747801,2026-04-15,11061940622,f0816de9-a6d8-4fb0-a90e-31871bd06ec7,"",Forward,100007212093,1000001517377,11504,575.24,5.0,1001.0,0.0,1001.0,packet_delivered,0.0,0.0,0.0,0.0,0.0,0.0,0.0,0.0,NA,0,698.0
NFT-/XUTR/DEUTH026105A07HCX,59.52,0.0,0.0,1999.0,1250.0,295.0,5.952,0.0,0.0,prepaid,1.19,167.0,0.0,0.0,0.0,197.06,-1144.918,"",'132624510437530056901,2026-04-15,11057486076,459ecdca-7506-442d-896c-1405a4621c11,100146310976,Reverse,100002757619,1000000474125,11504,1190.48,5.0,578.0,0.0,578.0,return_refund,0.0,0.0,0.0,0.0,0.0,0.0,0.0,0.0,NA,0,1421.0
NFT-/XUTR/DEUTH026105A07HCX,0.0,43.52,43.52,2999.0,1828.0,452.978,0.0,4.3525,4.3525,prepaid,1.741,91.0,0.0,0.0,0.0,107.38,-1471.956,"",'132668973767032442201,2026-04-15,11065301230,28e69265-be80-456a-8319-d5f1697c4030,100147190318,Reverse,100010572490,100010572490,11504,1740.96,5.0,1000.0,0.0,1000.0,return_refund,0.0,0.0,0.0,0.0,0.0,0.0,0.0,0.0,NA,0,1998.99
NFT-/XUTR/DEUTH026105A07HCX,51.1,0.0,0.0,1750.0,1073.0,253.228,5.11,0.0,0.0,prepaid,1.022,167.0,0.0,0.0,0.0,197.06,-1010.7,"",'132645875717000582601,2026-04-15,11060765502,3e2f0619-da5e-4f56-9ced-16ca71e76e39,100147843395,Reverse,100006036991,1000001189980,11504,1021.9,5.0,506.0,0.0,506.0,return_refund,0.0,0.0,0.0,0.0,0.0,0.0,0.0,0.0,NA,0,1244.0
NFT-/XUTR/DEUTH026105A07HCX,33.1,0.0,0.0,2999.0,695.0,32.804,3.31,0.0,0.0,prepaid,0.662,0.0,0.0,27.0,0.0,31.86,626.364,"",'132647104134057653203,2026-04-15,11060992111,0ca976bc-37e8-415e-99d8-be6fc93578b1,"",Forward,100006263588,100006263588,11504,661.9,5.0,2210.0,0.0,2210.0,packet_delivered,0.0,0.0,0.0,0.0,0.0,0.0,0.0,0.0,NA,0,789.0
NFT-/XUTR/DEUTH026105A07HCX,35.95,0.0,0.0,1699.0,755.0,195.998,3.595,0.0,0.0,prepaid,0.719,0.0,0.0,27.0,0.0,31.86,522.828,"",'132646588061036982601,2026-04-15,11060878380,202f0040-cda7-4e92-bcb8-8f37d38faa91,"",Forward,100006149863,100006149863,11504,719.05,5.0,850.0,0.0,850.0,packet_delivered,0.0,0.0,0.0,0.0,0.0,0.0,0.0,0.0,NA,0,848.99
NFT-/XUTR/DEUTH026105A07HCX,26.1,0.0,0.0,1499.0,548.0,38.798,2.61,0.0,0.0,prepaid,0.522,0.0,0.0,27.0,0.0,31.86,474.21,"",'132651344461025973001,2026-04-15,11061981571,7d6e652b-728a-4cc4-940d-48817f0ddc94,"",Forward,100007253042,1000001742787,11504,521.9,5.0,857.0,0.0,857.0,packet_delivered,0.0,0.0,0.0,0.0,0.0,0.0,0.0,0.0,NA,0,642.0
NFT-/XUTR/DEUTH026105A07HCX,77.38,0.0,0.0,2099.0,1625.0,402.675,7.738,0.0,0.0,prepaid,1.548,0.0,0.0,45.0,0.0,53.1,1159.939,"",'132639426189602190403,2026-04-15,11059795695,a3039179-f524-413f-b148-b3882687a7b5,"",Forward,100005067200,100005067200,11504,1547.62,5.0,303.0,0.0,303.0,packet_delivered,0.0,0.0,0.0,0.0,0.0,0.0,0.0,0.0,NA,0,1795.99
NFT-/XUTR/DEUTH026105A07HCX,0.0,43.52,43.52,2999.0,1828.0,452.978,0.0,4.3525,4.3525,prepaid,1.741,0.0,0.0,45.0,0.0,53.1,1311.476,"",'132668973767032442201,2026-04-15,11065301230,28e69265-be80-456a-8319-d5f1697c4030,"",Forward,100010572490,100010572490,11504,1740.96,5.0,1000.0,0.0,1000.0,packet_delivered,0.0,0.0,0.0,0.0,0.0,0.0,0.0,0.0,NA,0,1998.99
NFT-/XUTR/DEUTH026105A07HCX,28.38,0.0,0.0,1999.0,596.0,28.131,2.838,0.0,0.0,prepaid,0.568,0.0,0.0,3.0,0.0,3.54,560.923,"",'132665105207289790403,2026-04-15,11064258948,17fac4ba-45fb-4467-ac93-aa8e3096528c,"",Forward,100009530262,100009530262,11504,567.62,5.0,1309.0,0.0,1309.0,packet_delivered,0.0,0.0,0.0,0.0,0.0,0.0,0.0,0.0,NA,0,690.0
NFT-/XUTR/DEUTH026105A07HCX,20.05,0.0,0.0,1650.0,421.0,19.871,2.005,0.0,0.0,prepaid,0.401,0.0,0.0,15.0,0.0,17.7,381.023,"",'132665514223944635201,2026-04-15,11064370293,d762bff7-d0b4-4825-a4d3-4387cec23e59,"",Forward,100009641606,1000002225469,11504,400.95,5.0,1135.0,0.0,1135.0,packet_delivered,0.0,0.0,0.0,0.0,0.0,0.0,0.0,0.0,NA,0,515.0
NFT-/XUTR/DEUTH026105A07HCX,26.1,0.0,0.0,1999.0,548.0,25.866,2.61,0.0,0.0,prepaid,0.522,0.0,0.0,17.0,0.0,20.06,498.942,"",'132646155754956599001,2026-04-15,11060804315,e4e77e1c-7c09-4934-987e-227f0681814e,"",Forward,100006075803,100006075803,11504,521.9,5.0,1357.0,0.0,1357.0,packet_delivered,0.0,0.0,0.0,0.0,0.0,0.0,0.0,0.0,NA,0,642.0
NFT-/XUTR/DEUTH026105A07HCX,52.24,0.0,0.0,2499.0,1097.0,271.837,5.224,0.0,0.0,prepaid,1.045,0.0,0.0,45.0,0.0,53.1,765.794,"",'132647782487051643503,2026-04-15,11061156850,0663ffe1-298b-4eb6-bec4-cfb3af76c304,"",Forward,100006428324,1000001721726,11504,1044.76,5.0,1231.0,0.0,1231.0,packet_delivered,0.0,0.0,0.0,0.0,0.0,0.0,0.0,0.0,NA,0,1268.0
NFT-/XUTR/DEUTH026105A07HCX,0.0,16.79,16.79,1599.0,705.0,183.018,0.0,1.6785,1.6785,prepaid,0.671,0.0,0.0,27.0,0.0,31.86,486.094,"",'132676791520361919103,2026-04-15,11066609814,20e9bfa5-9895-413e-a8c3-be07f2ce50f6,"",Forward,100011881018,100011881018,11504,671.42,5.0,800.0,0.0,800.0,packet_delivered,0.0,0.0,0.0,0.0,0.0,0.0,0.0,0.0,NA,0,798.9999999999999
NFT-/XUTR/DEUTH026105A07HCX,33.57,0.0,0.0,1599.0,705.0,183.018,3.357,0.0,0.0,prepaid,0.671,167.0,0.0,0.0,0.0,197.06,-715.014,"",'132655352297293650503,2026-04-15,11062381701,9938b2f2-b438-49a4-8546-5a89775334c7,100147856328,Reverse,100007653148,1000001676013,11504,671.43,5.0,800.0,0.0,800.0,return_refund,0.0,0.0,0.0,0.0,0.0,0.0,0.0,0.0,NA,0,799.0
NFT-/XUTR/DEUTH026105A07HCX,17.81,0.0,0.0,1750.0,374.0,17.653,1.781,0.0,0.0,prepaid,0.356,0.0,0.0,0.0,0.0,0.0,354.21,"",'132646574233879666501,2026-04-15,11060875908,28dedf7f-08c0-4542-864d-628fdaf5ee77,"",Forward,100006147391,100006147391,11504,356.19,5.0,1282.0,0.0,1282.0,packet_delivered,0.0,0.0,0.0,0.0,0.0,0.0,0.0,0.0,NA,0,468.0
NFT-/XUTR/DEUTH026105A07HCX,35.0,0.0,0.0,2299.0,735.0,34.692,3.5,0.0,0.0,prepaid,0.7,0.0,0.0,27.0,0.0,31.86,664.248,"",'132642654182884431701,2026-04-15,11060511777,2719a254-ae91-4d63-9edb-176926021272,"",Forward,100005783266,100005783266,11504,700,5.0,1470.0,0.0,1470.0,packet_delivered,0.0,0.0,0.0,0.0,0.0,0.0,0.0,0.0,NA,0,829.0
NFT-/XUTR/DEUTH026105A07HCX,32.57,0.0,0.0,2499.0,684.0,32.285,3.257,0.0,0.0,prepaid,0.651,167.0,0.0,0.0,0.0,197.06,-844.867,"",'132662786837983814703,2026-04-15,11063763210,d0cf35a2-fedf-484a-a7da-142c01bba437,100146626239,Reverse,100009034612,100009034612,11504,651.43,5.0,1721.0,0.0,1721.0,return_refund,0.0,0.0,0.0,0.0,0.0,0.0,0.0,0.0,NA,0,778.0
NFT-/XUTR/DEUTH026105A07HCX,63.29,0.0,0.0,2999.0,1329.0,329.326,6.329,0.0,0.0,prepaid,1.266,91.0,0.0,0.0,0.0,107.38,-1099.459,"",'132676879640311357401,2026-04-15,11066636681,4d6e4542-a43b-4b1e-ab60-b0b374555775,11066636681,Reverse,100011907885,1000003144288,11504,1265.71,5.0,1499.0,0.0,1499.0,exchange,0.0,0.0,0.0,0.0,0.0,0.0,0.0,0.0,NA,0,1500.0
NFT-/XUTR/DEUTH026105A07HCX,41.38,0.0,0.0,1899.0,869.0,225.592,4.138,0.0,0.0,prepaid,0.828,0.0,0.0,27.0,0.0,31.86,606.582,"",'132654414584597504401,2026-04-15,11062219335,ec5f5632-6f9f-4dc0-a5e2-3c485fe97df0,"",Forward,100007490806,100007490806,11504,827.62,5.0,936.0,0.0,936.0,packet_delivered,0.0,0.0,0.0,0.0,0.0,0.0,0.0,0.0,NA,0,963.0
NFT-/XUTR/DEUTH026105A07HCX,37.19,0.0,0.0,1750.0,781.0,202.748,3.719,0.0,0.0,prepaid,0.744,0.0,0.0,27.0,0.0,31.86,541.929,"",'132659944704524948101,2026-04-15,11063525172,163610ae-f738-41f5-92cd-2e5ca5161a22,"",Forward,100008796574,100008796574,11504,743.81,5.0,875.0,0.0,875.0,packet_delivered,0.0,0.0,0.0,0.0,0.0,0.0,0.0,0.0,NA,0,875.0
NFT-/XUTR/DEUTH026105A07HCX,28.1,0.0,0.0,1799.0,590.0,41.772,2.81,0.0,0.0,prepaid,0.562,0.0,0.0,27.0,0.0,31.86,512.996,"",'132668909015846020401,2026-04-15,11065287128,9ce80a78-763a-41c3-a2e4-f57dafdb25f8,"",Forward,100010558388,100010558388,11504,561.9,5.0,1115.0,0.0,1115.0,packet_delivered,0.0,0.0,0.0,0.0,0.0,0.0,0.0,0.0,NA,0,684.0
NFT-/XUTR/DEUTH026105A07HCX,99.1,0.0,0.0,4499.0,2081.0,491.116,9.91,0.0,0.0,prepaid,1.982,112.0,0.0,0.0,0.0,132.16,-1710.152,"",'132656496133922229701,2026-04-15,11062683915,e1358d3d-d2e9-4733-b892-5e4fca6ee0f2,100146273113,Reverse,100007955353,100007955353,11504,1981.9,5.0,2212.0,0.0,2212.0,return_refund,0.0,0.0,0.0,0.0,0.0,0.0,0.0,0.0,NA,0,2287.0
NFT-/XUTR/DEUTH026105A07HCX,49.67,0.0,0.0,2999.0,1043.0,258.455,4.967,0.0,0.0,prepaid,0.993,0.0,0.0,45.0,0.0,53.1,725.485,"",'132648793538291163903,2026-04-15,11061390829,03fcff4b-0ef5-476a-974d-660ff51c5bf6,"",Forward,100006662302,100006662302,11504,993.33,5.0,1785.0,0.0,1785.0,packet_delivered,0.0,0.0,0.0,0.0,0.0,0.0,0.0,0.0,NA,0,1214.0
NFT-/XUTR/DEUTH026105A07HCX,32.33,0.0,0.0,1650.0,378.95,98.375,1.805,0.0,0.0,prepaid,0.361,0.0,0.0,15.069,0.0,17.78142,260.628,"",'132676119134999272203,2026-04-15,11066431173,0e8c592d-d181-4653-b264-5231a9da5590,"",Forward,100011702377,1000002825614,11504,646.67,5.0,877.0,0.0,877.0,packet_delivered,0.0,0.0,0.0,0.0,0.0,0.0,0.0,0.0,NA,0,773.0
NFT-/XUTR/DEUTH026105A07HCX,34.19,0.0,0.0,2299.0,718.0,33.89,3.419,0.0,0.0,prepaid,0.684,0.0,0.0,27.0,0.0,31.86,648.147,"",'132634096089540618003,2026-04-15,11059133116,7eef852f-a125-4b84-821c-c3f8ce16c6a5,"",Forward,100004404644,1000000873912,11504,683.81,5.0,1487.0,0.0,1487.0,packet_delivered,0.0,0.0,0.0,0.0,0.0,0.0,0.0,0.0,NA,0,812.0
NFT-/XUTR/DEUTH026105A07HCX,19.05,0.0,0.0,1699.0,400.0,18.88,1.905,0.0,0.0,prepaid,0.381,0.0,0.0,0.0,0.0,0.0,378.834,"",'132675806102658467101,2026-04-15,11066353431,8973c48d-dde0-4102-85f4-fd023c94f136,"",Forward,100011624635,1000002811518,11504,380.95,5.0,1205.0,0.0,1205.0,packet_delivered,0.0,0.0,0.0,0.0,0.0,0.0,0.0,0.0,NA,0,494.0
NFT-/XUTR/DEUTH026105A07HCX,33.19,0.0,0.0,2499.0,697.0,32.898,3.319,0.0,0.0,prepaid,0.664,0.0,0.0,27.0,0.0,31.86,628.259,"",'132651455130802305801,2026-04-15,11062008323,e3fd8b28-9d24-4414-af19-e50632dfc321,"",Forward,100007279794,100007279794,11504,663.81,5.0,1708.0,0.0,1708.0,packet_delivered,0.0,0.0,0.0,0.0,0.0,0.0,0.0,0.0,NA,0,790.99
NFT-/XUTR/DEUTH026105A07HCX,33.1,0.0,0.0,3450.0,695.0,32.804,3.31,0.0,0.0,prepaid,0.662,0.0,0.0,27.0,0.0,31.86,626.364,"",'132645020271444351803,2026-04-15,11060702542,3550fe96-7df4-41d6-9ce5-3b7eb48979a9,"",Forward,100005974031,100005974031,11504,661.9,5.0,2661.0,0.0,2661.0,packet_delivered,0.0,0.0,0.0,0.0,0.0,0.0,0.0,0.0,NA,0,789.0
NFT-/XUTR/DEUTH026105A07HCX,59.0,0.0,0.0,2999.0,1239.0,307.024,5.9,0.0,0.0,prepaid,1.18,0.0,0.0,45.0,0.0,53.1,871.796,"",'132646451651086045801,2026-04-15,11060853301,bde700f7-59ec-45d6-8cf5-888a6e484972,"",Forward,100006124787,100006124787,11504,1180,5.0,1589.0,0.0,1589.0,packet_delivered,0.0,0.0,0.0,0.0,0.0,0.0,0.0,0.0,NA,0,1410.0
NFT-/XUTR/DEUTH026105A07HCX,19.52,0.0,0.0,1999.0,410.0,19.352000000000004,1.952,0.0,0.0,prepaid,0.39,0.0,0.0,6.0,0.0,7.08,381.226,"",'132651822881558547501,2026-04-15,11062080831,5ba11fb2-19fc-4dd3-9490-25190daecdd8,"",Forward,100007352302,100007352302,11504,390.48,5.0,1500.0,0.0,1500.0,packet_delivered,0.0,0.0,0.0,0.0,0.0,0.0,0.0,0.0,NA,0,499.0
NFT-/XUTR/DEUTH026105A07HCX,99.1,0.0,0.0,4499.0,2081.0,491.116,9.91,0.0,0.0,prepaid,1.982,0.0,0.0,61.0,0.0,71.98,1506.012,"",'132667092007294503101,2026-04-15,11064777957,8860ecec-1fe4-4c39-a82b-fe90fc772ffe,"",Forward,100010049217,100010049217,11504,1981.9,5.0,2212.0,0.0,2212.0,packet_delivered,0.0,0.0,0.0,0.0,0.0,0.0,0.0,0.0,NA,0,2287.0
NFT-/XUTR/DEUTH026105A07HCX,41.38,0.0,0.0,1899.0,869.0,225.592,4.138,0.0,0.0,prepaid,0.828,167.0,0.0,0.0,0.0,197.06,-835.502,"",'132648307129600631803,2026-04-15,11061281574,2011f62a-aaef-424d-b1d6-cd66958088eb,11061281574,Reverse,100006553048,100006553048,11504,827.62,5.0,936.0,0.0,936.0,exchange,0.0,0.0,0.0,0.0,0.0,0.0,0.0,0.0,NA,0,963.0
NFT-/XUTR/DEUTH026105A07HCX,487.07,0.0,0.0,3399.0,3193.0,753.548,13.53,0.0,0.0,prepaid,2.706,0.0,0.0,61.0,0.0,71.98,2351.236,"",'132646100913162753601,2026-04-15,11060796424,7c1e0291-8cba-4a93-b1cb-ba6782abf04e,"",Forward,100006067913,100006067913,11504,2705.93,18.0,0.0,0.0,0.0,packet_delivered,0.0,0.0,0.0,0.0,0.0,0.0,0.0,0.0,NA,0,3399.0
NFT-/XUTR/DEUTH026105A07HCX,63.29,0.0,0.0,2999.0,1329.0,329.326,6.329,0.0,0.0,prepaid,1.266,0.0,0.0,45.0,0.0,53.1,938.979,"",'132650072277652756001,2026-04-15,11061667856,1a037839-7476-47a8-8d76-3d8fa32ca145,"",Forward,100006939327,100006939327,11504,1265.71,5.0,1499.0,0.0,1499.0,packet_delivered,0.0,0.0,0.0,0.0,0.0,0.0,0.0,0.0,NA,0,1500.0
NFT-/XUTR/DEUTH026105A07HCX,32.91,0.0,0.0,1699.0,691.0,179.384,3.29,0.0,0.0,prepaid,0.658,0.0,0.0,27.0,0.0,31.86,475.808,"",'132658764463033907001,2026-04-15,11063221761,e883bd0a-8522-46b3-8b3e-3e5662be6205,"",Forward,100008493163,100008493163,11504,658.1,5.0,914.0,0.0,914.0,packet_delivered,0.0,0.0,0.0,0.0,0.0,0.0,0.0,0.0,NA,0,785.01
NFT-/XUTR/DEUTH026105A07HCX,49.81,0.0,0.0,2999.0,1046.0,259.199,4.981,0.0,0.0,prepaid,0.996,167.0,0.0,0.0,0.0,197.06,-977.884,"",'132639222305438955603,2026-04-15,11059751194,20772152-7725-44fb-9943-8a2ec60e0668,11059751194,Reverse,100005022699,100005022699,11504,996.19,5.0,1782.0,0.0,1782.0,exchange,0.0,0.0,0.0,0.0,0.0,0.0,0.0,0.0,NA,0,1216.96
NFT-/XUTR/DEUTH026105A07HCX,15.81,0.0,0.0,2699.0,331.99999999999994,15.67,1.581,0.0,0.0,prepaid,0.316,167.0,0.0,0.0,0.0,197.06,-511.493,"",'132603181375793006201,2026-04-15,11053574337,58589dad-84f7-402d-8a1c-892017f7b639,100150788466,Reverse,9053295076,9053295076,11504,316.19,5.0,2299.0,0.0,2299.0,return_refund,0.0,0.0,0.0,0.0,0.0,0.0,0.0,0.0,NA,0,400.0
NFT-/XUTR/DEUTH026105A07HCX,70.38,0.0,0.0,3299.0,1478.0,366.248,7.038,0.0,0.0,prepaid,1.408,0.0,0.0,45.0,0.0,53.1,1050.206,"",'132648599305964744603,2026-04-15,11061348070,c6e01d54-fcba-48bd-a73a-37299bb1c419,"",Forward,100006619543,100006619543,11504,1407.62,5.0,1650.0,0.0,1650.0,packet_delivered,0.0,0.0,0.0,0.0,0.0,0.0,0.0,0.0,NA,0,1649.0
NFT-/XUTR/DEUTH026105A07HCX,0.0,20.69,20.69,1899.0,869.0,225.592,0.0,2.069,2.069,prepaid,0.828,91.0,0.0,0.0,0.0,107.38,-745.822,"",'132660538146534650903,2026-04-15,11063654906,c4d42374-dfa8-4d20-8655-f6f76ec69eca,100147897017,Reverse,100008926308,1000001996942,11504,827.62,5.0,936.0,0.0,936.0,return_refund,0.0,0.0,0.0,0.0,0.0,0.0,0.0,0.0,NA,0,963.0000000000001
NFT-/XUTR/DEUTH026105A07HCX,51.81,0.0,0.0,1799.0,1088.0,256.768,5.181,0.0,0.0,prepaid,1.036,91.0,0.0,0.0,0.0,107.38,-932.395,"",'132543510991603426803,2026-04-15,11042699176,500961bb-d8cd-4cdf-a988-e311da9b77c4,100150460865,Reverse,9042420016,9042420016,11504,1036.19,5.0,540.0,0.0,540.0,return_refund,0.0,0.0,0.0,0.0,0.0,0.0,0.0,0.0,NA,0,1259.0
NFT-/XUTR/DEUTH026105A07HCX,63.24,0.0,0.0,2999.0,1328.0,329.078,6.324,0.0,0.0,prepaid,1.265,0.0,0.0,45.0,0.0,53.1,938.233,"",'132663818471543199101,2026-04-15,11063914503,61d98583-2b8e-41f8-9bb1-f9832e075b54,"",Forward,100009185849,100009185849,11504,1264.76,5.0,1500.0,0.0,1500.0,packet_delivered,0.0,0.0,0.0,0.0,0.0,0.0,0.0,0.0,NA,0,1499.0
NFT-/XUTR/DEUTH026105A07HCX,0.0,14.43,14.43,2499.0,606.0,28.603,0.0,1.443,1.443,prepaid,0.577,0.0,0.0,27.0,0.0,31.86,542.074,"",'132660465801133282401,2026-04-15,11063643405,e1a9e3c1-65d7-4096-a698-eab109ffda46,"",Forward,100008914807,100008914807,11504,577.14,5.0,1799.0,0.0,1799.0,packet_delivered,0.0,0.0,0.0,0.0,0.0,0.0,0.0,0.0,NA,0,699.9999999999999
NFT-/XUTR/DEUTH026105A07HCX,28.52,0.0,0.0,2399.0,599.0,28.273,2.852,0.0,0.0,prepaid,0.57,0.0,0.0,7.0,0.0,8.26,559.045,"",'132655504015456558601,2026-04-15,11062416946,2ecf58f0-21eb-47fd-b0af-f41e9c052a31,"",Forward,100007688390,100007688390,11504,570.48,5.0,1706.0,0.0,1706.0,packet_delivered,0.0,0.0,0.0,0.0,0.0,0.0,0.0,0.0,NA,0,693.0
NFT-/XUTR/DEUTH026105A07HCX,25.81,0.0,0.0,2200.0,542.0,25.582,2.581,0.0,0.0,prepaid,0.516,167.0,0.0,0.0,0.0,197.06,-710.381,"",'132651344461025973001,2026-04-15,11061981572,7d6e652b-728a-4cc4-940d-48817f0ddc94,100146482042,Reverse,100007253043,1000001742787,11504,516.19,5.0,1564.0,0.0,1564.0,return_refund,0.0,0.0,0.0,0.0,0.0,0.0,0.0,0.0,NA,0,636.0
NFT-/XUTR/DEUTH026105A07HCX,32.62,0.0,0.0,2199.0,685.0,32.332,3.262,0.0,0.0,prepaid,0.652,0.0,0.0,27.0,0.0,31.86,616.894,"",'132628752444707735203,2026-04-15,11057991174,1c404bad-245c-449f-87a0-23e28819fb05,"",Forward,100003262716,100003262716,11504,652.38,5.0,1420.0,0.0,1420.0,packet_delivered,0.0,0.0,0.0,0.0,0.0,0.0,0.0,0.0,NA,0,779.0
NFT-/XUTR/DEUTH026105A07HCX,71.67,0.0,0.0,3299.0,466.39,115.572,2.221,0.0,0.0,prepaid,0.444,0.0,0.0,13.945,0.0,16.4551,331.698,"",'132661299647410753601,2026-04-15,11063715620,8d7016a9-4ba0-4b23-8633-496b9cb8f29a,"",Forward,100008987022,1000002183812,11504,1433.33,5.0,1623.0,0.0,1623.0,packet_delivered,0.0,0.0,0.0,0.0,0.0,0.0,0.0,0.0,NA,0,1676.0
NFT-/XUTR/DEUTH026105A07HCX,18.81,0.0,0.0,1799.0,8.08,0.381,0.038,0.0,0.0,prepaid,0.008,0.0,0.0,0.0,0.0,0.0,7.653,"",'132654479668973404901,2026-04-15,11062226946,443e15da-e619-4a92-84c9-83bd2330f23f,"",Forward,100007498417,100007498417,11504,376.19,5.0,1310.0,0.0,1310.0,packet_delivered,0.0,0.0,0.0,0.0,0.0,0.0,0.0,0.0,NA,0,488.99
NFT-/XUTR/DEUTH026105A07HCX,0.0,21.55,21.55,1999.0,905.0,234.938,0.0,2.155,2.155,prepaid,0.862,0.0,0.0,27.0,0.0,31.86,633.03,"",'132660538146534650903,2026-04-15,11063654909,c4d42374-dfa8-4d20-8655-f6f76ec69eca,"",Forward,100008926311,1000001996942,11504,861.9,5.0,1000.0,0.0,1000.0,packet_delivered,0.0,0.0,0.0,0.0,0.0,0.0,0.0,0.0,NA,0,998.9999999999999
NFT-/XUTR/DEUTH026105A07HCX,0.0,16.21,16.21,1699.0,681.0,176.788,0.0,1.6215,1.6215,prepaid,0.649,0.0,0.0,27.0,0.0,31.86,468.46,"",'132666658693479008701,2026-04-15,11064666696,3188a5d7-97df-49ad-b653-450c845dd0fe,"",Forward,100009937958,100009937958,11504,648.58,5.0,924.0,0.0,924.0,packet_delivered,0.0,0.0,0.0,0.0,0.0,0.0,0.0,0.0,NA,0,774.9900000000001
NFT-/XUTR/DEUTH026105A07HCX,61.95,0.0,0.0,2899.0,1301.0,322.388,6.195,0.0,0.0,prepaid,1.239,0.0,0.0,45.0,0.0,53.1,918.078,"",'132673727638826623201,2026-04-15,11065882183,1a2071cb-9a52-45ba-bf48-f0b11ac77977,"",Forward,100011153411,100011153411,11504,1239.05,5.0,1427.0,0.0,1427.0,packet_delivered,0.0,0.0,0.0,0.0,0.0,0.0,0.0,0.0,NA,0,1471.99
NFT-/XUTR/DEUTH026105A07HCX,28.86,0.0,0.0,3450.0,606.0,28.603,2.886,0.0,0.0,prepaid,0.577,0.0,0.0,27.0,0.0,31.86,542.074,"",'132623352945917539003,2026-04-15,11057239857,747e276b-53d8-4ac6-a935-ddc3532f31c6,"",Forward,100002511401,100002511401,11504,577.14,5.0,2750.0,0.0,2750.0,packet_delivered,0.0,0.0,0.0,0.0,0.0,0.0,0.0,0.0,NA,0,699.99
NFT-/XUTR/DEUTH026105A07HCX,46.38,0.0,0.0,3499.0,974.0,68.959,4.638,0.0,0.0,prepaid,0.928,0.0,0.0,27.0,0.0,31.86,867.615,"",'132632996829535731903,2026-04-15,11058845369,97f28b2d-b59d-45e9-a965-6f81c5b59ee0,"",Forward,100004116897,100004116897,11504,927.62,5.0,2331.0,0.0,2331.0,packet_delivered,0.0,0.0,0.0,0.0,0.0,0.0,0.0,0.0,NA,0,1168.0
NFT-/XUTR/DEUTH026105A07HCX,41.38,0.0,0.0,1899.0,869.0,225.592,4.138,0.0,0.0,prepaid,0.828,0.0,0.0,27.0,0.0,31.86,606.582,"",'132651909834729727603,2026-04-15,11062093316,b7b4ef66-06f6-4513-8ea1-6ffd8263c763,"",Forward,100007364787,100007364787,11504,827.62,5.0,936.0,0.0,936.0,packet_delivered,0.0,0.0,0.0,0.0,0.0,0.0,0.0,0.0,NA,0,963.0
NFT-/XUTR/DEUTH026105A07HCX,21.43,0.0,0.0,1499.0,449.99999999999994,21.24,2.143,0.0,0.0,prepaid,0.429,167.0,0.0,0.0,0.0,197.06,-623.248,"",'132641769342307444703,2026-04-15,11060288343,074b2952-3c3e-425b-b07f-ba40849ea096,11060288343,Reverse,100005559834,100005559834,11504,428.57,5.0,955.0,0.0,955.0,exchange,0.0,0.0,0.0,0.0,0.0,0.0,0.0,0.0,NA,0,543.99
NFT-/XUTR/DEUTH026105A07HCX,38.33,0.0,0.0,1799.0,805.0,208.978,3.833,0.0,0.0,prepaid,0.767,0.0,0.0,27.0,0.0,31.86,559.562,"",'132641772574676672103,2026-04-15,11060289060,e6d7c41a-e3b7-47d8-aae5-f164e4f16cba,"",Forward,100005560550,100005560550,11504,766.67,5.0,900.0,0.0,900.0,packet_delivered,0.0,0.0,0.0,0.0,0.0,0.0,0.0,0.0,NA,0,898.99
NFT-/XUTR/DEUTH026105A07HCX,68.71,0.0,0.0,1899.0,1443.0,340.548,6.871,0.0,0.0,prepaid,1.374,0.0,0.0,45.0,0.0,53.1,1041.107,"",'132667415877033984601,2026-04-15,11064862178,c4608122-e38f-41f5-8ad7-c9dd052eac06,"",Forward,100010133438,1000002333280,11504,1374.29,5.0,285.0,0.0,285.0,packet_delivered,0.0,0.0,0.0,0.0,0.0,0.0,0.0,0.0,NA,0,1614.01
NFT-/XUTR/DEUTH026105A07HCX,25.67,0.0,0.0,1599.0,539.0,38.161,2.567,0.0,0.0,prepaid,0.513,112.0,0.0,0.0,0.0,132.16,-629.919,"",'132671988589676482901,2026-04-15,11065510285,2fd06862-c932-488b-9b8b-ee82890d3c5d,11065510285,Reverse,100010781545,100010781545,11504,513.33,5.0,966.0,0.0,966.0,exchange,0.0,0.0,0.0,0.0,0.0,0.0,0.0,0.0,NA,0,633.0
NFT-/XUTR/DEUTH026105A07HCX,37.14,0.0,0.0,1750.0,780.0,202.488,3.714,0.0,0.0,prepaid,0.743,167.0,0.0,0.0,0.0,197.06,-770.115,"",'132642461880303968501,2026-04-15,11060460534,3ff5ea2a-c0e4-418f-a5f1-640b47c1498a,100146709871,Reverse,100005732023,100005732023,11504,742.86,5.0,876.0,0.0,876.0,return_refund,0.0,0.0,0.0,0.0,0.0,0.0,0.0,0.0,NA,0,874.0
NFT-/XUTR/DEUTH026105A07HCX,55.19,0.0,0.0,1899.0,1159.0,273.524,5.519,0.0,0.0,prepaid,1.104,0.0,0.0,45.0,0.0,53.1,825.753,"",'132654912905433812901,2026-04-15,11062292724,9f9f127c-d9a4-4139-9baf-91b894820b0b,"",Forward,100007564190,100007564190,11504,1103.81,5.0,569.0,0.0,569.0,packet_delivered,0.0,0.0,0.0,0.0,0.0,0.0,0.0,0.0,NA,0,1330.0
NFT-/XUTR/DEUTH026105A07HCX,0.0,38.76,38.76,1799.0,1628.0,384.208,0.0,3.876,3.876,prepaid,1.55,91.0,0.0,0.0,0.0,107.38,-1341.87,"",'132668739706114019803,2026-04-15,11065244693,48d22c3f-6c96-4107-8237-fe92738e23ab,11065244693,Reverse,100010515953,1000002425722,11504,1550.48,5.0,0.0,0.0,0.0,exchange,0.0,0.0,0.0,0.0,0.0,0.0,0.0,0.0,NA,0,1799.0
NFT-/XUTR/DEUTH026105A07HCX,63.24,0.0,0.0,2999.0,1328.0,329.078,6.324,0.0,0.0,prepaid,1.265,112.0,0.0,0.0,0.0,132.16,-1123.493,"",'132663818471543199101,2026-04-15,11063914503,61d98583-2b8e-41f8-9bb1-f9832e075b54,100146541079,Reverse,100009185849,100009185849,11504,1264.76,5.0,1500.0,0.0,1500.0,return_refund,0.0,0.0,0.0,0.0,0.0,0.0,0.0,0.0,NA,0,1499.0
NFT-/XUTR/DEUTH026105A07HCX,32.91,0.0,0.0,1999.0,691.0,32.615,3.29,0.0,0.0,prepaid,0.658,112.0,0.0,0.0,0.0,132.16,-786.597,"",'132668972114981708701,2026-04-15,11065300871,0cbee4a8-8c8d-4015-8b9f-d9181435b0dd,100146744204,Reverse,100010572131,100010572131,11504,658.1,5.0,1214.0,0.0,1214.0,return_refund,0.0,0.0,0.0,0.0,0.0,0.0,0.0,0.0,NA,0,785.01
NFT-/XUTR/DEUTH026105A07HCX,19.05,0.0,0.0,1699.0,399.99999999999994,18.88,1.905,0.0,0.0,prepaid,0.381,167.0,0.0,0.0,0.0,197.06,-575.894,"",'132650113023594656401,2026-04-15,11061677072,9c495d3a-4eb0-4abb-8ea7-18a0a2dd3639,100147299516,Reverse,100006948543,100006948543,11504,380.95,5.0,1205.0,0.0,1205.0,return_refund,0.0,0.0,0.0,0.0,0.0,0.0,0.0,0.0,NA,0,494.0
NFT-/XUTR/DEUTH026105A07HCX,37.19,0.0,0.0,1750.0,781.0,202.748,3.719,0.0,0.0,prepaid,0.744,167.0,0.0,0.0,0.0,197.06,-770.849,"",'132659944704524948101,2026-04-15,11063525172,163610ae-f738-41f5-92cd-2e5ca5161a22,100146807925,Reverse,100008796574,100008796574,11504,743.81,5.0,875.0,0.0,875.0,return_refund,0.0,0.0,0.0,0.0,0.0,0.0,0.0,0.0,NA,0,875.0
NFT-/XUTR/DEUTH026105A07HCX,46.57,0.0,0.0,2999.0,978.0,46.162000000000006,4.657,0.0,0.0,prepaid,0.931,0.0,0.0,16.0,0.0,18.88,907.37,"",'132641310558678363403,2026-04-15,11060188203,76eea437-024f-452b-aa08-d611cc99e238,"",Forward,100005459694,100005459694,11504,931.43,5.0,1744.0,0.0,1744.0,packet_delivered,0.0,0.0,0.0,0.0,0.0,0.0,0.0,0.0,NA,0,1255.0
NFT-/XUTR/DEUTH026105A07HCX,25.24,0.0,0.0,1599.0,530.0,37.524,2.524,0.0,0.0,prepaid,0.505,0.0,0.0,27.0,0.0,31.86,457.587,"",'132639269141784478001,2026-04-15,11059761255,1e68e07a-2f24-4a19-b64c-4cfadc308ca5,"",Forward,100005032760,100005032760,11504,504.76,5.0,975.0,0.0,975.0,packet_delivered,0.0,0.0,0.0,0.0,0.0,0.0,0.0,0.0,NA,0,623.98
NFT-/XUTR/DEUTH026105A07HCX,34.86,0.0,0.0,1650.0,732.0,190.027,3.486,0.0,0.0,prepaid,0.697,0.0,0.0,27.0,0.0,31.86,505.93,"",'132673317319880438301,2026-04-15,11065784540,247dc64c-0c4e-491c-8511-a0e1745674cd,"",Forward,100011055769,100011055769,11504,697.14,5.0,824.0,0.0,824.0,packet_delivered,0.0,0.0,0.0,0.0,0.0,0.0,0.0,0.0,NA,0,826.0
NFT-/XUTR/DEUTH026105A07HCX,36.24,0.0,0.0,2499.0,761.0,35.919,3.624,0.0,0.0,prepaid,0.725,91.0,0.0,0.0,0.0,107.38,-828.112,"",'132667003915780949003,2026-04-15,11064755319,98937124-7ad1-4c11-a71f-a6447c9d643b,100146449103,Reverse,100010026579,100010026579,11504,724.76,5.0,1644.0,0.0,1644.0,return_refund,0.0,0.0,0.0,0.0,0.0,0.0,0.0,0.0,NA,0,855.0
NFT-/XUTR/DEUTH026105A07HCX,103.48,0.0,0.0,3399.0,2173.0,512.828,10.348,0.0,0.0,prepaid,2.07,0.0,0.0,61.0,0.0,71.98,1575.774,"",'132669278938526196501,2026-04-15,11065351359,5b44bb7a-74f5-4119-ac8f-42fa46bf1532,"",Forward,100010622619,100010622619,11504,2069.52,5.0,1020.0,0.0,1020.0,packet_delivered,0.0,0.0,0.0,0.0,0.0,0.0,0.0,0.0,NA,0,2379.0
NFT-/XUTR/DEUTH026105A07HCX,56.95,0.0,0.0,3399.0,1196.0,296.369,5.695,0.0,0.0,prepaid,1.139,91.0,0.0,0.0,0.0,107.38,-1000.177,"",'132666545773770407503,2026-04-15,11064638184,0265c59f-f9d7-4c39-86ca-de87832dea7b,100147827806,Reverse,100009909450,100009909450,11504,1139.05,5.0,2032.0,0.0,2032.0,return_refund,0.0,0.0,0.0,0.0,0.0,0.0,0.0,0.0,NA,0,1367.0
NFT-/XUTR/DEUTH026105A07HCX,99.1,0.0,0.0,4499.0,2081.0,491.116,9.91,0.0,0.0,prepaid,1.982,0.0,0.0,61.0,0.0,71.98,1506.012,"",'132656496133922229701,2026-04-15,11062683915,e1358d3d-d2e9-4733-b892-5e4fca6ee0f2,"",Forward,100007955353,100007955353,11504,1981.9,5.0,2212.0,0.0,2212.0,packet_delivered,0.0,0.0,0.0,0.0,0.0,0.0,0.0,0.0,NA,0,2287.0
NFT-/XUTR/DEUTH026105A07HCX,31.71,0.0,0.0,1699.0,666.0,172.894,3.171,0.0,0.0,prepaid,0.634,0.0,0.0,27.0,0.0,31.86,457.441,"",'132667203100540029703,2026-04-15,11064807229,142ab812-4abf-47a6-84c8-99e726da669f,"",Forward,100010078489,1000002322634,11504,634.29,5.0,939.0,0.0,939.0,packet_delivered,0.0,0.0,0.0,0.0,0.0,0.0,0.0,0.0,NA,0,760.0
NFT-/XUTR/DEUTH026105A07HCX,22.86,0.0,0.0,1599.0,480.0,22.656,2.286,0.0,0.0,prepaid,0.457,0.0,0.0,19.0,0.0,22.42,432.181,"",'132647681734424109003,2026-04-15,11061133582,bc2c3c5a-5429-49e4-a4d7-88a540d90936,"",Forward,100006405056,1000001699892,11504,457.14,5.0,1025.0,0.0,1025.0,packet_delivered,0.0,0.0,0.0,0.0,0.0,0.0,0.0,0.0,NA,0,574.0
NFT-/XUTR/DEUTH026105A07HCX,35.14,0.0,0.0,1799.0,738.0,191.585,3.514,0.0,0.0,prepaid,0.703,0.0,0.0,27.0,0.0,31.86,510.338,"",'132648964795110480601,2026-04-15,11061427860,debd77d6-a383-4861-a74c-ff7f27dc2921,"",Forward,100006699333,100006699333,11504,702.86,5.0,967.0,0.0,967.0,packet_delivered,0.0,0.0,0.0,0.0,0.0,0.0,0.0,0.0,NA,0,832.0
NFT-/XUTR/DEUTH026105A07HCX,30.71,0.0,0.0,2299.0,645.0,30.443999999999996,3.071,0.0,0.0,prepaid,0.614,167.0,0.0,0.0,0.0,197.06,-807.931,"",'132643088377788985001,2026-04-15,11060607984,85fc473f-cae5-4d3b-a93a-b3f5e3c41e99,100147497092,Reverse,100005879473,1000001257571,11504,614.29,5.0,1560.0,0.0,1560.0,return_refund,0.0,0.0,0.0,0.0,0.0,0.0,0.0,0.0,NA,0,739.0
NFT-/XUTR/DEUTH026105A07HCX,33.57,0.0,0.0,2799.0,705.0,33.276,3.357,0.0,0.0,prepaid,0.671,167.0,0.0,0.0,0.0,197.06,-864.756,"",'132625416632921051901,2026-04-15,11057720551,240fef79-23a3-4a3e-bbf0-f93fefe6021d,11057720551,Reverse,100002992094,100002992094,11504,671.43,5.0,2000.0,0.0,2000.0,exchange,0.0,0.0,0.0,0.0,0.0,0.0,0.0,0.0,NA,0,799.0
NFT-/XUTR/DEUTH026105A07HCX,54.48,0.0,0.0,2799.0,1144.0,283.483,5.448,0.0,0.0,prepaid,1.09,167.0,0.0,0.0,0.0,197.06,-1051.039,"",'132653536138346985101,2026-04-15,11062167179,36881906-b07d-44b4-94e3-631c965dbb35,100147834781,Reverse,100007438651,1000001723335,11504,1089.52,5.0,1484.0,0.0,1484.0,return_refund,0.0,0.0,0.0,0.0,0.0,0.0,0.0,0.0,NA,0,1315.0
NFT-/XUTR/DEUTH026105A07HCX,61.95,0.0,0.0,2899.0,1301.0,322.388,6.195,0.0,0.0,prepaid,1.239,112.0,0.0,0.0,0.0,132.16,-1103.338,"",'132668679844583952503,2026-04-15,11065226152,d2af8add-0ec2-4371-b32c-04fb56972788,100147074594,Reverse,100010497412,100010497412,11504,1239.05,5.0,1427.0,0.0,1427.0,return_refund,0.0,0.0,0.0,0.0,0.0,0.0,0.0,0.0,NA,0,1472.0
NFT-/XUTR/DEUTH026105A07HCX,25.57,0.0,0.0,1699.0,537.0,38.02,2.557,0.0,0.0,prepaid,0.511,0.0,0.0,27.0,0.0,31.86,464.052,"",'132657517744516628001,2026-04-15,11062933956,92202fc3-d67a-4ee4-8a6c-976c6a2ff04c,"",Forward,100008205369,100008205369,11504,511.43,5.0,1068.0,0.0,1068.0,packet_delivered,0.0,0.0,0.0,0.0,0.0,0.0,0.0,0.0,NA,0,631.01
NFT-/XUTR/DEUTH026105A07HCX,63.24,0.0,0.0,2999.0,1328.0,329.078,6.324,0.0,0.0,prepaid,1.265,167.0,0.0,0.0,0.0,197.06,-1188.393,"",'132643136835146523801,2026-04-15,11060615800,044a0f95-5bc2-4ab6-a85e-d9dbc5f6f710,100147738086,Reverse,100005887289,1000001281724,11504,1264.76,5.0,1500.0,0.0,1500.0,return_refund,0.0,0.0,0.0,0.0,0.0,0.0,0.0,0.0,NA,0,1499.0
NFT-/XUTR/DEUTH026105A07HCX,37.19,0.0,0.0,1750.0,781.0,202.748,3.719,0.0,0.0,prepaid,0.744,91.0,0.0,0.0,0.0,107.38,-681.169,"",'132656049038343410503,2026-04-15,11062558812,7fb5d68d-4862-4762-903e-b9c20d8a2afb,11062558812,Reverse,100007830249,100007830249,11504,743.81,5.0,875.0,0.0,875.0,exchange,0.0,0.0,0.0,0.0,0.0,0.0,0.0,0.0,NA,0,874.98
NFT-/XUTR/DEUTH026105A07HCX,40.52,0.0,0.0,2499.0,851.0,220.92,4.052,0.0,0.0,prepaid,0.81,167.0,0.0,0.0,0.0,197.06,-822.278,"",'132198182118022305003,2026-04-15,10957475972,32e0f607-e440-423e-bd8a-e29afa0e53ef,10957475972,Reverse,8957198020,8957198020,11504,810.48,5.0,1554.0,0.0,1554.0,exchange,0.0,0.0,0.0,0.0,0.0,0.0,0.0,0.0,NA,0,945.0
NFT-/XUTR/DEUTH026105A07HCX,63.24,0.0,0.0,2999.0,1328.0,329.078,6.324,0.0,0.0,prepaid,1.265,167.0,0.0,0.0,0.0,197.06,-1188.393,"",'132647149929710644701,2026-04-15,11061003490,5a4c1161-54e8-4dcd-949f-edb7512e1676,100148291754,Reverse,100006274967,100006274967,11504,1264.76,5.0,1500.0,0.0,1500.0,return_refund,0.0,0.0,0.0,0.0,0.0,0.0,0.0,0.0,NA,0,1499.0
NFT-/XUTR/DEUTH026105A07HCX,76.52,0.0,0.0,3499.0,1607.0,398.215,7.652,0.0,0.0,prepaid,1.53,167.0,0.0,0.0,0.0,197.06,-1396.663,"",'132640092539730851401,2026-04-15,11059936738,c2d844b6-e5ec-4f82-9ed6-f3df65bdaa04,100146478117,Reverse,100005208232,1000001283562,11504,1530.48,5.0,1721.0,0.0,1721.0,return_refund,0.0,0.0,0.0,0.0,0.0,0.0,0.0,0.0,NA,0,1778.0
NFT-/XUTR/DEUTH026105A07HCX,25.14,0.0,0.0,1999.0,528.0,24.922,2.514,0.0,0.0,prepaid,0.503,91.0,0.0,0.0,0.0,107.38,-607.441,"",'132681043787127001003,2026-04-15,11067132634,883c6a4b-632b-48f3-bde1-d9a10db5a3d3,11067132634,Reverse,100012403835,1000003125461,11504,502.86,5.0,1377.0,0.0,1377.0,exchange,0.0,0.0,0.0,0.0,0.0,0.0,0.0,0.0,NA,0,622.0
NFT-/XUTR/DEUTH026105A07HCX,33.1,0.0,0.0,3499.0,695.0,32.804,3.31,0.0,0.0,prepaid,0.662,0.0,0.0,27.0,0.0,31.86,626.364,"",'132650741519454670803,2026-04-15,11061822474,f3f69932-3b5c-4523-815e-dcb0f1e54e36,"",Forward,100007093945,1000001725186,11504,661.9,5.0,2710.0,0.0,2710.0,packet_delivered,0.0,0.0,0.0,0.0,0.0,0.0,0.0,0.0,NA,0,789.0
NFT-/XUTR/DEUTH026105A07HCX,32.57,0.0,0.0,2499.0,684.0,32.285,3.257,0.0,0.0,prepaid,0.651,0.0,0.0,27.0,0.0,31.86,615.947,"",'132654981726317267103,2026-04-15,11062304528,09d002a9-601a-432a-8e3d-105def404a1e,"",Forward,100007575981,100007575981,11504,651.43,5.0,1721.0,0.0,1721.0,packet_delivered,0.0,0.0,0.0,0.0,0.0,0.0,0.0,0.0,NA,0,778.0
NFT-/XUTR/DEUTH026105A07HCX,19.05,0.0,0.0,1699.0,400.0,18.88,1.905,0.0,0.0,prepaid,0.381,0.0,0.0,0.0,0.0,0.0,378.834,"",'132665931761842408603,2026-04-15,11064481043,f9e90601-356c-4b7e-8a8e-493da789ab7e,"",Forward,100009752335,1000002262631,11504,380.95,5.0,1205.0,0.0,1205.0,packet_delivered,0.0,0.0,0.0,0.0,0.0,0.0,0.0,0.0,NA,0,494.0
NFT-/XUTR/DEUTH026105A07HCX,24.05,0.0,0.0,1499.0,504.99999999999994,131.098,2.405,0.0,0.0,prepaid,0.481,167.0,0.0,0.0,0.0,197.06,-568.076,"",'132654182914817861501,2026-04-15,11062196420,be92d3b4-7e86-4334-a4e8-cf9cb9537a7b,100149182661,Reverse,100007467891,1000001622577,11504,480.95,5.0,900.0,0.0,900.0,return_refund,0.0,0.0,0.0,0.0,0.0,0.0,0.0,0.0,NA,0,599.0
NFT-/XUTR/DEUTH026105A07HCX,51.76,0.0,0.0,3399.0,1087.0,269.359,5.176,0.0,0.0,prepaid,1.035,167.0,0.0,0.0,0.0,197.06,-1008.49,"",'132660712958131488701,2026-04-15,11063676666,658c2201-a91a-4606-bd73-71be114afbd2,100149125639,Reverse,100008948068,100008948068,11504,1035.24,5.0,2141.0,0.0,2141.0,return_refund,0.0,0.0,0.0,0.0,0.0,0.0,0.0,0.0,NA,0,1258.0
NFT-/XUTR/DEUTH026105A07HCX,70.38,0.0,0.0,3299.0,1478.0,366.248,7.038,0.0,0.0,prepaid,1.408,112.0,0.0,0.0,0.0,132.16,-1235.466,"",'132665397629584144403,2026-04-15,11064339183,185b62a9-5962-47a9-a6d1-ad50e8e06024,100146839718,Reverse,100009610496,1000002632036,11504,1407.62,5.0,1650.0,0.0,1650.0,return_refund,0.0,0.0,0.0,0.0,0.0,0.0,0.0,0.0,NA,0,1649.0
NFT-/XUTR/DEUTH026105A07HCX,24.05,0.0,0.0,1499.0,505.0,131.098,2.405,0.0,0.0,prepaid,0.481,0.0,0.0,27.0,0.0,31.86,339.156,"",'132654182914817861501,2026-04-15,11062196420,be92d3b4-7e86-4334-a4e8-cf9cb9537a7b,"",Forward,100007467891,1000001622577,11504,480.95,5.0,900.0,0.0,900.0,packet_delivered,0.0,0.0,0.0,0.0,0.0,0.0,0.0,0.0,NA,0,599.0
NFT-/XUTR/DEUTH026105A07HCX,35.29,0.0,0.0,2799.0,741.0,34.97500000000001,3.529,0.0,0.0,prepaid,0.706,167.0,0.0,0.0,0.0,197.06,-898.85,"",'132655692720037935403,2026-04-15,11062462880,965c415a-44a7-4c04-9749-8054f25eae5a,100146702538,Reverse,100007734320,1000001744927,11504,705.71,5.0,1964.0,0.0,1964.0,return_refund,0.0,0.0,0.0,0.0,0.0,0.0,0.0,0.0,NA,0,835.0
NFT-/XUTR/DEUTH026105A07HCX,32.48,0.0,0.0,1699.0,682.0,177.047,3.248,0.0,0.0,prepaid,0.65,0.0,0.0,27.0,0.0,31.86,469.195,"",'132639375427461744301,2026-04-15,11059784769,d6f12074-b1d1-459a-a8fd-782a4ed17e39,"",Forward,100005056274,1000000915641,11504,649.52,5.0,923.0,0.0,923.0,packet_delivered,0.0,0.0,0.0,0.0,0.0,0.0,0.0,0.0,NA,0,776.0
NFT-/XUTR/DEUTH026105A07HCX,25.19,0.0,0.0,1650.0,529.0,37.453,2.519,0.0,0.0,prepaid,0.504,167.0,0.0,0.0,0.0,197.06,-685.584,"",'132642040986831976301,2026-04-15,11060352078,a643b3ad-2851-43c0-a254-8875a9d6d7e4,11060352078,Reverse,100005623569,100005623569,11504,503.81,5.0,1027.0,0.0,1027.0,exchange,0.0,0.0,0.0,0.0,0.0,0.0,0.0,0.0,NA,0,623.0
NFT-/XUTR/DEUTH026105A07HCX,20.05,0.0,0.0,1599.0,420.99999999999994,19.871,2.005,0.0,0.0,prepaid,0.401,167.0,0.0,0.0,0.0,197.06,-595.783,"",'132643060559381742901,2026-04-15,11060603253,29b67f0f-5b81-4e2b-b9e4-90d0c5c77fcb,100146481093,Reverse,100005874742,100005874742,11504,400.95,5.0,1084.0,0.0,1084.0,return_refund,0.0,0.0,0.0,0.0,0.0,0.0,0.0,0.0,NA,0,514.99
NFT-/XUTR/DEUTH026105A07HCX,30.71,0.0,0.0,2299.0,645.0,30.443999999999996,3.071,0.0,0.0,prepaid,0.614,0.0,0.0,27.0,0.0,31.86,579.011,"",'132643088377788985001,2026-04-15,11060607984,85fc473f-cae5-4d3b-a93a-b3f5e3c41e99,"",Forward,100005879473,1000001257571,11504,614.29,5.0,1560.0,0.0,1560.0,packet_delivered,0.0,0.0,0.0,0.0,0.0,0.0,0.0,0.0,NA,0,739.0
NFT-/XUTR/DEUTH026105A07HCX,42.43,0.0,0.0,2899.0,891.0,231.304,4.243,0.0,0.0,prepaid,0.849,0.0,0.0,27.0,0.0,31.86,622.744,"",'132643089305787239601,2026-04-15,11060608115,57bd13ce-8ae9-49df-b5af-e91bfb6e3784,"",Forward,100005879604,100005879604,11504,848.57,5.0,1914.0,0.0,1914.0,packet_delivered,0.0,0.0,0.0,0.0,0.0,0.0,0.0,0.0,NA,0,985.0
NFT-/XUTR/DEUTH026105A07HCX,37.19,0.0,0.0,1750.0,781.0,202.748,3.719,0.0,0.0,prepaid,0.744,0.0,0.0,27.0,0.0,31.86,541.929,"",'132667203100540029703,2026-04-15,11064807226,142ab812-4abf-47a6-84c8-99e726da669f,"",Forward,100010078486,1000002322634,11504,743.81,5.0,875.0,0.0,875.0,packet_delivered,0.0,0.0,0.0,0.0,0.0,0.0,0.0,0.0,NA,0,875.0
NFT-/XUTR/DEUTH026105A07HCX,69.24,0.0,0.0,3199.0,1454.0,360.301,6.924,0.0,0.0,prepaid,1.385,0.0,0.0,45.0,0.0,53.1,1032.29,"",'132642720507279283703,2026-04-15,11060528725,70659548-777c-403b-be3b-c162ad92b36a,"",Forward,100005800214,1000001285406,11504,1384.76,5.0,1574.0,0.0,1574.0,packet_delivered,0.0,0.0,0.0,0.0,0.0,0.0,0.0,0.0,NA,0,1625.0
NFT-/XUTR/DEUTH026105A07HCX,32.48,0.0,0.0,1699.0,50.039,12.99,0.238,0.0,0.0,prepaid,0.048,0.0,0.0,1.981,0.0,2.33758,34.425,"",'132651094400113079401,2026-04-15,11061915740,b0eb9c06-5fc7-4608-b8de-fd9184a06eea,"",Forward,100007187211,100007187211,11504,649.52,5.0,923.0,0.0,923.0,packet_delivered,0.0,0.0,0.0,0.0,0.0,0.0,0.0,0.0,NA,0,775.99
NFT-/XUTR/DEUTH026105A07HCX,58.86,0.0,0.0,3499.0,1236.0,306.281,5.886,0.0,0.0,prepaid,1.177,91.0,0.0,0.0,0.0,107.38,-1030.036,"",'132675184400550189501,2026-04-15,11066214989,b9818e19-5f35-4d9f-962a-2bae4632d71a,100147001618,Reverse,100011486199,100011486199,11504,1177.14,5.0,2092.0,0.0,2092.0,return_refund,0.0,0.0,0.0,0.0,0.0,0.0,0.0,0.0,NA,0,1407.0
NFT-/XUTR/DEUTH026105A07HCX,58.48,0.0,0.0,2799.0,1114.35,276.136,5.306,0.0,0.0,prepaid,1.061,0.0,0.0,40.835,0.0,48.1853,783.662,"",'132644988928055437201,2026-04-15,11060701663,b9b5cfd1-97df-473e-a16d-08333d693afe,"",Forward,100005973152,100005973152,11504,1169.52,5.0,1400.0,0.0,1400.0,packet_delivered,0.0,0.0,0.0,0.0,0.0,0.0,0.0,0.0,NA,0,1399.0
NFT-/XUTR/DEUTH026105A07HCX,35.95,0.0,0.0,1699.0,755.0,195.998,3.595,0.0,0.0,prepaid,0.719,167.0,0.0,0.0,0.0,197.06,-751.748,"",'132646588061036982601,2026-04-15,11060878380,202f0040-cda7-4e92-bcb8-8f37d38faa91,11060878380,Reverse,100006149863,100006149863,11504,719.05,5.0,850.0,0.0,850.0,exchange,0.0,0.0,0.0,0.0,0.0,0.0,0.0,0.0,NA,0,848.99
NFT-/XUTR/DEUTH026105A07HCX,56.14,0.0,0.0,2999.0,1179.0,292.156,5.614,0.0,0.0,prepaid,1.123,0.0,0.0,45.0,0.0,53.1,827.007,"",'132654812908146877501,2026-04-15,11062275476,2a01460e-ffb6-4171-8085-53545284ab6b,"",Forward,100007546947,100007546947,11504,1122.86,5.0,1649.0,0.0,1649.0,packet_delivered,0.0,0.0,0.0,0.0,0.0,0.0,0.0,0.0,NA,0,1350.0
NFT-/XUTR/DEUTH026105A07HCX,19.1,0.0,0.0,1599.0,400.99999999999994,18.927,1.91,0.0,0.0,prepaid,0.382,167.0,0.0,0.0,0.0,197.06,-576.841,"",'132659772337849705501,2026-04-15,11063477207,c3d1b964-a723-453d-9242-c91fb8cd00e2,11063477207,Reverse,100008748609,100008748609,11504,381.9,5.0,1104.0,0.0,1104.0,exchange,0.0,0.0,0.0,0.0,0.0,0.0,0.0,0.0,NA,0,495.0
NFT-/XUTR/DEUTH026105A07HCX,61.95,0.0,0.0,2899.0,1301.0,322.388,6.195,0.0,0.0,prepaid,1.239,91.0,0.0,0.0,0.0,107.38,-1078.558,"",'132673727638826623201,2026-04-15,11065882183,1a2071cb-9a52-45ba-bf48-f0b11ac77977,11065882183,Reverse,100011153411,100011153411,11504,1239.05,5.0,1427.0,0.0,1427.0,exchange,0.0,0.0,0.0,0.0,0.0,0.0,0.0,0.0,NA,0,1471.99
NFT-/XUTR/DEUTH026105A07HCX,114.95,0.0,0.0,2620.0,13.65,3.222,0.065,0.0,0.0,prepaid,0.013,0.0,0.0,0.345,0.0,0.4071,9.943,"",'132659598297143240601,2026-04-15,11063428639,a40ed083-2538-4a1e-b2a4-a396c1562b84,"",Forward,100008700041,100008700041,11504,2299.05,5.0,0.0,0.0,0.0,packet_delivered,0.0,0.0,0.0,0.0,0.0,0.0,0.0,0.0,NA,0,2620.0
NFT-/XUTR/DEUTH026105A07HCX,35.29,0.0,0.0,2799.0,741.0,34.97500000000001,3.529,0.0,0.0,prepaid,0.706,91.0,0.0,0.0,0.0,107.38,-809.17,"",'132665199625820406803,2026-04-15,11064285162,ae91bcb8-3db0-4581-bad7-48fbc0cee963,100146374036,Reverse,100009556475,100009556475,11504,705.71,5.0,1964.0,0.0,1964.0,return_refund,0.0,0.0,0.0,0.0,0.0,0.0,0.0,0.0,NA,0,835.0
NFT-/XUTR/DEUTH026105A07HCX,26.24,0.0,0.0,1750.0,551.0,39.011,2.624,0.0,0.0,prepaid,0.525,167.0,0.0,0.0,0.0,197.06,-705.9,"",'132651344461025973001,2026-04-15,11061981569,7d6e652b-728a-4cc4-940d-48817f0ddc94,100146482484,Reverse,100007253040,1000001742787,11504,524.76,5.0,1105.0,0.0,1105.0,return_refund,0.0,0.0,0.0,0.0,0.0,0.0,0.0,0.0,NA,0,645.0
NFT-/XUTR/DEUTH026105A07HCX,25.14,0.0,0.0,1999.0,528.0,24.922,2.514,0.0,0.0,prepaid,0.503,0.0,0.0,7.0,0.0,8.26,491.801,"",'132681043787127001003,2026-04-15,11067132634,883c6a4b-632b-48f3-bde1-d9a10db5a3d3,"",Forward,100012403835,1000003125461,11504,502.86,5.0,1377.0,0.0,1377.0,packet_delivered,0.0,0.0,0.0,0.0,0.0,0.0,0.0,0.0,NA,0,622.0
NFT-/XUTR/DEUTH026105A07HCX,72.76,0.0,0.0,3399.0,1528.0,378.638,7.276,0.0,0.0,prepaid,1.455,0.0,0.0,45.0,0.0,53.1,1087.531,"",'132657876049777816303,2026-04-15,11063016677,7f82b8f6-47ed-49c8-aaa4-ef99199d1efa,"",Forward,100008288084,1000002174296,11504,1455.24,5.0,1700.0,0.0,1700.0,packet_delivered,0.0,0.0,0.0,0.0,0.0,0.0,0.0,0.0,NA,0,1699.0
NFT-/XUTR/DEUTH026105A07HCX,0.0,38.76,38.76,1799.0,1628.0,384.208,0.0,3.876,3.876,prepaid,1.55,0.0,0.0,45.0,0.0,53.1,1181.39,"",'132668739706114019803,2026-04-15,11065244693,48d22c3f-6c96-4107-8237-fe92738e23ab,"",Forward,100010515953,1000002425722,11504,1550.48,5.0,0.0,0.0,0.0,packet_delivered,0.0,0.0,0.0,0.0,0.0,0.0,0.0,0.0,NA,0,1799.0
NFT-/XUTR/DEUTH026105A07HCX,63.24,0.0,0.0,2999.0,1328.0,329.078,6.324,0.0,0.0,prepaid,1.265,0.0,0.0,45.0,0.0,53.1,938.233,"",'132654775413632422603,2026-04-15,11062269310,deafa521-e60c-43fc-af17-3ece6c0222c6,"",Forward,100007540781,100007540781,11504,1264.76,5.0,1500.0,0.0,1500.0,packet_delivered,0.0,0.0,0.0,0.0,0.0,0.0,0.0,0.0,NA,0,1499.0
NFT-/XUTR/DEUTH026105A07HCX,0.0,13.6,13.6,2299.0,571.0,26.951,0.0,1.3595,1.3595,prepaid,0.544,0.0,0.0,7.0,0.0,8.26,532.526,"",'132670857563224542003,2026-04-15,11065419531,8b0e84ad-e7d1-466f-968d-040fe3ea7191,"",Forward,100010690791,100010690791,11504,543.8,5.0,1634.0,0.0,1634.0,packet_delivered,0.0,0.0,0.0,0.0,0.0,0.0,0.0,0.0,NA,0,664.99
NFT-/XUTR/DEUTH026105A07HCX,48.86,0.0,0.0,1899.0,1026.0,242.136,4.886,0.0,0.0,prepaid,0.977,0.0,0.0,45.0,0.0,53.1,724.901,"",'132640021823563655003,2026-04-15,11059922150,9aca2fb4-502c-4696-b359-9cf6d349f0a6,"",Forward,100005193646,100005193646,11504,977.14,5.0,702.0,0.0,702.0,packet_delivered,0.0,0.0,0.0,0.0,0.0,0.0,0.0,0.0,NA,0,1197.0
NFT-/XUTR/DEUTH026105A07HCX,39.05,0.0,0.0,1799.0,820.0,212.872,3.905,0.0,0.0,prepaid,0.781,0.0,0.0,27.0,0.0,31.86,570.582,"",'132647690772800140001,2026-04-15,11061135619,77d70f4c-ce0c-4379-9f75-d7429319cc5b,"",Forward,100006407093,1000001301197,11504,780.95,5.0,885.0,0.0,885.0,packet_delivered,0.0,0.0,0.0,0.0,0.0,0.0,0.0,0.0,NA,0,914.0
NFT-/XUTR/DEUTH026105A07HCX,41.19,0.0,0.0,2799.0,865.0,224.554,4.119,0.0,0.0,prepaid,0.824,0.0,0.0,27.0,0.0,31.86,603.643,"",'132664625156677879903,2026-04-15,11064122054,5606715d-e31f-42b6-b179-24b7f56bdae3,"",Forward,100009393368,100009393368,11504,823.81,5.0,1840.0,0.0,1840.0,packet_delivered,0.0,0.0,0.0,0.0,0.0,0.0,0.0,0.0,NA,0,959.0
NFT-/XUTR/DEUTH026105A07HCX,51.76,0.0,0.0,3399.0,1087.0,269.359,5.176,0.0,0.0,prepaid,1.035,167.0,0.0,0.0,0.0,197.06,-1008.49,"",'132640866397386629101,2026-04-15,11060096739,e71fc66e-eac2-44ef-a0d1-fb8da3b2e25b,100146362537,Reverse,100005368230,100005368230,11504,1035.24,5.0,2141.0,0.0,2141.0,return_refund,0.0,0.0,0.0,0.0,0.0,0.0,0.0,0.0,NA,0,1258.0
NFT-/XUTR/DEUTH026105A07HCX,41.38,0.0,0.0,1899.0,869.0,225.592,4.138,0.0,0.0,prepaid,0.828,167.0,0.0,0.0,0.0,197.06,-835.502,"",'132651909834729727603,2026-04-15,11062093316,b7b4ef66-06f6-4513-8ea1-6ffd8263c763,100146866357,Reverse,100007364787,100007364787,11504,827.62,5.0,936.0,0.0,936.0,return_refund,0.0,0.0,0.0,0.0,0.0,0.0,0.0,0.0,NA,0,963.0
NFT-/XUTR/DEUTH026105A07HCX,63.29,0.0,0.0,2999.0,1329.0,329.326,6.329,0.0,0.0,prepaid,1.266,167.0,0.0,0.0,0.0,197.06,-1189.139,"",'132657172747944002803,2026-04-15,11062851599,f8ad7d46-b8a3-461f-9ae4-e18abcc37e48,100148912819,Reverse,100008123018,100008123018,11504,1265.71,5.0,1499.0,0.0,1499.0,return_refund,0.0,0.0,0.0,0.0,0.0,0.0,0.0,0.0,NA,0,1500.0
NFT-/XUTR/DEUTH026105A07HCX,63.29,0.0,0.0,2999.0,1329.0,329.326,6.329,0.0,0.0,prepaid,1.266,0.0,0.0,45.0,0.0,53.1,938.979,"",'132654753243396498803,2026-04-15,11062265776,d1965c75-a800-4752-b589-1ff43483eb19,"",Forward,100007537247,100007537247,11504,1265.71,5.0,1499.0,0.0,1499.0,packet_delivered,0.0,0.0,0.0,0.0,0.0,0.0,0.0,0.0,NA,0,1500.0
NFT-/XUTR/DEUTH026105A07HCX,90.14,0.0,0.0,2999.0,1893.0,469.085,9.014,0.0,0.0,prepaid,1.803,0.0,0.0,45.0,0.0,53.1,1359.998,"",'132650719579823072703,2026-04-15,11061817447,f60d39ed-988f-4e02-b296-1a82b7ee4eb1,"",Forward,100007088918,100007088918,11504,1802.86,5.0,900.0,0.0,900.0,packet_delivered,0.0,0.0,0.0,0.0,0.0,0.0,0.0,0.0,NA,0,2099.0
NFT-/XUTR/DEUTH026105A07HCX,20.14,0.0,0.0,1499.0,423.0,19.966,2.014,0.0,0.0,prepaid,0.403,0.0,0.0,19.0,0.0,22.42,378.197,"",'132642437132166396503,2026-04-15,11060453708,55024498-32b8-453b-be47-aab049bbc0b1,"",Forward,100005725197,100005725197,11504,402.86,5.0,1017.0,0.0,1017.0,packet_delivered,0.0,0.0,0.0,0.0,0.0,0.0,0.0,0.0,NA,0,482.0
NFT-/XUTR/DEUTH026105A07HCX,426.05,0.0,0.0,2999.0,2793.0,659.148,11.835,0.0,0.0,prepaid,2.367,0.0,0.0,61.0,0.0,71.98,2047.67,"",'132646990792448364703,2026-04-15,11060964212,1bb90d89-c371-409a-8015-2dc3cac006d5,"",Forward,100006235691,1000001280076,11504,2366.95,18.0,0.0,0.0,0.0,packet_delivered,0.0,0.0,0.0,0.0,0.0,0.0,0.0,0.0,NA,0,2999.0
NFT-/XUTR/DEUTH026105A07HCX,0.0,13.71,13.71,1799.0,576.0,40.781,0.0,1.3715,1.3715,prepaid,0.549,0.0,0.0,27.0,0.0,31.86,500.067,"",'132681642837392909201,2026-04-15,11067276833,078abd35-47a6-4dba-bf3f-8e4944e1b8be,"",Forward,100012548034,100012548034,11504,548.58,5.0,1129.0,0.0,1129.0,packet_delivered,0.0,0.0,0.0,0.0,0.0,0.0,0.0,0.0,NA,0,670.0000000000001
NFT-/XUTR/DEUTH026105A07HCX,20.05,0.0,0.0,1599.0,421.0,19.871,2.005,0.0,0.0,prepaid,0.401,0.0,0.0,15.0,0.0,17.7,381.023,"",'132643039876220115903,2026-04-15,11060599534,70bec5a4-f39b-4336-bdfa-c43e82588b52,"",Forward,100005871023,100005871023,11504,400.95,5.0,1084.0,0.0,1084.0,packet_delivered,0.0,0.0,0.0,0.0,0.0,0.0,0.0,0.0,NA,0,515.0
NFT-/XUTR/DEUTH026105A07HCX,30.91,0.0,0.0,1650.0,649.0,168.48,3.09,0.0,0.0,prepaid,0.618,0.0,0.0,27.0,0.0,31.86,444.952,"",'132648528636046961701,2026-04-15,11061332313,d619ecdd-c6be-480f-9294-47cce7be8009,"",Forward,100006603787,100006603787,11504,618.1,5.0,907.0,0.0,907.0,packet_delivered,0.0,0.0,0.0,0.0,0.0,0.0,0.0,0.0,NA,0,743.01
NFT-/XUTR/DEUTH026105A07HCX,22.91,0.0,0.0,1599.0,481.0,22.703,2.29,0.0,0.0,prepaid,0.458,0.0,0.0,19.0,0.0,22.42,433.129,"",'132651295586753522903,2026-04-15,11061969072,9a8b5304-4bea-4ff1-8c14-83422336459f,"",Forward,100007240543,100007240543,11504,458.1,5.0,1024.0,0.0,1024.0,packet_delivered,0.0,0.0,0.0,0.0,0.0,0.0,0.0,0.0,NA,0,575.01
NFT-/XUTR/DEUTH026105A07HCX,20.62,0.0,0.0,1699.0,433.0,20.438,2.062,0.0,0.0,prepaid,0.412,0.0,0.0,19.0,0.0,22.42,387.668,"",'132632203403321553603,2026-04-15,11058679093,2b0d5dd2-6b6a-4ad8-a825-789fe385a3b5,"",Forward,100003950622,100003950622,11504,412.38,5.0,1207.0,0.0,1207.0,packet_delivered,0.0,0.0,0.0,0.0,0.0,0.0,0.0,0.0,NA,0,492.0
NFT-/XUTR/DEUTH026105A07HCX,70.38,0.0,0.0,3299.0,774.78,191.99,3.689,0.0,0.0,prepaid,0.738,0.0,0.0,23.589,0.0,27.83502,550.528,"",'132652003600319239901,2026-04-15,11062104776,95cbf875-2ba0-44d7-abfe-1c228160a117,"",Forward,100007376247,100007376247,11504,1407.62,5.0,1650.0,0.0,1650.0,packet_delivered,0.0,0.0,0.0,0.0,0.0,0.0,0.0,0.0,NA,0,1648.98
NFT-/XUTR/DEUTH026105A07HCX,32.91,0.0,0.0,1699.0,691.0,179.384,3.29,0.0,0.0,prepaid,0.658,0.0,0.0,27.0,0.0,31.86,475.808,"",'132675806102658467101,2026-04-15,11066353429,8973c48d-dde0-4102-85f4-fd023c94f136,"",Forward,100011624633,1000002811518,11504,658.1,5.0,914.0,0.0,914.0,packet_delivered,0.0,0.0,0.0,0.0,0.0,0.0,0.0,0.0,NA,0,785.01
NFT-/XUTR/DEUTH026105A07HCX,80.38,0.0,0.0,3999.0,1688.0,418.286,8.038,0.0,0.0,prepaid,1.608,0.0,0.0,45.0,0.0,53.1,1206.968,"",'132668313659557990201,2026-04-15,11065114861,38332c32-3db3-4613-b579-efc686a0a1f9,"",Forward,100010386121,100010386121,11504,1607.62,5.0,2140.0,0.0,2140.0,packet_delivered,0.0,0.0,0.0,0.0,0.0,0.0,0.0,0.0,NA,0,1859.0
NFT-/XUTR/DEUTH026105A07HCX,30.71,0.0,0.0,2299.0,645.0,30.443999999999996,3.071,0.0,0.0,prepaid,0.614,0.0,0.0,27.0,0.0,31.86,579.011,"",'132643088377788985001,2026-04-15,11060607985,85fc473f-cae5-4d3b-a93a-b3f5e3c41e99,"",Forward,100005879474,1000001257571,11504,614.29,5.0,1560.0,0.0,1560.0,packet_delivered,0.0,0.0,0.0,0.0,0.0,0.0,0.0,0.0,NA,0,739.0
NFT-/XUTR/DEUTH026105A07HCX,51.76,0.0,0.0,3399.0,528.565,130.978,2.517,0.0,0.0,prepaid,0.503,54.461,0.0,0.0,0.0,64.26398,-458.831,"",'132658980094697511503,2026-04-15,11063272963,df7820e6-0097-4c69-8ae5-2dcdd9c217f2,100148195506,Reverse,100008544365,100008544365,11504,1035.24,5.0,2141.0,0.0,2141.0,return_refund,0.0,0.0,0.0,0.0,0.0,0.0,0.0,0.0,NA,0,1257.99
NFT-/XUTR/DEUTH026105A07HCX,20.67,0.0,0.0,1799.0,433.99999999999994,20.485,2.067,0.0,0.0,prepaid,0.413,167.0,0.0,0.0,0.0,197.06,-608.095,"",'132607258706541455003,2026-04-15,11054632913,2bb49abd-2167-4c00-9ae8-d67074ad88cf,11054632913,Reverse,9054353612,9054353612,11504,413.33,5.0,1271.0,0.0,1271.0,exchange,0.0,0.0,0.0,0.0,0.0,0.0,0.0,0.0,NA,0,528.0
NFT-/XUTR/DEUTH026105A07HCX,33.19,0.0,0.0,2499.0,697.0,32.898,3.319,0.0,0.0,prepaid,0.664,0.0,0.0,27.0,0.0,31.86,628.259,"",'132666818127201458803,2026-04-15,11064708344,eec977c8-0f89-40ea-85b5-884ddcc84f89,"",Forward,100009979604,100009979604,11504,663.81,5.0,1708.0,0.0,1708.0,packet_delivered,0.0,0.0,0.0,0.0,0.0,0.0,0.0,0.0,NA,0,791.0
NFT-/XUTR/DEUTH026105A07HCX,114.95,0.0,0.0,2620.0,2414.0,569.704,11.495,0.0,0.0,prepaid,2.299,0.0,0.0,61.0,0.0,71.98,1758.522,"",'132642786931725919803,2026-04-15,11060544789,cd8f2fc7-cb2c-4e06-ae2d-7bb693305e9b,"",Forward,100005816278,1000001253839,11504,2299.05,5.0,0.0,0.0,0.0,packet_delivered,0.0,0.0,0.0,0.0,0.0,0.0,0.0,0.0,NA,0,2620.01
NFT-/XUTR/DEUTH026105A07HCX,34.67,0.0,0.0,1799.0,728.0,188.989,3.467,0.0,0.0,prepaid,0.693,0.0,0.0,27.0,0.0,31.86,502.991,"",'132647300778185520601,2026-04-15,11061041119,cf92d939-1b14-4a61-b9f6-c0c5ac361880,"",Forward,100006312593,100006312593,11504,693.33,5.0,977.0,0.0,977.0,packet_delivered,0.0,0.0,0.0,0.0,0.0,0.0,0.0,0.0,NA,0,822.0
NFT-/XUTR/DEUTH026105A07HCX,23.71,0.0,0.0,1650.0,498.0,23.506,2.371,0.0,0.0,prepaid,0.474,0.0,0.0,27.0,0.0,31.86,439.789,"",'132643649223217549903,2026-04-15,11060666089,4b54d78f-5b02-425e-bc48-0d6ab48f2db0,"",Forward,100005937578,100005937578,11504,474.29,5.0,1058.0,0.0,1058.0,packet_delivered,0.0,0.0,0.0,0.0,0.0,0.0,0.0,0.0,NA,0,592.0
NFT-/XUTR/DEUTH026105A07HCX,63.24,0.0,0.0,2999.0,1328.0,329.078,6.324,0.0,0.0,prepaid,1.265,167.0,0.0,0.0,0.0,197.06,-1188.393,"",'132655940051902723503,2026-04-15,11062527264,d9893f43-3d83-476c-bed4-1d93ba991574,100147424828,Reverse,100007798702,100007798702,11504,1264.76,5.0,1500.0,0.0,1500.0,return_refund,0.0,0.0,0.0,0.0,0.0,0.0,0.0,0.0,NA,0,1499.0
NFT-/XUTR/DEUTH026105A07HCX,28.86,0.0,0.0,3450.0,606.0,28.603,2.886,0.0,0.0,prepaid,0.577,91.0,0.0,0.0,0.0,107.38,-681.314,"",'132668775333880462003,2026-04-15,11065254049,d69cbcfa-7aa2-4c57-a6da-2e763b9630c5,100146552371,Reverse,100010525309,100010525309,11504,577.14,5.0,2750.0,0.0,2750.0,return_refund,0.0,0.0,0.0,0.0,0.0,0.0,0.0,0.0,NA,0,700.0
NFT-/XUTR/DEUTH026105A07HCX,56.1,0.0,0.0,2699.0,1178.0,291.908,5.61,0.0,0.0,prepaid,1.122,0.0,0.0,45.0,0.0,53.1,826.26,"",'132679963199490749303,2026-04-15,11066975430,ec10d09c-b091-4983-b10d-77b704953e17,"",Forward,100012246631,100012246631,11504,1121.9,5.0,1350.0,0.0,1350.0,packet_delivered,0.0,0.0,0.0,0.0,0.0,0.0,0.0,0.0,NA,0,1349.0
NFT-/XUTR/DEUTH026105A07HCX,79.57,0.0,0.0,1999.0,1671.0,394.356,7.957,0.0,0.0,prepaid,1.591,0.0,0.0,45.0,0.0,53.1,1213.996,"",'132650652738333751801,2026-04-15,11061800909,31a072c6-b0f3-4918-8889-3f9c4ce507d7,"",Forward,100007072380,100007072380,11504,1591.43,5.0,157.0,0.0,157.0,packet_delivered,0.0,0.0,0.0,0.0,0.0,0.0,0.0,0.0,NA,0,1842.0
NFT-/XUTR/DEUTH026105A07HCX,49.62,0.0,0.0,3099.0,1042.0,258.208,4.962,0.0,0.0,prepaid,0.992,0.0,0.0,45.0,0.0,53.1,724.738,"",'132655666805937328003,2026-04-15,11062456659,02c8ced1-8937-42c3-9c8d-6d6a94b198fe,"",Forward,100007728100,1000001743769,11504,992.38,5.0,1886.0,0.0,1886.0,packet_delivered,0.0,0.0,0.0,0.0,0.0,0.0,0.0,0.0,NA,0,1213.0
NFT-/XUTR/DEUTH026105A07HCX,18.19,0.0,0.0,1699.0,382.0,18.03,1.819,0.0,0.0,prepaid,0.364,0.0,0.0,0.0,0.0,0.0,361.787,"",'132664331473291127501,2026-04-15,11064039575,9d4c9262-ddbf-4f01-a030-dd334a6daf4a,"",Forward,100009310895,100009310895,11504,363.81,5.0,1258.0,0.0,1258.0,packet_delivered,0.0,0.0,0.0,0.0,0.0,0.0,0.0,0.0,NA,0,441.0
NFT-/XUTR/DEUTH026105A07HCX,19.1,0.0,0.0,1599.0,401.0,18.927,1.91,0.0,0.0,prepaid,0.382,0.0,0.0,15.0,0.0,17.7,362.081,"",'132659772337849705501,2026-04-15,11063477207,c3d1b964-a723-453d-9242-c91fb8cd00e2,"",Forward,100008748609,100008748609,11504,381.9,5.0,1104.0,0.0,1104.0,packet_delivered,0.0,0.0,0.0,0.0,0.0,0.0,0.0,0.0,NA,0,495.0
NFT-/XUTR/DEUTH026105A07HCX,0.0,51.74,51.74,3399.0,2173.0,512.828,0.0,5.174,5.174,prepaid,2.07,0.0,0.0,61.0,0.0,71.98,1575.774,"",'132675240375681859301,2026-04-15,11066227294,cef11cb1-ff50-4500-89b6-947baeb56d82,"",Forward,100011498503,100011498503,11504,2069.52,5.0,1020.0,0.0,1020.0,packet_delivered,0.0,0.0,0.0,0.0,0.0,0.0,0.0,0.0,NA,0,2378.9999999999995
NFT-/XUTR/DEUTH026105A07HCX,401.03,0.0,0.0,4499.0,2629.0,620.444,11.14,0.0,0.0,prepaid,2.228,0.0,0.0,61.0,0.0,71.98,1923.208,"",'132665850675112382703,2026-04-15,11064460107,1548b34c-8051-4200-8438-fae3428fa3c4,"",Forward,100009731403,100009731403,11504,2227.97,18.0,1664.0,0.0,1664.0,packet_delivered,0.0,0.0,0.0,0.0,0.0,0.0,0.0,0.0,NA,0,2835.0
NFT-/XUTR/DEUTH026105A07HCX,25.52,0.0,0.0,1999.0,0.3,0.013999999999999999,0.001,0.0,0.0,prepaid,0,0.094,0.0,0.0,0.0,0.11092,-0.396,"",'132640310207378134703,2026-04-15,11059982446,e0d1552e-6745-4624-aecd-18eed13320bc,11059982446,Reverse,100005253939,1000001277809,11504,510.48,5.0,1369.0,0.0,1369.0,exchange,0.0,0.0,0.0,0.0,0.0,0.0,0.0,0.0,NA,0,630.0
NFT-/XUTR/DEUTH026105A07HCX,48.95,0.0,0.0,2999.0,1028.0,242.608,4.895,0.0,0.0,prepaid,0.979,0.0,0.0,45.0,0.0,53.1,726.418,"",'132641758198119216601,2026-04-15,11060285781,ba948ebc-1dd9-4d3d-8acf-a5b6107a3b01,"",Forward,100005557272,100005557272,11504,979.05,5.0,1800.0,0.0,1800.0,packet_delivered,0.0,0.0,0.0,0.0,0.0,0.0,0.0,0.0,NA,0,1199.0
NFT-/XUTR/DEUTH026105A07HCX,63.29,0.0,0.0,2999.0,1329.0,329.326,6.329,0.0,0.0,prepaid,1.266,0.0,0.0,45.0,0.0,53.1,938.979,"",'132646211979983275403,2026-04-15,11060813044,9d1b04b1-7dd4-4d3a-85b7-f9394b4eedbb,"",Forward,100006084532,100006084532,11504,1265.71,5.0,1499.0,0.0,1499.0,packet_delivered,0.0,0.0,0.0,0.0,0.0,0.0,0.0,0.0,NA,0,1500.0
NFT-/XUTR/DEUTH026105A07HCX,71.14,0.0,0.0,3699.0,1494.0,334.955,7.114,0.0,0.0,prepaid,1.423,0.0,0.0,45.0,0.0,53.1,1097.408,"",'132676999693335268703,2026-04-15,11066673681,93c35533-f551-480a-bc93-0a413da8c62d,"",Forward,100011944885,100011944885,11504,1422.86,5.0,2034.0,0.0,2034.0,packet_delivered,0.0,0.0,0.0,0.0,0.0,0.0,0.0,0.0,NA,0,1665.0
NFT-/XUTR/DEUTH026105A07HCX,36.52,0.0,0.0,2499.0,767.0,36.202,3.652,0.0,0.0,prepaid,0.73,167.0,0.0,0.0,0.0,197.06,-923.476,"",'132642453917459126303,2026-04-15,11060458438,196591b5-3367-4c01-91ca-e4a6f1445f62,100146512837,Reverse,100005729927,100005729927,11504,730.48,5.0,1638.0,0.0,1638.0,return_refund,0.0,0.0,0.0,0.0,0.0,0.0,0.0,0.0,NA,0,861.0
NFT-/XUTR/DEUTH026105A07HCX,20.76,0.0,0.0,1650.0,436.0,20.579,2.076,0.0,0.0,prepaid,0.415,0.0,0.0,19.0,0.0,22.42,390.51,"",'132651222500955927003,2026-04-15,11061950230,bdb33bba-59fd-4f1c-a543-f7caf09dbb38,"",Forward,100007221701,100007221701,11504,415.24,5.0,1155.0,0.0,1155.0,packet_delivered,0.0,0.0,0.0,0.0,0.0,0.0,0.0,0.0,NA,0,495.0
NFT-/XUTR/DEUTH026105A07HCX,0.0,18.57,18.57,1750.0,780.0,202.488,0.0,1.857,1.857,prepaid,0.743,91.0,0.0,0.0,0.0,107.38,-680.435,"",'132660538146534650903,2026-04-15,11063654908,c4d42374-dfa8-4d20-8655-f6f76ec69eca,100147896664,Reverse,100008926310,1000001996942,11504,742.86,5.0,876.0,0.0,876.0,return_refund,0.0,0.0,0.0,0.0,0.0,0.0,0.0,0.0,NA,0,874.0000000000001
NFT-/XUTR/DEUTH026105A07HCX,40.71,0.0,0.0,2799.0,855.0,221.958,4.071,0.0,0.0,prepaid,0.814,167.0,0.0,0.0,0.0,197.06,-825.217,"",'132192339451744358203,2026-04-15,10956414943,647468fa-ff0b-4302-8a67-81f4e1feab41,10956414943,Reverse,8956137037,8956137037,11504,814.29,5.0,1850.0,0.0,1850.0,exchange,0.0,0.0,0.0,0.0,0.0,0.0,0.0,0.0,NA,0,949.0
NFT-/XUTR/DEUTH026105A07HCX,45.95,0.0,0.0,1599.0,965.0,250.514,4.595,0.0,0.0,prepaid,0.919,0.0,0.0,27.0,0.0,31.86,677.112,"",'132645712928179161003,2026-04-15,11060746899,bb592e9d-a631-4d0b-a97f-14c07fd6cb73,"",Forward,100006018388,100006018388,11504,919.05,5.0,463.0,0.0,463.0,packet_delivered,0.0,0.0,0.0,0.0,0.0,0.0,0.0,0.0,NA,0,1136.0
NFT-/XUTR/DEUTH026105A07HCX,35.1,0.0,0.0,2699.0,737.0,34.786,3.51,0.0,0.0,prepaid,0.702,0.0,0.0,27.0,0.0,31.86,666.142,"",'132650389537386775801,2026-04-15,11061740477,69234977-a549-47fa-bee3-08df8b8d4cb0,"",Forward,100007011948,100007011948,11504,701.9,5.0,1868.0,0.0,1868.0,packet_delivered,0.0,0.0,0.0,0.0,0.0,0.0,0.0,0.0,NA,0,831.0
NFT-/XUTR/DEUTH026105A07HCX,0.0,37.57,37.57,3499.0,1578.0,391.028,0.0,3.757,3.757,prepaid,1.503,0.0,0.0,45.0,0.0,53.1,1124.855,"",'132668641742261152403,2026-04-15,11065214906,65342cda-b3de-49ab-81f3-f0ccee19c398,"",Forward,100010486166,100010486166,11504,1502.86,5.0,1750.0,0.0,1750.0,packet_delivered,0.0,0.0,0.0,0.0,0.0,0.0,0.0,0.0,NA,0,1748.9999999999998
NFT-/XUTR/DEUTH026105A07HCX,45.14,0.0,0.0,1750.0,948.0,246.101,4.514,0.0,0.0,prepaid,0.903,0.0,0.0,27.0,0.0,31.86,664.622,"",'132629742649997262101,2026-04-15,11058173690,aa203567-b89e-43f3-ac7a-eba6b7d0cbed,"",Forward,100003445227,100003445227,11504,902.86,5.0,631.0,0.0,631.0,packet_delivered,0.0,0.0,0.0,0.0,0.0,0.0,0.0,0.0,NA,0,1119.0
NFT-/XUTR/DEUTH026105A07HCX,36.52,0.0,0.0,2499.0,767.0,36.202,3.652,0.0,0.0,prepaid,0.73,0.0,0.0,27.0,0.0,31.86,694.556,"",'132661450986245105603,2026-04-15,11063720924,89fa25a4-2f57-43fd-b314-31e6561d824b,"",Forward,100008992326,1000002165491,11504,730.48,5.0,1638.0,0.0,1638.0,packet_delivered,0.0,0.0,0.0,0.0,0.0,0.0,0.0,0.0,NA,0,861.0
NFT-/XUTR/DEUTH026105A07HCX,49.81,0.0,0.0,2999.0,1046.0,259.199,4.981,0.0,0.0,prepaid,0.996,0.0,0.0,45.0,0.0,53.1,727.724,"",'132639222305438955603,2026-04-15,11059751194,20772152-7725-44fb-9943-8a2ec60e0668,"",Forward,100005022699,100005022699,11504,996.19,5.0,1782.0,0.0,1782.0,packet_delivered,0.0,0.0,0.0,0.0,0.0,0.0,0.0,0.0,NA,0,1216.96
NFT-/XUTR/DEUTH026105A07HCX,20.05,0.0,0.0,1599.0,288.58,13.621,1.374,0.0,0.0,prepaid,0.275,76.772,0.0,0.0,0.0,90.59096,-363.901,"",'132657578503318453203,2026-04-15,11062948230,c1536cf4-6f74-403b-abfc-3f4bc82f78b9,100146636110,Reverse,100008219643,1000002170310,11504,400.95,5.0,1084.0,0.0,1084.0,return_refund,0.0,0.0,0.0,0.0,0.0,0.0,0.0,0.0,NA,0,515.0
NFT-/XUTR/DEUTH026105A07HCX,38.33,0.0,0.0,1799.0,805.0,208.978,3.833,0.0,0.0,prepaid,0.767,0.0,0.0,27.0,0.0,31.86,559.562,"",'132655141963814540501,2026-04-15,11062336095,4a7cd07b-57e9-437f-a772-c2f8ab97dbd1,"",Forward,100007607544,100007607544,11504,766.67,5.0,900.0,0.0,900.0,packet_delivered,0.0,0.0,0.0,0.0,0.0,0.0,0.0,0.0,NA,0,899.0
NFT-/XUTR/DEUTH026105A07HCX,80.38,0.0,0.0,3999.0,1688.0,418.286,8.038,0.0,0.0,prepaid,1.608,0.0,0.0,45.0,0.0,53.1,1206.968,"",'132673918162687843401,2026-04-15,11065927564,abcc7170-ff5a-40fe-9150-8e74f7e950bd,"",Forward,100011198792,100011198792,11504,1607.62,5.0,2140.0,0.0,2140.0,packet_delivered,0.0,0.0,0.0,0.0,0.0,0.0,0.0,0.0,NA,0,1859.0
NFT-/XUTR/DEUTH026105A07HCX,63.24,0.0,0.0,2999.0,1328.0,329.078,6.324,0.0,0.0,prepaid,1.265,0.0,0.0,45.0,0.0,53.1,938.233,"",'132676925589688462201,2026-04-15,11066650463,b34a1bd3-cf6c-4d8e-a6af-f83bfecb7cb1,"",Forward,100011921667,100011921667,11504,1264.76,5.0,1500.0,0.0,1500.0,packet_delivered,0.0,0.0,0.0,0.0,0.0,0.0,0.0,0.0,NA,0,1499.0
NFT-/XUTR/DEUTH026105A07HCX,26.24,0.0,0.0,1750.0,551.0,39.011,2.624,0.0,0.0,prepaid,0.525,0.0,0.0,27.0,0.0,31.86,476.98,"",'132651344461025973001,2026-04-15,11061981569,7d6e652b-728a-4cc4-940d-48817f0ddc94,"",Forward,100007253040,1000001742787,11504,524.76,5.0,1105.0,0.0,1105.0,packet_delivered,0.0,0.0,0.0,0.0,0.0,0.0,0.0,0.0,NA,0,645.0
NFT-/XUTR/DEUTH026105A07HCX,21.43,0.0,0.0,1499.0,450.0,21.24,2.143,0.0,0.0,prepaid,0.429,0.0,0.0,15.0,0.0,17.7,408.488,"",'132654546212495240603,2026-04-15,11062235612,fc91f62a-c5cd-46a3-a90d-55c918db73df,"",Forward,100007507083,100007507083,11504,428.57,5.0,955.0,0.0,955.0,packet_delivered,0.0,0.0,0.0,0.0,0.0,0.0,0.0,0.0,NA,0,544.0
NFT-/XUTR/DEUTH026105A07HCX,56.1,0.0,0.0,2999.0,1178.0,291.908,5.61,0.0,0.0,prepaid,1.122,0.0,0.0,45.0,0.0,53.1,826.26,"",'132651058434513542403,2026-04-15,11061905849,cbdb4f50-5294-49b4-9d70-faf7970f1bc2,"",Forward,100007177320,100007177320,11504,1121.9,5.0,1650.0,0.0,1650.0,packet_delivered,0.0,0.0,0.0,0.0,0.0,0.0,0.0,0.0,NA,0,1349.0
NFT-/XUTR/DEUTH026105A07HCX,51.81,0.0,0.0,2799.0,1088.0,269.606,5.181,0.0,0.0,prepaid,1.036,167.0,0.0,0.0,0.0,197.06,-1009.237,"",'132643136835146523801,2026-04-15,11060615799,044a0f95-5bc2-4ab6-a85e-d9dbc5f6f710,100147738286,Reverse,100005887288,1000001281724,11504,1036.19,5.0,1540.0,0.0,1540.0,return_refund,0.0,0.0,0.0,0.0,0.0,0.0,0.0,0.0,NA,0,1259.0
NFT-/XUTR/DEUTH026105A07HCX,70.38,0.0,0.0,3299.0,1478.0,366.248,7.038,0.0,0.0,prepaid,1.408,0.0,0.0,45.0,0.0,53.1,1050.206,"",'132648148775371435001,2026-04-15,11061242820,83abb31c-b16f-44e1-9d3c-db6595cc4caa,"",Forward,100006514294,100006514294,11504,1407.62,5.0,1650.0,0.0,1650.0,packet_delivered,0.0,0.0,0.0,0.0,0.0,0.0,0.0,0.0,NA,0,1649.0
