NEFT_Ref,igst_amount,cgst_amount,sgst_amount,MRP,customer_paid_amt,Commission,IGST_TCS,CGST_TCS,SGST_TCS,Payment_Type,TDS,Shipping_Fee,pick_and_pack_fee,fixed_fee,Payment_Gateway_Fee,Logistics_Commission,Settled_Amount,NOD_Comment,Store_Order_id,Payment_Date,order_line_id,seller_order_id,return_id,Order_Type,order_release_id,Packet_Id,Seller_Id,taxable_amount,Tax_Rate,seller_discount,platform_discount,total_discount,comments,fwdAdditionalCharges,rvsAdditionalCharges,techEnablement,airLogistics,royaltyCharges,royaltyPercent,marketingCharges,marketingPercent,marketingContribution,commission_discount,sale_Total_Customer_Paid
NFT-/XUTR/DEUTH02616724361X,100.95,0.0,0.0,3499.0,2120.0,500.31999999999994,10.095,0.0,0.0,prepaid,2.019,0.0,0.0,65.0,0.0,76.7,1530.866,"",'133183245981493544801,2026-06-16,11179547259,09d7a62f-283c-44d2-b85a-2963ab6b2dd4,"",Forward,100124817947,1000035406000,11504,2019.05,5.0,1173.0,0.0,1173.0,packet_delivered,0.0,0.0,0.0,0.0,0.0,0.0,0.0,0.0,NA,0,2326.0
NFT-/XUTR/DEUTH02616724361X,35.1,0.0,0.0,1750.0,693.001,179.903,3.3,0.0,0.0,prepaid,0.66,171.134,0.0,0.0,0.0,201.93812,-711.076,"",'133183574374318042001,2026-06-16,11179727854,757f9def-f5ec-4ee7-8967-d707d2fb3330,100167466644,Reverse,100124998542,1000034648675,11504,701.9,5.0,919.0,44.0,963.0,return_refund,0.0,0.0,0.0,0.0,0.0,0.0,0.0,0.0,NA,0,831.0
NFT-/XUTR/DEUTH02616724361X,0.0,14.05,14.05,1799.0,590.0,123.9,0.0,1.405,1.405,prepaid,0.562,0.0,0.0,27.0,0.0,31.86,430.868,"",'133204792250244840703,2026-06-16,11191616448,99f1356d-5ef8-46da-88cc-5b5b151c0b64,"",Forward,100136887134,100136887134,11504,561.9,5.0,1115.0,0.0,1115.0,packet_delivered,0.0,0.0,0.0,0.0,0.0,0.0,0.0,0.0,NA,0,683.9999999999999
NFT-/XUTR/DEUTH02616724361X,70.0,0.0,0.0,3399.0,1470.0,329.574,7,0.0,0.0,prepaid,1.4,182.0,0.0,0.0,0.0,214.76,-1346.786,"",'133167476163508819803,2026-06-16,11174676839,a11ec75e-c390-48c2-a160-14c7a0c58993,100168150363,Reverse,100119947528,100119947528,11504,1400,5.0,1758.0,0.0,1758.0,return_refund,0.0,0.0,0.0,0.0,0.0,0.0,0.0,0.0,NA,0,1641.0
NFT-/XUTR/DEUTH02616724361X,48.33,0.0,0.0,2499.0,951.9990000000001,235.905,4.533,0.0,0.0,prepaid,0.907,170.703,0.0,0.0,0.0,201.42954,-912.084,"",'133183151390825991803,2026-06-16,11179490516,ce51e710-edf1-42df-940c-8d0b0bacefeb,100170916487,Reverse,100124761203,100124761203,11504,966.67,5.0,1313.0,63.0,1376.0,return_refund,0.0,0.0,0.0,0.0,0.0,0.0,0.0,0.0,NA,0,1186.0
NFT-/XUTR/DEUTH02616724361X,0.0,29.5,29.5,3299.0,1239.0,307.024,0.0,2.95,2.95,prepaid,1.18,106.0,0.0,0.0,0.0,125.08,-1049.976,"",'133204164108199099503,2026-06-16,11191183422,1e67b9a4-8f0c-4b38-82eb-b4f92235e2a2,100168940342,Reverse,100136454108,100136454108,11504,1180,5.0,1889.0,0.0,1889.0,return_refund,0.0,0.0,0.0,0.0,0.0,0.0,0.0,0.0,NA,0,1410.0
NFT-/XUTR/DEUTH02616724361X,50.43,0.0,0.0,1850.0,996.0,235.056,4.743,0.0,0.0,prepaid,0.949,0.0,0.0,46.085,0.0,54.3803,700.872,"",'133181447640249153303,2026-06-16,11178527214,8ca974aa-e021-4422-8245-f61111cf211b,"",Forward,100123797903,100123797903,11504,1008.57,5.0,620.0,63.0,683.0,packet_delivered,0.0,0.0,0.0,0.0,0.0,0.0,0.0,0.0,NA,0,1230.0
NFT-/XUTR/DEUTH02616724361X,70.38,0.0,0.0,3299.0,1478.0,366.248,7.038,0.0,0.0,prepaid,1.408,0.0,0.0,49.0,0.0,57.82,1045.486,"",'133195307250944981401,2026-06-16,11186836491,ae382d87-5f15-4754-9feb-b4c41295ebe1,"",Forward,100132107178,1000036427846,11504,1407.62,5.0,1650.0,0.0,1650.0,packet_delivered,0.0,0.0,0.0,0.0,0.0,0.0,0.0,0.0,NA,0,1649.0
NFT-/XUTR/DEUTH02616724361X,57.38,0.0,0.0,2899.0,1205.0,298.599,5.738,0.0,0.0,prepaid,1.148,0.0,0.0,49.0,0.0,57.82,841.695,"",'133208826944571404303,2026-06-16,11192710377,e64ef3f7-8728-45b1-8da0-b71043aa9dcb,"",Forward,100137981063,100137981063,11504,1147.62,5.0,1523.0,0.0,1523.0,packet_delivered,0.0,0.0,0.0,0.0,0.0,0.0,0.0,0.0,NA,0,1376.0
NFT-/XUTR/DEUTH02616724361X,41.95,0.0,0.0,1950.0,881.0,228.708,4.195,0.0,0.0,prepaid,0.839,0.0,0.0,31.0,0.0,36.58,610.678,"",'133195774185800596503,2026-06-16,11187248809,1a5696ca-460f-422d-b93a-702b85ebf43d,"",Forward,100132519496,100132519496,11504,839.05,5.0,975.0,0.0,975.0,packet_delivered,0.0,0.0,0.0,0.0,0.0,0.0,0.0,0.0,NA,0,975.0
NFT-/XUTR/DEUTH02616724361X,43.1,0.0,0.0,1999.0,904.9999999999999,234.938,4.31,0.0,0.0,prepaid,0.862,106.0,0.0,0.0,0.0,125.08,-789.97,"",'133209632851707122403,2026-06-16,11193237579,76ea512d-b5f6-4160-b661-9791ec305146,100167582120,Reverse,100138508265,100138508265,11504,861.9,5.0,1000.0,0.0,1000.0,return_refund,0.0,0.0,0.0,0.0,0.0,0.0,0.0,0.0,NA,0,999.0
NFT-/XUTR/DEUTH02616724361X,0.0,34.36,34.36,3399.0,1443.0,357.575,0.0,3.4355,3.4355,prepaid,1.374,0.0,0.0,49.0,0.0,57.82,1019.36,"",'133201259714639789203,2026-06-16,11189403136,dbbcaec0-511d-4d37-a27e-534e3734b4ac,"",Forward,100134673822,100134673822,11504,1374.28,5.0,1785.0,0.0,1785.0,packet_delivered,0.0,0.0,0.0,0.0,0.0,0.0,0.0,0.0,NA,0,1613.9999999999998
NFT-/XUTR/DEUTH02616724361X,60.86,0.0,0.0,2899.0,1278.0,316.688,6.086,0.0,0.0,prepaid,1.217,127.0,0.0,0.0,0.0,149.86,-1103.869,"",'133195308074119848703,2026-06-16,11186837100,5f48955c-d346-4ca2-89af-c20f2bf98ef2,100167886092,Reverse,100132107787,100132107787,11504,1217.14,5.0,1450.0,0.0,1450.0,return_refund,0.0,0.0,0.0,0.0,0.0,0.0,0.0,0.0,NA,0,1449.0
NFT-/XUTR/DEUTH02616724361X,31.67,0.0,0.0,1599.0,665.0,172.634,3.167,0.0,0.0,prepaid,0.633,0.0,0.0,31.0,0.0,36.58,451.986,"",'133183691663277815003,2026-06-16,11179790954,160b89f2-3a56-4c1c-a9f4-b058f60fac53,"",Forward,100125061642,1000034666417,11504,633.33,5.0,840.0,0.0,840.0,packet_delivered,0.0,0.0,0.0,0.0,0.0,0.0,0.0,0.0,NA,0,759.0
NFT-/XUTR/DEUTH02616724361X,40.24,0.0,0.0,1999.0,845.0,219.362,4.024,0.0,0.0,prepaid,0.805,0.0,0.0,27.0,0.0,31.86,588.949,"",'133168305560193526201,2026-06-16,11174839056,4490f15a-1a5b-414c-abd6-853621d74bdc,"",Forward,100120109745,100120109745,11504,804.76,5.0,1060.0,0.0,1060.0,packet_delivered,0.0,0.0,0.0,0.0,0.0,0.0,0.0,0.0,NA,0,939.0
NFT-/XUTR/DEUTH02616724361X,57.38,0.0,0.0,2899.0,5.99,1.484,0.029,0.0,0.0,prepaid,0.006,0.0,0.0,0.244,0.0,0.28792,4.183,"",'133195177977576554101,2026-06-16,11186724612,d8ab7f87-c94b-4268-929d-a2a57ff31b58,"",Forward,100131995299,100131995299,11504,1147.62,5.0,1523.0,0.0,1523.0,packet_delivered,0.0,0.0,0.0,0.0,0.0,0.0,0.0,0.0,NA,0,1376.0
NFT-/XUTR/DEUTH02616724361X,36.05,0.0,0.0,1699.0,714.0,185.354,3.4,0.0,0.0,prepaid,0.68,171.662,0.0,0.0,0.0,202.56116,-727.127,"",'133182527555090659003,2026-06-16,11179079742,0758eb93-648a-4aab-aa76-db4fbef9cb35,100167713230,Reverse,100124350429,1000034520515,11504,720.95,5.0,848.0,43.0,891.0,return_refund,0.0,0.0,0.0,0.0,0.0,0.0,0.0,0.0,NA,0,851.0
NFT-/XUTR/DEUTH02616724361X,32.81,0.0,0.0,1650.0,689.0,178.864,3.281,0.0,0.0,prepaid,0.656,0.0,0.0,31.0,0.0,36.58,469.619,"",'133211634864913934901,2026-06-16,11194485088,802c7deb-1cd8-4741-9bca-ffb5e838cd5d,"",Forward,100139755774,100139755774,11504,656.19,5.0,867.0,0.0,867.0,packet_delivered,0.0,0.0,0.0,0.0,0.0,0.0,0.0,0.0,NA,0,783.0
NFT-/XUTR/DEUTH02616724361X,37.19,0.0,0.0,1750.0,781.0,202.748,3.719,0.0,0.0,prepaid,0.744,106.0,0.0,0.0,0.0,125.08,-698.869,"",'133196057498258830903,2026-06-16,11187501441,bb315ed4-a147-4b7c-a195-7e64041f67c2,100170819192,Reverse,100132772129,1000036021758,11504,743.81,5.0,875.0,0.0,875.0,return_refund,0.0,0.0,0.0,0.0,0.0,0.0,0.0,0.0,NA,0,875.0
NFT-/XUTR/DEUTH02616724361X,31.19,0.0,0.0,1499.0,655.0,170.038,3.119,0.0,0.0,prepaid,0.624,0.0,0.0,31.0,0.0,36.58,444.639,"",'133187575783865711201,2026-06-16,11182422135,4ce3ece5-37f3-469c-8c78-76b135c54336,"",Forward,100127692823,100127692823,11504,623.81,5.0,750.0,0.0,750.0,packet_delivered,0.0,0.0,0.0,0.0,0.0,0.0,0.0,0.0,NA,0,749.0
NFT-/XUTR/DEUTH02616724361X,33.62,0.0,0.0,1599.0,696.0,180.682,3.314,0.0,0.0,prepaid,0.663,0.0,0.0,30.561,0.0,36.06198,475.279,"",'133178605811170547801,2026-06-16,11176790582,86bf76fc-ac3e-4521-944a-2d08b1fdbc08,"",Forward,100122061270,1000034570559,11504,672.38,5.0,799.0,10.0,809.0,packet_delivered,0.0,0.0,0.0,0.0,0.0,0.0,0.0,0.0,NA,0,800.0
NFT-/XUTR/DEUTH02616724361X,0.0,21.31,21.31,2999.0,895.0,232.342,0.0,2.131,2.131,prepaid,0.852,0.0,0.0,31.0,0.0,36.58,620.964,"",'133211312579192732901,2026-06-16,11194305838,dabee741-14a9-49f1-87b5-ef8a24abf3a3,"",Forward,100139576524,1000038485763,11504,852.38,5.0,2010.0,0.0,2010.0,packet_delivered,0.0,0.0,0.0,0.0,0.0,0.0,0.0,0.0,NA,0,988.9999999999999
NFT-/XUTR/DEUTH02616724361X,106.81,0.0,0.0,3499.0,2243.0,529.348,10.681,0.0,0.0,prepaid,2.136,0.0,0.0,65.0,0.0,76.7,1624.135,"",'133179389174130927601,2026-06-16,11177730051,e046e333-9f4f-49ae-8284-8593fc5092f6,"",Forward,100123000739,100123000739,11504,2136.19,5.0,1050.0,0.0,1050.0,packet_delivered,0.0,0.0,0.0,0.0,0.0,0.0,0.0,0.0,NA,0,2449.0
NFT-/XUTR/DEUTH02616724361X,56.33,0.0,0.0,2999.0,1183.0,293.147,5.633,0.0,0.0,prepaid,1.127,0.0,0.0,49.0,0.0,57.82,825.273,"",'133184444412704948103,2026-06-16,11180191904,ea2dba1b-9e3b-434c-98b6-ffa8c83af5b2,"",Forward,100125462592,100125462592,11504,1126.67,5.0,1645.0,0.0,1645.0,packet_delivered,0.0,0.0,0.0,0.0,0.0,0.0,0.0,0.0,NA,0,1354.0
NFT-/XUTR/DEUTH02616724361X,78.48,0.0,0.0,2599.0,1648.0,388.928,7.848,0.0,0.0,prepaid,1.57,127.0,0.0,0.0,0.0,149.86,-1399.514,"",'133195897109217723703,2026-06-16,11187363746,b64a1cef-3b9c-4e05-af83-efa147767a20,100167765306,Reverse,100132634433,1000037452405,11504,1569.52,5.0,780.0,0.0,780.0,return_refund,0.0,0.0,0.0,0.0,0.0,0.0,0.0,0.0,NA,0,1819.0
NFT-/XUTR/DEUTH02616724361X,18.95,0.0,0.0,1699.0,398.0,18.786,1.895,0.0,0.0,prepaid,0.379,127.0,0.0,0.0,0.0,149.86,-526.8,"",'133185502986763451103,2026-06-16,11180696648,9db4b10d-345c-448f-a603-bf917e862cb1,100167706231,Reverse,100125967336,1000035447022,11504,379.05,5.0,1207.0,0.0,1207.0,return_refund,0.0,0.0,0.0,0.0,0.0,0.0,0.0,0.0,NA,0,492.0
NFT-/XUTR/DEUTH02616724361X,31.67,0.0,0.0,1599.0,625.001,162.25,2.976,0.0,0.0,prepaid,0.595,0.0,0.0,29.135,5.25,40.5743,418.606,"",'133183574374318042001,2026-06-16,11179727844,757f9def-f5ec-4ee7-8967-d707d2fb3330,"",Forward,100124998532,1000034648675,11504,633.33,5.0,840.0,40.0,880.0,packet_delivered,0.0,0.0,0.0,0.0,0.0,0.0,0.0,0.0,NA,0,759.0
NFT-/XUTR/DEUTH02616724361X,38.33,0.0,0.0,1799.0,805.0,208.978,3.833,0.0,0.0,prepaid,0.767,127.0,0.0,0.0,0.0,149.86,-741.282,"",'133201404563031398301,2026-06-16,11189501928,c7733141-ab4b-4132-a58e-5294b1ed133d,100167467324,Reverse,100134772614,100134772614,11504,766.67,5.0,900.0,0.0,900.0,return_refund,0.0,0.0,0.0,0.0,0.0,0.0,0.0,0.0,NA,0,899.0
NFT-/XUTR/DEUTH02616724361X,64.62,0.0,0.0,2299.0,1285.0,303.26000000000005,6.119,0.0,0.0,prepaid,1.224,172.343,0.0,0.0,0.0,203.36474,-1177.762,"",'133183366012345218303,2026-06-16,11179614403,26ffb932-8f27-41e2-9c4a-f39f5a1636a0,100171016571,Reverse,100124885091,100124885091,11504,1292.38,5.0,771.0,72.0,843.0,return_refund,0.0,0.0,0.0,0.0,0.0,0.0,0.0,0.0,NA,0,1528.0
NFT-/XUTR/DEUTH02616724361X,56.1,0.0,0.0,2699.0,1178.0,291.908,5.61,0.0,0.0,prepaid,1.122,0.0,0.0,49.0,0.0,57.82,821.54,"",'133186541162950568303,2026-06-16,11181258324,2edf8f8a-bd1f-4fad-b9fa-503efa789c30,"",Forward,100126529012,100126529012,11504,1121.9,5.0,1350.0,0.0,1350.0,packet_delivered,0.0,0.0,0.0,0.0,0.0,0.0,0.0,0.0,NA,0,1349.0
NFT-/XUTR/DEUTH02616724361X,18.95,0.0,0.0,1699.0,398.0,18.786,1.895,0.0,0.0,prepaid,0.379,127.0,0.0,0.0,0.0,149.86,-526.8,"",'133187384959120098701,2026-06-16,11182148891,7575a9f1-15c0-4960-a214-61dd9ada6876,100168488896,Reverse,100127419579,1000035048643,11504,379.05,5.0,1207.0,0.0,1207.0,return_refund,0.0,0.0,0.0,0.0,0.0,0.0,0.0,0.0,NA,0,492.0
NFT-/XUTR/DEUTH02616724361X,43.1,0.0,0.0,1999.0,905.0,234.938,4.31,0.0,0.0,prepaid,0.862,0.0,0.0,31.0,3.71,40.9578,623.932,"",'133209632851707122403,2026-06-16,11193237579,76ea512d-b5f6-4160-b661-9791ec305146,"",Forward,100138508265,100138508265,11504,861.9,5.0,1000.0,0.0,1000.0,packet_delivered,0.0,0.0,0.0,0.0,0.0,0.0,0.0,0.0,NA,0,999.0
NFT-/XUTR/DEUTH02616724361X,70.0,0.0,0.0,3399.0,1470.0,329.574,7.0,0.0,0.0,prepaid,1.4,0.0,0.0,45.0,0.0,53.1,1078.926,"",'133167476163508819803,2026-06-16,11174676839,a11ec75e-c390-48c2-a160-14c7a0c58993,"",Forward,100119947528,100119947528,11504,1400,5.0,1758.0,0.0,1758.0,packet_delivered,0.0,0.0,0.0,0.0,0.0,0.0,0.0,0.0,NA,0,1641.0
NFT-/XUTR/DEUTH02616724361X,0.0,28.69,28.69,2899.0,1205.0,298.599,0.0,2.869,2.869,prepaid,1.148,106.0,0.0,0.0,0.0,125.08,-1024.595,"",'133198602444289935201,2026-06-16,11187983037,78b41d52-c0d9-4107-95ae-6199327f2121,100167361622,Reverse,100133253724,1000037454669,11504,1147.62,5.0,1523.0,0.0,1523.0,return_refund,0.0,0.0,0.0,0.0,0.0,0.0,0.0,0.0,NA,0,1376.0
NFT-/XUTR/DEUTH02616724361X,48.91,0.0,0.0,2950.0,1027.0,254.49100000000004,4.89,0.0,0.0,prepaid,0.978,127.0,0.0,0.0,0.0,149.86,-916.501,"",'133201593257933135203,2026-06-16,11189626595,c0039974-c7e2-468c-967a-9366f7978433,100167563627,Reverse,100134897281,100134897281,11504,978.1,5.0,1752.0,0.0,1752.0,return_refund,0.0,0.0,0.0,0.0,0.0,0.0,0.0,0.0,NA,0,1198.01
NFT-/XUTR/DEUTH02616724361X,66.57,0.0,0.0,3999.0,1347.999,334.034,6.419,0.0,0.0,prepaid,1.284,0.0,0.0,47.247,0.0,55.75146,950.511,"",'133182692285287981703,2026-06-16,11179189226,10a84e45-1bc0-4afd-9080-55c8629557cd,"",Forward,100124459914,1000035397615,11504,1331.43,5.0,2430.0,50.0,2480.0,packet_delivered,0.0,0.0,0.0,0.0,0.0,0.0,0.0,0.0,NA,0,1569.0
NFT-/XUTR/DEUTH02616724361X,35.05,0.0,0.0,1750.0,736.0,191.066,3.505,0.0,0.0,prepaid,0.701,0.0,0.0,31.0,0.0,36.58,504.148,"",'133186598234666700503,2026-06-16,11181296744,9706a2b5-2fc5-4ca7-9541-89559ef27ef4,"",Forward,100126567432,100126567432,11504,700.95,5.0,920.0,0.0,920.0,packet_delivered,0.0,0.0,0.0,0.0,0.0,0.0,0.0,0.0,NA,0,830.0
NFT-/XUTR/DEUTH02616724361X,50.43,0.0,0.0,1850.0,1008.9999999999999,238.124,4.805,0.0,0.0,prepaid,0.961,173.407,0.0,0.0,0.0,204.62026,-969.73,"",'133184919820133440503,2026-06-16,11180422462,bc7c4c79-044d-40ea-b567-cb24da6bb498,11180422462,Reverse,100125693150,100125693150,11504,1008.57,5.0,620.0,50.0,670.0,exchange,0.0,0.0,0.0,0.0,0.0,0.0,0.0,0.0,NA,0,1230.0
NFT-/XUTR/DEUTH02616724361X,35.05,0.0,0.0,1750.0,706.0,183.278,3.362,0.0,0.0,prepaid,0.672,0.0,0.0,29.736,0.0,35.08848,483.6,"",'133182460347389334403,2026-06-16,11179035987,0331e73a-8dd0-49bf-8b10-e3bd60b49d68,"",Forward,100124306675,1000035369009,11504,700.95,5.0,920.0,30.0,950.0,packet_delivered,0.0,0.0,0.0,0.0,0.0,0.0,0.0,0.0,NA,0,830.0
NFT-/XUTR/DEUTH02616724361X,46.76,0.0,0.0,2425.0,270.2,56.742,1.287,0.0,0.0,prepaid,0.257,50.078,0.0,0.0,0.0,59.09204,-271.006,"",'133186855909633053903,2026-06-16,11181482742,401f5b03-e512-4338-81fb-39cab5b52f2a,100168653496,Reverse,100126753430,100126753430,11504,935.24,5.0,1272.0,0.0,1272.0,return_refund,0.0,0.0,0.0,0.0,0.0,0.0,0.0,0.0,NA,0,1153.0
NFT-/XUTR/DEUTH02616724361X,48.33,0.0,0.0,2499.0,951.999,235.905,4.533,0.0,0.0,prepaid,0.907,0.0,0.0,45.959,0.0,54.23162,656.422,"",'133183151390825991803,2026-06-16,11179490516,ce51e710-edf1-42df-940c-8d0b0bacefeb,"",Forward,100124761203,100124761203,11504,966.67,5.0,1313.0,63.0,1376.0,packet_delivered,0.0,0.0,0.0,0.0,0.0,0.0,0.0,0.0,NA,0,1186.0
NFT-/XUTR/DEUTH02616724361X,0.0,42.36,42.36,2600.0,1779.0,440.836,0.0,4.2355,4.2355,prepaid,1.694,106.0,0.0,0.0,0.0,125.08,-1453.079,"",'133204556229072399303,2026-06-16,11191470805,06093385-a8f3-4741-ae1b-0159cf107ad9,100167672809,Reverse,100136741491,1000038467167,11504,1694.28,5.0,650.0,0.0,650.0,return_refund,0.0,0.0,0.0,0.0,0.0,0.0,0.0,0.0,NA,0,1949.9999999999998
NFT-/XUTR/DEUTH02616724361X,25.48,0.0,0.0,1599.0,535.0,112.35,2.548,0.0,0.0,prepaid,0.51,0.0,0.0,27.0,0.0,31.86,387.732,"",'133181048927903024901,2026-06-16,11178417427,c8f2155a-d976-4510-bccb-a9059cbc8708,"",Forward,100123688115,1000035383170,11504,509.52,5.0,970.0,0.0,970.0,packet_delivered,0.0,0.0,0.0,0.0,0.0,0.0,0.0,0.0,NA,0,629.0
NFT-/XUTR/DEUTH02616724361X,87.05,0.0,0.0,3999.0,1729.0,345.8,8.233,0.0,0.0,prepaid,1.647,0.0,0.0,57.696,0.0,68.08128,1305.239,"",'133185448948937490901,2026-06-16,11180671754,0f82e501-6aa9-4b65-9495-6cea5b41cc59,"",Forward,100125942442,1000035386815,11504,1740.95,5.0,2000.0,99.0,2099.0,packet_delivered,0.0,0.0,0.0,0.0,0.0,0.0,0.0,0.0,NA,0,1999.0
NFT-/XUTR/DEUTH02616724361X,43.38,0.0,0.0,2799.0,527.63,136.973,2.513,0.0,0.0,prepaid,0.503,61.393,0.0,0.0,0.0,72.44374,-460.085,"",'133208512934269498601,2026-06-16,11192508162,a2f13766-7945-4a51-8561-df3024ca5700,100167623310,Reverse,100137778848,100137778848,11504,867.62,5.0,1717.0,0.0,1717.0,return_refund,0.0,0.0,0.0,0.0,0.0,0.0,0.0,0.0,NA,0,1082.0
NFT-/XUTR/DEUTH02616724361X,59.67,0.0,0.0,2999.0,1253.0,310.493,5.967,0.0,0.0,prepaid,1.193,0.0,0.0,49.0,0.0,57.82,877.527,"",'133182545744882245601,2026-06-16,11179092079,ce3e736f-5863-4344-bb16-bf53a72c13af,"",Forward,100124362767,1000035379183,11504,1193.33,5.0,1575.0,0.0,1575.0,packet_delivered,0.0,0.0,0.0,0.0,0.0,0.0,0.0,0.0,NA,0,1424.0
NFT-/XUTR/DEUTH02616724361X,0.0,26.48,26.48,2999.0,1112.0,275.554,0.0,2.6475,2.6475,prepaid,1.059,106.0,0.0,0.0,0.0,125.08,-955.172,"",'133208725983016663501,2026-06-16,11192644627,8a9ef153-b411-4463-90d6-d294a3008a0c,100170243228,Reverse,100137915313,1000038466433,11504,1059.04,5.0,1716.0,0.0,1716.0,return_refund,0.0,0.0,0.0,0.0,0.0,0.0,0.0,0.0,NA,0,1283.0
NFT-/XUTR/DEUTH02616724361X,36.19,0.0,0.0,1799.0,760.0,197.296,3.619,0.0,0.0,prepaid,0.724,0.0,0.0,31.0,0.0,36.58,521.781,"",'133179031440857499301,2026-06-16,11177461304,6fe9a6f4-f67f-4a8e-a34e-3eb5086e72eb,"",Forward,100122731992,1000034294118,11504,723.81,5.0,945.0,0.0,945.0,packet_delivered,0.0,0.0,0.0,0.0,0.0,0.0,0.0,0.0,NA,0,854.0
NFT-/XUTR/DEUTH02616724361X,40.71,0.0,0.0,2399.0,855.0,221.958,4.071,0.0,0.0,prepaid,0.814,0.0,0.0,31.0,10.089,48.48502,579.672,"",'133204769201592655601,2026-06-16,11191603905,5e1d9833-b722-4566-b969-e63e663da093,"",Forward,100136874591,100136874591,11504,814.29,5.0,1450.0,0.0,1450.0,packet_delivered,0.0,0.0,0.0,0.0,0.0,0.0,0.0,0.0,NA,0,949.0
NFT-/XUTR/DEUTH02616724361X,43.1,0.0,0.0,1999.0,905.0,234.938,4.31,0.0,0.0,prepaid,0.862,0.0,0.0,31.0,0.0,36.58,628.31,"",'133184965017254773101,2026-06-16,11180444048,6a7bb599-e3a2-41c2-a2db-73c26541b9b7,"",Forward,100125714736,1000035430603,11504,861.9,5.0,1000.0,0.0,1000.0,packet_delivered,0.0,0.0,0.0,0.0,0.0,0.0,0.0,0.0,NA,0,999.0
NFT-/XUTR/DEUTH02616724361X,35.05,0.0,0.0,1750.0,724.0,187.95,3.448,0.0,0.0,prepaid,0.69,0.0,0.0,30.495,0.0,35.9841,495.928,"",'133179310066728863303,2026-06-16,11177692633,75f6a0c9-294a-48d9-a978-ee4d7f0beffc,"",Forward,100122963321,1000034318655,11504,700.95,5.0,920.0,12.0,932.0,packet_delivered,0.0,0.0,0.0,0.0,0.0,0.0,0.0,0.0,NA,0,830.0
NFT-/XUTR/DEUTH02616724361X,84.71,0.0,0.0,2600.0,1779.0,440.836,8.471,0.0,0.0,prepaid,1.694,0.0,0.0,49.0,3.202,61.59836,1266.401,"",'133186416726271237301,2026-06-16,11181179172,9f705706-035c-48b1-9afa-4d7d23f277ae,"",Forward,100126449860,100126449860,11504,1694.29,5.0,650.0,0.0,650.0,packet_delivered,0.0,0.0,0.0,0.0,0.0,0.0,0.0,0.0,NA,0,1950.0
NFT-/XUTR/DEUTH02616724361X,72.76,0.0,0.0,3399.0,1528.0,378.638,7.276,0.0,0.0,prepaid,1.455,0.0,0.0,49.0,0.0,57.82,1082.811,"",'133185846017375359303,2026-06-16,11180866810,d84a3778-b39a-452d-a572-0cd054072706,"",Forward,100126137498,100126137498,11504,1455.24,5.0,1700.0,0.0,1700.0,packet_delivered,0.0,0.0,0.0,0.0,0.0,0.0,0.0,0.0,NA,0,1699.0
NFT-/XUTR/DEUTH02616724361X,43.1,0.0,0.0,2499.0,905.0,234.938,4.31,0.0,0.0,prepaid,0.862,0.0,0.0,31.0,0.0,36.58,628.31,"",'133203143202691819803,2026-06-16,11190500282,d0553e20-78d1-4fad-9e71-15a310299cfb,"",Forward,100135770968,100135770968,11504,861.9,5.0,1500.0,0.0,1500.0,packet_delivered,0.0,0.0,0.0,0.0,0.0,0.0,0.0,0.0,NA,0,999.0
NFT-/XUTR/DEUTH02616724361X,63.29,0.0,0.0,2999.0,1329.0,329.326,6.329,0.0,0.0,prepaid,1.266,182.0,0.0,0.0,0.0,214.76,-1206.839,"",'133173940305084046503,2026-06-16,11175588207,454d0ba1-c6a2-4a89-82ee-dd11acc6b1d9,100173904467,Reverse,100120858895,100120858895,11504,1265.71,5.0,1499.0,0.0,1499.0,return_refund,0.0,0.0,0.0,0.0,0.0,0.0,0.0,0.0,NA,0,1500.0
NFT-/XUTR/DEUTH02616724361X,50.43,0.0,0.0,1850.0,994.0,234.584,4.733,0.0,0.0,prepaid,0.947,0.0,0.0,45.992,0.0,54.27056,699.465,"",'133185172441178646703,2026-06-16,11180541255,956bbf97-f59a-4b4c-b53a-979a28db0b37,"",Forward,100125811943,100125811943,11504,1008.57,5.0,620.0,65.0,685.0,packet_delivered,0.0,0.0,0.0,0.0,0.0,0.0,0.0,0.0,NA,0,1230.0
NFT-/XUTR/DEUTH02616724361X,91.95,0.0,0.0,4499.0,1931.0,386.2,9.195,0.0,0.0,prepaid,1.839,0.0,0.0,61.0,6.759,79.95562,1453.81,"",'133185076845650748703,2026-06-16,11180495749,5fce1386-7b38-447e-b1a0-7fb951a2391b,"",Forward,100125766436,100125766436,11504,1839.05,5.0,2362.0,0.0,2362.0,packet_delivered,0.0,0.0,0.0,0.0,0.0,0.0,0.0,0.0,NA,0,2137.0
NFT-/XUTR/DEUTH02616724361X,63.24,0.0,0.0,2999.0,12.59,3.12,0.06,0.0,0.0,prepaid,0.012,0.0,0.0,0.465,0.0,0.5487,8.849,"",'133192074529262407203,2026-06-16,11184632409,7aa3e356-d0e1-4fef-90d9-66d08e58998d,"",Forward,100129903097,100129903097,11504,1264.76,5.0,1500.0,0.0,1500.0,packet_delivered,0.0,0.0,0.0,0.0,0.0,0.0,0.0,0.0,NA,0,1499.0
NFT-/XUTR/DEUTH02616724361X,108.0,0.0,0.0,3299.0,2268.0,535.248,10.8,0.0,0.0,prepaid,2.16,0.0,0.0,65.0,3.175,80.4465,1639.346,"",'133195468465499614403,2026-06-16,11186977674,bf1022b6-cce8-420e-9a1d-80bbb05bed66,"",Forward,100132248361,100132248361,11504,2160,5.0,825.0,0.0,825.0,packet_delivered,0.0,0.0,0.0,0.0,0.0,0.0,0.0,0.0,NA,0,2474.0
NFT-/XUTR/DEUTH02616724361X,57.43,0.0,0.0,2899.0,1206.0,253.26,5.743,0.0,0.0,prepaid,1.149,182.0,0.0,0.0,0.0,214.76,-1160.608,"",'133183473486383744401,2026-06-16,11179673185,904af4ab-3e68-489a-a5fa-b4593308d095,100167554662,Reverse,100124943874,100124943874,11504,1148.57,5.0,1522.0,0.0,1522.0,return_refund,0.0,0.0,0.0,0.0,0.0,0.0,0.0,0.0,NA,0,1377.0
NFT-/XUTR/DEUTH02616724361X,43.1,0.0,0.0,1999.0,905.0,234.938,4.31,0.0,0.0,prepaid,0.862,182.0,0.0,0.0,0.0,214.76,-879.65,"",'133184965017254773101,2026-06-16,11180444048,6a7bb599-e3a2-41c2-a2db-73c26541b9b7,11180444048,Reverse,100125714736,1000035430603,11504,861.9,5.0,1000.0,0.0,1000.0,exchange,0.0,0.0,0.0,0.0,0.0,0.0,0.0,0.0,NA,0,999.0
NFT-/XUTR/DEUTH02616724361X,0.0,29.83,29.83,2999.0,1253.0,310.493,0.0,2.9835,2.9835,prepaid,1.193,0.0,0.0,49.0,0.0,57.82,877.527,"",'133198602444289935201,2026-06-16,11187983038,78b41d52-c0d9-4107-95ae-6199327f2121,"",Forward,100133253725,1000037454669,11504,1193.34,5.0,1575.0,0.0,1575.0,packet_delivered,0.0,0.0,0.0,0.0,0.0,0.0,0.0,0.0,NA,0,1423.9999999999998
NFT-/XUTR/DEUTH02616724361X,24.29,0.0,0.0,1999.0,510.0,24.072,2.429,0.0,0.0,prepaid,0.486,0.0,0.0,7.0,4.131,13.13458,469.878,"",'133170783693498598801,2026-06-16,11175312755,3bd9a487-efaa-4be2-b08a-9e71308941dc,"",Forward,100120583444,1000034587121,11504,485.71,5.0,1395.0,0.0,1395.0,packet_delivered,0.0,0.0,0.0,0.0,0.0,0.0,0.0,0.0,NA,0,604.0
NFT-/XUTR/DEUTH02616724361X,0.0,30.45,30.45,2899.0,1279.0,268.59,0.0,3.045,3.045,prepaid,1.218,106.0,0.0,0.0,0.0,125.08,-1128.182,"",'133204333768847616503,2026-06-16,11191315108,43703388-7d78-4a69-8bbf-e063bb3dcf08,11191315108,Reverse,100136585794,100136585794,11504,1218.1,5.0,1449.0,0.0,1449.0,exchange,0.0,0.0,0.0,0.0,0.0,0.0,0.0,0.0,NA,0,1450.0
NFT-/XUTR/DEUTH02616724361X,0.0,42.36,42.36,2600.0,1779.0,440.836,0.0,4.2355,4.2355,prepaid,1.694,0.0,0.0,49.0,3.202,61.59836,1266.401,"",'133204556229072399303,2026-06-16,11191470805,06093385-a8f3-4741-ae1b-0159cf107ad9,"",Forward,100136741491,1000038467167,11504,1694.28,5.0,650.0,0.0,650.0,packet_delivered,0.0,0.0,0.0,0.0,0.0,0.0,0.0,0.0,NA,0,1949.9999999999998
NFT-/XUTR/DEUTH02616724361X,41.81,0.0,0.0,1699.0,878.0,227.929,4.181,0.0,0.0,prepaid,0.836,0.0,0.0,31.0,0.0,36.58,608.474,"",'133209167074848658201,2026-06-16,11192937252,f7d5d1ac-8ee1-47da-8a9b-594956565943,"",Forward,100138207938,100138207938,11504,836.19,5.0,650.0,0.0,650.0,packet_delivered,0.0,0.0,0.0,0.0,0.0,0.0,0.0,0.0,NA,0,1049.0
NFT-/XUTR/DEUTH02616724361X,552.05,0.0,0.0,5499.0,3521.0,872.504,14.919,0.0,0.0,prepaid,2.984,0.0,0.0,63.24,0.0,74.6232,2555.97,"",'133184615657172375201,2026-06-16,11180276821,74e0a511-251a-40d5-ac59-84840425ab7a,"",Forward,100125547509,100125547509,11504,3066.95,18.0,1650.0,98.0,1748.0,packet_delivered,0.0,0.0,0.0,0.0,0.0,0.0,0.0,0.0,NA,0,3849.0
NFT-/XUTR/DEUTH02616724361X,40.76,0.0,0.0,1899.0,856.0,171.2,4.076,0.0,0.0,prepaid,0.815,106.0,0.0,0.0,0.0,125.08,-804.989,"",'133187428330911354701,2026-06-16,11182217464,fe9b237c-e2e4-45ef-8624-cbb7896abfcd,11182217464,Reverse,100127488153,100127488153,11504,815.24,5.0,949.0,0.0,949.0,exchange,0.0,0.0,0.0,0.0,0.0,0.0,0.0,0.0,NA,0,950.0
NFT-/XUTR/DEUTH02616724361X,24.29,0.0,0.0,1999.0,510.0,24.072,2.429,0.0,0.0,prepaid,0.486,182.0,0.0,0.0,0.0,214.76,-697.773,"",'133170783693498598801,2026-06-16,11175312755,3bd9a487-efaa-4be2-b08a-9e71308941dc,100167615308,Reverse,100120583444,1000034587121,11504,485.71,5.0,1395.0,0.0,1395.0,return_refund,0.0,0.0,0.0,0.0,0.0,0.0,0.0,0.0,NA,0,604.0
NFT-/XUTR/DEUTH02616724361X,56.33,0.0,0.0,2999.0,1183.0,293.147,5.633,0.0,0.0,prepaid,1.127,182.0,0.0,0.0,0.0,214.76,-1097.853,"",'133184444412704948103,2026-06-16,11180191904,ea2dba1b-9e3b-434c-98b6-ffa8c83af5b2,100168064338,Reverse,100125462592,100125462592,11504,1126.67,5.0,1645.0,0.0,1645.0,return_refund,0.0,0.0,0.0,0.0,0.0,0.0,0.0,0.0,NA,0,1354.0
NFT-/XUTR/DEUTH02616724361X,0.0,34.36,34.36,3399.0,1443.0,357.575,0.0,3.4355,3.4355,prepaid,1.374,106.0,0.0,0.0,0.0,125.08,-1202.26,"",'133201259714639789203,2026-06-16,11189403136,dbbcaec0-511d-4d37-a27e-534e3734b4ac,100168513373,Reverse,100134673822,100134673822,11504,1374.28,5.0,1785.0,0.0,1785.0,return_refund,0.0,0.0,0.0,0.0,0.0,0.0,0.0,0.0,NA,0,1613.9999999999998
NFT-/XUTR/DEUTH02616724361X,19.14,0.0,0.0,1850.0,402.0,18.974,1.914,0.0,0.0,prepaid,0.383,0.0,0.0,15.0,0.0,17.7,363.029,"",'133114958821426406101,2026-06-16,11157412752,e0a68a4d-0513-4c6c-ab5e-6eac156a0d92,"",Forward,100102683455,1000030333317,11504,382.86,5.0,1354.0,0.0,1354.0,packet_delivered,0.0,0.0,0.0,0.0,0.0,0.0,0.0,0.0,NA,0,496.0
NFT-/XUTR/DEUTH02616724361X,46.14,0.0,0.0,2999.0,969.0,184.11,4.614,0.0,0.0,prepaid,0.923,0.0,0.0,45.0,6.686,60.98948,718.364,"",'133207983297671021001,2026-06-16,11192231106,c8ef4b12-9222-4cd3-84c5-96fd8738cd34,"",Forward,100137501792,100137501792,11504,922.86,5.0,1859.0,0.0,1859.0,packet_delivered,0.0,0.0,0.0,0.0,0.0,0.0,0.0,0.0,NA,0,1140.0
NFT-/XUTR/DEUTH02616724361X,41.81,0.0,0.0,1699.0,878.0,227.929,4.181,0.0,0.0,prepaid,0.836,0.0,0.0,31.0,0.0,36.58,608.474,"",'133209494155492557303,2026-06-16,11193149178,3953a1f6-a919-4453-a050-6c5264f92976,"",Forward,100138419864,100138419864,11504,836.19,5.0,650.0,0.0,650.0,packet_delivered,0.0,0.0,0.0,0.0,0.0,0.0,0.0,0.0,NA,0,1049.0
NFT-/XUTR/DEUTH02616724361X,26.24,0.0,0.0,1699.0,551.0,143.04,2.624,0.0,0.0,prepaid,0.525,106.0,0.0,0.0,0.0,125.08,-529.891,"",'133204549274862054801,2026-06-16,11191465951,60701f02-a762-482a-8b46-41b5d1384238,100168675331,Reverse,100136736637,1000036970660,11504,524.76,5.0,1054.0,0.0,1054.0,return_refund,0.0,0.0,0.0,0.0,0.0,0.0,0.0,0.0,NA,0,645.0
NFT-/XUTR/DEUTH02616724361X,46.1,0.0,0.0,2999.0,918.0,238.313,4.371,0.0,0.0,prepaid,0.874,0.0,0.0,29.399,4.774,40.32414,634.118,"",'133180414962851727601,2026-06-16,11178335389,ed7b0530-24c6-4fde-9593-aeaae5eee504,"",Forward,100123606077,100123606077,11504,921.9,5.0,1860.0,50.0,1910.0,packet_delivered,0.0,0.0,0.0,0.0,0.0,0.0,0.0,0.0,NA,0,1139.0
NFT-/XUTR/DEUTH02616724361X,35.95,0.0,0.0,1699.0,720.0,186.912,3.429,0.0,0.0,prepaid,0.686,0.0,0.0,29.563,0.0,34.88434,494.089,"",'133184366467310074803,2026-06-16,11180150538,1290a17b-3516-4972-9fce-d45cabc55d48,"",Forward,100125421226,1000035386607,11504,719.05,5.0,850.0,35.0,885.0,packet_delivered,0.0,0.0,0.0,0.0,0.0,0.0,0.0,0.0,NA,0,849.0
NFT-/XUTR/DEUTH02616724361X,0.0,15.83,15.83,1999.0,665.0,31.388,0.0,1.5835,1.5835,prepaid,0.633,106.0,0.0,0.0,0.0,125.08,-754.892,"",'133204169777763296801,2026-06-16,11191187876,5b8a1c27-94b2-40b0-9ab3-3257fa85e870,11191187876,Reverse,100136458562,100136458562,11504,633.34,5.0,1240.0,0.0,1240.0,exchange,0.0,0.0,0.0,0.0,0.0,0.0,0.0,0.0,NA,0,759.0000000000001
NFT-/XUTR/DEUTH02616724361X,95.38,0.0,0.0,3399.0,2003.0,472.708,9.538,0.0,0.0,prepaid,1.908,0.0,0.0,65.0,0.0,76.7,1442.146,"",'133186324777819910601,2026-06-16,11181124473,e5e2ca9f-ef5e-4d0b-bf97-5645e7cd5545,"",Forward,100126395161,100126395161,11504,1907.62,5.0,1190.0,0.0,1190.0,packet_delivered,0.0,0.0,0.0,0.0,0.0,0.0,0.0,0.0,NA,0,2209.0
NFT-/XUTR/DEUTH02616724361X,41.29,0.0,0.0,2599.0,867.0,225.073,4.129,0.0,0.0,prepaid,0.826,0.0,0.0,31.0,14.479,53.66522,583.307,"",'133203632394147818003,2026-06-16,11190792044,20da4669-54e8-4246-a2f5-0cf2fa05610e,"",Forward,100136062730,100136062730,11504,825.71,5.0,1638.0,0.0,1638.0,packet_delivered,0.0,0.0,0.0,0.0,0.0,0.0,0.0,0.0,NA,0,961.0
NFT-/XUTR/DEUTH02616724361X,50.43,0.0,0.0,1850.0,996.0,235.056,4.743,0.0,0.0,prepaid,0.949,171.173,0.0,0.0,0.0,201.98414,-957.236,"",'133181447640249153303,2026-06-16,11178527214,8ca974aa-e021-4422-8245-f61111cf211b,11178527214,Reverse,100123797903,100123797903,11504,1008.57,5.0,620.0,63.0,683.0,exchange,0.0,0.0,0.0,0.0,0.0,0.0,0.0,0.0,NA,0,1230.0
NFT-/XUTR/DEUTH02616724361X,38.38,0.0,0.0,1799.0,806.0,209.238,3.838,0.0,0.0,prepaid,0.768,0.0,0.0,31.0,0.0,36.58,555.576,"",'133185495265023246501,2026-06-16,11180693063,f1a095e5-5dcb-4a2c-8444-b987f62fced9,"",Forward,100125963751,100125963751,11504,767.62,5.0,899.0,0.0,899.0,packet_delivered,0.0,0.0,0.0,0.0,0.0,0.0,0.0,0.0,NA,0,900.0
NFT-/XUTR/DEUTH02616724361X,85.0,0.0,0.0,4499.0,1760.0,456.896,8.381,0.0,0.0,prepaid,1.676,0.0,0.0,48.314,0.0,57.01052,1236.036,"",'133186394032863292603,2026-06-16,11181165730,6b5e8a76-a559-4d36-9cf1-afb7fef2af54,"",Forward,100126436418,100126436418,11504,1700,5.0,2520.0,25.0,2545.0,packet_delivered,0.0,0.0,0.0,0.0,0.0,0.0,0.0,0.0,NA,0,1979.0
NFT-/XUTR/DEUTH02616724361X,52.95,0.0,0.0,2999.0,1112.0,275.554,5.295,0.0,0.0,prepaid,1.059,0.0,0.0,49.0,0.0,57.82,772.272,"",'133211999107660596203,2026-06-16,11194695883,2dcb887c-447c-4772-be79-47b140c3d109,"",Forward,100139966569,100139966569,11504,1059.05,5.0,1716.0,0.0,1716.0,packet_delivered,0.0,0.0,0.0,0.0,0.0,0.0,0.0,0.0,NA,0,1283.0
NFT-/XUTR/DEUTH02616724361X,66.43,0.0,0.0,3299.0,1215.459,301.191,5.788,0.0,0.0,prepaid,1.158,0.0,0.0,42.694,0.0,50.37892,856.943,"",'133195506780204018601,2026-06-16,11187011699,058cb32a-8285-4407-94b8-362bbd4598f9,"",Forward,100132282386,100132282386,11504,1328.57,5.0,1733.0,0.0,1733.0,packet_delivered,0.0,0.0,0.0,0.0,0.0,0.0,0.0,0.0,NA,0,1566.0
NFT-/XUTR/DEUTH02616724361X,48.48,0.0,0.0,1699.0,1018.0,240.248,4.848,0.0,0.0,prepaid,0.97,0.0,0.0,45.0,0.0,53.1,718.834,"",'133175347520345806103,2026-06-16,11175900513,0bb64504-812e-4be4-99da-3e11b7adf34d,"",Forward,100121171201,100121171201,11504,969.52,5.0,510.0,0.0,510.0,packet_delivered,0.0,0.0,0.0,0.0,0.0,0.0,0.0,0.0,NA,0,1189.0
NFT-/XUTR/DEUTH02616724361X,56.1,0.0,0.0,2699.0,1178.0,291.908,5.61,0.0,0.0,prepaid,1.122,0.0,0.0,49.0,0.0,57.82,821.54,"",'133182969363239608601,2026-06-16,11179369425,96498c86-a94b-4e0b-afbf-1f57ddd38b5f,"",Forward,100124640113,100124640113,11504,1121.9,5.0,1350.0,0.0,1350.0,packet_delivered,0.0,0.0,0.0,0.0,0.0,0.0,0.0,0.0,NA,0,1349.0
NFT-/XUTR/DEUTH02616724361X,18.95,0.0,0.0,1699.0,398.00000000000006,18.786,1.895,0.0,0.0,prepaid,0.379,106.0,0.0,0.0,0.0,125.08,-502.02,"",'133196057498258830903,2026-06-16,11187501450,bb315ed4-a147-4b7c-a195-7e64041f67c2,100170818919,Reverse,100132772137,1000036021758,11504,379.05,5.0,1207.0,0.0,1207.0,return_refund,0.0,0.0,0.0,0.0,0.0,0.0,0.0,0.0,NA,0,492.0
NFT-/XUTR/DEUTH02616724361X,26.29,0.0,0.0,1699.0,552.0,115.92,2.629,0.0,0.0,prepaid,0.526,0.0,0.0,27.0,2.594,34.92092,398.004,"",'133211871515412493701,2026-06-16,11194620446,c4b19e96-c0f3-4ccb-9585-a96846a7cf7e,"",Forward,100139891132,100139891132,11504,525.71,5.0,1053.0,0.0,1053.0,packet_delivered,0.0,0.0,0.0,0.0,0.0,0.0,0.0,0.0,NA,0,646.0
NFT-/XUTR/DEUTH02616724361X,18.95,0.0,0.0,1699.0,398.0,18.786,1.895,0.0,0.0,prepaid,0.379,0.0,0.0,3.0,0.0,3.54,373.4,"",'133183819042295541503,2026-06-16,11179860207,9ffe4b3c-c265-4671-a5f0-9e8b49af1dc1,"",Forward,100125130895,100125130895,11504,379.05,5.0,1207.0,0.0,1207.0,packet_delivered,0.0,0.0,0.0,0.0,0.0,0.0,0.0,0.0,NA,0,492.0
NFT-/XUTR/DEUTH02616724361X,59.67,0.0,0.0,2999.0,1253.0,310.493,5.967,0.0,0.0,prepaid,1.193,0.0,0.0,49.0,0.0,57.82,877.527,"",'133185575569933132103,2026-06-16,11180730846,144516fa-f715-4c19-a117-9269284b2e0e,"",Forward,100126001534,100126001534,11504,1193.33,5.0,1575.0,0.0,1575.0,packet_delivered,0.0,0.0,0.0,0.0,0.0,0.0,0.0,0.0,NA,0,1424.0
NFT-/XUTR/DEUTH02616724361X,471.81,0.0,0.0,3299.0,3093.0,729.948,13.106,0.0,0.0,prepaid,2.621,182.0,0.0,0.0,0.0,214.76,-2562.085,"",'133165978456088481601,2026-06-16,11173544776,6da311cb-da10-457b-bd0e-5f2c15bc3ce6,100173270499,Reverse,100118815465,100118815465,11504,2621.19,18.0,0.0,0.0,0.0,return_refund,0.0,0.0,0.0,0.0,0.0,0.0,0.0,0.0,NA,0,3299.0
NFT-/XUTR/DEUTH02616724361X,72.76,0.0,0.0,3399.0,1528.0,378.638,7.276,0.0,0.0,prepaid,1.455,182.0,0.0,0.0,0.0,214.76,-1355.391,"",'133185846017375359303,2026-06-16,11180866810,d84a3778-b39a-452d-a572-0cd054072706,100169271502,Reverse,100126137498,100126137498,11504,1455.24,5.0,1700.0,0.0,1700.0,return_refund,0.0,0.0,0.0,0.0,0.0,0.0,0.0,0.0,NA,0,1699.0
NFT-/XUTR/DEUTH02616724361X,63.24,0.0,0.0,2999.0,1328.0,329.078,6.324,0.0,0.0,prepaid,1.265,0.0,0.0,49.0,0.0,57.82,933.513,"",'133183473964248345703,2026-06-16,11179673419,c408694d-de8d-477a-9aa7-6e0547383d46,"",Forward,100124944107,100124944107,11504,1264.76,5.0,1500.0,0.0,1500.0,packet_delivered,0.0,0.0,0.0,0.0,0.0,0.0,0.0,0.0,NA,0,1499.0
NFT-/XUTR/DEUTH02616724361X,115.19,0.0,0.0,2625.0,2419.0,570.884,11.519,0.0,0.0,prepaid,2.304,0.0,0.0,65.0,0.0,76.7,1757.593,"",'133183245981493544801,2026-06-16,11179547254,09d7a62f-283c-44d2-b85a-2963ab6b2dd4,"",Forward,100124817942,1000035406000,11504,2303.81,5.0,0.0,0.0,0.0,packet_delivered,0.0,0.0,0.0,0.0,0.0,0.0,0.0,0.0,NA,0,2625.0
NFT-/XUTR/DEUTH02616724361X,82.24,0.0,0.0,2899.0,1727.0,427.951,8.224,0.0,0.0,prepaid,1.645,182.0,0.0,0.0,0.0,214.76,-1503.94,"",'133169239778103069301,2026-06-16,11175046716,d44e2627-fefb-4d87-b0d3-56ae3420adcb,100168630665,Reverse,100120317405,100120317405,11504,1644.76,5.0,966.0,0.0,966.0,return_refund,0.0,0.0,0.0,0.0,0.0,0.0,0.0,0.0,NA,0,1933.0
NFT-/XUTR/DEUTH02616724361X,19.95,0.0,0.0,1750.0,419.0,19.777,1.995,0.0,0.0,prepaid,0.399,182.0,0.0,0.0,0.0,214.76,-611.589,"",'133178950321390489501,2026-06-16,11177365113,5fb7caa6-1a7a-4b6e-b82e-ca424a334463,100171442590,Reverse,100122635801,1000034288257,11504,399.05,5.0,1237.0,0.0,1237.0,return_refund,0.0,0.0,0.0,0.0,0.0,0.0,0.0,0.0,NA,0,513.0
NFT-/XUTR/DEUTH02616724361X,32.38,0.0,0.0,2299.0,680.0,32.096,3.238,0.0,0.0,prepaid,0.648,182.0,0.0,0.0,0.0,214.76,-858.778,"",'133177890683839351901,2026-06-16,11176442962,3850125d-be63-448e-a3d5-aa41d35b8116,100167515273,Reverse,100121713650,100121713650,11504,647.62,5.0,1525.0,0.0,1525.0,return_refund,0.0,0.0,0.0,0.0,0.0,0.0,0.0,0.0,NA,0,774.0
NFT-/XUTR/DEUTH02616724361X,0.0,14.41,14.41,1799.0,605.0,127.04999999999998,0.0,1.4405,1.4405,prepaid,0.576,0.0,0.0,27.0,0.0,31.86,442.633,"",'133212024103395521701,2026-06-16,11194710166,e8abd375-5206-4b8a-9764-4de61ac9fba8,"",Forward,100139980852,100139980852,11504,576.2,5.0,1100.0,0.0,1100.0,packet_delivered,0.0,0.0,0.0,0.0,0.0,0.0,0.0,0.0,NA,0,699.02
NFT-/XUTR/DEUTH02616724361X,403.17,0.0,0.0,2999.0,2643.0,623.748,11.199,0.0,0.0,prepaid,2.24,0.0,0.0,65.0,0.0,76.7,1929.113,"",'133187410493972214101,2026-06-16,11182189921,6b3f50e6-e23f-407e-9504-ca8952ae065c,"",Forward,100127460609,100127460609,11504,2239.83,18.0,150.0,0.0,150.0,packet_delivered,0.0,0.0,0.0,0.0,0.0,0.0,0.0,0.0,NA,0,2849.0
NFT-/XUTR/DEUTH02616724361X,70.38,0.0,0.0,3299.0,1478.0,366.248,7.038,0.0,0.0,prepaid,1.408,0.0,0.0,49.0,0.0,57.82,1045.486,"",'133181131764061000301,2026-06-16,11178434782,17779626-dc85-4b5f-8e9d-bc363908555a,"",Forward,100123705470,100123705470,11504,1407.62,5.0,1650.0,0.0,1650.0,packet_delivered,0.0,0.0,0.0,0.0,0.0,0.0,0.0,0.0,NA,0,1649.0
NFT-/XUTR/DEUTH02616724361X,70.95,0.0,0.0,3499.0,1490.0,369.222,7.095,0.0,0.0,prepaid,1.419,0.0,0.0,49.0,0.0,57.82,1054.444,"",'133209565690831240601,2026-06-16,11193194363,4e09663b-a20a-4c74-b5e2-4bc0f3c95896,"",Forward,100138465049,1000038475533,11504,1419.05,5.0,1838.0,0.0,1838.0,packet_delivered,0.0,0.0,0.0,0.0,0.0,0.0,0.0,0.0,NA,0,1661.0
NFT-/XUTR/DEUTH02616724361X,27.67,0.0,0.0,2499.0,557.0,26.29,2.652,0.0,0.0,prepaid,0.53,0.0,0.0,3.835,0.0,4.5253,523.003,"",'133182460347389334403,2026-06-16,11179035982,0331e73a-8dd0-49bf-8b10-e3bd60b49d68,"",Forward,100124306670,1000035369009,11504,553.33,5.0,1800.0,24.0,1824.0,packet_delivered,0.0,0.0,0.0,0.0,0.0,0.0,0.0,0.0,NA,0,699.0
NFT-/XUTR/DEUTH02616724361X,471.81,0.0,0.0,3299.0,3093.0,729.948,13.106,0.0,0.0,prepaid,2.621,0.0,0.0,61.0,0.0,71.98,2275.345,"",'133174786999553574103,2026-06-16,11175780959,27656bf7-3580-41c0-b5e6-b87a7edec7cd,"",Forward,100121051647,100121051647,11504,2621.19,18.0,0.0,0.0,0.0,packet_delivered,0.0,0.0,0.0,0.0,0.0,0.0,0.0,0.0,NA,0,3299.0
NFT-/XUTR/DEUTH02616724361X,36.05,0.0,0.0,1699.0,757.0,196.517,3.605,0.0,0.0,prepaid,0.721,182.0,0.0,0.0,0.0,214.76,-770.917,"",'133179088756278627201,2026-06-16,11177521934,5210c859-7765-452a-bb82-4ff814cbbb89,100169087380,Reverse,100122792622,100122792622,11504,720.95,5.0,848.0,0.0,848.0,return_refund,0.0,0.0,0.0,0.0,0.0,0.0,0.0,0.0,NA,0,851.0
NFT-/XUTR/DEUTH02616724361X,100.95,0.0,0.0,3499.0,2120.0,500.31999999999994,10.095,0.0,0.0,prepaid,2.019,182.0,0.0,0.0,0.0,214.76,-1822.326,"",'133183245981493544801,2026-06-16,11179547259,09d7a62f-283c-44d2-b85a-2963ab6b2dd4,100169684954,Reverse,100124817947,1000035406000,11504,2019.05,5.0,1173.0,0.0,1173.0,return_refund,0.0,0.0,0.0,0.0,0.0,0.0,0.0,0.0,NA,0,2326.0
NFT-/XUTR/DEUTH02616724361X,59.67,0.0,0.0,2999.0,1253.0,310.493,5.967,0.0,0.0,prepaid,1.193,182.0,0.0,0.0,0.0,214.76,-1150.107,"",'133173899873915419601,2026-06-16,11175579622,c863a35f-2dbf-4af8-bb9e-c40f6456a200,11175579622,Reverse,100120850310,100120850310,11504,1193.33,5.0,1575.0,0.0,1575.0,exchange,0.0,0.0,0.0,0.0,0.0,0.0,0.0,0.0,NA,0,1424.0
NFT-/XUTR/DEUTH02616724361X,90.14,0.0,0.0,2999.0,1893.0,469.085,9.014,0.0,0.0,prepaid,1.803,0.0,0.0,49.0,0.0,57.82,1355.278,"",'133210342194101608503,2026-06-16,11193694866,46818702-302e-4ea0-bca4-12c1a006c5c2,"",Forward,100138965552,1000038484363,11504,1802.86,5.0,900.0,0.0,900.0,packet_delivered,0.0,0.0,0.0,0.0,0.0,0.0,0.0,0.0,NA,0,2099.0
NFT-/XUTR/DEUTH02616724361X,68.0,0.0,0.0,1599.0,1428.0,337.008,6.8,0.0,0.0,prepaid,1.36,0.0,0.0,49.0,0.0,57.82,1025.012,"",'133207369068862287501,2026-06-16,11192015228,b7279e6f-0c2e-4565-b664-72e3f44a9594,"",Forward,100137285914,1000037188354,11504,1360,5.0,0.0,0.0,0.0,packet_delivered,0.0,0.0,0.0,0.0,0.0,0.0,0.0,0.0,NA,0,1599.0
NFT-/XUTR/DEUTH02616724361X,23.91,0.0,0.0,1999.0,502.0,23.694,2.39,0.0,0.0,prepaid,0.478,182.0,0.0,0.0,0.0,214.76,-690.198,"",'133170783693498598801,2026-06-16,11175312752,3bd9a487-efaa-4be2-b08a-9e71308941dc,100167617916,Reverse,100120583441,1000034587121,11504,478.1,5.0,1403.0,0.0,1403.0,return_refund,0.0,0.0,0.0,0.0,0.0,0.0,0.0,0.0,NA,0,596.01
NFT-/XUTR/DEUTH02616724361X,39.62,0.0,0.0,1950.0,783.0,156.6,3.729,0.0,0.0,prepaid,0.746,171.281,0.0,0.0,0.0,202.11158,-824.037,"",'133184952036415370001,2026-06-16,11180437851,b707c3f7-2693-4f66-8e17-90b041824dfd,100167831277,Reverse,100125708539,100125708539,11504,792.38,5.0,1024.0,49.0,1073.0,return_refund,0.0,0.0,0.0,0.0,0.0,0.0,0.0,0.0,NA,0,926.0
NFT-/XUTR/DEUTH02616724361X,37.14,0.0,0.0,1750.0,9.46,2.456,0.045,0.0,0.0,prepaid,0.009,2.207,0.0,0.0,0.0,2.60426,-9.554,"",'133174282606547529201,2026-06-16,11175665339,0ef4655b-24ab-4563-b513-11160cbd9302,100168812489,Reverse,100120936027,100120936027,11504,742.86,5.0,876.0,0.0,876.0,return_refund,0.0,0.0,0.0,0.0,0.0,0.0,0.0,0.0,NA,0,874.0
NFT-/XUTR/DEUTH02616724361X,426.2,0.0,0.0,3999.0,2645.0,555.45,11.208,0.0,0.0,prepaid,2.242,172.294,0.0,0.0,0.0,203.30692,-2279.407,"",'133185448948937490901,2026-06-16,11180671755,0f82e501-6aa9-4b65-9495-6cea5b41cc59,100167478419,Reverse,100125942443,1000035386815,11504,2367.8,18.0,999.0,149.0,1148.0,return_refund,0.0,0.0,0.0,0.0,0.0,0.0,0.0,0.0,NA,0,3000.0
NFT-/XUTR/DEUTH02616724361X,63.14,0.0,0.0,3499.0,1326.0,265.2,6.314,0.0,0.0,prepaid,1.263,106.0,0.0,0.0,0.0,125.08,-1178.303,"",'133209565690831240601,2026-06-16,11193194368,4e09663b-a20a-4c74-b5e2-4bc0f3c95896,100172362799,Reverse,100138465054,1000038475533,11504,1262.86,5.0,2002.0,0.0,2002.0,return_refund,0.0,0.0,0.0,0.0,0.0,0.0,0.0,0.0,NA,0,1497.0
NFT-/XUTR/DEUTH02616724361X,41.38,0.0,0.0,1899.0,869.0,225.592,4.138,0.0,0.0,prepaid,0.828,0.0,0.0,31.0,0.0,36.58,601.862,"",'133186768071002768003,2026-06-16,11181417969,a5181753-c22c-4948-a613-d203abe3afa7,"",Forward,100126688657,100126688657,11504,827.62,5.0,936.0,0.0,936.0,packet_delivered,0.0,0.0,0.0,0.0,0.0,0.0,0.0,0.0,NA,0,963.0
NFT-/XUTR/DEUTH02616724361X,19.1,0.0,0.0,1599.0,401.0,18.927,1.91,0.0,0.0,prepaid,0.382,0.0,0.0,18.0,0.0,21.24,358.541,"",'133183004773993342001,2026-06-16,11179393880,1db40732-1a08-4ae6-a725-7d03fa819bf6,"",Forward,100124664568,100124664568,11504,381.9,5.0,1104.0,0.0,1104.0,packet_delivered,0.0,0.0,0.0,0.0,0.0,0.0,0.0,0.0,NA,0,495.0
NFT-/XUTR/DEUTH02616724361X,19.1,0.0,0.0,1599.0,384.0,18.125,1.829,0.0,0.0,prepaid,0.366,0.0,0.0,17.237,2.995,23.87376,339.806,"",'133182460347389334403,2026-06-16,11179035980,0331e73a-8dd0-49bf-8b10-e3bd60b49d68,"",Forward,100124306668,1000035369009,11504,381.9,5.0,1104.0,17.0,1121.0,packet_delivered,0.0,0.0,0.0,0.0,0.0,0.0,0.0,0.0,NA,0,495.0
NFT-/XUTR/DEUTH02616724361X,58.43,0.0,0.0,2899.0,1227.0,304.051,5.843,0.0,0.0,prepaid,1.169,0.0,0.0,49.0,0.0,57.82,858.117,"",'133185900508901679603,2026-06-16,11180895606,558afb80-3c1d-4599-84fb-d5395c2e8eb3,"",Forward,100126166294,100126166294,11504,1168.57,5.0,1501.0,0.0,1501.0,packet_delivered,0.0,0.0,0.0,0.0,0.0,0.0,0.0,0.0,NA,0,1398.0
NFT-/XUTR/DEUTH02616724361X,0.0,26.48,26.48,2999.0,1112.0,275.554,0.0,2.6475,2.6475,prepaid,1.059,0.0,0.0,49.0,0.0,57.82,772.272,"",'133208725983016663501,2026-06-16,11192644627,8a9ef153-b411-4463-90d6-d294a3008a0c,"",Forward,100137915313,1000038466433,11504,1059.04,5.0,1716.0,0.0,1716.0,packet_delivered,0.0,0.0,0.0,0.0,0.0,0.0,0.0,0.0,NA,0,1283.0
NFT-/XUTR/DEUTH02616724361X,19.05,0.0,0.0,1599.0,400.0,18.88,1.905,0.0,0.0,prepaid,0.381,0.0,0.0,0.0,0.0,0.0,378.834,"",'133114958821426406101,2026-06-16,11157412746,e0a68a4d-0513-4c6c-ab5e-6eac156a0d92,"",Forward,100102683449,1000030333317,11504,380.95,5.0,1105.0,0.0,1105.0,packet_delivered,0.0,0.0,0.0,0.0,0.0,0.0,0.0,0.0,NA,0,494.0
NFT-/XUTR/DEUTH02616724361X,52.95,0.0,0.0,2999.0,1112.0,275.554,5.295,0.0,0.0,prepaid,1.059,106.0,0.0,0.0,0.0,125.08,-955.172,"",'133209704074265822203,2026-06-16,11193282501,804953ac-51f9-4c98-9796-e4eb3d7a034e,100167597361,Reverse,100138553187,100138553187,11504,1059.05,5.0,1716.0,0.0,1716.0,return_refund,0.0,0.0,0.0,0.0,0.0,0.0,0.0,0.0,NA,0,1283.0
NFT-/XUTR/DEUTH02616724361X,65.29,0.0,0.0,3999.0,1371.0,339.734,6.529,0.0,0.0,prepaid,1.306,0.0,0.0,45.0,9.186,63.93948,959.492,"",'133170783693498598801,2026-06-16,11175312744,3bd9a487-efaa-4be2-b08a-9e71308941dc,"",Forward,100120583433,1000034587121,11504,1305.71,5.0,2457.0,0.0,2457.0,packet_delivered,0.0,0.0,0.0,0.0,0.0,0.0,0.0,0.0,NA,0,1542.0
NFT-/XUTR/DEUTH02616724361X,49.81,0.0,0.0,2999.0,1046.0,198.74,4.981,0.0,0.0,prepaid,0.996,182.0,0.0,0.0,0.0,214.76,-1056.043,"",'133182784342091812601,2026-06-16,11179248837,28889ae9-55fd-4dd7-846c-6fc7760ce56a,100167444472,Reverse,100124519525,100124519525,11504,996.19,5.0,1782.0,0.0,1782.0,return_refund,0.0,0.0,0.0,0.0,0.0,0.0,0.0,0.0,NA,0,1217.0
NFT-/XUTR/DEUTH02616724361X,63.24,0.0,0.0,2999.0,1328.0,329.078,6.324,0.0,0.0,prepaid,1.265,0.0,0.0,49.0,1.992,60.17056,931.162,"",'133204796282582964703,2026-06-16,11191618722,72405832-f88a-4c7d-93b9-49471e50f57c,"",Forward,100136889408,100136889408,11504,1264.76,5.0,1500.0,0.0,1500.0,packet_delivered,0.0,0.0,0.0,0.0,0.0,0.0,0.0,0.0,NA,0,1499.0
NFT-/XUTR/DEUTH02616724361X,29.76,0.0,0.0,1799.0,616.0,159.914,2.933,0.0,0.0,prepaid,0.587,0.0,0.0,30.554,0.0,36.05372,416.512,"",'133178605811170547801,2026-06-16,11176790588,86bf76fc-ac3e-4521-944a-2d08b1fdbc08,"",Forward,100122061276,1000034570559,11504,595.24,5.0,1080.0,9.0,1089.0,packet_delivered,0.0,0.0,0.0,0.0,0.0,0.0,0.0,0.0,NA,0,719.0
NFT-/XUTR/DEUTH02616724361X,37.19,0.0,0.0,1750.0,781.0,202.748,3.719,0.0,0.0,prepaid,0.744,0.0,0.0,31.0,0.0,36.58,537.209,"",'133196057498258830903,2026-06-16,11187501441,bb315ed4-a147-4b7c-a195-7e64041f67c2,"",Forward,100132772129,1000036021758,11504,743.81,5.0,875.0,0.0,875.0,packet_delivered,0.0,0.0,0.0,0.0,0.0,0.0,0.0,0.0,NA,0,875.0
NFT-/XUTR/DEUTH02616724361X,48.86,0.0,0.0,1799.0,1026.0,242.136,4.886,0.0,0.0,prepaid,0.977,0.0,0.0,49.0,0.0,57.82,720.181,"",'133182564901689086303,2026-06-16,11179104294,820a57cf-02ba-41a7-b63e-56a9b94a37f8,"",Forward,100124374982,1000034523974,11504,977.14,5.0,602.0,0.0,602.0,packet_delivered,0.0,0.0,0.0,0.0,0.0,0.0,0.0,0.0,NA,0,1197.0
NFT-/XUTR/DEUTH02616724361X,52.0,0.0,0.0,1899.0,1092.0,257.712,5.2,0.0,0.0,prepaid,1.04,0.0,0.0,45.0,0.0,53.1,774.948,"",'133174289266403108801,2026-06-16,11175666898,f0615fdf-f313-444e-9132-def2f8d93804,"",Forward,100120937586,100120937586,11504,1040,5.0,636.0,0.0,636.0,packet_delivered,0.0,0.0,0.0,0.0,0.0,0.0,0.0,0.0,NA,0,1263.0
NFT-/XUTR/DEUTH02616724361X,0.0,14.05,14.05,1799.0,590.0,123.9,0.0,1.405,1.405,prepaid,0.562,106.0,0.0,0.0,0.0,125.08,-587.808,"",'133204792250244840703,2026-06-16,11191616448,99f1356d-5ef8-46da-88cc-5b5b151c0b64,11191616448,Reverse,100136887134,100136887134,11504,561.9,5.0,1115.0,0.0,1115.0,exchange,0.0,0.0,0.0,0.0,0.0,0.0,0.0,0.0,NA,0,683.9999999999999
NFT-/XUTR/DEUTH02616724361X,18.95,0.0,0.0,1699.0,398.0,18.786,1.895,0.0,0.0,prepaid,0.379,0.0,0.0,3.0,0.0,3.54,373.4,"",'133196057498258830903,2026-06-16,11187501450,bb315ed4-a147-4b7c-a195-7e64041f67c2,"",Forward,100132772137,1000036021758,11504,379.05,5.0,1207.0,0.0,1207.0,packet_delivered,0.0,0.0,0.0,0.0,0.0,0.0,0.0,0.0,NA,0,492.0
NFT-/XUTR/DEUTH02616724361X,0.0,29.5,29.5,3299.0,1239.0,307.024,0.0,2.95,2.95,prepaid,1.18,0.0,0.0,49.0,0.0,57.82,867.076,"",'133204164108199099503,2026-06-16,11191183422,1e67b9a4-8f0c-4b38-82eb-b4f92235e2a2,"",Forward,100136454108,100136454108,11504,1180,5.0,1889.0,0.0,1889.0,packet_delivered,0.0,0.0,0.0,0.0,0.0,0.0,0.0,0.0,NA,0,1410.0
NFT-/XUTR/DEUTH02616724361X,0.0,15.83,15.83,1999.0,665.0,31.388,0.0,1.5835,1.5835,prepaid,0.633,0.0,0.0,31.0,0.0,36.58,593.232,"",'133204169777763296801,2026-06-16,11191187876,5b8a1c27-94b2-40b0-9ab3-3257fa85e870,"",Forward,100136458562,100136458562,11504,633.34,5.0,1240.0,0.0,1240.0,packet_delivered,0.0,0.0,0.0,0.0,0.0,0.0,0.0,0.0,NA,0,759.0000000000001
NFT-/XUTR/DEUTH02616724361X,29.24,0.0,0.0,1799.0,614.0,159.394,2.924,0.0,0.0,prepaid,0.585,0.0,0.0,31.0,0.0,36.58,414.517,"",'133179031440857499301,2026-06-16,11177461298,6fe9a6f4-f67f-4a8e-a34e-3eb5086e72eb,"",Forward,100122731986,1000034294118,11504,584.76,5.0,1091.0,0.0,1091.0,packet_delivered,0.0,0.0,0.0,0.0,0.0,0.0,0.0,0.0,NA,0,708.0
NFT-/XUTR/DEUTH02616724361X,59.67,0.0,0.0,2999.0,1253.0,310.493,5.967,0.0,0.0,prepaid,1.193,0.0,0.0,49.0,0.0,57.82,877.527,"",'133199695343706465501,2026-06-16,11188422810,e4f39d9f-1d52-40a0-aa04-da69474285ff,"",Forward,100133693497,100133693497,11504,1193.33,5.0,1575.0,0.0,1575.0,packet_delivered,0.0,0.0,0.0,0.0,0.0,0.0,0.0,0.0,NA,0,1424.0
NFT-/XUTR/DEUTH02616724361X,48.38,0.0,0.0,2699.0,800.22,198.294,3.811,0.0,0.0,prepaid,0.762,0.0,0.0,38.593,2.641,48.65612,548.697,"",'133182907152091807101,2026-06-16,11179328297,8615ad06-d26b-4809-80d9-905fe8509cda,"",Forward,100124598985,100124598985,11504,967.62,5.0,1512.0,0.0,1512.0,packet_delivered,0.0,0.0,0.0,0.0,0.0,0.0,0.0,0.0,NA,0,1187.0
NFT-/XUTR/DEUTH02616724361X,97.29,0.0,0.0,2999.0,2043.0,482.148,9.729,0.0,0.0,prepaid,1.946,106.0,0.0,0.0,0.0,125.08,-1674.257,"",'133204607984790133203,2026-06-16,11191506905,2274e224-4c1a-481b-865b-7e81ffa6a719,11191506905,Reverse,100136777591,100136777591,11504,1945.71,5.0,750.0,0.0,750.0,exchange,0.0,0.0,0.0,0.0,0.0,0.0,0.0,0.0,NA,0,2249.0
NFT-/XUTR/DEUTH02616724361X,23.33,0.0,0.0,1599.0,490.0,23.128,2.333,0.0,0.0,prepaid,0.467,127.0,0.0,0.0,0.0,149.86,-613.932,"",'133158810745671008701,2026-06-16,11171208121,3b1a8a31-4479-44fa-ac17-b6710f74031b,11171208121,Reverse,100116478811,100116478811,11504,466.67,5.0,1015.0,0.0,1015.0,exchange,0.0,0.0,0.0,0.0,0.0,0.0,0.0,0.0,NA,0,584.0
NFT-/XUTR/DEUTH02616724361X,41.95,0.0,0.0,1950.0,832.0,215.987,3.962,0.0,0.0,prepaid,0.792,171.877,0.0,0.0,0.0,202.81486,-814.074,"",'133181674725245328203,2026-06-16,11178615455,4eae550f-3ec2-4759-8603-781dd92350b0,100167434493,Reverse,100123886143,100123886143,11504,839.05,5.0,975.0,49.0,1024.0,return_refund,0.0,0.0,0.0,0.0,0.0,0.0,0.0,0.0,NA,0,975.0
NFT-/XUTR/DEUTH02616724361X,66.43,0.0,0.0,3299.0,1395.0,345.681,6.643,0.0,0.0,prepaid,1.329,106.0,0.0,0.0,0.0,125.08,-1166.427,"",'133204352472510193303,2026-06-16,11191328894,cee8ff3b-20d6-4186-87de-b063714cf442,11191328894,Reverse,100136599580,1000038457714,11504,1328.57,5.0,1733.0,0.0,1733.0,exchange,0.0,0.0,0.0,0.0,0.0,0.0,0.0,0.0,NA,0,1566.0
NFT-/XUTR/DEUTH02616724361X,75.19,0.0,0.0,3499.0,1550.0,325.5,7.381,0.0,0.0,prepaid,1.476,0.0,0.0,59.88,0.0,70.6584,1144.985,"",'133186047713472747803,2026-06-16,11180972440,503ccf73-6a8c-4b51-ac4e-f63977462c14,"",Forward,100126243128,1000035401082,11504,1503.81,5.0,1749.0,29.0,1778.0,packet_delivered,0.0,0.0,0.0,0.0,0.0,0.0,0.0,0.0,NA,0,1750.0
NFT-/XUTR/DEUTH02616724361X,35.05,0.0,0.0,1750.0,736.0,191.066,3.505,0.0,0.0,prepaid,0.701,182.0,0.0,0.0,0.0,214.76,-755.488,"",'133186598234666700503,2026-06-16,11181296744,9706a2b5-2fc5-4ca7-9541-89559ef27ef4,100169776858,Reverse,100126567432,100126567432,11504,700.95,5.0,920.0,0.0,920.0,return_refund,0.0,0.0,0.0,0.0,0.0,0.0,0.0,0.0,NA,0,830.0
NFT-/XUTR/DEUTH02616724361X,60.86,0.0,0.0,2899.0,1278.0,316.688,6.086,0.0,0.0,prepaid,1.217,0.0,0.0,49.0,8.818,68.22524,885.784,"",'133208903619245053601,2026-06-16,11192760475,5b4e1967-89d1-4897-a227-fb522a9a4177,"",Forward,100138031160,100138031160,11504,1217.14,5.0,1450.0,0.0,1450.0,packet_delivered,0.0,0.0,0.0,0.0,0.0,0.0,0.0,0.0,NA,0,1449.0
NFT-/XUTR/DEUTH02616724361X,38.43,0.0,0.0,1899.0,807.0,209.497,3.843,0.0,0.0,prepaid,0.769,0.0,0.0,31.0,0.0,36.58,556.311,"",'133192517126288366101,2026-06-16,11184963638,2aa1b211-969c-45fb-858f-4a5c01d09146,"",Forward,100130234326,100130234326,11504,768.57,5.0,998.0,0.0,998.0,packet_delivered,0.0,0.0,0.0,0.0,0.0,0.0,0.0,0.0,NA,0,901.0
NFT-/XUTR/DEUTH02616724361X,59.67,0.0,0.0,2999.0,1253.0,310.493,5.967,0.0,0.0,prepaid,1.193,0.0,0.0,49.0,0.0,57.82,877.527,"",'133182545744882245601,2026-06-16,11179092084,ce3e736f-5863-4344-bb16-bf53a72c13af,"",Forward,100124362772,1000035379183,11504,1193.33,5.0,1575.0,0.0,1575.0,packet_delivered,0.0,0.0,0.0,0.0,0.0,0.0,0.0,0.0,NA,0,1424.0
NFT-/XUTR/DEUTH02616724361X,33.38,0.0,0.0,1850.0,701.0,181.98,3.338,0.0,0.0,prepaid,0.668,182.0,0.0,0.0,0.0,214.76,-729.774,"",'133182747362909452703,2026-06-16,11179225281,3e7e8cf3-ec5b-4ec0-b5bf-4aaabe926ed9,11179225281,Reverse,100124495969,100124495969,11504,667.62,5.0,1055.0,0.0,1055.0,exchange,0.0,0.0,0.0,0.0,0.0,0.0,0.0,0.0,NA,0,795.0
NFT-/XUTR/DEUTH02616724361X,55.14,0.0,0.0,2799.0,1158.0,286.952,5.514,0.0,0.0,prepaid,1.103,106.0,0.0,0.0,0.0,125.08,-989.511,"",'133204413738356312901,2026-06-16,11191374820,70e6b850-7f0a-4d3b-be3a-53f6ece69194,100168184558,Reverse,100136645506,100136645506,11504,1102.86,5.0,1470.0,0.0,1470.0,return_refund,0.0,0.0,0.0,0.0,0.0,0.0,0.0,0.0,NA,0,1329.0
NFT-/XUTR/DEUTH02616724361X,52.95,0.0,0.0,2999.0,1112.0,275.554,5.295,0.0,0.0,prepaid,1.059,106.0,0.0,0.0,0.0,125.08,-955.172,"",'133211999107660596203,2026-06-16,11194695883,2dcb887c-447c-4772-be79-47b140c3d109,100167512955,Reverse,100139966569,100139966569,11504,1059.05,5.0,1716.0,0.0,1716.0,return_refund,0.0,0.0,0.0,0.0,0.0,0.0,0.0,0.0,NA,0,1283.0
NFT-/XUTR/DEUTH02616724361X,45.52,0.0,0.0,1799.0,956.0,248.178,4.552,0.0,0.0,prepaid,0.91,0.0,0.0,31.0,0.0,36.58,665.78,"",'133178923243737577203,2026-06-16,11177331078,aaac4285-b3be-4b08-a59b-94e871c95796,"",Forward,100122601768,100122601768,11504,910.48,5.0,672.0,0.0,672.0,packet_delivered,0.0,0.0,0.0,0.0,0.0,0.0,0.0,0.0,NA,0,1127.0
NFT-/XUTR/DEUTH02616724361X,58.48,0.0,0.0,1999.0,1228.0,289.808,5.848,0.0,0.0,prepaid,1.17,0.0,0.0,49.0,6.508,65.49944,865.675,"",'133182413955759276503,2026-06-16,11179007579,d26f37df-8e3e-48a4-acb6-0f05082c343d,"",Forward,100124278267,100124278267,11504,1169.52,5.0,600.0,0.0,600.0,packet_delivered,0.0,0.0,0.0,0.0,0.0,0.0,0.0,0.0,NA,0,1399.0
NFT-/XUTR/DEUTH02616724361X,82.29,0.0,0.0,3999.0,1728.0,345.6,8.229,0.0,0.0,prepaid,1.646,0.0,0.0,61.0,0.0,71.98,1300.545,"",'133185304451828492801,2026-06-16,11180605452,27dca72f-b4ef-4655-87ff-9a9306f41dc8,"",Forward,100125876140,100125876140,11504,1645.71,5.0,2100.0,0.0,2100.0,packet_delivered,0.0,0.0,0.0,0.0,0.0,0.0,0.0,0.0,NA,0,1899.0
NFT-/XUTR/DEUTH02616724361X,37.14,0.0,0.0,1750.0,780.0,202.488,3.714,0.0,0.0,prepaid,0.743,0.0,0.0,27.0,0.0,31.86,541.195,"",'133174585506331790801,2026-06-16,11175736219,2a0f182d-29a7-491f-ae4c-0ddf3187ac2c,"",Forward,100121006907,100121006907,11504,742.86,5.0,876.0,0.0,876.0,packet_delivered,0.0,0.0,0.0,0.0,0.0,0.0,0.0,0.0,NA,0,874.0
NFT-/XUTR/DEUTH02616724361X,29.24,0.0,0.0,1799.0,614.0,159.394,2.924,0.0,0.0,prepaid,0.585,182.0,0.0,0.0,0.0,214.76,-665.857,"",'133179031440857499301,2026-06-16,11177461298,6fe9a6f4-f67f-4a8e-a34e-3eb5086e72eb,100167644259,Reverse,100122731986,1000034294118,11504,584.76,5.0,1091.0,0.0,1091.0,return_refund,0.0,0.0,0.0,0.0,0.0,0.0,0.0,0.0,NA,0,708.0
NFT-/XUTR/DEUTH02616724361X,50.67,0.0,0.0,1899.0,1064.0,251.10399999999996,5.067,0.0,0.0,prepaid,1.013,0.0,0.0,49.0,0.0,57.82,748.996,"",'133181762972413187101,2026-06-16,11178655180,0f6f3c63-90c3-41a6-ab94-1e0fff4d7984,"",Forward,100123925868,100123925868,11504,1013.33,5.0,664.0,0.0,664.0,packet_delivered,0.0,0.0,0.0,0.0,0.0,0.0,0.0,0.0,NA,0,1235.0
NFT-/XUTR/DEUTH02616724361X,94.62,0.0,0.0,3299.0,1987.0,492.379,9.462,0.0,0.0,prepaid,1.892,0.0,0.0,49.0,0.0,57.82,1425.447,"",'133183850160074982703,2026-06-16,11179876737,f0d2dcc2-2d50-42a3-be2c-4d8f0e8fbe9b,"",Forward,100125147425,100125147425,11504,1892.38,5.0,1106.0,0.0,1106.0,packet_delivered,0.0,0.0,0.0,0.0,0.0,0.0,0.0,0.0,NA,0,2193.0
NFT-/XUTR/DEUTH02616724361X,36.19,0.0,0.0,1799.0,715.001,185.614,3.405,0.0,0.0,prepaid,0.681,171.224,0.0,0.0,0.0,202.04432,-727.345,"",'133183574374318042001,2026-06-16,11179727861,757f9def-f5ec-4ee7-8967-d707d2fb3330,100167466344,Reverse,100124998549,1000034648675,11504,723.81,5.0,945.0,45.0,990.0,return_refund,0.0,0.0,0.0,0.0,0.0,0.0,0.0,0.0,NA,0,854.0
NFT-/XUTR/DEUTH02616724361X,68.67,0.0,0.0,3399.0,1442.0,357.328,6.867,0.0,0.0,prepaid,1.373,0.0,0.0,45.0,0.0,53.1,1023.332,"",'133170208673292024701,2026-06-16,11175261304,a77bda49-548b-4b8e-8c48-10c65f0854c7,"",Forward,100120531993,100120531993,11504,1373.33,5.0,1786.0,0.0,1786.0,packet_delivered,0.0,0.0,0.0,0.0,0.0,0.0,0.0,0.0,NA,0,1613.0
NFT-/XUTR/DEUTH02616724361X,36.19,0.0,0.0,1799.0,760.0,197.296,3.619,0.0,0.0,prepaid,0.724,182.0,0.0,0.0,0.0,214.76,-773.121,"",'133179031440857499301,2026-06-16,11177461304,6fe9a6f4-f67f-4a8e-a34e-3eb5086e72eb,100167643073,Reverse,100122731992,1000034294118,11504,723.81,5.0,945.0,0.0,945.0,return_refund,0.0,0.0,0.0,0.0,0.0,0.0,0.0,0.0,NA,0,854.0
NFT-/XUTR/DEUTH02616724361X,19.48,0.0,0.0,1799.0,409.0,19.305,1.948,0.0,0.0,prepaid,0.39,0.0,0.0,22.0,3.517,30.11006,357.247,"",'133183011478008076401,2026-06-16,11179398338,94bae25a-a841-4abb-8b8c-c60d1771c81e,"",Forward,100124669026,1000035403488,11504,389.52,5.0,1296.0,0.0,1296.0,packet_delivered,0.0,0.0,0.0,0.0,0.0,0.0,0.0,0.0,NA,0,503.0
NFT-/XUTR/DEUTH02616724361X,36.19,0.0,0.0,1799.0,760.0,197.296,3.619,0.0,0.0,prepaid,0.724,127.0,0.0,0.0,0.0,149.86,-708.221,"",'133185502986763451103,2026-06-16,11180696645,9db4b10d-345c-448f-a603-bf917e862cb1,100167706523,Reverse,100125967333,1000035447022,11504,723.81,5.0,945.0,0.0,945.0,return_refund,0.0,0.0,0.0,0.0,0.0,0.0,0.0,0.0,NA,0,854.0
NFT-/XUTR/DEUTH02616724361X,29.76,0.0,0.0,1799.0,616.0,159.914,2.933,0.0,0.0,prepaid,0.587,179.379,0.0,0.0,0.0,211.66722,-664.233,"",'133178605811170547801,2026-06-16,11176790588,86bf76fc-ac3e-4521-944a-2d08b1fdbc08,100168228085,Reverse,100122061276,1000034570559,11504,595.24,5.0,1080.0,9.0,1089.0,return_refund,0.0,0.0,0.0,0.0,0.0,0.0,0.0,0.0,NA,0,719.0
NFT-/XUTR/DEUTH02616724361X,51.19,0.0,0.0,1750.0,1058.0,249.688,5.038,0.0,0.0,prepaid,1.008,0.0,0.0,48.225,1.27,58.4041,743.862,"",'133179310066728863303,2026-06-16,11177692631,75f6a0c9-294a-48d9-a978-ee4d7f0beffc,"",Forward,100122963319,1000034318655,11504,1023.81,5.0,504.0,17.0,521.0,packet_delivered,0.0,0.0,0.0,0.0,0.0,0.0,0.0,0.0,NA,0,1246.0
NFT-/XUTR/DEUTH02616724361X,0.0,17.41,17.41,1650.0,731.0,189.768,0.0,1.7405,1.7405,prepaid,0.696,0.0,0.0,31.0,0.0,36.58,500.475,"",'133194051050337331903,2026-06-16,11185966981,376a241e-1564-4605-9c1b-c17358ca70e2,"",Forward,100131237668,100131237668,11504,696.2,5.0,825.0,0.0,825.0,packet_delivered,0.0,0.0,0.0,0.0,0.0,0.0,0.0,0.0,NA,0,825.02
NFT-/XUTR/DEUTH02616724361X,35.1,0.0,0.0,1750.0,737.0,191.325,3.51,0.0,0.0,prepaid,0.702,0.0,0.0,31.0,0.0,36.58,504.883,"",'133210087660070320101,2026-06-16,11193528725,d8907b3b-d3af-4190-86f7-4e67055310ba,"",Forward,100138799411,100138799411,11504,701.9,5.0,919.0,0.0,919.0,packet_delivered,0.0,0.0,0.0,0.0,0.0,0.0,0.0,0.0,NA,0,831.0
NFT-/XUTR/DEUTH02616724361X,95.38,0.0,0.0,3399.0,2003.0000000000002,472.708,9.538,0.0,0.0,prepaid,1.908,182.0,0.0,0.0,0.0,214.76,-1733.606,"",'133186324777819910601,2026-06-16,11181124473,e5e2ca9f-ef5e-4d0b-bf97-5645e7cd5545,11181124473,Reverse,100126395161,100126395161,11504,1907.62,5.0,1190.0,0.0,1190.0,exchange,0.0,0.0,0.0,0.0,0.0,0.0,0.0,0.0,NA,0,2209.0
NFT-/XUTR/DEUTH02616724361X,87.05,0.0,0.0,1999.0,1828.0,431.408,8.705,0.0,0.0,prepaid,1.741,0.0,0.0,45.0,0.0,53.1,1333.046,"",'133178111327220786801,2026-06-16,11176505754,aad4471f-978c-4973-88ed-49942ccab630,"",Forward,100121776442,100121776442,11504,1740.95,5.0,0.0,0.0,0.0,packet_delivered,0.0,0.0,0.0,0.0,0.0,0.0,0.0,0.0,NA,0,1999.0
NFT-/XUTR/DEUTH02616724361X,24.05,0.0,0.0,1499.0,480.0,33.984,2.286,0.0,0.0,prepaid,0.457,0.0,0.0,29.465,4.32,39.8663,403.407,"",'133184366467310074803,2026-06-16,11180150544,1290a17b-3516-4972-9fce-d45cabc55d48,"",Forward,100125421232,1000035386607,11504,480.95,5.0,900.0,25.0,925.0,packet_delivered,0.0,0.0,0.0,0.0,0.0,0.0,0.0,0.0,NA,0,599.0
NFT-/XUTR/DEUTH02616724361X,55.14,0.0,0.0,2799.0,1158.0,286.952,5.514,0.0,0.0,prepaid,1.103,0.0,0.0,49.0,0.0,57.82,806.611,"",'133204413738356312901,2026-06-16,11191374820,70e6b850-7f0a-4d3b-be3a-53f6ece69194,"",Forward,100136645506,100136645506,11504,1102.86,5.0,1470.0,0.0,1470.0,packet_delivered,0.0,0.0,0.0,0.0,0.0,0.0,0.0,0.0,NA,0,1329.0
NFT-/XUTR/DEUTH02616724361X,0.0,26.45,26.45,2999.0,1111.0,233.31,0.0,2.645,2.645,prepaid,1.058,106.0,0.0,0.0,0.0,125.08,-996.422,"",'133205043015150695701,2026-06-16,11191721633,6e89a2a9-f928-4299-a082-363ca018670a,100167464403,Reverse,100136992319,100136992319,11504,1058.1,5.0,1717.0,0.0,1717.0,return_refund,0.0,0.0,0.0,0.0,0.0,0.0,0.0,0.0,NA,0,1282.0
NFT-/XUTR/DEUTH02616724361X,51.33,0.0,0.0,2499.0,1078.0,267.128,5.133,0.0,0.0,prepaid,1.027,0.0,0.0,49.0,1.833,59.98294,744.729,"",'133183600182517493803,2026-06-16,11179741530,add41c48-4335-463a-b585-77790c30f45a,"",Forward,100125012218,100125012218,11504,1026.67,5.0,1250.0,0.0,1250.0,packet_delivered,0.0,0.0,0.0,0.0,0.0,0.0,0.0,0.0,NA,0,1249.0
NFT-/XUTR/DEUTH02616724361X,42.71,0.0,0.0,3199.0,897.0,232.861,4.271,0.0,0.0,prepaid,0.854,0.0,0.0,31.0,0.0,36.58,622.434,"",'133204313604541216303,2026-06-16,11191299765,f2042663-a2e9-4e5b-9d82-8501992c36bf,"",Forward,100136570451,100136570451,11504,854.29,5.0,2208.0,0.0,2208.0,packet_delivered,0.0,0.0,0.0,0.0,0.0,0.0,0.0,0.0,NA,0,991.0
NFT-/XUTR/DEUTH02616724361X,38.33,0.0,0.0,1799.0,805.0,208.978,3.833,0.0,0.0,prepaid,0.767,0.0,0.0,31.0,0.0,36.58,554.842,"",'133186306812739217203,2026-06-16,11181114015,efd2420e-b8ff-454a-9b48-13727395f150,"",Forward,100126384703,100126384703,11504,766.67,5.0,900.0,0.0,900.0,packet_delivered,0.0,0.0,0.0,0.0,0.0,0.0,0.0,0.0,NA,0,899.0
NFT-/XUTR/DEUTH02616724361X,42.81,0.0,0.0,2999.0,872.9999999999999,174.6,4.157,0.0,0.0,prepaid,0.831,176.736,0.0,0.0,0.0,208.54848,-901.96,"",'133186464549609870701,2026-06-16,11181208756,249e5fba-ee39-49da-8841-6ea983750f6f,100167468413,Reverse,100126479444,100126479444,11504,856.19,5.0,2006.0,26.0,2032.0,return_refund,0.0,0.0,0.0,0.0,0.0,0.0,0.0,0.0,NA,0,993.0
NFT-/XUTR/DEUTH02616724361X,86.95,0.0,0.0,1999.0,1826.0,430.936,8.695,0.0,0.0,prepaid,1.739,0.0,0.0,49.0,6.574,65.57732,1319.053,"",'133184873573574125101,2026-06-16,11180400313,af827626-bb7b-4a92-accf-26cd1473b963,"",Forward,100125671001,100125671001,11504,1739.05,5.0,2.0,0.0,2.0,packet_delivered,0.0,0.0,0.0,0.0,0.0,0.0,0.0,0.0,NA,0,1997.0
NFT-/XUTR/DEUTH02616724361X,26.24,0.0,0.0,1699.0,551.0,143.04,2.624,0.0,0.0,prepaid,0.525,0.0,0.0,31.0,0.0,36.58,368.231,"",'133210468517511580401,2026-06-16,11193777143,cbb9d06a-9c36-4337-aabd-9a44a5f28aad,"",Forward,100139047829,100139047829,11504,524.76,5.0,1054.0,0.0,1054.0,packet_delivered,0.0,0.0,0.0,0.0,0.0,0.0,0.0,0.0,NA,0,645.0
NFT-/XUTR/DEUTH02616724361X,59.67,0.0,0.0,2999.0,1253.0,310.493,5.967,0.0,0.0,prepaid,1.193,0.0,0.0,49.0,0.0,57.82,877.527,"",'133184244890098257503,2026-06-16,11180085961,de8b4a60-b3b3-4ad1-8f9a-b92813fce35c,"",Forward,100125356649,100125356649,11504,1193.33,5.0,1575.0,0.0,1575.0,packet_delivered,0.0,0.0,0.0,0.0,0.0,0.0,0.0,0.0,NA,0,1424.0
NFT-/XUTR/DEUTH02616724361X,0.0,19.17,19.17,1799.0,805.0,208.978,0.0,1.9165,1.9165,prepaid,0.767,0.0,0.0,31.0,0.0,36.58,554.842,"",'133204981632534848603,2026-06-16,11191700161,6d9e76ff-ea88-4a52-9bfa-4f9ac33b3ce8,"",Forward,100136970847,100136970847,11504,766.66,5.0,900.0,0.0,900.0,packet_delivered,0.0,0.0,0.0,0.0,0.0,0.0,0.0,0.0,NA,0,898.9999999999999
NFT-/XUTR/DEUTH02616724361X,59.67,0.0,0.0,2999.0,1253.0,310.493,5.967,0.0,0.0,prepaid,1.193,0.0,0.0,49.0,0.0,57.82,877.527,"",'133181048927903024901,2026-06-16,11178417426,c8f2155a-d976-4510-bccb-a9059cbc8708,"",Forward,100123688114,1000035383170,11504,1193.33,5.0,1575.0,0.0,1575.0,packet_delivered,0.0,0.0,0.0,0.0,0.0,0.0,0.0,0.0,NA,0,1424.0
NFT-/XUTR/DEUTH02616724361X,45.62,0.0,0.0,1699.0,942.0,244.543,4.486,0.0,0.0,prepaid,0.897,0.0,0.0,30.482,0.0,35.96876,656.105,"",'133179310066728863303,2026-06-16,11177692629,75f6a0c9-294a-48d9-a978-ee4d7f0beffc,"",Forward,100122963317,1000034318655,11504,912.38,5.0,570.0,16.0,586.0,packet_delivered,0.0,0.0,0.0,0.0,0.0,0.0,0.0,0.0,NA,0,1129.0
NFT-/XUTR/DEUTH02616724361X,60.86,0.0,0.0,2899.0,1278.0,316.688,6.086,0.0,0.0,prepaid,1.217,0.0,0.0,49.0,0.0,57.82,896.189,"",'133195308074119848703,2026-06-16,11186837100,5f48955c-d346-4ca2-89af-c20f2bf98ef2,"",Forward,100132107787,100132107787,11504,1217.14,5.0,1450.0,0.0,1450.0,packet_delivered,0.0,0.0,0.0,0.0,0.0,0.0,0.0,0.0,NA,0,1449.0
NFT-/XUTR/DEUTH02616724361X,35.24,0.0,0.0,1950.0,740.0,148.0,3.524,0.0,0.0,prepaid,0.705,0.0,0.0,45.0,0.0,53.1,534.671,"",'133203977039094322703,2026-06-16,11191038229,ca06c138-39bf-4066-81d0-81e5533e2da9,"",Forward,100136308915,100136308915,11504,704.76,5.0,1116.0,0.0,1116.0,packet_delivered,0.0,0.0,0.0,0.0,0.0,0.0,0.0,0.0,NA,0,834.0
NFT-/XUTR/DEUTH02616724361X,35.95,0.0,0.0,1699.0,755.0,195.998,3.595,0.0,0.0,prepaid,0.719,182.0,0.0,0.0,0.0,214.76,-769.448,"",'133180644582164702201,2026-06-16,11178356694,577b368f-9d1d-4b8c-858b-e4cf8f35c5eb,100167543971,Reverse,100123627382,100123627382,11504,719.05,5.0,850.0,0.0,850.0,return_refund,0.0,0.0,0.0,0.0,0.0,0.0,0.0,0.0,NA,0,849.0
NFT-/XUTR/DEUTH02616724361X,36.05,0.0,0.0,1699.0,757.0,196.517,3.605,0.0,0.0,prepaid,0.721,0.0,0.0,31.0,0.0,36.58,519.577,"",'133179088756278627201,2026-06-16,11177521934,5210c859-7765-452a-bb82-4ff814cbbb89,"",Forward,100122792622,100122792622,11504,720.95,5.0,848.0,0.0,848.0,packet_delivered,0.0,0.0,0.0,0.0,0.0,0.0,0.0,0.0,NA,0,851.0
NFT-/XUTR/DEUTH02616724361X,55.14,0.0,0.0,1899.0,1158.0,273.288,5.514,0.0,0.0,prepaid,1.103,127.0,0.0,0.0,0.0,149.86,-1027.955,"",'133185720578314960501,2026-06-16,11180803015,5f106f30-1459-44c9-9232-e903fc13f0c4,100169151329,Reverse,100126073703,100126073703,11504,1102.86,5.0,570.0,0.0,570.0,return_refund,0.0,0.0,0.0,0.0,0.0,0.0,0.0,0.0,NA,0,1329.0
NFT-/XUTR/DEUTH02616724361X,19.05,0.0,0.0,1499.0,400.0,18.88,1.905,0.0,0.0,prepaid,0.381,0.0,0.0,3.0,0.0,3.54,375.294,"",'133200685385714130401,2026-06-16,11189023969,0bf0be76-fb41-40b1-a3f2-9b0b2bdbac47,"",Forward,100134294655,100134294655,11504,380.95,5.0,1005.0,0.0,1005.0,packet_delivered,0.0,0.0,0.0,0.0,0.0,0.0,0.0,0.0,NA,0,494.0
NFT-/XUTR/DEUTH02616724361X,38.38,0.0,0.0,1799.0,806.0,209.238,3.838,0.0,0.0,prepaid,0.768,0.0,0.0,31.0,0.0,36.58,555.576,"",'133183586603683636301,2026-06-16,11179734634,d066909d-ac2a-444a-aaba-526827591ac0,"",Forward,100125005322,100125005322,11504,767.62,5.0,899.0,0.0,899.0,packet_delivered,0.0,0.0,0.0,0.0,0.0,0.0,0.0,0.0,NA,0,900.0
NFT-/XUTR/DEUTH02616724361X,46.14,0.0,0.0,2999.0,969.0,184.11,4.614,0.0,0.0,prepaid,0.923,0.0,0.0,45.0,0.0,53.1,726.253,"",'133210831994832790403,2026-06-16,11194016115,91a920d3-b2cf-41cc-88fc-ec2e9da1f6c5,"",Forward,100139286801,100139286801,11504,922.86,5.0,1859.0,0.0,1859.0,packet_delivered,0.0,0.0,0.0,0.0,0.0,0.0,0.0,0.0,NA,0,1140.0
NFT-/XUTR/DEUTH02616724361X,29.38,0.0,0.0,1499.0,617.0,160.173,2.938,0.0,0.0,prepaid,0.588,182.0,0.0,0.0,0.0,214.76,-668.061,"",'133183691663277815003,2026-06-16,11179790951,160b89f2-3a56-4c1c-a9f4-b058f60fac53,100171442515,Reverse,100125061639,1000034666417,11504,587.62,5.0,788.0,0.0,788.0,return_refund,0.0,0.0,0.0,0.0,0.0,0.0,0.0,0.0,NA,0,711.0
NFT-/XUTR/DEUTH02616724361X,19.1,0.0,0.0,1599.0,401.0,18.927,1.91,0.0,0.0,prepaid,0.382,182.0,0.0,0.0,0.0,214.76,-594.541,"",'133182301381342797401,2026-06-16,11178940561,4aa27cff-231a-42f2-9f3e-d18ffec6f974,11178940561,Reverse,100124211249,100124211249,11504,381.9,5.0,1104.0,0.0,1104.0,exchange,0.0,0.0,0.0,0.0,0.0,0.0,0.0,0.0,NA,0,495.0
NFT-/XUTR/DEUTH02616724361X,59.67,0.0,0.0,2999.0,1253.0,310.493,5.967,0.0,0.0,prepaid,1.193,182.0,0.0,0.0,0.0,214.76,-1150.107,"",'133182545744882245601,2026-06-16,11179092079,ce3e736f-5863-4344-bb16-bf53a72c13af,11179092079,Reverse,100124362767,1000035379183,11504,1193.33,5.0,1575.0,0.0,1575.0,exchange,0.0,0.0,0.0,0.0,0.0,0.0,0.0,0.0,NA,0,1424.0
NFT-/XUTR/DEUTH02616724361X,403.17,0.0,0.0,2999.0,2643.0,623.748,11.199,0.0,0.0,prepaid,2.24,0.0,0.0,65.0,0.0,76.7,1929.113,"",'133193504800209906901,2026-06-16,11185636849,ddf6abf5-89e8-4836-ba2b-fab212c42796,"",Forward,100130907536,100130907536,11504,2239.83,18.0,150.0,0.0,150.0,packet_delivered,0.0,0.0,0.0,0.0,0.0,0.0,0.0,0.0,NA,0,2849.0
NFT-/XUTR/DEUTH02616724361X,31.67,0.0,0.0,1599.0,625.001,162.25,2.976,0.0,0.0,prepaid,0.595,171.053,0.0,0.0,0.0,201.84254,-661.023,"",'133183574374318042001,2026-06-16,11179727844,757f9def-f5ec-4ee7-8967-d707d2fb3330,100167466933,Reverse,100124998532,1000034648675,11504,633.33,5.0,840.0,40.0,880.0,return_refund,0.0,0.0,0.0,0.0,0.0,0.0,0.0,0.0,NA,0,759.0
NFT-/XUTR/DEUTH02616724361X,49.81,0.0,0.0,2999.0,1046.0,198.74,4.981,0.0,0.0,prepaid,0.996,0.0,0.0,45.0,1.464,54.82752,786.455,"",'133182784342091812601,2026-06-16,11179248837,28889ae9-55fd-4dd7-846c-6fc7760ce56a,"",Forward,100124519525,100124519525,11504,996.19,5.0,1782.0,0.0,1782.0,packet_delivered,0.0,0.0,0.0,0.0,0.0,0.0,0.0,0.0,NA,0,1217.0
NFT-/XUTR/DEUTH02616724361X,0.0,26.45,26.45,2999.0,1111.0,233.31,0.0,2.645,2.645,prepaid,1.058,0.0,0.0,45.0,0.0,53.1,818.242,"",'133205043015150695701,2026-06-16,11191721633,6e89a2a9-f928-4299-a082-363ca018670a,"",Forward,100136992319,100136992319,11504,1058.1,5.0,1717.0,0.0,1717.0,packet_delivered,0.0,0.0,0.0,0.0,0.0,0.0,0.0,0.0,NA,0,1282.0
NFT-/XUTR/DEUTH02616724361X,16.71,0.0,0.0,1799.0,351.0,16.567,1.671,0.0,0.0,prepaid,0.334,0.0,0.0,17.0,6.248,27.43264,304.995,"",'133170783693498598801,2026-06-16,11175312756,3bd9a487-efaa-4be2-b08a-9e71308941dc,"",Forward,100120583445,1000034587121,11504,334.29,5.0,1389.0,0.0,1389.0,packet_delivered,0.0,0.0,0.0,0.0,0.0,0.0,0.0,0.0,NA,0,410.0
NFT-/XUTR/DEUTH02616724361X,0.0,31.62,31.62,2999.0,1328.0,329.078,0.0,3.162,3.162,prepaid,1.265,0.0,0.0,49.0,0.0,57.82,933.513,"",'133208690934666850501,2026-06-16,11192621740,cc87800f-7de4-44e0-a3d5-e3dcba76aedf,"",Forward,100137892426,100137892426,11504,1264.76,5.0,1500.0,0.0,1500.0,packet_delivered,0.0,0.0,0.0,0.0,0.0,0.0,0.0,0.0,NA,0,1498.9999999999998
NFT-/XUTR/DEUTH02616724361X,29.38,0.0,0.0,1499.0,617.0,160.173,2.938,0.0,0.0,prepaid,0.588,0.0,0.0,31.0,0.494,37.16292,416.138,"",'133183691663277815003,2026-06-16,11179790951,160b89f2-3a56-4c1c-a9f4-b058f60fac53,"",Forward,100125061639,1000034666417,11504,587.62,5.0,788.0,0.0,788.0,packet_delivered,0.0,0.0,0.0,0.0,0.0,0.0,0.0,0.0,NA,0,711.0
NFT-/XUTR/DEUTH02616724361X,37.14,0.0,0.0,1750.0,208.48,39.361,0.993,0.0,0.0,prepaid,0.199,0.0,0.0,8.286,0.0,9.77748,158.15,"",'133189184206200039901,2026-06-16,11182920368,b1867130-24ff-4f43-9a31-89ffed297e31,"",Forward,100128191056,100128191056,11504,742.86,5.0,876.0,0.0,876.0,packet_delivered,0.0,0.0,0.0,0.0,0.0,0.0,0.0,0.0,NA,0,874.0
NFT-/XUTR/DEUTH02616724361X,19.05,0.0,0.0,1799.0,400.0,18.88,1.905,0.0,0.0,prepaid,0.381,0.0,0.0,0.0,4.04,4.7672,374.067,"",'133172980448390137201,2026-06-16,11175419959,f6daaf67-2712-4fc5-9e31-7aed12b25178,"",Forward,100120690648,100120690648,11504,380.95,5.0,1305.0,0.0,1305.0,packet_delivered,0.0,0.0,0.0,0.0,0.0,0.0,0.0,0.0,NA,0,494.0
NFT-/XUTR/DEUTH02616724361X,36.19,0.0,0.0,1799.0,760.0,197.296,3.619,0.0,0.0,prepaid,0.724,0.0,0.0,31.0,0.0,36.58,521.781,"",'133185502986763451103,2026-06-16,11180696645,9db4b10d-345c-448f-a603-bf917e862cb1,"",Forward,100125967333,1000035447022,11504,723.81,5.0,945.0,0.0,945.0,packet_delivered,0.0,0.0,0.0,0.0,0.0,0.0,0.0,0.0,NA,0,854.0
NFT-/XUTR/DEUTH02616724361X,56.19,0.0,0.0,2999.0,1180.0,292.404,5.619,0.0,0.0,prepaid,1.124,0.0,0.0,49.0,0.0,57.82,823.033,"",'133209733423870649803,2026-06-16,11193300847,c4eefc8b-1347-4ff0-b5da-0cd7103fcd05,"",Forward,100138571533,100138571533,11504,1123.81,5.0,1648.0,0.0,1648.0,packet_delivered,0.0,0.0,0.0,0.0,0.0,0.0,0.0,0.0,NA,0,1351.0
NFT-/XUTR/DEUTH02616724361X,471.81,0.0,0.0,3299.0,3093.0,729.948,13.106,0.0,0.0,prepaid,2.621,0.0,0.0,61.0,0.0,71.98,2275.345,"",'133165978456088481601,2026-06-16,11173544776,6da311cb-da10-457b-bd0e-5f2c15bc3ce6,"",Forward,100118815465,100118815465,11504,2621.19,18.0,0.0,0.0,0.0,packet_delivered,0.0,0.0,0.0,0.0,0.0,0.0,0.0,0.0,NA,0,3299.0
NFT-/XUTR/DEUTH02616724361X,46.1,0.0,0.0,2999.0,968.0,251.29300000000003,4.61,0.0,0.0,prepaid,0.922,0.0,0.0,31.0,0.0,36.58,674.595,"",'133195475589485877503,2026-06-16,11186983974,3927eded-7906-4651-bc27-51b317d1cf3b,"",Forward,100132254661,100132254661,11504,921.9,5.0,1860.0,0.0,1860.0,packet_delivered,0.0,0.0,0.0,0.0,0.0,0.0,0.0,0.0,NA,0,1139.0
NFT-/XUTR/DEUTH02616724361X,68.0,0.0,0.0,1599.0,1428.0,337.008,6.8,0.0,0.0,prepaid,1.36,106.0,0.0,0.0,0.0,125.08,-1207.912,"",'133207369068862287501,2026-06-16,11192015228,b7279e6f-0c2e-4565-b664-72e3f44a9594,11192015228,Reverse,100137285914,1000037188354,11504,1360,5.0,0.0,0.0,0.0,exchange,0.0,0.0,0.0,0.0,0.0,0.0,0.0,0.0,NA,0,1599.0
NFT-/XUTR/DEUTH02616724361X,70.95,0.0,0.0,3499.0,1490.0,369.222,7.095,0.0,0.0,prepaid,1.419,106.0,0.0,0.0,0.0,125.08,-1237.344,"",'133209565690831240601,2026-06-16,11193194363,4e09663b-a20a-4c74-b5e2-4bc0f3c95896,100172363037,Reverse,100138465049,1000038475533,11504,1419.05,5.0,1838.0,0.0,1838.0,return_refund,0.0,0.0,0.0,0.0,0.0,0.0,0.0,0.0,NA,0,1661.0
NFT-/XUTR/DEUTH02616724361X,30.76,0.0,0.0,1599.0,646.0,167.702,3.076,0.0,0.0,prepaid,0.615,0.0,0.0,31.0,0.0,36.58,438.027,"",'133209178177221028103,2026-06-16,11192944621,138e01cd-c12a-4396-a219-812b171cfe17,"",Forward,100138215307,100138215307,11504,615.24,5.0,859.0,0.0,859.0,packet_delivered,0.0,0.0,0.0,0.0,0.0,0.0,0.0,0.0,NA,0,740.0
NFT-/XUTR/DEUTH02616724361X,0.0,19.17,19.17,1799.0,805.0,208.978,0.0,1.9165,1.9165,prepaid,0.767,106.0,0.0,0.0,0.0,125.08,-716.502,"",'133204981632534848603,2026-06-16,11191700161,6d9e76ff-ea88-4a52-9bfa-4f9ac33b3ce8,100167808716,Reverse,100136970847,100136970847,11504,766.66,5.0,900.0,0.0,900.0,return_refund,0.0,0.0,0.0,0.0,0.0,0.0,0.0,0.0,NA,0,898.9999999999999
NFT-/XUTR/DEUTH02616724361X,58.48,0.0,0.0,1999.0,1228.0,289.808,5.848,0.0,0.0,prepaid,1.17,182.0,0.0,0.0,0.0,214.76,-1145.934,"",'133182413955759276503,2026-06-16,11179007579,d26f37df-8e3e-48a4-acb6-0f05082c343d,100167428937,Reverse,100124278267,100124278267,11504,1169.52,5.0,600.0,0.0,600.0,return_refund,0.0,0.0,0.0,0.0,0.0,0.0,0.0,0.0,NA,0,1399.0
NFT-/XUTR/DEUTH02616724361X,426.2,0.0,0.0,3999.0,2645.0,555.45,11.208,0.0,0.0,prepaid,2.242,0.0,0.0,57.747,0.0,68.14146,2007.959,"",'133185448948937490901,2026-06-16,11180671755,0f82e501-6aa9-4b65-9495-6cea5b41cc59,"",Forward,100125942443,1000035386815,11504,2367.8,18.0,999.0,149.0,1148.0,packet_delivered,0.0,0.0,0.0,0.0,0.0,0.0,0.0,0.0,NA,0,3000.0
NFT-/XUTR/DEUTH02616724361X,37.14,0.0,0.0,1750.0,208.48,39.361,0.993,0.0,0.0,prepaid,0.199,33.945,0.0,0.0,0.0,40.0551,-207.982,"",'133189184206200039901,2026-06-16,11182920368,b1867130-24ff-4f43-9a31-89ffed297e31,11182920368,Reverse,100128191056,100128191056,11504,742.86,5.0,876.0,0.0,876.0,exchange,0.0,0.0,0.0,0.0,0.0,0.0,0.0,0.0,NA,0,874.0
NFT-/XUTR/DEUTH02616724361X,39.57,0.0,0.0,1850.0,831.0,215.728,3.957,0.0,0.0,prepaid,0.791,0.0,0.0,31.0,0.0,36.58,573.944,"",'133191313783061822403,2026-06-16,11184021649,e223a2ea-473e-4bb6-b001-6362a3384448,"",Forward,100129292337,100129292337,11504,791.43,5.0,925.0,0.0,925.0,packet_delivered,0.0,0.0,0.0,0.0,0.0,0.0,0.0,0.0,NA,0,925.0
NFT-/XUTR/DEUTH02616724361X,42.76,0.0,0.0,1650.0,898.0,233.121,4.276,0.0,0.0,prepaid,0.855,0.0,0.0,31.0,0.0,36.58,623.168,"",'133202289447998218101,2026-06-16,11190037471,8d148e4c-efb3-4823-95a7-8ed449a20063,"",Forward,100135308157,100135308157,11504,855.24,5.0,658.0,0.0,658.0,packet_delivered,0.0,0.0,0.0,0.0,0.0,0.0,0.0,0.0,NA,0,992.0
NFT-/XUTR/DEUTH02616724361X,31.71,0.0,0.0,1599.0,647.0,167.961,3.081,0.0,0.0,prepaid,0.616,176.808,0.0,0.0,0.0,208.63344,-683.975,"",'133181626965677789103,2026-06-16,11178594923,79f19f5c-09df-431c-9b1d-586a3a622fe6,100167321643,Reverse,100123865611,1000035457283,11504,634.29,5.0,839.0,19.0,858.0,return_refund,0.0,0.0,0.0,0.0,0.0,0.0,0.0,0.0,NA,0,760.0
NFT-/XUTR/DEUTH02616724361X,31.05,0.0,0.0,1799.0,652.0,169.259,3.105,0.0,0.0,prepaid,0.621,182.0,0.0,0.0,0.0,214.76,-693.775,"",'133178950321390489501,2026-06-16,11177365110,5fb7caa6-1a7a-4b6e-b82e-ca424a334463,100171442654,Reverse,100122635798,1000034288257,11504,620.95,5.0,1053.0,0.0,1053.0,return_refund,0.0,0.0,0.0,0.0,0.0,0.0,0.0,0.0,NA,0,746.0
NFT-/XUTR/DEUTH02616724361X,46.14,0.0,0.0,2999.0,968.9999999999999,184.11,4.614,0.0,0.0,prepaid,0.923,106.0,0.0,0.0,0.0,125.08,-904.433,"",'133210831994832790403,2026-06-16,11194016115,91a920d3-b2cf-41cc-88fc-ec2e9da1f6c5,11194016115,Reverse,100139286801,100139286801,11504,922.86,5.0,1859.0,0.0,1859.0,exchange,0.0,0.0,0.0,0.0,0.0,0.0,0.0,0.0,NA,0,1140.0
NFT-/XUTR/DEUTH02616724361X,25.14,0.0,0.0,1999.0,528.0,24.922,2.514,0.0,0.0,prepaid,0.503,182.0,0.0,0.0,0.0,214.76,-714.821,"",'133169233938748452501,2026-06-16,11175045363,83a493e9-c912-4fec-ad15-efd9dda86203,100167449311,Reverse,100120316052,100120316052,11504,502.86,5.0,1377.0,0.0,1377.0,return_refund,0.0,0.0,0.0,0.0,0.0,0.0,0.0,0.0,NA,0,622.0
NFT-/XUTR/DEUTH02616724361X,64.24,0.0,0.0,3199.0,1349.0,334.282,6.424,0.0,0.0,prepaid,1.285,127.0,0.0,0.0,0.0,149.86,-1156.869,"",'133192961952994892301,2026-06-16,11185282219,d07b1dd4-aecf-4e62-8bd9-4e6cdc38e965,100167415848,Reverse,100130552906,100130552906,11504,1284.76,5.0,1679.0,0.0,1679.0,return_refund,0.0,0.0,0.0,0.0,0.0,0.0,0.0,0.0,NA,0,1520.0
NFT-/XUTR/DEUTH02616724361X,111.57,0.0,0.0,3399.0,2343.0,552.948,11.157,0.0,0.0,prepaid,2.231,0.0,0.0,65.0,0.0,76.7,1699.964,"",'133204986037189975303,2026-06-16,11191701617,6051f009-be06-48bb-aefa-78a80e800d20,"",Forward,100136972303,100136972303,11504,2231.43,5.0,850.0,0.0,850.0,packet_delivered,0.0,0.0,0.0,0.0,0.0,0.0,0.0,0.0,NA,0,2549.0
NFT-/XUTR/DEUTH02616724361X,35.05,0.0,0.0,1750.0,274.32,71.213,1.306,0.0,0.0,prepaid,0.261,0.0,0.0,11.554,0.0,13.63372,187.906,"",'133182944296873853101,2026-06-16,11179352894,a14ab444-bc4b-483a-a5db-4fef719d01b3,"",Forward,100124623582,1000034577625,11504,700.95,5.0,920.0,0.0,920.0,packet_delivered,0.0,0.0,0.0,0.0,0.0,0.0,0.0,0.0,NA,0,830.0
NFT-/XUTR/DEUTH02616724361X,27.19,0.0,0.0,1799.0,547.0,142.001,2.605,0.0,0.0,prepaid,0.521,0.0,0.0,29.697,3.391,39.04384,362.829,"",'133182460347389334403,2026-06-16,11179035984,0331e73a-8dd0-49bf-8b10-e3bd60b49d68,"",Forward,100124306672,1000035369009,11504,543.81,5.0,1134.0,24.0,1158.0,packet_delivered,0.0,0.0,0.0,0.0,0.0,0.0,0.0,0.0,NA,0,665.0
NFT-/XUTR/DEUTH02616724361X,19.05,0.0,0.0,1499.0,400.0,18.88,1.905,0.0,0.0,prepaid,0.381,0.0,0.0,0.0,0.0,0.0,378.834,"",'133114958821426406101,2026-06-16,11157412745,e0a68a4d-0513-4c6c-ab5e-6eac156a0d92,"",Forward,100102683448,1000030333317,11504,380.95,5.0,1005.0,0.0,1005.0,packet_delivered,0.0,0.0,0.0,0.0,0.0,0.0,0.0,0.0,NA,0,494.0
NFT-/XUTR/DEUTH02616724361X,68.0,0.0,0.0,3199.0,1428.0,353.858,6.8,0.0,0.0,prepaid,1.36,0.0,0.0,49.0,0.0,57.82,1008.162,"",'133185811384419170903,2026-06-16,11180848534,8a204d6c-0ed2-4404-b809-888c6b7877b4,"",Forward,100126119222,100126119222,11504,1360,5.0,1600.0,0.0,1600.0,packet_delivered,0.0,0.0,0.0,0.0,0.0,0.0,0.0,0.0,NA,0,1599.0
NFT-/XUTR/DEUTH02616724361X,82.29,0.0,0.0,3999.0,1728.0,345.6,8.229,0.0,0.0,prepaid,1.646,0.0,0.0,61.0,0.0,71.98,1300.545,"",'133183897659637724601,2026-06-16,11179902384,84b77294-322e-4bf0-9209-6c9c182e3bed,"",Forward,100125173072,100125173072,11504,1645.71,5.0,2100.0,0.0,2100.0,packet_delivered,0.0,0.0,0.0,0.0,0.0,0.0,0.0,0.0,NA,0,1899.0
NFT-/XUTR/DEUTH02616724361X,55.14,0.0,0.0,1899.0,1158.0,273.288,5.514,0.0,0.0,prepaid,1.103,0.0,0.0,49.0,0.0,57.82,820.275,"",'133195897109217723703,2026-06-16,11187363749,b64a1cef-3b9c-4e05-af83-efa147767a20,"",Forward,100132634437,1000037452405,11504,1102.86,5.0,570.0,0.0,570.0,packet_delivered,0.0,0.0,0.0,0.0,0.0,0.0,0.0,0.0,NA,0,1329.0
NFT-/XUTR/DEUTH02616724361X,35.95,0.0,0.0,1699.0,755.0,195.998,3.595,0.0,0.0,prepaid,0.719,182.0,0.0,0.0,0.0,214.76,-769.448,"",'133183715949085974801,2026-06-16,11179804458,94dc5997-3f4a-49d5-b2ea-301efe03128f,100167530653,Reverse,100125075146,100125075146,11504,719.05,5.0,850.0,0.0,850.0,return_refund,0.0,0.0,0.0,0.0,0.0,0.0,0.0,0.0,NA,0,849.0
NFT-/XUTR/DEUTH02616724361X,51.1,0.0,0.0,1750.0,1073.0,253.228,5.11,0.0,0.0,prepaid,1.022,0.0,0.0,45.0,0.0,53.1,760.54,"",'133176137798696204603,2026-06-16,11176061021,ba38bbfa-8fda-4e79-828b-6de79ee0c557,"",Forward,100121331709,100121331709,11504,1021.9,5.0,506.0,0.0,506.0,packet_delivered,0.0,0.0,0.0,0.0,0.0,0.0,0.0,0.0,NA,0,1244.0
NFT-/XUTR/DEUTH02616724361X,20.29,0.0,0.0,1599.0,426.0,20.107,2.029,0.0,0.0,prepaid,0.406,182.0,0.0,0.0,0.0,214.76,-618.218,"",'133161035874515317901,2026-06-16,11171743261,0e7ae98b-938e-444b-bc37-cc6b056255e7,100170188807,Reverse,100117013950,100117013950,11504,405.71,5.0,1079.0,0.0,1079.0,return_refund,0.0,0.0,0.0,0.0,0.0,0.0,0.0,0.0,NA,0,520.0
NFT-/XUTR/DEUTH02616724361X,47.19,0.0,0.0,2699.0,991.0,257.264,4.719,0.0,0.0,prepaid,0.944,0.0,0.0,27.0,0.0,31.86,696.213,"",'133170783693498598801,2026-06-16,11175312748,3bd9a487-efaa-4be2-b08a-9e71308941dc,"",Forward,100120583437,1000034587121,11504,943.81,5.0,1537.0,0.0,1537.0,packet_delivered,0.0,0.0,0.0,0.0,0.0,0.0,0.0,0.0,NA,0,1162.0
NFT-/XUTR/DEUTH02616724361X,23.91,0.0,0.0,1999.0,502.0,23.694,2.39,0.0,0.0,prepaid,0.478,0.0,0.0,7.0,4.418,13.47324,461.965,"",'133170783693498598801,2026-06-16,11175312752,3bd9a487-efaa-4be2-b08a-9e71308941dc,"",Forward,100120583441,1000034587121,11504,478.1,5.0,1403.0,0.0,1403.0,packet_delivered,0.0,0.0,0.0,0.0,0.0,0.0,0.0,0.0,NA,0,596.01
NFT-/XUTR/DEUTH02616724361X,33.19,0.0,0.0,2599.0,697.0,32.898,3.319,0.0,0.0,prepaid,0.664,0.0,0.0,27.0,0.0,31.86,628.259,"",'133173290398730606803,2026-06-16,11175464229,0453e9c5-4a73-418a-93fe-4a5f74149b1f,"",Forward,100120734918,100120734918,11504,663.81,5.0,1808.0,0.0,1808.0,packet_delivered,0.0,0.0,0.0,0.0,0.0,0.0,0.0,0.0,NA,0,791.0
NFT-/XUTR/DEUTH02616724361X,0.0,21.31,21.31,2999.0,895.0,232.342,0.0,2.131,2.131,prepaid,0.852,106.0,0.0,0.0,0.0,125.08,-782.624,"",'133211312579192732901,2026-06-16,11194305838,dabee741-14a9-49f1-87b5-ef8a24abf3a3,100169160703,Reverse,100139576524,1000038485763,11504,852.38,5.0,2010.0,0.0,2010.0,return_refund,0.0,0.0,0.0,0.0,0.0,0.0,0.0,0.0,NA,0,988.9999999999999
NFT-/XUTR/DEUTH02616724361X,57.43,0.0,0.0,2899.0,1206.0,253.26,5.743,0.0,0.0,prepaid,1.149,0.0,0.0,45.0,0.0,53.1,892.748,"",'133183473486383744401,2026-06-16,11179673185,904af4ab-3e68-489a-a5fa-b4593308d095,"",Forward,100124943874,100124943874,11504,1148.57,5.0,1522.0,0.0,1522.0,packet_delivered,0.0,0.0,0.0,0.0,0.0,0.0,0.0,0.0,NA,0,1377.0
NFT-/XUTR/DEUTH02616724361X,62.52,0.0,0.0,3199.0,1313.0,325.361,6.252,0.0,0.0,prepaid,1.25,182.0,0.0,0.0,0.0,214.76,-1194.897,"",'133166115770289377001,2026-06-16,11173576055,1c32e7bf-7c65-436e-a851-6c2bc6e8156a,100167293834,Reverse,100118846744,1000034555313,11504,1250.48,5.0,1715.0,0.0,1715.0,return_refund,0.0,0.0,0.0,0.0,0.0,0.0,0.0,0.0,NA,0,1484.0
NFT-/XUTR/DEUTH02616724361X,31.71,0.0,0.0,1999.0,666.0,139.86,3.171,0.0,0.0,prepaid,0.634,106.0,0.0,0.0,0.0,125.08,-647.415,"",'133204549274862054801,2026-06-16,11191465948,60701f02-a762-482a-8b46-41b5d1384238,11191465948,Reverse,100136736634,1000036970660,11504,634.29,5.0,1239.0,0.0,1239.0,exchange,0.0,0.0,0.0,0.0,0.0,0.0,0.0,0.0,NA,0,760.0
NFT-/XUTR/DEUTH02616724361X,20.05,0.0,0.0,1599.0,421.0,19.871,2.005,0.0,0.0,prepaid,0.401,0.0,0.0,15.0,0.0,17.7,381.023,"",'133114958821426406101,2026-06-16,11157412751,e0a68a4d-0513-4c6c-ab5e-6eac156a0d92,"",Forward,100102683454,1000030333317,11504,400.95,5.0,1084.0,0.0,1084.0,packet_delivered,0.0,0.0,0.0,0.0,0.0,0.0,0.0,0.0,NA,0,515.0
NFT-/XUTR/DEUTH02616724361X,60.86,0.0,0.0,2899.0,1278.0,316.688,6.086,0.0,0.0,prepaid,1.217,127.0,0.0,0.0,0.0,149.86,-1103.869,"",'133194093410976720001,2026-06-16,11185991783,64c3c07e-4cce-445a-90ea-3c2b9bb4e607,100168356594,Reverse,100131262470,100131262470,11504,1217.14,5.0,1450.0,0.0,1450.0,return_refund,0.0,0.0,0.0,0.0,0.0,0.0,0.0,0.0,NA,0,1449.0
NFT-/XUTR/DEUTH02616724361X,37.33,0.0,0.0,1950.0,784.0,203.526,3.733,0.0,0.0,prepaid,0.747,0.0,0.0,31.0,0.0,36.58,539.414,"",'133211472723864957901,2026-06-16,11194396134,a634faf6-a696-47db-9cce-2671b20a27a0,"",Forward,100139666820,100139666820,11504,746.67,5.0,1072.0,0.0,1072.0,packet_delivered,0.0,0.0,0.0,0.0,0.0,0.0,0.0,0.0,NA,0,878.0
NFT-/XUTR/DEUTH02616724361X,33.57,0.0,0.0,1599.0,705.0,183.018,3.357,0.0,0.0,prepaid,0.671,106.0,0.0,0.0,0.0,125.08,-643.034,"",'133199813016125523503,2026-06-16,11188488525,1b755550-15d9-41c6-89e5-189de25d1360,100167529008,Reverse,100133759212,100133759212,11504,671.43,5.0,800.0,0.0,800.0,return_refund,0.0,0.0,0.0,0.0,0.0,0.0,0.0,0.0,NA,0,799.0
NFT-/XUTR/DEUTH02616724361X,46.14,0.0,0.0,2999.0,968.9999999999999,184.11,4.614,0.0,0.0,prepaid,0.923,106.0,0.0,0.0,0.0,125.08,-904.433,"",'133207983297671021001,2026-06-16,11192231106,c8ef4b12-9222-4cd3-84c5-96fd8738cd34,11192231106,Reverse,100137501792,100137501792,11504,922.86,5.0,1859.0,0.0,1859.0,exchange,0.0,0.0,0.0,0.0,0.0,0.0,0.0,0.0,NA,0,1140.0
NFT-/XUTR/DEUTH02616724361X,59.67,0.0,0.0,2999.0,1253.0,310.493,5.967,0.0,0.0,prepaid,1.193,0.0,0.0,49.0,0.0,57.82,877.527,"",'133182545744882245601,2026-06-16,11179092081,ce3e736f-5863-4344-bb16-bf53a72c13af,"",Forward,100124362769,1000035379183,11504,1193.33,5.0,1575.0,0.0,1575.0,packet_delivered,0.0,0.0,0.0,0.0,0.0,0.0,0.0,0.0,NA,0,1424.0
NFT-/XUTR/DEUTH02616724361X,0.0,28.69,28.69,2899.0,1205.0,298.599,0.0,2.869,2.869,prepaid,1.148,0.0,0.0,49.0,0.0,57.82,841.695,"",'133204556229072399303,2026-06-16,11191470810,06093385-a8f3-4741-ae1b-0159cf107ad9,"",Forward,100136741496,1000038467167,11504,1147.62,5.0,1523.0,0.0,1523.0,packet_delivered,0.0,0.0,0.0,0.0,0.0,0.0,0.0,0.0,NA,0,1376.0
NFT-/XUTR/DEUTH02616724361X,31.67,0.0,0.0,1599.0,637.0,165.365,3.033,0.0,0.0,prepaid,0.607,174.337,0.0,0.0,0.0,205.71766,-673.713,"",'133182460347389334403,2026-06-16,11179035985,0331e73a-8dd0-49bf-8b10-e3bd60b49d68,100169961407,Reverse,100124306673,1000035369009,11504,633.33,5.0,840.0,28.0,868.0,return_refund,0.0,0.0,0.0,0.0,0.0,0.0,0.0,0.0,NA,0,759.0
NFT-/XUTR/DEUTH02616724361X,426.05,0.0,0.0,2999.0,2793.0,659.148,11.835,0.0,0.0,prepaid,2.367,0.0,0.0,65.0,0.0,76.7,2042.95,"",'133211623653367893501,2026-06-16,11194478481,816de286-12ff-40b1-8d74-037f6ab41e97,"",Forward,100139749167,100139749167,11504,2366.95,18.0,0.0,0.0,0.0,packet_delivered,0.0,0.0,0.0,0.0,0.0,0.0,0.0,0.0,NA,0,2999.0
NFT-/XUTR/DEUTH02616724361X,32.38,0.0,0.0,2299.0,680.0,32.096,3.238,0.0,0.0,prepaid,0.648,0.0,0.0,27.0,5.916,38.84088,605.177,"",'133177890683839351901,2026-06-16,11176442962,3850125d-be63-448e-a3d5-aa41d35b8116,"",Forward,100121713650,100121713650,11504,647.62,5.0,1525.0,0.0,1525.0,packet_delivered,0.0,0.0,0.0,0.0,0.0,0.0,0.0,0.0,NA,0,774.0
NFT-/XUTR/DEUTH02616724361X,31.67,0.0,0.0,1599.0,637.0,165.365,3.033,0.0,0.0,prepaid,0.607,0.0,0.0,29.695,5.478,41.50414,426.491,"",'133182460347389334403,2026-06-16,11179035985,0331e73a-8dd0-49bf-8b10-e3bd60b49d68,"",Forward,100124306673,1000035369009,11504,633.33,5.0,840.0,28.0,868.0,packet_delivered,0.0,0.0,0.0,0.0,0.0,0.0,0.0,0.0,NA,0,759.0
NFT-/XUTR/DEUTH02616724361X,25.38,0.0,0.0,1650.0,533.0,37.736,2.538,0.0,0.0,prepaid,0.508,0.0,0.0,31.0,0.0,36.58,455.638,"",'133196613155449270701,2026-06-16,11187750884,2e1b47ea-131a-48bf-af33-01ac726b5756,"",Forward,100133021571,100133021571,11504,507.62,5.0,1023.0,0.0,1023.0,packet_delivered,0.0,0.0,0.0,0.0,0.0,0.0,0.0,0.0,NA,0,627.0
NFT-/XUTR/DEUTH02616724361X,46.14,0.0,0.0,1799.0,969.0,251.552,4.614,0.0,0.0,prepaid,0.923,0.0,0.0,27.0,0.0,31.86,680.051,"",'133170783693498598801,2026-06-16,11175312746,3bd9a487-efaa-4be2-b08a-9e71308941dc,"",Forward,100120583435,1000034587121,11504,922.86,5.0,659.0,0.0,659.0,packet_delivered,0.0,0.0,0.0,0.0,0.0,0.0,0.0,0.0,NA,0,1140.0
NFT-/XUTR/DEUTH02616724361X,46.14,0.0,0.0,1799.0,969.0,251.552,4.614,0.0,0.0,prepaid,0.923,182.0,0.0,0.0,0.0,214.76,-926.671,"",'133170783693498598801,2026-06-16,11175312746,3bd9a487-efaa-4be2-b08a-9e71308941dc,100167617327,Reverse,100120583435,1000034587121,11504,922.86,5.0,659.0,0.0,659.0,return_refund,0.0,0.0,0.0,0.0,0.0,0.0,0.0,0.0,NA,0,1140.0
NFT-/XUTR/DEUTH02616724361X,40.71,0.0,0.0,2499.0,855.0,221.958,4.071,0.0,0.0,prepaid,0.814,0.0,0.0,31.0,0.0,36.58,591.577,"",'133182053060120058403,2026-06-16,11178801041,23e4be49-0b4e-4b0a-88d5-c017c8d2c6e3,"",Forward,100124071729,1000035384159,11504,814.29,5.0,1550.0,0.0,1550.0,packet_delivered,0.0,0.0,0.0,0.0,0.0,0.0,0.0,0.0,NA,0,949.0
NFT-/XUTR/DEUTH02616724361X,0.0,28.69,28.69,2899.0,1205.0,298.599,0.0,2.869,2.869,prepaid,1.148,0.0,0.0,49.0,0.0,57.82,841.695,"",'133198602444289935201,2026-06-16,11187983037,78b41d52-c0d9-4107-95ae-6199327f2121,"",Forward,100133253724,1000037454669,11504,1147.62,5.0,1523.0,0.0,1523.0,packet_delivered,0.0,0.0,0.0,0.0,0.0,0.0,0.0,0.0,NA,0,1376.0
NFT-/XUTR/DEUTH02616724361X,87.0,0.0,0.0,1999.0,1827.0,431.172,8.7,0.0,0.0,prepaid,1.74,0.0,0.0,49.0,0.0,57.82,1327.568,"",'133186106800840153203,2026-06-16,11181003978,2fd8220c-7400-4a75-829c-37d5467d5af1,"",Forward,100126274666,100126274666,11504,1740,5.0,1.0,0.0,1.0,packet_delivered,0.0,0.0,0.0,0.0,0.0,0.0,0.0,0.0,NA,0,1998.0
NFT-/XUTR/DEUTH02616724361X,36.19,0.0,0.0,1799.0,760.0,197.296,3.619,0.0,0.0,prepaid,0.724,0.0,0.0,31.0,7.676,45.63768,512.723,"",'133204549274862054801,2026-06-16,11191465954,60701f02-a762-482a-8b46-41b5d1384238,"",Forward,100136736640,1000036970660,11504,723.81,5.0,945.0,0.0,945.0,packet_delivered,0.0,0.0,0.0,0.0,0.0,0.0,0.0,0.0,NA,0,854.0
NFT-/XUTR/DEUTH02616724361X,27.19,0.0,0.0,1799.0,547.0,142.001,2.605,0.0,0.0,prepaid,0.521,174.35,0.0,0.0,0.0,205.733,-607.606,"",'133182460347389334403,2026-06-16,11179035984,0331e73a-8dd0-49bf-8b10-e3bd60b49d68,100169962048,Reverse,100124306672,1000035369009,11504,543.81,5.0,1134.0,24.0,1158.0,return_refund,0.0,0.0,0.0,0.0,0.0,0.0,0.0,0.0,NA,0,665.0
NFT-/XUTR/DEUTH02616724361X,98.48,0.0,0.0,3499.0,2068.0,488.048,9.848,0.0,0.0,prepaid,1.97,182.0,0.0,0.0,0.0,214.76,-1782.894,"",'133185228388785268501,2026-06-16,11180568819,4320e9d1-84a7-458a-a2e0-e49492451b9d,100169185635,Reverse,100125839507,100125839507,11504,1969.52,5.0,1225.0,0.0,1225.0,return_refund,0.0,0.0,0.0,0.0,0.0,0.0,0.0,0.0,NA,0,2274.0
NFT-/XUTR/DEUTH02616724361X,31.67,0.0,0.0,1599.0,665.0,172.634,3.167,0.0,0.0,prepaid,0.633,0.0,0.0,31.0,0.0,36.58,451.986,"",'133182896560097953103,2026-06-16,11179321658,ef0d553a-5b60-482b-b0fa-69500319e37b,"",Forward,100124592346,100124592346,11504,633.33,5.0,840.0,0.0,840.0,packet_delivered,0.0,0.0,0.0,0.0,0.0,0.0,0.0,0.0,NA,0,759.0
NFT-/XUTR/DEUTH02616724361X,35.1,0.0,0.0,1750.0,707.0,183.537,3.367,0.0,0.0,prepaid,0.673,0.0,0.0,29.738,0.0,35.09084,484.332,"",'133182460347389334403,2026-06-16,11179035989,0331e73a-8dd0-49bf-8b10-e3bd60b49d68,"",Forward,100124306677,1000035369009,11504,701.9,5.0,919.0,30.0,949.0,packet_delivered,0.0,0.0,0.0,0.0,0.0,0.0,0.0,0.0,NA,0,831.0
NFT-/XUTR/DEUTH02616724361X,97.29,0.0,0.0,2999.0,2043.0,482.148,9.729,0.0,0.0,prepaid,1.946,106.0,0.0,0.0,0.0,125.08,-1674.257,"",'133210342194101608503,2026-06-16,11193694867,46818702-302e-4ea0-bca4-12c1a006c5c2,100167559585,Reverse,100138965553,1000038484363,11504,1945.71,5.0,750.0,0.0,750.0,return_refund,0.0,0.0,0.0,0.0,0.0,0.0,0.0,0.0,NA,0,2249.0
NFT-/XUTR/DEUTH02616724361X,19.05,0.0,0.0,1699.0,400.0,18.88,1.905,0.0,0.0,prepaid,0.381,0.0,0.0,0.0,0.0,0.0,378.834,"",'133114958821426406101,2026-06-16,11157412747,e0a68a4d-0513-4c6c-ab5e-6eac156a0d92,"",Forward,100102683450,1000030333317,11504,380.95,5.0,1205.0,0.0,1205.0,packet_delivered,0.0,0.0,0.0,0.0,0.0,0.0,0.0,0.0,NA,0,494.0
NFT-/XUTR/DEUTH02616724361X,0.0,29.83,29.83,2999.0,1253.0,310.493,0.0,2.9835,2.9835,prepaid,1.193,0.0,0.0,49.0,0.0,57.82,877.527,"",'133208725983016663501,2026-06-16,11192644631,8a9ef153-b411-4463-90d6-d294a3008a0c,"",Forward,100137915317,1000038466433,11504,1193.34,5.0,1575.0,0.0,1575.0,packet_delivered,0.0,0.0,0.0,0.0,0.0,0.0,0.0,0.0,NA,0,1423.9999999999998
NFT-/XUTR/DEUTH02616724361X,19.1,0.0,0.0,1650.0,401.00000000000006,18.927,1.91,0.0,0.0,prepaid,0.382,106.0,0.0,0.0,0.0,125.08,-504.861,"",'133203942769667258603,2026-06-16,11191011785,77e5a761-a5d6-44b3-b8f6-5abbef5d3aac,11191011785,Reverse,100136282471,100136282471,11504,381.9,5.0,1155.0,0.0,1155.0,exchange,0.0,0.0,0.0,0.0,0.0,0.0,0.0,0.0,NA,0,495.0
NFT-/XUTR/DEUTH02616724361X,36.05,0.0,0.0,1699.0,757.0,196.517,3.605,0.0,0.0,prepaid,0.721,0.0,0.0,31.0,0.0,36.58,519.577,"",'133181476673537554903,2026-06-16,11178537561,d9422ca0-4e8d-451b-be8a-0f5e86114ee1,"",Forward,100123808249,100123808249,11504,720.95,5.0,848.0,0.0,848.0,packet_delivered,0.0,0.0,0.0,0.0,0.0,0.0,0.0,0.0,NA,0,851.0
NFT-/XUTR/DEUTH02616724361X,68.71,0.0,0.0,3399.0,1443.0,357.575,6.871,0.0,0.0,prepaid,1.374,0.0,0.0,49.0,0.0,57.82,1019.36,"",'133204352472510193303,2026-06-16,11191328916,cee8ff3b-20d6-4186-87de-b063714cf442,"",Forward,100136599602,1000038457714,11504,1374.29,5.0,1785.0,0.0,1785.0,packet_delivered,0.0,0.0,0.0,0.0,0.0,0.0,0.0,0.0,NA,0,1614.0
NFT-/XUTR/DEUTH02616724361X,55.14,0.0,0.0,1899.0,1158.0,273.288,5.514,0.0,0.0,prepaid,1.103,127.0,0.0,0.0,0.0,149.86,-1027.955,"",'133195897109217723703,2026-06-16,11187363749,b64a1cef-3b9c-4e05-af83-efa147767a20,11187363749,Reverse,100132634437,1000037452405,11504,1102.86,5.0,570.0,0.0,570.0,exchange,0.0,0.0,0.0,0.0,0.0,0.0,0.0,0.0,NA,0,1329.0
NFT-/XUTR/DEUTH02616724361X,72.76,0.0,0.0,1699.0,1528.0,360.608,7.276,0.0,0.0,prepaid,1.455,0.0,0.0,49.0,0.0,57.82,1100.841,"",'133185938989013287201,2026-06-16,11180914929,4d431555-0aa7-4855-9a99-2e6feb8a134b,"",Forward,100126185617,1000034897008,11504,1455.24,5.0,0.0,0.0,0.0,packet_delivered,0.0,0.0,0.0,0.0,0.0,0.0,0.0,0.0,NA,0,1699.0
NFT-/XUTR/DEUTH02616724361X,0.0,41.14,41.14,1899.0,1728.0,407.808,0.0,4.1145,4.1145,prepaid,1.646,0.0,0.0,49.0,0.0,57.82,1252.497,"",'133199540568882055301,2026-06-16,11188342421,e992a8d8-142e-432a-af93-79496785639c,"",Forward,100133613108,100133613108,11504,1645.72,5.0,0.0,0.0,0.0,packet_delivered,0.0,0.0,0.0,0.0,0.0,0.0,0.0,0.0,NA,0,1899.0000000000002
NFT-/XUTR/DEUTH02616724361X,36.19,0.0,0.0,1799.0,760.0,197.296,3.619,0.0,0.0,prepaid,0.724,0.0,0.0,31.0,0.0,36.58,521.781,"",'133209638878928982503,2026-06-16,11193241338,1bbf7637-5997-4eed-b80c-5e320434f4ea,"",Forward,100138512024,1000038436026,11504,723.81,5.0,945.0,0.0,945.0,packet_delivered,0.0,0.0,0.0,0.0,0.0,0.0,0.0,0.0,NA,0,854.0
NFT-/XUTR/DEUTH02616724361X,82.24,0.0,0.0,1899.0,1727.0,407.572,8.224,0.0,0.0,prepaid,1.645,0.0,0.0,45.0,0.0,53.1,1256.459,"",'133170691826081870603,2026-06-16,11175307684,4fa2648a-d496-4269-81bf-446eeb9a7568,"",Forward,100120578373,100120578373,11504,1644.76,5.0,1.0,0.0,1.0,packet_delivered,0.0,0.0,0.0,0.0,0.0,0.0,0.0,0.0,NA,0,1898.0
NFT-/XUTR/DEUTH02616724361X,35.95,0.0,0.0,1699.0,755.0,195.998,3.595,0.0,0.0,prepaid,0.719,0.0,0.0,31.0,6.795,44.5981,510.09,"",'133180644582164702201,2026-06-16,11178356694,577b368f-9d1d-4b8c-858b-e4cf8f35c5eb,"",Forward,100123627382,100123627382,11504,719.05,5.0,850.0,0.0,850.0,packet_delivered,0.0,0.0,0.0,0.0,0.0,0.0,0.0,0.0,NA,0,849.0
NFT-/XUTR/DEUTH02616724361X,42.81,0.0,0.0,2999.0,873.0,174.6,4.157,0.0,0.0,prepaid,0.831,0.0,0.0,26.219,0.0,30.93842,662.474,"",'133186464549609870701,2026-06-16,11181208756,249e5fba-ee39-49da-8841-6ea983750f6f,"",Forward,100126479444,100126479444,11504,856.19,5.0,2006.0,26.0,2032.0,packet_delivered,0.0,0.0,0.0,0.0,0.0,0.0,0.0,0.0,NA,0,993.0
NFT-/XUTR/DEUTH02616724361X,42.76,0.0,0.0,2250.0,898.0,179.6,4.276,0.0,0.0,prepaid,0.855,0.0,0.0,45.0,0.0,53.1,660.169,"",'133184526959016978901,2026-06-16,11180233301,c3ebe506-2093-4df5-ae1b-4efc3de148fa,"",Forward,100125503989,100125503989,11504,855.24,5.0,1181.0,0.0,1181.0,packet_delivered,0.0,0.0,0.0,0.0,0.0,0.0,0.0,0.0,NA,0,1069.0
NFT-/XUTR/DEUTH02616724361X,59.67,0.0,0.0,2999.0,1253.0,310.493,5.967,0.0,0.0,prepaid,1.193,0.0,0.0,45.0,0.0,53.1,882.247,"",'133173899873915419601,2026-06-16,11175579622,c863a35f-2dbf-4af8-bb9e-c40f6456a200,"",Forward,100120850310,100120850310,11504,1193.33,5.0,1575.0,0.0,1575.0,packet_delivered,0.0,0.0,0.0,0.0,0.0,0.0,0.0,0.0,NA,0,1424.0
NFT-/XUTR/DEUTH02616724361X,68.71,0.0,0.0,3399.0,1443.0,323.521,6.871,0.0,0.0,prepaid,1.374,0.0,0.0,49.0,0.0,57.82,1053.414,"",'133181729614927353401,2026-06-16,11178640297,173d4336-d29d-4c6c-8752-1e6f32784dc0,"",Forward,100123910985,100123910985,11504,1374.29,5.0,1785.0,0.0,1785.0,packet_delivered,0.0,0.0,0.0,0.0,0.0,0.0,0.0,0.0,NA,0,1614.0
NFT-/XUTR/DEUTH02616724361X,18.95,0.0,0.0,1699.0,398.0,18.786,1.895,0.0,0.0,prepaid,0.379,0.0,0.0,3.0,0.0,3.54,373.4,"",'133185502986763451103,2026-06-16,11180696648,9db4b10d-345c-448f-a603-bf917e862cb1,"",Forward,100125967336,1000035447022,11504,379.05,5.0,1207.0,0.0,1207.0,packet_delivered,0.0,0.0,0.0,0.0,0.0,0.0,0.0,0.0,NA,0,492.0
NFT-/XUTR/DEUTH02616724361X,36.19,0.0,0.0,1799.0,760.0,197.296,3.619,0.0,0.0,prepaid,0.724,0.0,0.0,31.0,1.064,37.83552,520.525,"",'133209638878928982503,2026-06-16,11193241335,1bbf7637-5997-4eed-b80c-5e320434f4ea,"",Forward,100138512021,1000038436026,11504,723.81,5.0,945.0,0.0,945.0,packet_delivered,0.0,0.0,0.0,0.0,0.0,0.0,0.0,0.0,NA,0,854.0
NFT-/XUTR/DEUTH02616724361X,33.67,0.0,0.0,1599.0,707.0,183.537,3.367,0.0,0.0,prepaid,0.673,182.0,0.0,0.0,0.0,214.76,-734.183,"",'133179280849505305103,2026-06-16,11177676827,0914270b-582c-4f50-ab38-86bcda8111c8,100167662589,Reverse,100122947515,100122947515,11504,673.33,5.0,798.0,0.0,798.0,return_refund,0.0,0.0,0.0,0.0,0.0,0.0,0.0,0.0,NA,0,801.0
NFT-/XUTR/DEUTH02616724361X,72.29,0.0,0.0,3499.0,1518.0,376.16,7.229,0.0,0.0,prepaid,1.446,0.0,0.0,45.0,0.0,53.1,1080.065,"",'133167511900131920201,2026-06-16,11174684166,39f04737-0c7a-4ddc-8a0c-e589646a81ce,"",Forward,100119954855,100119954855,11504,1445.71,5.0,1810.0,0.0,1810.0,packet_delivered,0.0,0.0,0.0,0.0,0.0,0.0,0.0,0.0,NA,0,1689.0
NFT-/XUTR/DEUTH02616724361X,37.19,0.0,0.0,1750.0,781.0,202.748,3.719,0.0,0.0,prepaid,0.744,0.0,0.0,31.0,0.0,36.58,537.209,"",'133204032326630618803,2026-06-16,11191081349,a9ac6e6f-29ce-4367-936b-a59a14e988c1,"",Forward,100136352035,100136352035,11504,743.81,5.0,875.0,0.0,875.0,packet_delivered,0.0,0.0,0.0,0.0,0.0,0.0,0.0,0.0,NA,0,875.0
NFT-/XUTR/DEUTH02616724361X,90.14,0.0,0.0,2999.0,1893.0,469.085,9.014,0.0,0.0,prepaid,1.803,106.0,0.0,0.0,0.0,125.08,-1538.178,"",'133210342194101608503,2026-06-16,11193694866,46818702-302e-4ea0-bca4-12c1a006c5c2,11193694866,Reverse,100138965552,1000038484363,11504,1802.86,5.0,900.0,0.0,900.0,exchange,0.0,0.0,0.0,0.0,0.0,0.0,0.0,0.0,NA,0,2099.0
NFT-/XUTR/DEUTH02616724361X,38.33,0.0,0.0,1799.0,805.0,208.978,3.833,0.0,0.0,prepaid,0.767,0.0,0.0,31.0,0.0,36.58,554.842,"",'133182322935298342101,2026-06-16,11178952928,9c83836e-568f-4af9-9c85-a317294d4a68,"",Forward,100124223616,100124223616,11504,766.67,5.0,900.0,0.0,900.0,packet_delivered,0.0,0.0,0.0,0.0,0.0,0.0,0.0,0.0,NA,0,899.0
NFT-/XUTR/DEUTH02616724361X,82.24,0.0,0.0,2899.0,1727.0,427.951,8.224,0.0,0.0,prepaid,1.645,0.0,0.0,45.0,0.0,53.1,1236.08,"",'133169239778103069301,2026-06-16,11175046716,d44e2627-fefb-4d87-b0d3-56ae3420adcb,"",Forward,100120317405,100120317405,11504,1644.76,5.0,966.0,0.0,966.0,packet_delivered,0.0,0.0,0.0,0.0,0.0,0.0,0.0,0.0,NA,0,1933.0
NFT-/XUTR/DEUTH02616724361X,82.24,0.0,0.0,1899.0,1727.0,407.572,8.224,0.0,0.0,prepaid,1.645,182.0,0.0,0.0,0.0,214.76,-1524.319,"",'133170691826081870603,2026-06-16,11175307684,4fa2648a-d496-4269-81bf-446eeb9a7568,100167591424,Reverse,100120578373,100120578373,11504,1644.76,5.0,1.0,0.0,1.0,return_refund,0.0,0.0,0.0,0.0,0.0,0.0,0.0,0.0,NA,0,1898.0
NFT-/XUTR/DEUTH02616724361X,63.24,0.0,0.0,2999.0,1328.0,329.078,6.324,0.0,0.0,prepaid,1.265,0.0,0.0,49.0,0.0,57.82,933.513,"",'133195307250944981401,2026-06-16,11186836499,ae382d87-5f15-4754-9feb-b4c41295ebe1,"",Forward,100132107186,1000036427846,11504,1264.76,5.0,1500.0,0.0,1500.0,packet_delivered,0.0,0.0,0.0,0.0,0.0,0.0,0.0,0.0,NA,0,1499.0
NFT-/XUTR/DEUTH02616724361X,19.95,0.0,0.0,1750.0,419.0,19.777,1.995,0.0,0.0,prepaid,0.399,0.0,0.0,18.0,3.268,25.09624,371.733,"",'133178950321390489501,2026-06-16,11177365113,5fb7caa6-1a7a-4b6e-b82e-ca424a334463,"",Forward,100122635801,1000034288257,11504,399.05,5.0,1237.0,0.0,1237.0,packet_delivered,0.0,0.0,0.0,0.0,0.0,0.0,0.0,0.0,NA,0,513.0
NFT-/XUTR/DEUTH02616724361X,39.67,0.0,0.0,1950.0,833.0,216.247,3.967,0.0,0.0,prepaid,0.793,182.0,0.0,0.0,0.0,214.76,-826.753,"",'133170783693498598801,2026-06-16,11175312742,3bd9a487-efaa-4be2-b08a-9e71308941dc,100169530622,Reverse,100120583431,1000034587121,11504,793.33,5.0,1023.0,0.0,1023.0,return_refund,0.0,0.0,0.0,0.0,0.0,0.0,0.0,0.0,NA,0,927.0
NFT-/XUTR/DEUTH02616724361X,62.52,0.0,0.0,3199.0,1313.0,325.361,6.252,0.0,0.0,prepaid,1.25,0.0,0.0,45.0,0.0,53.1,927.037,"",'133166115770289377001,2026-06-16,11173576055,1c32e7bf-7c65-436e-a851-6c2bc6e8156a,"",Forward,100118846744,1000034555313,11504,1250.48,5.0,1715.0,0.0,1715.0,packet_delivered,0.0,0.0,0.0,0.0,0.0,0.0,0.0,0.0,NA,0,1484.0
NFT-/XUTR/DEUTH02616724361X,107.62,0.0,0.0,3699.0,2260.0,533.3600000000001,10.762,0.0,0.0,prepaid,2.152,106.0,0.0,0.0,0.0,125.08,-1838.806,"",'133208914943638012501,2026-06-16,11192767807,7a5e2525-945a-40f1-af9d-13a4b10e80c0,100167595403,Reverse,100138038493,100138038493,11504,2152.38,5.0,1233.0,0.0,1233.0,return_refund,0.0,0.0,0.0,0.0,0.0,0.0,0.0,0.0,NA,0,2466.0
NFT-/XUTR/DEUTH02616724361X,59.67,0.0,0.0,2999.0,1253.0,310.493,5.967,0.0,0.0,prepaid,1.193,0.0,0.0,49.0,0.0,57.82,877.527,"",'133185304139891643301,2026-06-16,11180605292,dd7c0da1-bfca-4654-adc4-df5170187e74,"",Forward,100125875980,100125875980,11504,1193.33,5.0,1575.0,0.0,1575.0,packet_delivered,0.0,0.0,0.0,0.0,0.0,0.0,0.0,0.0,NA,0,1424.0
NFT-/XUTR/DEUTH02616724361X,66.43,0.0,0.0,3299.0,1215.4589999999998,301.191,5.788,0.0,0.0,prepaid,1.158,110.655,0.0,0.0,0.0,130.5729,-1037.895,"",'133195506780204018601,2026-06-16,11187011699,058cb32a-8285-4407-94b8-362bbd4598f9,100167371448,Reverse,100132282386,100132282386,11504,1328.57,5.0,1733.0,0.0,1733.0,return_refund,0.0,0.0,0.0,0.0,0.0,0.0,0.0,0.0,NA,0,1566.0
NFT-/XUTR/DEUTH02616724361X,471.81,0.0,0.0,3299.0,3093.0,729.948,13.106,0.0,0.0,prepaid,2.621,182.0,0.0,0.0,0.0,214.76,-2562.085,"",'133174786999553574103,2026-06-16,11175780959,27656bf7-3580-41c0-b5e6-b87a7edec7cd,100167706528,Reverse,100121051647,100121051647,11504,2621.19,18.0,0.0,0.0,0.0,return_refund,0.0,0.0,0.0,0.0,0.0,0.0,0.0,0.0,NA,0,3299.0
NFT-/XUTR/DEUTH02616724361X,39.57,0.0,0.0,1850.0,831.0,215.728,3.957,0.0,0.0,prepaid,0.791,182.0,0.0,0.0,0.0,214.76,-825.284,"",'133185938989013287201,2026-06-16,11180914930,4d431555-0aa7-4855-9a99-2e6feb8a134b,100168237081,Reverse,100126185618,1000034897008,11504,791.43,5.0,925.0,0.0,925.0,return_refund,0.0,0.0,0.0,0.0,0.0,0.0,0.0,0.0,NA,0,925.0
NFT-/XUTR/DEUTH02616724361X,38.33,0.0,0.0,1799.0,805.0,208.978,3.833,0.0,0.0,prepaid,0.767,0.0,0.0,31.0,0.0,36.58,554.842,"",'133201404563031398301,2026-06-16,11189501928,c7733141-ab4b-4132-a58e-5294b1ed133d,"",Forward,100134772614,100134772614,11504,766.67,5.0,900.0,0.0,900.0,packet_delivered,0.0,0.0,0.0,0.0,0.0,0.0,0.0,0.0,NA,0,899.0
NFT-/XUTR/DEUTH02616724361X,45.62,0.0,0.0,1699.0,898.0,233.121,4.276,0.0,0.0,prepaid,0.855,0.0,0.0,29.058,0.0,34.28844,625.46,"",'133181645182269117403,2026-06-16,11178602570,c867911f-824b-4650-a589-90b53b3cd7ec,"",Forward,100123873257,100123873257,11504,912.38,5.0,570.0,60.0,630.0,packet_delivered,0.0,0.0,0.0,0.0,0.0,0.0,0.0,0.0,NA,0,1129.0
NFT-/XUTR/DEUTH02616724361X,63.24,0.0,0.0,2999.0,1328.0,329.078,6.324,0.0,0.0,prepaid,1.265,127.0,0.0,0.0,0.0,149.86,-1141.193,"",'133199453694277145301,2026-06-16,11188300480,d0895a1f-64fc-49f7-addd-9da89f740b21,11188300480,Reverse,100133571167,100133571167,11504,1264.76,5.0,1500.0,0.0,1500.0,exchange,0.0,0.0,0.0,0.0,0.0,0.0,0.0,0.0,NA,0,1499.0
NFT-/XUTR/DEUTH02616724361X,77.52,0.0,0.0,1799.0,1604.0,378.544,7.638,0.0,0.0,prepaid,1.528,0.0,0.0,48.278,0.0,56.96804,1159.322,"",'133179310066728863303,2026-06-16,11177692630,75f6a0c9-294a-48d9-a978-ee4d7f0beffc,"",Forward,100122963318,1000034318655,11504,1550.48,5.0,0.0,24.0,24.0,packet_delivered,0.0,0.0,0.0,0.0,0.0,0.0,0.0,0.0,NA,0,1799.0
NFT-/XUTR/DEUTH02616724361X,63.24,0.0,0.0,2999.0,1328.0,329.078,6.324,0.0,0.0,prepaid,1.265,0.0,0.0,49.0,0.0,57.82,933.513,"",'133179101288261107001,2026-06-16,11177534128,d07a6a49-f0bc-4de5-b056-6dc6e808e2e5,"",Forward,100122804816,100122804816,11504,1264.76,5.0,1500.0,0.0,1500.0,packet_delivered,0.0,0.0,0.0,0.0,0.0,0.0,0.0,0.0,NA,0,1499.0
NFT-/XUTR/DEUTH02616724361X,56.19,0.0,0.0,2999.0,1180.0,292.404,5.619,0.0,0.0,prepaid,1.124,106.0,0.0,0.0,0.0,125.08,-1005.933,"",'133209733423870649803,2026-06-16,11193300847,c4eefc8b-1347-4ff0-b5da-0cd7103fcd05,11193300847,Reverse,100138571533,100138571533,11504,1123.81,5.0,1648.0,0.0,1648.0,exchange,0.0,0.0,0.0,0.0,0.0,0.0,0.0,0.0,NA,0,1351.0
NFT-/XUTR/DEUTH02616724361X,32.81,0.0,0.0,1650.0,647.0,167.961,3.081,0.0,0.0,prepaid,0.616,0.0,0.0,29.11,2.135,36.8691,438.473,"",'133182842342654924603,2026-06-16,11179285677,b752ad59-8643-43e7-a6ba-e6d00129d8bc,"",Forward,100124556365,1000035396186,11504,656.19,5.0,867.0,42.0,909.0,packet_delivered,0.0,0.0,0.0,0.0,0.0,0.0,0.0,0.0,NA,0,783.0
NFT-/XUTR/DEUTH02616724361X,37.33,0.0,0.0,1950.0,784.0,156.8,3.733,0.0,0.0,prepaid,0.747,0.0,0.0,45.0,0.0,53.1,569.62,"",'133208763100959918703,2026-06-16,11192668560,1da6daef-b259-428a-9d2b-6716e1c127ac,"",Forward,100137939246,100137939246,11504,746.67,5.0,1072.0,0.0,1072.0,packet_delivered,0.0,0.0,0.0,0.0,0.0,0.0,0.0,0.0,NA,0,878.0
NFT-/XUTR/DEUTH02616724361X,59.67,0.0,0.0,2999.0,1178.0,291.909,5.61,0.0,0.0,prepaid,1.122,0.0,0.0,46.067,0.0,54.35906,825.0,"",'133178668779255057803,2026-06-16,11176914466,ddd759c8-ee03-495a-9942-0429baf44ad8,"",Forward,100122185153,100122185153,11504,1193.33,5.0,1575.0,75.0,1650.0,packet_delivered,0.0,0.0,0.0,0.0,0.0,0.0,0.0,0.0,NA,0,1424.0
NFT-/XUTR/DEUTH02616724361X,0.0,18.1,18.1,1799.0,760.0,197.296,0.0,1.8095,1.8095,prepaid,0.724,0.0,0.0,31.0,0.0,36.58,521.781,"",'133204556229072399303,2026-06-16,11191470813,06093385-a8f3-4741-ae1b-0159cf107ad9,"",Forward,100136741499,1000038467167,11504,723.8,5.0,945.0,0.0,945.0,packet_delivered,0.0,0.0,0.0,0.0,0.0,0.0,0.0,0.0,NA,0,854.0
NFT-/XUTR/DEUTH02616724361X,32.81,0.0,0.0,1650.0,689.0,178.864,3.281,0.0,0.0,prepaid,0.656,106.0,0.0,0.0,0.0,125.08,-631.279,"",'133211634864913934901,2026-06-16,11194485088,802c7deb-1cd8-4741-9bca-ffb5e838cd5d,11194485088,Reverse,100139755774,100139755774,11504,656.19,5.0,867.0,0.0,867.0,exchange,0.0,0.0,0.0,0.0,0.0,0.0,0.0,0.0,NA,0,783.0
NFT-/XUTR/DEUTH02616724361X,34.14,0.0,0.0,1599.0,717.0,186.133,3.414,0.0,0.0,prepaid,0.683,0.0,0.0,31.0,0.0,36.58,490.19,"",'133184446412798776601,2026-06-16,11180192954,c17f3bf4-cf17-4c6a-a408-ca34010d988e,"",Forward,100125463642,100125463642,11504,682.86,5.0,788.0,0.0,788.0,packet_delivered,0.0,0.0,0.0,0.0,0.0,0.0,0.0,0.0,NA,0,811.0
NFT-/XUTR/DEUTH02616724361X,43.38,0.0,0.0,2799.0,527.63,136.973,2.513,0.0,0.0,prepaid,0.503,0.0,0.0,17.954,2.163,23.73806,363.903,"",'133208512934269498601,2026-06-16,11192508162,a2f13766-7945-4a51-8561-df3024ca5700,"",Forward,100137778848,100137778848,11504,867.62,5.0,1717.0,0.0,1717.0,packet_delivered,0.0,0.0,0.0,0.0,0.0,0.0,0.0,0.0,NA,0,1082.0
NFT-/XUTR/DEUTH02616724361X,87.1,0.0,0.0,3100.0,1829.0,384.09,8.71,0.0,0.0,prepaid,1.742,0.0,0.0,61.0,0.0,71.98,1362.478,"",'133205887383422853703,2026-06-16,11191863290,ed858f16-2103-45ec-829a-43535716fd5a,"",Forward,100137133976,100137133976,11504,1741.9,5.0,1065.0,0.0,1065.0,packet_delivered,0.0,0.0,0.0,0.0,0.0,0.0,0.0,0.0,NA,0,2035.0
NFT-/XUTR/DEUTH02616724361X,75.24,0.0,0.0,3499.0,1551.0,310.2,7.386,0.0,0.0,prepaid,1.477,178.66,0.0,0.0,0.0,210.8188,-1442.756,"",'133186047713472747803,2026-06-16,11180972442,503ccf73-6a8c-4b51-ac4e-f63977462c14,100170117515,Reverse,100126243130,1000035401082,11504,1504.76,5.0,1748.0,29.0,1777.0,return_refund,0.0,0.0,0.0,0.0,0.0,0.0,0.0,0.0,NA,0,1751.0
NFT-/XUTR/DEUTH02616724361X,44.76,0.0,0.0,2999.0,940.0,244.024,4.476,0.0,0.0,prepaid,0.895,182.0,0.0,0.0,0.0,214.76,-905.365,"",'133166776811657943003,2026-06-16,11174252621,4ea02a33-2d24-48b8-ba8e-04cdbde25321,100168866813,Reverse,100119523310,100119523310,11504,895.24,5.0,1888.0,0.0,1888.0,return_refund,0.0,0.0,0.0,0.0,0.0,0.0,0.0,0.0,NA,0,1111.0
NFT-/XUTR/DEUTH02616724361X,39.62,0.0,0.0,1950.0,783.0,156.6,3.729,0.0,0.0,prepaid,0.746,0.0,0.0,42.35,0.0,49.973,571.952,"",'133184952036415370001,2026-06-16,11180437851,b707c3f7-2693-4f66-8e17-90b041824dfd,"",Forward,100125708539,100125708539,11504,792.38,5.0,1024.0,49.0,1073.0,packet_delivered,0.0,0.0,0.0,0.0,0.0,0.0,0.0,0.0,NA,0,926.0
NFT-/XUTR/DEUTH02616724361X,18.95,0.0,0.0,1699.0,372.99999999999994,17.606,1.776,0.0,0.0,prepaid,0.355,170.568,0.0,0.0,0.0,201.27024,-554.533,"",'133182527555090659003,2026-06-16,11179079753,0758eb93-648a-4aab-aa76-db4fbef9cb35,100167713059,Reverse,100124350441,1000034520515,11504,379.05,5.0,1207.0,25.0,1232.0,return_refund,0.0,0.0,0.0,0.0,0.0,0.0,0.0,0.0,NA,0,492.0
NFT-/XUTR/DEUTH02616724361X,63.24,0.0,0.0,2999.0,1328.0,329.078,6.324,0.0,0.0,prepaid,1.265,106.0,0.0,0.0,0.0,125.08,-1116.413,"",'133204796282582964703,2026-06-16,11191618722,72405832-f88a-4c7d-93b9-49471e50f57c,100171526794,Reverse,100136889408,100136889408,11504,1264.76,5.0,1500.0,0.0,1500.0,return_refund,0.0,0.0,0.0,0.0,0.0,0.0,0.0,0.0,NA,0,1499.0
NFT-/XUTR/DEUTH02616724361X,35.05,0.0,0.0,1750.0,274.32,71.213,1.306,0.0,0.0,prepaid,0.261,0.0,0.0,11.554,0.0,13.63372,187.906,"",'133182944296873853101,2026-06-16,11179352896,a14ab444-bc4b-483a-a5db-4fef719d01b3,"",Forward,100124623584,1000034577625,11504,700.95,5.0,920.0,0.0,920.0,packet_delivered,0.0,0.0,0.0,0.0,0.0,0.0,0.0,0.0,NA,0,830.0
NFT-/XUTR/DEUTH02616724361X,27.67,0.0,0.0,2499.0,557.0,26.29,2.652,0.0,0.0,prepaid,0.53,223.375,0.0,0.0,0.0,263.5825,-791.111,"",'133182460347389334403,2026-06-16,11179035982,0331e73a-8dd0-49bf-8b10-e3bd60b49d68,100169961610,Reverse,100124306670,1000035369009,11504,553.33,5.0,1800.0,24.0,1824.0,return_refund,0.0,0.0,0.0,0.0,0.0,0.0,0.0,0.0,NA,0,699.0
NFT-/XUTR/DEUTH02616724361X,18.95,0.0,0.0,1699.0,398.0,18.786,1.895,0.0,0.0,prepaid,0.379,0.0,0.0,3.0,0.0,3.54,373.4,"",'133184869954903296303,2026-06-16,11180398428,4f3d6edb-f139-4fc1-bf10-18359df8da9c,"",Forward,100125669116,100125669116,11504,379.05,5.0,1207.0,0.0,1207.0,packet_delivered,0.0,0.0,0.0,0.0,0.0,0.0,0.0,0.0,NA,0,492.0
NFT-/XUTR/DEUTH02616724361X,91.95,0.0,0.0,4499.0,1931.0000000000002,386.2,9.195,0.0,0.0,prepaid,1.839,182.0,0.0,0.0,0.0,214.76,-1748.526,"",'133185076845650748703,2026-06-16,11180495749,5fce1386-7b38-447e-b1a0-7fb951a2391b,11180495749,Reverse,100125766436,100125766436,11504,1839.05,5.0,2362.0,0.0,2362.0,exchange,0.0,0.0,0.0,0.0,0.0,0.0,0.0,0.0,NA,0,2137.0
NFT-/XUTR/DEUTH02616724361X,46.76,0.0,0.0,2425.0,270.2,56.742,1.287,0.0,0.0,prepaid,0.257,0.0,0.0,12.382,0.0,14.61076,197.303,"",'133186855909633053903,2026-06-16,11181482742,401f5b03-e512-4338-81fb-39cab5b52f2a,"",Forward,100126753430,100126753430,11504,935.24,5.0,1272.0,0.0,1272.0,packet_delivered,0.0,0.0,0.0,0.0,0.0,0.0,0.0,0.0,NA,0,1153.0
NFT-/XUTR/DEUTH02616724361X,72.76,0.0,0.0,3399.0,1528.0,342.578,7.276,0.0,0.0,prepaid,1.455,127.0,0.0,0.0,0.0,149.86,-1326.551,"",'133192339781315748301,2026-06-16,11184827868,780b9805-d092-4315-b43f-c72aaf2606b5,100168171413,Reverse,100130098556,100130098556,11504,1455.24,5.0,1700.0,0.0,1700.0,return_refund,0.0,0.0,0.0,0.0,0.0,0.0,0.0,0.0,NA,0,1699.0
NFT-/XUTR/DEUTH02616724361X,19.1,0.0,0.0,1650.0,401.0,18.927,1.91,0.0,0.0,prepaid,0.382,0.0,0.0,18.0,1.444,22.94392,356.837,"",'133203942769667258603,2026-06-16,11191011785,77e5a761-a5d6-44b3-b8f6-5abbef5d3aac,"",Forward,100136282471,100136282471,11504,381.9,5.0,1155.0,0.0,1155.0,packet_delivered,0.0,0.0,0.0,0.0,0.0,0.0,0.0,0.0,NA,0,495.0
NFT-/XUTR/DEUTH02616724361X,59.67,0.0,0.0,2999.0,1253.0,310.493,5.967,0.0,0.0,prepaid,1.193,182.0,0.0,0.0,0.0,214.76,-1150.107,"",'133185575569933132103,2026-06-16,11180730846,144516fa-f715-4c19-a117-9269284b2e0e,100167497924,Reverse,100126001534,100126001534,11504,1193.33,5.0,1575.0,0.0,1575.0,return_refund,0.0,0.0,0.0,0.0,0.0,0.0,0.0,0.0,NA,0,1424.0
NFT-/XUTR/DEUTH02616724361X,64.62,0.0,0.0,2299.0,1285.0,303.26000000000005,6.119,0.0,0.0,prepaid,1.224,0.0,0.0,46.4,0.0,54.752,919.645,"",'133183366012345218303,2026-06-16,11179614403,26ffb932-8f27-41e2-9c4a-f39f5a1636a0,"",Forward,100124885091,100124885091,11504,1292.38,5.0,771.0,72.0,843.0,packet_delivered,0.0,0.0,0.0,0.0,0.0,0.0,0.0,0.0,NA,0,1528.0
NFT-/XUTR/DEUTH02616724361X,35.95,0.0,0.0,1699.0,755.0,195.998,3.595,0.0,0.0,prepaid,0.719,0.0,0.0,31.0,0.0,36.58,518.108,"",'133183715949085974801,2026-06-16,11179804458,94dc5997-3f4a-49d5-b2ea-301efe03128f,"",Forward,100125075146,100125075146,11504,719.05,5.0,850.0,0.0,850.0,packet_delivered,0.0,0.0,0.0,0.0,0.0,0.0,0.0,0.0,NA,0,849.0
NFT-/XUTR/DEUTH02616724361X,31.71,0.0,0.0,1999.0,666.0,139.86,3.171,0.0,0.0,prepaid,0.634,0.0,0.0,27.0,3.996,36.57528,485.76,"",'133204549274862054801,2026-06-16,11191465948,60701f02-a762-482a-8b46-41b5d1384238,"",Forward,100136736634,1000036970660,11504,634.29,5.0,1239.0,0.0,1239.0,packet_delivered,0.0,0.0,0.0,0.0,0.0,0.0,0.0,0.0,NA,0,760.0
NFT-/XUTR/DEUTH02616724361X,32.67,0.0,0.0,1990.0,661.0,171.596,3.148,0.0,0.0,prepaid,0.63,0.0,0.0,29.87,0.0,35.2466,450.379,"",'133182692285287981703,2026-06-16,11179189240,10a84e45-1bc0-4afd-9080-55c8629557cd,"",Forward,100124459928,1000035397615,11504,653.33,5.0,1210.0,25.0,1235.0,packet_delivered,0.0,0.0,0.0,0.0,0.0,0.0,0.0,0.0,NA,0,780.0
NFT-/XUTR/DEUTH02616724361X,28.81,0.0,0.0,1399.0,605.0,157.058,2.881,0.0,0.0,prepaid,0.576,0.0,0.0,31.0,1.875,38.7925,405.693,"",'133184965017254773101,2026-06-16,11180444050,6a7bb599-e3a2-41c2-a2db-73c26541b9b7,"",Forward,100125714738,1000035430603,11504,576.19,5.0,700.0,0.0,700.0,packet_delivered,0.0,0.0,0.0,0.0,0.0,0.0,0.0,0.0,NA,0,699.0
NFT-/XUTR/DEUTH02616724361X,50.24,0.0,0.0,2499.0,991.9989999999999,245.818,4.724,0.0,0.0,prepaid,0.945,219.086,0.0,0.0,0.0,258.52148,-999.033,"",'133181736061135876803,2026-06-16,11178643359,844a21c4-02cc-435a-afd4-935db0a41b5c,100167567961,Reverse,100123914046,100123914046,11504,1004.76,5.0,1250.0,63.0,1313.0,return_refund,0.0,0.0,0.0,0.0,0.0,0.0,0.0,0.0,NA,0,1249.0
NFT-/XUTR/DEUTH02616724361X,53.33,0.0,0.0,3399.0,1120.0,277.536,5.333,0.0,0.0,prepaid,1.067,0.0,0.0,49.0,0.0,57.82,778.244,"",'133185017016080124703,2026-06-16,11180468323,a26df8a1-d1e7-4429-996c-9cc33d5b0ed9,"",Forward,100125739011,100125739011,11504,1066.67,5.0,2108.0,0.0,2108.0,packet_delivered,0.0,0.0,0.0,0.0,0.0,0.0,0.0,0.0,NA,0,1291.0
NFT-/XUTR/DEUTH02616724361X,0.0,16.79,16.79,2499.0,705.0,183.018,0.0,1.6785,1.6785,prepaid,0.671,0.0,0.0,31.0,0.0,36.58,481.374,"",'133208535943429933001,2026-06-16,11192521930,5720e19f-cc51-4056-886b-98411f065efa,"",Forward,100137792616,100137792616,11504,671.42,5.0,1700.0,0.0,1700.0,packet_delivered,0.0,0.0,0.0,0.0,0.0,0.0,0.0,0.0,NA,0,798.9999999999999
NFT-/XUTR/DEUTH02616724361X,33.48,0.0,0.0,2499.0,703.0,182.499,3.348,0.0,0.0,prepaid,0.67,0.0,0.0,27.0,11.881,45.87958,470.603,"",'133177043363231865901,2026-06-16,11176246943,f7d0b4b4-75fa-468d-894a-3528aaf2e79c,"",Forward,100121517631,100121517631,11504,669.52,5.0,1702.0,0.0,1702.0,packet_delivered,0.0,0.0,0.0,0.0,0.0,0.0,0.0,0.0,NA,0,797.0
NFT-/XUTR/DEUTH02616724361X,53.95,0.0,0.0,2899.0,1133.0,280.757,5.395,0.0,0.0,prepaid,1.079,0.0,0.0,49.0,0.0,57.82,787.949,"",'133183787312865628801,2026-06-16,11179842725,8b00a2ff-e139-45e0-8f71-c93dae244143,"",Forward,100125113413,100125113413,11504,1079.05,5.0,1595.0,0.0,1595.0,packet_delivered,0.0,0.0,0.0,0.0,0.0,0.0,0.0,0.0,NA,0,1304.0
NFT-/XUTR/DEUTH02616724361X,97.33,0.0,0.0,2250.0,2044.0,458.265,9.733,0.0,0.0,prepaid,1.947,0.0,0.0,65.0,0.0,76.7,1497.355,"",'133184335692589357803,2026-06-16,11180133910,75b8a371-cb37-4d58-be25-fb5807ede05f,"",Forward,100125404598,100125404598,11504,1946.67,5.0,0.0,0.0,0.0,packet_delivered,0.0,0.0,0.0,0.0,0.0,0.0,0.0,0.0,NA,0,2250.0
NFT-/XUTR/DEUTH02616724361X,53.33,0.0,0.0,3399.0,1120.0,277.536,5.333,0.0,0.0,prepaid,1.067,0.0,0.0,49.0,0.0,57.82,778.244,"",'133182303614207449501,2026-06-16,11178941803,e60e784a-bcad-42c0-8251-608762f8a7ae,"",Forward,100124212491,100124212491,11504,1066.67,5.0,2108.0,0.0,2108.0,packet_delivered,0.0,0.0,0.0,0.0,0.0,0.0,0.0,0.0,NA,0,1291.0
NFT-/XUTR/DEUTH02616724361X,37.33,0.0,0.0,1850.0,784.0,203.526,3.733,0.0,0.0,prepaid,0.747,0.0,0.0,31.0,0.627,37.31986,538.674,"",'133204549274862054801,2026-06-16,11191465957,60701f02-a762-482a-8b46-41b5d1384238,"",Forward,100136736643,1000036970660,11504,746.67,5.0,972.0,0.0,972.0,packet_delivered,0.0,0.0,0.0,0.0,0.0,0.0,0.0,0.0,NA,0,878.0
NFT-/XUTR/DEUTH02616724361X,0.0,41.12,41.12,1999.0,1727.0,407.572,0.0,4.112,4.112,prepaid,1.645,0.0,0.0,49.0,0.0,57.82,1251.739,"",'133194788430686235401,2026-06-16,11186433887,60ce7e7b-23dc-4192-a1e8-ea19e099a2ab,"",Forward,100131704574,100131704574,11504,1644.76,5.0,101.0,0.0,101.0,packet_delivered,0.0,0.0,0.0,0.0,0.0,0.0,0.0,0.0,NA,0,1897.9999999999998
NFT-/XUTR/DEUTH02616724361X,48.86,0.0,0.0,1799.0,1026.0,242.136,4.886,0.0,0.0,prepaid,0.977,0.0,0.0,49.0,0.0,57.82,720.181,"",'133182564901689086303,2026-06-16,11179104296,820a57cf-02ba-41a7-b63e-56a9b94a37f8,"",Forward,100124374984,1000034523974,11504,977.14,5.0,602.0,0.0,602.0,packet_delivered,0.0,0.0,0.0,0.0,0.0,0.0,0.0,0.0,NA,0,1197.0
NFT-/XUTR/DEUTH02616724361X,87.0,0.0,0.0,1999.0,1827.0,431.172,8.7,0.0,0.0,prepaid,1.74,0.0,0.0,49.0,0.0,57.82,1327.568,"",'133209049185218617801,2026-06-16,11192856145,db0ea98d-d255-4ae9-931e-c45650fd9c3f,"",Forward,100138126831,100138126831,11504,1740,5.0,1.0,0.0,1.0,packet_delivered,0.0,0.0,0.0,0.0,0.0,0.0,0.0,0.0,NA,0,1998.0
NFT-/XUTR/DEUTH02616724361X,63.14,0.0,0.0,3499.0,1326.0,265.2,6.314,0.0,0.0,prepaid,1.263,0.0,0.0,61.0,0.0,71.98,981.243,"",'133209565690831240601,2026-06-16,11193194368,4e09663b-a20a-4c74-b5e2-4bc0f3c95896,"",Forward,100138465054,1000038475533,11504,1262.86,5.0,2002.0,0.0,2002.0,packet_delivered,0.0,0.0,0.0,0.0,0.0,0.0,0.0,0.0,NA,0,1497.0
NFT-/XUTR/DEUTH02616724361X,104.43,0.0,0.0,2399.0,2193.0,517.548,10.443,0.0,0.0,prepaid,2.089,0.0,0.0,61.0,0.0,71.98,1590.94,"",'133175354949857961203,2026-06-16,11175902032,ad62a516-3549-4d27-a8b0-c69e65a76f13,"",Forward,100121172720,100121172720,11504,2088.57,5.0,0.0,0.0,0.0,packet_delivered,0.0,0.0,0.0,0.0,0.0,0.0,0.0,0.0,NA,0,2399.0
NFT-/XUTR/DEUTH02616724361X,115.19,0.0,0.0,2625.0,2419.0,570.884,11.519,0.0,0.0,prepaid,2.304,182.0,0.0,0.0,0.0,214.76,-2049.053,"",'133183245981493544801,2026-06-16,11179547254,09d7a62f-283c-44d2-b85a-2963ab6b2dd4,100169685187,Reverse,100124817942,1000035406000,11504,2303.81,5.0,0.0,0.0,0.0,return_refund,0.0,0.0,0.0,0.0,0.0,0.0,0.0,0.0,NA,0,2625.0
NFT-/XUTR/DEUTH02616724361X,37.14,0.0,0.0,1750.0,9.46,2.456,0.045,0.0,0.0,prepaid,0.009,0.0,0.0,0.327,0.0,0.38586,6.564,"",'133174282606547529201,2026-06-16,11175665339,0ef4655b-24ab-4563-b513-11160cbd9302,"",Forward,100120936027,100120936027,11504,742.86,5.0,876.0,0.0,876.0,packet_delivered,0.0,0.0,0.0,0.0,0.0,0.0,0.0,0.0,NA,0,874.0
NFT-/XUTR/DEUTH02616724361X,48.76,0.0,0.0,2799.0,1024.0,253.747,4.876,0.0,0.0,prepaid,0.975,182.0,0.0,0.0,0.0,214.76,-979.162,"",'133170783693498598801,2026-06-16,11175312754,3bd9a487-efaa-4be2-b08a-9e71308941dc,100167616610,Reverse,100120583443,1000034587121,11504,975.24,5.0,1604.0,0.0,1604.0,return_refund,0.0,0.0,0.0,0.0,0.0,0.0,0.0,0.0,NA,0,1195.0
NFT-/XUTR/DEUTH02616724361X,70.38,0.0,0.0,3299.0,1478.0,366.248,7.038,0.0,0.0,prepaid,1.408,182.0,0.0,0.0,0.0,214.76,-1318.066,"",'133181975439466422803,2026-06-16,11178759794,b14505d8-d498-4e88-9bbf-d0360ee2afd6,11178759794,Reverse,100124030482,100124030482,11504,1407.62,5.0,1650.0,0.0,1650.0,exchange,0.0,0.0,0.0,0.0,0.0,0.0,0.0,0.0,NA,0,1649.0
NFT-/XUTR/DEUTH02616724361X,0.0,18.67,18.67,1950.0,784.0,156.8,0.0,1.8665,1.8665,prepaid,0.747,0.0,0.0,45.0,0.0,53.1,569.62,"",'133204794890214081101,2026-06-16,11191617801,e924327f-cf3e-4893-822b-27317c8119e5,"",Forward,100136888487,100136888487,11504,746.66,5.0,1072.0,0.0,1072.0,packet_delivered,0.0,0.0,0.0,0.0,0.0,0.0,0.0,0.0,NA,0,877.9999999999999
NFT-/XUTR/DEUTH02616724361X,78.48,0.0,0.0,2599.0,1648.0,388.928,7.848,0.0,0.0,prepaid,1.57,0.0,0.0,49.0,0.0,57.82,1191.834,"",'133195897109217723703,2026-06-16,11187363746,b64a1cef-3b9c-4e05-af83-efa147767a20,"",Forward,100132634433,1000037452405,11504,1569.52,5.0,780.0,0.0,780.0,packet_delivered,0.0,0.0,0.0,0.0,0.0,0.0,0.0,0.0,NA,0,1819.0
NFT-/XUTR/DEUTH02616724361X,65.29,0.0,0.0,3999.0,1371.0,339.734,6.529,0.0,0.0,prepaid,1.306,182.0,0.0,0.0,0.0,214.76,-1238.191,"",'133170783693498598801,2026-06-16,11175312744,3bd9a487-efaa-4be2-b08a-9e71308941dc,100167616803,Reverse,100120583433,1000034587121,11504,1305.71,5.0,2457.0,0.0,2457.0,return_refund,0.0,0.0,0.0,0.0,0.0,0.0,0.0,0.0,NA,0,1542.0
NFT-/XUTR/DEUTH02616724361X,52.95,0.0,0.0,2999.0,1112.0,275.554,5.295,0.0,0.0,prepaid,1.059,0.0,0.0,49.0,0.0,57.82,772.272,"",'133209704074265822203,2026-06-16,11193282501,804953ac-51f9-4c98-9796-e4eb3d7a034e,"",Forward,100138553187,100138553187,11504,1059.05,5.0,1716.0,0.0,1716.0,packet_delivered,0.0,0.0,0.0,0.0,0.0,0.0,0.0,0.0,NA,0,1283.0
NFT-/XUTR/DEUTH02616724361X,20.29,0.0,0.0,1599.0,426.0,20.107,2.029,0.0,0.0,prepaid,0.406,0.0,0.0,15.0,0.0,17.7,385.758,"",'133161035874515317901,2026-06-16,11171743261,0e7ae98b-938e-444b-bc37-cc6b056255e7,"",Forward,100117013950,100117013950,11504,405.71,5.0,1079.0,0.0,1079.0,packet_delivered,0.0,0.0,0.0,0.0,0.0,0.0,0.0,0.0,NA,0,520.0
NFT-/XUTR/DEUTH02616724361X,40.71,0.0,0.0,1899.0,855.0,221.958,4.071,0.0,0.0,prepaid,0.814,0.0,0.0,31.0,2.479,39.50522,588.652,"",'133191579540381437801,2026-06-16,11184238022,9632a87a-8b89-418e-849a-d5cc7f700bc8,"",Forward,100129508710,100129508710,11504,814.29,5.0,950.0,0.0,950.0,packet_delivered,0.0,0.0,0.0,0.0,0.0,0.0,0.0,0.0,NA,0,949.0
NFT-/XUTR/DEUTH02616724361X,97.29,0.0,0.0,2999.0,2043.0,482.148,9.729,0.0,0.0,prepaid,1.946,0.0,0.0,65.0,6.538,84.41484,1464.762,"",'133210342194101608503,2026-06-16,11193694867,46818702-302e-4ea0-bca4-12c1a006c5c2,"",Forward,100138965553,1000038484363,11504,1945.71,5.0,750.0,0.0,750.0,packet_delivered,0.0,0.0,0.0,0.0,0.0,0.0,0.0,0.0,NA,0,2249.0
NFT-/XUTR/DEUTH02616724361X,59.67,0.0,0.0,2999.0,1253.0,310.493,5.967,0.0,0.0,prepaid,1.193,0.0,0.0,49.0,0.0,57.82,877.527,"",'133181516173965152601,2026-06-16,11178551842,695b8bc5-190f-4217-a7b5-e818b95002d6,"",Forward,100123822530,100123822530,11504,1193.33,5.0,1575.0,0.0,1575.0,packet_delivered,0.0,0.0,0.0,0.0,0.0,0.0,0.0,0.0,NA,0,1424.0
NFT-/XUTR/DEUTH02616724361X,20.71,0.0,0.0,1499.0,435.0,20.532,2.071,0.0,0.0,prepaid,0.414,0.0,0.0,22.0,3.741,30.37438,381.609,"",'133183011478008076401,2026-06-16,11179398336,94bae25a-a841-4abb-8b8c-c60d1771c81e,"",Forward,100124669024,1000035403488,11504,414.29,5.0,1005.0,0.0,1005.0,packet_delivered,0.0,0.0,0.0,0.0,0.0,0.0,0.0,0.0,NA,0,494.0
NFT-/XUTR/DEUTH02616724361X,26.24,0.0,0.0,1699.0,551.0,143.04,2.624,0.0,0.0,prepaid,0.525,0.0,0.0,31.0,0.0,36.58,368.231,"",'133204549274862054801,2026-06-16,11191465951,60701f02-a762-482a-8b46-41b5d1384238,"",Forward,100136736637,1000036970660,11504,524.76,5.0,1054.0,0.0,1054.0,packet_delivered,0.0,0.0,0.0,0.0,0.0,0.0,0.0,0.0,NA,0,645.0
NFT-/XUTR/DEUTH02616724361X,18.95,0.0,0.0,1699.0,398.0,18.786,1.895,0.0,0.0,prepaid,0.379,0.0,0.0,3.0,0.0,3.54,373.4,"",'133187384959120098701,2026-06-16,11182148891,7575a9f1-15c0-4960-a214-61dd9ada6876,"",Forward,100127419579,1000035048643,11504,379.05,5.0,1207.0,0.0,1207.0,packet_delivered,0.0,0.0,0.0,0.0,0.0,0.0,0.0,0.0,NA,0,492.0
NFT-/XUTR/DEUTH02616724361X,36.19,0.0,0.0,1799.0,715.001,185.614,3.405,0.0,0.0,prepaid,0.681,0.0,0.0,29.164,0.0,34.41352,490.887,"",'133183574374318042001,2026-06-16,11179727861,757f9def-f5ec-4ee7-8967-d707d2fb3330,"",Forward,100124998549,1000034648675,11504,723.81,5.0,945.0,45.0,990.0,packet_delivered,0.0,0.0,0.0,0.0,0.0,0.0,0.0,0.0,NA,0,854.0
NFT-/XUTR/DEUTH02616724361X,16.62,0.0,0.0,1499.0,349.0,16.473,1.662,0.0,0.0,prepaid,0.332,0.0,0.0,0.0,0.0,0.0,330.533,"",'133114958821426406101,2026-06-16,11157412744,e0a68a4d-0513-4c6c-ab5e-6eac156a0d92,"",Forward,100102683447,1000030333317,11504,332.38,5.0,1091.0,0.0,1091.0,packet_delivered,0.0,0.0,0.0,0.0,0.0,0.0,0.0,0.0,NA,0,408.0
NFT-/XUTR/DEUTH02616724361X,0.0,41.14,41.14,1899.0,1728.0,407.808,0.0,4.1145,4.1145,prepaid,1.646,106.0,0.0,0.0,0.0,125.08,-1435.397,"",'133199540568882055301,2026-06-16,11188342421,e992a8d8-142e-432a-af93-79496785639c,100167372067,Reverse,100133613108,100133613108,11504,1645.72,5.0,0.0,0.0,0.0,return_refund,0.0,0.0,0.0,0.0,0.0,0.0,0.0,0.0,NA,0,1899.0000000000002
NFT-/XUTR/DEUTH02616724361X,45.62,0.0,0.0,1699.0,958.0,248.697,4.562,0.0,0.0,prepaid,0.912,0.0,0.0,31.0,0.0,36.58,667.249,"",'133179236626220073003,2026-06-16,11177650375,708cd36b-fd86-44d0-8974-f90464d54b1f,"",Forward,100122921063,100122921063,11504,912.38,5.0,570.0,0.0,570.0,packet_delivered,0.0,0.0,0.0,0.0,0.0,0.0,0.0,0.0,NA,0,1129.0
NFT-/XUTR/DEUTH02616724361X,42.48,0.0,0.0,2799.0,852.0,221.179,4.057,0.0,0.0,prepaid,0.811,0.0,0.0,29.61,0.0,34.9398,591.013,"",'133194014048544339603,2026-06-16,11185945517,1dbc95cd-b1f7-44a7-8efa-0e47c9ae4116,"",Forward,100131216204,100131216204,11504,849.52,5.0,1736.0,40.0,1776.0,packet_delivered,0.0,0.0,0.0,0.0,0.0,0.0,0.0,0.0,NA,0,1063.0
NFT-/XUTR/DEUTH02616724361X,46.1,0.0,0.0,2999.0,967.9999999999999,251.29300000000003,4.61,0.0,0.0,prepaid,0.922,127.0,0.0,0.0,0.0,149.86,-861.035,"",'133195475589485877503,2026-06-16,11186983974,3927eded-7906-4651-bc27-51b317d1cf3b,11186983974,Reverse,100132254661,100132254661,11504,921.9,5.0,1860.0,0.0,1860.0,exchange,0.0,0.0,0.0,0.0,0.0,0.0,0.0,0.0,NA,0,1139.0
NFT-/XUTR/DEUTH02616724361X,18.95,0.0,0.0,1699.0,398.0,18.786,1.895,0.0,0.0,prepaid,0.379,182.0,0.0,0.0,0.0,214.76,-591.7,"",'133184869954903296303,2026-06-16,11180398428,4f3d6edb-f139-4fc1-bf10-18359df8da9c,100168235043,Reverse,100125669116,100125669116,11504,379.05,5.0,1207.0,0.0,1207.0,return_refund,0.0,0.0,0.0,0.0,0.0,0.0,0.0,0.0,NA,0,492.0
NFT-/XUTR/DEUTH02616724361X,48.76,0.0,0.0,2799.0,1024.0,253.747,4.876,0.0,0.0,prepaid,0.975,0.0,0.0,45.0,0.0,53.1,711.302,"",'133170783693498598801,2026-06-16,11175312754,3bd9a487-efaa-4be2-b08a-9e71308941dc,"",Forward,100120583443,1000034587121,11504,975.24,5.0,1604.0,0.0,1604.0,packet_delivered,0.0,0.0,0.0,0.0,0.0,0.0,0.0,0.0,NA,0,1195.0
NFT-/XUTR/DEUTH02616724361X,33.57,0.0,0.0,1599.0,705.0,183.018,3.357,0.0,0.0,prepaid,0.671,0.0,0.0,31.0,0.0,36.58,481.374,"",'133185584537398002203,2026-06-16,11180735144,b0025743-9bd9-4dbb-b05d-9bc4636abf32,"",Forward,100126005832,100126005832,11504,671.43,5.0,800.0,0.0,800.0,packet_delivered,0.0,0.0,0.0,0.0,0.0,0.0,0.0,0.0,NA,0,799.0
NFT-/XUTR/DEUTH02616724361X,71.67,0.0,0.0,3299.0,1505.0,372.939,7.167,0.0,0.0,prepaid,1.433,0.0,0.0,45.0,0.0,53.1,1070.361,"",'133166115770289377001,2026-06-16,11173576057,1c32e7bf-7c65-436e-a851-6c2bc6e8156a,"",Forward,100118846746,1000034555313,11504,1433.33,5.0,1623.0,0.0,1623.0,packet_delivered,0.0,0.0,0.0,0.0,0.0,0.0,0.0,0.0,NA,0,1676.0
NFT-/XUTR/DEUTH02616724361X,64.24,0.0,0.0,3199.0,1349.0,334.282,6.424,0.0,0.0,prepaid,1.285,0.0,0.0,49.0,0.0,57.82,949.189,"",'133192961952994892301,2026-06-16,11185282219,d07b1dd4-aecf-4e62-8bd9-4e6cdc38e965,"",Forward,100130552906,100130552906,11504,1284.76,5.0,1679.0,0.0,1679.0,packet_delivered,0.0,0.0,0.0,0.0,0.0,0.0,0.0,0.0,NA,0,1520.0
NFT-/XUTR/DEUTH02616724361X,0.0,16.79,16.79,2499.0,705.0,183.018,0.0,1.6785,1.6785,prepaid,0.671,106.0,0.0,0.0,0.0,125.08,-643.034,"",'133208535943429933001,2026-06-16,11192521930,5720e19f-cc51-4056-886b-98411f065efa,11192521930,Reverse,100137792616,100137792616,11504,671.42,5.0,1700.0,0.0,1700.0,exchange,0.0,0.0,0.0,0.0,0.0,0.0,0.0,0.0,NA,0,798.9999999999999
NFT-/XUTR/DEUTH02616724361X,25.38,0.0,0.0,1650.0,533.0,37.736,2.538,0.0,0.0,prepaid,0.508,0.0,0.0,31.0,0.0,36.58,455.638,"",'133208567509878283101,2026-06-16,11192541939,b4282878-4143-4e02-bad5-0126d00ad0aa,"",Forward,100137812625,100137812625,11504,507.62,5.0,1023.0,0.0,1023.0,packet_delivered,0.0,0.0,0.0,0.0,0.0,0.0,0.0,0.0,NA,0,627.0
NFT-/XUTR/DEUTH02616724361X,36.19,0.0,0.0,1799.0,760.0,197.296,3.619,0.0,0.0,prepaid,0.724,0.0,0.0,31.0,0.0,36.58,521.781,"",'133209638878928982503,2026-06-16,11193241331,1bbf7637-5997-4eed-b80c-5e320434f4ea,"",Forward,100138512017,1000038436026,11504,723.81,5.0,945.0,0.0,945.0,packet_delivered,0.0,0.0,0.0,0.0,0.0,0.0,0.0,0.0,NA,0,854.0
NFT-/XUTR/DEUTH02616724361X,66.43,0.0,0.0,3299.0,1395.0,345.681,6.643,0.0,0.0,prepaid,1.329,0.0,0.0,49.0,0.0,57.82,983.527,"",'133204352472510193303,2026-06-16,11191328894,cee8ff3b-20d6-4186-87de-b063714cf442,"",Forward,100136599580,1000038457714,11504,1328.57,5.0,1733.0,0.0,1733.0,packet_delivered,0.0,0.0,0.0,0.0,0.0,0.0,0.0,0.0,NA,0,1566.0
NFT-/XUTR/DEUTH02616724361X,41.81,0.0,0.0,1699.0,878.0,227.929,4.181,0.0,0.0,prepaid,0.836,106.0,0.0,0.0,0.0,125.08,-770.134,"",'133209494155492557303,2026-06-16,11193149178,3953a1f6-a919-4453-a050-6c5264f92976,100167452253,Reverse,100138419864,100138419864,11504,836.19,5.0,650.0,0.0,650.0,return_refund,0.0,0.0,0.0,0.0,0.0,0.0,0.0,0.0,NA,0,1049.0
NFT-/XUTR/DEUTH02616724361X,68.71,0.0,0.0,1699.0,1443.0,340.548,6.871,0.0,0.0,prepaid,1.374,0.0,0.0,49.0,0.0,57.82,1036.387,"",'133185404653678415301,2026-06-16,11180651718,1edf4426-26d9-4700-ad30-58be91398d44,"",Forward,100125922406,100125922406,11504,1374.29,5.0,85.0,0.0,85.0,packet_delivered,0.0,0.0,0.0,0.0,0.0,0.0,0.0,0.0,NA,0,1614.0
NFT-/XUTR/DEUTH02616724361X,39.67,0.0,0.0,1950.0,833.0,216.247,3.967,0.0,0.0,prepaid,0.793,0.0,0.0,27.0,0.0,31.86,580.133,"",'133170783693498598801,2026-06-16,11175312742,3bd9a487-efaa-4be2-b08a-9e71308941dc,"",Forward,100120583431,1000034587121,11504,793.33,5.0,1023.0,0.0,1023.0,packet_delivered,0.0,0.0,0.0,0.0,0.0,0.0,0.0,0.0,NA,0,927.0
NFT-/XUTR/DEUTH02616724361X,38.43,0.0,0.0,1899.0,807.0,209.497,3.843,0.0,0.0,prepaid,0.769,0.0,0.0,31.0,0.0,36.58,556.311,"",'133179031440857499301,2026-06-16,11177461294,6fe9a6f4-f67f-4a8e-a34e-3eb5086e72eb,"",Forward,100122731982,1000034294118,11504,768.57,5.0,998.0,0.0,998.0,packet_delivered,0.0,0.0,0.0,0.0,0.0,0.0,0.0,0.0,NA,0,901.0
NFT-/XUTR/DEUTH02616724361X,0.0,31.62,31.62,2999.0,1328.0,329.078,0.0,3.162,3.162,prepaid,1.265,106.0,0.0,0.0,0.0,125.08,-1116.413,"",'133208690934666850501,2026-06-16,11192621740,cc87800f-7de4-44e0-a3d5-e3dcba76aedf,100168838590,Reverse,100137892426,100137892426,11504,1264.76,5.0,1500.0,0.0,1500.0,return_refund,0.0,0.0,0.0,0.0,0.0,0.0,0.0,0.0,NA,0,1498.9999999999998
NFT-/XUTR/DEUTH02616724361X,37.19,0.0,0.0,1750.0,781.0,202.748,3.719,0.0,0.0,prepaid,0.744,0.0,0.0,31.0,0.0,36.58,537.209,"",'133208505552312269701,2026-06-16,11192503498,21208f42-3ae2-4391-854f-daf68001f90f,"",Forward,100137774184,100137774184,11504,743.81,5.0,875.0,0.0,875.0,packet_delivered,0.0,0.0,0.0,0.0,0.0,0.0,0.0,0.0,NA,0,875.0
NFT-/XUTR/DEUTH02616724361X,70.38,0.0,0.0,3299.0,1478.0,366.248,7.038,0.0,0.0,prepaid,1.408,127.0,0.0,0.0,0.0,149.86,-1253.166,"",'133195307250944981401,2026-06-16,11186836491,ae382d87-5f15-4754-9feb-b4c41295ebe1,100167592699,Reverse,100132107178,1000036427846,11504,1407.62,5.0,1650.0,0.0,1650.0,return_refund,0.0,0.0,0.0,0.0,0.0,0.0,0.0,0.0,NA,0,1649.0
NFT-/XUTR/DEUTH02616724361X,72.76,0.0,0.0,1699.0,1528.0,360.608,7.276,0.0,0.0,prepaid,1.455,182.0,0.0,0.0,0.0,214.76,-1373.421,"",'133185938989013287201,2026-06-16,11180914929,4d431555-0aa7-4855-9a99-2e6feb8a134b,100168237262,Reverse,100126185617,1000034897008,11504,1455.24,5.0,0.0,0.0,0.0,return_refund,0.0,0.0,0.0,0.0,0.0,0.0,0.0,0.0,NA,0,1699.0
NFT-/XUTR/DEUTH02616724361X,48.91,0.0,0.0,2950.0,1027.0,254.49100000000004,4.89,0.0,0.0,prepaid,0.978,0.0,0.0,49.0,0.0,57.82,708.821,"",'133201593257933135203,2026-06-16,11189626595,c0039974-c7e2-468c-967a-9366f7978433,"",Forward,100134897281,100134897281,11504,978.1,5.0,1752.0,0.0,1752.0,packet_delivered,0.0,0.0,0.0,0.0,0.0,0.0,0.0,0.0,NA,0,1198.01
NFT-/XUTR/DEUTH02616724361X,40.71,0.0,0.0,1899.0,855.0,221.958,4.071,0.0,0.0,prepaid,0.814,127.0,0.0,0.0,0.0,149.86,-778.017,"",'133191579540381437801,2026-06-16,11184238022,9632a87a-8b89-418e-849a-d5cc7f700bc8,11184238022,Reverse,100129508710,100129508710,11504,814.29,5.0,950.0,0.0,950.0,exchange,0.0,0.0,0.0,0.0,0.0,0.0,0.0,0.0,NA,0,949.0
NFT-/XUTR/DEUTH02616724361X,50.24,0.0,0.0,2499.0,991.999,245.818,4.724,0.0,0.0,prepaid,0.945,0.0,0.0,46.074,6.845,62.44442,678.068,"",'133181736061135876803,2026-06-16,11178643359,844a21c4-02cc-435a-afd4-935db0a41b5c,"",Forward,100123914046,100123914046,11504,1004.76,5.0,1250.0,63.0,1313.0,packet_delivered,0.0,0.0,0.0,0.0,0.0,0.0,0.0,0.0,NA,0,1249.0
NFT-/XUTR/DEUTH02616724361X,63.24,0.0,0.0,2999.0,1328.0,329.078,6.324,0.0,0.0,prepaid,1.265,0.0,0.0,49.0,0.0,57.82,933.513,"",'133199453694277145301,2026-06-16,11188300480,d0895a1f-64fc-49f7-addd-9da89f740b21,"",Forward,100133571167,100133571167,11504,1264.76,5.0,1500.0,0.0,1500.0,packet_delivered,0.0,0.0,0.0,0.0,0.0,0.0,0.0,0.0,NA,0,1499.0
NFT-/XUTR/DEUTH02616724361X,41.95,0.0,0.0,1950.0,881.0,176.2,4.195,0.0,0.0,prepaid,0.839,0.0,0.0,45.0,0.0,53.1,646.666,"",'133183566642535800703,2026-06-16,11179723559,50d22519-55c7-416f-9fe8-ac54124fd93d,"",Forward,100124994247,100124994247,11504,839.05,5.0,975.0,0.0,975.0,packet_delivered,0.0,0.0,0.0,0.0,0.0,0.0,0.0,0.0,NA,0,975.0
NFT-/XUTR/DEUTH02616724361X,0.0,32.36,32.36,3399.0,1359.0,336.76,0.0,3.2355,3.2355,prepaid,1.294,106.0,0.0,0.0,0.0,125.08,-1139.555,"",'133204877057115026603,2026-06-16,11191657448,8a5d9de3-38de-4a55-8ca1-afc29af98c6f,100172408927,Reverse,100136928135,100136928135,11504,1294.28,5.0,1869.0,0.0,1869.0,return_refund,0.0,0.0,0.0,0.0,0.0,0.0,0.0,0.0,NA,0,1529.9999999999998
NFT-/XUTR/DEUTH02616724361X,40.71,0.0,0.0,1999.0,855.0,221.958,4.071,0.0,0.0,prepaid,0.814,0.0,0.0,31.0,0.0,36.58,591.577,"",'133192697876343070903,2026-06-16,11185097625,24d17fef-ba1f-4563-b779-84a4a88362dc,"",Forward,100130368313,100130368313,11504,814.29,5.0,1050.0,0.0,1050.0,packet_delivered,0.0,0.0,0.0,0.0,0.0,0.0,0.0,0.0,NA,0,949.0
NFT-/XUTR/DEUTH02616724361X,18.95,0.0,0.0,1699.0,398.0,18.786,1.895,0.0,0.0,prepaid,0.379,0.0,0.0,3.0,0.0,3.54,373.4,"",'133187384959120098701,2026-06-16,11182148883,7575a9f1-15c0-4960-a214-61dd9ada6876,"",Forward,100127419569,1000035048643,11504,379.05,5.0,1207.0,0.0,1207.0,packet_delivered,0.0,0.0,0.0,0.0,0.0,0.0,0.0,0.0,NA,0,492.0
NFT-/XUTR/DEUTH02616724361X,107.62,0.0,0.0,3699.0,2260.0,533.3600000000001,10.762,0.0,0.0,prepaid,2.152,0.0,0.0,65.0,0.0,76.7,1637.026,"",'133208914943638012501,2026-06-16,11192767807,7a5e2525-945a-40f1-af9d-13a4b10e80c0,"",Forward,100138038493,100138038493,11504,2152.38,5.0,1233.0,0.0,1233.0,packet_delivered,0.0,0.0,0.0,0.0,0.0,0.0,0.0,0.0,NA,0,2466.0
NFT-/XUTR/DEUTH02616724361X,19.1,0.0,0.0,1599.0,401.0,18.927,1.91,0.0,0.0,prepaid,0.382,0.0,0.0,18.0,0.0,21.24,358.541,"",'133182301381342797401,2026-06-16,11178940561,4aa27cff-231a-42f2-9f3e-d18ffec6f974,"",Forward,100124211249,100124211249,11504,381.9,5.0,1104.0,0.0,1104.0,packet_delivered,0.0,0.0,0.0,0.0,0.0,0.0,0.0,0.0,NA,0,495.0
NFT-/XUTR/DEUTH02616724361X,19.1,0.0,0.0,1599.0,401.0,18.927,1.91,0.0,0.0,prepaid,0.382,182.0,0.0,0.0,0.0,214.76,-594.541,"",'133183004773993342001,2026-06-16,11179393880,1db40732-1a08-4ae6-a725-7d03fa819bf6,11179393880,Reverse,100124664568,100124664568,11504,381.9,5.0,1104.0,0.0,1104.0,exchange,0.0,0.0,0.0,0.0,0.0,0.0,0.0,0.0,NA,0,495.0
NFT-/XUTR/DEUTH02616724361X,46.1,0.0,0.0,2999.0,917.9999999999999,238.313,4.371,0.0,0.0,prepaid,0.874,172.599,0.0,0.0,0.0,203.66682,-878.109,"",'133180414962851727601,2026-06-16,11178335389,ed7b0530-24c6-4fde-9593-aeaae5eee504,11178335389,Reverse,100123606077,100123606077,11504,921.9,5.0,1860.0,50.0,1910.0,exchange,0.0,0.0,0.0,0.0,0.0,0.0,0.0,0.0,NA,0,1139.0
NFT-/XUTR/DEUTH02616724361X,39.57,0.0,0.0,1850.0,831.0,215.728,3.957,0.0,0.0,prepaid,0.791,0.0,0.0,31.0,0.0,36.58,573.944,"",'133185938989013287201,2026-06-16,11180914930,4d431555-0aa7-4855-9a99-2e6feb8a134b,"",Forward,100126185618,1000034897008,11504,791.43,5.0,925.0,0.0,925.0,packet_delivered,0.0,0.0,0.0,0.0,0.0,0.0,0.0,0.0,NA,0,925.0
NFT-/XUTR/DEUTH02616724361X,31.71,0.0,0.0,1599.0,647.0,167.961,3.081,0.0,0.0,prepaid,0.616,0.0,0.0,30.116,0.0,35.53688,439.805,"",'133181626965677789103,2026-06-16,11178594923,79f19f5c-09df-431c-9b1d-586a3a622fe6,"",Forward,100123865611,1000035457283,11504,634.29,5.0,839.0,19.0,858.0,packet_delivered,0.0,0.0,0.0,0.0,0.0,0.0,0.0,0.0,NA,0,760.0
NFT-/XUTR/DEUTH02616724361X,29.05,0.0,0.0,1699.0,610.0,158.356,2.905,0.0,0.0,prepaid,0.581,0.0,0.0,31.0,0.0,36.58,411.578,"",'133183667140229897201,2026-06-16,11179777378,a95075e6-f9e5-4223-a5b5-8f4efdaff5e1,"",Forward,100125048066,100125048066,11504,580.95,5.0,995.0,0.0,995.0,packet_delivered,0.0,0.0,0.0,0.0,0.0,0.0,0.0,0.0,NA,0,704.0
NFT-/XUTR/DEUTH02616724361X,9.9,0.0,0.0,399.0,340.0,52.156,1.65,0.0,0.0,prepaid,0.33,0.0,0.0,30.0,0.0,35.4,250.464,"",'133183702828084041903,2026-06-16,11179797169,242e6d0b-de1c-4937-af66-f65297bf4d78,"",Forward,100125067857,1000034666490,11504,330.1,3.0,0.0,0.0,0.0,packet_delivered,0.0,0.0,0.0,0.0,0.0,0.0,0.0,0.0,NA,0,399.0
NFT-/XUTR/DEUTH02616724361X,59.62,0.0,0.0,2999.0,1252.0,310.246,5.962,0.0,0.0,prepaid,1.192,0.0,0.0,49.0,0.0,57.82,876.78,"",'133185902520173685803,2026-06-16,11180896683,efc8512e-19d5-4f17-8564-c072ca6487e9,"",Forward,100126167371,100126167371,11504,1192.38,5.0,1576.0,0.0,1576.0,packet_delivered,0.0,0.0,0.0,0.0,0.0,0.0,0.0,0.0,NA,0,1423.0
NFT-/XUTR/DEUTH02616724361X,33.62,0.0,0.0,1599.0,696.0,180.682,3.314,0.0,0.0,prepaid,0.663,179.422,0.0,0.0,0.0,211.71796,-723.059,"",'133178605811170547801,2026-06-16,11176790582,86bf76fc-ac3e-4521-944a-2d08b1fdbc08,100168228610,Reverse,100122061270,1000034570559,11504,672.38,5.0,799.0,10.0,809.0,return_refund,0.0,0.0,0.0,0.0,0.0,0.0,0.0,0.0,NA,0,800.0
NFT-/XUTR/DEUTH02616724361X,43.95,0.0,0.0,1750.0,922.9999999999999,203.06,4.395,0.0,0.0,prepaid,0.879,127.0,0.0,0.0,0.0,149.86,-864.526,"",'133183531641870458903,2026-06-16,11179704267,2e340a8e-7cb2-4188-8a63-1c9be3384575,100171976130,Reverse,100124974955,100124974955,11504,879.05,5.0,656.0,0.0,656.0,return_refund,0.0,0.0,0.0,0.0,0.0,0.0,0.0,0.0,NA,0,1094.0
NFT-/XUTR/DEUTH02616724361X,38.33,0.0,0.0,1799.0,805.0,208.978,3.833,0.0,0.0,prepaid,0.767,182.0,0.0,0.0,0.0,214.76,-806.182,"",'133186306812739217203,2026-06-16,11181114015,efd2420e-b8ff-454a-9b48-13727395f150,100167668104,Reverse,100126384703,100126384703,11504,766.67,5.0,900.0,0.0,900.0,return_refund,0.0,0.0,0.0,0.0,0.0,0.0,0.0,0.0,NA,0,899.0
NFT-/XUTR/DEUTH02616724361X,8.48,0.0,0.0,350.0,291.0,44.639,1.413,0.0,0.0,prepaid,0.283,0.0,0.0,30.0,0.0,35.4,209.265,"",'133183702828084041903,2026-06-16,11179797171,242e6d0b-de1c-4937-af66-f65297bf4d78,"",Forward,100125067859,1000034666490,11504,282.52,3.0,0.0,0.0,0.0,packet_delivered,0.0,0.0,0.0,0.0,0.0,0.0,0.0,0.0,NA,0,350.0
NFT-/XUTR/DEUTH02616724361X,42.48,0.0,0.0,2799.0,852.0,221.179,4.057,0.0,0.0,prepaid,0.811,101.247,0.0,0.0,0.0,119.47146,-745.424,"",'133194014048544339603,2026-06-16,11185945517,1dbc95cd-b1f7-44a7-8efa-0e47c9ae4116,100170524579,Reverse,100131216204,100131216204,11504,849.52,5.0,1736.0,40.0,1776.0,return_refund,0.0,0.0,0.0,0.0,0.0,0.0,0.0,0.0,NA,0,1063.0
NFT-/XUTR/DEUTH02616724361X,31.05,0.0,0.0,1799.0,652.0,169.259,3.105,0.0,0.0,prepaid,0.621,0.0,0.0,31.0,2.738,39.81084,439.204,"",'133178950321390489501,2026-06-16,11177365110,5fb7caa6-1a7a-4b6e-b82e-ca424a334463,"",Forward,100122635798,1000034288257,11504,620.95,5.0,1053.0,0.0,1053.0,packet_delivered,0.0,0.0,0.0,0.0,0.0,0.0,0.0,0.0,NA,0,746.0
NFT-/XUTR/DEUTH02616724361X,24.43,0.0,0.0,1599.0,4.78,1.241,0.023,0.0,0.0,prepaid,0.005,0.0,0.0,0.289,0.0,0.34102,3.17,"",'133183156909923985001,2026-06-16,11179494040,00815b3f-6c17-43f6-9a71-5f901c538f7e,"",Forward,100124764728,100124764728,11504,488.57,5.0,992.0,0.0,992.0,packet_delivered,0.0,0.0,0.0,0.0,0.0,0.0,0.0,0.0,NA,0,607.0
NFT-/XUTR/DEUTH02616724361X,37.14,0.0,0.0,1899.0,780.0,202.488,3.714,0.0,0.0,prepaid,0.743,0.0,0.0,27.0,0.0,31.86,541.195,"",'133156916230862189601,2026-06-16,11170236368,1d4d62a2-ba84-4143-bbe6-0b80c7630b7e,"",Forward,100115507058,100115507058,11504,742.86,5.0,1025.0,0.0,1025.0,packet_delivered,0.0,0.0,0.0,0.0,0.0,0.0,0.0,0.0,NA,0,874.0
NFT-/XUTR/DEUTH02616724361X,41.81,0.0,0.0,1699.0,878.0,227.929,4.181,0.0,0.0,prepaid,0.836,106.0,0.0,0.0,0.0,125.08,-770.134,"",'133209167074848658201,2026-06-16,11192937252,f7d5d1ac-8ee1-47da-8a9b-594956565943,100168034270,Reverse,100138207938,100138207938,11504,836.19,5.0,650.0,0.0,650.0,return_refund,0.0,0.0,0.0,0.0,0.0,0.0,0.0,0.0,NA,0,1049.0
NFT-/XUTR/DEUTH02616724361X,33.38,0.0,0.0,1850.0,701.0,181.98,3.338,0.0,0.0,prepaid,0.668,0.0,0.0,31.0,0.0,36.58,478.434,"",'133182747362909452703,2026-06-16,11179225281,3e7e8cf3-ec5b-4ec0-b5bf-4aaabe926ed9,"",Forward,100124495969,100124495969,11504,667.62,5.0,1055.0,0.0,1055.0,packet_delivered,0.0,0.0,0.0,0.0,0.0,0.0,0.0,0.0,NA,0,795.0
NFT-/XUTR/DEUTH02616724361X,0.0,10.36,10.36,1499.0,435.0,20.532,0.0,1.0355,1.0355,prepaid,0.414,0.0,0.0,22.0,3.741,30.37438,381.609,"",'133211546114815778403,2026-06-16,11194435830,6ef1bb3a-f1f2-4d02-ac8e-962908a320a1,"",Forward,100139706516,100139706516,11504,414.28,5.0,1005.0,0.0,1005.0,packet_delivered,0.0,0.0,0.0,0.0,0.0,0.0,0.0,0.0,NA,0,494.0
NFT-/XUTR/DEUTH02616724361X,0.0,28.69,28.69,2899.0,1205.0,298.599,0.0,2.869,2.869,prepaid,1.148,106.0,0.0,0.0,0.0,125.08,-1024.595,"",'133204556229072399303,2026-06-16,11191470810,06093385-a8f3-4741-ae1b-0159cf107ad9,100167672755,Reverse,100136741496,1000038467167,11504,1147.62,5.0,1523.0,0.0,1523.0,return_refund,0.0,0.0,0.0,0.0,0.0,0.0,0.0,0.0,NA,0,1376.0
NFT-/XUTR/DEUTH02616724361X,60.86,0.0,0.0,2899.0,1278.0,316.688,6.086,0.0,0.0,prepaid,1.217,0.0,0.0,45.0,0.0,53.1,900.909,"",'133160918252351269103,2026-06-16,11171711309,afd07069-063e-4016-8f14-e192c74d1204,"",Forward,100116981998,100116981998,11504,1217.14,5.0,1450.0,0.0,1450.0,packet_delivered,0.0,0.0,0.0,0.0,0.0,0.0,0.0,0.0,NA,0,1449.0
NFT-/XUTR/DEUTH02616724361X,51.29,0.0,0.0,2625.0,1077.0,226.17,5.129,0.0,0.0,prepaid,1.026,182.0,0.0,0.0,0.0,214.76,-1059.435,"",'133185133469222029203,2026-06-16,11180522180,f4e649a1-c024-4201-9369-f39209a947e0,100167735788,Reverse,100125792868,100125792868,11504,1025.71,5.0,1377.0,0.0,1377.0,return_refund,0.0,0.0,0.0,0.0,0.0,0.0,0.0,0.0,NA,0,1248.0
NFT-/XUTR/DEUTH02616724361X,29.05,0.0,0.0,1699.0,574.0,149.01,2.733,0.0,0.0,prepaid,0.547,0.0,0.0,29.171,0.0,34.42178,387.288,"",'133183786914542888803,2026-06-16,11179842484,ec805837-6728-4c01-b5bb-3cf5f24d63ee,"",Forward,100125113172,100125113172,11504,580.95,5.0,995.0,36.0,1031.0,packet_delivered,0.0,0.0,0.0,0.0,0.0,0.0,0.0,0.0,NA,0,704.0
NFT-/XUTR/DEUTH02616724361X,0.0,18.1,18.1,1799.0,760.0,197.296,0.0,1.8095,1.8095,prepaid,0.724,106.0,0.0,0.0,0.0,125.08,-683.441,"",'133204556229072399303,2026-06-16,11191470813,06093385-a8f3-4741-ae1b-0159cf107ad9,100167672476,Reverse,100136741499,1000038467167,11504,723.8,5.0,945.0,0.0,945.0,return_refund,0.0,0.0,0.0,0.0,0.0,0.0,0.0,0.0,NA,0,854.0
NFT-/XUTR/DEUTH02616724361X,29.05,0.0,0.0,1699.0,574.0,149.01,2.733,0.0,0.0,prepaid,0.547,171.259,0.0,0.0,0.0,202.08562,-623.796,"",'133183786914542888803,2026-06-16,11179842484,ec805837-6728-4c01-b5bb-3cf5f24d63ee,11179842484,Reverse,100125113172,100125113172,11504,580.95,5.0,995.0,36.0,1031.0,exchange,0.0,0.0,0.0,0.0,0.0,0.0,0.0,0.0,NA,0,704.0
NFT-/XUTR/DEUTH02616724361X,57.38,0.0,0.0,2899.0,5.99,1.484,0.029,0.0,0.0,prepaid,0.006,0.631,0.0,0.0,0.0,0.74458,-5.216,"",'133195177977576554101,2026-06-16,11186724612,d8ab7f87-c94b-4268-929d-a2a57ff31b58,11186724612,Reverse,100131995299,100131995299,11504,1147.62,5.0,1523.0,0.0,1523.0,exchange,0.0,0.0,0.0,0.0,0.0,0.0,0.0,0.0,NA,0,1376.0
NFT-/XUTR/DEUTH02616724361X,33.57,0.0,0.0,1599.0,705.0,183.018,3.357,0.0,0.0,prepaid,0.671,0.0,0.0,31.0,0.0,36.58,481.374,"",'133199813016125523503,2026-06-16,11188488525,1b755550-15d9-41c6-89e5-189de25d1360,"",Forward,100133759212,100133759212,11504,671.43,5.0,800.0,0.0,800.0,packet_delivered,0.0,0.0,0.0,0.0,0.0,0.0,0.0,0.0,NA,0,799.0
NFT-/XUTR/DEUTH02616724361X,57.38,0.0,0.0,2899.0,1205.0,298.599,5.738,0.0,0.0,prepaid,1.148,106.0,0.0,0.0,0.0,125.08,-1024.595,"",'133208826944571404303,2026-06-16,11192710377,e64ef3f7-8728-45b1-8da0-b71043aa9dcb,100167641906,Reverse,100137981063,100137981063,11504,1147.62,5.0,1523.0,0.0,1523.0,return_refund,0.0,0.0,0.0,0.0,0.0,0.0,0.0,0.0,NA,0,1376.0
NFT-/XUTR/DEUTH02616724361X,29.24,0.0,0.0,2299.0,614.0,28.981,2.924,0.0,0.0,prepaid,0.585,0.0,0.0,27.0,5.096,37.87328,543.637,"",'133170783693498598801,2026-06-16,11175312750,3bd9a487-efaa-4be2-b08a-9e71308941dc,"",Forward,100120583439,1000034587121,11504,584.76,5.0,1591.0,0.0,1591.0,packet_delivered,0.0,0.0,0.0,0.0,0.0,0.0,0.0,0.0,NA,0,708.0
NFT-/XUTR/DEUTH02616724361X,75.24,0.0,0.0,3499.0,1551.0,310.2,7.386,0.0,0.0,prepaid,1.477,0.0,0.0,59.88,0.0,70.6584,1161.279,"",'133186047713472747803,2026-06-16,11180972442,503ccf73-6a8c-4b51-ac4e-f63977462c14,"",Forward,100126243130,1000035401082,11504,1504.76,5.0,1748.0,29.0,1777.0,packet_delivered,0.0,0.0,0.0,0.0,0.0,0.0,0.0,0.0,NA,0,1751.0
NFT-/XUTR/DEUTH02616724361X,35.1,0.0,0.0,1750.0,725.0,188.21,3.452,0.0,0.0,prepaid,0.69,0.0,0.0,30.495,0.0,35.9841,496.664,"",'133179310066728863303,2026-06-16,11177692634,75f6a0c9-294a-48d9-a978-ee4d7f0beffc,"",Forward,100122963322,1000034318655,11504,701.9,5.0,919.0,12.0,931.0,packet_delivered,0.0,0.0,0.0,0.0,0.0,0.0,0.0,0.0,NA,0,831.0
NFT-/XUTR/DEUTH02616724361X,35.1,0.0,0.0,1750.0,693.001,179.903,3.3,0.0,0.0,prepaid,0.66,0.0,0.0,29.149,1.04,35.62302,473.515,"",'133183574374318042001,2026-06-16,11179727854,757f9def-f5ec-4ee7-8967-d707d2fb3330,"",Forward,100124998542,1000034648675,11504,701.9,5.0,919.0,44.0,963.0,packet_delivered,0.0,0.0,0.0,0.0,0.0,0.0,0.0,0.0,NA,0,831.0
NFT-/XUTR/DEUTH02616724361X,56.1,0.0,0.0,2699.0,1178.0,291.908,5.61,0.0,0.0,prepaid,1.122,182.0,0.0,0.0,0.0,214.76,-1094.12,"",'133186541162950568303,2026-06-16,11181258324,2edf8f8a-bd1f-4fad-b9fa-503efa789c30,11181258324,Reverse,100126529012,100126529012,11504,1121.9,5.0,1350.0,0.0,1350.0,exchange,0.0,0.0,0.0,0.0,0.0,0.0,0.0,0.0,NA,0,1349.0
NFT-/XUTR/DEUTH02616724361X,43.1,0.0,0.0,2499.0,904.9999999999999,234.938,4.31,0.0,0.0,prepaid,0.862,106.0,0.0,0.0,0.0,125.08,-789.97,"",'133203143202691819803,2026-06-16,11190500282,d0553e20-78d1-4fad-9e71-15a310299cfb,100167569932,Reverse,100135770968,100135770968,11504,861.9,5.0,1500.0,0.0,1500.0,return_refund,0.0,0.0,0.0,0.0,0.0,0.0,0.0,0.0,NA,0,999.0
NFT-/XUTR/DEUTH02616724361X,41.19,0.0,0.0,2499.0,865.0,224.554,4.119,0.0,0.0,prepaid,0.824,0.0,0.0,27.0,13.58,47.8844,587.619,"",'133166738174871711703,2026-06-16,11174243875,be20be55-ed9f-4b15-9a0b-6f702d176032,"",Forward,100119514565,100119514565,11504,823.81,5.0,1463.0,0.0,1463.0,packet_delivered,0.0,0.0,0.0,0.0,0.0,0.0,0.0,0.0,NA,0,1036.0
NFT-/XUTR/DEUTH02616724361X,426.05,0.0,0.0,2999.0,2793.0,659.148,11.835,0.0,0.0,prepaid,2.367,106.0,0.0,0.0,0.0,125.08,-2244.73,"",'133211623653367893501,2026-06-16,11194478481,816de286-12ff-40b1-8d74-037f6ab41e97,100167941361,Reverse,100139749167,100139749167,11504,2366.95,18.0,0.0,0.0,0.0,return_refund,0.0,0.0,0.0,0.0,0.0,0.0,0.0,0.0,NA,0,2999.0
NFT-/XUTR/DEUTH02616724361X,31.62,0.0,0.0,2599.0,664.0,1.1102230246251565E-16,3.162,0.0,0.0,prepaid,0.632,0.0,0.0,12.37,0.0,14.5966,645.609,"",'133182053060120058403,2026-06-16,11178801042,23e4be49-0b4e-4b0a-88d5-c017c8d2c6e3,"",Forward,100124071730,1000035384159,11504,632.38,5.0,1841.0,0.0,1841.0,packet_delivered,0.0,0.0,0.0,0.0,0.0,0.0,0.0,0.0,NA,0,758.0
NFT-/XUTR/DEUTH02616724361X,86.95,0.0,0.0,1999.0,1826.0,430.936,8.695,0.0,0.0,prepaid,1.739,182.0,0.0,0.0,0.0,214.76,-1599.39,"",'133184873573574125101,2026-06-16,11180400313,af827626-bb7b-4a92-accf-26cd1473b963,100168234642,Reverse,100125671001,100125671001,11504,1739.05,5.0,2.0,0.0,2.0,return_refund,0.0,0.0,0.0,0.0,0.0,0.0,0.0,0.0,NA,0,1997.0
NFT-/XUTR/DEUTH02616724361X,46.1,0.0,0.0,2399.0,940.0,244.024,4.476,0.0,0.0,prepaid,0.895,0.0,0.0,30.103,0.0,35.52154,655.083,"",'133181626965677789103,2026-06-16,11178594921,79f19f5c-09df-431c-9b1d-586a3a622fe6,"",Forward,100123865609,1000035457283,11504,921.9,5.0,1260.0,28.0,1288.0,packet_delivered,0.0,0.0,0.0,0.0,0.0,0.0,0.0,0.0,NA,0,1139.0
NFT-/XUTR/DEUTH02616724361X,24.43,0.0,0.0,1599.0,513.0,36.32,2.443,0.0,0.0,prepaid,0.489,0.0,0.0,31.0,5.027,42.51186,431.236,"",'133191044316342153201,2026-06-16,11183806016,7537f424-2559-4b6b-bcbb-f2e9c69216b4,"",Forward,100129076704,100129076704,11504,488.57,5.0,992.0,0.0,992.0,packet_delivered,0.0,0.0,0.0,0.0,0.0,0.0,0.0,0.0,NA,0,607.0
NFT-/XUTR/DEUTH02616724361X,55.14,0.0,0.0,1899.0,1158.0,273.288,5.514,0.0,0.0,prepaid,1.103,0.0,0.0,49.0,0.0,57.82,820.275,"",'133185720578314960501,2026-06-16,11180803015,5f106f30-1459-44c9-9232-e903fc13f0c4,"",Forward,100126073703,100126073703,11504,1102.86,5.0,570.0,0.0,570.0,packet_delivered,0.0,0.0,0.0,0.0,0.0,0.0,0.0,0.0,NA,0,1329.0
NFT-/XUTR/DEUTH02616724361X,45.62,0.0,0.0,1699.0,898.0,233.121,4.276,0.0,0.0,prepaid,0.855,170.601,0.0,0.0,0.0,201.30918,-861.057,"",'133181645182269117403,2026-06-16,11178602570,c867911f-824b-4650-a589-90b53b3cd7ec,100171063180,Reverse,100123873257,100123873257,11504,912.38,5.0,570.0,60.0,630.0,return_refund,0.0,0.0,0.0,0.0,0.0,0.0,0.0,0.0,NA,0,1129.0
NFT-/XUTR/DEUTH02616724361X,0.0,20.36,20.36,2499.0,855.0,221.958,0.0,2.0355,2.0355,prepaid,0.814,0.0,0.0,31.0,0.0,36.58,591.577,"",'133211312579192732901,2026-06-16,11194305836,dabee741-14a9-49f1-87b5-ef8a24abf3a3,"",Forward,100139576522,1000038485763,11504,814.28,5.0,1550.0,0.0,1550.0,packet_delivered,0.0,0.0,0.0,0.0,0.0,0.0,0.0,0.0,NA,0,949.0
NFT-/XUTR/DEUTH02616724361X,41.95,0.0,0.0,1950.0,832.0,215.987,3.962,0.0,0.0,prepaid,0.792,0.0,0.0,29.276,0.0,34.54568,576.713,"",'133181674725245328203,2026-06-16,11178615455,4eae550f-3ec2-4759-8603-781dd92350b0,"",Forward,100123886143,100123886143,11504,839.05,5.0,975.0,49.0,1024.0,packet_delivered,0.0,0.0,0.0,0.0,0.0,0.0,0.0,0.0,NA,0,975.0
NFT-/XUTR/DEUTH02616724361X,0.0,32.36,32.36,3399.0,1359.0,336.76,0.0,3.2355,3.2355,prepaid,1.294,0.0,0.0,49.0,0.0,57.82,956.655,"",'133204877057115026603,2026-06-16,11191657448,8a5d9de3-38de-4a55-8ca1-afc29af98c6f,"",Forward,100136928135,100136928135,11504,1294.28,5.0,1869.0,0.0,1869.0,packet_delivered,0.0,0.0,0.0,0.0,0.0,0.0,0.0,0.0,NA,0,1529.9999999999998
NFT-/XUTR/DEUTH02616724361X,0.0,18.69,18.69,2799.0,785.0,203.786,0.0,1.869,1.869,prepaid,0.748,0.0,0.0,31.0,0.0,36.58,540.148,"",'133204556229072399303,2026-06-16,11191470817,06093385-a8f3-4741-ae1b-0159cf107ad9,"",Forward,100136741503,1000038467167,11504,747.62,5.0,1843.0,0.0,1843.0,packet_delivered,0.0,0.0,0.0,0.0,0.0,0.0,0.0,0.0,NA,0,956.0000000000001
NFT-/XUTR/DEUTH02616724361X,38.43,0.0,0.0,1899.0,807.0,209.497,3.843,0.0,0.0,prepaid,0.769,0.0,0.0,31.0,0.0,36.58,556.311,"",'133184593726196259603,2026-06-16,11180265841,a7f46423-4847-46fc-98eb-3101a7422a83,"",Forward,100125536529,100125536529,11504,768.57,5.0,998.0,0.0,998.0,packet_delivered,0.0,0.0,0.0,0.0,0.0,0.0,0.0,0.0,NA,0,901.0
NFT-/XUTR/DEUTH02616724361X,51.52,0.0,0.0,3299.0,1016.0,251.76500000000004,4.838,0.0,0.0,prepaid,0.968,0.0,0.0,46.011,0.0,54.29298,704.136,"",'133185643409407120703,2026-06-16,11180763844,260553dd-c85f-4575-9ad6-ccb04e971907,"",Forward,100126034532,100126034532,11504,1030.48,5.0,2046.0,66.0,2112.0,packet_delivered,0.0,0.0,0.0,0.0,0.0,0.0,0.0,0.0,NA,0,1253.0
NFT-/XUTR/DEUTH02616724361X,0.0,30.45,30.45,2899.0,1279.0,268.59,0.0,3.045,3.045,prepaid,1.218,0.0,0.0,45.0,0.0,53.1,950.002,"",'133204333768847616503,2026-06-16,11191315108,43703388-7d78-4a69-8bbf-e063bb3dcf08,"",Forward,100136585794,100136585794,11504,1218.1,5.0,1449.0,0.0,1449.0,packet_delivered,0.0,0.0,0.0,0.0,0.0,0.0,0.0,0.0,NA,0,1450.0
NFT-/XUTR/DEUTH02616724361X,24.43,0.0,0.0,1599.0,513.0,36.32,2.443,0.0,0.0,prepaid,0.489,182.0,0.0,0.0,0.0,214.76,-688.508,"",'133191044316342153201,2026-06-16,11183806016,7537f424-2559-4b6b-bcbb-f2e9c69216b4,100167472635,Reverse,100129076704,100129076704,11504,488.57,5.0,992.0,0.0,992.0,return_refund,0.0,0.0,0.0,0.0,0.0,0.0,0.0,0.0,NA,0,607.0
NFT-/XUTR/DEUTH02616724361X,51.29,0.0,0.0,2625.0,1077.0,226.17,5.129,0.0,0.0,prepaid,1.026,0.0,0.0,45.0,0.0,53.1,791.575,"",'133185133469222029203,2026-06-16,11180522180,f4e649a1-c024-4201-9369-f39209a947e0,"",Forward,100125792868,100125792868,11504,1025.71,5.0,1377.0,0.0,1377.0,packet_delivered,0.0,0.0,0.0,0.0,0.0,0.0,0.0,0.0,NA,0,1248.0
NFT-/XUTR/DEUTH02616724361X,72.76,0.0,0.0,3399.0,1528.0,342.578,7.276,0.0,0.0,prepaid,1.455,0.0,0.0,49.0,0.0,57.82,1118.871,"",'133192339781315748301,2026-06-16,11184827868,780b9805-d092-4315-b43f-c72aaf2606b5,"",Forward,100130098556,100130098556,11504,1455.24,5.0,1700.0,0.0,1700.0,packet_delivered,0.0,0.0,0.0,0.0,0.0,0.0,0.0,0.0,NA,0,1699.0
NFT-/XUTR/DEUTH02616724361X,18.95,0.0,0.0,1699.0,373.0,17.606,1.776,0.0,0.0,prepaid,0.355,0.0,0.0,2.812,0.0,3.31816,349.945,"",'133182527555090659003,2026-06-16,11179079753,0758eb93-648a-4aab-aa76-db4fbef9cb35,"",Forward,100124350441,1000034520515,11504,379.05,5.0,1207.0,25.0,1232.0,packet_delivered,0.0,0.0,0.0,0.0,0.0,0.0,0.0,0.0,NA,0,492.0
NFT-/XUTR/DEUTH02616724361X,64.19,0.0,0.0,3199.0,1348.0,334.034,6.419,0.0,0.0,prepaid,1.284,0.0,0.0,49.0,0.0,57.82,948.443,"",'133187106271821277703,2026-06-16,11181694836,582540e5-df09-46d4-8a55-5a863270aaac,"",Forward,100126965524,100126965524,11504,1283.81,5.0,1680.0,0.0,1680.0,packet_delivered,0.0,0.0,0.0,0.0,0.0,0.0,0.0,0.0,NA,0,1519.0
NFT-/XUTR/DEUTH02616724361X,59.67,0.0,0.0,2999.0,1253.0,310.493,5.967,0.0,0.0,prepaid,1.193,182.0,0.0,0.0,0.0,214.76,-1150.107,"",'133184244890098257503,2026-06-16,11180085961,de8b4a60-b3b3-4ad1-8f9a-b92813fce35c,100167513540,Reverse,100125356649,100125356649,11504,1193.33,5.0,1575.0,0.0,1575.0,return_refund,0.0,0.0,0.0,0.0,0.0,0.0,0.0,0.0,NA,0,1424.0
NFT-/XUTR/DEUTH02616724361X,25.14,0.0,0.0,1999.0,528.0,24.922,2.514,0.0,0.0,prepaid,0.503,0.0,0.0,7.0,0.0,8.26,491.801,"",'133169233938748452501,2026-06-16,11175045363,83a493e9-c912-4fec-ad15-efd9dda86203,"",Forward,100120316052,100120316052,11504,502.86,5.0,1377.0,0.0,1377.0,packet_delivered,0.0,0.0,0.0,0.0,0.0,0.0,0.0,0.0,NA,0,622.0
NFT-/XUTR/DEUTH02616724361X,40.71,0.0,0.0,1999.0,805.0,208.978,3.833,0.0,0.0,prepaid,0.767,0.0,0.0,29.187,1.127,35.77052,555.651,"",'133182842342654924603,2026-06-16,11179285670,b752ad59-8643-43e7-a6ba-e6d00129d8bc,"",Forward,100124556358,1000035396186,11504,814.29,5.0,1050.0,50.0,1100.0,packet_delivered,0.0,0.0,0.0,0.0,0.0,0.0,0.0,0.0,NA,0,949.0
NFT-/XUTR/DEUTH02616724361X,50.43,0.0,0.0,1850.0,1009.0,238.124,4.805,0.0,0.0,prepaid,0.961,0.0,0.0,46.687,0.0,55.09066,710.019,"",'133184919820133440503,2026-06-16,11180422462,bc7c4c79-044d-40ea-b567-cb24da6bb498,"",Forward,100125693150,100125693150,11504,1008.57,5.0,620.0,50.0,670.0,packet_delivered,0.0,0.0,0.0,0.0,0.0,0.0,0.0,0.0,NA,0,1230.0
NFT-/XUTR/DEUTH02616724361X,98.48,0.0,0.0,3499.0,2068.0,488.048,9.848,0.0,0.0,prepaid,1.97,0.0,0.0,65.0,2.895,80.1161,1488.018,"",'133185228388785268501,2026-06-16,11180568819,4320e9d1-84a7-458a-a2e0-e49492451b9d,"",Forward,100125839507,100125839507,11504,1969.52,5.0,1225.0,0.0,1225.0,packet_delivered,0.0,0.0,0.0,0.0,0.0,0.0,0.0,0.0,NA,0,2274.0
NFT-/XUTR/DEUTH02616724361X,38.33,0.0,0.0,1799.0,805.0,208.978,3.833,0.0,0.0,prepaid,0.767,0.0,0.0,31.0,2.013,38.95534,552.467,"",'133207369068862287501,2026-06-16,11192015229,b7279e6f-0c2e-4565-b664-72e3f44a9594,"",Forward,100137285915,1000037188354,11504,766.67,5.0,900.0,0.0,900.0,packet_delivered,0.0,0.0,0.0,0.0,0.0,0.0,0.0,0.0,NA,0,899.0
NFT-/XUTR/DEUTH02616724361X,75.48,0.0,0.0,3699.0,1585.0,355.357,7.548,0.0,0.0,prepaid,1.51,0.0,0.0,49.0,0.0,57.82,1162.765,"",'133202562438454516301,2026-06-16,11190192357,d1a08641-f500-4b04-998c-fdcba58cbbc5,"",Forward,100135463042,100135463042,11504,1509.52,5.0,1943.0,0.0,1943.0,packet_delivered,0.0,0.0,0.0,0.0,0.0,0.0,0.0,0.0,NA,0,1756.0
NFT-/XUTR/DEUTH02616724361X,44.76,0.0,0.0,2999.0,940.0,244.024,4.476,0.0,0.0,prepaid,0.895,0.0,0.0,27.0,8.084,41.39912,649.206,"",'133166776811657943003,2026-06-16,11174252621,4ea02a33-2d24-48b8-ba8e-04cdbde25321,"",Forward,100119523310,100119523310,11504,895.24,5.0,1888.0,0.0,1888.0,packet_delivered,0.0,0.0,0.0,0.0,0.0,0.0,0.0,0.0,NA,0,1111.0
NFT-/XUTR/DEUTH02616724361X,31.19,0.0,0.0,1499.0,655.0,170.038,3.119,0.0,0.0,prepaid,0.624,0.0,0.0,31.0,0.0,36.58,444.639,"",'133181672379284247203,2026-06-16,11178614402,a9a17337-1ffa-411e-888e-21f8e391d819,"",Forward,100123885090,100123885090,11504,623.81,5.0,750.0,0.0,750.0,packet_delivered,0.0,0.0,0.0,0.0,0.0,0.0,0.0,0.0,NA,0,749.0
NFT-/XUTR/DEUTH02616724361X,70.38,0.0,0.0,3299.0,1478.0,366.248,7.038,0.0,0.0,prepaid,1.408,0.0,0.0,49.0,0.0,57.82,1045.486,"",'133181975439466422803,2026-06-16,11178759794,b14505d8-d498-4e88-9bbf-d0360ee2afd6,"",Forward,100124030482,100124030482,11504,1407.62,5.0,1650.0,0.0,1650.0,packet_delivered,0.0,0.0,0.0,0.0,0.0,0.0,0.0,0.0,NA,0,1649.0
NFT-/XUTR/DEUTH02616724361X,33.91,0.0,0.0,1699.0,701.0,181.98,3.338,0.0,0.0,prepaid,0.668,0.0,0.0,30.521,4.697,41.55724,473.457,"",'133179310066728863303,2026-06-16,11177692632,75f6a0c9-294a-48d9-a978-ee4d7f0beffc,"",Forward,100122963320,1000034318655,11504,678.1,5.0,893.0,11.0,904.0,packet_delivered,0.0,0.0,0.0,0.0,0.0,0.0,0.0,0.0,NA,0,806.01
NFT-/XUTR/DEUTH02616724361X,33.67,0.0,0.0,1599.0,707.0,183.537,3.367,0.0,0.0,prepaid,0.673,0.0,0.0,31.0,0.0,36.58,482.843,"",'133179280849505305103,2026-06-16,11177676827,0914270b-582c-4f50-ab38-86bcda8111c8,"",Forward,100122947515,100122947515,11504,673.33,5.0,798.0,0.0,798.0,packet_delivered,0.0,0.0,0.0,0.0,0.0,0.0,0.0,0.0,NA,0,801.0
NFT-/XUTR/DEUTH02616724361X,25.38,0.0,0.0,1650.0,533.0,37.736,2.538,0.0,0.0,prepaid,0.508,127.0,0.0,0.0,0.0,149.86,-642.078,"",'133196613155449270701,2026-06-16,11187750884,2e1b47ea-131a-48bf-af33-01ac726b5756,100169214027,Reverse,100133021571,100133021571,11504,507.62,5.0,1023.0,0.0,1023.0,return_refund,0.0,0.0,0.0,0.0,0.0,0.0,0.0,0.0,NA,0,627.0
NFT-/XUTR/DEUTH02616724361X,46.1,0.0,0.0,2399.0,940.0,244.024,4.476,0.0,0.0,prepaid,0.895,176.735,0.0,0.0,0.0,208.5473,-899.152,"",'133181626965677789103,2026-06-16,11178594921,79f19f5c-09df-431c-9b1d-586a3a622fe6,100167321877,Reverse,100123865609,1000035457283,11504,921.9,5.0,1260.0,28.0,1288.0,return_refund,0.0,0.0,0.0,0.0,0.0,0.0,0.0,0.0,NA,0,1139.0
NFT-/XUTR/DEUTH02616724361X,36.05,0.0,0.0,1699.0,714.0,185.354,3.4,0.0,0.0,prepaid,0.68,0.0,0.0,29.239,0.0,34.50202,490.064,"",'133182527555090659003,2026-06-16,11179079742,0758eb93-648a-4aab-aa76-db4fbef9cb35,"",Forward,100124350429,1000034520515,11504,720.95,5.0,848.0,43.0,891.0,packet_delivered,0.0,0.0,0.0,0.0,0.0,0.0,0.0,0.0,NA,0,851.0
NFT-/XUTR/DEUTH02616724361X,59.67,0.0,0.0,2999.0,1253.0,310.493,5.967,0.0,0.0,prepaid,1.193,182.0,0.0,0.0,0.0,214.76,-1150.107,"",'133185304139891643301,2026-06-16,11180605292,dd7c0da1-bfca-4654-adc4-df5170187e74,100168032800,Reverse,100125875980,100125875980,11504,1193.33,5.0,1575.0,0.0,1575.0,return_refund,0.0,0.0,0.0,0.0,0.0,0.0,0.0,0.0,NA,0,1424.0
NFT-/XUTR/DEUTH02616724361X,36.19,0.0,0.0,1799.0,760.0,197.296,3.619,0.0,0.0,prepaid,0.724,0.0,0.0,31.0,0.0,36.58,521.781,"",'133182770891767178003,2026-06-16,11179240424,22d8649c-eefe-4a1a-9f0a-22c4817e8b8f,"",Forward,100124511112,100124511112,11504,723.81,5.0,945.0,0.0,945.0,packet_delivered,0.0,0.0,0.0,0.0,0.0,0.0,0.0,0.0,NA,0,854.0
NFT-/XUTR/DEUTH02616724361X,17.86,0.0,0.0,1799.0,375.0,17.7,1.786,0.0,0.0,prepaid,0.357,0.0,0.0,0.0,3.787,4.46866,350.688,"",'133114958821426406101,2026-06-16,11157412750,e0a68a4d-0513-4c6c-ab5e-6eac156a0d92,"",Forward,100102683453,1000030333317,11504,357.14,5.0,1330.0,0.0,1330.0,packet_delivered,0.0,0.0,0.0,0.0,0.0,0.0,0.0,0.0,NA,0,469.0
NFT-/XUTR/DEUTH02616724361X,68.71,0.0,0.0,3399.0,1443.0,357.575,6.871,0.0,0.0,prepaid,1.374,106.0,0.0,0.0,0.0,125.08,-1202.26,"",'133204352472510193303,2026-06-16,11191328916,cee8ff3b-20d6-4186-87de-b063714cf442,11191328916,Reverse,100136599602,1000038457714,11504,1374.29,5.0,1785.0,0.0,1785.0,exchange,0.0,0.0,0.0,0.0,0.0,0.0,0.0,0.0,NA,0,1614.0
NFT-/XUTR/DEUTH02616724361X,43.95,0.0,0.0,1750.0,923.0,203.06,4.395,0.0,0.0,prepaid,0.879,0.0,0.0,27.0,0.0,31.86,682.806,"",'133183531641870458903,2026-06-16,11179704267,2e340a8e-7cb2-4188-8a63-1c9be3384575,"",Forward,100124974955,100124974955,11504,879.05,5.0,656.0,0.0,656.0,packet_delivered,0.0,0.0,0.0,0.0,0.0,0.0,0.0,0.0,NA,0,1094.0
NFT-/XUTR/DEUTH02616724361X,38.33,0.0,0.0,1799.0,805.0,208.978,3.833,0.0,0.0,prepaid,0.767,106.0,0.0,0.0,0.0,125.08,-716.502,"",'133207369068862287501,2026-06-16,11192015229,b7279e6f-0c2e-4565-b664-72e3f44a9594,11192015229,Reverse,100137285915,1000037188354,11504,766.67,5.0,900.0,0.0,900.0,exchange,0.0,0.0,0.0,0.0,0.0,0.0,0.0,0.0,NA,0,899.0
NFT-/XUTR/DEUTH02616724361X,97.29,0.0,0.0,2999.0,2043.0,482.148,9.729,0.0,0.0,prepaid,1.946,0.0,0.0,65.0,0.0,76.7,1472.477,"",'133204607984790133203,2026-06-16,11191506905,2274e224-4c1a-481b-865b-7e81ffa6a719,"",Forward,100136777591,100136777591,11504,1945.71,5.0,750.0,0.0,750.0,packet_delivered,0.0,0.0,0.0,0.0,0.0,0.0,0.0,0.0,NA,0,2249.0
NFT-/XUTR/DEUTH02616724361X,36.19,0.0,0.0,1799.0,760.0,197.296,3.619,0.0,0.0,prepaid,0.724,106.0,0.0,0.0,0.0,125.08,-683.441,"",'133204549274862054801,2026-06-16,11191465954,60701f02-a762-482a-8b46-41b5d1384238,11191465954,Reverse,100136736640,1000036970660,11504,723.81,5.0,945.0,0.0,945.0,exchange,0.0,0.0,0.0,0.0,0.0,0.0,0.0,0.0,NA,0,854.0
NFT-/XUTR/DEUTH02616724361X,37.33,0.0,0.0,1850.0,784.0,203.526,3.733,0.0,0.0,prepaid,0.747,106.0,0.0,0.0,0.0,125.08,-701.074,"",'133204549274862054801,2026-06-16,11191465957,60701f02-a762-482a-8b46-41b5d1384238,11191465957,Reverse,100136736643,1000036970660,11504,746.67,5.0,972.0,0.0,972.0,exchange,0.0,0.0,0.0,0.0,0.0,0.0,0.0,0.0,NA,0,878.0
NFT-/XUTR/DEUTH02616724361X,82.29,0.0,0.0,4499.0,1728.0,345.6,8.229,0.0,0.0,prepaid,1.646,0.0,0.0,61.0,0.0,71.98,1300.545,"",'133208180159949411503,2026-06-16,11192322988,98f605ab-1457-4552-9857-ba956d243c48,"",Forward,100137593674,100137593674,11504,1645.71,5.0,2565.0,0.0,2565.0,packet_delivered,0.0,0.0,0.0,0.0,0.0,0.0,0.0,0.0,NA,0,1934.0
NFT-/XUTR/DEUTH02616724361X,31.62,0.0,0.0,2599.0,664.0,1.1102230246251565E-16,3.162,0.0,0.0,prepaid,0.632,182.0,0.0,0.0,0.0,214.76,-874.966,"",'133182053060120058403,2026-06-16,11178801042,23e4be49-0b4e-4b0a-88d5-c017c8d2c6e3,100168041541,Reverse,100124071730,1000035384159,11504,632.38,5.0,1841.0,0.0,1841.0,return_refund,0.0,0.0,0.0,0.0,0.0,0.0,0.0,0.0,NA,0,758.0
NFT-/XUTR/DEUTH02616724361X,28.81,0.0,0.0,1399.0,605.0,157.058,2.881,0.0,0.0,prepaid,0.576,182.0,0.0,0.0,0.0,214.76,-659.245,"",'133184965017254773101,2026-06-16,11180444050,6a7bb599-e3a2-41c2-a2db-73c26541b9b7,11180444050,Reverse,100125714738,1000035430603,11504,576.19,5.0,700.0,0.0,700.0,exchange,0.0,0.0,0.0,0.0,0.0,0.0,0.0,0.0,NA,0,699.0
NFT-/XUTR/DEUTH02616724361X,60.86,0.0,0.0,2899.0,1278.0,316.688,6.086,0.0,0.0,prepaid,1.217,0.0,0.0,49.0,0.0,57.82,896.189,"",'133194093410976720001,2026-06-16,11185991783,64c3c07e-4cce-445a-90ea-3c2b9bb4e607,"",Forward,100131262470,100131262470,11504,1217.14,5.0,1450.0,0.0,1450.0,packet_delivered,0.0,0.0,0.0,0.0,0.0,0.0,0.0,0.0,NA,0,1449.0
