NEFT_Ref,igst_amount,cgst_amount,sgst_amount,MRP,customer_paid_amt,Commission,IGST_TCS,CGST_TCS,SGST_TCS,Payment_Type,TDS,Shipping_Fee,pick_and_pack_fee,fixed_fee,Payment_Gateway_Fee,Logistics_Commission,Settled_Amount,NOD_Comment,Store_Order_id,Payment_Date,order_line_id,seller_order_id,return_id,Order_Type,order_release_id,Packet_Id,Seller_Id,taxable_amount,Tax_Rate,seller_discount,platform_discount,total_discount,comments,fwdAdditionalCharges,rvsAdditionalCharges,techEnablement,airLogistics,royaltyCharges,royaltyPercent,marketingCharges,marketingPercent,marketingContribution,commission_discount,sale_Total_Customer_Paid
NFT-/XUTR/DEUTH02616883380X,35.67,0.0,0.0,1999.0,749.0,194.44,3.567,0.0,0.0,prepaid,0.713,182.0,0.0,0.0,0.0,214.76,-765.04,"",'133190029802748840103,2026-06-17,11183148167,a50711d7-619b-4b54-9f23-4a6c1ccecec7,100168041359,Reverse,100128418855,100128418855,11504,713.33,5.0,1156.0,0.0,1156.0,return_refund,0.0,0.0,0.0,0.0,0.0,0.0,0.0,0.0,NA,0,843.0
NFT-/XUTR/DEUTH02616883380X,33.81,0.0,0.0,3499.0,710.0,184.316,3.381,0.0,0.0,prepaid,0.676,0.0,0.0,31.0,5.964,43.61752,478.009,"",'133187258114738664601,2026-06-17,11181939916,2a4d1769-ca04-425a-a1a1-9a40e900b1af,"",Forward,100127210604,100127210604,11504,676.19,5.0,2695.0,0.0,2695.0,packet_delivered,0.0,0.0,0.0,0.0,0.0,0.0,0.0,0.0,NA,0,804.0
NFT-/XUTR/DEUTH02616883380X,36.0,0.0,0.0,2799.0,756.0,196.258,3.6,0.0,0.0,prepaid,0.72,0.0,0.0,31.0,0.0,36.58,518.842,"",'133192165712358281201,2026-06-17,11184700817,3fce93df-ca48-4e7c-8860-7633dc262121,"",Forward,100129971505,100129971505,11504,720,5.0,1949.0,0.0,1949.0,packet_delivered,0.0,0.0,0.0,0.0,0.0,0.0,0.0,0.0,NA,0,850.0
NFT-/XUTR/DEUTH02616883380X,27.33,0.0,0.0,1699.0,574.0,149.01,2.733,0.0,0.0,prepaid,0.547,0.0,0.0,31.0,0.0,36.58,385.13,"",'133182398774883763803,2026-06-17,11178998415,b417f8b9-9ba5-47c2-a44f-8878ba3d0e6f,"",Forward,100124269103,1000034503207,11504,546.67,5.0,1031.0,0.0,1031.0,packet_delivered,0.0,0.0,0.0,0.0,0.0,0.0,0.0,0.0,NA,0,668.0
NFT-/XUTR/DEUTH02616883380X,70.38,0.0,0.0,3299.0,1478.0,366.248,7.038,0.0,0.0,prepaid,1.408,0.0,0.0,49.0,0.0,57.82,1045.486,"",'133220437176653415303,2026-06-17,11197709769,699bb7fb-0f89-4680-a29c-b7a421053ee6,"",Forward,100142980455,100142980455,11504,1407.62,5.0,1650.0,0.0,1650.0,packet_delivered,0.0,0.0,0.0,0.0,0.0,0.0,0.0,0.0,NA,0,1649.0
NFT-/XUTR/DEUTH02616883380X,60.86,0.0,0.0,2899.0,1278.0,316.688,6.086,0.0,0.0,prepaid,1.217,106.0,0.0,0.0,0.0,125.08,-1079.089,"",'133213592763563770903,2026-06-17,11195733166,342d691b-cc74-4eed-85c7-b457936d51f6,100168684293,Reverse,100141003852,100141003852,11504,1217.14,5.0,1450.0,0.0,1450.0,return_refund,0.0,0.0,0.0,0.0,0.0,0.0,0.0,0.0,NA,0,1449.0
NFT-/XUTR/DEUTH02616883380X,56.1,0.0,0.0,2699.0,1020.999,253.003,4.862,0.0,0.0,prepaid,0.972,0.0,0.0,42.469,0.0,50.11342,712.049,"",'133186016702957433801,2026-06-17,11180955669,80a77a01-a85b-4e81-b11d-aacf2e3c9f5a,"",Forward,100126226357,100126226357,11504,1121.9,5.0,1350.0,157.0,1507.0,packet_delivered,0.0,0.0,0.0,0.0,0.0,0.0,0.0,0.0,NA,0,1349.0
NFT-/XUTR/DEUTH02616883380X,63.24,0.0,0.0,2999.0,1328.0,329.078,6.324,0.0,0.0,prepaid,1.265,127.0,0.0,0.0,0.0,149.86,-1141.193,"",'133194615313762922603,2026-06-17,11186316951,a54a93b6-1ba9-45a0-8084-7aedbd7ad30a,100168058365,Reverse,100131587638,100131587638,11504,1264.76,5.0,1500.0,0.0,1500.0,return_refund,0.0,0.0,0.0,0.0,0.0,0.0,0.0,0.0,NA,0,1499.0
NFT-/XUTR/DEUTH02616883380X,29.24,0.0,0.0,1799.0,614.0,159.394,2.924,0.0,0.0,prepaid,0.585,0.0,0.0,31.0,0.0,36.58,414.517,"",'133186807970552040301,2026-06-17,11181447957,0ad47cc1-1b15-4505-acb2-dc90edd6b83f,"",Forward,100126718645,100126718645,11504,584.76,5.0,1091.0,0.0,1091.0,packet_delivered,0.0,0.0,0.0,0.0,0.0,0.0,0.0,0.0,NA,0,708.0
NFT-/XUTR/DEUTH02616883380X,35.95,0.0,0.0,1699.0,755.0,195.998,3.595,0.0,0.0,prepaid,0.719,182.0,0.0,0.0,0.0,214.76,-769.448,"",'133189484987850757103,2026-06-17,11182967452,9245a26b-dd85-4f07-84c3-ada39bf1a6df,100168050563,Reverse,100128238140,100128238140,11504,719.05,5.0,850.0,0.0,850.0,return_refund,0.0,0.0,0.0,0.0,0.0,0.0,0.0,0.0,NA,0,849.0
NFT-/XUTR/DEUTH02616883380X,43.1,0.0,0.0,2499.0,905.0,234.938,4.31,0.0,0.0,prepaid,0.862,0.0,0.0,31.0,0.0,36.58,628.31,"",'133184126073961843101,2026-06-17,11180023681,c1c19eca-6b7c-44c7-b989-4917263b1ccf,"",Forward,100125294369,1000035397916,11504,861.9,5.0,1500.0,0.0,1500.0,packet_delivered,0.0,0.0,0.0,0.0,0.0,0.0,0.0,0.0,NA,0,999.0
NFT-/XUTR/DEUTH02616883380X,43.1,0.0,0.0,1999.0,905.0,234.938,4.31,0.0,0.0,prepaid,0.862,0.0,0.0,31.0,3.167,40.31706,624.573,"",'133208705964372902801,2026-06-17,11192631623,279bdfac-0cd2-45da-9707-4a58f20a6bb7,"",Forward,100137902309,100137902309,11504,861.9,5.0,1000.0,0.0,1000.0,packet_delivered,0.0,0.0,0.0,0.0,0.0,0.0,0.0,0.0,NA,0,999.0
NFT-/XUTR/DEUTH02616883380X,75.24,0.0,0.0,3499.0,1580.0,316.0,7.524,0.0,0.0,prepaid,1.505,182.0,0.0,0.0,0.0,214.76,-1469.731,"",'133184666717938148901,2026-06-17,11180300988,db24bc1b-756c-4a1d-a6e5-17d6a3894024,11180300988,Reverse,100125571676,100125571676,11504,1504.76,5.0,1748.0,0.0,1748.0,exchange,0.0,0.0,0.0,0.0,0.0,0.0,0.0,0.0,NA,0,1751.0
NFT-/XUTR/DEUTH02616883380X,19.1,0.0,0.0,1599.0,401.00000000000006,18.927,1.91,0.0,0.0,prepaid,0.382,106.0,0.0,0.0,0.0,125.08,-504.861,"",'133211757104860448103,2026-06-17,11194554643,78ee88f4-610f-40a2-adea-dd94af3bee4b,11194554643,Reverse,100139825329,1000038481017,11504,381.9,5.0,1104.0,0.0,1104.0,exchange,0.0,0.0,0.0,0.0,0.0,0.0,0.0,0.0,NA,0,495.0
NFT-/XUTR/DEUTH02616883380X,29.38,0.0,0.0,1499.0,617.0,160.173,2.938,0.0,0.0,prepaid,0.588,0.0,0.0,31.0,0.0,36.58,416.721,"",'133222802970011857903,2026-06-17,11198682961,d1785ac5-2d0d-4756-b236-31feee9e1806,"",Forward,100143953646,1000039116312,11504,587.62,5.0,788.0,0.0,788.0,packet_delivered,0.0,0.0,0.0,0.0,0.0,0.0,0.0,0.0,NA,0,711.0
NFT-/XUTR/DEUTH02616883380X,44.19,0.0,0.0,2199.0,928.0,240.909,4.419,0.0,0.0,prepaid,0.884,0.0,0.0,31.0,4.918,42.38324,639.405,"",'133217284707374741803,2026-06-17,11196398804,e1d5bd35-d02d-4ed7-8ef6-f4bda5c94ae6,"",Forward,100141669490,100141669490,11504,883.81,5.0,1100.0,0.0,1100.0,packet_delivered,0.0,0.0,0.0,0.0,0.0,0.0,0.0,0.0,NA,0,1099.0
NFT-/XUTR/DEUTH02616883380X,59.67,0.0,0.0,2999.0,1253.0,310.493,5.967,0.0,0.0,prepaid,1.193,0.0,0.0,49.0,0.0,57.82,877.527,"",'133192404370397144401,2026-06-17,11184875720,13014bdc-7d11-439a-86b7-44da21a0f5cf,"",Forward,100130146407,100130146407,11504,1193.33,5.0,1575.0,0.0,1575.0,packet_delivered,0.0,0.0,0.0,0.0,0.0,0.0,0.0,0.0,NA,0,1424.0
NFT-/XUTR/DEUTH02616883380X,59.67,0.0,0.0,2999.0,1253.0,310.493,5.967,0.0,0.0,prepaid,1.193,0.0,0.0,49.0,1.88,60.0384,875.309,"",'133220239824842066003,2026-06-17,11197623712,cafc4693-81f7-49f8-9e1e-3714cc31edcf,"",Forward,100142894398,100142894398,11504,1193.33,5.0,1575.0,0.0,1575.0,packet_delivered,0.0,0.0,0.0,0.0,0.0,0.0,0.0,0.0,NA,0,1424.0
NFT-/XUTR/DEUTH02616883380X,38.1,0.0,0.0,2999.0,800.0,207.68,3.81,0.0,0.0,prepaid,0.762,182.0,0.0,0.0,0.0,214.76,-802.508,"",'133142187706932236201,2026-06-17,11166711340,6439ff65-eb58-49fc-8754-4ad6dc1ed499,100173811462,Reverse,100111982035,100111982035,11504,761.9,5.0,2105.0,0.0,2105.0,return_refund,0.0,0.0,0.0,0.0,0.0,0.0,0.0,0.0,NA,0,894.0
NFT-/XUTR/DEUTH02616883380X,31.52,0.0,0.0,1990.0,662.0,171.855,3.152,0.0,0.0,prepaid,0.63,182.0,0.0,0.0,0.0,214.76,-701.123,"",'133192959038118894301,2026-06-17,11185280179,bf2b6da7-afc5-4902-97bd-836cc6cb9739,100167869594,Reverse,100130550866,1000036435005,11504,630.48,5.0,1234.0,0.0,1234.0,return_refund,0.0,0.0,0.0,0.0,0.0,0.0,0.0,0.0,NA,0,756.0
NFT-/XUTR/DEUTH02616883380X,43.1,0.0,0.0,2499.0,905.0,234.938,4.31,0.0,0.0,prepaid,0.862,182.0,0.0,0.0,0.0,214.76,-879.65,"",'133184126073961843101,2026-06-17,11180023681,c1c19eca-6b7c-44c7-b989-4917263b1ccf,100167901120,Reverse,100125294369,1000035397916,11504,861.9,5.0,1500.0,0.0,1500.0,return_refund,0.0,0.0,0.0,0.0,0.0,0.0,0.0,0.0,NA,0,999.0
NFT-/XUTR/DEUTH02616883380X,37.19,0.0,0.0,1750.0,764.0,198.334,3.638,0.0,0.0,prepaid,0.728,0.0,0.0,30.325,0.0,35.7835,525.517,"",'133186292994076904603,2026-06-17,11181106148,a0a1a741-f52e-4c90-b9d7-163121c5dd98,"",Forward,100126376836,1000034936941,11504,743.81,5.0,875.0,17.0,892.0,packet_delivered,0.0,0.0,0.0,0.0,0.0,0.0,0.0,0.0,NA,0,875.0
NFT-/XUTR/DEUTH02616883380X,40.33,0.0,0.0,2899.0,187.208,48.599,0.891,0.0,0.0,prepaid,0.178,0.0,0.0,6.852,0.0,8.08536,129.455,"",'133192447161892755901,2026-06-17,11184907844,64862533-17b8-4e34-b614-3a28f0c74073,"",Forward,100130178532,100130178532,11504,806.67,5.0,1881.0,0.0,1881.0,packet_delivered,0.0,0.0,0.0,0.0,0.0,0.0,0.0,0.0,NA,0,1018.0
NFT-/XUTR/DEUTH02616883380X,37.38,0.0,0.0,2199.0,785.0,203.786,3.738,0.0,0.0,prepaid,0.748,182.0,0.0,0.0,0.0,214.76,-791.488,"",'133183523286005420001,2026-06-17,11179699954,6bfeb296-f137-4dfa-a0c0-cdcce3b6fa48,100167936946,Reverse,100124970642,1000035416430,11504,747.62,5.0,1320.0,0.0,1320.0,return_refund,0.0,0.0,0.0,0.0,0.0,0.0,0.0,0.0,NA,0,879.0
NFT-/XUTR/DEUTH02616883380X,41.19,0.0,0.0,2399.0,836.0,217.026,3.981,0.0,0.0,prepaid,0.796,0.0,0.0,29.961,13.125,50.84148,563.356,"",'133187246139017954003,2026-06-17,11181919777,241dd5a1-fa55-4f6d-a2d5-52910915982d,"",Forward,100127190465,1000036393580,11504,823.81,5.0,1440.0,29.0,1469.0,packet_delivered,0.0,0.0,0.0,0.0,0.0,0.0,0.0,0.0,NA,0,959.0
NFT-/XUTR/DEUTH02616883380X,59.67,0.0,0.0,2999.0,487.90000000000003,120.901,2.323,0.0,0.0,prepaid,0.465,49.452,0.0,0.0,0.0,58.35336,-422.564,"",'133203545478542286201,2026-06-17,11190733554,2936380f-4eef-4545-9194-261ef30c9995,11190733554,Reverse,100136004240,100136004240,11504,1193.33,5.0,1575.0,0.0,1575.0,exchange,0.0,0.0,0.0,0.0,0.0,0.0,0.0,0.0,NA,0,1424.0
NFT-/XUTR/DEUTH02616883380X,38.38,0.0,0.0,1799.0,806.0,177.32,3.838,0.0,0.0,prepaid,0.768,0.0,0.0,27.0,1.29,33.3822,590.692,"",'133184362852994043901,2026-06-17,11180148481,f42fde77-5b97-4fcc-befb-6932a38cb148,"",Forward,100125419169,100125419169,11504,767.62,5.0,899.0,0.0,899.0,packet_delivered,0.0,0.0,0.0,0.0,0.0,0.0,0.0,0.0,NA,0,900.0
NFT-/XUTR/DEUTH02616883380X,68.71,0.0,0.0,3399.0,1443.0,357.575,6.871,0.0,0.0,prepaid,1.374,0.0,0.0,49.0,0.0,57.82,1019.36,"",'133192786038284336103,2026-06-17,11185158058,733c8681-fab0-4de9-b1eb-139b9348a3c6,"",Forward,100130428746,100130428746,11504,1374.29,5.0,1785.0,0.0,1785.0,packet_delivered,0.0,0.0,0.0,0.0,0.0,0.0,0.0,0.0,NA,0,1614.0
NFT-/XUTR/DEUTH02616883380X,77.76,0.0,0.0,1899.0,1633.0,385.388,7.776,0.0,0.0,prepaid,1.555,0.0,0.0,49.0,0.0,57.82,1180.461,"",'133212642095329668001,2026-06-17,11195141941,3632e977-6a35-4833-a827-315088e85436,"",Forward,100140412627,100140412627,11504,1555.24,5.0,95.0,0.0,95.0,packet_delivered,0.0,0.0,0.0,0.0,0.0,0.0,0.0,0.0,NA,0,1804.0
NFT-/XUTR/DEUTH02616883380X,97.81,0.0,0.0,3399.0,2054.0,484.744,9.781,0.0,0.0,prepaid,1.956,0.0,0.0,65.0,0.0,76.7,1480.819,"",'133191187442356727503,2026-06-17,11183920265,71f41d3a-e110-4a86-a717-828486ab1793,"",Forward,100129190953,100129190953,11504,1956.19,5.0,1139.0,0.0,1139.0,packet_delivered,0.0,0.0,0.0,0.0,0.0,0.0,0.0,0.0,NA,0,2260.0
NFT-/XUTR/DEUTH02616883380X,0.0,24.57,24.57,1850.0,1032.0,243.552,0.0,2.457,2.457,prepaid,0.983,0.0,0.0,49.0,0.0,57.82,724.731,"",'133214012605082639601,2026-06-17,11195823303,49d978b4-bc54-4cc5-a6ea-11df5a2a24fd,"",Forward,100141093989,1000038496496,11504,982.86,5.0,647.0,0.0,647.0,packet_delivered,0.0,0.0,0.0,0.0,0.0,0.0,0.0,0.0,NA,0,1203.0
NFT-/XUTR/DEUTH02616883380X,63.24,0.0,0.0,2999.0,1328.0,329.078,6.324,0.0,0.0,prepaid,1.265,0.0,0.0,49.0,0.0,57.82,933.513,"",'133208917667045323303,2026-06-17,11192769515,8c5c3f81-2e86-41fe-b510-0568a6328409,"",Forward,100138040201,1000038469092,11504,1264.76,5.0,1500.0,0.0,1500.0,packet_delivered,0.0,0.0,0.0,0.0,0.0,0.0,0.0,0.0,NA,0,1499.0
NFT-/XUTR/DEUTH02616883380X,42.62,0.0,0.0,2999.0,895.0,232.342,4.262,0.0,0.0,prepaid,0.852,0.0,0.0,31.0,0.0,36.58,620.964,"",'133212564710417778501,2026-06-17,11195085768,134eb5a5-929f-4e1d-b8b6-4dcfe803bbce,"",Forward,100140356454,1000039421096,11504,852.38,5.0,2010.0,0.0,2010.0,packet_delivered,0.0,0.0,0.0,0.0,0.0,0.0,0.0,0.0,NA,0,989.0
NFT-/XUTR/DEUTH02616883380X,48.95,0.0,0.0,2399.0,995.0,199.0,4.738,0.0,0.0,prepaid,0.948,0.0,0.0,43.555,0.0,51.3949,738.919,"",'133220619546649778101,2026-06-17,11197788749,6d18bb2b-208f-4290-b340-276b0efe8d7f,"",Forward,100143059434,100143059434,11504,979.05,5.0,1200.0,33.0,1233.0,packet_delivered,0.0,0.0,0.0,0.0,0.0,0.0,0.0,0.0,NA,0,1199.0
NFT-/XUTR/DEUTH02616883380X,37.33,0.0,0.0,1850.0,784.0,203.526,3.733,0.0,0.0,prepaid,0.747,182.0,0.0,0.0,0.0,214.76,-790.754,"",'133192570180077116801,2026-06-17,11185003984,7e7890f5-0a93-4c7e-93df-8fa94444c155,100168147785,Reverse,100130274673,100130274673,11504,746.67,5.0,972.0,0.0,972.0,return_refund,0.0,0.0,0.0,0.0,0.0,0.0,0.0,0.0,NA,0,878.0
NFT-/XUTR/DEUTH02616883380X,72.76,0.0,0.0,3399.0,1528.0,378.638,7.276,0.0,0.0,prepaid,1.455,0.0,0.0,49.0,10.696,70.44128,1070.19,"",'133183544657808192401,2026-06-17,11179711221,0ef42d95-9e73-40f8-8a15-d19aca2d0715,"",Forward,100124981909,100124981909,11504,1455.24,5.0,1700.0,0.0,1700.0,packet_delivered,0.0,0.0,0.0,0.0,0.0,0.0,0.0,0.0,NA,0,1699.0
NFT-/XUTR/DEUTH02616883380X,35.95,0.0,0.0,1699.0,755.0,195.998,3.595,0.0,0.0,prepaid,0.719,0.0,0.0,31.0,0.0,36.58,518.108,"",'133189484987850757103,2026-06-17,11182967452,9245a26b-dd85-4f07-84c3-ada39bf1a6df,"",Forward,100128238140,100128238140,11504,719.05,5.0,850.0,0.0,850.0,packet_delivered,0.0,0.0,0.0,0.0,0.0,0.0,0.0,0.0,NA,0,849.0
NFT-/XUTR/DEUTH02616883380X,19.1,0.0,0.0,1599.0,401.0,18.927,1.91,0.0,0.0,prepaid,0.382,0.0,0.0,18.0,0.0,21.24,358.541,"",'133211757104860448103,2026-06-17,11194554643,78ee88f4-610f-40a2-adea-dd94af3bee4b,"",Forward,100139825329,1000038481017,11504,381.9,5.0,1104.0,0.0,1104.0,packet_delivered,0.0,0.0,0.0,0.0,0.0,0.0,0.0,0.0,NA,0,495.0
NFT-/XUTR/DEUTH02616883380X,48.95,0.0,0.0,2399.0,995.0,199.0,4.738,0.0,0.0,prepaid,0.948,102.597,0.0,0.0,0.0,121.06446,-911.378,"",'133220619546649778101,2026-06-17,11197788749,6d18bb2b-208f-4290-b340-276b0efe8d7f,100168086064,Reverse,100143059434,100143059434,11504,979.05,5.0,1200.0,33.0,1233.0,return_refund,0.0,0.0,0.0,0.0,0.0,0.0,0.0,0.0,NA,0,1199.0
NFT-/XUTR/DEUTH02616883380X,60.86,0.0,0.0,2899.0,1278.0,316.688,6.086,0.0,0.0,prepaid,1.217,0.0,0.0,49.0,0.0,57.82,896.189,"",'133208917667045323303,2026-06-17,11192769512,8c5c3f81-2e86-41fe-b510-0568a6328409,"",Forward,100138040198,1000038469092,11504,1217.14,5.0,1450.0,0.0,1450.0,packet_delivered,0.0,0.0,0.0,0.0,0.0,0.0,0.0,0.0,NA,0,1449.0
NFT-/XUTR/DEUTH02616883380X,93.52,0.0,0.0,3100.0,1964.0,486.679,9.352,0.0,0.0,prepaid,1.87,0.0,0.0,49.0,0.0,57.82,1408.279,"",'133195546069279498303,2026-06-17,11187047203,0a2522b1-0275-48ab-8d03-f6a2cfd8e80d,"",Forward,100132317890,1000036408265,11504,1870.48,5.0,930.0,0.0,930.0,packet_delivered,0.0,0.0,0.0,0.0,0.0,0.0,0.0,0.0,NA,0,2170.0
NFT-/XUTR/DEUTH02616883380X,59.67,0.0,0.0,2999.0,487.9,120.901,2.323,0.0,0.0,prepaid,0.465,0.0,0.0,19.08,0.0,22.5144,341.697,"",'133203545478542286201,2026-06-17,11190733554,2936380f-4eef-4545-9194-261ef30c9995,"",Forward,100136004240,100136004240,11504,1193.33,5.0,1575.0,0.0,1575.0,packet_delivered,0.0,0.0,0.0,0.0,0.0,0.0,0.0,0.0,NA,0,1424.0
NFT-/XUTR/DEUTH02616883380X,0.0,19.17,19.17,1799.0,805.0,208.978,0.0,1.9165,1.9165,prepaid,0.767,0.0,0.0,31.0,0.0,36.58,554.842,"",'133212310080483923603,2026-06-17,11194900685,a68ce133-8066-45a2-a774-e46eb808dc2e,"",Forward,100140171371,1000039402739,11504,766.66,5.0,900.0,0.0,900.0,packet_delivered,0.0,0.0,0.0,0.0,0.0,0.0,0.0,0.0,NA,0,898.9999999999999
NFT-/XUTR/DEUTH02616883380X,103.48,0.0,0.0,3399.0,2173.0,512.828,10.348,0.0,0.0,prepaid,2.07,106.0,0.0,0.0,0.0,125.08,-1772.834,"",'133213557510759900503,2026-06-17,11195720753,9f5d2d96-5f3a-4789-8217-38db58000dd3,100173765317,Reverse,100140991439,100140991439,11504,2069.52,5.0,1020.0,0.0,1020.0,return_refund,0.0,0.0,0.0,0.0,0.0,0.0,0.0,0.0,NA,0,2379.0
NFT-/XUTR/DEUTH02616883380X,33.91,0.0,0.0,1699.0,712.0,184.835,3.39,0.0,0.0,prepaid,0.678,0.0,0.0,31.0,0.0,36.58,486.517,"",'133184089329533007103,2026-06-17,11180003607,2190ba61-cb75-4925-a83e-582968e37a27,"",Forward,100125274295,1000034722450,11504,678.1,5.0,893.0,0.0,893.0,packet_delivered,0.0,0.0,0.0,0.0,0.0,0.0,0.0,0.0,NA,0,806.01
NFT-/XUTR/DEUTH02616883380X,53.33,0.0,0.0,3399.0,1120.0,277.536,5.333,0.0,0.0,prepaid,1.067,0.0,0.0,49.0,0.0,57.82,778.244,"",'133195540359008537701,2026-06-17,11187042216,353cf93d-c4f9-4a75-b32f-84f3577e9eac,"",Forward,100132312903,100132312903,11504,1066.67,5.0,2108.0,0.0,2108.0,packet_delivered,0.0,0.0,0.0,0.0,0.0,0.0,0.0,0.0,NA,0,1291.0
NFT-/XUTR/DEUTH02616883380X,31.62,0.0,0.0,1599.0,664.0,172.374,3.162,0.0,0.0,prepaid,0.632,0.0,0.0,27.0,0.0,31.86,455.972,"",'133156613269030222001,2026-06-17,11170165965,4ef650ae-b62f-479d-b22a-180b66f5e43e,"",Forward,100115436655,1000032931454,11504,632.38,5.0,841.0,0.0,841.0,packet_delivered,0.0,0.0,0.0,0.0,0.0,0.0,0.0,0.0,NA,0,758.0
NFT-/XUTR/DEUTH02616883380X,104.43,0.0,0.0,2399.0,2193.0,491.671,10.443,0.0,0.0,prepaid,2.089,0.0,0.0,65.0,0.0,76.7,1612.097,"",'133179281051575423903,2026-06-17,11177676951,43563174-60ad-49e8-9bd9-2ff1f76e6963,"",Forward,100122947639,100122947639,11504,2088.57,5.0,0.0,0.0,0.0,packet_delivered,0.0,0.0,0.0,0.0,0.0,0.0,0.0,0.0,NA,0,2399.0
NFT-/XUTR/DEUTH02616883380X,59.67,0.0,0.0,2999.0,1178.0,291.909,5.61,0.0,0.0,prepaid,1.122,119.398,0.0,0.0,0.0,140.88964,-1020.249,"",'133178490828063802703,2026-06-17,11176615183,8e85838e-b608-488b-970e-54e4dacf17fd,100169160532,Reverse,100121885871,100121885871,11504,1193.33,5.0,1575.0,75.0,1650.0,return_refund,0.0,0.0,0.0,0.0,0.0,0.0,0.0,0.0,NA,0,1424.0
NFT-/XUTR/DEUTH02616883380X,45.38,0.0,0.0,1499.0,953.0,247.399,4.538,0.0,0.0,prepaid,0.908,0.0,0.0,31.0,4.67,42.0906,658.064,"",'133192394948128189901,2026-06-17,11184868852,7225637d-66f1-4e3e-846f-2cb75d291aae,"",Forward,100130139540,1000035609862,11504,907.62,5.0,375.0,0.0,375.0,packet_delivered,0.0,0.0,0.0,0.0,0.0,0.0,0.0,0.0,NA,0,1124.0
NFT-/XUTR/DEUTH02616883380X,43.1,0.0,0.0,2799.0,905.0,234.938,4.31,0.0,0.0,prepaid,0.862,0.0,0.0,31.0,7.692,45.65656,619.233,"",'133184126073961843101,2026-06-17,11180023678,c1c19eca-6b7c-44c7-b989-4917263b1ccf,"",Forward,100125294366,1000035397916,11504,861.9,5.0,1800.0,0.0,1800.0,packet_delivered,0.0,0.0,0.0,0.0,0.0,0.0,0.0,0.0,NA,0,999.0
NFT-/XUTR/DEUTH02616883380X,60.86,0.0,0.0,2899.0,1278.0,316.688,6.086,0.0,0.0,prepaid,1.217,0.0,0.0,49.0,0.0,57.82,896.189,"",'133190551616056386701,2026-06-17,11183449818,fb42909f-e4fb-4346-8566-7ee0602daa74,"",Forward,100128720506,100128720506,11504,1217.14,5.0,1450.0,0.0,1450.0,packet_delivered,0.0,0.0,0.0,0.0,0.0,0.0,0.0,0.0,NA,0,1449.0
NFT-/XUTR/DEUTH02616883380X,35.1,0.0,0.0,1750.0,737.0,139.146,3.51,0.0,0.0,prepaid,0.702,0.0,0.0,31.0,0.0,36.58,557.062,"",'133194483720111768001,2026-06-17,11186230898,e9a2abac-249b-44da-9be3-59916b1dc8ae,"",Forward,100131501585,1000035845635,11504,701.9,5.0,919.0,0.0,919.0,packet_delivered,0.0,0.0,0.0,0.0,0.0,0.0,0.0,0.0,NA,0,831.0
NFT-/XUTR/DEUTH02616883380X,49.0,0.0,0.0,2999.0,1029.0,195.51,4.9,0.0,0.0,prepaid,0.98,0.0,0.0,45.0,0.0,53.1,774.51,"",'133201075376419540503,2026-06-17,11189278890,24a96986-0c34-439e-b3aa-5cc4dae076c7,"",Forward,100134549576,100134549576,11504,980,5.0,1799.0,0.0,1799.0,packet_delivered,0.0,0.0,0.0,0.0,0.0,0.0,0.0,0.0,NA,0,1200.0
NFT-/XUTR/DEUTH02616883380X,56.19,0.0,0.0,2999.0,1180.0,292.404,5.619,0.0,0.0,prepaid,1.124,0.0,0.0,49.0,0.0,57.82,823.033,"",'133219162815578943501,2026-06-17,11197197809,dadea03c-f27a-4d20-b2c1-ae24b5143e74,"",Forward,100142468495,100142468495,11504,1123.81,5.0,1648.0,0.0,1648.0,packet_delivered,0.0,0.0,0.0,0.0,0.0,0.0,0.0,0.0,NA,0,1351.0
NFT-/XUTR/DEUTH02616883380X,25.95,0.0,0.0,1599.0,545.0,141.482,2.595,0.0,0.0,prepaid,0.519,0.0,0.0,31.0,9.101,47.31918,353.085,"",'133187403559366214601,2026-06-17,11182179091,5b693ec9-4f4c-4931-bad7-f36776330570,"",Forward,100127449779,100127449779,11504,519.05,5.0,960.0,0.0,960.0,packet_delivered,0.0,0.0,0.0,0.0,0.0,0.0,0.0,0.0,NA,0,639.0
NFT-/XUTR/DEUTH02616883380X,37.19,0.0,0.0,1750.0,781.0,202.748,3.719,0.0,0.0,prepaid,0.744,0.0,0.0,31.0,0.0,36.58,537.209,"",'133191600685076579703,2026-06-17,11184255611,e17a0850-883a-4d27-867f-859520e9e0fc,"",Forward,100129526299,100129526299,11504,743.81,5.0,875.0,0.0,875.0,packet_delivered,0.0,0.0,0.0,0.0,0.0,0.0,0.0,0.0,NA,0,875.0
NFT-/XUTR/DEUTH02616883380X,72.76,0.0,0.0,1699.0,1528.0,360.608,7.276,0.0,0.0,prepaid,1.455,0.0,0.0,49.0,0.0,57.82,1100.841,"",'133186875742741995001,2026-06-17,11181497787,344fa7db-f79f-4dd1-a6c1-3411097d08a7,"",Forward,100126768475,100126768475,11504,1455.24,5.0,0.0,0.0,0.0,packet_delivered,0.0,0.0,0.0,0.0,0.0,0.0,0.0,0.0,NA,0,1699.0
NFT-/XUTR/DEUTH02616883380X,28.33,0.0,0.0,2299.0,595.0,28.084000000000003,2.833,0.0,0.0,prepaid,0.567,182.0,0.0,0.0,0.0,214.76,-778.276,"",'133189833806595479603,2026-06-17,11183066289,74335c87-22b7-4a33-af6d-c528b9f55e01,100168016540,Reverse,100128336977,1000036420374,11504,566.67,5.0,1610.0,0.0,1610.0,return_refund,0.0,0.0,0.0,0.0,0.0,0.0,0.0,0.0,NA,0,689.0
NFT-/XUTR/DEUTH02616883380X,40.71,0.0,0.0,1999.0,855.0,221.958,4.071,0.0,0.0,prepaid,0.814,0.0,0.0,31.0,6.071,43.74378,584.413,"",'133189833806595479603,2026-06-17,11183066284,74335c87-22b7-4a33-af6d-c528b9f55e01,"",Forward,100128336972,1000036420374,11504,814.29,5.0,1050.0,0.0,1050.0,packet_delivered,0.0,0.0,0.0,0.0,0.0,0.0,0.0,0.0,NA,0,949.0
NFT-/XUTR/DEUTH02616883380X,406.22,0.0,0.0,4099.0,2663.0,628.468,11.284,0.0,0.0,prepaid,2.257,0.0,0.0,65.0,0.0,76.7,1944.291,"",'133196209312782833201,2026-06-17,11187600924,1f3ce37b-30f7-4817-83ab-8975f85ac99c,"",Forward,100132871611,100132871611,11504,2256.78,18.0,1230.0,0.0,1230.0,packet_delivered,0.0,0.0,0.0,0.0,0.0,0.0,0.0,0.0,NA,0,2869.0
NFT-/XUTR/DEUTH02616883380X,70.38,0.0,0.0,3299.0,1478.0,366.248,7.038,0.0,0.0,prepaid,1.408,0.0,0.0,49.0,0.0,57.82,1045.486,"",'133192580567305398003,2026-06-17,11185011498,475f79f6-9ccd-437c-a659-be36389dfa01,"",Forward,100130282186,100130282186,11504,1407.62,5.0,1650.0,0.0,1650.0,packet_delivered,0.0,0.0,0.0,0.0,0.0,0.0,0.0,0.0,NA,0,1649.0
NFT-/XUTR/DEUTH02616883380X,0.0,21.55,21.55,1999.0,904.9999999999999,234.938,0.0,2.155,2.155,prepaid,0.862,106.0,0.0,0.0,0.0,125.08,-789.97,"",'133212310080483923603,2026-06-17,11194900690,a68ce133-8066-45a2-a774-e46eb808dc2e,100169044235,Reverse,100140171376,1000039402739,11504,861.9,5.0,1000.0,0.0,1000.0,return_refund,0.0,0.0,0.0,0.0,0.0,0.0,0.0,0.0,NA,0,998.9999999999999
NFT-/XUTR/DEUTH02616883380X,45.62,0.0,0.0,1699.0,898.0,233.121,4.276,0.0,0.0,prepaid,0.855,0.0,0.0,29.058,0.0,34.28844,625.46,"",'133179331535411877603,2026-06-17,11177703117,f0214171-9810-434c-85d7-bd8b4445026e,"",Forward,100122973805,1000034318700,11504,912.38,5.0,570.0,60.0,630.0,packet_delivered,0.0,0.0,0.0,0.0,0.0,0.0,0.0,0.0,NA,0,1129.0
NFT-/XUTR/DEUTH02616883380X,31.67,0.0,0.0,1599.0,665.0,125.552,3.167,0.0,0.0,prepaid,0.633,0.0,0.0,31.0,4.788,42.22984,493.418,"",'133192937862486667903,2026-06-17,11185264986,cd0a49bf-479d-402b-9d01-fa634eca70f8,"",Forward,100130535674,100130535674,11504,633.33,5.0,840.0,0.0,840.0,packet_delivered,0.0,0.0,0.0,0.0,0.0,0.0,0.0,0.0,NA,0,759.0
NFT-/XUTR/DEUTH02616883380X,0.0,34.0,34.0,3199.0,1428.0,353.858,0.0,3.4,3.4,prepaid,1.36,0.0,0.0,49.0,0.0,57.82,1008.162,"",'133215966082301636801,2026-06-17,11195977393,0e12ee21-fbc4-4dde-ba71-cd872f09eaa8,"",Forward,100141248079,100141248079,11504,1360,5.0,1600.0,0.0,1600.0,packet_delivered,0.0,0.0,0.0,0.0,0.0,0.0,0.0,0.0,NA,0,1599.0
NFT-/XUTR/DEUTH02616883380X,60.86,0.0,0.0,2899.0,1278.0,316.688,6.086,0.0,0.0,prepaid,1.217,0.0,0.0,49.0,0.0,57.82,896.189,"",'133193350269340913503,2026-06-17,11185539401,1cb6c21a-9988-4bd9-a08d-46fa1c218112,"",Forward,100130810088,100130810088,11504,1217.14,5.0,1450.0,0.0,1450.0,packet_delivered,0.0,0.0,0.0,0.0,0.0,0.0,0.0,0.0,NA,0,1449.0
NFT-/XUTR/DEUTH02616883380X,45.38,0.0,0.0,1499.0,953.0,247.399,4.538,0.0,0.0,prepaid,0.908,182.0,0.0,0.0,0.0,214.76,-914.915,"",'133192394948128189901,2026-06-17,11184868852,7225637d-66f1-4e3e-846f-2cb75d291aae,11184868852,Reverse,100130139540,1000035609862,11504,907.62,5.0,375.0,0.0,375.0,exchange,0.0,0.0,0.0,0.0,0.0,0.0,0.0,0.0,NA,0,1124.0
NFT-/XUTR/DEUTH02616883380X,87.1,0.0,0.0,3100.0,1829.0,384.09,8.71,0.0,0.0,prepaid,1.742,106.0,0.0,0.0,0.0,125.08,-1559.538,"",'133224248733015852401,2026-06-17,11198762523,d5b70ef3-2c82-4708-b788-d550dcfcf9d4,100167905009,Reverse,100144033208,100144033208,11504,1741.9,5.0,1065.0,0.0,1065.0,return_refund,0.0,0.0,0.0,0.0,0.0,0.0,0.0,0.0,NA,0,2035.0
NFT-/XUTR/DEUTH02616883380X,32.1,0.0,0.0,1799.0,674.0,174.97,3.21,0.0,0.0,prepaid,0.642,0.0,0.0,31.0,0.0,36.58,458.598,"",'133221348272420360101,2026-06-17,11198151352,241421c9-9e7d-465e-80ab-a4865d6e7323,"",Forward,100143422037,1000038950337,11504,641.9,5.0,1031.0,0.0,1031.0,packet_delivered,0.0,0.0,0.0,0.0,0.0,0.0,0.0,0.0,NA,0,768.0
NFT-/XUTR/DEUTH02616883380X,53.95,0.0,0.0,2899.0,1133.0,280.757,5.395,0.0,0.0,prepaid,1.079,0.0,0.0,49.0,0.0,57.82,787.949,"",'133187455019893787003,2026-06-17,11182258870,68d303f7-13a9-4526-8caf-7082af82e770,"",Forward,100127529558,100127529558,11504,1079.05,5.0,1595.0,0.0,1595.0,packet_delivered,0.0,0.0,0.0,0.0,0.0,0.0,0.0,0.0,NA,0,1304.0
NFT-/XUTR/DEUTH02616883380X,34.81,0.0,0.0,1650.0,698.0,181.201,3.324,0.0,0.0,prepaid,0.665,0.0,0.0,29.601,0.0,34.92918,477.881,"",'133193644434962654101,2026-06-17,11185723296,12f74383-a75f-409e-b807-6a9f4c67c5d6,"",Forward,100130993983,100130993983,11504,696.19,5.0,825.0,33.0,858.0,packet_delivered,0.0,0.0,0.0,0.0,0.0,0.0,0.0,0.0,NA,0,825.0
NFT-/XUTR/DEUTH02616883380X,31.71,0.0,0.0,1599.0,666.0,172.894,3.171,0.0,0.0,prepaid,0.634,0.0,0.0,31.0,0.0,36.58,452.721,"",'133191252515415063101,2026-06-17,11183971543,2d975a8b-9561-44a5-9f9d-29cd1e63e616,"",Forward,100129242231,100129242231,11504,634.29,5.0,839.0,0.0,839.0,packet_delivered,0.0,0.0,0.0,0.0,0.0,0.0,0.0,0.0,NA,0,760.0
NFT-/XUTR/DEUTH02616883380X,43.1,0.0,0.0,2499.0,904.9999999999999,234.938,4.31,0.0,0.0,prepaid,0.862,127.0,0.0,0.0,0.0,149.86,-814.75,"",'133201719332557904401,2026-06-17,11189707255,f5089e69-d2eb-47bb-8aad-fabace2aa32e,100170898503,Reverse,100134977941,100134977941,11504,861.9,5.0,1500.0,0.0,1500.0,return_refund,0.0,0.0,0.0,0.0,0.0,0.0,0.0,0.0,NA,0,999.0
NFT-/XUTR/DEUTH02616883380X,46.14,0.0,0.0,2999.0,969.0,184.11,4.614,0.0,0.0,prepaid,0.923,0.0,0.0,45.0,0.0,53.1,726.253,"",'133193415351133459401,2026-06-17,11185581387,85ca5de5-78ca-4c10-a9ab-5772f7cbbf21,"",Forward,100130852074,100130852074,11504,922.86,5.0,1859.0,0.0,1859.0,packet_delivered,0.0,0.0,0.0,0.0,0.0,0.0,0.0,0.0,NA,0,1140.0
NFT-/XUTR/DEUTH02616883380X,0.0,213.02,213.02,2999.0,2793.0,659.148,0.0,5.9175,5.9175,prepaid,2.367,0.0,0.0,65.0,0.0,76.7,2042.95,"",'133213173898291617103,2026-06-17,11195531738,89151c6a-63fd-4dc0-8c8c-6c7e9a1bbc3c,"",Forward,100140802424,100140802424,11504,2366.94,18.0,0.0,0.0,0.0,packet_delivered,0.0,0.0,0.0,0.0,0.0,0.0,0.0,0.0,NA,0,2998.98
NFT-/XUTR/DEUTH02616883380X,40.71,0.0,0.0,1899.0,855.0,221.958,4.071,0.0,0.0,prepaid,0.814,182.0,0.0,0.0,0.0,214.76,-842.917,"",'133187188330018154703,2026-06-17,11181817959,f7bb4f59-5f2c-456d-bac9-60c7fca119c2,11181817959,Reverse,100127088647,100127088647,11504,814.29,5.0,950.0,0.0,950.0,exchange,0.0,0.0,0.0,0.0,0.0,0.0,0.0,0.0,NA,0,949.0
NFT-/XUTR/DEUTH02616883380X,0.0,9.52,9.52,1499.0,400.00000000000006,18.88,0.0,0.9525,0.9525,prepaid,0.381,106.0,0.0,0.0,0.0,125.08,-503.914,"",'133212310080483923603,2026-06-17,11194900694,a68ce133-8066-45a2-a774-e46eb808dc2e,100169043985,Reverse,100140171380,1000039402739,11504,380.96,5.0,1005.0,0.0,1005.0,return_refund,0.0,0.0,0.0,0.0,0.0,0.0,0.0,0.0,NA,0,493.99999999999994
NFT-/XUTR/DEUTH02616883380X,416.13,0.0,0.0,7999.0,2728.0,545.6,11.559,0.0,0.0,prepaid,2.312,0.0,0.0,61.0,0.0,71.98,2096.549,"",'133212777349169445001,2026-06-17,11195245666,4fe1f1ea-30db-4307-aedd-449e9c63e090,"",Forward,100140516352,100140516352,11504,2311.86,18.0,4959.0,0.0,4959.0,packet_delivered,0.0,0.0,0.0,0.0,0.0,0.0,0.0,0.0,NA,0,3039.9900000000002
NFT-/XUTR/DEUTH02616883380X,47.29,0.0,0.0,1799.0,971.0,213.62,4.624,0.0,0.0,prepaid,0.925,0.0,0.0,26.402,0.0,31.15436,720.677,"",'133186292994076904603,2026-06-17,11181106132,a0a1a741-f52e-4c90-b9d7-163121c5dd98,"",Forward,100126376820,1000034936941,11504,945.71,5.0,635.0,22.0,657.0,packet_delivered,0.0,0.0,0.0,0.0,0.0,0.0,0.0,0.0,NA,0,1164.0
NFT-/XUTR/DEUTH02616883380X,100.95,0.0,0.0,3499.0,2120.0,500.31999999999994,10.095,0.0,0.0,prepaid,2.019,0.0,0.0,65.0,0.0,76.7,1530.866,"",'133195468838933911901,2026-06-17,11186978019,309fe43b-71c2-480e-879d-062c8d1f9976,"",Forward,100132248706,100132248706,11504,2019.05,5.0,1173.0,0.0,1173.0,packet_delivered,0.0,0.0,0.0,0.0,0.0,0.0,0.0,0.0,NA,0,2326.0
NFT-/XUTR/DEUTH02616883380X,52.86,0.0,0.0,2699.0,69.111,17.126,0.329,0.0,0.0,prepaid,0.066,6.6,0.0,0.0,0.0,7.788,-59.378,"",'133221606193319768801,2026-06-17,11198299362,9372cde5-0c37-4d5b-abe0-c81c17e8b253,11198299362,Reverse,100143570047,100143570047,11504,1057.14,5.0,1418.0,0.0,1418.0,exchange,0.0,0.0,0.0,0.0,0.0,0.0,0.0,0.0,NA,0,1281.0
NFT-/XUTR/DEUTH02616883380X,0.0,22.57,22.57,2799.0,948.0,246.101,0.0,2.257,2.257,prepaid,0.903,0.0,0.0,31.0,0.0,36.58,659.902,"",'133212310080483923603,2026-06-17,11194900668,a68ce133-8066-45a2-a774-e46eb808dc2e,"",Forward,100140171354,1000039402739,11504,902.86,5.0,1680.0,0.0,1680.0,packet_delivered,0.0,0.0,0.0,0.0,0.0,0.0,0.0,0.0,NA,0,1119.0
NFT-/XUTR/DEUTH02616883380X,28.67,0.0,0.0,1699.0,602.0,156.279,2.867,0.0,0.0,prepaid,0.573,106.0,0.0,0.0,0.0,125.08,-567.361,"",'133221445454397002801,2026-06-17,11198205343,fe3594e1-d297-45ab-a40a-e4aad9d59f8f,100173214926,Reverse,100143476028,1000038954336,11504,573.33,5.0,1003.0,0.0,1003.0,return_refund,0.0,0.0,0.0,0.0,0.0,0.0,0.0,0.0,NA,0,696.0
NFT-/XUTR/DEUTH02616883380X,28.86,0.0,0.0,1750.0,606.0,157.318,2.886,0.0,0.0,prepaid,0.577,0.0,0.0,31.0,3.212,40.37016,404.849,"",'133211757104860448103,2026-06-17,11194554645,78ee88f4-610f-40a2-adea-dd94af3bee4b,"",Forward,100139825331,1000038481017,11504,577.14,5.0,1050.0,0.0,1050.0,packet_delivered,0.0,0.0,0.0,0.0,0.0,0.0,0.0,0.0,NA,0,700.0
NFT-/XUTR/DEUTH02616883380X,48.48,0.0,0.0,1699.0,1018.0,240.248,4.848,0.0,0.0,prepaid,0.97,0.0,0.0,49.0,0.0,57.82,714.114,"",'133187213538209127803,2026-06-17,11181862420,1e96dc84-6484-4080-b50a-c273372920bd,"",Forward,100127133108,100127133108,11504,969.52,5.0,510.0,0.0,510.0,packet_delivered,0.0,0.0,0.0,0.0,0.0,0.0,0.0,0.0,NA,0,1189.0
NFT-/XUTR/DEUTH02616883380X,57.38,0.0,0.0,2899.0,1205.0,298.599,5.738,0.0,0.0,prepaid,1.148,127.0,0.0,0.0,0.0,149.86,-1049.375,"",'133195546824734698901,2026-06-17,11187047860,fd368fdb-9b2c-47df-9134-0773f5a8cf07,100168712390,Reverse,100132318547,100132318547,11504,1147.62,5.0,1523.0,0.0,1523.0,return_refund,0.0,0.0,0.0,0.0,0.0,0.0,0.0,0.0,NA,0,1376.0
NFT-/XUTR/DEUTH02616883380X,27.86,0.0,0.0,1699.0,585.0,151.866,2.786,0.0,0.0,prepaid,0.557,106.0,0.0,0.0,0.0,125.08,-554.871,"",'133221445454397002801,2026-06-17,11198205347,fe3594e1-d297-45ab-a40a-e4aad9d59f8f,100168068884,Reverse,100143476032,1000038954336,11504,557.14,5.0,1020.0,0.0,1020.0,return_refund,0.0,0.0,0.0,0.0,0.0,0.0,0.0,0.0,NA,0,679.0
NFT-/XUTR/DEUTH02616883380X,36.19,0.0,0.0,1799.0,760.0,197.296,3.619,0.0,0.0,prepaid,0.724,0.0,0.0,31.0,0.0,36.58,521.781,"",'133221818178372497001,2026-06-17,11198431588,22b7db21-b022-4813-a38d-579e3d827523,"",Forward,100143702273,100143702273,11504,723.81,5.0,945.0,0.0,945.0,packet_delivered,0.0,0.0,0.0,0.0,0.0,0.0,0.0,0.0,NA,0,854.0
NFT-/XUTR/DEUTH02616883380X,403.17,0.0,0.0,2999.0,2493.0,588.348,10.564,0.0,0.0,prepaid,2.113,0.0,0.0,61.311,0.0,72.34698,1819.628,"",'133181156460026104003,2026-06-17,11178440893,2cf210bd-f03e-4fc1-8f7e-372399a3c91c,"",Forward,100123711581,100123711581,11504,2239.83,18.0,150.0,150.0,300.0,packet_delivered,0.0,0.0,0.0,0.0,0.0,0.0,0.0,0.0,NA,0,2849.0
NFT-/XUTR/DEUTH02616883380X,55.14,0.0,0.0,1899.0,1158.0,273.288,5.514,0.0,0.0,prepaid,1.103,0.0,0.0,49.0,6.022,64.92596,813.169,"",'133191997941588841901,2026-06-17,11184574020,cd9b3476-5917-4e85-a961-be025c0da5f0,"",Forward,100129844708,100129844708,11504,1102.86,5.0,570.0,0.0,570.0,packet_delivered,0.0,0.0,0.0,0.0,0.0,0.0,0.0,0.0,NA,0,1329.0
NFT-/XUTR/DEUTH02616883380X,39.57,0.0,0.0,1850.0,831.0,215.728,3.957,0.0,0.0,prepaid,0.791,0.0,0.0,31.0,0.0,36.58,573.944,"",'133219318996776262903,2026-06-17,11197259723,a33390f0-6f0a-4c0a-9170-f702eca4eff9,"",Forward,100142530409,100142530409,11504,791.43,5.0,925.0,0.0,925.0,packet_delivered,0.0,0.0,0.0,0.0,0.0,0.0,0.0,0.0,NA,0,925.0
NFT-/XUTR/DEUTH02616883380X,60.86,0.0,0.0,2899.0,266.41,66.017,1.269,0.0,0.0,prepaid,0.254,0.0,0.0,10.214,0.0,12.05252,186.817,"",'133219661429756692401,2026-06-17,11197393958,2cd3a4d6-0a8e-49ec-89a5-4c30cf9d2de5,"",Forward,100142664644,100142664644,11504,1217.14,5.0,1450.0,0.0,1450.0,packet_delivered,0.0,0.0,0.0,0.0,0.0,0.0,0.0,0.0,NA,0,1449.0
NFT-/XUTR/DEUTH02616883380X,100.14,0.0,0.0,3299.0,2103.0,496.308,10.014,0.0,0.0,prepaid,2.003,0.0,0.0,65.0,0.0,76.7,1517.975,"",'133187413642663494203,2026-06-17,11182194971,a503fd78-d0f6-42bc-9d65-12dcdee93f13,"",Forward,100127465659,100127465659,11504,2002.86,5.0,990.0,0.0,990.0,packet_delivered,0.0,0.0,0.0,0.0,0.0,0.0,0.0,0.0,NA,0,2309.0
NFT-/XUTR/DEUTH02616883380X,75.24,0.0,0.0,3499.0,1580.0,316.0,7.524,0.0,0.0,prepaid,1.505,0.0,0.0,61.0,0.0,71.98,1182.991,"",'133184666717938148901,2026-06-17,11180300988,db24bc1b-756c-4a1d-a6e5-17d6a3894024,"",Forward,100125571676,100125571676,11504,1504.76,5.0,1748.0,0.0,1748.0,packet_delivered,0.0,0.0,0.0,0.0,0.0,0.0,0.0,0.0,NA,0,1751.0
NFT-/XUTR/DEUTH02616883380X,28.33,0.0,0.0,2299.0,595.0,28.084000000000003,2.833,0.0,0.0,prepaid,0.567,0.0,0.0,11.0,4.939,18.80802,544.708,"",'133189833806595479603,2026-06-17,11183066289,74335c87-22b7-4a33-af6d-c528b9f55e01,"",Forward,100128336977,1000036420374,11504,566.67,5.0,1610.0,0.0,1610.0,packet_delivered,0.0,0.0,0.0,0.0,0.0,0.0,0.0,0.0,NA,0,689.0
NFT-/XUTR/DEUTH02616883380X,64.19,0.0,0.0,3199.0,1348.0,334.034,6.419,0.0,0.0,prepaid,1.284,0.0,0.0,49.0,0.0,57.82,948.443,"",'133183828936517340901,2026-06-17,11179865662,d8f49346-c3c4-470c-b00c-44ad71a52cc5,"",Forward,100125136350,100125136350,11504,1283.81,5.0,1680.0,0.0,1680.0,packet_delivered,0.0,0.0,0.0,0.0,0.0,0.0,0.0,0.0,NA,0,1519.0
NFT-/XUTR/DEUTH02616883380X,68.71,0.0,0.0,3399.0,1443.0,357.575,6.871,0.0,0.0,prepaid,1.374,0.0,0.0,49.0,0.0,57.82,1019.36,"",'133193462225193990203,2026-06-17,11185610544,7cc89a14-47d4-4e39-a34b-d396575a4b98,"",Forward,100130881231,100130881231,11504,1374.29,5.0,1785.0,0.0,1785.0,packet_delivered,0.0,0.0,0.0,0.0,0.0,0.0,0.0,0.0,NA,0,1614.0
NFT-/XUTR/DEUTH02616883380X,43.1,0.0,0.0,2499.0,905.0,234.938,4.31,0.0,0.0,prepaid,0.862,0.0,0.0,31.0,8.326,46.40468,618.485,"",'133201719332557904401,2026-06-17,11189707255,f5089e69-d2eb-47bb-8aad-fabace2aa32e,"",Forward,100134977941,100134977941,11504,861.9,5.0,1500.0,0.0,1500.0,packet_delivered,0.0,0.0,0.0,0.0,0.0,0.0,0.0,0.0,NA,0,999.0
NFT-/XUTR/DEUTH02616883380X,24.05,0.0,0.0,1499.0,475.0,123.31,2.262,0.0,0.0,prepaid,0.452,0.0,0.0,29.158,0.0,34.40644,314.57,"",'133187122829652896201,2026-06-17,11181714968,8bd50fad-762e-419c-825f-b208b024ca78,"",Forward,100126985656,100126985656,11504,480.95,5.0,900.0,30.0,930.0,packet_delivered,0.0,0.0,0.0,0.0,0.0,0.0,0.0,0.0,NA,0,599.0
NFT-/XUTR/DEUTH02616883380X,31.52,0.0,0.0,1990.0,662.0,171.855,3.152,0.0,0.0,prepaid,0.63,0.0,0.0,31.0,0.0,36.58,449.783,"",'133192959038118894301,2026-06-17,11185280179,bf2b6da7-afc5-4902-97bd-836cc6cb9739,"",Forward,100130550866,1000036435005,11504,630.48,5.0,1234.0,0.0,1234.0,packet_delivered,0.0,0.0,0.0,0.0,0.0,0.0,0.0,0.0,NA,0,756.0
NFT-/XUTR/DEUTH02616883380X,70.43,0.0,0.0,1650.0,1479.0,349.044,7.043,0.0,0.0,prepaid,1.409,182.0,0.0,0.0,0.0,214.76,-1336.264,"",'133191891964536080201,2026-06-17,11184492857,ca127d02-15d3-4640-899b-77416dbe5362,100168106889,Reverse,100129763545,100129763545,11504,1408.57,5.0,0.0,0.0,0.0,return_refund,0.0,0.0,0.0,0.0,0.0,0.0,0.0,0.0,NA,0,1650.0
NFT-/XUTR/DEUTH02616883380X,0.0,17.41,17.41,1650.0,731.0,189.768,0.0,1.7405,1.7405,prepaid,0.696,0.0,0.0,31.0,0.0,36.58,500.475,"",'133212310080483923603,2026-06-17,11194900679,a68ce133-8066-45a2-a774-e46eb808dc2e,"",Forward,100140171365,1000039402739,11504,696.2,5.0,825.0,0.0,825.0,packet_delivered,0.0,0.0,0.0,0.0,0.0,0.0,0.0,0.0,NA,0,825.02
NFT-/XUTR/DEUTH02616883380X,26.19,0.0,0.0,1999.0,550.0,142.78,2.619,0.0,0.0,prepaid,0.524,0.0,0.0,31.0,9.735,48.0673,356.01,"",'133193734811922658801,2026-06-17,11185778214,4dc6abf9-d5b1-4a50-8597-f0559b3a6ee0,"",Forward,100131048901,100131048901,11504,523.81,5.0,1355.0,0.0,1355.0,packet_delivered,0.0,0.0,0.0,0.0,0.0,0.0,0.0,0.0,NA,0,644.0
NFT-/XUTR/DEUTH02616883380X,43.1,0.0,0.0,3499.0,905.0,171.95,4.31,0.0,0.0,prepaid,0.862,0.0,0.0,45.0,0.0,53.1,674.778,"",'133193914633849806603,2026-06-17,11185886132,81394836-34d0-488e-abfa-359dc7fc3e18,"",Forward,100131156819,100131156819,11504,861.9,5.0,2500.0,0.0,2500.0,packet_delivered,0.0,0.0,0.0,0.0,0.0,0.0,0.0,0.0,NA,0,999.0
NFT-/XUTR/DEUTH02616883380X,46.62,0.0,0.0,2299.0,979.0,254.14800000000002,4.662,0.0,0.0,prepaid,0.932,0.0,0.0,31.0,3.622,40.85396,678.404,"",'133186743013617413703,2026-06-17,11181399488,08fe4920-a7db-4f0b-b1f3-ab0283613324,"",Forward,100126670176,100126670176,11504,932.38,5.0,1149.0,0.0,1149.0,packet_delivered,0.0,0.0,0.0,0.0,0.0,0.0,0.0,0.0,NA,0,1150.0
NFT-/XUTR/DEUTH02616883380X,37.14,0.0,0.0,1750.0,780.0,171.6,3.714,0.0,0.0,prepaid,0.743,0.0,0.0,27.0,0.0,31.86,572.083,"",'133185701573539624403,2026-06-17,11180793643,fc0e0c7a-ebff-4eb7-b1ab-dc9f86272935,"",Forward,100126064331,100126064331,11504,742.86,5.0,876.0,0.0,876.0,packet_delivered,0.0,0.0,0.0,0.0,0.0,0.0,0.0,0.0,NA,0,874.0
NFT-/XUTR/DEUTH02616883380X,44.24,0.0,0.0,2750.0,929.0,241.168,4.424,0.0,0.0,prepaid,0.885,0.0,0.0,31.0,0.0,36.58,645.943,"",'133187691678434583101,2026-06-17,11182538900,e27fe89b-9cda-406f-b6fd-2ac28c527669,"",Forward,100127809588,100127809588,11504,884.76,5.0,1650.0,0.0,1650.0,packet_delivered,0.0,0.0,0.0,0.0,0.0,0.0,0.0,0.0,NA,0,1100.0
NFT-/XUTR/DEUTH02616883380X,106.81,0.0,0.0,3499.0,2243.0,529.348,10.681,0.0,0.0,prepaid,2.136,106.0,0.0,0.0,0.0,125.08,-1825.915,"",'133216383494829121601,2026-06-17,11196077657,dcf1b944-76c3-4af2-8bc9-ec8ea018c360,100172651707,Reverse,100141348343,100141348343,11504,2136.19,5.0,1050.0,0.0,1050.0,return_refund,0.0,0.0,0.0,0.0,0.0,0.0,0.0,0.0,NA,0,2449.0
NFT-/XUTR/DEUTH02616883380X,31.05,0.0,0.0,1699.0,652.0,169.259,3.105,0.0,0.0,prepaid,0.621,0.0,0.0,31.0,0.0,36.58,442.435,"",'133198602232297028201,2026-06-17,11187983006,c247dfdc-de9b-4c5b-87aa-b558eabb0014,"",Forward,100133253693,100133253693,11504,620.95,5.0,953.0,0.0,953.0,packet_delivered,0.0,0.0,0.0,0.0,0.0,0.0,0.0,0.0,NA,0,746.0
NFT-/XUTR/DEUTH02616883380X,57.43,0.0,0.0,2899.0,1206.0,253.26,5.743,0.0,0.0,prepaid,1.149,0.0,0.0,45.0,0.0,53.1,892.748,"",'133184842167075130601,2026-06-17,11180385209,65eeea37-6ebb-48c7-a1dc-bcec29f7b7f7,"",Forward,100125655897,100125655897,11504,1148.57,5.0,1522.0,0.0,1522.0,packet_delivered,0.0,0.0,0.0,0.0,0.0,0.0,0.0,0.0,NA,0,1377.0
NFT-/XUTR/DEUTH02616883380X,43.1,0.0,0.0,2799.0,905.0,234.938,4.31,0.0,0.0,prepaid,0.862,0.0,0.0,31.0,7.692,45.65656,619.233,"",'133192647574469862903,2026-06-17,11185061054,4f767c4c-fe33-4eca-af7f-3a6ecc2ba916,"",Forward,100130331743,100130331743,11504,861.9,5.0,1800.0,0.0,1800.0,packet_delivered,0.0,0.0,0.0,0.0,0.0,0.0,0.0,0.0,NA,0,999.0
NFT-/XUTR/DEUTH02616883380X,25.48,0.0,0.0,1599.0,535.0,112.35,2.548,0.0,0.0,prepaid,0.51,0.0,0.0,27.0,0.0,31.86,387.732,"",'133184089329533007103,2026-06-17,11180003606,2190ba61-cb75-4925-a83e-582968e37a27,"",Forward,100125274294,1000034722450,11504,509.52,5.0,970.0,0.0,970.0,packet_delivered,0.0,0.0,0.0,0.0,0.0,0.0,0.0,0.0,NA,0,629.0
NFT-/XUTR/DEUTH02616883380X,36.19,0.0,0.0,1799.0,760.0,197.296,3.619,0.0,0.0,prepaid,0.724,0.0,0.0,31.0,0.0,36.58,521.781,"",'133220796476682521701,2026-06-17,11197868497,e10aa982-293a-43c5-91d3-06f1234703e3,"",Forward,100143139182,100143139182,11504,723.81,5.0,945.0,0.0,945.0,packet_delivered,0.0,0.0,0.0,0.0,0.0,0.0,0.0,0.0,NA,0,854.0
NFT-/XUTR/DEUTH02616883380X,40.71,0.0,0.0,1899.0,855.0,221.958,4.071,0.0,0.0,prepaid,0.814,0.0,0.0,31.0,0.0,36.58,591.577,"",'133187560851855946301,2026-06-17,11182405094,66cea810-513b-4dcc-88a9-b0cf9042aa04,"",Forward,100127675781,100127675781,11504,814.29,5.0,950.0,0.0,950.0,packet_delivered,0.0,0.0,0.0,0.0,0.0,0.0,0.0,0.0,NA,0,949.0
NFT-/XUTR/DEUTH02616883380X,36.19,0.0,0.0,1799.0,760.0,197.296,3.619,0.0,0.0,prepaid,0.724,106.0,0.0,0.0,0.0,125.08,-683.441,"",'133221348272420360101,2026-06-17,11198151355,241421c9-9e7d-465e-80ab-a4865d6e7323,100169303157,Reverse,100143422040,1000038950337,11504,723.81,5.0,945.0,0.0,945.0,return_refund,0.0,0.0,0.0,0.0,0.0,0.0,0.0,0.0,NA,0,854.0
NFT-/XUTR/DEUTH02616883380X,36.19,0.0,0.0,1799.0,760.0,197.296,3.619,0.0,0.0,prepaid,0.724,0.0,0.0,31.0,0.0,36.58,521.781,"",'133221348272420360101,2026-06-17,11198151355,241421c9-9e7d-465e-80ab-a4865d6e7323,"",Forward,100143422040,1000038950337,11504,723.81,5.0,945.0,0.0,945.0,packet_delivered,0.0,0.0,0.0,0.0,0.0,0.0,0.0,0.0,NA,0,854.0
NFT-/XUTR/DEUTH02616883380X,40.71,0.0,0.0,2250.0,855.0,171.0,4.071,0.0,0.0,prepaid,0.814,0.0,0.0,45.0,0.0,53.1,626.015,"",'133204133010492201901,2026-06-17,11191158602,8c01c62d-1915-4e14-99c9-190f22b9eced,"",Forward,100136429288,100136429288,11504,814.29,5.0,1301.0,0.0,1301.0,packet_delivered,0.0,0.0,0.0,0.0,0.0,0.0,0.0,0.0,NA,0,949.0
NFT-/XUTR/DEUTH02616883380X,59.67,0.0,0.0,2999.0,1178.0,291.909,5.61,0.0,0.0,prepaid,1.122,0.0,0.0,42.306,0.0,49.92108,829.438,"",'133178490828063802703,2026-06-17,11176615183,8e85838e-b608-488b-970e-54e4dacf17fd,"",Forward,100121885871,100121885871,11504,1193.33,5.0,1575.0,75.0,1650.0,packet_delivered,0.0,0.0,0.0,0.0,0.0,0.0,0.0,0.0,NA,0,1424.0
NFT-/XUTR/DEUTH02616883380X,18.95,0.0,0.0,1699.0,398.0,18.786,1.895,0.0,0.0,prepaid,0.379,0.0,0.0,3.0,0.0,3.54,373.4,"",'133191391951271731803,2026-06-17,11184086704,34ec9e8e-0c6f-4e93-9c9f-691a70629161,"",Forward,100129357392,100129357392,11504,379.05,5.0,1207.0,0.0,1207.0,packet_delivered,0.0,0.0,0.0,0.0,0.0,0.0,0.0,0.0,NA,0,492.0
NFT-/XUTR/DEUTH02616883380X,46.14,0.0,0.0,2999.0,969.0,184.11,4.614,0.0,0.0,prepaid,0.923,0.0,0.0,45.0,0.0,53.1,726.253,"",'133193473658926513601,2026-06-17,11185617853,1a7d052e-fe3d-4683-935f-d7e356536c65,"",Forward,100130888540,100130888540,11504,922.86,5.0,1859.0,0.0,1859.0,packet_delivered,0.0,0.0,0.0,0.0,0.0,0.0,0.0,0.0,NA,0,1140.0
NFT-/XUTR/DEUTH02616883380X,36.24,0.0,0.0,1799.0,761.0,197.556,3.624,0.0,0.0,prepaid,0.725,182.0,0.0,0.0,0.0,214.76,-773.855,"",'133184906703629902403,2026-06-17,11180416425,72203a35-5da4-46dd-aed6-7534f9c7b2fb,100170308490,Reverse,100125687113,100125687113,11504,724.76,5.0,944.0,0.0,944.0,return_refund,0.0,0.0,0.0,0.0,0.0,0.0,0.0,0.0,NA,0,855.0
NFT-/XUTR/DEUTH02616883380X,29.81,0.0,0.0,1799.0,626.0,131.46,2.981,0.0,0.0,prepaid,0.596,0.0,0.0,27.0,0.501,32.45118,458.512,"",'133210590532530663603,2026-06-17,11193855356,50278cec-869d-4196-971c-f44795faf799,"",Forward,100139126042,100139126042,11504,596.19,5.0,1079.0,0.0,1079.0,packet_delivered,0.0,0.0,0.0,0.0,0.0,0.0,0.0,0.0,NA,0,720.0
NFT-/XUTR/DEUTH02616883380X,91.91,0.0,0.0,4499.0,1930.0,478.254,9.19,0.0,0.0,prepaid,1.838,127.0,0.0,0.0,0.0,149.86,-1590.578,"",'133195711929182225801,2026-06-17,11187191842,16efb6a9-4422-4ee3-9f44-1ae3e7d71302,100168144455,Reverse,100132462529,100132462529,11504,1838.1,5.0,2363.0,0.0,2363.0,return_refund,0.0,0.0,0.0,0.0,0.0,0.0,0.0,0.0,NA,0,2136.01
NFT-/XUTR/DEUTH02616883380X,68.71,0.0,0.0,3399.0,1443.0,357.575,6.871,0.0,0.0,prepaid,1.374,182.0,0.0,0.0,0.0,214.76,-1291.94,"",'133189646485700959203,2026-06-17,11183006246,ccfe205b-f5fc-46b3-989c-371d98ee542a,100168022974,Reverse,100128276934,100128276934,11504,1374.29,5.0,1785.0,0.0,1785.0,return_refund,0.0,0.0,0.0,0.0,0.0,0.0,0.0,0.0,NA,0,1614.0
NFT-/XUTR/DEUTH02616883380X,69.95,0.0,0.0,3399.0,1469.0,364.018,6.995,0.0,0.0,prepaid,1.399,0.0,0.0,45.0,0.0,53.1,1043.488,"",'133170065081791534201,2026-06-17,11175237798,f6bda646-c101-43f7-9c46-64f213778231,"",Forward,100120508487,100120508487,11504,1399.05,5.0,1759.0,0.0,1759.0,packet_delivered,0.0,0.0,0.0,0.0,0.0,0.0,0.0,0.0,NA,0,1640.0
NFT-/XUTR/DEUTH02616883380X,39.81,0.0,0.0,2799.0,836.0,217.026,3.981,0.0,0.0,prepaid,0.796,0.0,0.0,31.0,0.0,36.58,577.617,"",'133193851316877735603,2026-06-17,11185847827,de41b2dd-db2f-454a-8908-783a6eb80695,"",Forward,100131118514,100131118514,11504,796.19,5.0,1792.0,0.0,1792.0,packet_delivered,0.0,0.0,0.0,0.0,0.0,0.0,0.0,0.0,NA,0,1007.0
NFT-/XUTR/DEUTH02616883380X,69.95,0.0,0.0,3399.0,1469.0,364.018,6.995,0.0,0.0,prepaid,1.399,182.0,0.0,0.0,0.0,214.76,-1311.348,"",'133170065081791534201,2026-06-17,11175237798,f6bda646-c101-43f7-9c46-64f213778231,100169236358,Reverse,100120508487,100120508487,11504,1399.05,5.0,1759.0,0.0,1759.0,return_refund,0.0,0.0,0.0,0.0,0.0,0.0,0.0,0.0,NA,0,1640.0
NFT-/XUTR/DEUTH02616883380X,68.71,0.0,0.0,3399.0,1443.0,357.575,6.871,0.0,0.0,prepaid,1.374,182.0,0.0,0.0,0.0,214.76,-1291.94,"",'133193462225193990203,2026-06-17,11185610544,7cc89a14-47d4-4e39-a34b-d396575a4b98,100167818280,Reverse,100130881231,100130881231,11504,1374.29,5.0,1785.0,0.0,1785.0,return_refund,0.0,0.0,0.0,0.0,0.0,0.0,0.0,0.0,NA,0,1614.0
NFT-/XUTR/DEUTH02616883380X,36.19,0.0,0.0,1799.0,760.0,197.296,3.619,0.0,0.0,prepaid,0.724,182.0,0.0,0.0,0.0,214.76,-773.121,"",'133182398774883763803,2026-06-17,11178998411,b417f8b9-9ba5-47c2-a44f-8878ba3d0e6f,100167793129,Reverse,100124269099,1000034503207,11504,723.81,5.0,945.0,0.0,945.0,return_refund,0.0,0.0,0.0,0.0,0.0,0.0,0.0,0.0,NA,0,854.0
NFT-/XUTR/DEUTH02616883380X,48.48,0.0,0.0,1699.0,982.9999999999999,231.988,4.681,0.0,0.0,prepaid,0.936,175.743,0.0,0.0,0.0,207.37674,-952.772,"",'133187246139017954003,2026-06-17,11181919771,241dd5a1-fa55-4f6d-a2d5-52910915982d,100168124631,Reverse,100127190459,1000036393580,11504,969.52,5.0,510.0,35.0,545.0,return_refund,0.0,0.0,0.0,0.0,0.0,0.0,0.0,0.0,NA,0,1189.0
NFT-/XUTR/DEUTH02616883380X,40.71,0.0,0.0,1899.0,855.0,221.958,4.071,0.0,0.0,prepaid,0.814,182.0,0.0,0.0,0.0,214.76,-842.917,"",'133191014750252557303,2026-06-17,11183783491,d19ed7ce-2085-4d1c-86c4-7d84ca474e99,100168396073,Reverse,100129054179,100129054179,11504,814.29,5.0,950.0,0.0,950.0,return_refund,0.0,0.0,0.0,0.0,0.0,0.0,0.0,0.0,NA,0,949.0
NFT-/XUTR/DEUTH02616883380X,34.81,0.0,0.0,1650.0,731.0,189.768,3.481,0.0,0.0,prepaid,0.696,0.0,0.0,31.0,0.0,36.58,500.475,"",'133192394948128189901,2026-06-17,11184868856,7225637d-66f1-4e3e-846f-2cb75d291aae,"",Forward,100130139544,1000035609862,11504,696.19,5.0,825.0,0.0,825.0,packet_delivered,0.0,0.0,0.0,0.0,0.0,0.0,0.0,0.0,NA,0,825.0
NFT-/XUTR/DEUTH02616883380X,72.76,0.0,0.0,1699.0,1528.0,360.608,7.276,0.0,0.0,prepaid,1.455,0.0,0.0,49.0,0.0,57.82,1100.841,"",'133193851815004271701,2026-06-17,11185848104,a9c30735-4137-443b-bdd7-dd6e570532ee,"",Forward,100131118791,1000036436248,11504,1455.24,5.0,0.0,0.0,0.0,packet_delivered,0.0,0.0,0.0,0.0,0.0,0.0,0.0,0.0,NA,0,1699.0
NFT-/XUTR/DEUTH02616883380X,40.71,0.0,0.0,1999.0,855.0,221.958,4.071,0.0,0.0,prepaid,0.814,127.0,0.0,0.0,0.0,149.86,-778.017,"",'133200993247710887601,2026-06-17,11189223232,3a49210f-1ad1-4272-9a54-1d72b66f754d,11189223232,Reverse,100134493918,100134493918,11504,814.29,5.0,1050.0,0.0,1050.0,exchange,0.0,0.0,0.0,0.0,0.0,0.0,0.0,0.0,NA,0,949.0
NFT-/XUTR/DEUTH02616883380X,45.38,0.0,0.0,1499.0,953.0,247.399,4.538,0.0,0.0,prepaid,0.908,182.0,0.0,0.0,0.0,214.76,-914.915,"",'133193509973737891701,2026-06-17,11185640156,441b8d47-dbca-4165-a638-bbb2daa1ac48,100168064700,Reverse,100130910843,100130910843,11504,907.62,5.0,375.0,0.0,375.0,return_refund,0.0,0.0,0.0,0.0,0.0,0.0,0.0,0.0,NA,0,1124.0
NFT-/XUTR/DEUTH02616883380X,40.71,0.0,0.0,1899.0,855.0,221.958,4.071,0.0,0.0,prepaid,0.814,0.0,0.0,31.0,0.0,36.58,591.577,"",'133183139329164787303,2026-06-17,11179482394,3070b3f0-5089-40f3-ae2e-057d37b2730a,"",Forward,100124753082,100124753082,11504,814.29,5.0,950.0,0.0,950.0,packet_delivered,0.0,0.0,0.0,0.0,0.0,0.0,0.0,0.0,NA,0,949.0
NFT-/XUTR/DEUTH02616883380X,29.38,0.0,0.0,1499.0,617.0,160.173,2.938,0.0,0.0,prepaid,0.588,106.0,0.0,0.0,0.0,125.08,-578.381,"",'133222802970011857903,2026-06-17,11198682961,d1785ac5-2d0d-4756-b236-31feee9e1806,100168717793,Reverse,100143953646,1000039116312,11504,587.62,5.0,788.0,0.0,788.0,return_refund,0.0,0.0,0.0,0.0,0.0,0.0,0.0,0.0,NA,0,711.0
NFT-/XUTR/DEUTH02616883380X,60.86,0.0,0.0,2899.0,1278.0,316.688,6.086,0.0,0.0,prepaid,1.217,182.0,0.0,0.0,0.0,214.76,-1168.769,"",'133193350269340913503,2026-06-17,11185539401,1cb6c21a-9988-4bd9-a08d-46fa1c218112,100169525234,Reverse,100130810088,100130810088,11504,1217.14,5.0,1450.0,0.0,1450.0,return_refund,0.0,0.0,0.0,0.0,0.0,0.0,0.0,0.0,NA,0,1449.0
NFT-/XUTR/DEUTH02616883380X,63.24,0.0,0.0,2999.0,1328.0,329.078,6.324,0.0,0.0,prepaid,1.265,0.0,0.0,49.0,0.0,57.82,933.513,"",'133191859315298356001,2026-06-17,11184466969,4f6c1f51-0748-4bc8-8bd5-40794791e22c,"",Forward,100129737658,100129737658,11504,1264.76,5.0,1500.0,0.0,1500.0,packet_delivered,0.0,0.0,0.0,0.0,0.0,0.0,0.0,0.0,NA,0,1499.0
NFT-/XUTR/DEUTH02616883380X,33.57,0.0,0.0,1999.0,705.0,183.018,3.357,0.0,0.0,prepaid,0.671,182.0,0.0,0.0,0.0,214.76,-732.714,"",'133183523286005420001,2026-06-17,11179699958,6bfeb296-f137-4dfa-a0c0-cdcce3b6fa48,100167936487,Reverse,100124970646,1000035416430,11504,671.43,5.0,1200.0,0.0,1200.0,return_refund,0.0,0.0,0.0,0.0,0.0,0.0,0.0,0.0,NA,0,799.0
NFT-/XUTR/DEUTH02616883380X,33.67,0.0,0.0,1599.0,707.0,183.537,3.367,0.0,0.0,prepaid,0.673,182.0,0.0,0.0,0.0,214.76,-734.183,"",'133192445389785783901,2026-06-17,11184906582,fdaffb5b-14b6-43dd-a512-cd7751a0aa46,100169279682,Reverse,100130177271,1000035615310,11504,673.33,5.0,798.0,0.0,798.0,return_refund,0.0,0.0,0.0,0.0,0.0,0.0,0.0,0.0,NA,0,801.0
NFT-/XUTR/DEUTH02616883380X,59.67,0.0,0.0,2999.0,1253.0,310.493,5.967,0.0,0.0,prepaid,1.193,0.0,0.0,49.0,0.0,57.82,877.527,"",'133201391513142305403,2026-06-17,11189492912,be3f0539-c6a7-4e10-98aa-9fc43bab5e5b,"",Forward,100134763598,100134763598,11504,1193.33,5.0,1575.0,0.0,1575.0,packet_delivered,0.0,0.0,0.0,0.0,0.0,0.0,0.0,0.0,NA,0,1424.0
NFT-/XUTR/DEUTH02616883380X,87.1,0.0,0.0,3100.0,1829.0,384.09,8.71,0.0,0.0,prepaid,1.742,0.0,0.0,61.0,0.0,71.98,1362.478,"",'133224248733015852401,2026-06-17,11198762523,d5b70ef3-2c82-4708-b788-d550dcfcf9d4,"",Forward,100144033208,100144033208,11504,1741.9,5.0,1065.0,0.0,1065.0,packet_delivered,0.0,0.0,0.0,0.0,0.0,0.0,0.0,0.0,NA,0,2035.0
NFT-/XUTR/DEUTH02616883380X,35.1,0.0,0.0,1750.0,737.0,191.325,3.51,0.0,0.0,prepaid,0.702,0.0,0.0,31.0,0.0,36.58,504.883,"",'133201128233780170901,2026-06-17,11189314464,6ccfd7bd-ab89-41bb-933b-2851be6a3afc,"",Forward,100134585150,100134585150,11504,701.9,5.0,919.0,0.0,919.0,packet_delivered,0.0,0.0,0.0,0.0,0.0,0.0,0.0,0.0,NA,0,831.0
NFT-/XUTR/DEUTH02616883380X,75.14,0.0,0.0,3499.0,1578.0,391.028,7.514,0.0,0.0,prepaid,1.503,0.0,0.0,49.0,0.0,57.82,1120.135,"",'133191185544258874203,2026-06-17,11183918586,020cd3ef-6b97-4c4d-acf2-dd5bccbc92c2,"",Forward,100129189274,100129189274,11504,1502.86,5.0,1750.0,0.0,1750.0,packet_delivered,0.0,0.0,0.0,0.0,0.0,0.0,0.0,0.0,NA,0,1749.0
NFT-/XUTR/DEUTH02616883380X,0.0,9.48,9.48,1699.0,398.00000000000006,18.786,0.0,0.9475,0.9475,prepaid,0.379,106.0,0.0,0.0,0.0,125.08,-502.02,"",'133221586093210317103,2026-06-17,11198287530,3dab3ea4-362a-4d5e-9b23-fcc91ac76ddd,100168087159,Reverse,100143558215,100143558215,11504,379.04,5.0,1207.0,0.0,1207.0,return_refund,0.0,0.0,0.0,0.0,0.0,0.0,0.0,0.0,NA,0,492.00000000000006
NFT-/XUTR/DEUTH02616883380X,75.14,0.0,0.0,3499.0,1578.0,391.028,7.514,0.0,0.0,prepaid,1.503,0.0,0.0,49.0,0.0,57.82,1120.135,"",'133221512459733573201,2026-06-17,11198244300,6c88d1b8-31ff-4602-ada5-ac8cc541ddb1,"",Forward,100143514985,100143514985,11504,1502.86,5.0,1750.0,0.0,1750.0,packet_delivered,0.0,0.0,0.0,0.0,0.0,0.0,0.0,0.0,NA,0,1749.0
NFT-/XUTR/DEUTH02616883380X,31.38,0.0,0.0,2599.0,659.0,31.105000000000004,3.138,0.0,0.0,prepaid,0.628,106.0,0.0,0.0,0.0,125.08,-749.209,"",'133221874329128105801,2026-06-17,11198469325,18f8c5c3-0cf0-40ae-8ca9-120348105aca,11198469325,Reverse,100143740010,100143740010,11504,627.62,5.0,1846.0,0.0,1846.0,exchange,0.0,0.0,0.0,0.0,0.0,0.0,0.0,0.0,NA,0,753.0
NFT-/XUTR/DEUTH02616883380X,42.62,0.0,0.0,2999.0,895.0,232.342,4.262,0.0,0.0,prepaid,0.852,0.0,0.0,31.0,0.0,36.58,620.964,"",'133212252187503444603,2026-06-17,11194861238,e6456146-9fe0-4636-882c-2a554ac693a4,"",Forward,100140131924,100140131924,11504,852.38,5.0,2010.0,0.0,2010.0,packet_delivered,0.0,0.0,0.0,0.0,0.0,0.0,0.0,0.0,NA,0,989.0
NFT-/XUTR/DEUTH02616883380X,25.48,0.0,0.0,1599.0,535.0,112.35,2.548,0.0,0.0,prepaid,0.51,182.0,0.0,0.0,0.0,214.76,-634.352,"",'133184089329533007103,2026-06-17,11180003606,2190ba61-cb75-4925-a83e-582968e37a27,11180003606,Reverse,100125274294,1000034722450,11504,509.52,5.0,970.0,0.0,970.0,exchange,0.0,0.0,0.0,0.0,0.0,0.0,0.0,0.0,NA,0,629.0
NFT-/XUTR/DEUTH02616883380X,41.19,0.0,0.0,2425.0,865.0,181.65,4.119,0.0,0.0,prepaid,0.824,0.0,0.0,45.0,0.0,53.1,625.307,"",'133207685546085717201,2026-06-17,11192112812,9f77a272-9031-4919-a498-280cab1e9532,"",Forward,100137383498,100137383498,11504,823.81,5.0,1389.0,0.0,1389.0,packet_delivered,0.0,0.0,0.0,0.0,0.0,0.0,0.0,0.0,NA,0,1036.0
NFT-/XUTR/DEUTH02616883380X,25.95,0.0,0.0,1599.0,545.0,38.586,2.595,0.0,0.0,prepaid,0.519,0.0,0.0,31.0,5.341,42.88238,460.418,"",'133199588784017365801,2026-06-17,11188366563,02089f7e-7651-41cf-bb3b-5a42058d79f7,"",Forward,100133637250,100133637250,11504,519.05,5.0,960.0,0.0,960.0,packet_delivered,0.0,0.0,0.0,0.0,0.0,0.0,0.0,0.0,NA,0,639.0
NFT-/XUTR/DEUTH02616883380X,48.48,0.0,0.0,1699.0,1018.0,240.248,4.848,0.0,0.0,prepaid,0.97,0.0,0.0,49.0,0.0,57.82,714.114,"",'133190801541716480003,2026-06-17,11183621200,c195120e-72d0-4bda-9d33-90fee446bdbb,"",Forward,100128891888,1000035339984,11504,969.52,5.0,510.0,0.0,510.0,packet_delivered,0.0,0.0,0.0,0.0,0.0,0.0,0.0,0.0,NA,0,1189.0
NFT-/XUTR/DEUTH02616883380X,75.19,0.0,0.0,1750.0,1579.0,372.644,7.519,0.0,0.0,prepaid,1.504,182.0,0.0,0.0,0.0,214.76,-1412.093,"",'133154055585229570803,2026-06-17,11168987509,61e763be-5345-4585-82b6-a788cacdc50a,100173628728,Reverse,100114258202,100114258202,11504,1503.81,5.0,0.0,0.0,0.0,return_refund,0.0,0.0,0.0,0.0,0.0,0.0,0.0,0.0,NA,0,1750.0
NFT-/XUTR/DEUTH02616883380X,46.67,0.0,0.0,2899.0,980.0,186.2,4.667,0.0,0.0,prepaid,0.933,0.0,0.0,45.0,0.0,53.1,735.1,"",'133186918265343488201,2026-06-17,11181529758,3f45f455-2c6e-4f44-ade1-38c23ce466c9,"",Forward,100126800446,1000036429187,11504,933.33,5.0,1748.0,0.0,1748.0,packet_delivered,0.0,0.0,0.0,0.0,0.0,0.0,0.0,0.0,NA,0,1151.0
NFT-/XUTR/DEUTH02616883380X,60.86,0.0,0.0,2899.0,1278.0,316.688,6.086,0.0,0.0,prepaid,1.217,182.0,0.0,0.0,0.0,214.76,-1168.769,"",'133190551616056386701,2026-06-17,11183449818,fb42909f-e4fb-4346-8566-7ee0602daa74,100168007889,Reverse,100128720506,100128720506,11504,1217.14,5.0,1450.0,0.0,1450.0,return_refund,0.0,0.0,0.0,0.0,0.0,0.0,0.0,0.0,NA,0,1449.0
NFT-/XUTR/DEUTH02616883380X,46.62,0.0,0.0,2299.0,979.0,254.14800000000002,4.662,0.0,0.0,prepaid,0.932,182.0,0.0,0.0,0.0,214.76,-934.018,"",'133186743013617413703,2026-06-17,11181399488,08fe4920-a7db-4f0b-b1f3-ab0283613324,100168176074,Reverse,100126670176,100126670176,11504,932.38,5.0,1149.0,0.0,1149.0,return_refund,0.0,0.0,0.0,0.0,0.0,0.0,0.0,0.0,NA,0,1150.0
NFT-/XUTR/DEUTH02616883380X,72.76,0.0,0.0,1699.0,1528.0,360.608,7.276,0.0,0.0,prepaid,1.455,182.0,0.0,0.0,0.0,214.76,-1373.421,"",'133186875742741995001,2026-06-17,11181497787,344fa7db-f79f-4dd1-a6c1-3411097d08a7,100167962603,Reverse,100126768475,100126768475,11504,1455.24,5.0,0.0,0.0,0.0,return_refund,0.0,0.0,0.0,0.0,0.0,0.0,0.0,0.0,NA,0,1699.0
NFT-/XUTR/DEUTH02616883380X,45.62,0.0,0.0,1699.0,958.0,248.697,4.562,0.0,0.0,prepaid,0.912,0.0,0.0,31.0,0.0,36.58,667.249,"",'133187340703828936003,2026-06-17,11182074583,2275e860-213a-4f76-b6b5-2ba3b70fea45,"",Forward,100127345275,100127345275,11504,912.38,5.0,570.0,0.0,570.0,packet_delivered,0.0,0.0,0.0,0.0,0.0,0.0,0.0,0.0,NA,0,1129.0
NFT-/XUTR/DEUTH02616883380X,28.67,0.0,0.0,1699.0,602.0,156.279,2.867,0.0,0.0,prepaid,0.573,0.0,0.0,31.0,0.0,36.58,405.701,"",'133193254270169044601,2026-06-17,11185477667,67ee55fe-9a35-47a3-a0b7-169933f2975d,"",Forward,100130748354,100130748354,11504,573.33,5.0,1003.0,0.0,1003.0,packet_delivered,0.0,0.0,0.0,0.0,0.0,0.0,0.0,0.0,NA,0,696.0
NFT-/XUTR/DEUTH02616883380X,35.1,0.0,0.0,1750.0,737.0,191.325,3.51,0.0,0.0,prepaid,0.702,0.0,0.0,31.0,0.0,36.58,504.883,"",'133222802970011857903,2026-06-17,11198682963,d1785ac5-2d0d-4756-b236-31feee9e1806,"",Forward,100143953648,1000039116312,11504,701.9,5.0,919.0,0.0,919.0,packet_delivered,0.0,0.0,0.0,0.0,0.0,0.0,0.0,0.0,NA,0,831.0
NFT-/XUTR/DEUTH02616883380X,91.91,0.0,0.0,4499.0,1930.0,478.254,9.19,0.0,0.0,prepaid,1.838,0.0,0.0,49.0,0.0,57.82,1382.898,"",'133195711929182225801,2026-06-17,11187191842,16efb6a9-4422-4ee3-9f44-1ae3e7d71302,"",Forward,100132462529,100132462529,11504,1838.1,5.0,2363.0,0.0,2363.0,packet_delivered,0.0,0.0,0.0,0.0,0.0,0.0,0.0,0.0,NA,0,2136.01
NFT-/XUTR/DEUTH02616883380X,402.87,0.0,0.0,3999.0,1528.7540000000001,360.786,6.478,0.0,0.0,prepaid,1.296,73.514,0.0,0.0,0.0,86.74652,-1246.941,"",'133178237701862624503,2026-06-17,11176541665,6609b7da-5fc6-40f8-ab73-1cfa21c78b3d,11176541665,Reverse,100121812353,100121812353,11504,2238.14,18.0,1152.0,0.0,1152.0,exchange,0.0,0.0,0.0,0.0,0.0,0.0,0.0,0.0,NA,0,2847.0099999999998
NFT-/XUTR/DEUTH02616883380X,37.19,0.0,0.0,1750.0,781.0,202.748,3.719,0.0,0.0,prepaid,0.744,182.0,0.0,0.0,0.0,214.76,-788.549,"",'133190869161051662901,2026-06-17,11183672806,98a672c2-5412-494a-aa5c-b5efd301e2c9,11183672806,Reverse,100128943494,100128943494,11504,743.81,5.0,875.0,0.0,875.0,exchange,0.0,0.0,0.0,0.0,0.0,0.0,0.0,0.0,NA,0,875.0
NFT-/XUTR/DEUTH02616883380X,48.48,0.0,0.0,1699.0,1018.0,240.248,4.848,0.0,0.0,prepaid,0.97,182.0,0.0,0.0,0.0,214.76,-986.694,"",'133191554554820776701,2026-06-17,11184217316,6277ee11-707e-48da-93f0-b6b9f4b4ff31,100168414206,Reverse,100129488004,100129488004,11504,969.52,5.0,510.0,0.0,510.0,return_refund,0.0,0.0,0.0,0.0,0.0,0.0,0.0,0.0,NA,0,1189.0
NFT-/XUTR/DEUTH02616883380X,66.48,0.0,0.0,3299.0,1396.0,345.929,6.648,0.0,0.0,prepaid,1.33,0.0,0.0,49.0,0.0,57.82,984.273,"",'133202387565099095501,2026-06-17,11190094797,6015156d-d916-456d-8be1-71700194a56b,"",Forward,100135365483,100135365483,11504,1329.52,5.0,1732.0,0.0,1732.0,packet_delivered,0.0,0.0,0.0,0.0,0.0,0.0,0.0,0.0,NA,0,1567.0
NFT-/XUTR/DEUTH02616883380X,36.19,0.0,0.0,1799.0,760.0,197.296,3.619,0.0,0.0,prepaid,0.724,106.0,0.0,0.0,0.0,125.08,-683.441,"",'133221818178372497001,2026-06-17,11198431588,22b7db21-b022-4813-a38d-579e3d827523,100168018440,Reverse,100143702273,100143702273,11504,723.81,5.0,945.0,0.0,945.0,return_refund,0.0,0.0,0.0,0.0,0.0,0.0,0.0,0.0,NA,0,854.0
NFT-/XUTR/DEUTH02616883380X,85.14,0.0,0.0,2999.0,1788.0,443.066,8.514,0.0,0.0,prepaid,1.703,0.0,0.0,49.0,0.0,57.82,1276.897,"",'133222050331634856803,2026-06-17,11198547424,9ff22d4b-a642-4bc3-861f-e2b171ab4045,"",Forward,100143818109,100143818109,11504,1702.86,5.0,1005.0,0.0,1005.0,packet_delivered,0.0,0.0,0.0,0.0,0.0,0.0,0.0,0.0,NA,0,1994.0
NFT-/XUTR/DEUTH02616883380X,48.48,0.0,0.0,1699.0,1018.0,240.248,4.848,0.0,0.0,prepaid,0.97,182.0,0.0,0.0,0.0,214.76,-986.694,"",'133190991780296707103,2026-06-17,11183766547,2773a81a-5cd5-48e3-8f9b-4213da42ab0b,11183766547,Reverse,100129037235,100129037235,11504,969.52,5.0,510.0,0.0,510.0,exchange,0.0,0.0,0.0,0.0,0.0,0.0,0.0,0.0,NA,0,1189.0
NFT-/XUTR/DEUTH02616883380X,59.67,0.0,0.0,2999.0,1253.0,310.493,5.967,0.0,0.0,prepaid,1.193,0.0,0.0,49.0,0.0,57.82,877.527,"",'133186712597077688103,2026-06-17,11181377451,041cd8e4-076a-4238-8176-65f758c59742,"",Forward,100126648139,100126648139,11504,1193.33,5.0,1575.0,0.0,1575.0,packet_delivered,0.0,0.0,0.0,0.0,0.0,0.0,0.0,0.0,NA,0,1424.0
NFT-/XUTR/DEUTH02616883380X,426.05,0.0,0.0,2999.0,2793.0,659.148,11.835,0.0,0.0,prepaid,2.367,0.0,0.0,65.0,0.0,76.7,2042.95,"",'133195546069279498303,2026-06-17,11187047207,0a2522b1-0275-48ab-8d03-f6a2cfd8e80d,"",Forward,100132317894,1000036408265,11504,2366.95,18.0,0.0,0.0,0.0,packet_delivered,0.0,0.0,0.0,0.0,0.0,0.0,0.0,0.0,NA,0,2999.0
NFT-/XUTR/DEUTH02616883380X,0.0,21.55,21.55,1999.0,905.0,234.938,0.0,2.155,2.155,prepaid,0.862,0.0,0.0,31.0,0.0,36.58,628.31,"",'133212310080483923603,2026-06-17,11194900690,a68ce133-8066-45a2-a774-e46eb808dc2e,"",Forward,100140171376,1000039402739,11504,861.9,5.0,1000.0,0.0,1000.0,packet_delivered,0.0,0.0,0.0,0.0,0.0,0.0,0.0,0.0,NA,0,998.9999999999999
NFT-/XUTR/DEUTH02616883380X,32.43,0.0,0.0,2499.0,681.0,32.143,3.243,0.0,0.0,prepaid,0.649,127.0,0.0,0.0,0.0,149.86,-794.825,"",'133220160341712742803,2026-06-17,11197590887,fdb814a6-7fa5-4b51-acb1-7dd939044480,100168058998,Reverse,100142861573,100142861573,11504,648.57,5.0,1700.0,0.0,1700.0,return_refund,0.0,0.0,0.0,0.0,0.0,0.0,0.0,0.0,NA,0,799.0
NFT-/XUTR/DEUTH02616883380X,53.95,0.0,0.0,2899.0,1133.0,280.757,5.395,0.0,0.0,prepaid,1.079,0.0,0.0,49.0,0.0,57.82,787.949,"",'133183376706339379001,2026-06-17,11179620331,de95eccf-8a77-4f61-80f9-a01bbfb548ae,"",Forward,100124891019,100124891019,11504,1079.05,5.0,1595.0,0.0,1595.0,packet_delivered,0.0,0.0,0.0,0.0,0.0,0.0,0.0,0.0,NA,0,1304.0
NFT-/XUTR/DEUTH02616883380X,51.33,0.0,0.0,2499.0,1078.0,267.128,5.133,0.0,0.0,prepaid,1.027,0.0,0.0,49.0,0.0,57.82,746.892,"",'133188383563793835403,2026-06-17,11182830245,749ae4fb-f450-4f86-86d8-e41e5800e737,"",Forward,100128100933,100128100933,11504,1026.67,5.0,1250.0,0.0,1250.0,packet_delivered,0.0,0.0,0.0,0.0,0.0,0.0,0.0,0.0,NA,0,1249.0
NFT-/XUTR/DEUTH02616883380X,63.24,0.0,0.0,1999.0,1328.0,313.408,6.324,0.0,0.0,prepaid,1.265,0.0,0.0,49.0,0.0,57.82,949.183,"",'133189937038763205903,2026-06-17,11183106683,01ff01ad-e7aa-4038-81f6-5a5970f5a720,"",Forward,100128377371,100128377371,11504,1264.76,5.0,500.0,0.0,500.0,packet_delivered,0.0,0.0,0.0,0.0,0.0,0.0,0.0,0.0,NA,0,1499.0
NFT-/XUTR/DEUTH02616883380X,27.86,0.0,0.0,1699.0,585.0,151.866,2.786,0.0,0.0,prepaid,0.557,0.0,0.0,31.0,0.0,36.58,393.211,"",'133221445454397002801,2026-06-17,11198205347,fe3594e1-d297-45ab-a40a-e4aad9d59f8f,"",Forward,100143476032,1000038954336,11504,557.14,5.0,1020.0,0.0,1020.0,packet_delivered,0.0,0.0,0.0,0.0,0.0,0.0,0.0,0.0,NA,0,679.0
NFT-/XUTR/DEUTH02616883380X,27.33,0.0,0.0,1699.0,574.0,149.01,2.733,0.0,0.0,prepaid,0.547,182.0,0.0,0.0,0.0,214.76,-636.47,"",'133186943719306891503,2026-06-17,11181549996,193680aa-bbe6-4fff-8d44-5a03117f574a,100169325401,Reverse,100126820684,1000035010182,11504,546.67,5.0,1031.0,0.0,1031.0,return_refund,0.0,0.0,0.0,0.0,0.0,0.0,0.0,0.0,NA,0,668.0
NFT-/XUTR/DEUTH02616883380X,426.05,0.0,0.0,2999.0,2793.0,659.148,11.835,0.0,0.0,prepaid,2.367,127.0,0.0,0.0,0.0,149.86,-2269.51,"",'133211510286879258903,2026-06-17,11194416034,7868d74f-16c0-4945-85f9-69bbeec69d21,100170715318,Reverse,100139686720,100139686720,11504,2366.95,18.0,0.0,0.0,0.0,return_refund,0.0,0.0,0.0,0.0,0.0,0.0,0.0,0.0,NA,0,2999.0
NFT-/XUTR/DEUTH02616883380X,18.95,0.0,0.0,1699.0,398.0,18.786,1.895,0.0,0.0,prepaid,0.379,0.0,0.0,3.0,0.0,3.54,373.4,"",'133195259170363674501,2026-06-17,11186794036,ce88348a-f5c2-4f9c-afc2-cd5589883b9d,"",Forward,100132064723,100132064723,11504,379.05,5.0,1207.0,0.0,1207.0,packet_delivered,0.0,0.0,0.0,0.0,0.0,0.0,0.0,0.0,NA,0,492.0
NFT-/XUTR/DEUTH02616883380X,38.91,0.0,0.0,2399.0,817.0,212.093,3.89,0.0,0.0,prepaid,0.778,182.0,0.0,0.0,0.0,214.76,-814.999,"",'133189835470238226901,2026-06-17,11183066912,fa5f1aae-a735-4632-81fa-5f70b1de5dbc,11183066912,Reverse,100128337600,100128337600,11504,778.1,5.0,1488.0,0.0,1488.0,exchange,0.0,0.0,0.0,0.0,0.0,0.0,0.0,0.0,NA,0,911.01
NFT-/XUTR/DEUTH02616883380X,33.57,0.0,0.0,1599.0,705.0,183.018,3.357,0.0,0.0,prepaid,0.671,0.0,0.0,31.0,0.0,36.58,481.374,"",'133192957449061780801,2026-06-17,11185279022,83e0eb86-d219-4e56-98c6-15c0218dbda6,"",Forward,100130549709,100130549709,11504,671.43,5.0,800.0,0.0,800.0,packet_delivered,0.0,0.0,0.0,0.0,0.0,0.0,0.0,0.0,NA,0,799.0
NFT-/XUTR/DEUTH02616883380X,68.71,0.0,0.0,3399.0,1443.0,357.575,6.871,0.0,0.0,prepaid,1.374,127.0,0.0,0.0,0.0,149.86,-1227.04,"",'133201560771076535203,2026-06-17,11189606402,b4438eca-c7f1-4793-a6c7-b2289125c6c1,100168786440,Reverse,100134877088,100134877088,11504,1374.29,5.0,1785.0,0.0,1785.0,return_refund,0.0,0.0,0.0,0.0,0.0,0.0,0.0,0.0,NA,0,1614.0
NFT-/XUTR/DEUTH02616883380X,66.43,0.0,0.0,3299.0,1395.0,345.681,6.643,0.0,0.0,prepaid,1.329,0.0,0.0,49.0,0.0,57.82,983.527,"",'133194806091831864001,2026-06-17,11186445163,b0852cb7-52bc-4054-bdd2-e995cb7dc444,"",Forward,100131715850,1000037444278,11504,1328.57,5.0,1733.0,0.0,1733.0,packet_delivered,0.0,0.0,0.0,0.0,0.0,0.0,0.0,0.0,NA,0,1566.0
NFT-/XUTR/DEUTH02616883380X,0.0,14.93,14.93,1899.0,627.0,162.769,0.0,1.493,1.493,prepaid,0.597,0.0,0.0,31.0,1.567,38.42906,422.219,"",'133211938536181839401,2026-06-17,11194659577,4c9bb290-84e2-40e6-a64a-d73c5d7222fc,"",Forward,100139930263,100139930263,11504,597.14,5.0,1178.0,0.0,1178.0,packet_delivered,0.0,0.0,0.0,0.0,0.0,0.0,0.0,0.0,NA,0,720.9999999999999
NFT-/XUTR/DEUTH02616883380X,41.95,0.0,0.0,1950.0,881.0,176.2,4.195,0.0,0.0,prepaid,0.839,0.0,0.0,45.0,0.0,53.1,646.666,"",'133187833127409053601,2026-06-17,11182649831,a7dd3bde-b64c-473d-850a-6dcecfad8e99,"",Forward,100127920519,100127920519,11504,839.05,5.0,975.0,0.0,975.0,packet_delivered,0.0,0.0,0.0,0.0,0.0,0.0,0.0,0.0,NA,0,975.0
NFT-/XUTR/DEUTH02616883380X,23.67,0.0,0.0,1399.0,497.0,35.188,2.367,0.0,0.0,prepaid,0.473,0.0,0.0,22.0,4.721,31.53078,427.441,"",'133185823627299899403,2026-06-17,11180854997,25f38f6a-87e2-4f67-ad18-90cbaf815d87,"",Forward,100126125685,100126125685,11504,473.33,5.0,808.0,0.0,808.0,packet_delivered,0.0,0.0,0.0,0.0,0.0,0.0,0.0,0.0,NA,0,591.0
NFT-/XUTR/DEUTH02616883380X,52.95,0.0,0.0,2999.0,1112.0,275.554,5.295,0.0,0.0,prepaid,1.059,0.0,0.0,49.0,0.0,57.82,772.272,"",'133212564710417778501,2026-06-17,11195085762,134eb5a5-929f-4e1d-b8b6-4dcfe803bbce,"",Forward,100140356448,1000039421096,11504,1059.05,5.0,1716.0,0.0,1716.0,packet_delivered,0.0,0.0,0.0,0.0,0.0,0.0,0.0,0.0,NA,0,1283.0
NFT-/XUTR/DEUTH02616883380X,36.0,0.0,0.0,2799.0,756.0,196.258,3.6,0.0,0.0,prepaid,0.72,127.0,0.0,0.0,0.0,149.86,-705.282,"",'133192165712358281201,2026-06-17,11184700817,3fce93df-ca48-4e7c-8860-7633dc262121,100168252309,Reverse,100129971505,100129971505,11504,720,5.0,1949.0,0.0,1949.0,return_refund,0.0,0.0,0.0,0.0,0.0,0.0,0.0,0.0,NA,0,850.0
NFT-/XUTR/DEUTH02616883380X,36.19,0.0,0.0,1799.0,760.0,197.296,3.619,0.0,0.0,prepaid,0.724,182.0,0.0,0.0,0.0,214.76,-773.121,"",'133190423665026695703,2026-06-17,11183367922,e5b7fd8b-5288-4126-81a1-00c86d04f349,100168638039,Reverse,100128638610,100128638610,11504,723.81,5.0,945.0,0.0,945.0,return_refund,0.0,0.0,0.0,0.0,0.0,0.0,0.0,0.0,NA,0,854.0
NFT-/XUTR/DEUTH02616883380X,48.81,0.0,0.0,1799.0,962.0,227.032,4.581,0.0,0.0,prepaid,0.916,0.0,0.0,45.988,0.0,54.26584,675.205,"",'133179331535411877603,2026-06-17,11177703113,f0214171-9810-434c-85d7-bd8b4445026e,"",Forward,100122973801,1000034318700,11504,976.19,5.0,603.0,63.0,666.0,packet_delivered,0.0,0.0,0.0,0.0,0.0,0.0,0.0,0.0,NA,0,1196.0
NFT-/XUTR/DEUTH02616883380X,40.71,0.0,0.0,1899.0,855.0,221.958,4.071,0.0,0.0,prepaid,0.814,127.0,0.0,0.0,0.0,149.86,-778.017,"",'133187560851855946301,2026-06-17,11182405094,66cea810-513b-4dcc-88a9-b0cf9042aa04,11182405094,Reverse,100127675781,100127675781,11504,814.29,5.0,950.0,0.0,950.0,exchange,0.0,0.0,0.0,0.0,0.0,0.0,0.0,0.0,NA,0,949.0
NFT-/XUTR/DEUTH02616883380X,63.24,0.0,0.0,2999.0,1328.0,329.078,6.324,0.0,0.0,prepaid,1.265,106.0,0.0,0.0,0.0,125.08,-1116.413,"",'133217437162633044603,2026-06-17,11196469553,2a2a7d68-dbe5-49b9-a62b-cac5fbd49801,100168774508,Reverse,100141740239,100141740239,11504,1264.76,5.0,1500.0,0.0,1500.0,return_refund,0.0,0.0,0.0,0.0,0.0,0.0,0.0,0.0,NA,0,1499.0
NFT-/XUTR/DEUTH02616883380X,9.9,0.0,0.0,399.0,340.0,52.156,1.65,0.0,0.0,prepaid,0.33,0.0,0.0,30.0,0.0,35.4,250.464,"",'133190915021197068101,2026-06-17,11183707787,bf941ec0-135f-4ab3-b873-06f11eeea7b6,"",Forward,100128978475,1000035357509,11504,330.1,3.0,0.0,0.0,0.0,packet_delivered,0.0,0.0,0.0,0.0,0.0,0.0,0.0,0.0,NA,0,399.0
NFT-/XUTR/DEUTH02616883380X,35.1,0.0,0.0,1750.0,737.0,191.325,3.51,0.0,0.0,prepaid,0.702,182.0,0.0,0.0,0.0,214.76,-756.223,"",'133187425175285377301,2026-06-17,11182212454,cafaa295-934b-4146-85a9-b0b069066727,11182212454,Reverse,100127483142,100127483142,11504,701.9,5.0,919.0,0.0,919.0,exchange,0.0,0.0,0.0,0.0,0.0,0.0,0.0,0.0,NA,0,831.0
NFT-/XUTR/DEUTH02616883380X,29.71,0.0,0.0,1699.0,624.0,161.99,2.971,0.0,0.0,prepaid,0.594,0.0,0.0,31.0,0.0,36.58,421.865,"",'133183513939759942401,2026-06-17,11179694821,019fbd21-a9e3-47a0-9a24-0ef1b3b30530,"",Forward,100124965509,100124965509,11504,594.29,5.0,981.0,0.0,981.0,packet_delivered,0.0,0.0,0.0,0.0,0.0,0.0,0.0,0.0,NA,0,718.0
NFT-/XUTR/DEUTH02616883380X,487.07,0.0,0.0,3399.0,3193.0,753.548,13.53,0.0,0.0,prepaid,2.706,0.0,0.0,65.0,0.0,76.7,2346.516,"",'133186163806073113603,2026-06-17,11181034955,1ac7ba57-d967-4316-b281-6de971d467a1,"",Forward,100126305643,100126305643,11504,2705.93,18.0,0.0,0.0,0.0,packet_delivered,0.0,0.0,0.0,0.0,0.0,0.0,0.0,0.0,NA,0,3399.0
NFT-/XUTR/DEUTH02616883380X,40.71,0.0,0.0,1899.0,855.0,221.958,4.071,0.0,0.0,prepaid,0.814,0.0,0.0,31.0,0.0,36.58,591.577,"",'133191014750252557303,2026-06-17,11183783491,d19ed7ce-2085-4d1c-86c4-7d84ca474e99,"",Forward,100129054179,100129054179,11504,814.29,5.0,950.0,0.0,950.0,packet_delivered,0.0,0.0,0.0,0.0,0.0,0.0,0.0,0.0,NA,0,949.0
NFT-/XUTR/DEUTH02616883380X,38.33,0.0,0.0,2499.0,805.0,208.978,3.833,0.0,0.0,prepaid,0.767,0.0,0.0,31.0,13.605,52.6339,538.788,"",'133194109618933647303,2026-06-17,11186001238,b223ecad-621a-4193-beb6-524472cf7a79,"",Forward,100131271925,100131271925,11504,766.67,5.0,1600.0,0.0,1600.0,packet_delivered,0.0,0.0,0.0,0.0,0.0,0.0,0.0,0.0,NA,0,899.0
NFT-/XUTR/DEUTH02616883380X,51.81,0.0,0.0,1799.0,1088.0,256.768,5.181,0.0,0.0,prepaid,1.036,0.0,0.0,49.0,0.0,57.82,767.195,"",'133195268097511523501,2026-06-17,11186802025,934ef0fb-360c-493f-82df-2f493e99bb17,"",Forward,100132072712,100132072712,11504,1036.19,5.0,540.0,0.0,540.0,packet_delivered,0.0,0.0,0.0,0.0,0.0,0.0,0.0,0.0,NA,0,1259.0
NFT-/XUTR/DEUTH02616883380X,28.86,0.0,0.0,1750.0,606.0,157.318,2.886,0.0,0.0,prepaid,0.577,106.0,0.0,0.0,0.0,125.08,-570.299,"",'133211757104860448103,2026-06-17,11194554645,78ee88f4-610f-40a2-adea-dd94af3bee4b,100169413941,Reverse,100139825331,1000038481017,11504,577.14,5.0,1050.0,0.0,1050.0,return_refund,0.0,0.0,0.0,0.0,0.0,0.0,0.0,0.0,NA,0,700.0
NFT-/XUTR/DEUTH02616883380X,40.71,0.0,0.0,1899.0,855.0,221.958,4.071,0.0,0.0,prepaid,0.814,0.0,0.0,31.0,0.0,36.58,591.577,"",'133187188330018154703,2026-06-17,11181817959,f7bb4f59-5f2c-456d-bac9-60c7fca119c2,"",Forward,100127088647,100127088647,11504,814.29,5.0,950.0,0.0,950.0,packet_delivered,0.0,0.0,0.0,0.0,0.0,0.0,0.0,0.0,NA,0,949.0
NFT-/XUTR/DEUTH02616883380X,56.1,0.0,0.0,2699.0,1178.0,291.908,5.61,0.0,0.0,prepaid,1.122,0.0,0.0,49.0,0.0,57.82,821.54,"",'133193304443682921601,2026-06-17,11185510683,decc1944-4134-4c71-892f-7c3e8024fcfa,"",Forward,100130781370,100130781370,11504,1121.9,5.0,1350.0,0.0,1350.0,packet_delivered,0.0,0.0,0.0,0.0,0.0,0.0,0.0,0.0,NA,0,1349.0
NFT-/XUTR/DEUTH02616883380X,40.71,0.0,0.0,1899.0,855.0,221.958,4.071,0.0,0.0,prepaid,0.814,0.0,0.0,31.0,0.0,36.58,591.577,"",'133195288331509309503,2026-06-17,11186819529,9296294b-1f8c-4b01-9a1c-c68b089efdf8,"",Forward,100132090216,100132090216,11504,814.29,5.0,950.0,0.0,950.0,packet_delivered,0.0,0.0,0.0,0.0,0.0,0.0,0.0,0.0,NA,0,949.0
NFT-/XUTR/DEUTH02616883380X,43.1,0.0,0.0,2799.0,2.5100000000000002,0.651,0.012,0.0,0.0,prepaid,0.002,0.505,0.0,0.0,0.0,0.5959,-2.441,"",'133195286120108450203,2026-06-17,11186817556,0dc70d54-7a69-4374-a8df-a92571bc27a8,100168773791,Reverse,100132088243,100132088243,11504,861.9,5.0,1800.0,0.0,1800.0,return_refund,0.0,0.0,0.0,0.0,0.0,0.0,0.0,0.0,NA,0,999.0
NFT-/XUTR/DEUTH02616883380X,63.24,0.0,0.0,2999.0,1328.0,329.078,6.324,0.0,0.0,prepaid,1.265,0.0,0.0,49.0,0.0,57.82,933.513,"",'133186904061586344101,2026-06-17,11181518701,88058272-1d84-4a64-a53d-4fba38605719,"",Forward,100126789389,100126789389,11504,1264.76,5.0,1500.0,0.0,1500.0,packet_delivered,0.0,0.0,0.0,0.0,0.0,0.0,0.0,0.0,NA,0,1499.0
NFT-/XUTR/DEUTH02616883380X,38.43,0.0,0.0,1899.0,807.0,209.497,3.843,0.0,0.0,prepaid,0.769,0.0,0.0,31.0,0.0,36.58,556.311,"",'133191844834746069401,2026-06-17,11184455103,fc6c9930-5477-4b6e-bfa2-363a1837c897,"",Forward,100129725791,1000035517747,11504,768.57,5.0,998.0,0.0,998.0,packet_delivered,0.0,0.0,0.0,0.0,0.0,0.0,0.0,0.0,NA,0,901.0
NFT-/XUTR/DEUTH02616883380X,41.81,0.0,0.0,1699.0,878.0,227.929,4.181,0.0,0.0,prepaid,0.836,0.0,0.0,31.0,0.0,36.58,608.474,"",'133221348272420360101,2026-06-17,11198151360,241421c9-9e7d-465e-80ab-a4865d6e7323,"",Forward,100143422045,1000038950337,11504,836.19,5.0,650.0,0.0,650.0,packet_delivered,0.0,0.0,0.0,0.0,0.0,0.0,0.0,0.0,NA,0,1049.0
NFT-/XUTR/DEUTH02616883380X,0.0,24.57,24.57,1850.0,1032.0,243.552,0.0,2.457,2.457,prepaid,0.983,106.0,0.0,0.0,0.0,125.08,-907.631,"",'133214012605082639601,2026-06-17,11195823303,49d978b4-bc54-4cc5-a6ea-11df5a2a24fd,100169825403,Reverse,100141093989,1000038496496,11504,982.86,5.0,647.0,0.0,647.0,return_refund,0.0,0.0,0.0,0.0,0.0,0.0,0.0,0.0,NA,0,1203.0
NFT-/XUTR/DEUTH02616883380X,48.48,0.0,0.0,1699.0,1018.0,240.248,4.848,0.0,0.0,prepaid,0.97,0.0,0.0,49.0,0.0,57.82,714.114,"",'133191554554820776701,2026-06-17,11184217316,6277ee11-707e-48da-93f0-b6b9f4b4ff31,"",Forward,100129488004,100129488004,11504,969.52,5.0,510.0,0.0,510.0,packet_delivered,0.0,0.0,0.0,0.0,0.0,0.0,0.0,0.0,NA,0,1189.0
NFT-/XUTR/DEUTH02616883380X,44.19,0.0,0.0,2199.0,927.9999999999999,240.909,4.419,0.0,0.0,prepaid,0.884,106.0,0.0,0.0,0.0,125.08,-806.868,"",'133217284707374741803,2026-06-17,11196398804,e1d5bd35-d02d-4ed7-8ef6-f4bda5c94ae6,100170903105,Reverse,100141669490,100141669490,11504,883.81,5.0,1100.0,0.0,1100.0,return_refund,0.0,0.0,0.0,0.0,0.0,0.0,0.0,0.0,NA,0,1099.0
NFT-/XUTR/DEUTH02616883380X,21.43,0.0,0.0,1599.0,450.0,21.24,2.143,0.0,0.0,prepaid,0.429,182.0,0.0,0.0,0.0,214.76,-640.948,"",'133125548543508922303,2026-06-17,11160863512,8f624502-3668-490e-8a3a-ce6d4b6e5aad,11160863512,Reverse,100106134212,1000031042822,11504,428.57,5.0,1055.0,0.0,1055.0,exchange,0.0,0.0,0.0,0.0,0.0,0.0,0.0,0.0,NA,0,544.0
NFT-/XUTR/DEUTH02616883380X,0.0,37.57,37.57,3499.0,1578.0,391.028,0.0,3.757,3.757,prepaid,1.503,106.0,0.0,0.0,0.0,125.08,-1303.035,"",'133212310080483923603,2026-06-17,11194900663,a68ce133-8066-45a2-a774-e46eb808dc2e,100169046575,Reverse,100140171349,1000039402739,11504,1502.86,5.0,1750.0,0.0,1750.0,return_refund,0.0,0.0,0.0,0.0,0.0,0.0,0.0,0.0,NA,0,1748.9999999999998
NFT-/XUTR/DEUTH02616883380X,75.14,0.0,0.0,3499.0,1578.0,391.028,7.514,0.0,0.0,prepaid,1.503,106.0,0.0,0.0,0.0,125.08,-1303.035,"",'133221512459733573201,2026-06-17,11198244300,6c88d1b8-31ff-4602-ada5-ac8cc541ddb1,11198244300,Reverse,100143514985,100143514985,11504,1502.86,5.0,1750.0,0.0,1750.0,exchange,0.0,0.0,0.0,0.0,0.0,0.0,0.0,0.0,NA,0,1749.0
NFT-/XUTR/DEUTH02616883380X,28.67,0.0,0.0,1699.0,602.0,156.279,2.867,0.0,0.0,prepaid,0.573,0.0,0.0,31.0,0.0,36.58,405.701,"",'133221445454397002801,2026-06-17,11198205343,fe3594e1-d297-45ab-a40a-e4aad9d59f8f,"",Forward,100143476028,1000038954336,11504,573.33,5.0,1003.0,0.0,1003.0,packet_delivered,0.0,0.0,0.0,0.0,0.0,0.0,0.0,0.0,NA,0,696.0
NFT-/XUTR/DEUTH02616883380X,46.14,0.0,0.0,2999.0,968.9999999999999,184.11,4.614,0.0,0.0,prepaid,0.923,127.0,0.0,0.0,0.0,149.86,-929.213,"",'133193415351133459401,2026-06-17,11185581387,85ca5de5-78ca-4c10-a9ab-5772f7cbbf21,11185581387,Reverse,100130852074,100130852074,11504,922.86,5.0,1859.0,0.0,1859.0,exchange,0.0,0.0,0.0,0.0,0.0,0.0,0.0,0.0,NA,0,1140.0
NFT-/XUTR/DEUTH02616883380X,0.0,15.83,15.83,1999.0,665.0,31.388,0.0,1.5835,1.5835,prepaid,0.633,106.0,0.0,0.0,0.0,125.08,-754.892,"",'133186876332536133001,2026-06-17,11181498143,ec1a76be-c7ed-43e6-bc2e-d05e40f9bb22,100173953548,Reverse,100126768831,100126768831,11504,633.34,5.0,1240.0,0.0,1240.0,return_refund,0.0,0.0,0.0,0.0,0.0,0.0,0.0,0.0,NA,0,759.0000000000001
NFT-/XUTR/DEUTH02616883380X,0.0,15.48,15.48,1650.0,650.0,143.0,0.0,1.5475,1.5475,prepaid,0.619,0.0,0.0,27.0,0.0,31.86,471.426,"",'133212675442527874001,2026-06-17,11195167209,94ff4377-a080-4cc2-8b77-7f386ae4c25e,"",Forward,100140437895,100140437895,11504,619.04,5.0,906.0,0.0,906.0,packet_delivered,0.0,0.0,0.0,0.0,0.0,0.0,0.0,0.0,NA,0,744.0
NFT-/XUTR/DEUTH02616883380X,70.38,0.0,0.0,3299.0,1478.0,366.248,7.038,0.0,0.0,prepaid,1.408,0.0,0.0,49.0,0.0,57.82,1045.486,"",'133216031300361427301,2026-06-17,11195990383,e47d61e8-8ee2-49d3-9fee-c91722cece49,"",Forward,100141261069,100141261069,11504,1407.62,5.0,1650.0,0.0,1650.0,packet_delivered,0.0,0.0,0.0,0.0,0.0,0.0,0.0,0.0,NA,0,1649.0
NFT-/XUTR/DEUTH02616883380X,33.91,0.0,0.0,1699.0,712.0,184.835,3.39,0.0,0.0,prepaid,0.678,182.0,0.0,0.0,0.0,214.76,-737.857,"",'133184089329533007103,2026-06-17,11180003607,2190ba61-cb75-4925-a83e-582968e37a27,11180003607,Reverse,100125274295,1000034722450,11504,678.1,5.0,893.0,0.0,893.0,exchange,0.0,0.0,0.0,0.0,0.0,0.0,0.0,0.0,NA,0,806.01
NFT-/XUTR/DEUTH02616883380X,49.81,0.0,0.0,2999.0,971.192,240.661,4.625,0.0,0.0,prepaid,0.925,0.0,0.0,45.496,0.0,53.68528,671.296,"",'133185337888838464301,2026-06-17,11180621481,7346b08d-5f91-4800-8f45-12209b89f7e7,"",Forward,100125892169,100125892169,11504,996.19,5.0,1782.0,0.0,1782.0,packet_delivered,0.0,0.0,0.0,0.0,0.0,0.0,0.0,0.0,NA,0,1217.0
NFT-/XUTR/DEUTH02616883380X,31.38,0.0,0.0,2599.0,659.0,31.105000000000004,3.138,0.0,0.0,prepaid,0.628,0.0,0.0,31.0,0.0,36.58,587.549,"",'133221874329128105801,2026-06-17,11198469325,18f8c5c3-0cf0-40ae-8ca9-120348105aca,"",Forward,100143740010,100143740010,11504,627.62,5.0,1846.0,0.0,1846.0,packet_delivered,0.0,0.0,0.0,0.0,0.0,0.0,0.0,0.0,NA,0,753.0
NFT-/XUTR/DEUTH02616883380X,35.67,0.0,0.0,1999.0,749.0,194.44,3.567,0.0,0.0,prepaid,0.713,0.0,0.0,31.0,0.0,36.58,513.7,"",'133190029802748840103,2026-06-17,11183148167,a50711d7-619b-4b54-9f23-4a6c1ccecec7,"",Forward,100128418855,100128418855,11504,713.33,5.0,1156.0,0.0,1156.0,packet_delivered,0.0,0.0,0.0,0.0,0.0,0.0,0.0,0.0,NA,0,843.0
NFT-/XUTR/DEUTH02616883380X,20.14,0.0,0.0,1750.0,423.00000000000006,19.966,2.014,0.0,0.0,prepaid,0.403,106.0,0.0,0.0,0.0,125.08,-525.697,"",'133217622802374816501,2026-06-17,11196556329,ebcfb9f7-629b-450a-9a79-4237599e372b,100168099290,Reverse,100141827015,100141827015,11504,402.86,5.0,1233.0,0.0,1233.0,return_refund,0.0,0.0,0.0,0.0,0.0,0.0,0.0,0.0,NA,0,517.0
NFT-/XUTR/DEUTH02616883380X,37.33,0.0,0.0,1850.0,784.0,203.526,3.733,0.0,0.0,prepaid,0.747,0.0,0.0,31.0,0.0,36.58,539.414,"",'133192570180077116801,2026-06-17,11185003984,7e7890f5-0a93-4c7e-93df-8fa94444c155,"",Forward,100130274673,100130274673,11504,746.67,5.0,972.0,0.0,972.0,packet_delivered,0.0,0.0,0.0,0.0,0.0,0.0,0.0,0.0,NA,0,878.0
NFT-/XUTR/DEUTH02616883380X,39.62,0.0,0.0,1950.0,832.0,215.987,3.962,0.0,0.0,prepaid,0.792,0.0,0.0,31.0,0.0,36.58,574.679,"",'133199347412171737301,2026-06-17,11188250885,3676f8fd-8809-4081-bf1e-7dd80e5a7da1,"",Forward,100133521572,100133521572,11504,792.38,5.0,1024.0,0.0,1024.0,packet_delivered,0.0,0.0,0.0,0.0,0.0,0.0,0.0,0.0,NA,0,926.0
NFT-/XUTR/DEUTH02616883380X,0.0,36.38,36.38,3399.0,1528.0,378.638,0.0,3.638,3.638,prepaid,1.455,106.0,0.0,0.0,0.0,125.08,-1265.711,"",'133212310080483923603,2026-06-17,11194900675,a68ce133-8066-45a2-a774-e46eb808dc2e,100169045576,Reverse,100140171361,1000039402739,11504,1455.24,5.0,1700.0,0.0,1700.0,return_refund,0.0,0.0,0.0,0.0,0.0,0.0,0.0,0.0,NA,0,1699.0000000000002
NFT-/XUTR/DEUTH02616883380X,0.0,37.57,37.57,3499.0,1578.0,391.028,0.0,3.757,3.757,prepaid,1.503,0.0,0.0,49.0,0.0,57.82,1120.135,"",'133212310080483923603,2026-06-17,11194900663,a68ce133-8066-45a2-a774-e46eb808dc2e,"",Forward,100140171349,1000039402739,11504,1502.86,5.0,1750.0,0.0,1750.0,packet_delivered,0.0,0.0,0.0,0.0,0.0,0.0,0.0,0.0,NA,0,1748.9999999999998
NFT-/XUTR/DEUTH02616883380X,70.38,0.0,0.0,3299.0,1478.0,366.248,7.038,0.0,0.0,prepaid,1.408,182.0,0.0,0.0,0.0,214.76,-1318.066,"",'133192580567305398003,2026-06-17,11185011498,475f79f6-9ccd-437c-a659-be36389dfa01,100168168363,Reverse,100130282186,100130282186,11504,1407.62,5.0,1650.0,0.0,1650.0,return_refund,0.0,0.0,0.0,0.0,0.0,0.0,0.0,0.0,NA,0,1649.0
NFT-/XUTR/DEUTH02616883380X,59.67,0.0,0.0,2999.0,1253.0,310.493,5.967,0.0,0.0,prepaid,1.193,0.0,0.0,49.0,0.0,57.82,877.527,"",'133185837207206193803,2026-06-17,11180862188,c7ec2e11-2e87-4055-8d88-ba0d4654e979,"",Forward,100126132876,100126132876,11504,1193.33,5.0,1575.0,0.0,1575.0,packet_delivered,0.0,0.0,0.0,0.0,0.0,0.0,0.0,0.0,NA,0,1424.0
NFT-/XUTR/DEUTH02616883380X,63.24,0.0,0.0,2999.0,1328.0,329.078,6.324,0.0,0.0,prepaid,1.265,0.0,0.0,49.0,0.0,57.82,933.513,"",'133181858497677969103,2026-06-17,11178700540,d7dc0779-34c3-40c4-8965-bb40dda06e8f,"",Forward,100123971228,100123971228,11504,1264.76,5.0,1500.0,0.0,1500.0,packet_delivered,0.0,0.0,0.0,0.0,0.0,0.0,0.0,0.0,NA,0,1499.0
NFT-/XUTR/DEUTH02616883380X,70.38,0.0,0.0,3299.0,1478.0,366.248,7.038,0.0,0.0,prepaid,1.408,106.0,0.0,0.0,0.0,125.08,-1228.386,"",'133216031300361427301,2026-06-17,11195990383,e47d61e8-8ee2-49d3-9fee-c91722cece49,100168379497,Reverse,100141261069,100141261069,11504,1407.62,5.0,1650.0,0.0,1650.0,return_refund,0.0,0.0,0.0,0.0,0.0,0.0,0.0,0.0,NA,0,1649.0
NFT-/XUTR/DEUTH02616883380X,68.48,0.0,0.0,1999.0,1438.0,339.368,6.848,0.0,0.0,prepaid,1.37,182.0,0.0,0.0,0.0,214.76,-1305.174,"",'133190306048326988801,2026-06-17,11183295481,e9971fde-9239-4469-ab1e-4cd862a3dafe,11183295481,Reverse,100128566169,100128566169,11504,1369.52,5.0,390.0,0.0,390.0,exchange,0.0,0.0,0.0,0.0,0.0,0.0,0.0,0.0,NA,0,1609.0
NFT-/XUTR/DEUTH02616883380X,40.71,0.0,0.0,1899.0,855.0,221.958,4.071,0.0,0.0,prepaid,0.814,106.0,0.0,0.0,0.0,125.08,-753.237,"",'133217484260775695301,2026-06-17,11196491362,479e0fd8-53f7-400d-ac56-1e70ec7072a9,11196491362,Reverse,100141762048,100141762048,11504,814.29,5.0,950.0,0.0,950.0,exchange,0.0,0.0,0.0,0.0,0.0,0.0,0.0,0.0,NA,0,949.0
NFT-/XUTR/DEUTH02616883380X,42.76,0.0,0.0,2250.0,898.0,179.6,4.276,0.0,0.0,prepaid,0.855,0.0,0.0,45.0,0.0,53.1,660.169,"",'133183385361873040601,2026-06-17,11179624983,053d9fa9-d297-4d8b-bc1e-b1d77ceaea8c,"",Forward,100124895671,100124895671,11504,855.24,5.0,1181.0,0.0,1181.0,packet_delivered,0.0,0.0,0.0,0.0,0.0,0.0,0.0,0.0,NA,0,1069.0
NFT-/XUTR/DEUTH02616883380X,19.1,0.0,0.0,1650.0,401.0,18.927,1.91,0.0,0.0,prepaid,0.382,0.0,0.0,18.0,0.0,21.24,358.541,"",'133186720059595406301,2026-06-17,11181383026,b8c87393-29e3-4470-9482-de699c5c5562,"",Forward,100126653714,100126653714,11504,381.9,5.0,1155.0,0.0,1155.0,packet_delivered,0.0,0.0,0.0,0.0,0.0,0.0,0.0,0.0,NA,0,495.0
NFT-/XUTR/DEUTH02616883380X,39.05,0.0,0.0,1899.0,820.0,212.872,3.905,0.0,0.0,prepaid,0.781,0.0,0.0,27.0,0.0,31.86,570.582,"",'133156613269030222001,2026-06-17,11170165964,4ef650ae-b62f-479d-b22a-180b66f5e43e,"",Forward,100115436654,1000032931454,11504,780.95,5.0,985.0,0.0,985.0,packet_delivered,0.0,0.0,0.0,0.0,0.0,0.0,0.0,0.0,NA,0,914.0
NFT-/XUTR/DEUTH02616883380X,47.29,0.0,0.0,1799.0,993.0,218.46,4.729,0.0,0.0,prepaid,0.946,0.0,0.0,27.0,0.0,31.86,737.005,"",'133187930893439148203,2026-06-17,11182702686,1d2dc80f-5bd7-4865-ae14-8ea718e0fd95,"",Forward,100127973374,100127973374,11504,945.71,5.0,635.0,0.0,635.0,packet_delivered,0.0,0.0,0.0,0.0,0.0,0.0,0.0,0.0,NA,0,1164.0
NFT-/XUTR/DEUTH02616883380X,0.0,41.12,41.12,3100.0,1727.0,362.67,0.0,4.112,4.112,prepaid,1.645,0.0,0.0,61.0,0.0,71.98,1282.481,"",'133220584789237226403,2026-06-17,11197773276,9ea797c5-9427-4cc7-ac08-ea141685e64f,"",Forward,100143043961,100143043961,11504,1644.76,5.0,1167.0,0.0,1167.0,packet_delivered,0.0,0.0,0.0,0.0,0.0,0.0,0.0,0.0,NA,0,1932.9999999999998
NFT-/XUTR/DEUTH02616883380X,34.81,0.0,0.0,1650.0,731.0,189.768,3.481,0.0,0.0,prepaid,0.696,0.0,0.0,31.0,0.0,36.58,500.475,"",'133220419903240182501,2026-06-17,11197702169,8088f39b-f0bd-4b9e-b6dd-3062b30e1268,"",Forward,100142972855,100142972855,11504,696.19,5.0,825.0,0.0,825.0,packet_delivered,0.0,0.0,0.0,0.0,0.0,0.0,0.0,0.0,NA,0,825.0
NFT-/XUTR/DEUTH02616883380X,0.0,27.33,27.33,3199.0,648.49,123.213,0.0,1.544,1.544,prepaid,0.618,59.878,0.0,0.0,0.0,70.65604,-592.227,"",'133221423794616127701,2026-06-17,11198193115,6d8e002e-9ddf-48f6-85fa-31a418943866,100168321335,Reverse,100143463800,100143463800,11504,1093.34,5.0,1880.0,0.0,1880.0,return_refund,0.0,0.0,0.0,0.0,0.0,0.0,0.0,0.0,NA,0,1318.9999999999998
NFT-/XUTR/DEUTH02616883380X,59.67,0.0,0.0,2999.0,1253.0,310.493,5.967,0.0,0.0,prepaid,1.193,182.0,0.0,0.0,0.0,214.76,-1150.107,"",'133185837207206193803,2026-06-17,11180862188,c7ec2e11-2e87-4055-8d88-ba0d4654e979,100168450557,Reverse,100126132876,100126132876,11504,1193.33,5.0,1575.0,0.0,1575.0,return_refund,0.0,0.0,0.0,0.0,0.0,0.0,0.0,0.0,NA,0,1424.0
NFT-/XUTR/DEUTH02616883380X,59.67,0.0,0.0,2999.0,1253.0,310.493,5.967,0.0,0.0,prepaid,1.193,0.0,0.0,49.0,0.0,57.82,877.527,"",'133196038357314091203,2026-06-17,11187486312,79c64aa1-852b-439f-93cd-b4d7e01de2ec,"",Forward,100132756999,100132756999,11504,1193.33,5.0,1575.0,0.0,1575.0,packet_delivered,0.0,0.0,0.0,0.0,0.0,0.0,0.0,0.0,NA,0,1424.0
NFT-/XUTR/DEUTH02616883380X,49.14,0.0,0.0,3399.0,992.0,188.48,4.724,0.0,0.0,prepaid,0.945,0.0,0.0,43.256,0.0,51.04208,746.809,"",'133187406040994080403,2026-06-17,11182182878,086e95da-1dda-42a9-989f-94ea040a406e,"",Forward,100127453565,100127453565,11504,982.86,5.0,2196.0,40.0,2236.0,packet_delivered,0.0,0.0,0.0,0.0,0.0,0.0,0.0,0.0,NA,0,1203.0
NFT-/XUTR/DEUTH02616883380X,47.29,0.0,0.0,1799.0,970.9999999999999,213.62,4.624,0.0,0.0,prepaid,0.925,124.186,0.0,0.0,0.0,146.53948,-898.37,"",'133186292994076904603,2026-06-17,11181106132,a0a1a741-f52e-4c90-b9d7-163121c5dd98,100168382044,Reverse,100126376820,1000034936941,11504,945.71,5.0,635.0,22.0,657.0,return_refund,0.0,0.0,0.0,0.0,0.0,0.0,0.0,0.0,NA,0,1164.0
NFT-/XUTR/DEUTH02616883380X,33.57,0.0,0.0,1999.0,705.0,183.018,3.357,0.0,0.0,prepaid,0.671,0.0,0.0,31.0,5.076,42.56968,475.384,"",'133183523286005420001,2026-06-17,11179699958,6bfeb296-f137-4dfa-a0c0-cdcce3b6fa48,"",Forward,100124970646,1000035416430,11504,671.43,5.0,1200.0,0.0,1200.0,packet_delivered,0.0,0.0,0.0,0.0,0.0,0.0,0.0,0.0,NA,0,799.0
NFT-/XUTR/DEUTH02616883380X,0.0,27.33,27.33,3199.0,648.49,123.213,0.0,1.544,1.544,prepaid,0.618,0.0,0.0,25.42,0.0,29.9956,491.575,"",'133221423794616127701,2026-06-17,11198193115,6d8e002e-9ddf-48f6-85fa-31a418943866,"",Forward,100143463800,100143463800,11504,1093.34,5.0,1880.0,0.0,1880.0,packet_delivered,0.0,0.0,0.0,0.0,0.0,0.0,0.0,0.0,NA,0,1318.9999999999998
NFT-/XUTR/DEUTH02616883380X,39.62,0.0,0.0,1950.0,832.0,166.4,3.962,0.0,0.0,prepaid,0.792,0.0,0.0,45.0,0.0,53.1,607.746,"",'133187558212697585101,2026-06-17,11182401810,dbadcfe9-16e2-4cd1-9238-56d49d9cd338,"",Forward,100127672498,100127672498,11504,792.38,5.0,1024.0,0.0,1024.0,packet_delivered,0.0,0.0,0.0,0.0,0.0,0.0,0.0,0.0,NA,0,926.0
NFT-/XUTR/DEUTH02616883380X,28.67,0.0,0.0,1699.0,602.0,156.279,2.867,0.0,0.0,prepaid,0.573,0.0,0.0,31.0,0.0,36.58,405.701,"",'133190893266874903601,2026-06-17,11183691549,18ecce0f-c47d-4195-9b13-9b1b58ee1bae,"",Forward,100128962237,100128962237,11504,573.33,5.0,1003.0,0.0,1003.0,packet_delivered,0.0,0.0,0.0,0.0,0.0,0.0,0.0,0.0,NA,0,696.0
NFT-/XUTR/DEUTH02616883380X,106.81,0.0,0.0,3499.0,2243.0,529.348,10.681,0.0,0.0,prepaid,2.136,0.0,0.0,65.0,0.0,76.7,1624.135,"",'133216383494829121601,2026-06-17,11196077657,dcf1b944-76c3-4af2-8bc9-ec8ea018c360,"",Forward,100141348343,100141348343,11504,2136.19,5.0,1050.0,0.0,1050.0,packet_delivered,0.0,0.0,0.0,0.0,0.0,0.0,0.0,0.0,NA,0,2449.0
NFT-/XUTR/DEUTH02616883380X,54.67,0.0,0.0,3199.0,1148.0,218.12,5.467,0.0,0.0,prepaid,1.093,0.0,0.0,45.0,0.0,53.1,870.22,"",'133187502692454081401,2026-06-17,11182326182,3213ab59-b168-49df-b1a1-00b243b95d55,"",Forward,100127596870,100127596870,11504,1093.33,5.0,1880.0,0.0,1880.0,packet_delivered,0.0,0.0,0.0,0.0,0.0,0.0,0.0,0.0,NA,0,1319.0
NFT-/XUTR/DEUTH02616883380X,40.71,0.0,0.0,1999.0,855.0,221.958,4.071,0.0,0.0,prepaid,0.814,0.0,0.0,31.0,1.625,38.4975,589.66,"",'133200993247710887601,2026-06-17,11189223232,3a49210f-1ad1-4272-9a54-1d72b66f754d,"",Forward,100134493918,100134493918,11504,814.29,5.0,1050.0,0.0,1050.0,packet_delivered,0.0,0.0,0.0,0.0,0.0,0.0,0.0,0.0,NA,0,949.0
NFT-/XUTR/DEUTH02616883380X,28.91,0.0,0.0,1799.0,607.0,157.577,2.89,0.0,0.0,prepaid,0.578,0.0,0.0,31.0,3.156,40.30408,405.651,"",'133216621647849097603,2026-06-17,11196148481,22ebdfcf-ff4a-41bc-8256-389b9cc73df3,"",Forward,100141419167,100141419167,11504,578.1,5.0,1098.0,0.0,1098.0,packet_delivered,0.0,0.0,0.0,0.0,0.0,0.0,0.0,0.0,NA,0,701.01
NFT-/XUTR/DEUTH02616883380X,59.67,0.0,0.0,2999.0,1253.0,310.493,5.967,0.0,0.0,prepaid,1.193,182.0,0.0,0.0,0.0,214.76,-1150.107,"",'133192959038118894301,2026-06-17,11185280183,bf2b6da7-afc5-4902-97bd-836cc6cb9739,100167870745,Reverse,100130550870,1000036435005,11504,1193.33,5.0,1575.0,0.0,1575.0,return_refund,0.0,0.0,0.0,0.0,0.0,0.0,0.0,0.0,NA,0,1424.0
NFT-/XUTR/DEUTH02616883380X,68.71,0.0,0.0,3399.0,1443.0,357.575,6.871,0.0,0.0,prepaid,1.374,0.0,0.0,49.0,0.0,57.82,1019.36,"",'133201560771076535203,2026-06-17,11189606402,b4438eca-c7f1-4793-a6c7-b2289125c6c1,"",Forward,100134877088,100134877088,11504,1374.29,5.0,1785.0,0.0,1785.0,packet_delivered,0.0,0.0,0.0,0.0,0.0,0.0,0.0,0.0,NA,0,1614.0
NFT-/XUTR/DEUTH02616883380X,17.38,0.0,0.0,1599.0,365.0,17.228,1.738,0.0,0.0,prepaid,0.348,0.0,0.0,3.0,0.0,3.54,342.146,"",'133193076018328747701,2026-06-17,11185359886,a9337cec-4b8f-4bf9-9963-8bb899d2bb47,"",Forward,100130630573,100130630573,11504,347.62,5.0,1175.0,0.0,1175.0,packet_delivered,0.0,0.0,0.0,0.0,0.0,0.0,0.0,0.0,NA,0,424.0
NFT-/XUTR/DEUTH02616883380X,57.38,0.0,0.0,2899.0,1205.0,298.599,5.738,0.0,0.0,prepaid,1.148,182.0,0.0,0.0,0.0,214.76,-1114.275,"",'133184126073961843101,2026-06-17,11180023674,c1c19eca-6b7c-44c7-b989-4917263b1ccf,100167901609,Reverse,100125294362,1000035397916,11504,1147.62,5.0,1523.0,0.0,1523.0,return_refund,0.0,0.0,0.0,0.0,0.0,0.0,0.0,0.0,NA,0,1376.0
NFT-/XUTR/DEUTH02616883380X,78.48,0.0,0.0,2599.0,1648.0,388.928,7.848,0.0,0.0,prepaid,1.57,0.0,0.0,45.0,0.0,53.1,1196.554,"",'133177022880192395403,2026-06-17,11176242661,134725d9-b8f7-472d-9255-404a55e6883d,"",Forward,100121513349,100121513349,11504,1569.52,5.0,780.0,0.0,780.0,packet_delivered,0.0,0.0,0.0,0.0,0.0,0.0,0.0,0.0,NA,0,1819.0
NFT-/XUTR/DEUTH02616883380X,42.71,0.0,0.0,3199.0,897.0,232.861,4.271,0.0,0.0,prepaid,0.854,0.0,0.0,31.0,0.0,36.58,622.434,"",'133193324802214243303,2026-06-17,11185523702,f95068aa-49f5-4f48-866e-413d636944b2,"",Forward,100130794389,100130794389,11504,854.29,5.0,2208.0,0.0,2208.0,packet_delivered,0.0,0.0,0.0,0.0,0.0,0.0,0.0,0.0,NA,0,991.0
NFT-/XUTR/DEUTH02616883380X,0.0,25.67,25.67,2499.0,1078.0,254.408,0.0,2.5665,2.5665,prepaid,1.027,0.0,0.0,49.0,8.085,67.3603,750.072,"",'133212823391339673803,2026-06-17,11195278019,3504f12e-d4d5-4816-b56e-839c594e9ae8,"",Forward,100140548705,100140548705,11504,1026.66,5.0,1250.0,0.0,1250.0,packet_delivered,0.0,0.0,0.0,0.0,0.0,0.0,0.0,0.0,NA,0,1249.0000000000002
NFT-/XUTR/DEUTH02616883380X,45.62,0.0,0.0,1699.0,958.0,248.697,4.562,0.0,0.0,prepaid,0.912,0.0,0.0,31.0,0.0,36.58,667.249,"",'133183297867612768401,2026-06-17,11179576401,31cbd59a-7c3f-47ac-99bb-1a63ac37a24e,"",Forward,100124847089,100124847089,11504,912.38,5.0,570.0,0.0,570.0,packet_delivered,0.0,0.0,0.0,0.0,0.0,0.0,0.0,0.0,NA,0,1129.0
NFT-/XUTR/DEUTH02616883380X,0.0,9.74,9.74,1799.0,409.0,19.305,0.0,0.974,0.974,prepaid,0.39,0.0,0.0,22.0,3.517,30.11006,357.247,"",'133207803161818298801,2026-06-17,11192156658,c89b6d53-e298-4baf-ba6a-32fe75b4b466,"",Forward,100137427344,100137427344,11504,389.52,5.0,1296.0,0.0,1296.0,packet_delivered,0.0,0.0,0.0,0.0,0.0,0.0,0.0,0.0,NA,0,503.0
NFT-/XUTR/DEUTH02616883380X,0.0,13.93,13.93,1699.0,585.0,151.866,0.0,1.393,1.393,prepaid,0.557,0.0,0.0,31.0,3.218,40.37724,389.414,"",'133212746322314178401,2026-06-17,11195222114,f46aa4e8-537f-4592-87e2-deb1198372a7,"",Forward,100140492800,100140492800,11504,557.14,5.0,1020.0,0.0,1020.0,packet_delivered,0.0,0.0,0.0,0.0,0.0,0.0,0.0,0.0,NA,0,678.9999999999999
NFT-/XUTR/DEUTH02616883380X,52.86,0.0,0.0,2699.0,69.111,17.126,0.329,0.0,0.0,prepaid,0.066,0.0,0.0,3.051,0.214,3.8527,47.737,"",'133221606193319768801,2026-06-17,11198299362,9372cde5-0c37-4d5b-abe0-c81c17e8b253,"",Forward,100143570047,100143570047,11504,1057.14,5.0,1418.0,0.0,1418.0,packet_delivered,0.0,0.0,0.0,0.0,0.0,0.0,0.0,0.0,NA,0,1281.0
NFT-/XUTR/DEUTH02616883380X,20.14,0.0,0.0,1850.0,423.0,19.966,2.014,0.0,0.0,prepaid,0.403,0.0,0.0,22.0,2.876,29.35368,371.263,"",'133194132178025102303,2026-06-17,11186014945,5a06cd5d-70be-41c6-b7c0-5fd8e846f1c9,"",Forward,100131285632,100131285632,11504,402.86,5.0,1368.0,0.0,1368.0,packet_delivered,0.0,0.0,0.0,0.0,0.0,0.0,0.0,0.0,NA,0,482.0
NFT-/XUTR/DEUTH02616883380X,60.86,0.0,0.0,2899.0,1278.0,316.688,6.086,0.0,0.0,prepaid,1.217,127.0,0.0,0.0,0.0,149.86,-1103.869,"",'133208917667045323303,2026-06-17,11192769512,8c5c3f81-2e86-41fe-b510-0568a6328409,100167946206,Reverse,100138040198,1000038469092,11504,1217.14,5.0,1450.0,0.0,1450.0,return_refund,0.0,0.0,0.0,0.0,0.0,0.0,0.0,0.0,NA,0,1449.0
NFT-/XUTR/DEUTH02616883380X,0.0,20.1,20.1,1999.0,844.0,219.102,0.0,2.0095,2.0095,prepaid,0.804,0.0,0.0,31.0,4.473,41.85814,578.217,"",'133208183265039109603,2026-06-17,11192324684,2ad1d51c-ff72-499f-bc9c-ebae6c8c64b5,"",Forward,100137595370,100137595370,11504,803.8,5.0,1061.0,0.0,1061.0,packet_delivered,0.0,0.0,0.0,0.0,0.0,0.0,0.0,0.0,NA,0,938.0
NFT-/XUTR/DEUTH02616883380X,33.67,0.0,0.0,1599.0,707.0,183.537,3.367,0.0,0.0,prepaid,0.673,0.0,0.0,31.0,0.0,36.58,482.843,"",'133215669776174704801,2026-06-17,11195929473,57512926-6d19-431a-88e5-bb373eec3943,"",Forward,100141200159,100141200159,11504,673.33,5.0,798.0,0.0,798.0,packet_delivered,0.0,0.0,0.0,0.0,0.0,0.0,0.0,0.0,NA,0,801.0
NFT-/XUTR/DEUTH02616883380X,75.24,0.0,0.0,3499.0,1580.0,316.0,7.524,0.0,0.0,prepaid,1.505,0.0,0.0,61.0,0.0,71.98,1182.991,"",'133189277882566303001,2026-06-17,11182932954,b2eb4019-4b6f-4b32-9656-b75b9f3811e5,"",Forward,100128203642,100128203642,11504,1504.76,5.0,1748.0,0.0,1748.0,packet_delivered,0.0,0.0,0.0,0.0,0.0,0.0,0.0,0.0,NA,0,1751.0
NFT-/XUTR/DEUTH02616883380X,40.71,0.0,0.0,2499.0,855.0,221.958,4.071,0.0,0.0,prepaid,0.814,0.0,0.0,31.0,0.0,36.58,591.577,"",'133221834291809160103,2026-06-17,11198442473,f893c1fc-172c-4ee4-8926-77d3cbc96c39,"",Forward,100143713158,100143713158,11504,814.29,5.0,1550.0,0.0,1550.0,packet_delivered,0.0,0.0,0.0,0.0,0.0,0.0,0.0,0.0,NA,0,949.0
NFT-/XUTR/DEUTH02616883380X,52.95,0.0,0.0,2999.0,1112.0,275.554,5.295,0.0,0.0,prepaid,1.059,0.0,0.0,49.0,0.0,57.82,772.272,"",'133212564710417778501,2026-06-17,11195085778,134eb5a5-929f-4e1d-b8b6-4dcfe803bbce,"",Forward,100140356464,1000039421096,11504,1059.05,5.0,1716.0,0.0,1716.0,packet_delivered,0.0,0.0,0.0,0.0,0.0,0.0,0.0,0.0,NA,0,1283.0
NFT-/XUTR/DEUTH02616883380X,38.43,0.0,0.0,1899.0,807.0,209.497,3.843,0.0,0.0,prepaid,0.769,0.0,0.0,31.0,0.0,36.58,556.311,"",'133220828301330922401,2026-06-17,11197883215,cdcb70c5-d57a-4791-b8c2-e811d3be8a04,"",Forward,100143153900,100143153900,11504,768.57,5.0,998.0,0.0,998.0,packet_delivered,0.0,0.0,0.0,0.0,0.0,0.0,0.0,0.0,NA,0,901.0
NFT-/XUTR/DEUTH02616883380X,426.05,0.0,0.0,2999.0,2793.0,659.148,11.835,0.0,0.0,prepaid,2.367,0.0,0.0,65.0,0.0,76.7,2042.95,"",'133211510286879258903,2026-06-17,11194416034,7868d74f-16c0-4945-85f9-69bbeec69d21,"",Forward,100139686720,100139686720,11504,2366.95,18.0,0.0,0.0,0.0,packet_delivered,0.0,0.0,0.0,0.0,0.0,0.0,0.0,0.0,NA,0,2999.0
NFT-/XUTR/DEUTH02616883380X,36.19,0.0,0.0,1799.0,760.0,197.296,3.619,0.0,0.0,prepaid,0.724,0.0,0.0,31.0,0.0,36.58,521.781,"",'133182398774883763803,2026-06-17,11178998411,b417f8b9-9ba5-47c2-a44f-8878ba3d0e6f,"",Forward,100124269099,1000034503207,11504,723.81,5.0,945.0,0.0,945.0,packet_delivered,0.0,0.0,0.0,0.0,0.0,0.0,0.0,0.0,NA,0,854.0
NFT-/XUTR/DEUTH02616883380X,27.71,0.0,0.0,1650.0,582.0,151.087,2.771,0.0,0.0,prepaid,0.554,0.0,0.0,31.0,1.804,38.70872,388.879,"",'133190801541716480003,2026-06-17,11183621192,c195120e-72d0-4bda-9d33-90fee446bdbb,"",Forward,100128891880,1000035339984,11504,554.29,5.0,974.0,0.0,974.0,packet_delivered,0.0,0.0,0.0,0.0,0.0,0.0,0.0,0.0,NA,0,676.0
NFT-/XUTR/DEUTH02616883380X,31.38,0.0,0.0,2599.0,659.0,31.105000000000004,3.138,0.0,0.0,prepaid,0.628,0.0,0.0,31.0,0.0,36.58,587.549,"",'133200232989285282401,2026-06-17,11188741933,58e16e0d-f3f5-4f5a-b4e1-4e985752899a,"",Forward,100134012620,100134012620,11504,627.62,5.0,1846.0,0.0,1846.0,packet_delivered,0.0,0.0,0.0,0.0,0.0,0.0,0.0,0.0,NA,0,753.0
NFT-/XUTR/DEUTH02616883380X,38.38,0.0,0.0,1799.0,806.0,177.32,3.838,0.0,0.0,prepaid,0.768,0.0,0.0,27.0,1.29,33.3822,590.692,"",'133190088645533451403,2026-06-17,11183177073,42fd6413-2e49-4980-9b9d-3162ac5acbf2,"",Forward,100128447760,100128447760,11504,767.62,5.0,899.0,0.0,899.0,packet_delivered,0.0,0.0,0.0,0.0,0.0,0.0,0.0,0.0,NA,0,900.0
NFT-/XUTR/DEUTH02616883380X,37.19,0.0,0.0,1750.0,781.0,202.748,3.719,0.0,0.0,prepaid,0.744,0.0,0.0,31.0,0.0,36.58,537.209,"",'133190869161051662901,2026-06-17,11183672806,98a672c2-5412-494a-aa5c-b5efd301e2c9,"",Forward,100128943494,100128943494,11504,743.81,5.0,875.0,0.0,875.0,packet_delivered,0.0,0.0,0.0,0.0,0.0,0.0,0.0,0.0,NA,0,875.0
NFT-/XUTR/DEUTH02616883380X,48.48,0.0,0.0,1699.0,983.0,231.988,4.681,0.0,0.0,prepaid,0.936,0.0,0.0,47.315,0.0,55.8317,689.563,"",'133187246139017954003,2026-06-17,11181919771,241dd5a1-fa55-4f6d-a2d5-52910915982d,"",Forward,100127190459,1000036393580,11504,969.52,5.0,510.0,35.0,545.0,packet_delivered,0.0,0.0,0.0,0.0,0.0,0.0,0.0,0.0,NA,0,1189.0
NFT-/XUTR/DEUTH02616883380X,60.86,0.0,0.0,2899.0,1278.0,316.688,6.086,0.0,0.0,prepaid,1.217,0.0,0.0,49.0,0.0,57.82,896.189,"",'133213592763563770903,2026-06-17,11195733166,342d691b-cc74-4eed-85c7-b457936d51f6,"",Forward,100141003852,100141003852,11504,1217.14,5.0,1450.0,0.0,1450.0,packet_delivered,0.0,0.0,0.0,0.0,0.0,0.0,0.0,0.0,NA,0,1449.0
NFT-/XUTR/DEUTH02616883380X,72.76,0.0,0.0,3399.0,1528.0,378.638,7.276,0.0,0.0,prepaid,1.455,182.0,0.0,0.0,0.0,214.76,-1355.391,"",'133183544657808192401,2026-06-17,11179711221,0ef42d95-9e73-40f8-8a15-d19aca2d0715,11179711221,Reverse,100124981909,100124981909,11504,1455.24,5.0,1700.0,0.0,1700.0,exchange,0.0,0.0,0.0,0.0,0.0,0.0,0.0,0.0,NA,0,1699.0
NFT-/XUTR/DEUTH02616883380X,63.24,0.0,0.0,2999.0,1328.0,329.078,6.324,0.0,0.0,prepaid,1.265,182.0,0.0,0.0,0.0,214.76,-1206.093,"",'133181858497677969103,2026-06-17,11178700540,d7dc0779-34c3-40c4-8965-bb40dda06e8f,100168012669,Reverse,100123971228,100123971228,11504,1264.76,5.0,1500.0,0.0,1500.0,return_refund,0.0,0.0,0.0,0.0,0.0,0.0,0.0,0.0,NA,0,1499.0
NFT-/XUTR/DEUTH02616883380X,0.0,18.6,18.6,1750.0,781.0,202.748,0.0,1.8595,1.8595,prepaid,0.744,0.0,0.0,31.0,0.0,36.58,537.209,"",'133217853918919449203,2026-06-17,11196662180,dffcc4ac-e044-46c9-9330-22f9b2293f67,"",Forward,100141932866,100141932866,11504,743.8,5.0,875.0,0.0,875.0,packet_delivered,0.0,0.0,0.0,0.0,0.0,0.0,0.0,0.0,NA,0,875.0
NFT-/XUTR/DEUTH02616883380X,68.71,0.0,0.0,3399.0,1443.0,357.575,6.871,0.0,0.0,prepaid,1.374,0.0,0.0,49.0,0.0,57.82,1019.36,"",'133189646485700959203,2026-06-17,11183006246,ccfe205b-f5fc-46b3-989c-371d98ee542a,"",Forward,100128276934,100128276934,11504,1374.29,5.0,1785.0,0.0,1785.0,packet_delivered,0.0,0.0,0.0,0.0,0.0,0.0,0.0,0.0,NA,0,1614.0
NFT-/XUTR/DEUTH02616883380X,97.29,0.0,0.0,2999.0,6.23,1.47,0.03,0.0,0.0,prepaid,0.006,0.0,0.0,0.198,0.0,0.23364,4.49,"",'133202561872837164403,2026-06-17,11190192028,35ff4dbc-06dd-42ba-95da-45e8e1c33515,"",Forward,100135462714,1000037425909,11504,1945.71,5.0,750.0,0.0,750.0,packet_delivered,0.0,0.0,0.0,0.0,0.0,0.0,0.0,0.0,NA,0,2249.0
NFT-/XUTR/DEUTH02616883380X,41.81,0.0,0.0,1699.0,878.0,227.929,4.181,0.0,0.0,prepaid,0.836,106.0,0.0,0.0,0.0,125.08,-770.134,"",'133221348272420360101,2026-06-17,11198151360,241421c9-9e7d-465e-80ab-a4865d6e7323,100169303104,Reverse,100143422045,1000038950337,11504,836.19,5.0,650.0,0.0,650.0,return_refund,0.0,0.0,0.0,0.0,0.0,0.0,0.0,0.0,NA,0,1049.0
NFT-/XUTR/DEUTH02616883380X,53.95,0.0,0.0,2899.0,1133.0,280.757,5.395,0.0,0.0,prepaid,1.079,182.0,0.0,0.0,0.0,214.76,-1060.529,"",'133183376706339379001,2026-06-17,11179620331,de95eccf-8a77-4f61-80f9-a01bbfb548ae,100168082903,Reverse,100124891019,100124891019,11504,1079.05,5.0,1595.0,0.0,1595.0,return_refund,0.0,0.0,0.0,0.0,0.0,0.0,0.0,0.0,NA,0,1304.0
NFT-/XUTR/DEUTH02616883380X,20.14,0.0,0.0,1750.0,423.0,19.966,2.014,0.0,0.0,prepaid,0.403,0.0,0.0,18.0,3.299,25.13282,375.484,"",'133217622802374816501,2026-06-17,11196556329,ebcfb9f7-629b-450a-9a79-4237599e372b,"",Forward,100141827015,100141827015,11504,402.86,5.0,1233.0,0.0,1233.0,packet_delivered,0.0,0.0,0.0,0.0,0.0,0.0,0.0,0.0,NA,0,517.0
NFT-/XUTR/DEUTH02616883380X,32.1,0.0,0.0,1799.0,674.0,174.97,3.21,0.0,0.0,prepaid,0.642,106.0,0.0,0.0,0.0,125.08,-620.258,"",'133221348272420360101,2026-06-17,11198151352,241421c9-9e7d-465e-80ab-a4865d6e7323,100169303027,Reverse,100143422037,1000038950337,11504,641.9,5.0,1031.0,0.0,1031.0,return_refund,0.0,0.0,0.0,0.0,0.0,0.0,0.0,0.0,NA,0,768.0
NFT-/XUTR/DEUTH02616883380X,43.1,0.0,0.0,2799.0,2.51,0.651,0.012,0.0,0.0,prepaid,0.002,0.0,0.0,0.086,0.01,0.11328,1.732,"",'133195286120108450203,2026-06-17,11186817556,0dc70d54-7a69-4374-a8df-a92571bc27a8,"",Forward,100132088243,100132088243,11504,861.9,5.0,1800.0,0.0,1800.0,packet_delivered,0.0,0.0,0.0,0.0,0.0,0.0,0.0,0.0,NA,0,999.0
NFT-/XUTR/DEUTH02616883380X,487.07,0.0,0.0,3399.0,3193.0,753.548,13.53,0.0,0.0,prepaid,2.706,182.0,0.0,0.0,0.0,214.76,-2637.976,"",'133186163806073113603,2026-06-17,11181034955,1ac7ba57-d967-4316-b281-6de971d467a1,100168528102,Reverse,100126305643,100126305643,11504,2705.93,18.0,0.0,0.0,0.0,return_refund,0.0,0.0,0.0,0.0,0.0,0.0,0.0,0.0,NA,0,3399.0
NFT-/XUTR/DEUTH02616883380X,42.62,0.0,0.0,2999.0,895.0,232.342,4.262,0.0,0.0,prepaid,0.852,0.0,0.0,31.0,3.222,40.38196,617.162,"",'133207698304302235703,2026-06-17,11192117388,3f28d1a4-8476-4688-b1b2-fee279e254f3,"",Forward,100137388074,100137388074,11504,852.38,5.0,2010.0,0.0,2010.0,packet_delivered,0.0,0.0,0.0,0.0,0.0,0.0,0.0,0.0,NA,0,989.0
NFT-/XUTR/DEUTH02616883380X,0.0,29.83,29.83,2999.0,1253.0,310.493,0.0,2.9835,2.9835,prepaid,1.193,0.0,0.0,49.0,0.0,57.82,877.527,"",'133212840616217847303,2026-06-17,11195291028,c05b167c-8e65-43df-b270-ea73de289518,"",Forward,100140561714,100140561714,11504,1193.34,5.0,1575.0,0.0,1575.0,packet_delivered,0.0,0.0,0.0,0.0,0.0,0.0,0.0,0.0,NA,0,1423.9999999999998
NFT-/XUTR/DEUTH02616883380X,31.38,0.0,0.0,2599.0,659.0,31.105000000000004,3.138,0.0,0.0,prepaid,0.628,127.0,0.0,0.0,0.0,149.86,-773.989,"",'133200232989285282401,2026-06-17,11188741933,58e16e0d-f3f5-4f5a-b4e1-4e985752899a,100168735392,Reverse,100134012620,100134012620,11504,627.62,5.0,1846.0,0.0,1846.0,return_refund,0.0,0.0,0.0,0.0,0.0,0.0,0.0,0.0,NA,0,753.0
NFT-/XUTR/DEUTH02616883380X,108.81,0.0,0.0,3499.0,2285.0,539.26,10.881,0.0,0.0,prepaid,2.176,0.0,0.0,61.0,0.0,71.98,1660.703,"",'133177783711338247201,2026-06-17,11176414326,98f77694-6a22-471f-8dbe-b8f9fb31b773,"",Forward,100121685014,100121685014,11504,2176.19,5.0,1008.0,0.0,1008.0,packet_delivered,0.0,0.0,0.0,0.0,0.0,0.0,0.0,0.0,NA,0,2491.0
NFT-/XUTR/DEUTH02616883380X,32.43,0.0,0.0,2499.0,681.0,32.143,3.243,0.0,0.0,prepaid,0.649,0.0,0.0,9.0,1.702,12.62836,632.337,"",'133220160341712742803,2026-06-17,11197590887,fdb814a6-7fa5-4b51-acb1-7dd939044480,"",Forward,100142861573,100142861573,11504,648.57,5.0,1700.0,0.0,1700.0,packet_delivered,0.0,0.0,0.0,0.0,0.0,0.0,0.0,0.0,NA,0,799.0
NFT-/XUTR/DEUTH02616883380X,50.71,0.0,0.0,2999.0,1028.0,254.73799999999994,4.895,0.0,0.0,prepaid,0.979,0.0,0.0,47.298,0.0,55.81164,711.576,"",'133186527304299516403,2026-06-17,11181249279,1ce0a682-7f7f-4ad0-a887-650453e58fa9,"",Forward,100126519967,100126519967,11504,1014.29,5.0,1763.0,37.0,1800.0,packet_delivered,0.0,0.0,0.0,0.0,0.0,0.0,0.0,0.0,NA,0,1236.0
NFT-/XUTR/DEUTH02616883380X,63.24,0.0,0.0,2999.0,1328.0,329.078,6.324,0.0,0.0,prepaid,1.265,182.0,0.0,0.0,0.0,214.76,-1206.093,"",'133191562678295552103,2026-06-17,11184223975,9dc24a7b-95d5-40fd-af6b-36ea57890429,100170095478,Reverse,100129494664,100129494664,11504,1264.76,5.0,1500.0,0.0,1500.0,return_refund,0.0,0.0,0.0,0.0,0.0,0.0,0.0,0.0,NA,0,1499.0
NFT-/XUTR/DEUTH02616883380X,37.91,0.0,0.0,2699.0,796.0,206.642,3.79,0.0,0.0,prepaid,0.758,0.0,0.0,31.0,1.194,37.98892,546.821,"",'133185917907435481001,2026-06-17,11180904321,392fbf1b-8748-47e7-bf18-551890bf62cd,"",Forward,100126175009,100126175009,11504,758.1,5.0,1809.0,0.0,1809.0,packet_delivered,0.0,0.0,0.0,0.0,0.0,0.0,0.0,0.0,NA,0,890.01
NFT-/XUTR/DEUTH02616883380X,32.81,0.0,0.0,1650.0,689.0,178.864,3.281,0.0,0.0,prepaid,0.656,0.0,0.0,31.0,4.41,41.7838,464.415,"",'133195145610086538401,2026-06-17,11186698165,fe4cd249-dbf9-4954-9375-ddd7b36a8baf,"",Forward,100131968852,100131968852,11504,656.19,5.0,867.0,0.0,867.0,packet_delivered,0.0,0.0,0.0,0.0,0.0,0.0,0.0,0.0,NA,0,783.0
NFT-/XUTR/DEUTH02616883380X,0.0,18.57,18.57,1750.0,780.0,202.488,0.0,1.857,1.857,prepaid,0.743,106.0,0.0,0.0,0.0,125.08,-698.135,"",'133214012605082639601,2026-06-17,11195823304,49d978b4-bc54-4cc5-a6ea-11df5a2a24fd,100170812663,Reverse,100141093990,1000038496496,11504,742.86,5.0,876.0,0.0,876.0,return_refund,0.0,0.0,0.0,0.0,0.0,0.0,0.0,0.0,NA,0,874.0000000000001
NFT-/XUTR/DEUTH02616883380X,33.1,0.0,0.0,1750.0,695.0,180.422,3.31,0.0,0.0,prepaid,0.662,106.0,0.0,0.0,0.0,125.08,-635.686,"",'133212182743463783701,2026-06-17,11194812368,35a46203-0afe-4440-8f63-0e8ae98f71f4,11194812368,Reverse,100140083054,100140083054,11504,661.9,5.0,961.0,0.0,961.0,exchange,0.0,0.0,0.0,0.0,0.0,0.0,0.0,0.0,NA,0,789.0
NFT-/XUTR/DEUTH02616883380X,48.48,0.0,0.0,1699.0,1018.0,240.248,4.848,0.0,0.0,prepaid,0.97,182.0,0.0,0.0,0.0,214.76,-986.694,"",'133190801541716480003,2026-06-17,11183621200,c195120e-72d0-4bda-9d33-90fee446bdbb,100170859611,Reverse,100128891888,1000035339984,11504,969.52,5.0,510.0,0.0,510.0,return_refund,0.0,0.0,0.0,0.0,0.0,0.0,0.0,0.0,NA,0,1189.0
NFT-/XUTR/DEUTH02616883380X,87.05,0.0,0.0,1999.0,1828.0,431.408,8.705,0.0,0.0,prepaid,1.741,0.0,0.0,49.0,0.0,57.82,1328.326,"",'133183916121544662801,2026-06-17,11179912633,2f20adf8-8c3b-4e1d-bc54-90dbd758a8a1,"",Forward,100125183321,100125183321,11504,1740.95,5.0,0.0,0.0,0.0,packet_delivered,0.0,0.0,0.0,0.0,0.0,0.0,0.0,0.0,NA,0,1999.0
NFT-/XUTR/DEUTH02616883380X,48.48,0.0,0.0,1699.0,1018.0,240.248,4.848,0.0,0.0,prepaid,0.97,182.0,0.0,0.0,0.0,214.76,-986.694,"",'133187213538209127803,2026-06-17,11181862420,1e96dc84-6484-4080-b50a-c273372920bd,11181862420,Reverse,100127133108,100127133108,11504,969.52,5.0,510.0,0.0,510.0,exchange,0.0,0.0,0.0,0.0,0.0,0.0,0.0,0.0,NA,0,1189.0
NFT-/XUTR/DEUTH02616883380X,85.14,0.0,0.0,2999.0,1788.0,443.066,8.514,0.0,0.0,prepaid,1.703,106.0,0.0,0.0,0.0,125.08,-1459.797,"",'133222050331634856803,2026-06-17,11198547424,9ff22d4b-a642-4bc3-861f-e2b171ab4045,11198547424,Reverse,100143818109,100143818109,11504,1702.86,5.0,1005.0,0.0,1005.0,exchange,0.0,0.0,0.0,0.0,0.0,0.0,0.0,0.0,NA,0,1994.0
NFT-/XUTR/DEUTH02616883380X,27.33,0.0,0.0,1699.0,574.0,149.01,2.733,0.0,0.0,prepaid,0.547,0.0,0.0,31.0,0.0,36.58,385.13,"",'133186943719306891503,2026-06-17,11181549996,193680aa-bbe6-4fff-8d44-5a03117f574a,"",Forward,100126820684,1000035010182,11504,546.67,5.0,1031.0,0.0,1031.0,packet_delivered,0.0,0.0,0.0,0.0,0.0,0.0,0.0,0.0,NA,0,668.0
NFT-/XUTR/DEUTH02616883380X,43.1,0.0,0.0,1999.0,905.0,234.938,4.31,0.0,0.0,prepaid,0.862,0.0,0.0,31.0,3.167,40.31706,624.573,"",'133192531249406700803,2026-06-17,11184975045,337f5a9b-1285-41e4-9725-af4e2cba88dc,"",Forward,100130245733,100130245733,11504,861.9,5.0,1000.0,0.0,1000.0,packet_delivered,0.0,0.0,0.0,0.0,0.0,0.0,0.0,0.0,NA,0,999.0
NFT-/XUTR/DEUTH02616883380X,59.67,0.0,0.0,2999.0,1253.0,310.493,5.967,0.0,0.0,prepaid,1.193,0.0,0.0,49.0,0.0,57.82,877.527,"",'133186918265343488201,2026-06-17,11181529750,3f45f455-2c6e-4f44-ade1-38c23ce466c9,"",Forward,100126800438,1000036429187,11504,1193.33,5.0,1575.0,0.0,1575.0,packet_delivered,0.0,0.0,0.0,0.0,0.0,0.0,0.0,0.0,NA,0,1424.0
NFT-/XUTR/DEUTH02616883380X,43.1,0.0,0.0,2799.0,905.0,234.938,4.31,0.0,0.0,prepaid,0.862,182.0,0.0,0.0,0.0,214.76,-879.65,"",'133192647574469862903,2026-06-17,11185061054,4f767c4c-fe33-4eca-af7f-3a6ecc2ba916,11185061054,Reverse,100130331743,100130331743,11504,861.9,5.0,1800.0,0.0,1800.0,exchange,0.0,0.0,0.0,0.0,0.0,0.0,0.0,0.0,NA,0,999.0
NFT-/XUTR/DEUTH02616883380X,40.33,0.0,0.0,2899.0,187.208,48.599,0.891,0.0,0.0,prepaid,0.178,40.227,0.0,0.0,0.0,47.46786,-185.008,"",'133192447161892755901,2026-06-17,11184907844,64862533-17b8-4e34-b614-3a28f0c74073,100168991946,Reverse,100130178532,100130178532,11504,806.67,5.0,1881.0,0.0,1881.0,return_refund,0.0,0.0,0.0,0.0,0.0,0.0,0.0,0.0,NA,0,1018.0
NFT-/XUTR/DEUTH02616883380X,0.0,28.1,28.1,2999.0,1180.0,292.404,0.0,2.8095,2.8095,prepaid,1.124,106.0,0.0,0.0,0.0,125.08,-1005.933,"",'133211538403182911101,2026-06-17,11194431546,c42134e5-bc34-4e3d-8ca8-3d716e52f615,100171567116,Reverse,100139702232,100139702232,11504,1123.8,5.0,1648.0,0.0,1648.0,return_refund,0.0,0.0,0.0,0.0,0.0,0.0,0.0,0.0,NA,0,1350.9999999999998
NFT-/XUTR/DEUTH02616883380X,37.33,0.0,0.0,1850.0,784.0,203.526,3.733,0.0,0.0,prepaid,0.747,182.0,0.0,0.0,0.0,214.76,-790.754,"",'133193536337941340203,2026-06-17,11185656485,f059d844-a9cc-4e94-a633-457afe744b7c,100170750568,Reverse,100130927172,1000035800885,11504,746.67,5.0,972.0,0.0,972.0,return_refund,0.0,0.0,0.0,0.0,0.0,0.0,0.0,0.0,NA,0,878.0
NFT-/XUTR/DEUTH02616883380X,48.95,0.0,0.0,2999.0,1028.0,254.73799999999994,4.895,0.0,0.0,prepaid,0.979,0.0,0.0,49.0,0.0,57.82,709.568,"",'133193861225945718101,2026-06-17,11185853665,72322d70-2c7d-4b8b-bd28-bbd9dcb1677d,"",Forward,100131124352,1000036428892,11504,979.05,5.0,1800.0,0.0,1800.0,packet_delivered,0.0,0.0,0.0,0.0,0.0,0.0,0.0,0.0,NA,0,1199.0
NFT-/XUTR/DEUTH02616883380X,49.0,0.0,0.0,2999.0,1029.0,195.51,4.9,0.0,0.0,prepaid,0.98,0.0,0.0,45.0,7.1,61.478,766.132,"",'133193861225945718101,2026-06-17,11185853667,72322d70-2c7d-4b8b-bd28-bbd9dcb1677d,"",Forward,100131124354,1000036428892,11504,980,5.0,1799.0,0.0,1799.0,packet_delivered,0.0,0.0,0.0,0.0,0.0,0.0,0.0,0.0,NA,0,1200.0
NFT-/XUTR/DEUTH02616883380X,416.13,0.0,0.0,7999.0,2728.0,545.6,11.559,0.0,0.0,prepaid,2.312,229.0,0.0,0.0,0.0,270.22,-2438.749,"",'133212777349169445001,2026-06-17,11195245666,4fe1f1ea-30db-4307-aedd-449e9c63e090,100168613158,Reverse,100140516352,100140516352,11504,2311.86,18.0,4959.0,0.0,4959.0,return_refund,0.0,0.0,0.0,0.0,0.0,0.0,0.0,0.0,NA,0,3039.9900000000002
NFT-/XUTR/DEUTH02616883380X,560.9,0.0,0.0,5999.0,3677.0,867.772,15.581,0.0,0.0,prepaid,3.116,0.0,0.0,65.0,12.502,91.45236,2699.079,"",'133185740556922485401,2026-06-17,11180813579,3aee3c5c-d478-4a2d-b939-185badc28a65,"",Forward,100126084267,100126084267,11504,3116.1,18.0,2010.0,0.0,2010.0,packet_delivered,0.0,0.0,0.0,0.0,0.0,0.0,0.0,0.0,NA,0,3989.0
NFT-/XUTR/DEUTH02616883380X,33.67,0.0,0.0,1599.0,707.0,183.537,3.367,0.0,0.0,prepaid,0.673,0.0,0.0,31.0,0.0,36.58,482.843,"",'133192445389785783901,2026-06-17,11184906582,fdaffb5b-14b6-43dd-a512-cd7751a0aa46,"",Forward,100130177271,1000035615310,11504,673.33,5.0,798.0,0.0,798.0,packet_delivered,0.0,0.0,0.0,0.0,0.0,0.0,0.0,0.0,NA,0,801.0
NFT-/XUTR/DEUTH02616883380X,34.81,0.0,0.0,1650.0,731.0,189.768,3.481,0.0,0.0,prepaid,0.696,182.0,0.0,0.0,0.0,214.76,-751.815,"",'133192394948128189901,2026-06-17,11184868856,7225637d-66f1-4e3e-846f-2cb75d291aae,100169976390,Reverse,100130139544,1000035609862,11504,696.19,5.0,825.0,0.0,825.0,return_refund,0.0,0.0,0.0,0.0,0.0,0.0,0.0,0.0,NA,0,825.0
NFT-/XUTR/DEUTH02616883380X,0.0,22.57,22.57,2799.0,947.9999999999999,246.101,0.0,2.257,2.257,prepaid,0.903,106.0,0.0,0.0,0.0,125.08,-821.562,"",'133212310080483923603,2026-06-17,11194900668,a68ce133-8066-45a2-a774-e46eb808dc2e,100169046196,Reverse,100140171354,1000039402739,11504,902.86,5.0,1680.0,0.0,1680.0,return_refund,0.0,0.0,0.0,0.0,0.0,0.0,0.0,0.0,NA,0,1119.0
NFT-/XUTR/DEUTH02616883380X,59.67,0.0,0.0,2999.0,1253.0,310.493,5.967,0.0,0.0,prepaid,1.193,0.0,0.0,49.0,0.0,57.82,877.527,"",'133192959038118894301,2026-06-17,11185280183,bf2b6da7-afc5-4902-97bd-836cc6cb9739,"",Forward,100130550870,1000036435005,11504,1193.33,5.0,1575.0,0.0,1575.0,packet_delivered,0.0,0.0,0.0,0.0,0.0,0.0,0.0,0.0,NA,0,1424.0
NFT-/XUTR/DEUTH02616883380X,36.19,0.0,0.0,1799.0,760.0,197.296,3.619,0.0,0.0,prepaid,0.724,127.0,0.0,0.0,0.0,149.86,-708.221,"",'133194483720111768001,2026-06-17,11186230903,e9a2abac-249b-44da-9be3-59916b1dc8ae,100173525803,Reverse,100131501591,1000035845635,11504,723.81,5.0,945.0,0.0,945.0,return_refund,0.0,0.0,0.0,0.0,0.0,0.0,0.0,0.0,NA,0,854.0
NFT-/XUTR/DEUTH02616883380X,51.33,0.0,0.0,2499.0,1078.0,267.128,5.133,0.0,0.0,prepaid,1.027,182.0,0.0,0.0,0.0,214.76,-1019.472,"",'133188383563793835403,2026-06-17,11182830245,749ae4fb-f450-4f86-86d8-e41e5800e737,100169496520,Reverse,100128100933,100128100933,11504,1026.67,5.0,1250.0,0.0,1250.0,return_refund,0.0,0.0,0.0,0.0,0.0,0.0,0.0,0.0,NA,0,1249.0
NFT-/XUTR/DEUTH02616883380X,29.81,0.0,0.0,1799.0,626.0,131.46,2.981,0.0,0.0,prepaid,0.596,106.0,0.0,0.0,0.0,125.08,-616.043,"",'133210590532530663603,2026-06-17,11193855356,50278cec-869d-4196-971c-f44795faf799,100172453168,Reverse,100139126042,100139126042,11504,596.19,5.0,1079.0,0.0,1079.0,return_refund,0.0,0.0,0.0,0.0,0.0,0.0,0.0,0.0,NA,0,720.0
NFT-/XUTR/DEUTH02616883380X,56.81,0.0,0.0,1950.0,1193.0,281.548,5.681,0.0,0.0,prepaid,1.136,0.0,0.0,45.0,0.0,53.1,851.535,"",'133155652362083264003,2026-06-17,11169442533,b5724855-9767-47e5-a440-a4123882a7d2,"",Forward,100114713224,100114713224,11504,1136.19,5.0,586.0,0.0,586.0,packet_delivered,0.0,0.0,0.0,0.0,0.0,0.0,0.0,0.0,NA,0,1364.0
NFT-/XUTR/DEUTH02616883380X,40.71,0.0,0.0,1899.0,855.0,221.958,4.071,0.0,0.0,prepaid,0.814,182.0,0.0,0.0,0.0,214.76,-842.917,"",'133183139329164787303,2026-06-17,11179482394,3070b3f0-5089-40f3-ae2e-057d37b2730a,100169439314,Reverse,100124753082,100124753082,11504,814.29,5.0,950.0,0.0,950.0,return_refund,0.0,0.0,0.0,0.0,0.0,0.0,0.0,0.0,NA,0,949.0
NFT-/XUTR/DEUTH02616883380X,50.43,0.0,0.0,1850.0,1059.0,249.924,5.043,0.0,0.0,prepaid,1.009,0.0,0.0,49.0,0.0,57.82,745.204,"",'133191827613970851301,2026-06-17,11184441773,cfb4086b-054d-4578-b38d-41e632b48734,"",Forward,100129712461,100129712461,11504,1008.57,5.0,620.0,0.0,620.0,packet_delivered,0.0,0.0,0.0,0.0,0.0,0.0,0.0,0.0,NA,0,1230.0
NFT-/XUTR/DEUTH02616883380X,44.24,0.0,0.0,2750.0,929.0,241.168,4.424,0.0,0.0,prepaid,0.885,182.0,0.0,0.0,0.0,214.76,-897.283,"",'133187691678434583101,2026-06-17,11182538900,e27fe89b-9cda-406f-b6fd-2ac28c527669,100168811560,Reverse,100127809588,100127809588,11504,884.76,5.0,1650.0,0.0,1650.0,return_refund,0.0,0.0,0.0,0.0,0.0,0.0,0.0,0.0,NA,0,1100.0
NFT-/XUTR/DEUTH02616883380X,64.19,0.0,0.0,3199.0,1348.0,334.034,6.419,0.0,0.0,prepaid,1.284,182.0,0.0,0.0,0.0,214.76,-1221.023,"",'133183828936517340901,2026-06-17,11179865662,d8f49346-c3c4-470c-b00c-44ad71a52cc5,100168084594,Reverse,100125136350,100125136350,11504,1283.81,5.0,1680.0,0.0,1680.0,return_refund,0.0,0.0,0.0,0.0,0.0,0.0,0.0,0.0,NA,0,1519.0
NFT-/XUTR/DEUTH02616883380X,48.48,0.0,0.0,1699.0,1018.0,240.248,4.848,0.0,0.0,prepaid,0.97,0.0,0.0,49.0,0.0,57.82,714.114,"",'133190991780296707103,2026-06-17,11183766547,2773a81a-5cd5-48e3-8f9b-4213da42ab0b,"",Forward,100129037235,100129037235,11504,969.52,5.0,510.0,0.0,510.0,packet_delivered,0.0,0.0,0.0,0.0,0.0,0.0,0.0,0.0,NA,0,1189.0
NFT-/XUTR/DEUTH02616883380X,66.43,0.0,0.0,3299.0,1395.0,345.681,6.643,0.0,0.0,prepaid,1.329,0.0,0.0,49.0,0.0,57.82,983.527,"",'133191984216419416201,2026-06-17,11184563462,c03a274c-7224-4a35-b7e5-82fc2e5e2b11,"",Forward,100129834150,100129834150,11504,1328.57,5.0,1733.0,0.0,1733.0,packet_delivered,0.0,0.0,0.0,0.0,0.0,0.0,0.0,0.0,NA,0,1566.0
NFT-/XUTR/DEUTH02616883380X,0.0,18.57,18.57,1750.0,780.0,202.488,0.0,1.857,1.857,prepaid,0.743,0.0,0.0,31.0,0.0,36.58,536.475,"",'133214012605082639601,2026-06-17,11195823304,49d978b4-bc54-4cc5-a6ea-11df5a2a24fd,"",Forward,100141093990,1000038496496,11504,742.86,5.0,876.0,0.0,876.0,packet_delivered,0.0,0.0,0.0,0.0,0.0,0.0,0.0,0.0,NA,0,874.0000000000001
NFT-/XUTR/DEUTH02616883380X,63.24,0.0,0.0,2999.0,1328.0,329.078,6.324,0.0,0.0,prepaid,1.265,0.0,0.0,49.0,0.0,57.82,933.513,"",'133217437162633044603,2026-06-17,11196469553,2a2a7d68-dbe5-49b9-a62b-cac5fbd49801,"",Forward,100141740239,100141740239,11504,1264.76,5.0,1500.0,0.0,1500.0,packet_delivered,0.0,0.0,0.0,0.0,0.0,0.0,0.0,0.0,NA,0,1499.0
NFT-/XUTR/DEUTH02616883380X,42.62,0.0,0.0,2999.0,894.9999999999999,232.342,4.262,0.0,0.0,prepaid,0.852,127.0,0.0,0.0,0.0,149.86,-807.404,"",'133207698304302235703,2026-06-17,11192117388,3f28d1a4-8476-4688-b1b2-fee279e254f3,100168180221,Reverse,100137388074,100137388074,11504,852.38,5.0,2010.0,0.0,2010.0,return_refund,0.0,0.0,0.0,0.0,0.0,0.0,0.0,0.0,NA,0,989.0
NFT-/XUTR/DEUTH02616883380X,43.1,0.0,0.0,1999.0,905.0,234.938,4.31,0.0,0.0,prepaid,0.862,0.0,0.0,31.0,0.0,36.58,628.31,"",'133207905864181355401,2026-06-17,11192197434,7808aef5-2066-449d-8687-54168f8fa35d,"",Forward,100137468120,100137468120,11504,861.9,5.0,1000.0,0.0,1000.0,packet_delivered,0.0,0.0,0.0,0.0,0.0,0.0,0.0,0.0,NA,0,999.0
NFT-/XUTR/DEUTH02616883380X,63.24,0.0,0.0,2999.0,1328.0,329.078,6.324,0.0,0.0,prepaid,1.265,0.0,0.0,49.0,0.0,57.82,933.513,"",'133191562678295552103,2026-06-17,11184223975,9dc24a7b-95d5-40fd-af6b-36ea57890429,"",Forward,100129494664,100129494664,11504,1264.76,5.0,1500.0,0.0,1500.0,packet_delivered,0.0,0.0,0.0,0.0,0.0,0.0,0.0,0.0,NA,0,1499.0
NFT-/XUTR/DEUTH02616883380X,72.76,0.0,0.0,1699.0,1528.0,360.608,7.276,0.0,0.0,prepaid,1.455,182.0,0.0,0.0,0.0,214.76,-1373.421,"",'133193851815004271701,2026-06-17,11185848104,a9c30735-4137-443b-bdd7-dd6e570532ee,11185848104,Reverse,100131118791,1000036436248,11504,1455.24,5.0,0.0,0.0,0.0,exchange,0.0,0.0,0.0,0.0,0.0,0.0,0.0,0.0,NA,0,1699.0
NFT-/XUTR/DEUTH02616883380X,36.19,0.0,0.0,1799.0,760.0,197.296,3.619,0.0,0.0,prepaid,0.724,0.0,0.0,31.0,0.0,36.58,521.781,"",'133190423665026695703,2026-06-17,11183367922,e5b7fd8b-5288-4126-81a1-00c86d04f349,"",Forward,100128638610,100128638610,11504,723.81,5.0,945.0,0.0,945.0,packet_delivered,0.0,0.0,0.0,0.0,0.0,0.0,0.0,0.0,NA,0,854.0
NFT-/XUTR/DEUTH02616883380X,58.38,0.0,0.0,1499.0,1226.0,269.72,5.838,0.0,0.0,prepaid,1.168,0.0,0.0,45.0,0.0,53.1,896.174,"",'133186339422463544903,2026-06-17,11181133066,56a4c428-f261-414d-9ee2-b644bcf01f40,"",Forward,100126403754,100126403754,11504,1167.62,5.0,79.0,0.0,79.0,packet_delivered,0.0,0.0,0.0,0.0,0.0,0.0,0.0,0.0,NA,0,1420.0
NFT-/XUTR/DEUTH02616883380X,33.57,0.0,0.0,1599.0,705.0,183.018,3.357,0.0,0.0,prepaid,0.671,0.0,0.0,31.0,5.993,43.65174,474.302,"",'133187873729653252103,2026-06-17,11182675394,26586328-3924-4d37-b147-6b3001bdff57,"",Forward,100127946082,100127946082,11504,671.43,5.0,800.0,0.0,800.0,packet_delivered,0.0,0.0,0.0,0.0,0.0,0.0,0.0,0.0,NA,0,799.0
NFT-/XUTR/DEUTH02616883380X,27.33,0.0,0.0,1699.0,574.0,149.01,2.733,0.0,0.0,prepaid,0.547,182.0,0.0,0.0,0.0,214.76,-636.47,"",'133182398774883763803,2026-06-17,11178998415,b417f8b9-9ba5-47c2-a44f-8878ba3d0e6f,100167867089,Reverse,100124269103,1000034503207,11504,546.67,5.0,1031.0,0.0,1031.0,return_refund,0.0,0.0,0.0,0.0,0.0,0.0,0.0,0.0,NA,0,668.0
NFT-/XUTR/DEUTH02616883380X,57.38,0.0,0.0,2899.0,1205.0,298.599,5.738,0.0,0.0,prepaid,1.148,0.0,0.0,49.0,0.0,57.82,841.695,"",'133184126073961843101,2026-06-17,11180023674,c1c19eca-6b7c-44c7-b989-4917263b1ccf,"",Forward,100125294362,1000035397916,11504,1147.62,5.0,1523.0,0.0,1523.0,packet_delivered,0.0,0.0,0.0,0.0,0.0,0.0,0.0,0.0,NA,0,1376.0
NFT-/XUTR/DEUTH02616883380X,63.24,0.0,0.0,2999.0,1328.0,329.078,6.324,0.0,0.0,prepaid,1.265,0.0,0.0,49.0,0.0,57.82,933.513,"",'133198114049977525201,2026-06-17,11187896928,80af6707-aa16-4b3b-afeb-a4c99dce0ab7,"",Forward,100133167615,100133167615,11504,1264.76,5.0,1500.0,0.0,1500.0,packet_delivered,0.0,0.0,0.0,0.0,0.0,0.0,0.0,0.0,NA,0,1499.0
NFT-/XUTR/DEUTH02616883380X,36.19,0.0,0.0,1799.0,760.0,197.296,3.619,0.0,0.0,prepaid,0.724,0.0,0.0,31.0,0.0,36.58,521.781,"",'133194483720111768001,2026-06-17,11186230903,e9a2abac-249b-44da-9be3-59916b1dc8ae,"",Forward,100131501591,1000035845635,11504,723.81,5.0,945.0,0.0,945.0,packet_delivered,0.0,0.0,0.0,0.0,0.0,0.0,0.0,0.0,NA,0,854.0
NFT-/XUTR/DEUTH02616883380X,41.95,0.0,0.0,1950.0,881.0,176.2,4.195,0.0,0.0,prepaid,0.839,182.0,0.0,0.0,0.0,214.76,-914.526,"",'133187833127409053601,2026-06-17,11182649831,a7dd3bde-b64c-473d-850a-6dcecfad8e99,100170260398,Reverse,100127920519,100127920519,11504,839.05,5.0,975.0,0.0,975.0,return_refund,0.0,0.0,0.0,0.0,0.0,0.0,0.0,0.0,NA,0,975.0
NFT-/XUTR/DEUTH02616883380X,48.81,0.0,0.0,1799.0,1025.0,241.9,4.881,0.0,0.0,prepaid,0.976,0.0,0.0,49.0,0.0,57.82,719.423,"",'133179894373534179503,2026-06-17,11178183694,a0b31fae-5515-4e9e-8b6d-3c2b696c32b7,"",Forward,100123454382,100123454382,11504,976.19,5.0,603.0,0.0,603.0,packet_delivered,0.0,0.0,0.0,0.0,0.0,0.0,0.0,0.0,NA,0,1196.0
NFT-/XUTR/DEUTH02616883380X,56.19,0.0,0.0,2999.0,1180.0,292.404,5.619,0.0,0.0,prepaid,1.124,0.0,0.0,49.0,0.0,57.82,823.033,"",'133209385084301799801,2026-06-17,11193078782,4fa90e7c-6cb2-4b1e-90f4-ba680221b744,"",Forward,100138349468,100138349468,11504,1123.81,5.0,1648.0,0.0,1648.0,packet_delivered,0.0,0.0,0.0,0.0,0.0,0.0,0.0,0.0,NA,0,1351.0
NFT-/XUTR/DEUTH02616883380X,103.48,0.0,0.0,3399.0,2173.0,512.828,10.348,0.0,0.0,prepaid,2.07,0.0,0.0,65.0,0.0,76.7,1571.054,"",'133213557510759900503,2026-06-17,11195720753,9f5d2d96-5f3a-4789-8217-38db58000dd3,"",Forward,100140991439,100140991439,11504,2069.52,5.0,1020.0,0.0,1020.0,packet_delivered,0.0,0.0,0.0,0.0,0.0,0.0,0.0,0.0,NA,0,2379.0
NFT-/XUTR/DEUTH02616883380X,43.81,0.0,0.0,2299.0,920.0,238.832,4.381,0.0,0.0,prepaid,0.876,0.0,0.0,31.0,8.004,46.02472,629.886,"",'133184126073961843101,2026-06-17,11180023687,c1c19eca-6b7c-44c7-b989-4917263b1ccf,"",Forward,100125294375,1000035397916,11504,876.19,5.0,1208.0,0.0,1208.0,packet_delivered,0.0,0.0,0.0,0.0,0.0,0.0,0.0,0.0,NA,0,1091.0
NFT-/XUTR/DEUTH02616883380X,60.86,0.0,0.0,2899.0,1278.0,316.688,6.086,0.0,0.0,prepaid,1.217,0.0,0.0,49.0,21.598,83.30564,870.703,"",'133204599707819118503,2026-06-17,11191500995,f3f9bf1c-c71a-457a-a19b-0a724a909c1d,"",Forward,100136771681,100136771681,11504,1217.14,5.0,1450.0,0.0,1450.0,packet_delivered,0.0,0.0,0.0,0.0,0.0,0.0,0.0,0.0,NA,0,1449.0
NFT-/XUTR/DEUTH02616883380X,75.14,0.0,0.0,3499.0,1578.0,391.028,7.514,0.0,0.0,prepaid,1.503,0.0,0.0,49.0,0.0,57.82,1120.135,"",'133200289244975117601,2026-06-17,11188776978,e3354450-e8a3-42df-ae3d-bf70e517e8c5,"",Forward,100134047664,100134047664,11504,1502.86,5.0,1750.0,0.0,1750.0,packet_delivered,0.0,0.0,0.0,0.0,0.0,0.0,0.0,0.0,NA,0,1749.0
NFT-/XUTR/DEUTH02616883380X,38.43,0.0,0.0,1899.0,807.0,209.497,3.843,0.0,0.0,prepaid,0.769,106.0,0.0,0.0,0.0,125.08,-717.971,"",'133220828301330922401,2026-06-17,11197883215,cdcb70c5-d57a-4791-b8c2-e811d3be8a04,100171040586,Reverse,100143153900,100143153900,11504,768.57,5.0,998.0,0.0,998.0,return_refund,0.0,0.0,0.0,0.0,0.0,0.0,0.0,0.0,NA,0,901.0
NFT-/XUTR/DEUTH02616883380X,44.57,0.0,0.0,1799.0,936.0,205.92,4.457,0.0,0.0,prepaid,0.891,0.0,0.0,27.0,4.867,37.60306,687.129,"",'133179286613429318703,2026-06-17,11177679821,82042755-2f75-4a6b-b90a-2d946d3cca04,"",Forward,100122950509,100122950509,11504,891.43,5.0,692.0,0.0,692.0,packet_delivered,0.0,0.0,0.0,0.0,0.0,0.0,0.0,0.0,NA,0,1107.0
NFT-/XUTR/DEUTH02616883380X,27.33,0.0,0.0,1699.0,574.0,149.01,2.733,0.0,0.0,prepaid,0.547,182.0,0.0,0.0,0.0,214.76,-636.47,"",'133186943719306891503,2026-06-17,11181549999,193680aa-bbe6-4fff-8d44-5a03117f574a,100169325246,Reverse,100126820687,1000035010182,11504,546.67,5.0,1031.0,0.0,1031.0,return_refund,0.0,0.0,0.0,0.0,0.0,0.0,0.0,0.0,NA,0,668.0
NFT-/XUTR/DEUTH02616883380X,21.29,0.0,0.0,1750.0,447.0,21.098,2.129,0.0,0.0,prepaid,0.426,0.0,0.0,20.0,7.957,32.98926,390.358,"",'133190915021197068101,2026-06-17,11183707792,bf941ec0-135f-4ab3-b873-06f11eeea7b6,"",Forward,100128978480,1000035357509,11504,425.71,5.0,1243.0,0.0,1243.0,packet_delivered,0.0,0.0,0.0,0.0,0.0,0.0,0.0,0.0,NA,0,507.0
NFT-/XUTR/DEUTH02616883380X,0.0,41.12,41.12,3100.0,1727.0,362.67,0.0,4.112,4.112,prepaid,1.645,106.0,0.0,0.0,0.0,125.08,-1479.541,"",'133220584789237226403,2026-06-17,11197773276,9ea797c5-9427-4cc7-ac08-ea141685e64f,100168382126,Reverse,100143043961,100143043961,11504,1644.76,5.0,1167.0,0.0,1167.0,return_refund,0.0,0.0,0.0,0.0,0.0,0.0,0.0,0.0,NA,0,1932.9999999999998
NFT-/XUTR/DEUTH02616883380X,70.38,0.0,0.0,3299.0,1478.0,366.248,7.038,0.0,0.0,prepaid,1.408,106.0,0.0,0.0,0.0,125.08,-1228.386,"",'133220437176653415303,2026-06-17,11197709769,699bb7fb-0f89-4680-a29c-b7a421053ee6,100168030048,Reverse,100142980455,100142980455,11504,1407.62,5.0,1650.0,0.0,1650.0,return_refund,0.0,0.0,0.0,0.0,0.0,0.0,0.0,0.0,NA,0,1649.0
NFT-/XUTR/DEUTH02616883380X,31.67,0.0,0.0,1599.0,665.0,125.552,3.167,0.0,0.0,prepaid,0.633,182.0,0.0,0.0,0.0,214.76,-750.408,"",'133192937862486667903,2026-06-17,11185264986,cd0a49bf-479d-402b-9d01-fa634eca70f8,11185264986,Reverse,100130535674,100130535674,11504,633.33,5.0,840.0,0.0,840.0,exchange,0.0,0.0,0.0,0.0,0.0,0.0,0.0,0.0,NA,0,759.0
NFT-/XUTR/DEUTH02616883380X,59.67,0.0,0.0,2999.0,1253.0,310.493,5.967,0.0,0.0,prepaid,1.193,182.0,0.0,0.0,0.0,214.76,-1150.107,"",'133186918265343488201,2026-06-17,11181529750,3f45f455-2c6e-4f44-ade1-38c23ce466c9,100168848160,Reverse,100126800438,1000036429187,11504,1193.33,5.0,1575.0,0.0,1575.0,return_refund,0.0,0.0,0.0,0.0,0.0,0.0,0.0,0.0,NA,0,1424.0
NFT-/XUTR/DEUTH02616883380X,63.24,0.0,0.0,2999.0,1328.0,329.078,6.324,0.0,0.0,prepaid,1.265,0.0,0.0,49.0,0.0,57.82,933.513,"",'133195583579556464303,2026-06-17,11187079153,5ef2f8e7-c97b-4f2b-ac29-bd97e14d8d03,"",Forward,100132349840,100132349840,11504,1264.76,5.0,1500.0,0.0,1500.0,packet_delivered,0.0,0.0,0.0,0.0,0.0,0.0,0.0,0.0,NA,0,1499.0
NFT-/XUTR/DEUTH02616883380X,43.1,0.0,0.0,2499.0,2.76,0.717,0.013,0.0,0.0,prepaid,0.003,0.0,0.0,0.095,0.023,0.13924,1.888,"",'133202561872837164403,2026-06-17,11190192024,35ff4dbc-06dd-42ba-95da-45e8e1c33515,"",Forward,100135462710,1000037425909,11504,861.9,5.0,1500.0,0.0,1500.0,packet_delivered,0.0,0.0,0.0,0.0,0.0,0.0,0.0,0.0,NA,0,999.0
NFT-/XUTR/DEUTH02616883380X,41.19,0.0,0.0,2425.0,865.0,181.65,4.119,0.0,0.0,prepaid,0.824,127.0,0.0,0.0,0.0,149.86,-828.267,"",'133207685546085717201,2026-06-17,11192112812,9f77a272-9031-4919-a498-280cab1e9532,100168478672,Reverse,100137383498,100137383498,11504,823.81,5.0,1389.0,0.0,1389.0,return_refund,0.0,0.0,0.0,0.0,0.0,0.0,0.0,0.0,NA,0,1036.0
NFT-/XUTR/DEUTH02616883380X,52.91,0.0,0.0,2999.0,1111.0,233.31,5.29,0.0,0.0,prepaid,1.058,0.0,0.0,45.0,0.0,53.1,818.242,"",'133214101190482227501,2026-06-17,11195833410,f8196519-a1e8-4d49-bcb1-9f17d82fc432,"",Forward,100141104096,100141104096,11504,1058.1,5.0,1717.0,0.0,1717.0,packet_delivered,0.0,0.0,0.0,0.0,0.0,0.0,0.0,0.0,NA,0,1282.01
NFT-/XUTR/DEUTH02616883380X,35.1,0.0,0.0,1750.0,737.0,191.325,3.51,0.0,0.0,prepaid,0.702,0.0,0.0,31.0,0.0,36.58,504.883,"",'133187425175285377301,2026-06-17,11182212454,cafaa295-934b-4146-85a9-b0b069066727,"",Forward,100127483142,100127483142,11504,701.9,5.0,919.0,0.0,919.0,packet_delivered,0.0,0.0,0.0,0.0,0.0,0.0,0.0,0.0,NA,0,831.0
NFT-/XUTR/DEUTH02616883380X,34.81,0.0,0.0,1650.0,731.0,189.768,3.481,0.0,0.0,prepaid,0.696,0.0,0.0,31.0,0.0,36.58,500.475,"",'133192445389785783901,2026-06-17,11184906568,fdaffb5b-14b6-43dd-a512-cd7751a0aa46,"",Forward,100130177256,1000035615310,11504,696.19,5.0,825.0,0.0,825.0,packet_delivered,0.0,0.0,0.0,0.0,0.0,0.0,0.0,0.0,NA,0,825.0
NFT-/XUTR/DEUTH02616883380X,87.0,0.0,0.0,1999.0,1760.0,415.35999999999996,8.381,0.0,0.0,prepaid,1.676,0.0,0.0,47.203,0.0,55.69954,1278.883,"",'133193657984432903403,2026-06-17,11185731659,dceeaae8-e3a8-4348-9d7b-d033f875c6fb,"",Forward,100131002346,1000036430273,11504,1740,5.0,1.0,67.0,68.0,packet_delivered,0.0,0.0,0.0,0.0,0.0,0.0,0.0,0.0,NA,0,1998.0
NFT-/XUTR/DEUTH02616883380X,45.38,0.0,0.0,1499.0,953.0,247.399,4.538,0.0,0.0,prepaid,0.908,0.0,0.0,31.0,4.67,42.0906,658.064,"",'133193509973737891701,2026-06-17,11185640156,441b8d47-dbca-4165-a638-bbb2daa1ac48,"",Forward,100130910843,100130910843,11504,907.62,5.0,375.0,0.0,375.0,packet_delivered,0.0,0.0,0.0,0.0,0.0,0.0,0.0,0.0,NA,0,1124.0
NFT-/XUTR/DEUTH02616883380X,70.43,0.0,0.0,1650.0,1479.0,349.044,7.043,0.0,0.0,prepaid,1.409,0.0,0.0,49.0,0.0,57.82,1063.684,"",'133191891964536080201,2026-06-17,11184492857,ca127d02-15d3-4640-899b-77416dbe5362,"",Forward,100129763545,100129763545,11504,1408.57,5.0,0.0,0.0,0.0,packet_delivered,0.0,0.0,0.0,0.0,0.0,0.0,0.0,0.0,NA,0,1650.0
NFT-/XUTR/DEUTH02616883380X,63.24,0.0,0.0,2999.0,1328.0,329.078,6.324,0.0,0.0,prepaid,1.265,0.0,0.0,49.0,0.0,57.82,933.513,"",'133194615313762922603,2026-06-17,11186316951,a54a93b6-1ba9-45a0-8084-7aedbd7ad30a,"",Forward,100131587638,100131587638,11504,1264.76,5.0,1500.0,0.0,1500.0,packet_delivered,0.0,0.0,0.0,0.0,0.0,0.0,0.0,0.0,NA,0,1499.0
NFT-/XUTR/DEUTH02616883380X,0.0,28.1,28.1,2999.0,1180.0,292.404,0.0,2.8095,2.8095,prepaid,1.124,0.0,0.0,49.0,0.0,57.82,823.033,"",'133204615340248888703,2026-06-17,11191511797,f4e8bc62-92fc-4414-b32a-da258449e1a1,"",Forward,100136782482,100136782482,11504,1123.8,5.0,1648.0,0.0,1648.0,packet_delivered,0.0,0.0,0.0,0.0,0.0,0.0,0.0,0.0,NA,0,1350.9999999999998
NFT-/XUTR/DEUTH02616883380X,35.1,0.0,0.0,1750.0,693.0,179.903,3.3,0.0,0.0,prepaid,0.66,99.672,0.0,0.0,0.0,117.61296,-626.75,"",'133216437944601484703,2026-06-17,11196092417,c8de0d8d-2d69-4087-a0a9-cc8e605d4f47,100170399366,Reverse,100141363103,100141363103,11504,701.9,5.0,919.0,44.0,963.0,return_refund,0.0,0.0,0.0,0.0,0.0,0.0,0.0,0.0,NA,0,831.0
NFT-/XUTR/DEUTH02616883380X,59.67,0.0,0.0,2999.0,1253.0,310.493,5.967,0.0,0.0,prepaid,1.193,0.0,0.0,49.0,0.0,57.82,877.527,"",'133193851815004271701,2026-06-17,11185848101,a9c30735-4137-443b-bdd7-dd6e570532ee,"",Forward,100131118788,1000036436248,11504,1193.33,5.0,1575.0,0.0,1575.0,packet_delivered,0.0,0.0,0.0,0.0,0.0,0.0,0.0,0.0,NA,0,1424.0
NFT-/XUTR/DEUTH02616883380X,0.0,29.24,29.24,2799.0,1228.0,304.298,0.0,2.924,2.924,prepaid,1.17,0.0,0.0,49.0,0.0,57.82,858.864,"",'133212310080483923603,2026-06-17,11194900665,a68ce133-8066-45a2-a774-e46eb808dc2e,"",Forward,100140171351,1000039402739,11504,1169.52,5.0,1400.0,0.0,1400.0,packet_delivered,0.0,0.0,0.0,0.0,0.0,0.0,0.0,0.0,NA,0,1399.0
NFT-/XUTR/DEUTH02616883380X,9.9,0.0,0.0,399.0,340.0,52.156,1.65,0.0,0.0,prepaid,0.33,0.0,0.0,30.0,0.0,35.4,250.464,"",'133190915021197068101,2026-06-17,11183707772,bf941ec0-135f-4ab3-b873-06f11eeea7b6,"",Forward,100128978458,1000035357509,11504,330.1,3.0,0.0,0.0,0.0,packet_delivered,0.0,0.0,0.0,0.0,0.0,0.0,0.0,0.0,NA,0,399.0
NFT-/XUTR/DEUTH02616883380X,28.43,0.0,0.0,1750.0,597.0,42.268,2.843,0.0,0.0,prepaid,0.569,182.0,0.0,0.0,0.0,214.76,-766.08,"",'133116913625613387203,2026-06-17,11157879758,e67cca6e-0424-4d59-91fd-83db4d4956b0,11157879758,Reverse,100103150461,1000030854290,11504,568.57,5.0,1059.0,0.0,1059.0,exchange,0.0,0.0,0.0,0.0,0.0,0.0,0.0,0.0,NA,0,691.0
NFT-/XUTR/DEUTH02616883380X,35.1,0.0,0.0,1750.0,737.0,139.146,3.51,0.0,0.0,prepaid,0.702,0.0,0.0,31.0,0.0,36.58,557.062,"",'133185953064279478303,2026-06-17,11180922312,6e92b20a-f894-4c8c-a7e8-1b2eb77f849f,"",Forward,100126193000,100126193000,11504,701.9,5.0,919.0,0.0,919.0,packet_delivered,0.0,0.0,0.0,0.0,0.0,0.0,0.0,0.0,NA,0,831.0
NFT-/XUTR/DEUTH02616883380X,26.14,0.0,0.0,1999.0,549.0,38.869,2.614,0.0,0.0,prepaid,0.523,0.0,0.0,31.0,9.717,48.04606,458.948,"",'133187149909390575801,2026-06-17,11181751309,e3c875c5-d137-40d7-a6cf-03dcafbc2469,"",Forward,100127021997,100127021997,11504,522.86,5.0,1356.0,0.0,1356.0,packet_delivered,0.0,0.0,0.0,0.0,0.0,0.0,0.0,0.0,NA,0,643.0
NFT-/XUTR/DEUTH02616883380X,34.48,0.0,0.0,1999.0,724.0,152.04,3.448,0.0,0.0,prepaid,0.69,0.0,0.0,27.0,0.0,31.86,535.962,"",'133187262629287587403,2026-06-17,11181947181,2e75d6ca-c00f-4f82-8996-8342b7774cd0,"",Forward,100127217869,1000035036345,11504,689.52,5.0,1181.0,0.0,1181.0,packet_delivered,0.0,0.0,0.0,0.0,0.0,0.0,0.0,0.0,NA,0,818.0
NFT-/XUTR/DEUTH02616883380X,66.43,0.0,0.0,3299.0,1395.0,345.681,6.643,0.0,0.0,prepaid,1.329,182.0,0.0,0.0,0.0,214.76,-1256.107,"",'133191984216419416201,2026-06-17,11184563462,c03a274c-7224-4a35-b7e5-82fc2e5e2b11,11184563462,Reverse,100129834150,100129834150,11504,1328.57,5.0,1733.0,0.0,1733.0,exchange,0.0,0.0,0.0,0.0,0.0,0.0,0.0,0.0,NA,0,1566.0
NFT-/XUTR/DEUTH02616883380X,37.19,0.0,0.0,1750.0,764.0,198.334,3.638,0.0,0.0,prepaid,0.728,124.236,0.0,0.0,0.0,146.59848,-707.898,"",'133186292994076904603,2026-06-17,11181106148,a0a1a741-f52e-4c90-b9d7-163121c5dd98,100169507809,Reverse,100126376836,1000034936941,11504,743.81,5.0,875.0,17.0,892.0,return_refund,0.0,0.0,0.0,0.0,0.0,0.0,0.0,0.0,NA,0,875.0
NFT-/XUTR/DEUTH02616883380X,0.0,17.41,17.41,1650.0,731.0,189.768,0.0,1.7405,1.7405,prepaid,0.696,106.0,0.0,0.0,0.0,125.08,-662.135,"",'133212310080483923603,2026-06-17,11194900679,a68ce133-8066-45a2-a774-e46eb808dc2e,100169044805,Reverse,100140171365,1000039402739,11504,696.2,5.0,825.0,0.0,825.0,return_refund,0.0,0.0,0.0,0.0,0.0,0.0,0.0,0.0,NA,0,825.02
NFT-/XUTR/DEUTH02616883380X,57.52,0.0,0.0,2999.0,1208.0,299.342,5.752,0.0,0.0,prepaid,1.15,0.0,0.0,49.0,0.0,57.82,843.936,"",'133217663840057217203,2026-06-17,11196575168,391616c7-4288-4e6d-afe7-25b8bf8a167a,"",Forward,100141845854,100141845854,11504,1150.48,5.0,1620.0,0.0,1620.0,packet_delivered,0.0,0.0,0.0,0.0,0.0,0.0,0.0,0.0,NA,0,1379.0
NFT-/XUTR/DEUTH02616883380X,0.0,213.02,213.02,2999.0,2793.0,659.148,0.0,5.9175,5.9175,prepaid,2.367,106.0,0.0,0.0,0.0,125.08,-2244.73,"",'133213173898291617103,2026-06-17,11195531738,89151c6a-63fd-4dc0-8c8c-6c7e9a1bbc3c,100168389676,Reverse,100140802424,100140802424,11504,2366.94,18.0,0.0,0.0,0.0,return_refund,0.0,0.0,0.0,0.0,0.0,0.0,0.0,0.0,NA,0,2998.98
NFT-/XUTR/DEUTH02616883380X,31.67,0.0,0.0,1599.0,665.0,172.634,3.167,0.0,0.0,prepaid,0.633,0.0,0.0,31.0,0.0,36.58,451.986,"",'133193536337941340203,2026-06-17,11185656484,f059d844-a9cc-4e94-a633-457afe744b7c,"",Forward,100130927171,1000035800885,11504,633.33,5.0,840.0,0.0,840.0,packet_delivered,0.0,0.0,0.0,0.0,0.0,0.0,0.0,0.0,NA,0,759.0
NFT-/XUTR/DEUTH02616883380X,403.17,0.0,0.0,2999.0,2493.0,588.348,10.564,0.0,0.0,prepaid,2.113,171.671,0.0,0.0,0.0,202.57178,-2094.547,"",'133181156460026104003,2026-06-17,11178440893,2cf210bd-f03e-4fc1-8f7e-372399a3c91c,100168083452,Reverse,100123711581,100123711581,11504,2239.83,18.0,150.0,150.0,300.0,return_refund,0.0,0.0,0.0,0.0,0.0,0.0,0.0,0.0,NA,0,2849.0
NFT-/XUTR/DEUTH02616883380X,68.71,0.0,0.0,3399.0,1443.0,357.575,6.871,0.0,0.0,prepaid,1.374,0.0,0.0,49.0,0.0,57.82,1019.36,"",'133193851815004271701,2026-06-17,11185848100,a9c30735-4137-443b-bdd7-dd6e570532ee,"",Forward,100131118787,1000036436248,11504,1374.29,5.0,1785.0,0.0,1785.0,packet_delivered,0.0,0.0,0.0,0.0,0.0,0.0,0.0,0.0,NA,0,1614.0
NFT-/XUTR/DEUTH02616883380X,57.43,0.0,0.0,2899.0,1206.0,253.26,5.743,0.0,0.0,prepaid,1.149,182.0,0.0,0.0,0.0,214.76,-1160.608,"",'133184842167075130601,2026-06-17,11180385209,65eeea37-6ebb-48c7-a1dc-bcec29f7b7f7,11180385209,Reverse,100125655897,100125655897,11504,1148.57,5.0,1522.0,0.0,1522.0,exchange,0.0,0.0,0.0,0.0,0.0,0.0,0.0,0.0,NA,0,1377.0
NFT-/XUTR/DEUTH02616883380X,28.67,0.0,0.0,1699.0,602.0,156.279,2.867,0.0,0.0,prepaid,0.573,0.0,0.0,31.0,1.144,37.92992,404.351,"",'133187658180896402303,2026-06-17,11182508907,4c192072-b3a2-4a5e-a26b-6f78efd33b6d,"",Forward,100127779595,100127779595,11504,573.33,5.0,1003.0,0.0,1003.0,packet_delivered,0.0,0.0,0.0,0.0,0.0,0.0,0.0,0.0,NA,0,696.0
NFT-/XUTR/DEUTH02616883380X,56.19,0.0,0.0,2999.0,1180.0,292.404,5.619,0.0,0.0,prepaid,1.124,0.0,0.0,49.0,0.0,57.82,823.033,"",'133219989793593468001,2026-06-17,11197522078,e2e3538f-acdf-4b02-9f78-1ed249ffda8f,"",Forward,100142792764,100142792764,11504,1123.81,5.0,1648.0,0.0,1648.0,packet_delivered,0.0,0.0,0.0,0.0,0.0,0.0,0.0,0.0,NA,0,1351.0
NFT-/XUTR/DEUTH02616883380X,39.05,0.0,0.0,1799.0,820.0,212.872,3.905,0.0,0.0,prepaid,0.781,0.0,0.0,27.0,0.0,31.86,570.582,"",'133142054011496315401,2026-06-17,11166679863,fed588ad-39c1-4f2c-b632-85ef4986e718,"",Forward,100111950558,100111950558,11504,780.95,5.0,885.0,0.0,885.0,packet_delivered,0.0,0.0,0.0,0.0,0.0,0.0,0.0,0.0,NA,0,914.0
NFT-/XUTR/DEUTH02616883380X,62.1,0.0,0.0,3399.0,1304.0,323.131,6.21,0.0,0.0,prepaid,1.242,0.0,0.0,49.0,0.0,57.82,915.597,"",'133200884252547852703,2026-06-17,11189149565,a9e7c8bd-22cc-4f17-a991-f6e16560d814,"",Forward,100134420251,100134420251,11504,1241.9,5.0,1924.0,0.0,1924.0,packet_delivered,0.0,0.0,0.0,0.0,0.0,0.0,0.0,0.0,NA,0,1475.0
NFT-/XUTR/DEUTH02616883380X,33.1,0.0,0.0,1750.0,695.0,180.422,3.31,0.0,0.0,prepaid,0.662,0.0,0.0,31.0,0.0,36.58,474.026,"",'133212182743463783701,2026-06-17,11194812368,35a46203-0afe-4440-8f63-0e8ae98f71f4,"",Forward,100140083054,100140083054,11504,661.9,5.0,961.0,0.0,961.0,packet_delivered,0.0,0.0,0.0,0.0,0.0,0.0,0.0,0.0,NA,0,789.0
NFT-/XUTR/DEUTH02616883380X,35.05,0.0,0.0,1750.0,736.0,161.92,3.505,0.0,0.0,prepaid,0.701,0.0,0.0,27.0,0.0,31.86,538.014,"",'133190098228370747003,2026-06-17,11183182029,bc720664-145b-45f9-8399-44f733e7b7d6,"",Forward,100128452717,100128452717,11504,700.95,5.0,920.0,0.0,920.0,packet_delivered,0.0,0.0,0.0,0.0,0.0,0.0,0.0,0.0,NA,0,830.0
NFT-/XUTR/DEUTH02616883380X,70.95,0.0,0.0,3499.0,1490.0,369.222,7.095,0.0,0.0,prepaid,1.419,0.0,0.0,49.0,4.917,63.62206,1048.642,"",'133217459572976232003,2026-06-17,11196479304,f372765e-9c71-48e8-ad1e-83bc88752a67,"",Forward,100141749990,100141749990,11504,1419.05,5.0,1838.0,0.0,1838.0,packet_delivered,0.0,0.0,0.0,0.0,0.0,0.0,0.0,0.0,NA,0,1661.0
NFT-/XUTR/DEUTH02616883380X,56.1,0.0,0.0,2699.0,1178.0,291.908,5.61,0.0,0.0,prepaid,1.122,182.0,0.0,0.0,0.0,214.76,-1094.12,"",'133193304443682921601,2026-06-17,11185510683,decc1944-4134-4c71-892f-7c3e8024fcfa,11185510683,Reverse,100130781370,100130781370,11504,1121.9,5.0,1350.0,0.0,1350.0,exchange,0.0,0.0,0.0,0.0,0.0,0.0,0.0,0.0,NA,0,1349.0
NFT-/XUTR/DEUTH02616883380X,0.0,28.1,28.1,2999.0,1180.0,292.404,0.0,2.8095,2.8095,prepaid,1.124,0.0,0.0,49.0,0.0,57.82,823.033,"",'133211538403182911101,2026-06-17,11194431546,c42134e5-bc34-4e3d-8ca8-3d716e52f615,"",Forward,100139702232,100139702232,11504,1123.8,5.0,1648.0,0.0,1648.0,packet_delivered,0.0,0.0,0.0,0.0,0.0,0.0,0.0,0.0,NA,0,1350.9999999999998
NFT-/XUTR/DEUTH02616883380X,100.14,0.0,0.0,3299.0,2103.0,496.308,10.014,0.0,0.0,prepaid,2.003,182.0,0.0,0.0,0.0,214.76,-1809.435,"",'133187413642663494203,2026-06-17,11182194971,a503fd78-d0f6-42bc-9d65-12dcdee93f13,100168529281,Reverse,100127465659,100127465659,11504,2002.86,5.0,990.0,0.0,990.0,return_refund,0.0,0.0,0.0,0.0,0.0,0.0,0.0,0.0,NA,0,2309.0
NFT-/XUTR/DEUTH02616883380X,37.19,0.0,0.0,1750.0,781.0,202.748,3.719,0.0,0.0,prepaid,0.744,182.0,0.0,0.0,0.0,214.76,-788.549,"",'133191600685076579703,2026-06-17,11184255611,e17a0850-883a-4d27-867f-859520e9e0fc,11184255611,Reverse,100129526299,100129526299,11504,743.81,5.0,875.0,0.0,875.0,exchange,0.0,0.0,0.0,0.0,0.0,0.0,0.0,0.0,NA,0,875.0
NFT-/XUTR/DEUTH02616883380X,27.71,0.0,0.0,1650.0,582.0,151.087,2.771,0.0,0.0,prepaid,0.554,182.0,0.0,0.0,0.0,214.76,-642.348,"",'133190801541716480003,2026-06-17,11183621192,c195120e-72d0-4bda-9d33-90fee446bdbb,100169329910,Reverse,100128891880,1000035339984,11504,554.29,5.0,974.0,0.0,974.0,return_refund,0.0,0.0,0.0,0.0,0.0,0.0,0.0,0.0,NA,0,676.0
NFT-/XUTR/DEUTH02616883380X,43.1,0.0,0.0,1999.0,905.0,234.938,4.31,0.0,0.0,prepaid,0.862,182.0,0.0,0.0,0.0,214.76,-879.65,"",'133192531249406700803,2026-06-17,11184975045,337f5a9b-1285-41e4-9725-af4e2cba88dc,100167946123,Reverse,100130245733,100130245733,11504,861.9,5.0,1000.0,0.0,1000.0,return_refund,0.0,0.0,0.0,0.0,0.0,0.0,0.0,0.0,NA,0,999.0
NFT-/XUTR/DEUTH02616883380X,33.57,0.0,0.0,1599.0,705.0,183.018,3.357,0.0,0.0,prepaid,0.671,0.0,0.0,31.0,0.0,36.58,481.374,"",'133187866902955287403,2026-06-17,11182671700,54bd30f0-fbaf-4f9c-aa2d-2260cc8aa442,"",Forward,100127942388,100127942388,11504,671.43,5.0,800.0,0.0,800.0,packet_delivered,0.0,0.0,0.0,0.0,0.0,0.0,0.0,0.0,NA,0,799.0
NFT-/XUTR/DEUTH02616883380X,0.0,9.52,9.52,1499.0,400.0,18.88,0.0,0.9525,0.9525,prepaid,0.381,0.0,0.0,3.0,0.0,3.54,375.294,"",'133212310080483923603,2026-06-17,11194900694,a68ce133-8066-45a2-a774-e46eb808dc2e,"",Forward,100140171380,1000039402739,11504,380.96,5.0,1005.0,0.0,1005.0,packet_delivered,0.0,0.0,0.0,0.0,0.0,0.0,0.0,0.0,NA,0,493.99999999999994
NFT-/XUTR/DEUTH02616883380X,59.67,0.0,0.0,2999.0,1253.0,310.493,5.967,0.0,0.0,prepaid,1.193,0.0,0.0,49.0,0.0,57.82,877.527,"",'133212564710417778501,2026-06-17,11195085770,134eb5a5-929f-4e1d-b8b6-4dcfe803bbce,"",Forward,100140356456,1000039421096,11504,1193.33,5.0,1575.0,0.0,1575.0,packet_delivered,0.0,0.0,0.0,0.0,0.0,0.0,0.0,0.0,NA,0,1424.0
NFT-/XUTR/DEUTH02616883380X,40.71,0.0,0.0,1899.0,855.0,221.958,4.071,0.0,0.0,prepaid,0.814,0.0,0.0,31.0,0.0,36.58,591.577,"",'133217484260775695301,2026-06-17,11196491362,479e0fd8-53f7-400d-ac56-1e70ec7072a9,"",Forward,100141762048,100141762048,11504,814.29,5.0,950.0,0.0,950.0,packet_delivered,0.0,0.0,0.0,0.0,0.0,0.0,0.0,0.0,NA,0,949.0
NFT-/XUTR/DEUTH02616883380X,47.05,0.0,0.0,2899.0,988.0,256.485,4.705,0.0,0.0,prepaid,0.941,182.0,0.0,0.0,0.0,214.76,-940.629,"",'133187721018425900703,2026-06-17,11182563002,062c9029-5957-472c-89fb-0341495bc732,11182563002,Reverse,100127833690,100127833690,11504,940.95,5.0,1740.0,0.0,1740.0,exchange,0.0,0.0,0.0,0.0,0.0,0.0,0.0,0.0,NA,0,1159.0
NFT-/XUTR/DEUTH02616883380X,43.1,0.0,0.0,1999.0,905.0,181.0,4.31,0.0,0.0,prepaid,0.862,0.0,0.0,45.0,3.167,56.83706,661.991,"",'133190462131216252201,2026-06-17,11183392826,58ba3196-fbae-418c-915a-0fbcc5f4614a,"",Forward,100128663514,100128663514,11504,861.9,5.0,1000.0,0.0,1000.0,packet_delivered,0.0,0.0,0.0,0.0,0.0,0.0,0.0,0.0,NA,0,999.0
NFT-/XUTR/DEUTH02616883380X,56.19,0.0,0.0,2999.0,1180.0,292.404,5.619,0.0,0.0,prepaid,1.124,127.0,0.0,0.0,0.0,149.86,-1030.713,"",'133209385084301799801,2026-06-17,11193078782,4fa90e7c-6cb2-4b1e-90f4-ba680221b744,11193078782,Reverse,100138349468,100138349468,11504,1123.81,5.0,1648.0,0.0,1648.0,exchange,0.0,0.0,0.0,0.0,0.0,0.0,0.0,0.0,NA,0,1351.0
NFT-/XUTR/DEUTH02616883380X,28.67,0.0,0.0,1699.0,602.0,156.279,2.867,0.0,0.0,prepaid,0.573,182.0,0.0,0.0,0.0,214.76,-657.041,"",'133193254270169044601,2026-06-17,11185477667,67ee55fe-9a35-47a3-a0b7-169933f2975d,100169066302,Reverse,100130748354,100130748354,11504,573.33,5.0,1003.0,0.0,1003.0,return_refund,0.0,0.0,0.0,0.0,0.0,0.0,0.0,0.0,NA,0,696.0
NFT-/XUTR/DEUTH02616883380X,33.57,0.0,0.0,1599.0,705.0,183.018,3.357,0.0,0.0,prepaid,0.671,127.0,0.0,0.0,0.0,149.86,-667.814,"",'133187866902955287403,2026-06-17,11182671700,54bd30f0-fbaf-4f9c-aa2d-2260cc8aa442,100168105529,Reverse,100127942388,100127942388,11504,671.43,5.0,800.0,0.0,800.0,return_refund,0.0,0.0,0.0,0.0,0.0,0.0,0.0,0.0,NA,0,799.0
NFT-/XUTR/DEUTH02616883380X,38.91,0.0,0.0,2399.0,817.0,212.093,3.89,0.0,0.0,prepaid,0.778,0.0,0.0,31.0,6.945,44.7751,555.464,"",'133189835470238226901,2026-06-17,11183066912,fa5f1aae-a735-4632-81fa-5f70b1de5dbc,"",Forward,100128337600,100128337600,11504,778.1,5.0,1488.0,0.0,1488.0,packet_delivered,0.0,0.0,0.0,0.0,0.0,0.0,0.0,0.0,NA,0,911.01
NFT-/XUTR/DEUTH02616883380X,57.38,0.0,0.0,2899.0,1205.0,298.599,5.738,0.0,0.0,prepaid,1.148,0.0,0.0,49.0,0.0,57.82,841.695,"",'133195546824734698901,2026-06-17,11187047860,fd368fdb-9b2c-47df-9134-0773f5a8cf07,"",Forward,100132318547,100132318547,11504,1147.62,5.0,1523.0,0.0,1523.0,packet_delivered,0.0,0.0,0.0,0.0,0.0,0.0,0.0,0.0,NA,0,1376.0
NFT-/XUTR/DEUTH02616883380X,51.95,0.0,0.0,1899.0,1091.0,257.476,5.195,0.0,0.0,prepaid,1.039,0.0,0.0,49.0,0.0,57.82,769.47,"",'133190537651784027803,2026-06-17,11183441018,1a6f41fb-00ab-4f31-8e0a-1ed11f2602f3,"",Forward,100128711706,100128711706,11504,1039.05,5.0,637.0,0.0,637.0,packet_delivered,0.0,0.0,0.0,0.0,0.0,0.0,0.0,0.0,NA,0,1262.0
NFT-/XUTR/DEUTH02616883380X,18.95,0.0,0.0,1699.0,398.0,18.786,1.895,0.0,0.0,prepaid,0.379,0.0,0.0,3.0,3.104,7.20272,369.737,"",'133193686701102882203,2026-06-17,11185749597,ca8b9bd2-f6e8-4da6-b2b4-c27b33c8a28d,"",Forward,100131020284,100131020284,11504,379.05,5.0,1207.0,0.0,1207.0,packet_delivered,0.0,0.0,0.0,0.0,0.0,0.0,0.0,0.0,NA,0,492.0
NFT-/XUTR/DEUTH02616883380X,38.38,0.0,0.0,1799.0,806.0,177.32,3.838,0.0,0.0,prepaid,0.768,182.0,0.0,0.0,0.0,214.76,-838.834,"",'133184362852994043901,2026-06-17,11180148481,f42fde77-5b97-4fcc-befb-6932a38cb148,100168086869,Reverse,100125419169,100125419169,11504,767.62,5.0,899.0,0.0,899.0,return_refund,0.0,0.0,0.0,0.0,0.0,0.0,0.0,0.0,NA,0,900.0
NFT-/XUTR/DEUTH02616883380X,48.86,0.0,0.0,1799.0,416.24,98.233,1.982,0.0,0.0,prepaid,0.396,0.0,0.0,19.879,0.0,23.45722,292.172,"",'133200169613348673903,2026-06-17,11188702733,7287e56d-fb32-4fd3-bd65-d13155cab140,"",Forward,100133973419,100133973419,11504,977.14,5.0,602.0,0.0,602.0,packet_delivered,0.0,0.0,0.0,0.0,0.0,0.0,0.0,0.0,NA,0,1197.0
NFT-/XUTR/DEUTH02616883380X,32.81,0.0,0.0,1650.0,647.0,167.961,3.081,0.0,0.0,prepaid,0.616,0.0,0.0,29.11,0.0,34.3498,440.992,"",'133179331535411877603,2026-06-17,11177703123,f0214171-9810-434c-85d7-bd8b4445026e,"",Forward,100122973811,1000034318700,11504,656.19,5.0,867.0,42.0,909.0,packet_delivered,0.0,0.0,0.0,0.0,0.0,0.0,0.0,0.0,NA,0,783.0
NFT-/XUTR/DEUTH02616883380X,38.38,0.0,0.0,1799.0,806.0,177.32,3.838,0.0,0.0,prepaid,0.768,0.0,0.0,27.0,0.0,31.86,592.214,"",'133195106202106456801,2026-06-17,11186666786,fd7843fe-6276-4dc0-8312-9b4ff6209095,"",Forward,100131937473,100131937473,11504,767.62,5.0,899.0,0.0,899.0,packet_delivered,0.0,0.0,0.0,0.0,0.0,0.0,0.0,0.0,NA,0,900.0
NFT-/XUTR/DEUTH02616883380X,70.38,0.0,0.0,3299.0,1478.0,366.248,7.038,0.0,0.0,prepaid,1.408,0.0,0.0,49.0,0.0,57.82,1045.486,"",'133213931608578381703,2026-06-17,11195812278,30da1155-8662-434c-8219-fd8209833de8,"",Forward,100141082964,100141082964,11504,1407.62,5.0,1650.0,0.0,1650.0,packet_delivered,0.0,0.0,0.0,0.0,0.0,0.0,0.0,0.0,NA,0,1649.0
NFT-/XUTR/DEUTH02616883380X,31.67,0.0,0.0,1599.0,665.0,172.634,3.167,0.0,0.0,prepaid,0.633,182.0,0.0,0.0,0.0,214.76,-703.326,"",'133193536337941340203,2026-06-17,11185656484,f059d844-a9cc-4e94-a633-457afe744b7c,100170749961,Reverse,100130927171,1000035800885,11504,633.33,5.0,840.0,0.0,840.0,return_refund,0.0,0.0,0.0,0.0,0.0,0.0,0.0,0.0,NA,0,759.0
NFT-/XUTR/DEUTH02616883380X,35.1,0.0,0.0,1750.0,737.0,191.325,3.51,0.0,0.0,prepaid,0.702,127.0,0.0,0.0,0.0,149.86,-691.323,"",'133201128233780170901,2026-06-17,11189314464,6ccfd7bd-ab89-41bb-933b-2851be6a3afc,100167944929,Reverse,100134585150,100134585150,11504,701.9,5.0,919.0,0.0,919.0,return_refund,0.0,0.0,0.0,0.0,0.0,0.0,0.0,0.0,NA,0,831.0
NFT-/XUTR/DEUTH02616883380X,406.22,0.0,0.0,4099.0,2663.0,628.468,11.284,0.0,0.0,prepaid,2.257,127.0,0.0,0.0,0.0,149.86,-2170.851,"",'133196209312782833201,2026-06-17,11187600924,1f3ce37b-30f7-4817-83ab-8975f85ac99c,100170348425,Reverse,100132871611,100132871611,11504,2256.78,18.0,1230.0,0.0,1230.0,return_refund,0.0,0.0,0.0,0.0,0.0,0.0,0.0,0.0,NA,0,2869.0
NFT-/XUTR/DEUTH02616883380X,34.81,0.0,0.0,1650.0,731.0,189.768,3.481,0.0,0.0,prepaid,0.696,106.0,0.0,0.0,0.0,125.08,-662.135,"",'133220419903240182501,2026-06-17,11197702169,8088f39b-f0bd-4b9e-b6dd-3062b30e1268,100168077565,Reverse,100142972855,100142972855,11504,696.19,5.0,825.0,0.0,825.0,return_refund,0.0,0.0,0.0,0.0,0.0,0.0,0.0,0.0,NA,0,825.0
NFT-/XUTR/DEUTH02616883380X,68.71,0.0,0.0,3399.0,1443.0,357.575,6.871,0.0,0.0,prepaid,1.374,182.0,0.0,0.0,0.0,214.76,-1291.94,"",'133193851815004271701,2026-06-17,11185848100,a9c30735-4137-443b-bdd7-dd6e570532ee,11185848100,Reverse,100131118787,1000036436248,11504,1374.29,5.0,1785.0,0.0,1785.0,exchange,0.0,0.0,0.0,0.0,0.0,0.0,0.0,0.0,NA,0,1614.0
NFT-/XUTR/DEUTH02616883380X,36.24,0.0,0.0,1799.0,761.0,197.556,3.624,0.0,0.0,prepaid,0.725,0.0,0.0,31.0,0.0,36.58,522.515,"",'133184906703629902403,2026-06-17,11180416425,72203a35-5da4-46dd-aed6-7534f9c7b2fb,"",Forward,100125687113,100125687113,11504,724.76,5.0,944.0,0.0,944.0,packet_delivered,0.0,0.0,0.0,0.0,0.0,0.0,0.0,0.0,NA,0,855.0
NFT-/XUTR/DEUTH02616883380X,487.07,0.0,0.0,3399.0,3193.0,753.548,13.53,0.0,0.0,prepaid,2.706,0.0,0.0,65.0,0.0,76.7,2346.516,"",'133194806091831864001,2026-06-17,11186445158,b0852cb7-52bc-4054-bdd2-e995cb7dc444,"",Forward,100131715845,1000037444278,11504,2705.93,18.0,0.0,0.0,0.0,packet_delivered,0.0,0.0,0.0,0.0,0.0,0.0,0.0,0.0,NA,0,3399.0
NFT-/XUTR/DEUTH02616883380X,40.71,0.0,0.0,1999.0,805.0,208.978,3.833,0.0,0.0,prepaid,0.767,0.0,0.0,29.187,0.0,34.44066,556.981,"",'133179331535411877603,2026-06-17,11177703120,f0214171-9810-434c-85d7-bd8b4445026e,"",Forward,100122973808,1000034318700,11504,814.29,5.0,1050.0,50.0,1100.0,packet_delivered,0.0,0.0,0.0,0.0,0.0,0.0,0.0,0.0,NA,0,949.0
NFT-/XUTR/DEUTH02616883380X,63.24,0.0,0.0,1999.0,1328.0,313.408,6.324,0.0,0.0,prepaid,1.265,0.0,0.0,49.0,0.0,57.82,949.183,"",'133189948575512590903,2026-06-17,11183111650,cd20971f-c208-480c-ad5d-6b7eb6994ef4,"",Forward,100128382338,100128382338,11504,1264.76,5.0,500.0,0.0,500.0,packet_delivered,0.0,0.0,0.0,0.0,0.0,0.0,0.0,0.0,NA,0,1499.0
NFT-/XUTR/DEUTH02616883380X,35.1,0.0,0.0,1750.0,737.0,191.325,3.51,0.0,0.0,prepaid,0.702,0.0,0.0,31.0,0.0,36.58,504.883,"",'133190355393022362703,2026-06-17,11183325791,7cb5b02c-dd39-4e6d-b187-68a4f552d03e,"",Forward,100128596479,100128596479,11504,701.9,5.0,919.0,0.0,919.0,packet_delivered,0.0,0.0,0.0,0.0,0.0,0.0,0.0,0.0,NA,0,831.0
NFT-/XUTR/DEUTH02616883380X,52.91,0.0,0.0,2999.0,1111.0,233.31,5.29,0.0,0.0,prepaid,1.058,0.0,0.0,45.0,0.0,53.1,818.242,"",'133216979614777401601,2026-06-17,11196274020,2c1511a2-061e-40c4-89cc-fd11b647f97c,"",Forward,100141544706,100141544706,11504,1058.1,5.0,1717.0,0.0,1717.0,packet_delivered,0.0,0.0,0.0,0.0,0.0,0.0,0.0,0.0,NA,0,1282.01
NFT-/XUTR/DEUTH02616883380X,68.48,0.0,0.0,1999.0,1438.0,339.368,6.848,0.0,0.0,prepaid,1.37,0.0,0.0,49.0,0.0,57.82,1032.594,"",'133190306048326988801,2026-06-17,11183295481,e9971fde-9239-4469-ab1e-4cd862a3dafe,"",Forward,100128566169,100128566169,11504,1369.52,5.0,390.0,0.0,390.0,packet_delivered,0.0,0.0,0.0,0.0,0.0,0.0,0.0,0.0,NA,0,1609.0
NFT-/XUTR/DEUTH02616883380X,27.33,0.0,0.0,1699.0,574.0,149.01,2.733,0.0,0.0,prepaid,0.547,0.0,0.0,31.0,0.0,36.58,385.13,"",'133186943719306891503,2026-06-17,11181549999,193680aa-bbe6-4fff-8d44-5a03117f574a,"",Forward,100126820687,1000035010182,11504,546.67,5.0,1031.0,0.0,1031.0,packet_delivered,0.0,0.0,0.0,0.0,0.0,0.0,0.0,0.0,NA,0,668.0
NFT-/XUTR/DEUTH02616883380X,35.1,0.0,0.0,1750.0,693.0,179.903,3.3,0.0,0.0,prepaid,0.66,0.0,0.0,29.149,0.0,34.39582,474.741,"",'133216437944601484703,2026-06-17,11196092417,c8de0d8d-2d69-4087-a0a9-cc8e605d4f47,"",Forward,100141363103,100141363103,11504,701.9,5.0,919.0,44.0,963.0,packet_delivered,0.0,0.0,0.0,0.0,0.0,0.0,0.0,0.0,NA,0,831.0
NFT-/XUTR/DEUTH02616883380X,0.0,16.79,16.79,1999.0,705.0,183.018,0.0,1.6785,1.6785,prepaid,0.671,0.0,0.0,31.0,0.0,36.58,481.374,"",'133219267282093062501,2026-06-17,11197239781,dd7cae49-fd7d-46ff-b260-72f23b7854e5,"",Forward,100142510467,100142510467,11504,671.42,5.0,1200.0,0.0,1200.0,packet_delivered,0.0,0.0,0.0,0.0,0.0,0.0,0.0,0.0,NA,0,798.9999999999999
NFT-/XUTR/DEUTH02616883380X,38.33,0.0,0.0,2499.0,805.0,208.978,3.833,0.0,0.0,prepaid,0.767,127.0,0.0,0.0,0.0,149.86,-741.282,"",'133194109618933647303,2026-06-17,11186001238,b223ecad-621a-4193-beb6-524472cf7a79,11186001238,Reverse,100131271925,100131271925,11504,766.67,5.0,1600.0,0.0,1600.0,exchange,0.0,0.0,0.0,0.0,0.0,0.0,0.0,0.0,NA,0,899.0
NFT-/XUTR/DEUTH02616883380X,37.33,0.0,0.0,1850.0,784.0,203.526,3.733,0.0,0.0,prepaid,0.747,0.0,0.0,31.0,0.0,36.58,539.414,"",'133193536337941340203,2026-06-17,11185656485,f059d844-a9cc-4e94-a633-457afe744b7c,"",Forward,100130927172,1000035800885,11504,746.67,5.0,972.0,0.0,972.0,packet_delivered,0.0,0.0,0.0,0.0,0.0,0.0,0.0,0.0,NA,0,878.0
NFT-/XUTR/DEUTH02616883380X,85.1,0.0,0.0,2099.0,1787.0,442.819,8.51,0.0,0.0,prepaid,1.702,0.0,0.0,49.0,0.0,57.82,1276.149,"",'133191778461369068201,2026-06-17,11184402167,2c1af55e-7003-4ef4-9677-cc0a72c74c23,"",Forward,100129672855,100129672855,11504,1701.9,5.0,106.0,0.0,106.0,packet_delivered,0.0,0.0,0.0,0.0,0.0,0.0,0.0,0.0,NA,0,1993.0
NFT-/XUTR/DEUTH02616883380X,46.14,0.0,0.0,2999.0,969.0,193.8,4.614,0.0,0.0,prepaid,0.923,0.0,0.0,45.0,0.0,53.1,716.563,"",'133216969913356405603,2026-06-17,11196270259,3d547675-5e88-49e2-8a2a-ed753d0b8014,"",Forward,100141540944,100141540944,11504,922.86,5.0,1859.0,0.0,1859.0,packet_delivered,0.0,0.0,0.0,0.0,0.0,0.0,0.0,0.0,NA,0,1140.0
NFT-/XUTR/DEUTH02616883380X,0.0,14.93,14.93,1899.0,627.0,162.769,0.0,1.493,1.493,prepaid,0.597,106.0,0.0,0.0,0.0,125.08,-585.728,"",'133211938536181839401,2026-06-17,11194659577,4c9bb290-84e2-40e6-a64a-d73c5d7222fc,100168047906,Reverse,100139930263,100139930263,11504,597.14,5.0,1178.0,0.0,1178.0,return_refund,0.0,0.0,0.0,0.0,0.0,0.0,0.0,0.0,NA,0,720.9999999999999
NFT-/XUTR/DEUTH02616883380X,0.0,9.48,9.48,1699.0,398.0,18.786,0.0,0.9475,0.9475,prepaid,0.379,0.0,0.0,3.0,0.0,3.54,373.4,"",'133221586093210317103,2026-06-17,11198287530,3dab3ea4-362a-4d5e-9b23-fcc91ac76ddd,"",Forward,100143558215,100143558215,11504,379.04,5.0,1207.0,0.0,1207.0,packet_delivered,0.0,0.0,0.0,0.0,0.0,0.0,0.0,0.0,NA,0,492.00000000000006
NFT-/XUTR/DEUTH02616883380X,31.19,0.0,0.0,1750.0,167.52,43.488,0.798,0.0,0.0,prepaid,0.16,0.0,0.0,7.928,0.0,9.35504,113.719,"",'133209680962267940601,2026-06-17,11193268119,c6b74eed-49ba-4ac7-a421-7e463796042c,"",Forward,100138538805,100138538805,11504,623.81,5.0,1001.0,0.0,1001.0,packet_delivered,0.0,0.0,0.0,0.0,0.0,0.0,0.0,0.0,NA,0,749.0
NFT-/XUTR/DEUTH02616883380X,0.0,13.93,13.93,1699.0,585.0,151.866,0.0,1.393,1.393,prepaid,0.557,106.0,0.0,0.0,0.0,125.08,-554.871,"",'133212746322314178401,2026-06-17,11195222114,f46aa4e8-537f-4592-87e2-deb1198372a7,100168055579,Reverse,100140492800,100140492800,11504,557.14,5.0,1020.0,0.0,1020.0,return_refund,0.0,0.0,0.0,0.0,0.0,0.0,0.0,0.0,NA,0,678.9999999999999
NFT-/XUTR/DEUTH02616883380X,60.86,0.0,0.0,2899.0,266.41,66.017,1.269,0.0,0.0,prepaid,0.254,22.097,0.0,0.0,0.0,26.07446,-224.944,"",'133219661429756692401,2026-06-17,11197393958,2cd3a4d6-0a8e-49ec-89a5-4c30cf9d2de5,11197393958,Reverse,100142664644,100142664644,11504,1217.14,5.0,1450.0,0.0,1450.0,exchange,0.0,0.0,0.0,0.0,0.0,0.0,0.0,0.0,NA,0,1449.0
NFT-/XUTR/DEUTH02616883380X,20.14,0.0,0.0,1750.0,423.0,19.966,2.014,0.0,0.0,prepaid,0.403,0.0,0.0,18.0,3.299,25.13282,375.484,"",'133212500202032833403,2026-06-17,11195038859,72ab7fb2-3264-4af1-83c9-cad5c0caa678,"",Forward,100140309545,100140309545,11504,402.86,5.0,1233.0,0.0,1233.0,packet_delivered,0.0,0.0,0.0,0.0,0.0,0.0,0.0,0.0,NA,0,517.0
NFT-/XUTR/DEUTH02616883380X,37.38,0.0,0.0,2199.0,785.0,203.786,3.738,0.0,0.0,prepaid,0.748,0.0,0.0,31.0,7.144,45.00992,531.718,"",'133183523286005420001,2026-06-17,11179699954,6bfeb296-f137-4dfa-a0c0-cdcce3b6fa48,"",Forward,100124970642,1000035416430,11504,747.62,5.0,1320.0,0.0,1320.0,packet_delivered,0.0,0.0,0.0,0.0,0.0,0.0,0.0,0.0,NA,0,879.0
NFT-/XUTR/DEUTH02616883380X,36.19,0.0,0.0,1799.0,760.0,197.296,3.619,0.0,0.0,prepaid,0.724,106.0,0.0,0.0,0.0,125.08,-683.441,"",'133220796476682521701,2026-06-17,11197868497,e10aa982-293a-43c5-91d3-06f1234703e3,11197868497,Reverse,100143139182,100143139182,11504,723.81,5.0,945.0,0.0,945.0,exchange,0.0,0.0,0.0,0.0,0.0,0.0,0.0,0.0,NA,0,854.0
NFT-/XUTR/DEUTH02616883380X,77.76,0.0,0.0,1899.0,1633.0,385.388,7.776,0.0,0.0,prepaid,1.555,106.0,0.0,0.0,0.0,125.08,-1363.361,"",'133212642095329668001,2026-06-17,11195141941,3632e977-6a35-4833-a827-315088e85436,100168069172,Reverse,100140412627,100140412627,11504,1555.24,5.0,95.0,0.0,95.0,return_refund,0.0,0.0,0.0,0.0,0.0,0.0,0.0,0.0,NA,0,1804.0
NFT-/XUTR/DEUTH02616883380X,39.57,0.0,0.0,1850.0,831.0,215.728,3.957,0.0,0.0,prepaid,0.791,106.0,0.0,0.0,0.0,125.08,-735.604,"",'133219318996776262903,2026-06-17,11197259723,a33390f0-6f0a-4c0a-9170-f702eca4eff9,100168452036,Reverse,100142530409,100142530409,11504,791.43,5.0,925.0,0.0,925.0,return_refund,0.0,0.0,0.0,0.0,0.0,0.0,0.0,0.0,NA,0,925.0
NFT-/XUTR/DEUTH02616883380X,0.0,36.38,36.38,3399.0,1528.0,378.638,0.0,3.638,3.638,prepaid,1.455,0.0,0.0,49.0,0.0,57.82,1082.811,"",'133212310080483923603,2026-06-17,11194900675,a68ce133-8066-45a2-a774-e46eb808dc2e,"",Forward,100140171361,1000039402739,11504,1455.24,5.0,1700.0,0.0,1700.0,packet_delivered,0.0,0.0,0.0,0.0,0.0,0.0,0.0,0.0,NA,0,1699.0000000000002
NFT-/XUTR/DEUTH02616883380X,36.19,0.0,0.0,1799.0,760.0,197.296,3.619,0.0,0.0,prepaid,0.724,0.0,0.0,31.0,0.0,36.58,521.781,"",'133191844834746069401,2026-06-17,11184455099,fc6c9930-5477-4b6e-bfa2-363a1837c897,"",Forward,100129725787,1000035517747,11504,723.81,5.0,945.0,0.0,945.0,packet_delivered,0.0,0.0,0.0,0.0,0.0,0.0,0.0,0.0,NA,0,854.0
NFT-/XUTR/DEUTH02616883380X,61.1,0.0,0.0,3399.0,1283.0,256.6,6.11,0.0,0.0,prepaid,1.222,0.0,0.0,61.0,0.0,71.98,947.088,"",'133222123495977188601,2026-06-17,11198572478,b5776459-f1b6-4487-8ba4-eac2c45420e0,"",Forward,100143843163,100143843163,11504,1221.9,5.0,1945.0,0.0,1945.0,packet_delivered,0.0,0.0,0.0,0.0,0.0,0.0,0.0,0.0,NA,0,1454.0
NFT-/XUTR/DEUTH02616883380X,31.67,0.0,0.0,1599.0,665.0,172.634,3.167,0.0,0.0,prepaid,0.633,0.0,0.0,31.0,0.0,36.58,451.986,"",'133187262629287587403,2026-06-17,11181947173,2e75d6ca-c00f-4f82-8996-8342b7774cd0,"",Forward,100127217861,1000035036345,11504,633.33,5.0,840.0,0.0,840.0,packet_delivered,0.0,0.0,0.0,0.0,0.0,0.0,0.0,0.0,NA,0,759.0
NFT-/XUTR/DEUTH02616883380X,35.95,0.0,0.0,1699.0,755.0,195.998,3.595,0.0,0.0,prepaid,0.719,0.0,0.0,31.0,0.0,36.58,518.108,"",'133179186485607789401,2026-06-17,11177610693,6462a8b5-b677-4bb5-9460-240512ab77ff,"",Forward,100122881381,100122881381,11504,719.05,5.0,850.0,0.0,850.0,packet_delivered,0.0,0.0,0.0,0.0,0.0,0.0,0.0,0.0,NA,0,849.0
NFT-/XUTR/DEUTH02616883380X,104.43,0.0,0.0,2399.0,14.76,2.09,0.07,0.0,0.0,prepaid,0.014,0.0,0.0,0.438,0.0,0.51684,12.069,"",'133210173082069416801,2026-06-17,11193584230,db6ce14d-3719-43f5-a070-60d9441ecc3a,"",Forward,100138854915,100138854915,11504,2088.57,5.0,0.0,0.0,0.0,packet_delivered,0.0,0.0,0.0,0.0,0.0,0.0,0.0,0.0,NA,0,2399.0
NFT-/XUTR/DEUTH02616883380X,26.95,0.0,0.0,1650.0,566.0,146.934,2.695,0.0,0.0,prepaid,0.539,0.0,0.0,31.0,0.0,36.58,379.252,"",'133191922741821827701,2026-06-17,11184516195,08e9cd8c-4482-4ea4-ac54-461e93157647,"",Forward,100129786883,100129786883,11504,539.05,5.0,990.0,0.0,990.0,packet_delivered,0.0,0.0,0.0,0.0,0.0,0.0,0.0,0.0,NA,0,660.0
NFT-/XUTR/DEUTH02616883380X,23.67,0.0,0.0,1399.0,497.0,35.188,2.367,0.0,0.0,prepaid,0.473,182.0,0.0,0.0,0.0,214.76,-673.732,"",'133185823627299899403,2026-06-17,11180854997,25f38f6a-87e2-4f67-ad18-90cbaf815d87,100172993042,Reverse,100126125685,100126125685,11504,473.33,5.0,808.0,0.0,808.0,return_refund,0.0,0.0,0.0,0.0,0.0,0.0,0.0,0.0,NA,0,591.0
NFT-/XUTR/DEUTH02616883380X,0.0,19.17,19.17,1799.0,805.0,208.978,0.0,1.9165,1.9165,prepaid,0.767,106.0,0.0,0.0,0.0,125.08,-716.502,"",'133212310080483923603,2026-06-17,11194900685,a68ce133-8066-45a2-a774-e46eb808dc2e,100169044489,Reverse,100140171371,1000039402739,11504,766.66,5.0,900.0,0.0,900.0,return_refund,0.0,0.0,0.0,0.0,0.0,0.0,0.0,0.0,NA,0,898.9999999999999
NFT-/XUTR/DEUTH02616883380X,72.76,0.0,0.0,1699.0,1528.0,360.608,7.276,0.0,0.0,prepaid,1.455,182.0,0.0,0.0,0.0,214.76,-1373.421,"",'133183036461412821201,2026-06-17,11179414636,fe94500f-dfe1-4730-a1b6-7dcc7c89b5ad,100168045637,Reverse,100124685324,100124685324,11504,1455.24,5.0,0.0,0.0,0.0,return_refund,0.0,0.0,0.0,0.0,0.0,0.0,0.0,0.0,NA,0,1699.0
NFT-/XUTR/DEUTH02616883380X,29.24,0.0,0.0,1799.0,614.0,159.394,2.924,0.0,0.0,prepaid,0.585,182.0,0.0,0.0,0.0,214.76,-665.857,"",'133186807970552040301,2026-06-17,11181447957,0ad47cc1-1b15-4505-acb2-dc90edd6b83f,100168162844,Reverse,100126718645,100126718645,11504,584.76,5.0,1091.0,0.0,1091.0,return_refund,0.0,0.0,0.0,0.0,0.0,0.0,0.0,0.0,NA,0,708.0
NFT-/XUTR/DEUTH02616883380X,29.14,0.0,0.0,1650.0,612.0,134.64,2.914,0.0,0.0,prepaid,0.583,0.0,0.0,27.0,0.0,31.86,442.003,"",'133221348272420360101,2026-06-17,11198151349,241421c9-9e7d-465e-80ab-a4865d6e7323,"",Forward,100143422034,1000038950337,11504,582.86,5.0,944.0,0.0,944.0,packet_delivered,0.0,0.0,0.0,0.0,0.0,0.0,0.0,0.0,NA,0,706.0
NFT-/XUTR/DEUTH02616883380X,31.62,0.0,0.0,1599.0,664.0,172.374,3.162,0.0,0.0,prepaid,0.632,127.0,0.0,0.0,0.0,149.86,-637.692,"",'133156613269030222001,2026-06-17,11170165965,4ef650ae-b62f-479d-b22a-180b66f5e43e,100168544472,Reverse,100115436655,1000032931454,11504,632.38,5.0,841.0,0.0,841.0,return_refund,0.0,0.0,0.0,0.0,0.0,0.0,0.0,0.0,NA,0,758.0
NFT-/XUTR/DEUTH02616883380X,45.62,0.0,0.0,1699.0,958.0,248.697,4.562,0.0,0.0,prepaid,0.912,0.0,0.0,31.0,0.0,36.58,667.249,"",'133195520095860691801,2026-06-17,11187023536,5a6ae31c-f1a5-4949-827e-0fb3b1e43a22,"",Forward,100132294223,100132294223,11504,912.38,5.0,570.0,0.0,570.0,packet_delivered,0.0,0.0,0.0,0.0,0.0,0.0,0.0,0.0,NA,0,1129.0
NFT-/XUTR/DEUTH02616883380X,55.14,0.0,0.0,1899.0,1158.0,273.288,5.514,0.0,0.0,prepaid,1.103,127.0,0.0,0.0,0.0,149.86,-1027.955,"",'133191997941588841901,2026-06-17,11184574020,cd9b3476-5917-4e85-a961-be025c0da5f0,100168051086,Reverse,100129844708,100129844708,11504,1102.86,5.0,570.0,0.0,570.0,return_refund,0.0,0.0,0.0,0.0,0.0,0.0,0.0,0.0,NA,0,1329.0
NFT-/XUTR/DEUTH02616883380X,86.95,0.0,0.0,1999.0,1759.0,415.124,8.376,0.0,0.0,prepaid,1.675,0.0,0.0,47.202,12.137,70.02002,1263.805,"",'133193657984432903403,2026-06-17,11185731664,dceeaae8-e3a8-4348-9d7b-d033f875c6fb,"",Forward,100131002351,1000036430273,11504,1739.05,5.0,2.0,67.0,69.0,packet_delivered,0.0,0.0,0.0,0.0,0.0,0.0,0.0,0.0,NA,0,1997.0
NFT-/XUTR/DEUTH02616883380X,38.43,0.0,0.0,1899.0,807.0,209.497,3.843,0.0,0.0,prepaid,0.769,182.0,0.0,0.0,0.0,214.76,-807.651,"",'133191844834746069401,2026-06-17,11184455103,fc6c9930-5477-4b6e-bfa2-363a1837c897,11184455103,Reverse,100129725791,1000035517747,11504,768.57,5.0,998.0,0.0,998.0,exchange,0.0,0.0,0.0,0.0,0.0,0.0,0.0,0.0,NA,0,901.0
NFT-/XUTR/DEUTH02616883380X,70.95,0.0,0.0,3499.0,1490.0,369.222,7.095,0.0,0.0,prepaid,1.419,0.0,0.0,49.0,0.0,57.82,1054.444,"",'133191591286363003501,2026-06-17,11184247513,73f08cb3-8f77-473f-9551-dcef1bc34869,"",Forward,100129518201,100129518201,11504,1419.05,5.0,1838.0,0.0,1838.0,packet_delivered,0.0,0.0,0.0,0.0,0.0,0.0,0.0,0.0,NA,0,1661.0
NFT-/XUTR/DEUTH02616883380X,31.67,0.0,0.0,1599.0,665.0,172.634,3.167,0.0,0.0,prepaid,0.633,182.0,0.0,0.0,0.0,214.76,-703.326,"",'133187262629287587403,2026-06-17,11181947173,2e75d6ca-c00f-4f82-8996-8342b7774cd0,11181947173,Reverse,100127217861,1000035036345,11504,633.33,5.0,840.0,0.0,840.0,exchange,0.0,0.0,0.0,0.0,0.0,0.0,0.0,0.0,NA,0,759.0
NFT-/XUTR/DEUTH02616883380X,35.1,0.0,0.0,1750.0,737.0,139.146,3.51,0.0,0.0,prepaid,0.702,127.0,0.0,0.0,0.0,149.86,-743.502,"",'133194483720111768001,2026-06-17,11186230898,e9a2abac-249b-44da-9be3-59916b1dc8ae,100173525972,Reverse,100131501585,1000035845635,11504,701.9,5.0,919.0,0.0,919.0,return_refund,0.0,0.0,0.0,0.0,0.0,0.0,0.0,0.0,NA,0,831.0
NFT-/XUTR/DEUTH02616883380X,47.05,0.0,0.0,2899.0,988.0,256.485,4.705,0.0,0.0,prepaid,0.941,0.0,0.0,31.0,0.0,36.58,689.289,"",'133187721018425900703,2026-06-17,11182563002,062c9029-5957-472c-89fb-0341495bc732,"",Forward,100127833690,100127833690,11504,940.95,5.0,1740.0,0.0,1740.0,packet_delivered,0.0,0.0,0.0,0.0,0.0,0.0,0.0,0.0,NA,0,1159.0
NFT-/XUTR/DEUTH02616883380X,72.76,0.0,0.0,1699.0,1528.0,360.608,7.276,0.0,0.0,prepaid,1.455,0.0,0.0,49.0,0.0,57.82,1100.841,"",'133183036461412821201,2026-06-17,11179414636,fe94500f-dfe1-4730-a1b6-7dcc7c89b5ad,"",Forward,100124685324,100124685324,11504,1455.24,5.0,0.0,0.0,0.0,packet_delivered,0.0,0.0,0.0,0.0,0.0,0.0,0.0,0.0,NA,0,1699.0
