NEFT_Ref,igst_amount,cgst_amount,sgst_amount,MRP,customer_paid_amt,Commission,IGST_TCS,CGST_TCS,SGST_TCS,Payment_Type,TDS,Shipping_Fee,pick_and_pack_fee,fixed_fee,Payment_Gateway_Fee,Logistics_Commission,Settled_Amount,NOD_Comment,Store_Order_id,Payment_Date,order_line_id,seller_order_id,return_id,Order_Type,order_release_id,Packet_Id,Seller_Id,taxable_amount,Tax_Rate,seller_discount,platform_discount,total_discount,comments,fwdAdditionalCharges,rvsAdditionalCharges,techEnablement,airLogistics,royaltyCharges,royaltyPercent,marketingCharges,marketingPercent,marketingContribution,commission_discount,sale_Total_Customer_Paid
NFT-/XUTR/DEUTH026156A03QEX,19.05,0.0,0.0,1699.0,400.0,18.88,1.905,0.0,0.0,prepaid,0.381,0.0,0.0,0.0,0.0,0.0,378.834,"",'133095583273322905901,2026-06-05,11153539200,65ea15ac-b2fd-4308-bb64-b3a9092f1469,"",Forward,100098809909,100098809909,11504,380.95,5.0,1205.0,0.0,1205.0,packet_delivered,0.0,0.0,0.0,0.0,0.0,0.0,0.0,0.0,NA,0,494.0
NFT-/XUTR/DEUTH026156A03QEX,32.81,0.0,0.0,1650.0,689.0,178.864,3.281,0.0,0.0,prepaid,0.656,0.0,0.0,27.0,0.0,31.86,474.339,"",'133091253929245735701,2026-06-05,11152857104,1d8767b6-f9ed-4eba-8b40-a2232f888bec,"",Forward,100098127814,1000028962581,11504,656.19,5.0,867.0,0.0,867.0,packet_delivered,0.0,0.0,0.0,0.0,0.0,0.0,0.0,0.0,NA,0,783.0
NFT-/XUTR/DEUTH026156A03QEX,0.0,223.32,223.32,3299.0,2928.0,691.008,0.0,6.2035,6.2035,prepaid,2.481,106.0,0.0,0.0,0.0,125.08,-2347.184,"",'133114063050161843603,2026-06-05,11156952849,6f9a1ece-174a-414b-abe7-f42f22aa8601,100163723468,Reverse,100102223552,100102223552,11504,2481.36,18.0,165.0,0.0,165.0,return_refund,0.0,0.0,0.0,0.0,0.0,0.0,0.0,0.0,NA,0,3134.0000000000005
NFT-/XUTR/DEUTH026156A03QEX,61.91,0.0,0.0,3299.0,1300.0,322.14,6.19,0.0,0.0,prepaid,1.238,0.0,0.0,45.0,0.0,53.1,917.332,"",'133096229849183225003,2026-06-05,11153663093,b3e59b03-d593-4b35-85f4-2b16fa81c223,"",Forward,100098933802,100098933802,11504,1238.1,5.0,1828.0,0.0,1828.0,packet_delivered,0.0,0.0,0.0,0.0,0.0,0.0,0.0,0.0,NA,0,1471.01
NFT-/XUTR/DEUTH026156A03QEX,66.43,0.0,0.0,3299.0,1395.0,345.681,6.643,0.0,0.0,prepaid,1.329,0.0,0.0,45.0,0.0,53.1,988.247,"",'133097370243868005303,2026-06-05,11153917913,4f864009-89c9-4527-816b-5f86aeca3827,"",Forward,100099188622,100099188622,11504,1328.57,5.0,1733.0,0.0,1733.0,packet_delivered,0.0,0.0,0.0,0.0,0.0,0.0,0.0,0.0,NA,0,1566.0
NFT-/XUTR/DEUTH026156A03QEX,37.19,0.0,0.0,1750.0,781.0,147.453,3.719,0.0,0.0,prepaid,0.744,0.0,0.0,27.0,0.0,31.86,597.224,"",'133089686602406880703,2026-06-05,11152342882,6f18374e-be5c-467f-ba34-55ded015e850,"",Forward,100097613593,100097613593,11504,743.81,5.0,875.0,0.0,875.0,packet_delivered,0.0,0.0,0.0,0.0,0.0,0.0,0.0,0.0,NA,0,875.0
NFT-/XUTR/DEUTH026156A03QEX,44.1,0.0,0.0,1650.0,926.0,240.39,4.41,0.0,0.0,prepaid,0.882,0.0,0.0,27.0,0.0,31.86,648.458,"",'133091253929245735701,2026-06-05,11152857101,1d8767b6-f9ed-4eba-8b40-a2232f888bec,"",Forward,100098127811,1000028962581,11504,881.9,5.0,553.0,0.0,553.0,packet_delivered,0.0,0.0,0.0,0.0,0.0,0.0,0.0,0.0,NA,0,1097.0
NFT-/XUTR/DEUTH026156A03QEX,18.57,0.0,0.0,1750.0,390.0,18.408,1.857,0.0,0.0,prepaid,0.371,127.0,0.0,0.0,0.0,149.86,-519.224,"",'133111741697890506501,2026-06-05,11156476937,cf84427c-c7be-4448-b939-9481ae482735,100163837660,Reverse,100101747642,100101747642,11504,371.43,5.0,1301.0,0.0,1301.0,return_refund,0.0,0.0,0.0,0.0,0.0,0.0,0.0,0.0,NA,0,449.0
NFT-/XUTR/DEUTH026156A03QEX,26.95,0.0,0.0,1650.0,146.655,38.072,0.698,0.0,0.0,prepaid,0.14,47.157,0.0,0.0,0.0,55.64526,-163.39,"",'133090277178210812303,2026-06-05,11152527160,94cad80b-20ab-41e0-951b-180477d642a6,11152527160,Reverse,100097797870,100097797870,11504,539.05,5.0,990.0,0.0,990.0,exchange,0.0,0.0,0.0,0.0,0.0,0.0,0.0,0.0,NA,0,660.0
NFT-/XUTR/DEUTH026156A03QEX,35.1,0.0,0.0,1750.0,737.0,191.325,3.51,0.0,0.0,prepaid,0.702,0.0,0.0,27.0,0.0,31.86,509.603,"",'133090863159623872901,2026-06-05,11152714829,1a72161a-5c39-4022-a8b9-e04abcc0fae1,"",Forward,100097985539,1000028923271,11504,701.9,5.0,919.0,0.0,919.0,packet_delivered,0.0,0.0,0.0,0.0,0.0,0.0,0.0,0.0,NA,0,831.0
NFT-/XUTR/DEUTH026156A03QEX,31.71,0.0,0.0,1499.0,666.0,172.894,3.171,0.0,0.0,prepaid,0.634,182.0,0.0,0.0,0.0,214.76,-704.061,"",'133096383796621330901,2026-06-05,11153697433,afb3ac28-8881-4d22-ac20-a3d248706a5a,11153697433,Reverse,100098968142,100098968142,11504,634.29,5.0,739.0,0.0,739.0,exchange,0.0,0.0,0.0,0.0,0.0,0.0,0.0,0.0,NA,0,760.0
NFT-/XUTR/DEUTH026156A03QEX,39.05,0.0,0.0,1799.0,820.0,212.872,3.905,0.0,0.0,prepaid,0.781,0.0,0.0,27.0,0.0,31.86,570.582,"",'133104620634702545403,2026-06-05,11155084947,ff466725-1e87-4260-8109-91cf04efb611,"",Forward,100100355654,100100355654,11504,780.95,5.0,885.0,0.0,885.0,packet_delivered,0.0,0.0,0.0,0.0,0.0,0.0,0.0,0.0,NA,0,914.0
NFT-/XUTR/DEUTH026156A03QEX,39.81,0.0,0.0,2799.0,836.0,217.026,3.981,0.0,0.0,prepaid,0.796,182.0,0.0,0.0,0.0,214.76,-828.957,"",'133090282913369902801,2026-06-05,11152528862,d92a6da6-d505-4398-b15c-67a55f2e5b01,100163860348,Reverse,100097799572,100097799572,11504,796.19,5.0,1792.0,0.0,1792.0,return_refund,0.0,0.0,0.0,0.0,0.0,0.0,0.0,0.0,NA,0,1007.0
NFT-/XUTR/DEUTH026156A03QEX,38.91,0.0,0.0,1799.0,817.0,212.093,3.89,0.0,0.0,prepaid,0.778,0.0,0.0,27.0,0.0,31.86,568.379,"",'133105647151922007601,2026-06-05,11155344073,9f1e2c06-e8e5-4000-849c-4fbeb36678a6,"",Forward,100100614780,100100614780,11504,778.1,5.0,888.0,0.0,888.0,packet_delivered,0.0,0.0,0.0,0.0,0.0,0.0,0.0,0.0,NA,0,911.01
NFT-/XUTR/DEUTH026156A03QEX,31.71,0.0,0.0,1499.0,666.0,172.894,3.171,0.0,0.0,prepaid,0.634,0.0,0.0,27.0,0.0,31.86,457.441,"",'133096383796621330901,2026-06-05,11153697433,afb3ac28-8881-4d22-ac20-a3d248706a5a,"",Forward,100098968142,100098968142,11504,634.29,5.0,739.0,0.0,739.0,packet_delivered,0.0,0.0,0.0,0.0,0.0,0.0,0.0,0.0,NA,0,760.0
NFT-/XUTR/DEUTH026156A03QEX,38.33,0.0,0.0,1799.0,805.0,208.978,3.833,0.0,0.0,prepaid,0.767,0.0,0.0,27.0,0.0,31.86,559.562,"",'133088919065984370901,2026-06-05,11152098198,b4e38477-c993-4fc5-94fd-df9f91b74c69,"",Forward,100097368909,100097368909,11504,766.67,5.0,900.0,0.0,900.0,packet_delivered,0.0,0.0,0.0,0.0,0.0,0.0,0.0,0.0,NA,0,899.0
NFT-/XUTR/DEUTH026156A03QEX,59.67,0.0,0.0,2999.0,1253.0,310.493,5.967,0.0,0.0,prepaid,1.193,0.0,0.0,45.0,0.0,53.1,882.247,"",'133091800933969072103,2026-06-05,11153094634,62654dd1-3266-4a89-8cee-75e077bf1b6d,"",Forward,100098365343,100098365343,11504,1193.33,5.0,1575.0,0.0,1575.0,packet_delivered,0.0,0.0,0.0,0.0,0.0,0.0,0.0,0.0,NA,0,1424.0
NFT-/XUTR/DEUTH026156A03QEX,19.05,0.0,0.0,1699.0,400.0,18.88,1.905,0.0,0.0,prepaid,0.381,182.0,0.0,0.0,0.0,214.76,-593.594,"",'133095583273322905901,2026-06-05,11153539200,65ea15ac-b2fd-4308-bb64-b3a9092f1469,11153539200,Reverse,100098809909,100098809909,11504,380.95,5.0,1205.0,0.0,1205.0,exchange,0.0,0.0,0.0,0.0,0.0,0.0,0.0,0.0,NA,0,494.0
NFT-/XUTR/DEUTH026156A03QEX,59.67,0.0,0.0,2999.0,1253.0,310.493,5.967,0.0,0.0,prepaid,1.193,127.0,0.0,0.0,0.0,149.86,-1085.207,"",'133101770356095280901,2026-06-05,11154820968,9538a314-72b9-4832-88cb-06a4f8736664,100164174730,Reverse,100100091675,100100091675,11504,1193.33,5.0,1575.0,0.0,1575.0,return_refund,0.0,0.0,0.0,0.0,0.0,0.0,0.0,0.0,NA,0,1424.0
NFT-/XUTR/DEUTH026156A03QEX,63.24,0.0,0.0,2999.0,1328.0,329.078,6.324,0.0,0.0,prepaid,1.265,0.0,0.0,45.0,0.0,53.1,938.233,"",'133091440399360092701,2026-06-05,11152930564,e124784a-78a5-42d5-a7e6-3cf972ab0700,"",Forward,100098201274,100098201274,11504,1264.76,5.0,1500.0,0.0,1500.0,packet_delivered,0.0,0.0,0.0,0.0,0.0,0.0,0.0,0.0,NA,0,1499.0
NFT-/XUTR/DEUTH026156A03QEX,48.48,0.0,0.0,1699.0,1018.0,240.248,4.848,0.0,0.0,prepaid,0.97,0.0,0.0,45.0,0.0,53.1,718.834,"",'133092611024015723701,2026-06-05,11153339833,c02a1ea4-f34d-4936-973c-b5818a03d7d4,"",Forward,100098610542,1000029322301,11504,969.52,5.0,510.0,0.0,510.0,packet_delivered,0.0,0.0,0.0,0.0,0.0,0.0,0.0,0.0,NA,0,1189.0
NFT-/XUTR/DEUTH026156A03QEX,50.38,0.0,0.0,3499.0,1058.0,262.172,5.038,0.0,0.0,prepaid,1.008,0.0,0.0,45.0,7.3,61.714,728.068,"",'133091906387529625201,2026-06-05,11153144925,51f66943-a089-4493-be54-8a99524cb928,"",Forward,100098415634,100098415634,11504,1007.62,5.0,2270.0,0.0,2270.0,packet_delivered,0.0,0.0,0.0,0.0,0.0,0.0,0.0,0.0,NA,0,1229.0
NFT-/XUTR/DEUTH026156A03QEX,0.0,12.64,12.64,1999.0,531.0,25.063,0.0,1.2645,1.2645,prepaid,0.506,0.0,0.0,3.0,0.0,3.54,499.362,"",'133114390014292876703,2026-06-05,11157113485,06069ead-3d7c-44d2-b482-19160c128dcc,"",Forward,100102384188,100102384188,11504,505.72,5.0,1374.0,0.0,1374.0,packet_delivered,0.0,0.0,0.0,0.0,0.0,0.0,0.0,0.0,NA,0,625.0
NFT-/XUTR/DEUTH026156A03QEX,36.0,0.0,0.0,2299.0,756.0,196.258,3.6,0.0,0.0,prepaid,0.72,0.0,0.0,27.0,0.0,31.86,523.562,"",'133092062737630160901,2026-06-05,11153220540,af930f89-17d5-471e-af3f-f2a8cbc951bc,"",Forward,100098491249,100098491249,11504,720,5.0,1449.0,0.0,1449.0,packet_delivered,0.0,0.0,0.0,0.0,0.0,0.0,0.0,0.0,NA,0,850.0
NFT-/XUTR/DEUTH026156A03QEX,0.0,41.12,41.12,2899.0,1727.0,427.951,0.0,4.112,4.112,prepaid,1.645,106.0,0.0,0.0,0.0,125.08,-1414.26,"",'133114382305415550101,2026-06-05,11157111564,2bfd1702-bb6f-4e41-87cb-21513d87a8df,11157111564,Reverse,100102382267,100102382267,11504,1644.76,5.0,966.0,0.0,966.0,exchange,0.0,0.0,0.0,0.0,0.0,0.0,0.0,0.0,NA,0,1932.9999999999998
NFT-/XUTR/DEUTH026156A03QEX,81.95,0.0,0.0,2899.0,1721.0,426.464,8.195,0.0,0.0,prepaid,1.639,0.0,0.0,45.0,0.0,53.1,1231.602,"",'133089488612108294303,2026-06-05,11152282308,badad352-b028-4869-9f09-2440bfc9f80a,"",Forward,100097553019,100097553019,11504,1639.05,5.0,972.0,0.0,972.0,packet_delivered,0.0,0.0,0.0,0.0,0.0,0.0,0.0,0.0,NA,0,1927.0
NFT-/XUTR/DEUTH026156A03QEX,0.0,18.43,18.43,1799.0,774.0,200.93,0.0,1.843,1.843,prepaid,0.737,0.0,0.0,27.0,0.0,31.86,536.787,"",'133117607176627735203,2026-06-05,11158074206,7f8bb29c-a69e-4491-8c5c-abffb2a22dc3,"",Forward,100103344908,1000030844660,11504,737.14,5.0,931.0,0.0,931.0,packet_delivered,0.0,0.0,0.0,0.0,0.0,0.0,0.0,0.0,NA,0,867.9999999999999
NFT-/XUTR/DEUTH026156A03QEX,532.83,0.0,0.0,3699.0,3493.0,824.348,14.801,0.0,0.0,prepaid,2.96,0.0,0.0,61.0,0.0,71.98,2578.911,"",'133114866872901325601,2026-06-05,11157391147,12ef887b-b4a9-4998-8165-ae22eefcb4a7,"",Forward,100102661850,1000030843493,11504,2960.17,18.0,0.0,0.0,0.0,packet_delivered,0.0,0.0,0.0,0.0,0.0,0.0,0.0,0.0,NA,0,3699.0
NFT-/XUTR/DEUTH026156A03QEX,63.24,0.0,0.0,2999.0,1328.0,329.078,6.324,0.0,0.0,prepaid,1.265,182.0,0.0,0.0,0.0,214.76,-1206.093,"",'133089893639521092503,2026-06-05,11152408873,060aeddc-2143-4259-85da-876b0efaa6f4,100163747084,Reverse,100097679583,1000029302958,11504,1264.76,5.0,1500.0,0.0,1500.0,return_refund,0.0,0.0,0.0,0.0,0.0,0.0,0.0,0.0,NA,0,1499.0
NFT-/XUTR/DEUTH026156A03QEX,108.43,0.0,0.0,5799.0,2277.0,537.372,10.843,0.0,0.0,prepaid,2.169,346.0,0.0,0.0,0.0,408.28,-2134.896,"",'133092695682171140001,2026-06-05,11153349387,1a0e4951-9771-4650-b38c-66760af09017,100163789389,Reverse,100098620096,1000029323010,11504,2168.57,5.0,3210.0,0.0,3210.0,return_refund,0.0,0.0,0.0,0.0,0.0,0.0,0.0,0.0,NA,0,2589.0
NFT-/XUTR/DEUTH026156A03QEX,96.43,0.0,0.0,3299.0,2025.0,477.9,9.643,0.0,0.0,prepaid,1.929,0.0,0.0,61.0,0.0,71.98,1463.548,"",'133117104367977550903,2026-06-05,11157929726,f55b4f61-d3c5-4102-b2d9-5798e80d8053,"",Forward,100103200428,100103200428,11504,1928.57,5.0,1068.0,0.0,1068.0,packet_delivered,0.0,0.0,0.0,0.0,0.0,0.0,0.0,0.0,NA,0,2231.0
NFT-/XUTR/DEUTH026156A03QEX,85.14,0.0,0.0,2999.0,1300.62,322.294,6.193,0.0,0.0,prepaid,1.239,0.0,0.0,32.734,0.0,38.62612,932.268,"",'133116502576210846903,2026-06-05,11157776446,cc92091d-757d-4222-af57-aada0fe3d4fa,"",Forward,100103047149,100103047149,11504,1702.86,5.0,1005.0,0.0,1005.0,packet_delivered,0.0,0.0,0.0,0.0,0.0,0.0,0.0,0.0,NA,0,1994.0
NFT-/XUTR/DEUTH026156A03QEX,35.14,0.0,0.0,1799.0,738.0,191.585,3.514,0.0,0.0,prepaid,0.703,0.0,0.0,27.0,0.0,31.86,510.338,"",'133092912994766808503,2026-06-05,11153367557,677f7ca9-7013-4a11-8a72-3d478414f341,"",Forward,100098638266,100098638266,11504,702.86,5.0,967.0,0.0,967.0,packet_delivered,0.0,0.0,0.0,0.0,0.0,0.0,0.0,0.0,NA,0,832.0
NFT-/XUTR/DEUTH026156A03QEX,46.14,0.0,0.0,1799.0,969.0,251.552,4.614,0.0,0.0,prepaid,0.923,182.0,0.0,0.0,0.0,214.76,-926.671,"",'133092479799241004901,2026-06-05,11153322114,f9280b66-e4e4-48b2-bf63-3b43cbe90b22,11153322114,Reverse,100098592823,1000029052737,11504,922.86,5.0,659.0,0.0,659.0,exchange,0.0,0.0,0.0,0.0,0.0,0.0,0.0,0.0,NA,0,1140.0
NFT-/XUTR/DEUTH026156A03QEX,70.38,0.0,0.0,3299.0,1478.0,366.248,7.038,0.0,0.0,prepaid,1.408,182.0,0.0,0.0,0.0,214.76,-1318.066,"",'133088358156862826801,2026-06-05,11151910743,9042dc85-98ba-4dc1-8f8b-e178e069dff8,100164299359,Reverse,100097181455,100097181455,11504,1407.62,5.0,1650.0,0.0,1650.0,return_refund,0.0,0.0,0.0,0.0,0.0,0.0,0.0,0.0,NA,0,1649.0
NFT-/XUTR/DEUTH026156A03QEX,47.52,0.0,0.0,1799.0,998.0,259.081,4.752,0.0,0.0,prepaid,0.95,182.0,0.0,0.0,0.0,214.76,-947.977,"",'133060568807397706103,2026-06-05,11145865379,41650a56-7673-40b4-ae30-aeac4cd6f01c,100165382701,Reverse,100091136110,100091136110,11504,950.48,5.0,630.0,0.0,630.0,return_refund,0.0,0.0,0.0,0.0,0.0,0.0,0.0,0.0,NA,0,1169.0
NFT-/XUTR/DEUTH026156A03QEX,55.48,0.0,0.0,3499.0,1165.0,288.687,5.548,0.0,0.0,prepaid,1.11,0.0,0.0,45.0,0.0,53.1,816.555,"",'133098413176923182001,2026-06-05,11154139603,37cdeef5-2990-45fb-86bf-b3b4b0752761,"",Forward,100099410312,100099410312,11504,1109.52,5.0,2163.0,0.0,2163.0,packet_delivered,0.0,0.0,0.0,0.0,0.0,0.0,0.0,0.0,NA,0,1336.0
NFT-/XUTR/DEUTH026156A03QEX,426.05,0.0,0.0,2999.0,2793.0,659.148,11.835,0.0,0.0,prepaid,2.367,182.0,0.0,0.0,0.0,214.76,-2334.41,"",'133089483509726499203,2026-06-05,11152280688,51e1d188-bf40-4f66-86d7-21899b1d36d8,100164083000,Reverse,100097551399,100097551399,11504,2366.95,18.0,0.0,0.0,0.0,return_refund,0.0,0.0,0.0,0.0,0.0,0.0,0.0,0.0,NA,0,2999.0
NFT-/XUTR/DEUTH026156A03QEX,63.29,0.0,0.0,2999.0,1329.0,329.326,6.329,0.0,0.0,prepaid,1.266,0.0,0.0,45.0,0.0,53.1,938.979,"",'133092414773416931003,2026-06-05,11153311428,433dc284-dd41-40c5-9dc9-4464ab4ff057,"",Forward,100098582137,1000029320274,11504,1265.71,5.0,1499.0,0.0,1499.0,packet_delivered,0.0,0.0,0.0,0.0,0.0,0.0,0.0,0.0,NA,0,1500.0
NFT-/XUTR/DEUTH026156A03QEX,38.1,0.0,0.0,2999.0,800.0,207.68,3.81,0.0,0.0,prepaid,0.762,182.0,0.0,0.0,0.0,214.76,-802.508,"",'133092414773416931003,2026-06-05,11153311429,433dc284-dd41-40c5-9dc9-4464ab4ff057,11153311429,Reverse,100098582138,1000029320274,11504,761.9,5.0,2105.0,0.0,2105.0,exchange,0.0,0.0,0.0,0.0,0.0,0.0,0.0,0.0,NA,0,894.0
NFT-/XUTR/DEUTH026156A03QEX,90.14,0.0,0.0,2999.0,1893.0000000000002,469.085,9.014,0.0,0.0,prepaid,1.803,182.0,0.0,0.0,0.0,214.76,-1627.858,"",'133089591753640915701,2026-06-05,11152313886,5766b4e0-35d2-4b4b-b4a5-217b78f6abb2,100163743084,Reverse,100097584597,100097584597,11504,1802.86,5.0,900.0,0.0,900.0,return_refund,0.0,0.0,0.0,0.0,0.0,0.0,0.0,0.0,NA,0,2099.0
NFT-/XUTR/DEUTH026156A03QEX,100.95,0.0,0.0,3499.0,2120.0,500.31999999999994,10.095,0.0,0.0,prepaid,2.019,0.0,0.0,61.0,0.0,71.98,1535.586,"",'133091231709079262401,2026-06-05,11152848798,e92f000d-ac68-4c82-bf4c-db10ca3bc87d,"",Forward,100098119508,100098119508,11504,2019.05,5.0,1173.0,0.0,1173.0,packet_delivered,0.0,0.0,0.0,0.0,0.0,0.0,0.0,0.0,NA,0,2326.0
NFT-/XUTR/DEUTH026156A03QEX,58.1,0.0,0.0,2999.0,1220.0,302.316,5.81,0.0,0.0,prepaid,1.162,0.0,0.0,45.0,0.0,53.1,857.612,"",'133092414773416931003,2026-06-05,11153311430,433dc284-dd41-40c5-9dc9-4464ab4ff057,"",Forward,100098582139,1000029320274,11504,1161.9,5.0,1608.0,0.0,1608.0,packet_delivered,0.0,0.0,0.0,0.0,0.0,0.0,0.0,0.0,NA,0,1391.0
NFT-/XUTR/DEUTH026156A03QEX,18.57,0.0,0.0,1750.0,390.0,18.408,1.857,0.0,0.0,prepaid,0.371,0.0,0.0,0.0,3.042,3.58956,365.774,"",'133111741697890506501,2026-06-05,11156476937,cf84427c-c7be-4448-b939-9481ae482735,"",Forward,100101747642,100101747642,11504,371.43,5.0,1301.0,0.0,1301.0,packet_delivered,0.0,0.0,0.0,0.0,0.0,0.0,0.0,0.0,NA,0,449.0
NFT-/XUTR/DEUTH026156A03QEX,0.0,41.12,41.12,2899.0,1727.0,427.951,0.0,4.112,4.112,prepaid,1.645,0.0,0.0,45.0,0.0,53.1,1236.08,"",'133114382305415550101,2026-06-05,11157111564,2bfd1702-bb6f-4e41-87cb-21513d87a8df,"",Forward,100102382267,100102382267,11504,1644.76,5.0,966.0,0.0,966.0,packet_delivered,0.0,0.0,0.0,0.0,0.0,0.0,0.0,0.0,NA,0,1932.9999999999998
NFT-/XUTR/DEUTH026156A03QEX,45.62,0.0,0.0,1699.0,958.0,248.697,4.562,0.0,0.0,prepaid,0.912,0.0,0.0,27.0,0.0,31.86,671.969,"",'133092005392026826303,2026-06-05,11153191639,da6fc367-f0ca-4710-975c-7570acb70f67,"",Forward,100098462348,100098462348,11504,912.38,5.0,570.0,0.0,570.0,packet_delivered,0.0,0.0,0.0,0.0,0.0,0.0,0.0,0.0,NA,0,1129.0
NFT-/XUTR/DEUTH026156A03QEX,49.81,0.0,0.0,2999.0,1046.0,259.199,4.981,0.0,0.0,prepaid,0.996,0.0,0.0,45.0,0.0,53.1,727.724,"",'133100285197102242301,2026-06-05,11154559530,82673fee-fd36-4600-8a23-16361db7fc5c,"",Forward,100099830238,100099830238,11504,996.19,5.0,1782.0,0.0,1782.0,packet_delivered,0.0,0.0,0.0,0.0,0.0,0.0,0.0,0.0,NA,0,1217.0
NFT-/XUTR/DEUTH026156A03QEX,59.71,0.0,0.0,2999.0,1254.0,310.741,5.971,0.0,0.0,prepaid,1.194,0.0,0.0,45.0,0.0,53.1,882.994,"",'133122527277839446003,2026-06-05,11160125884,5301c8aa-ae07-45bb-8652-ea01a6daea9a,"",Forward,100105396585,100105396585,11504,1194.29,5.0,1574.0,0.0,1574.0,packet_delivered,0.0,0.0,0.0,0.0,0.0,0.0,0.0,0.0,NA,0,1425.0
NFT-/XUTR/DEUTH026156A03QEX,53.52,0.0,0.0,1850.0,1124.0,265.264,5.352,0.0,0.0,prepaid,1.07,0.0,0.0,45.0,0.0,53.1,799.214,"",'133089177139177799601,2026-06-05,11152182844,5d1f9de2-a6af-4e89-b2bc-4941dd639b5b,"",Forward,100097453555,100097453555,11504,1070.48,5.0,555.0,0.0,555.0,packet_delivered,0.0,0.0,0.0,0.0,0.0,0.0,0.0,0.0,NA,0,1295.0
NFT-/XUTR/DEUTH026156A03QEX,593.85,0.0,0.0,4099.0,1919.185,452.928,8.132,0.0,0.0,prepaid,1.626,0.0,0.0,30.072,0.0,35.48496,1421.014,"",'133109700442962494203,2026-06-05,11156359873,33d942fe-c949-4014-bc1d-d0790be4bbcf,"",Forward,100101630578,100101630578,11504,3299.15,18.0,0.0,0.0,0.0,packet_delivered,0.0,0.0,0.0,0.0,0.0,0.0,0.0,0.0,NA,0,4099.0
NFT-/XUTR/DEUTH026156A03QEX,48.1,0.0,0.0,1750.0,1010.0,238.36,4.81,0.0,0.0,prepaid,0.962,0.0,0.0,45.0,0.0,53.1,712.768,"",'133117516580081479003,2026-06-05,11158047317,0e92a20d-934b-4b78-a853-8d59fd3932fd,"",Forward,100103318019,100103318019,11504,961.9,5.0,569.0,0.0,569.0,packet_delivered,0.0,0.0,0.0,0.0,0.0,0.0,0.0,0.0,NA,0,1181.0
NFT-/XUTR/DEUTH026156A03QEX,97.81,0.0,0.0,3399.0,2054.0,484.744,9.781,0.0,0.0,prepaid,1.956,0.0,0.0,61.0,0.0,71.98,1485.539,"",'133116405542665550903,2026-06-05,11157753563,1443c4fb-ef04-40dc-a412-47bfd596ee65,"",Forward,100103024266,1000030860809,11504,1956.19,5.0,1139.0,0.0,1139.0,packet_delivered,0.0,0.0,0.0,0.0,0.0,0.0,0.0,0.0,NA,0,2260.0
NFT-/XUTR/DEUTH026156A03QEX,55.48,0.0,0.0,3499.0,1165.0,288.687,5.548,0.0,0.0,prepaid,1.11,182.0,0.0,0.0,0.0,214.76,-1084.415,"",'133098413176923182001,2026-06-05,11154139603,37cdeef5-2990-45fb-86bf-b3b4b0752761,11154139603,Reverse,100099410312,100099410312,11504,1109.52,5.0,2163.0,0.0,2163.0,exchange,0.0,0.0,0.0,0.0,0.0,0.0,0.0,0.0,NA,0,1336.0
NFT-/XUTR/DEUTH026156A03QEX,21.62,0.0,0.0,1650.0,454.0,21.429,2.162,0.0,0.0,prepaid,0.432,182.0,0.0,0.0,0.0,214.76,-644.737,"",'133086173742311845001,2026-06-05,11151341718,f57a9055-fdc2-4252-b241-2079cb4a33fe,100164823446,Reverse,100096612433,1000028564183,11504,432.38,5.0,1102.0,0.0,1102.0,return_refund,0.0,0.0,0.0,0.0,0.0,0.0,0.0,0.0,NA,0,548.0
NFT-/XUTR/DEUTH026156A03QEX,123.48,0.0,0.0,3999.0,2593.0,611.948,12.348,0.0,0.0,prepaid,2.47,0.0,0.0,61.0,0.0,71.98,1894.254,"",'133091806409516765703,2026-06-05,11153097520,288d4db4-ff76-4414-932b-c71842002e32,"",Forward,100098368229,100098368229,11504,2469.52,5.0,1200.0,0.0,1200.0,packet_delivered,0.0,0.0,0.0,0.0,0.0,0.0,0.0,0.0,NA,0,2799.0
NFT-/XUTR/DEUTH026156A03QEX,72.76,0.0,0.0,1699.0,1528.0,360.608,7.276,0.0,0.0,prepaid,1.455,182.0,0.0,0.0,0.0,214.76,-1373.421,"",'133090052391100564603,2026-06-05,11152458135,997d2f52-bb9c-4ef0-ab90-39e18faa5894,100163966111,Reverse,100097728845,100097728845,11504,1455.24,5.0,0.0,0.0,0.0,return_refund,0.0,0.0,0.0,0.0,0.0,0.0,0.0,0.0,NA,0,1699.0
NFT-/XUTR/DEUTH026156A03QEX,23.67,0.0,0.0,1599.0,497.0,23.458,2.367,0.0,0.0,prepaid,0.473,0.0,0.0,19.0,0.0,22.42,448.282,"",'133101036031913998601,2026-06-05,11154747955,9e65a984-8891-4e00-ac3a-deb999b281e9,"",Forward,100100018662,100100018662,11504,473.33,5.0,1008.0,0.0,1008.0,packet_delivered,0.0,0.0,0.0,0.0,0.0,0.0,0.0,0.0,NA,0,591.0
NFT-/XUTR/DEUTH026156A03QEX,59.67,0.0,0.0,2999.0,1253.0,310.493,5.967,0.0,0.0,prepaid,1.193,0.0,0.0,45.0,0.0,53.1,882.247,"",'133101770356095280901,2026-06-05,11154820968,9538a314-72b9-4832-88cb-06a4f8736664,"",Forward,100100091675,100100091675,11504,1193.33,5.0,1575.0,0.0,1575.0,packet_delivered,0.0,0.0,0.0,0.0,0.0,0.0,0.0,0.0,NA,0,1424.0
NFT-/XUTR/DEUTH026156A03QEX,38.0,0.0,0.0,1899.0,798.0,207.161,3.8,0.0,0.0,prepaid,0.76,0.0,0.0,27.0,0.0,31.86,554.419,"",'133118268918124828103,2026-06-05,11158256204,25fba1f5-2222-438b-aff3-ab79372b3dab,"",Forward,100103526906,100103526906,11504,760,5.0,1007.0,0.0,1007.0,packet_delivered,0.0,0.0,0.0,0.0,0.0,0.0,0.0,0.0,NA,0,892.0
NFT-/XUTR/DEUTH026156A03QEX,48.86,0.0,0.0,1799.0,1026.0,242.136,4.886,0.0,0.0,prepaid,0.977,127.0,0.0,0.0,0.0,149.86,-927.861,"",'133109534908839167203,2026-06-05,11156324089,96d9ff77-42de-43d1-8256-1dfe37ef0846,100164827733,Reverse,100101594794,100101594794,11504,977.14,5.0,602.0,0.0,602.0,return_refund,0.0,0.0,0.0,0.0,0.0,0.0,0.0,0.0,NA,0,1197.0
NFT-/XUTR/DEUTH026156A03QEX,63.29,0.0,0.0,2999.0,1329.0,329.326,6.329,0.0,0.0,prepaid,1.266,0.0,0.0,45.0,0.0,53.1,938.979,"",'133097080352067903003,2026-06-05,11153854216,ab8a54e1-5139-42c8-9a08-583ea2f3a08c,"",Forward,100099124925,1000029789286,11504,1265.71,5.0,1499.0,0.0,1499.0,packet_delivered,0.0,0.0,0.0,0.0,0.0,0.0,0.0,0.0,NA,0,1500.0
NFT-/XUTR/DEUTH026156A03QEX,67.67,0.0,0.0,3299.0,1421.0,352.124,6.767,0.0,0.0,prepaid,1.353,0.0,0.0,45.0,0.0,53.1,1007.656,"",'133107566404099889901,2026-06-05,11155800022,b4fcfbb1-0d89-49c9-b1d4-b232ce5e34fa,"",Forward,100101070728,1000030237773,11504,1353.33,5.0,1707.0,0.0,1707.0,packet_delivered,0.0,0.0,0.0,0.0,0.0,0.0,0.0,0.0,NA,0,1592.0
NFT-/XUTR/DEUTH026156A03QEX,57.38,0.0,0.0,2899.0,1205.0,298.599,5.738,0.0,0.0,prepaid,1.148,182.0,0.0,0.0,0.0,214.76,-1114.275,"",'133088448790929486003,2026-06-05,11151941172,685a394c-7545-42f3-a462-7a92c82b8beb,100163832056,Reverse,100097211884,100097211884,11504,1147.62,5.0,1523.0,0.0,1523.0,return_refund,0.0,0.0,0.0,0.0,0.0,0.0,0.0,0.0,NA,0,1376.0
NFT-/XUTR/DEUTH026156A03QEX,51.81,0.0,0.0,3299.0,1088.0,269.606,5.181,0.0,0.0,prepaid,1.036,0.0,0.0,45.0,0.0,53.1,759.077,"",'133113274555154631103,2026-06-05,11156705435,d24ff221-22f5-4805-9576-c5e8a78545e8,"",Forward,100101976138,1000030233888,11504,1036.19,5.0,2040.0,0.0,2040.0,packet_delivered,0.0,0.0,0.0,0.0,0.0,0.0,0.0,0.0,NA,0,1259.0
NFT-/XUTR/DEUTH026156A03QEX,42.62,0.0,0.0,2999.0,895.0,232.342,4.262,0.0,0.0,prepaid,0.852,0.0,0.0,27.0,0.0,31.86,625.684,"",'133090968434272498601,2026-06-05,11152752725,187adce8-215c-4db5-b102-07e672a0765e,"",Forward,100098023435,100098023435,11504,852.38,5.0,2010.0,0.0,2010.0,packet_delivered,0.0,0.0,0.0,0.0,0.0,0.0,0.0,0.0,NA,0,989.0
NFT-/XUTR/DEUTH026156A03QEX,32.57,0.0,0.0,3450.0,10.67,0.504,0.051,0.0,0.0,prepaid,0.01,0.0,0.0,0.421,0.0,0.49678,9.608,"",'133117337396691684101,2026-06-05,11157994204,1ecb3346-dfcb-4f27-b15b-37c3800b8d96,"",Forward,100103264906,100103264906,11504,651.43,5.0,2672.0,0.0,2672.0,packet_delivered,0.0,0.0,0.0,0.0,0.0,0.0,0.0,0.0,NA,0,778.0
NFT-/XUTR/DEUTH026156A03QEX,114.0,0.0,0.0,2600.0,2394.0,564.984,11.4,0.0,0.0,prepaid,2.28,0.0,0.0,61.0,0.0,71.98,1743.356,"",'133091620571449835401,2026-06-05,11153009628,cae38195-a974-408b-9153-59aaa2e9e377,"",Forward,100098280337,100098280337,11504,2280,5.0,0.0,0.0,0.0,packet_delivered,0.0,0.0,0.0,0.0,0.0,0.0,0.0,0.0,NA,0,2600.0
NFT-/XUTR/DEUTH026156A03QEX,59.62,0.0,0.0,2999.0,1252.0,310.246,5.962,0.0,0.0,prepaid,1.192,0.0,0.0,45.0,0.0,53.1,881.5,"",'133116360852694367001,2026-06-05,11157743290,28af80b7-c4ef-460a-956d-43b9c423ffc8,"",Forward,100103013993,100103013993,11504,1192.38,5.0,1576.0,0.0,1576.0,packet_delivered,0.0,0.0,0.0,0.0,0.0,0.0,0.0,0.0,NA,0,1423.0
NFT-/XUTR/DEUTH026156A03QEX,57.1,0.0,0.0,2999.0,1199.0,297.112,5.71,0.0,0.0,prepaid,1.142,127.0,0.0,0.0,0.0,149.86,-1044.896,"",'133112506416806132301,2026-06-05,11156558481,8155b7bc-46a6-4bef-9ab7-1051a0dcd075,11156558481,Reverse,100101829185,1000030228991,11504,1141.9,5.0,1629.0,0.0,1629.0,exchange,0.0,0.0,0.0,0.0,0.0,0.0,0.0,0.0,NA,0,1370.0
NFT-/XUTR/DEUTH026156A03QEX,63.19,0.0,0.0,2999.0,1289.0,319.414,6.138,0.0,0.0,prepaid,1.228,0.0,0.0,43.711,0.0,51.57898,910.641,"",'133121009935107312603,2026-06-05,11159644832,c5bb69cd-dd1f-499e-aaf4-214d3211581c,"",Forward,100104915534,100104915534,11504,1263.81,5.0,1501.0,38.0,1539.0,packet_delivered,0.0,0.0,0.0,0.0,0.0,0.0,0.0,0.0,NA,0,1498.0
NFT-/XUTR/DEUTH026156A03QEX,23.1,0.0,0.0,1650.0,485.0,22.892,2.31,0.0,0.0,prepaid,0.462,0.0,0.0,27.0,0.0,31.86,427.476,"",'133086173742311845001,2026-06-05,11151341719,f57a9055-fdc2-4252-b241-2079cb4a33fe,"",Forward,100096612434,1000028564183,11504,461.9,5.0,1071.0,0.0,1071.0,packet_delivered,0.0,0.0,0.0,0.0,0.0,0.0,0.0,0.0,NA,0,579.0
NFT-/XUTR/DEUTH026156A03QEX,0.0,235.91,235.91,3299.0,3093.0,729.948,0.0,6.553,6.553,prepaid,2.621,0.0,0.0,61.0,0.0,71.98,2275.345,"",'133117801451783483401,2026-06-05,11158133499,d2b663e5-02b9-459a-9132-ad4cbad81d43,"",Forward,100103404201,100103404201,11504,2621.18,18.0,0.0,0.0,0.0,packet_delivered,0.0,0.0,0.0,0.0,0.0,0.0,0.0,0.0,NA,0,3298.9999999999995
NFT-/XUTR/DEUTH026156A03QEX,37.19,0.0,0.0,1750.0,781.0,202.748,3.719,0.0,0.0,prepaid,0.744,0.0,0.0,27.0,0.0,31.86,541.929,"",'133090873599384130301,2026-06-05,11152718412,a9c6bbc5-d5c0-4a09-b522-3153271ae98c,"",Forward,100097989122,100097989122,11504,743.81,5.0,875.0,0.0,875.0,packet_delivered,0.0,0.0,0.0,0.0,0.0,0.0,0.0,0.0,NA,0,875.0
NFT-/XUTR/DEUTH026156A03QEX,36.19,0.0,0.0,1799.0,760.0,197.296,3.619,0.0,0.0,prepaid,0.724,182.0,0.0,0.0,0.0,214.76,-773.121,"",'133092479799241004901,2026-06-05,11153322112,f9280b66-e4e4-48b2-bf63-3b43cbe90b22,11153322112,Reverse,100098592821,1000029052737,11504,723.81,5.0,945.0,0.0,945.0,exchange,0.0,0.0,0.0,0.0,0.0,0.0,0.0,0.0,NA,0,854.0
NFT-/XUTR/DEUTH026156A03QEX,37.19,0.0,0.0,1750.0,781.0,202.748,3.719,0.0,0.0,prepaid,0.744,0.0,0.0,27.0,0.0,31.86,541.929,"",'133091813972749339801,2026-06-05,11153101071,cf8a690f-70fb-498d-a1c2-449757033cd6,"",Forward,100098371780,100098371780,11504,743.81,5.0,875.0,0.0,875.0,packet_delivered,0.0,0.0,0.0,0.0,0.0,0.0,0.0,0.0,NA,0,875.0
NFT-/XUTR/DEUTH026156A03QEX,33.57,0.0,0.0,1599.0,705.0,183.018,3.357,0.0,0.0,prepaid,0.671,0.0,0.0,27.0,0.0,31.86,486.094,"",'133089763379610694203,2026-06-05,11152367783,395b9cc7-7207-4a78-ab90-33ec74213d8b,"",Forward,100097638494,100097638494,11504,671.43,5.0,800.0,0.0,800.0,packet_delivered,0.0,0.0,0.0,0.0,0.0,0.0,0.0,0.0,NA,0,799.0
NFT-/XUTR/DEUTH026156A03QEX,48.76,0.0,0.0,1799.0,1024.0,241.664,4.876,0.0,0.0,prepaid,0.975,0.0,0.0,45.0,0.0,53.1,723.385,"",'133115300092859951903,2026-06-05,11157492566,b892ea9b-1df9-4e61-9990-821c7e8dd564,"",Forward,100102763269,100102763269,11504,975.24,5.0,604.0,0.0,604.0,packet_delivered,0.0,0.0,0.0,0.0,0.0,0.0,0.0,0.0,NA,0,1195.0
NFT-/XUTR/DEUTH026156A03QEX,63.24,0.0,0.0,2999.0,1328.0,329.078,6.324,0.0,0.0,prepaid,1.265,0.0,0.0,45.0,0.0,53.1,938.233,"",'133106248253025453301,2026-06-05,11155500847,f55fa86a-7a1e-44ce-9618-9514cef3c2b5,"",Forward,100100771553,100100771553,11504,1264.76,5.0,1500.0,0.0,1500.0,packet_delivered,0.0,0.0,0.0,0.0,0.0,0.0,0.0,0.0,NA,0,1499.0
NFT-/XUTR/DEUTH026156A03QEX,0.0,29.81,29.81,2999.0,1252.0,310.246,0.0,2.981,2.981,prepaid,1.192,0.0,0.0,45.0,0.0,53.1,881.5,"",'133114499107548351201,2026-06-05,11157140664,11729840-d483-41cf-a6be-0d4becb42307,"",Forward,100102411367,100102411367,11504,1192.38,5.0,1576.0,0.0,1576.0,packet_delivered,0.0,0.0,0.0,0.0,0.0,0.0,0.0,0.0,NA,0,1423.0
NFT-/XUTR/DEUTH026156A03QEX,0.0,33.21,33.21,3299.0,1395.0,345.681,0.0,3.3215,3.3215,prepaid,1.329,0.0,0.0,45.0,0.0,53.1,988.247,"",'133121185425814381303,2026-06-05,11159672473,dbd243aa-9fc6-4bc0-be19-47406b8e95b6,"",Forward,100104943175,100104943175,11504,1328.58,5.0,1733.0,0.0,1733.0,packet_delivered,0.0,0.0,0.0,0.0,0.0,0.0,0.0,0.0,NA,0,1566.0
NFT-/XUTR/DEUTH026156A03QEX,67.67,0.0,0.0,3299.0,1421.0,352.124,6.767,0.0,0.0,prepaid,1.353,127.0,0.0,0.0,0.0,149.86,-1210.616,"",'133107566404099889901,2026-06-05,11155800022,b4fcfbb1-0d89-49c9-b1d4-b232ce5e34fa,100164487168,Reverse,100101070728,1000030237773,11504,1353.33,5.0,1707.0,0.0,1707.0,return_refund,0.0,0.0,0.0,0.0,0.0,0.0,0.0,0.0,NA,0,1592.0
NFT-/XUTR/DEUTH026156A03QEX,22.29,0.0,0.0,1650.0,468.0,22.09,2.229,0.0,0.0,prepaid,0.446,0.0,0.0,27.0,0.0,31.86,411.375,"",'133096339039339635803,2026-06-05,11153687285,3a01cd03-3324-4f5d-bfbf-ec162bc43de1,"",Forward,100098957994,1000029273650,11504,445.71,5.0,1088.0,0.0,1088.0,packet_delivered,0.0,0.0,0.0,0.0,0.0,0.0,0.0,0.0,NA,0,562.0
NFT-/XUTR/DEUTH026156A03QEX,414.76,0.0,0.0,4399.0,2719.0,641.684,11.521,0.0,0.0,prepaid,2.304,0.0,0.0,61.0,0.0,71.98,1991.511,"",'133091836813005095003,2026-06-05,11153111661,45285ef7-0059-41ef-8b81-025a3f538eb5,"",Forward,100098382370,100098382370,11504,2304.24,18.0,1474.0,0.0,1474.0,packet_delivered,0.0,0.0,0.0,0.0,0.0,0.0,0.0,0.0,NA,0,2925.0
NFT-/XUTR/DEUTH026156A03QEX,48.71,0.0,0.0,3399.0,1023.0,253.499,4.871,0.0,0.0,prepaid,0.974,182.0,0.0,0.0,0.0,214.76,-978.416,"",'133089355255897861503,2026-06-05,11152239666,f4429ffa-43a9-41ee-ba0a-55a6ab97a3b7,100163627752,Reverse,100097510377,100097510377,11504,974.29,5.0,2205.0,0.0,2205.0,return_refund,0.0,0.0,0.0,0.0,0.0,0.0,0.0,0.0,NA,0,1194.0
NFT-/XUTR/DEUTH026156A03QEX,56.81,0.0,0.0,1950.0,1193.0,281.548,5.681,0.0,0.0,prepaid,1.136,106.0,0.0,0.0,0.0,125.08,-1029.715,"",'133118654473579075603,2026-06-05,11158421881,69bc5bdf-858f-4434-8037-c37469dcea21,100164793726,Reverse,100103692583,100103692583,11504,1136.19,5.0,586.0,0.0,586.0,return_refund,0.0,0.0,0.0,0.0,0.0,0.0,0.0,0.0,NA,0,1364.0
NFT-/XUTR/DEUTH026156A03QEX,23.67,0.0,0.0,1599.0,497.0,23.458,2.367,0.0,0.0,prepaid,0.473,0.0,0.0,27.0,0.0,31.86,438.842,"",'133091826300587198201,2026-06-05,11153106785,ed582753-da6d-42f6-9729-bbbd2568c1ab,"",Forward,100098377494,100098377494,11504,473.33,5.0,1008.0,0.0,1008.0,packet_delivered,0.0,0.0,0.0,0.0,0.0,0.0,0.0,0.0,NA,0,591.0
NFT-/XUTR/DEUTH026156A03QEX,36.52,0.0,0.0,2499.0,767.0,36.202,3.652,0.0,0.0,prepaid,0.73,0.0,0.0,27.0,0.0,31.86,694.556,"",'133103564390843576901,2026-06-05,11154900762,b7c09d57-81f1-487f-b149-82475e24605a,"",Forward,100100171469,100100171469,11504,730.48,5.0,1638.0,0.0,1638.0,packet_delivered,0.0,0.0,0.0,0.0,0.0,0.0,0.0,0.0,NA,0,861.0
NFT-/XUTR/DEUTH026156A03QEX,0.0,25.21,25.21,1850.0,1059.0,249.924,0.0,2.5215,2.5215,prepaid,1.009,0.0,0.0,45.0,0.0,53.1,749.924,"",'133122173877334008403,2026-06-05,11160019117,206c7570-1603-4a9a-9585-97b042dc39bb,"",Forward,100105289818,100105289818,11504,1008.58,5.0,620.0,0.0,620.0,packet_delivered,0.0,0.0,0.0,0.0,0.0,0.0,0.0,0.0,NA,0,1230.0
NFT-/XUTR/DEUTH026156A03QEX,91.81,0.0,0.0,2999.0,1928.0000000000002,477.758,9.181,0.0,0.0,prepaid,1.836,182.0,0.0,0.0,0.0,214.76,-1653.985,"",'133099860016409138401,2026-06-05,11154448043,9995b489-49c9-4d06-83f3-01e6fc17c0bb,100165480571,Reverse,100099718751,1000029779022,11504,1836.19,5.0,865.0,0.0,865.0,return_refund,0.0,0.0,0.0,0.0,0.0,0.0,0.0,0.0,NA,0,2134.0
NFT-/XUTR/DEUTH026156A03QEX,0.0,26.0,26.0,1899.0,1092.0,257.712,0.0,2.6,2.6,prepaid,1.04,106.0,0.0,0.0,0.0,125.08,-953.128,"",'133109207364992605503,2026-06-05,11156231676,c9bac7dc-3004-48ac-91c2-46bb64685d8e,100163588752,Reverse,100101502381,100101502381,11504,1040,5.0,636.0,0.0,636.0,return_refund,0.0,0.0,0.0,0.0,0.0,0.0,0.0,0.0,NA,0,1263.0
NFT-/XUTR/DEUTH026156A03QEX,59.67,0.0,0.0,2999.0,1253.0,310.493,5.967,0.0,0.0,prepaid,1.193,0.0,0.0,45.0,0.0,53.1,882.247,"",'133086438015765193903,2026-06-05,11151376191,402bf6e5-e679-42bc-9d6a-67760b1a3251,"",Forward,100096646906,100096646906,11504,1193.33,5.0,1575.0,0.0,1575.0,packet_delivered,0.0,0.0,0.0,0.0,0.0,0.0,0.0,0.0,NA,0,1424.0
NFT-/XUTR/DEUTH026156A03QEX,35.14,0.0,0.0,1799.0,738.0,191.585,3.514,0.0,0.0,prepaid,0.703,0.0,0.0,27.0,0.0,31.86,510.338,"",'133092568159053546701,2026-06-05,11153334492,f231b51d-1094-462b-92f3-3ff36f1eed7d,"",Forward,100098605201,100098605201,11504,702.86,5.0,967.0,0.0,967.0,packet_delivered,0.0,0.0,0.0,0.0,0.0,0.0,0.0,0.0,NA,0,832.0
NFT-/XUTR/DEUTH026156A03QEX,38.0,0.0,0.0,1899.0,798.0,207.161,3.8,0.0,0.0,prepaid,0.76,106.0,0.0,0.0,0.0,125.08,-711.359,"",'133118268918124828103,2026-06-05,11158256204,25fba1f5-2222-438b-aff3-ab79372b3dab,11158256204,Reverse,100103526906,100103526906,11504,760,5.0,1007.0,0.0,1007.0,exchange,0.0,0.0,0.0,0.0,0.0,0.0,0.0,0.0,NA,0,892.0
NFT-/XUTR/DEUTH026156A03QEX,72.29,0.0,0.0,3499.0,1518.0,376.16,7.229,0.0,0.0,prepaid,1.446,0.0,0.0,45.0,0.0,53.1,1080.065,"",'133118323094764617703,2026-06-05,11158267097,a7528c58-6219-47da-8d6c-340ebddd84b7,"",Forward,100103537799,100103537799,11504,1445.71,5.0,1810.0,0.0,1810.0,packet_delivered,0.0,0.0,0.0,0.0,0.0,0.0,0.0,0.0,NA,0,1689.0
NFT-/XUTR/DEUTH026156A03QEX,50.19,0.0,0.0,1750.0,1054.0,248.744,5.019,0.0,0.0,prepaid,1.004,0.0,0.0,45.0,0.0,53.1,746.133,"",'133080581889635797701,2026-06-05,11150194915,06293ebc-e6b9-4cd3-b2d0-3607388b4618,"",Forward,100095465633,100095465633,11504,1003.81,5.0,525.0,0.0,525.0,packet_delivered,0.0,0.0,0.0,0.0,0.0,0.0,0.0,0.0,NA,0,1225.0
NFT-/XUTR/DEUTH026156A03QEX,58.43,0.0,0.0,2799.0,1227.0,304.051,5.843,0.0,0.0,prepaid,1.169,182.0,0.0,0.0,0.0,214.76,-1130.697,"",'133092414773416931003,2026-06-05,11153311417,433dc284-dd41-40c5-9dc9-4464ab4ff057,11153311417,Reverse,100098582126,1000029320274,11504,1168.57,5.0,1401.0,0.0,1401.0,exchange,0.0,0.0,0.0,0.0,0.0,0.0,0.0,0.0,NA,0,1398.0
NFT-/XUTR/DEUTH026156A03QEX,34.71,0.0,0.0,2999.0,48.801,2.303,0.232,0.0,0.0,prepaid,0.046,12.183,0.0,0.0,0.0,14.37594,-60.596,"",'133092618758835839001,2026-06-05,11153340866,4b9d8f17-5ab3-466f-bde2-f7c90b2793d3,11153340866,Reverse,100098611575,100098611575,11504,694.29,5.0,2176.0,0.0,2176.0,exchange,0.0,0.0,0.0,0.0,0.0,0.0,0.0,0.0,NA,0,823.0
NFT-/XUTR/DEUTH026156A03QEX,70.38,0.0,0.0,3299.0,1478.0,366.248,7.038,0.0,0.0,prepaid,1.408,0.0,0.0,45.0,0.0,53.1,1050.206,"",'133074176318434505401,2026-06-05,11148951179,e1b606bf-b59b-443a-9f55-c7182d4292ba,"",Forward,100094221904,100094221904,11504,1407.62,5.0,1650.0,0.0,1650.0,packet_delivered,0.0,0.0,0.0,0.0,0.0,0.0,0.0,0.0,NA,0,1649.0
NFT-/XUTR/DEUTH026156A03QEX,36.19,0.0,0.0,1799.0,760.0,197.296,3.619,0.0,0.0,prepaid,0.724,0.0,0.0,27.0,0.0,31.86,526.501,"",'133092479799241004901,2026-06-05,11153322112,f9280b66-e4e4-48b2-bf63-3b43cbe90b22,"",Forward,100098592821,1000029052737,11504,723.81,5.0,945.0,0.0,945.0,packet_delivered,0.0,0.0,0.0,0.0,0.0,0.0,0.0,0.0,NA,0,854.0
NFT-/XUTR/DEUTH026156A03QEX,28.14,0.0,0.0,1599.0,591.0,41.843,2.814,0.0,0.0,prepaid,0.563,0.0,0.0,27.0,0.0,31.86,513.92,"",'133114411426892585501,2026-06-05,11157118605,9b54055f-927b-4d53-b2a2-f3a9b2bf37e6,"",Forward,100102389308,100102389308,11504,562.86,5.0,914.0,0.0,914.0,packet_delivered,0.0,0.0,0.0,0.0,0.0,0.0,0.0,0.0,NA,0,685.0
NFT-/XUTR/DEUTH026156A03QEX,59.67,0.0,0.0,2999.0,1253.0,310.493,5.967,0.0,0.0,prepaid,1.193,0.0,0.0,45.0,0.0,53.1,882.247,"",'133068506944899459503,2026-06-05,11147558905,38903abe-178b-4155-831b-843ea1c67036,"",Forward,100092829633,100092829633,11504,1193.33,5.0,1575.0,0.0,1575.0,packet_delivered,0.0,0.0,0.0,0.0,0.0,0.0,0.0,0.0,NA,0,1424.0
NFT-/XUTR/DEUTH026156A03QEX,43.05,0.0,0.0,1999.0,903.9999999999999,234.678,4.305,0.0,0.0,prepaid,0.861,127.0,0.0,0.0,0.0,149.86,-814.016,"",'133092191686103838003,2026-06-05,11153266481,b4785274-78f8-4ac0-adac-64bf7ad9422a,100164139797,Reverse,100098537190,100098537190,11504,860.95,5.0,1001.0,0.0,1001.0,return_refund,0.0,0.0,0.0,0.0,0.0,0.0,0.0,0.0,NA,0,998.0
NFT-/XUTR/DEUTH026156A03QEX,45.62,0.0,0.0,1699.0,958.0,248.697,4.562,0.0,0.0,prepaid,0.912,0.0,0.0,27.0,0.0,31.86,671.969,"",'133089716477923178201,2026-06-05,11152352358,745036ed-a05d-4b70-b4c2-c54e9d0064c2,"",Forward,100097623069,100097623069,11504,912.38,5.0,570.0,0.0,570.0,packet_delivered,0.0,0.0,0.0,0.0,0.0,0.0,0.0,0.0,NA,0,1129.0
NFT-/XUTR/DEUTH026156A03QEX,45.62,0.0,0.0,1699.0,958.0,248.697,4.562,0.0,0.0,prepaid,0.912,0.0,0.0,27.0,0.0,31.86,671.969,"",'133095475933577795903,2026-06-05,11153521968,5ae9f8c1-ec6e-4510-8675-ad8314c82d4d,"",Forward,100098792677,100098792677,11504,912.38,5.0,570.0,0.0,570.0,packet_delivered,0.0,0.0,0.0,0.0,0.0,0.0,0.0,0.0,NA,0,1129.0
NFT-/XUTR/DEUTH026156A03QEX,18.57,0.0,0.0,1599.0,76.11,3.5919999999999996,0.362,0.0,0.0,prepaid,0.072,0.0,0.0,0.0,0.0,0.0,72.084,"",'133098190333473534603,2026-06-05,11154094474,5d309f6a-79a1-47a0-bdc4-c57d0b1c1003,"",Forward,100099365183,100099365183,11504,371.43,5.0,1150.0,0.0,1150.0,packet_delivered,0.0,0.0,0.0,0.0,0.0,0.0,0.0,0.0,NA,0,449.0
NFT-/XUTR/DEUTH026156A03QEX,471.81,0.0,0.0,3299.0,3093.0,729.948,13.106,0.0,0.0,prepaid,2.621,0.0,0.0,61.0,0.0,71.98,2275.345,"",'133089185007608261203,2026-06-05,11152185414,9bc0e5a5-f081-49e4-849c-8ec2bd7d32ce,"",Forward,100097456125,1000029307556,11504,2621.19,18.0,0.0,0.0,0.0,packet_delivered,0.0,0.0,0.0,0.0,0.0,0.0,0.0,0.0,NA,0,3299.0
NFT-/XUTR/DEUTH026156A03QEX,0.0,223.32,223.32,3299.0,2928.0,691.008,0.0,6.2035,6.2035,prepaid,2.481,0.0,0.0,61.0,0.0,71.98,2150.124,"",'133114063050161843603,2026-06-05,11156952849,6f9a1ece-174a-414b-abe7-f42f22aa8601,"",Forward,100102223552,100102223552,11504,2481.36,18.0,165.0,0.0,165.0,packet_delivered,0.0,0.0,0.0,0.0,0.0,0.0,0.0,0.0,NA,0,3134.0000000000005
NFT-/XUTR/DEUTH026156A03QEX,41.57,0.0,0.0,2199.0,873.0,226.631,4.157,0.0,0.0,prepaid,0.831,0.0,0.0,27.0,0.0,31.86,609.521,"",'133089983760810597701,2026-06-05,11152437172,677fd433-bc84-4c00-a7b8-e0ad91b4fb98,"",Forward,100097707882,1000029306749,11504,831.43,5.0,1155.0,0.0,1155.0,packet_delivered,0.0,0.0,0.0,0.0,0.0,0.0,0.0,0.0,NA,0,1044.0
NFT-/XUTR/DEUTH026156A03QEX,63.29,0.0,0.0,2999.0,1329.0,329.326,6.329,0.0,0.0,prepaid,1.266,182.0,0.0,0.0,0.0,214.76,-1206.839,"",'133092414773416931003,2026-06-05,11153311428,433dc284-dd41-40c5-9dc9-4464ab4ff057,11153311428,Reverse,100098582137,1000029320274,11504,1265.71,5.0,1499.0,0.0,1499.0,exchange,0.0,0.0,0.0,0.0,0.0,0.0,0.0,0.0,NA,0,1500.0
NFT-/XUTR/DEUTH026156A03QEX,74.1,0.0,0.0,3399.0,1556.0,385.577,7.41,0.0,0.0,prepaid,1.482,0.0,0.0,45.0,0.0,53.1,1108.431,"",'133097080352067903003,2026-06-05,11153854225,ab8a54e1-5139-42c8-9a08-583ea2f3a08c,"",Forward,100099124934,1000029789286,11504,1481.9,5.0,1672.0,0.0,1672.0,packet_delivered,0.0,0.0,0.0,0.0,0.0,0.0,0.0,0.0,NA,0,1727.0
NFT-/XUTR/DEUTH026156A03QEX,90.14,0.0,0.0,2999.0,1893.0,469.085,9.014,0.0,0.0,prepaid,1.803,0.0,0.0,45.0,0.0,53.1,1359.998,"",'133092646385985065201,2026-06-05,11153344131,7f9e1f34-43c5-4081-bbdc-b94196d10efd,"",Forward,100098614840,100098614840,11504,1802.86,5.0,900.0,0.0,900.0,packet_delivered,0.0,0.0,0.0,0.0,0.0,0.0,0.0,0.0,NA,0,2099.0
NFT-/XUTR/DEUTH026156A03QEX,611.54,0.0,0.0,6499.0,4009.0,946.124,16.987,0.0,0.0,prepaid,3.397,0.0,0.0,61.0,0.0,71.98,2970.512,"",'133092695682171140001,2026-06-05,11153349388,1a0e4951-9771-4650-b38c-66760af09017,"",Forward,100098620097,1000029323010,11504,3397.46,18.0,2178.0,0.0,2178.0,packet_delivered,0.0,0.0,0.0,0.0,0.0,0.0,0.0,0.0,NA,0,4321.0
NFT-/XUTR/DEUTH026156A03QEX,37.19,0.0,0.0,1750.0,781.0,202.748,3.719,0.0,0.0,prepaid,0.744,0.0,0.0,27.0,0.0,31.86,541.929,"",'133090446195864945301,2026-06-05,11152579227,29c6fa1e-2cd3-4ca7-9894-3c0451c46ab2,"",Forward,100097849937,100097849937,11504,743.81,5.0,875.0,0.0,875.0,packet_delivered,0.0,0.0,0.0,0.0,0.0,0.0,0.0,0.0,NA,0,875.0
NFT-/XUTR/DEUTH026156A03QEX,23.91,0.0,0.0,1699.0,126.74,8.973,0.604,0.0,0.0,prepaid,0.121,0.0,0.0,6.817,0.0,8.04406,108.998,"",'133099995817947343203,2026-06-05,11154481486,ff23c191-da16-4493-8143-4ab28aef21ca,"",Forward,100099752194,100099752194,11504,478.1,5.0,1103.0,0.0,1103.0,packet_delivered,0.0,0.0,0.0,0.0,0.0,0.0,0.0,0.0,NA,0,596.01
NFT-/XUTR/DEUTH026156A03QEX,34.71,0.0,0.0,2499.0,729.0,34.40899999999999,3.471,0.0,0.0,prepaid,0.694,0.0,0.0,27.0,0.0,31.86,658.566,"",'133120024687725185801,2026-06-05,11159382070,1a73065c-310c-46e0-831a-31af3dd837a1,"",Forward,100104652772,100104652772,11504,694.29,5.0,1676.0,0.0,1676.0,packet_delivered,0.0,0.0,0.0,0.0,0.0,0.0,0.0,0.0,NA,0,823.0
NFT-/XUTR/DEUTH026156A03QEX,61.91,0.0,0.0,3299.0,1300.0,322.14,6.19,0.0,0.0,prepaid,1.238,0.0,0.0,45.0,0.0,53.1,917.332,"",'133092766618845748703,2026-06-05,11153355983,41b2bd59-73f6-4d97-8c3b-cab9c89f8207,"",Forward,100098626692,100098626692,11504,1238.1,5.0,1828.0,0.0,1828.0,packet_delivered,0.0,0.0,0.0,0.0,0.0,0.0,0.0,0.0,NA,0,1471.01
NFT-/XUTR/DEUTH026156A03QEX,44.67,0.0,0.0,2999.0,938.0,243.505,4.467,0.0,0.0,prepaid,0.893,182.0,0.0,0.0,0.0,214.76,-903.895,"",'133089893639521092503,2026-06-05,11152408875,060aeddc-2143-4259-85da-876b0efaa6f4,100163746948,Reverse,100097679585,1000029302958,11504,893.33,5.0,1890.0,0.0,1890.0,return_refund,0.0,0.0,0.0,0.0,0.0,0.0,0.0,0.0,NA,0,1109.0
NFT-/XUTR/DEUTH026156A03QEX,53.48,0.0,0.0,3499.0,1123.0,278.279,5.348,0.0,0.0,prepaid,1.07,0.0,0.0,45.0,0.0,53.1,785.203,"",'133090524613795496101,2026-06-05,11152604490,9b3490ff-3f42-4401-b798-73a5b5836560,"",Forward,100097875200,100097875200,11504,1069.52,5.0,2205.0,0.0,2205.0,packet_delivered,0.0,0.0,0.0,0.0,0.0,0.0,0.0,0.0,NA,0,1294.0
NFT-/XUTR/DEUTH026156A03QEX,66.43,0.0,0.0,3299.0,1395.0,345.681,6.643,0.0,0.0,prepaid,1.329,0.0,0.0,45.0,0.0,53.1,988.247,"",'133116405542665550903,2026-06-05,11157753564,1443c4fb-ef04-40dc-a412-47bfd596ee65,"",Forward,100103024267,1000030860809,11504,1328.57,5.0,1733.0,0.0,1733.0,packet_delivered,0.0,0.0,0.0,0.0,0.0,0.0,0.0,0.0,NA,0,1566.0
NFT-/XUTR/DEUTH026156A03QEX,43.1,0.0,0.0,2499.0,905.0,234.938,4.31,0.0,0.0,prepaid,0.862,0.0,0.0,27.0,0.0,31.86,633.03,"",'133090074856039783303,2026-06-05,11152464898,a2a389b7-4c53-4039-912f-47ffbe408d09,"",Forward,100097735608,100097735608,11504,861.9,5.0,1500.0,0.0,1500.0,packet_delivered,0.0,0.0,0.0,0.0,0.0,0.0,0.0,0.0,NA,0,999.0
NFT-/XUTR/DEUTH026156A03QEX,37.29,0.0,0.0,2199.0,783.0,36.958,3.729,0.0,0.0,prepaid,0.746,0.0,0.0,27.0,6.656,39.71408,701.853,"",'133113824915356974601,2026-06-05,11156870375,7123b681-0a39-4dde-bc20-9ad25663f1c0,"",Forward,100102141078,100102141078,11504,745.71,5.0,1322.0,0.0,1322.0,packet_delivered,0.0,0.0,0.0,0.0,0.0,0.0,0.0,0.0,NA,0,877.0
NFT-/XUTR/DEUTH026156A03QEX,48.48,0.0,0.0,1699.0,1018.0,240.248,4.848,0.0,0.0,prepaid,0.97,182.0,0.0,0.0,0.0,214.76,-986.694,"",'133092611024015723701,2026-06-05,11153339833,c02a1ea4-f34d-4936-973c-b5818a03d7d4,100164067902,Reverse,100098610542,1000029322301,11504,969.52,5.0,510.0,0.0,510.0,return_refund,0.0,0.0,0.0,0.0,0.0,0.0,0.0,0.0,NA,0,1189.0
NFT-/XUTR/DEUTH026156A03QEX,85.14,0.0,0.0,2999.0,1788.0,443.066,8.514,0.0,0.0,prepaid,1.703,0.0,0.0,45.0,0.0,53.1,1281.617,"",'133090036938125250801,2026-06-05,11152453387,9019a79e-f0a0-4a07-9b8a-b654d64317ba,"",Forward,100097724097,100097724097,11504,1702.86,5.0,1005.0,0.0,1005.0,packet_delivered,0.0,0.0,0.0,0.0,0.0,0.0,0.0,0.0,NA,0,1994.0
NFT-/XUTR/DEUTH026156A03QEX,46.71,0.0,0.0,3099.0,981.0,254.66800000000003,4.671,0.0,0.0,prepaid,0.934,0.0,0.0,27.0,0.0,31.86,688.867,"",'133095320082354544203,2026-06-05,11153498612,52ea4664-00fd-4938-8998-56d14213e801,"",Forward,100098769321,1000029319704,11504,934.29,5.0,1947.0,0.0,1947.0,packet_delivered,0.0,0.0,0.0,0.0,0.0,0.0,0.0,0.0,NA,0,1152.0
NFT-/XUTR/DEUTH026156A03QEX,23.67,0.0,0.0,1599.0,497.0,23.458,2.367,0.0,0.0,prepaid,0.473,0.0,0.0,27.0,0.0,31.86,438.842,"",'133073848188253277401,2026-06-05,11148848180,fcebf9c5-02bb-4abe-9beb-88b93821e176,"",Forward,100094118905,100094118905,11504,473.33,5.0,1008.0,0.0,1008.0,packet_delivered,0.0,0.0,0.0,0.0,0.0,0.0,0.0,0.0,NA,0,591.0
NFT-/XUTR/DEUTH026156A03QEX,20.14,0.0,0.0,1799.0,423.0,19.966,2.014,0.0,0.0,prepaid,0.403,0.0,0.0,19.0,0.0,22.42,378.197,"",'133101541957274123301,2026-06-05,11154807761,a957c9f8-3ecf-4b9d-bc5d-5542d722fb48,"",Forward,100100078468,100100078468,11504,402.86,5.0,1317.0,0.0,1317.0,packet_delivered,0.0,0.0,0.0,0.0,0.0,0.0,0.0,0.0,NA,0,482.0
NFT-/XUTR/DEUTH026156A03QEX,38.1,0.0,0.0,2999.0,800.0,207.68,3.81,0.0,0.0,prepaid,0.762,0.0,0.0,27.0,0.0,31.86,555.888,"",'133092414773416931003,2026-06-05,11153311429,433dc284-dd41-40c5-9dc9-4464ab4ff057,"",Forward,100098582138,1000029320274,11504,761.9,5.0,2105.0,0.0,2105.0,packet_delivered,0.0,0.0,0.0,0.0,0.0,0.0,0.0,0.0,NA,0,894.0
NFT-/XUTR/DEUTH026156A03QEX,85.14,0.0,0.0,2999.0,1788.0,443.066,8.514,0.0,0.0,prepaid,1.703,0.0,0.0,45.0,0.0,53.1,1281.617,"",'133118442596465753903,2026-06-05,11158286911,8ed70a98-f77a-431c-9cfd-1edb5f47c3a5,"",Forward,100103557613,100103557613,11504,1702.86,5.0,1005.0,0.0,1005.0,packet_delivered,0.0,0.0,0.0,0.0,0.0,0.0,0.0,0.0,NA,0,1994.0
NFT-/XUTR/DEUTH026156A03QEX,100.95,0.0,0.0,3499.0,2120.0,500.31999999999994,10.095,0.0,0.0,prepaid,2.019,182.0,0.0,0.0,0.0,214.76,-1822.326,"",'133091231709079262401,2026-06-05,11152848798,e92f000d-ac68-4c82-bf4c-db10ca3bc87d,11152848798,Reverse,100098119508,100098119508,11504,2019.05,5.0,1173.0,0.0,1173.0,exchange,0.0,0.0,0.0,0.0,0.0,0.0,0.0,0.0,NA,0,2326.0
NFT-/XUTR/DEUTH026156A03QEX,58.29,0.0,0.0,3100.0,1224.0,303.307,5.829,0.0,0.0,prepaid,1.166,0.0,0.0,45.0,0.0,53.1,860.598,"",'133098512889809946601,2026-06-05,11154160854,d74c4591-9a71-46d9-b5ca-efa444347730,"",Forward,100099431563,100099431563,11504,1165.71,5.0,1705.0,0.0,1705.0,packet_delivered,0.0,0.0,0.0,0.0,0.0,0.0,0.0,0.0,NA,0,1395.0
NFT-/XUTR/DEUTH026156A03QEX,31.29,0.0,0.0,2499.0,657.0,31.009999999999998,3.129,0.0,0.0,prepaid,0.626,127.0,0.0,0.0,0.0,149.86,-772.095,"",'133113274555154631103,2026-06-05,11156705438,d24ff221-22f5-4805-9576-c5e8a78545e8,11156705438,Reverse,100101976141,1000030233888,11504,625.71,5.0,1748.0,0.0,1748.0,exchange,0.0,0.0,0.0,0.0,0.0,0.0,0.0,0.0,NA,0,751.0
NFT-/XUTR/DEUTH026156A03QEX,42.62,0.0,0.0,2999.0,895.0,232.342,4.262,0.0,0.0,prepaid,0.852,0.0,0.0,27.0,0.0,31.86,625.684,"",'133082942108841394101,2026-06-05,11150879793,73e98c04-f113-4136-b622-9a99b61bb3dd,"",Forward,100096150509,100096150509,11504,852.38,5.0,2010.0,0.0,2010.0,packet_delivered,0.0,0.0,0.0,0.0,0.0,0.0,0.0,0.0,NA,0,989.0
NFT-/XUTR/DEUTH026156A03QEX,70.38,0.0,0.0,3299.0,1478.0,366.248,7.038,0.0,0.0,prepaid,1.408,0.0,0.0,45.0,0.0,53.1,1050.206,"",'133088358156862826801,2026-06-05,11151910743,9042dc85-98ba-4dc1-8f8b-e178e069dff8,"",Forward,100097181455,100097181455,11504,1407.62,5.0,1650.0,0.0,1650.0,packet_delivered,0.0,0.0,0.0,0.0,0.0,0.0,0.0,0.0,NA,0,1649.0
NFT-/XUTR/DEUTH026156A03QEX,72.29,0.0,0.0,3499.0,1518.0,376.16,7.229,0.0,0.0,prepaid,1.446,106.0,0.0,0.0,0.0,125.08,-1258.245,"",'133118323094764617703,2026-06-05,11158267097,a7528c58-6219-47da-8d6c-340ebddd84b7,100163816694,Reverse,100103537799,100103537799,11504,1445.71,5.0,1810.0,0.0,1810.0,return_refund,0.0,0.0,0.0,0.0,0.0,0.0,0.0,0.0,NA,0,1689.0
NFT-/XUTR/DEUTH026156A03QEX,51.1,0.0,0.0,1750.0,1073.0,253.228,5.11,0.0,0.0,prepaid,1.022,0.0,0.0,45.0,0.0,53.1,760.54,"",'133097165434957210601,2026-06-05,11153872947,b7623c8b-6adb-4681-986f-ee51b28a6e3c,"",Forward,100099143656,100099143656,11504,1021.9,5.0,506.0,0.0,506.0,packet_delivered,0.0,0.0,0.0,0.0,0.0,0.0,0.0,0.0,NA,0,1244.0
NFT-/XUTR/DEUTH026156A03QEX,27.29,0.0,0.0,1850.0,573.0,148.751,2.729,0.0,0.0,prepaid,0.546,0.0,0.0,27.0,0.0,31.86,389.114,"",'133090863159623872901,2026-06-05,11152714821,1a72161a-5c39-4022-a8b9-e04abcc0fae1,"",Forward,100097985531,1000028923271,11504,545.71,5.0,1183.0,0.0,1183.0,packet_delivered,0.0,0.0,0.0,0.0,0.0,0.0,0.0,0.0,NA,0,667.0
NFT-/XUTR/DEUTH026156A03QEX,45.62,0.0,0.0,1699.0,958.0,248.697,4.562,0.0,0.0,prepaid,0.912,182.0,0.0,0.0,0.0,214.76,-918.589,"",'133092005392026826303,2026-06-05,11153191639,da6fc367-f0ca-4710-975c-7570acb70f67,11153191639,Reverse,100098462348,100098462348,11504,912.38,5.0,570.0,0.0,570.0,exchange,0.0,0.0,0.0,0.0,0.0,0.0,0.0,0.0,NA,0,1129.0
NFT-/XUTR/DEUTH026156A03QEX,51.81,0.0,0.0,1799.0,544.845,128.584,2.595,0.0,0.0,prepaid,0.519,0.0,0.0,22.535,0.0,26.5913,386.556,"",'133090951294019213703,2026-06-05,11152746546,104c8488-5bbe-4f08-8d22-6756d38366e4,"",Forward,100098017256,100098017256,11504,1036.19,5.0,540.0,0.0,540.0,packet_delivered,0.0,0.0,0.0,0.0,0.0,0.0,0.0,0.0,NA,0,1259.0
NFT-/XUTR/DEUTH026156A03QEX,77.52,0.0,0.0,1799.0,1628.0,384.208,7.752,0.0,0.0,prepaid,1.55,0.0,0.0,45.0,0.0,53.1,1181.39,"",'133090249234683477401,2026-06-05,11152518621,e25c2136-bef3-4f5b-98eb-ec123de7509b,"",Forward,100097789331,100097789331,11504,1550.48,5.0,0.0,0.0,0.0,packet_delivered,0.0,0.0,0.0,0.0,0.0,0.0,0.0,0.0,NA,0,1799.0
NFT-/XUTR/DEUTH026156A03QEX,48.71,0.0,0.0,3399.0,1023.0,253.499,4.871,0.0,0.0,prepaid,0.974,0.0,0.0,45.0,0.0,53.1,710.556,"",'133117259916169450003,2026-06-05,11157972162,9dbdd35a-7c21-4e5f-8aa5-f88554c4fb02,"",Forward,100103242864,100103242864,11504,974.29,5.0,2205.0,0.0,2205.0,packet_delivered,0.0,0.0,0.0,0.0,0.0,0.0,0.0,0.0,NA,0,1194.0
NFT-/XUTR/DEUTH026156A03QEX,108.43,0.0,0.0,5799.0,2277.0,537.372,10.843,0.0,0.0,prepaid,2.169,0.0,0.0,61.0,0.0,71.98,1654.636,"",'133092695682171140001,2026-06-05,11153349387,1a0e4951-9771-4650-b38c-66760af09017,"",Forward,100098620096,1000029323010,11504,2168.57,5.0,3210.0,0.0,3210.0,packet_delivered,0.0,0.0,0.0,0.0,0.0,0.0,0.0,0.0,NA,0,2589.0
NFT-/XUTR/DEUTH026156A03QEX,32.71,0.0,0.0,2999.0,687.0,32.426,3.271,0.0,0.0,prepaid,0.654,0.0,0.0,27.0,3.091,35.50738,615.142,"",'133096581044518430203,2026-06-05,11153744025,c6ea49d6-0889-43a1-a141-1763eca518cb,"",Forward,100099014733,100099014733,11504,654.29,5.0,2218.0,0.0,2218.0,packet_delivered,0.0,0.0,0.0,0.0,0.0,0.0,0.0,0.0,NA,0,781.0
NFT-/XUTR/DEUTH026156A03QEX,0.0,35.05,35.05,1999.0,1472.0,347.392,0.0,3.505,3.505,prepaid,1.402,106.0,0.0,0.0,0.0,125.08,-1241.276,"",'133117475978185101401,2026-06-05,11158034863,ab4d5d4a-cc35-4e72-85cf-1e53ea0a3427,11158034863,Reverse,100103305565,100103305565,11504,1401.9,5.0,356.0,0.0,356.0,exchange,0.0,0.0,0.0,0.0,0.0,0.0,0.0,0.0,NA,0,1643.0
NFT-/XUTR/DEUTH026156A03QEX,48.86,0.0,0.0,1799.0,1026.0,242.136,4.886,0.0,0.0,prepaid,0.977,127.0,0.0,0.0,0.0,149.86,-927.861,"",'133107829510836854303,2026-06-05,11155859802,d11262aa-fcd1-44e6-9712-30529e6d507c,100163629891,Reverse,100101130508,100101130508,11504,977.14,5.0,602.0,0.0,602.0,return_refund,0.0,0.0,0.0,0.0,0.0,0.0,0.0,0.0,NA,0,1197.0
NFT-/XUTR/DEUTH026156A03QEX,45.62,0.0,0.0,1699.0,958.0,248.697,4.562,0.0,0.0,prepaid,0.912,0.0,0.0,27.0,0.0,31.86,671.969,"",'133089508533251778703,2026-06-05,11152288405,64266696-bca5-4a3c-8f2f-96f9f8fe2620,"",Forward,100097559116,100097559116,11504,912.38,5.0,570.0,0.0,570.0,packet_delivered,0.0,0.0,0.0,0.0,0.0,0.0,0.0,0.0,NA,0,1129.0
NFT-/XUTR/DEUTH026156A03QEX,33.1,0.0,0.0,1999.0,695.0,32.804,3.31,0.0,0.0,prepaid,0.662,127.0,0.0,0.0,0.0,149.86,-808.084,"",'133110781205990217303,2026-06-05,11156447795,94a82cb5-10b9-46a0-bab2-919a35ea494f,100163633529,Reverse,100101718500,100101718500,11504,661.9,5.0,1210.0,0.0,1210.0,return_refund,0.0,0.0,0.0,0.0,0.0,0.0,0.0,0.0,NA,0,789.0
NFT-/XUTR/DEUTH026156A03QEX,32.71,0.0,0.0,2999.0,687.0,32.426,3.271,0.0,0.0,prepaid,0.654,182.0,0.0,0.0,0.0,214.76,-865.409,"",'133094170476785996403,2026-06-05,11153407346,1030a529-78d0-40d9-b9ca-ebc993be8ff3,11153407346,Reverse,100098678055,100098678055,11504,654.29,5.0,2218.0,0.0,2218.0,exchange,0.0,0.0,0.0,0.0,0.0,0.0,0.0,0.0,NA,0,781.0
NFT-/XUTR/DEUTH026156A03QEX,47.24,0.0,0.0,1750.0,992.0,257.523,4.724,0.0,0.0,prepaid,0.945,0.0,0.0,27.0,0.0,31.86,696.948,"",'133090999672280744303,2026-06-05,11152763992,e8d80cfe-5748-420d-9b38-6c656855fa58,"",Forward,100098034702,100098034702,11504,944.76,5.0,587.0,0.0,587.0,packet_delivered,0.0,0.0,0.0,0.0,0.0,0.0,0.0,0.0,NA,0,1163.0
NFT-/XUTR/DEUTH026156A03QEX,50.29,0.0,0.0,1799.0,1056.0,249.216,5.029,0.0,0.0,prepaid,1.006,0.0,0.0,45.0,0.0,53.1,747.649,"",'133111760264140104603,2026-06-05,11156477945,7104e8d8-21c1-433e-93d9-6d03ad129519,"",Forward,100101748650,100101748650,11504,1005.71,5.0,572.0,0.0,572.0,packet_delivered,0.0,0.0,0.0,0.0,0.0,0.0,0.0,0.0,NA,0,1227.0
NFT-/XUTR/DEUTH026156A03QEX,64.38,0.0,0.0,2999.0,1352.0,335.026,6.438,0.0,0.0,prepaid,1.288,0.0,0.0,45.0,0.0,53.1,956.148,"",'133105245175663289103,2026-06-05,11155238148,e3d17e6b-7d3a-4193-ba4d-630fd00ede42,"",Forward,100100508855,1000029784459,11504,1287.62,5.0,1476.0,0.0,1476.0,packet_delivered,0.0,0.0,0.0,0.0,0.0,0.0,0.0,0.0,NA,0,1523.0
NFT-/XUTR/DEUTH026156A03QEX,75.95,0.0,0.0,3999.0,10.84,2.686,0.052,0.0,0.0,prepaid,0.01,0.0,0.0,0.306,0.0,0.36108,7.731,"",'133106489381920475901,2026-06-05,11155556457,cfd35fc0-a1d5-4878-8f78-b6ad639d71dc,"",Forward,100100827163,100100827163,11504,1519.05,5.0,2233.0,0.0,2233.0,packet_delivered,0.0,0.0,0.0,0.0,0.0,0.0,0.0,0.0,NA,0,1766.0
NFT-/XUTR/DEUTH026156A03QEX,30.52,0.0,0.0,2499.0,641.0,30.255000000000003,3.052,0.0,0.0,prepaid,0.61,0.0,0.0,5.0,11.666,19.66588,587.417,"",'133097162045307197501,2026-06-05,11153872188,ee33e984-26bd-4d77-b686-282708f5a32b,"",Forward,100099142897,100099142897,11504,610.48,5.0,1740.0,0.0,1740.0,packet_delivered,0.0,0.0,0.0,0.0,0.0,0.0,0.0,0.0,NA,0,759.0
NFT-/XUTR/DEUTH026156A03QEX,55.14,0.0,0.0,1899.0,1158.0,273.288,5.514,0.0,0.0,prepaid,1.103,182.0,0.0,0.0,0.0,214.76,-1092.855,"",'133089732903755202901,2026-06-05,11152357816,bec66417-add6-4acd-a124-2a666277b9dd,100163824755,Reverse,100097628527,1000028871408,11504,1102.86,5.0,570.0,0.0,570.0,return_refund,0.0,0.0,0.0,0.0,0.0,0.0,0.0,0.0,NA,0,1329.0
NFT-/XUTR/DEUTH026156A03QEX,114.0,0.0,0.0,2600.0,2394.0,564.984,11.4,0.0,0.0,prepaid,2.28,0.0,0.0,61.0,0.0,71.98,1743.356,"",'133091479469606909303,2026-06-05,11152946655,a6877674-f9dc-413f-87c1-77749a19b1c8,"",Forward,100098217365,100098217365,11504,2280,5.0,0.0,0.0,0.0,packet_delivered,0.0,0.0,0.0,0.0,0.0,0.0,0.0,0.0,NA,0,2600.0
NFT-/XUTR/DEUTH026156A03QEX,63.24,0.0,0.0,2999.0,1328.0,329.078,6.324,0.0,0.0,prepaid,1.265,0.0,0.0,45.0,0.0,53.1,938.233,"",'133090298323790836903,2026-06-05,11152533581,393e5005-5b11-4395-a29c-b5f775e84f28,"",Forward,100097804291,100097804291,11504,1264.76,5.0,1500.0,0.0,1500.0,packet_delivered,0.0,0.0,0.0,0.0,0.0,0.0,0.0,0.0,NA,0,1499.0
NFT-/XUTR/DEUTH026156A03QEX,39.48,0.0,0.0,3450.0,829.0,215.208,3.948,0.0,0.0,prepaid,0.79,182.0,0.0,0.0,0.0,214.76,-823.814,"",'133089762937641715403,2026-06-05,11152367686,72cc9080-3cc6-4a06-b520-4633fd7d583b,100165061609,Reverse,100097638397,100097638397,11504,789.52,5.0,2450.0,0.0,2450.0,return_refund,0.0,0.0,0.0,0.0,0.0,0.0,0.0,0.0,NA,0,1000.0
NFT-/XUTR/DEUTH026156A03QEX,39.81,0.0,0.0,2799.0,836.0,217.026,3.981,0.0,0.0,prepaid,0.796,0.0,0.0,27.0,7.022,40.14596,574.051,"",'133091866962304177203,2026-06-05,11153126291,25a61585-6367-4958-9497-4b84562ea565,"",Forward,100098397000,100098397000,11504,796.19,5.0,1792.0,0.0,1792.0,packet_delivered,0.0,0.0,0.0,0.0,0.0,0.0,0.0,0.0,NA,0,1007.0
NFT-/XUTR/DEUTH026156A03QEX,48.48,0.0,0.0,1699.0,1018.0,240.248,4.848,0.0,0.0,prepaid,0.97,0.0,0.0,45.0,0.0,53.1,718.834,"",'133089972041220719603,2026-06-05,11152433548,4f092342-f7b1-4071-9e16-55908ac3f647,"",Forward,100097704258,100097704258,11504,969.52,5.0,510.0,0.0,510.0,packet_delivered,0.0,0.0,0.0,0.0,0.0,0.0,0.0,0.0,NA,0,1189.0
NFT-/XUTR/DEUTH026156A03QEX,79.95,0.0,0.0,1850.0,1679.0,396.244,7.995,0.0,0.0,prepaid,1.599,182.0,0.0,0.0,0.0,214.76,-1487.922,"",'133092573391575851703,2026-06-05,11153335211,9c2537d3-affe-45e6-bc2a-8e9509d0bc8e,100165978832,Reverse,100098605920,100098605920,11504,1599.05,5.0,0.0,0.0,0.0,return_refund,0.0,0.0,0.0,0.0,0.0,0.0,0.0,0.0,NA,0,1850.0
NFT-/XUTR/DEUTH026156A03QEX,33.1,0.0,0.0,1999.0,695.0,32.804,3.31,0.0,0.0,prepaid,0.662,0.0,0.0,27.0,0.0,31.86,626.364,"",'133110781205990217303,2026-06-05,11156447795,94a82cb5-10b9-46a0-bab2-919a35ea494f,"",Forward,100101718500,100101718500,11504,661.9,5.0,1210.0,0.0,1210.0,packet_delivered,0.0,0.0,0.0,0.0,0.0,0.0,0.0,0.0,NA,0,789.0
NFT-/XUTR/DEUTH026156A03QEX,47.24,0.0,0.0,1750.0,992.0,257.523,4.724,0.0,0.0,prepaid,0.945,182.0,0.0,0.0,0.0,214.76,-943.568,"",'133090999672280744303,2026-06-05,11152763992,e8d80cfe-5748-420d-9b38-6c656855fa58,11152763992,Reverse,100098034702,100098034702,11504,944.76,5.0,587.0,0.0,587.0,exchange,0.0,0.0,0.0,0.0,0.0,0.0,0.0,0.0,NA,0,1163.0
NFT-/XUTR/DEUTH026156A03QEX,63.29,0.0,0.0,2999.0,109.62,27.164,0.522,0.0,0.0,prepaid,0.104,0.0,0.0,3.712,0.0,4.38016,77.45,"",'133112964810233033801,2026-06-05,11156639580,2c8709b2-ace9-408a-b185-754844ceda6e,"",Forward,100101910283,100101910283,11504,1265.71,5.0,1499.0,0.0,1499.0,packet_delivered,0.0,0.0,0.0,0.0,0.0,0.0,0.0,0.0,NA,0,1500.0
NFT-/XUTR/DEUTH026156A03QEX,27.57,0.0,0.0,2999.0,579.0,27.329,2.757,0.0,0.0,prepaid,0.551,0.0,0.0,3.0,0.0,3.54,544.823,"",'133092169357816746103,2026-06-05,11153260835,c77f4744-f0a0-4c0d-9069-31ad7d50d9ff,"",Forward,100098531544,100098531544,11504,551.43,5.0,2326.0,0.0,2326.0,packet_delivered,0.0,0.0,0.0,0.0,0.0,0.0,0.0,0.0,NA,0,673.0
NFT-/XUTR/DEUTH026156A03QEX,0.0,26.43,26.43,2699.0,1008.0,249.782,0.0,2.4,2.4,prepaid,0.96,0.0,0.0,40.865,0.0,48.2207,704.237,"",'133106299053517498003,2026-06-05,11155513517,801309fc-cb8f-4439-a706-820a8932668f,"",Forward,100100784223,1000030235865,11504,1057.14,5.0,1418.0,102.0,1520.0,packet_delivered,0.0,0.0,0.0,0.0,0.0,0.0,0.0,0.0,NA,0,1281.0000000000002
NFT-/XUTR/DEUTH026156A03QEX,34.71,0.0,0.0,2999.0,48.801,2.303,0.232,0.0,0.0,prepaid,0.046,0.0,0.0,1.807,0.42,2.62786,43.592,"",'133092618758835839001,2026-06-05,11153340866,4b9d8f17-5ab3-466f-bde2-f7c90b2793d3,"",Forward,100098611575,100098611575,11504,694.29,5.0,2176.0,0.0,2176.0,packet_delivered,0.0,0.0,0.0,0.0,0.0,0.0,0.0,0.0,NA,0,823.0
NFT-/XUTR/DEUTH026156A03QEX,23.71,0.0,0.0,1650.0,379.0,17.889,1.805,0.0,0.0,prepaid,0.361,0.0,0.0,20.548,0.0,24.24664,334.698,"",'133092549806260370401,2026-06-05,11153332126,4b66077d-4792-424c-9caf-970298d26e5e,"",Forward,100098602835,100098602835,11504,474.29,5.0,1058.0,119.0,1177.0,packet_delivered,0.0,0.0,0.0,0.0,0.0,0.0,0.0,0.0,NA,0,592.0
NFT-/XUTR/DEUTH026156A03QEX,36.0,0.0,0.0,2299.0,756.0,196.258,3.6,0.0,0.0,prepaid,0.72,182.0,0.0,0.0,0.0,214.76,-770.182,"",'133090068323426520501,2026-06-05,11152463006,24d9c330-9123-44e7-b78c-82bb8f8cb53a,100164016869,Reverse,100097733716,100097733716,11504,720,5.0,1449.0,0.0,1449.0,return_refund,0.0,0.0,0.0,0.0,0.0,0.0,0.0,0.0,NA,0,850.0
NFT-/XUTR/DEUTH026156A03QEX,72.76,0.0,0.0,3399.0,1528.0,378.638,7.276,0.0,0.0,prepaid,1.455,0.0,0.0,45.0,0.0,53.1,1087.531,"",'133091201093293023601,2026-06-05,11152837702,0028f23f-a76f-4303-badd-7b4e8615bad3,"",Forward,100098108412,1000029315941,11504,1455.24,5.0,1700.0,0.0,1700.0,packet_delivered,0.0,0.0,0.0,0.0,0.0,0.0,0.0,0.0,NA,0,1699.0
NFT-/XUTR/DEUTH026156A03QEX,63.24,0.0,0.0,2999.0,781.936,193.764,3.724,0.0,0.0,prepaid,0.745,0.0,0.0,26.496,0.0,31.26528,552.438,"",'133090983480436068001,2026-06-05,11152758168,79fb219b-cff2-4832-bb67-8bb85d73e7fb,"",Forward,100098028878,100098028878,11504,1264.76,5.0,1500.0,0.0,1500.0,packet_delivered,0.0,0.0,0.0,0.0,0.0,0.0,0.0,0.0,NA,0,1499.0
NFT-/XUTR/DEUTH026156A03QEX,19.05,0.0,0.0,1650.0,400.0,18.88,1.905,0.0,0.0,prepaid,0.381,0.0,0.0,0.0,0.0,0.0,378.834,"",'133095696980252335103,2026-06-05,11153558409,0e17a37e-fe73-4820-ace8-00b90ad5260f,"",Forward,100098829118,1000029209056,11504,380.95,5.0,1156.0,0.0,1156.0,packet_delivered,0.0,0.0,0.0,0.0,0.0,0.0,0.0,0.0,NA,0,494.0
NFT-/XUTR/DEUTH026156A03QEX,85.14,0.0,0.0,2999.0,1300.6200000000001,322.294,6.193,0.0,0.0,prepaid,1.239,77.106,0.0,0.0,0.0,90.98508,-1061.879,"",'133116502576210846903,2026-06-05,11157776446,cc92091d-757d-4222-af57-aada0fe3d4fa,100163714252,Reverse,100103047149,100103047149,11504,1702.86,5.0,1005.0,0.0,1005.0,return_refund,0.0,0.0,0.0,0.0,0.0,0.0,0.0,0.0,NA,0,1994.0
NFT-/XUTR/DEUTH026156A03QEX,75.95,0.0,0.0,3999.0,10.84,2.686,0.052,0.0,0.0,prepaid,0.01,0.863,0.0,0.0,0.0,1.01834,-9.11,"",'133106489381920475901,2026-06-05,11155556457,cfd35fc0-a1d5-4878-8f78-b6ad639d71dc,11155556457,Reverse,100100827163,100100827163,11504,1519.05,5.0,2233.0,0.0,2233.0,exchange,0.0,0.0,0.0,0.0,0.0,0.0,0.0,0.0,NA,0,1766.0
NFT-/XUTR/DEUTH026156A03QEX,50.19,0.0,0.0,1750.0,1054.0,248.744,5.019,0.0,0.0,prepaid,1.004,0.0,0.0,45.0,0.0,53.1,746.133,"",'133088784147641521701,2026-06-05,11152053944,bb089d8c-e696-4013-b194-00c692179be0,"",Forward,100097324655,100097324655,11504,1003.81,5.0,525.0,0.0,525.0,packet_delivered,0.0,0.0,0.0,0.0,0.0,0.0,0.0,0.0,NA,0,1225.0
NFT-/XUTR/DEUTH026156A03QEX,48.86,0.0,0.0,1799.0,1026.0,242.136,4.886,0.0,0.0,prepaid,0.977,0.0,0.0,45.0,0.0,53.1,724.901,"",'133109534908839167203,2026-06-05,11156324089,96d9ff77-42de-43d1-8256-1dfe37ef0846,"",Forward,100101594794,100101594794,11504,977.14,5.0,602.0,0.0,602.0,packet_delivered,0.0,0.0,0.0,0.0,0.0,0.0,0.0,0.0,NA,0,1197.0
NFT-/XUTR/DEUTH026156A03QEX,42.91,0.0,0.0,2899.0,901.0,233.9,4.29,0.0,0.0,prepaid,0.858,0.0,0.0,27.0,0.0,31.86,630.092,"",'133091065267395651001,2026-06-05,11152788133,bfc3cee6-65f1-4eb0-874b-dde97b78e8f9,"",Forward,100098058843,100098058843,11504,858.1,5.0,1827.0,0.0,1827.0,packet_delivered,0.0,0.0,0.0,0.0,0.0,0.0,0.0,0.0,NA,0,1072.01
NFT-/XUTR/DEUTH026156A03QEX,55.14,0.0,0.0,2799.0,1158.0,286.952,5.514,0.0,0.0,prepaid,1.103,0.0,0.0,45.0,0.0,53.1,811.331,"",'133090107253810623501,2026-06-05,11152474641,7e0171ae-29b6-45ea-8297-2d2c29e33d5c,"",Forward,100097745351,100097745351,11504,1102.86,5.0,1470.0,0.0,1470.0,packet_delivered,0.0,0.0,0.0,0.0,0.0,0.0,0.0,0.0,NA,0,1329.0
NFT-/XUTR/DEUTH026156A03QEX,48.86,0.0,0.0,1799.0,1026.0,242.136,4.886,0.0,0.0,prepaid,0.977,0.0,0.0,45.0,0.0,53.1,724.901,"",'133107829510836854303,2026-06-05,11155859802,d11262aa-fcd1-44e6-9712-30529e6d507c,"",Forward,100101130508,100101130508,11504,977.14,5.0,602.0,0.0,602.0,packet_delivered,0.0,0.0,0.0,0.0,0.0,0.0,0.0,0.0,NA,0,1197.0
NFT-/XUTR/DEUTH026156A03QEX,18.95,0.0,0.0,1699.0,398.0,18.786,1.895,0.0,0.0,prepaid,0.379,0.0,0.0,0.0,0.0,0.0,376.94,"",'133090856418589111201,2026-06-05,11152712449,0915a7ef-3b8c-48b0-90e9-4b5ce3117b34,"",Forward,100097983159,100097983159,11504,379.05,5.0,1207.0,0.0,1207.0,packet_delivered,0.0,0.0,0.0,0.0,0.0,0.0,0.0,0.0,NA,0,492.0
NFT-/XUTR/DEUTH026156A03QEX,104.43,0.0,0.0,2399.0,2193.0,491.671,10.443,0.0,0.0,prepaid,2.089,0.0,0.0,61.0,0.0,71.98,1616.817,"",'133090172835532268403,2026-06-05,11152495042,8c0f5488-aec7-427f-b035-70ba03f10a74,"",Forward,100097765752,100097765752,11504,2088.57,5.0,0.0,0.0,0.0,packet_delivered,0.0,0.0,0.0,0.0,0.0,0.0,0.0,0.0,NA,0,2399.0
NFT-/XUTR/DEUTH026156A03QEX,43.1,0.0,0.0,2499.0,905.0,234.938,4.31,0.0,0.0,prepaid,0.862,182.0,0.0,0.0,0.0,214.76,-879.65,"",'133090074856039783303,2026-06-05,11152464898,a2a389b7-4c53-4039-912f-47ffbe408d09,100164184933,Reverse,100097735608,100097735608,11504,861.9,5.0,1500.0,0.0,1500.0,return_refund,0.0,0.0,0.0,0.0,0.0,0.0,0.0,0.0,NA,0,999.0
NFT-/XUTR/DEUTH026156A03QEX,51.95,0.0,0.0,1899.0,1091.0,257.476,5.195,0.0,0.0,prepaid,1.039,182.0,0.0,0.0,0.0,214.76,-1042.05,"",'133096672007953846303,2026-06-05,11153764986,0529645d-dbbd-4807-8857-bdfef6db4be3,100163881367,Reverse,100099035695,100099035695,11504,1039.05,5.0,637.0,0.0,637.0,return_refund,0.0,0.0,0.0,0.0,0.0,0.0,0.0,0.0,NA,0,1262.0
NFT-/XUTR/DEUTH026156A03QEX,40.33,0.0,0.0,2899.0,847.0,219.881,4.033,0.0,0.0,prepaid,0.807,0.0,0.0,27.0,0.0,31.86,590.419,"",'133089848747077415701,2026-06-05,11152394657,fe4e0368-754f-449f-b16b-6caef89d004e,"",Forward,100097665367,100097665367,11504,806.67,5.0,1881.0,0.0,1881.0,packet_delivered,0.0,0.0,0.0,0.0,0.0,0.0,0.0,0.0,NA,0,1018.0
NFT-/XUTR/DEUTH026156A03QEX,34.81,0.0,0.0,1650.0,731.0,189.768,3.481,0.0,0.0,prepaid,0.696,0.0,0.0,27.0,0.0,31.86,505.195,"",'133084122676664025703,2026-06-05,11151230632,1cac413a-c8c2-4832-9717-f3d500350ac7,"",Forward,100096501347,100096501347,11504,696.19,5.0,825.0,0.0,825.0,packet_delivered,0.0,0.0,0.0,0.0,0.0,0.0,0.0,0.0,NA,0,825.0
NFT-/XUTR/DEUTH026156A03QEX,59.62,0.0,0.0,2999.0,1252.0,310.246,5.962,0.0,0.0,prepaid,1.192,0.0,0.0,45.0,0.0,53.1,881.5,"",'133100360499407093601,2026-06-05,11154579959,8615622b-e3dc-4cfb-bcbd-f515e137e6e1,"",Forward,100099850666,100099850666,11504,1192.38,5.0,1576.0,0.0,1576.0,packet_delivered,0.0,0.0,0.0,0.0,0.0,0.0,0.0,0.0,NA,0,1423.0
NFT-/XUTR/DEUTH026156A03QEX,76.52,0.0,0.0,3499.0,1607.0,398.215,7.652,0.0,0.0,prepaid,1.53,182.0,0.0,0.0,0.0,214.76,-1414.363,"",'133094350389745039701,2026-06-05,11153412637,4bb5e4e6-82e0-410d-85c4-114d418cc255,100163855433,Reverse,100098683346,1000029318202,11504,1530.48,5.0,1721.0,0.0,1721.0,return_refund,0.0,0.0,0.0,0.0,0.0,0.0,0.0,0.0,NA,0,1778.0
NFT-/XUTR/DEUTH026156A03QEX,114.0,0.0,0.0,2600.0,2394.0,564.984,11.4,0.0,0.0,prepaid,2.28,182.0,0.0,0.0,0.0,214.76,-2030.096,"",'133096184675562964903,2026-06-05,11153653390,69944979-fe63-48b6-b557-cb2ff77d9992,100165019350,Reverse,100098924099,100098924099,11504,2280,5.0,0.0,0.0,0.0,return_refund,0.0,0.0,0.0,0.0,0.0,0.0,0.0,0.0,NA,0,2600.0
NFT-/XUTR/DEUTH026156A03QEX,38.33,0.0,0.0,1799.0,805.0,208.978,3.833,0.0,0.0,prepaid,0.767,106.0,0.0,0.0,0.0,125.08,-716.502,"",'133118021397521362901,2026-06-05,11158196396,12c8434f-4f42-4f30-ae96-740de9e19cc8,100164158396,Reverse,100103467098,100103467098,11504,766.67,5.0,900.0,0.0,900.0,return_refund,0.0,0.0,0.0,0.0,0.0,0.0,0.0,0.0,NA,0,899.0
NFT-/XUTR/DEUTH026156A03QEX,87.05,0.0,0.0,1999.0,1828.0,431.408,8.705,0.0,0.0,prepaid,1.741,0.0,0.0,45.0,0.0,53.1,1333.046,"",'133091201093293023601,2026-06-05,11152837700,0028f23f-a76f-4303-badd-7b4e8615bad3,"",Forward,100098108410,1000029315941,11504,1740.95,5.0,0.0,0.0,0.0,packet_delivered,0.0,0.0,0.0,0.0,0.0,0.0,0.0,0.0,NA,0,1999.0
NFT-/XUTR/DEUTH026156A03QEX,49.62,0.0,0.0,3099.0,1042.0,258.208,4.962,0.0,0.0,prepaid,0.992,127.0,0.0,0.0,0.0,149.86,-927.698,"",'133112506416806132301,2026-06-05,11156558479,8155b7bc-46a6-4bef-9ab7-1051a0dcd075,11156558479,Reverse,100101829183,1000030228991,11504,992.38,5.0,1886.0,0.0,1886.0,exchange,0.0,0.0,0.0,0.0,0.0,0.0,0.0,0.0,NA,0,1213.0
NFT-/XUTR/DEUTH026156A03QEX,55.14,0.0,0.0,1899.0,1158.0,273.288,5.514,0.0,0.0,prepaid,1.103,0.0,0.0,45.0,0.0,53.1,824.995,"",'133089732903755202901,2026-06-05,11152357816,bec66417-add6-4acd-a124-2a666277b9dd,"",Forward,100097628527,1000028871408,11504,1102.86,5.0,570.0,0.0,570.0,packet_delivered,0.0,0.0,0.0,0.0,0.0,0.0,0.0,0.0,NA,0,1329.0
NFT-/XUTR/DEUTH026156A03QEX,59.67,0.0,0.0,2999.0,1253.0,310.493,5.967,0.0,0.0,prepaid,1.193,182.0,0.0,0.0,0.0,214.76,-1150.107,"",'133068506944899459503,2026-06-05,11147558905,38903abe-178b-4155-831b-843ea1c67036,100164033149,Reverse,100092829633,100092829633,11504,1193.33,5.0,1575.0,0.0,1575.0,return_refund,0.0,0.0,0.0,0.0,0.0,0.0,0.0,0.0,NA,0,1424.0
NFT-/XUTR/DEUTH026156A03QEX,80.24,0.0,0.0,3999.0,1685.0,417.543,8.024,0.0,0.0,prepaid,1.605,0.0,0.0,45.0,0.0,53.1,1204.728,"",'133091674203913956001,2026-06-05,11153033950,44e79894-8393-4e3d-9b95-449594014f40,"",Forward,100098304659,100098304659,11504,1604.76,5.0,2120.0,0.0,2120.0,packet_delivered,0.0,0.0,0.0,0.0,0.0,0.0,0.0,0.0,NA,0,1879.0
NFT-/XUTR/DEUTH026156A03QEX,48.1,0.0,0.0,1750.0,1010.0,238.36,4.81,0.0,0.0,prepaid,0.962,0.0,0.0,45.0,0.0,53.1,712.768,"",'133092575387737095803,2026-06-05,11153335442,70823c25-8eee-4756-9295-748a10ea39ab,"",Forward,100098606151,100098606151,11504,961.9,5.0,569.0,0.0,569.0,packet_delivered,0.0,0.0,0.0,0.0,0.0,0.0,0.0,0.0,NA,0,1181.0
NFT-/XUTR/DEUTH026156A03QEX,30.48,0.0,0.0,1999.0,640.0,30.208,3.048,0.0,0.0,prepaid,0.61,0.0,0.0,27.0,5.056,37.82608,568.308,"",'133096683076073340303,2026-06-05,11153767648,a9d78f45-1727-426d-bbd3-e890c49c5bd6,"",Forward,100099038357,100099038357,11504,609.52,5.0,1265.0,0.0,1265.0,packet_delivered,0.0,0.0,0.0,0.0,0.0,0.0,0.0,0.0,NA,0,734.0
NFT-/XUTR/DEUTH026156A03QEX,50.19,0.0,0.0,1750.0,1054.0,248.744,5.019,0.0,0.0,prepaid,1.004,0.0,0.0,45.0,0.0,53.1,746.133,"",'133088768351572412101,2026-06-05,11152048746,fcefa050-e0c0-4b5f-a7b3-3cca3dd5691d,"",Forward,100097319457,100097319457,11504,1003.81,5.0,525.0,0.0,525.0,packet_delivered,0.0,0.0,0.0,0.0,0.0,0.0,0.0,0.0,NA,0,1225.0
NFT-/XUTR/DEUTH026156A03QEX,87.05,0.0,0.0,1999.0,1828.0,431.408,8.705,0.0,0.0,prepaid,1.741,182.0,0.0,0.0,0.0,214.76,-1600.906,"",'133091201093293023601,2026-06-05,11152837707,0028f23f-a76f-4303-badd-7b4e8615bad3,100165280212,Reverse,100098108417,1000029315941,11504,1740.95,5.0,0.0,0.0,0.0,return_refund,0.0,0.0,0.0,0.0,0.0,0.0,0.0,0.0,NA,0,1999.0
NFT-/XUTR/DEUTH026156A03QEX,41.57,0.0,0.0,2199.0,873.0,226.631,4.157,0.0,0.0,prepaid,0.831,0.0,0.0,27.0,0.0,31.86,609.521,"",'133089983760810597701,2026-06-05,11152437173,677fd433-bc84-4c00-a7b8-e0ad91b4fb98,"",Forward,100097707883,1000029306749,11504,831.43,5.0,1155.0,0.0,1155.0,packet_delivered,0.0,0.0,0.0,0.0,0.0,0.0,0.0,0.0,NA,0,1044.0
NFT-/XUTR/DEUTH026156A03QEX,27.0,0.0,0.0,1699.0,567.0,147.193,2.7,0.0,0.0,prepaid,0.54,0.0,0.0,27.0,0.0,31.86,384.707,"",'133089030249897352403,2026-06-05,11152134690,2e5c0779-6a8f-47fd-a80a-9150b58df091,"",Forward,100097405401,1000028796768,11504,540,5.0,1038.0,0.0,1038.0,packet_delivered,0.0,0.0,0.0,0.0,0.0,0.0,0.0,0.0,NA,0,661.0
NFT-/XUTR/DEUTH026156A03QEX,56.81,0.0,0.0,1950.0,1193.0,281.548,5.681,0.0,0.0,prepaid,1.136,0.0,0.0,45.0,0.0,53.1,851.535,"",'133118654473579075603,2026-06-05,11158421881,69bc5bdf-858f-4434-8037-c37469dcea21,"",Forward,100103692583,100103692583,11504,1136.19,5.0,586.0,0.0,586.0,packet_delivered,0.0,0.0,0.0,0.0,0.0,0.0,0.0,0.0,NA,0,1364.0
NFT-/XUTR/DEUTH026156A03QEX,97.81,0.0,0.0,3399.0,2054.0,484.744,9.781,0.0,0.0,prepaid,1.956,0.0,0.0,61.0,0.0,71.98,1485.539,"",'133066337578326932403,2026-06-05,11147368752,3c81a3de-93bb-45ee-a00e-eb34e1ec9737,"",Forward,100092639480,100092639480,11504,1956.19,5.0,1139.0,0.0,1139.0,packet_delivered,0.0,0.0,0.0,0.0,0.0,0.0,0.0,0.0,NA,0,2260.0
NFT-/XUTR/DEUTH026156A03QEX,77.52,0.0,0.0,1799.0,22.92,5.409,0.109,0.0,0.0,prepaid,0.022,0.0,0.0,0.634,0.0,0.74812,16.632,"",'133088777039234440503,2026-06-05,11152051600,7411890e-a597-4d1c-8df4-61c9d2439da2,"",Forward,100097322311,100097322311,11504,1550.48,5.0,0.0,0.0,0.0,packet_delivered,0.0,0.0,0.0,0.0,0.0,0.0,0.0,0.0,NA,0,1799.0
NFT-/XUTR/DEUTH026156A03QEX,41.14,0.0,0.0,2799.0,864.0,224.294,4.114,0.0,0.0,prepaid,0.823,0.0,0.0,27.0,0.0,31.86,602.909,"",'133064635361013992601,2026-06-05,11146866209,7c82014b-0da1-4f72-9719-e06858f78b90,"",Forward,100092136937,100092136937,11504,822.86,5.0,1764.0,0.0,1764.0,packet_delivered,0.0,0.0,0.0,0.0,0.0,0.0,0.0,0.0,NA,0,1035.0
NFT-/XUTR/DEUTH026156A03QEX,593.85,0.0,0.0,4099.0,3893.0,918.748,16.496,0.0,0.0,prepaid,3.299,0.0,0.0,61.0,0.0,71.98,2882.477,"",'133114866872901325601,2026-06-05,11157391146,12ef887b-b4a9-4998-8165-ae22eefcb4a7,"",Forward,100102661849,1000030843493,11504,3299.15,18.0,0.0,0.0,0.0,packet_delivered,0.0,0.0,0.0,0.0,0.0,0.0,0.0,0.0,NA,0,4099.0
NFT-/XUTR/DEUTH026156A03QEX,0.0,25.21,25.21,1850.0,1059.0,249.924,0.0,2.5215,2.5215,prepaid,1.009,106.0,0.0,0.0,0.0,125.08,-928.104,"",'133122173877334008403,2026-06-05,11160019117,206c7570-1603-4a9a-9585-97b042dc39bb,100163685633,Reverse,100105289818,100105289818,11504,1008.58,5.0,620.0,0.0,620.0,return_refund,0.0,0.0,0.0,0.0,0.0,0.0,0.0,0.0,NA,0,1230.0
NFT-/XUTR/DEUTH026156A03QEX,51.81,0.0,0.0,1799.0,1088.0,256.768,5.181,0.0,0.0,prepaid,1.036,182.0,0.0,0.0,0.0,214.76,-1039.775,"",'133089259007392556203,2026-06-05,11152209013,edd78c31-a5b6-44fc-88dd-53fa4d9038c8,100163788376,Reverse,100097479724,100097479724,11504,1036.19,5.0,540.0,0.0,540.0,return_refund,0.0,0.0,0.0,0.0,0.0,0.0,0.0,0.0,NA,0,1259.0
NFT-/XUTR/DEUTH026156A03QEX,18.95,0.0,0.0,1699.0,398.0,18.786,1.895,0.0,0.0,prepaid,0.379,182.0,0.0,0.0,0.0,214.76,-591.7,"",'133090856418589111201,2026-06-05,11152712449,0915a7ef-3b8c-48b0-90e9-4b5ce3117b34,100163809725,Reverse,100097983159,100097983159,11504,379.05,5.0,1207.0,0.0,1207.0,return_refund,0.0,0.0,0.0,0.0,0.0,0.0,0.0,0.0,NA,0,492.0
NFT-/XUTR/DEUTH026156A03QEX,99.1,0.0,0.0,4499.0,2081.0,491.116,9.91,0.0,0.0,prepaid,1.982,0.0,0.0,61.0,0.0,71.98,1506.012,"",'133100929993579812301,2026-06-05,11154725306,a7f55f1e-62b5-48ba-a71a-e5819f1f3af7,"",Forward,100099996013,100099996013,11504,1981.9,5.0,2212.0,0.0,2212.0,packet_delivered,0.0,0.0,0.0,0.0,0.0,0.0,0.0,0.0,NA,0,2287.0
NFT-/XUTR/DEUTH026156A03QEX,31.29,0.0,0.0,2499.0,657.0,31.009999999999998,3.129,0.0,0.0,prepaid,0.626,0.0,0.0,27.0,0.0,31.86,590.375,"",'133113274555154631103,2026-06-05,11156705438,d24ff221-22f5-4805-9576-c5e8a78545e8,"",Forward,100101976141,1000030233888,11504,625.71,5.0,1748.0,0.0,1748.0,packet_delivered,0.0,0.0,0.0,0.0,0.0,0.0,0.0,0.0,NA,0,751.0
NFT-/XUTR/DEUTH026156A03QEX,0.0,12.64,12.64,1999.0,531.0,25.063,0.0,1.2645,1.2645,prepaid,0.506,106.0,0.0,0.0,0.0,125.08,-627.982,"",'133114390014292876703,2026-06-05,11157113485,06069ead-3d7c-44d2-b482-19160c128dcc,11157113485,Reverse,100102384188,100102384188,11504,505.72,5.0,1374.0,0.0,1374.0,exchange,0.0,0.0,0.0,0.0,0.0,0.0,0.0,0.0,NA,0,625.0
NFT-/XUTR/DEUTH026156A03QEX,51.95,0.0,0.0,1899.0,1091.0,257.476,5.195,0.0,0.0,prepaid,1.039,0.0,0.0,45.0,0.0,53.1,774.19,"",'133096672007953846303,2026-06-05,11153764986,0529645d-dbbd-4807-8857-bdfef6db4be3,"",Forward,100099035695,100099035695,11504,1039.05,5.0,637.0,0.0,637.0,packet_delivered,0.0,0.0,0.0,0.0,0.0,0.0,0.0,0.0,NA,0,1262.0
NFT-/XUTR/DEUTH026156A03QEX,18.38,0.0,0.0,1650.0,386.0,18.219,1.838,0.0,0.0,prepaid,0.368,0.0,0.0,0.0,0.0,0.0,365.575,"",'133089143240717230803,2026-06-05,11152171485,79d6839e-5124-40af-8339-f0f2e1ae75a4,"",Forward,100097442196,100097442196,11504,367.62,5.0,1205.0,0.0,1205.0,packet_delivered,0.0,0.0,0.0,0.0,0.0,0.0,0.0,0.0,NA,0,445.0
NFT-/XUTR/DEUTH026156A03QEX,39.48,0.0,0.0,3450.0,829.0,215.208,3.948,0.0,0.0,prepaid,0.79,0.0,0.0,27.0,6.964,40.07752,568.976,"",'133089762937641715403,2026-06-05,11152367686,72cc9080-3cc6-4a06-b520-4633fd7d583b,"",Forward,100097638397,100097638397,11504,789.52,5.0,2450.0,0.0,2450.0,packet_delivered,0.0,0.0,0.0,0.0,0.0,0.0,0.0,0.0,NA,0,1000.0
NFT-/XUTR/DEUTH026156A03QEX,46.14,0.0,0.0,1799.0,969.0,251.552,4.614,0.0,0.0,prepaid,0.923,0.0,0.0,27.0,0.0,31.86,680.051,"",'133092479799241004901,2026-06-05,11153322114,f9280b66-e4e4-48b2-bf63-3b43cbe90b22,"",Forward,100098592823,1000029052737,11504,922.86,5.0,659.0,0.0,659.0,packet_delivered,0.0,0.0,0.0,0.0,0.0,0.0,0.0,0.0,NA,0,1140.0
NFT-/XUTR/DEUTH026156A03QEX,0.0,25.29,25.29,2799.0,963.0,238.631,0.0,2.293,2.293,prepaid,0.917,0.0,0.0,40.805,0.0,48.1499,670.716,"",'133106299053517498003,2026-06-05,11155513519,801309fc-cb8f-4439-a706-820a8932668f,"",Forward,100100784225,1000030235865,11504,1011.42,5.0,1566.0,99.0,1665.0,packet_delivered,0.0,0.0,0.0,0.0,0.0,0.0,0.0,0.0,NA,0,1233.0
NFT-/XUTR/DEUTH026156A03QEX,0.0,51.74,51.74,3399.0,2173.0,487.187,0.0,5.174,5.174,prepaid,2.07,0.0,0.0,61.0,0.0,71.98,1601.415,"",'133107399075534461801,2026-06-05,11155761316,5683c6f5-55b0-4543-8055-14f6274da5b1,"",Forward,100101032022,100101032022,11504,2069.52,5.0,1020.0,0.0,1020.0,packet_delivered,0.0,0.0,0.0,0.0,0.0,0.0,0.0,0.0,NA,0,2378.9999999999995
NFT-/XUTR/DEUTH026156A03QEX,63.29,0.0,0.0,2999.0,1329.0,329.326,6.329,0.0,0.0,prepaid,1.266,182.0,0.0,0.0,0.0,214.76,-1206.839,"",'133099860016409138401,2026-06-05,11154448041,9995b489-49c9-4d06-83f3-01e6fc17c0bb,100164103006,Reverse,100099718749,1000029779022,11504,1265.71,5.0,1499.0,0.0,1499.0,return_refund,0.0,0.0,0.0,0.0,0.0,0.0,0.0,0.0,NA,0,1500.0
NFT-/XUTR/DEUTH026156A03QEX,48.1,0.0,0.0,1750.0,1009.9999999999999,238.36,4.81,0.0,0.0,prepaid,0.962,106.0,0.0,0.0,0.0,125.08,-890.948,"",'133117516580081479003,2026-06-05,11158047317,0e92a20d-934b-4b78-a853-8d59fd3932fd,11158047317,Reverse,100103318019,100103318019,11504,961.9,5.0,569.0,0.0,569.0,exchange,0.0,0.0,0.0,0.0,0.0,0.0,0.0,0.0,NA,0,1181.0
NFT-/XUTR/DEUTH026156A03QEX,0.0,29.86,29.86,2999.0,646.24,160.138,0.0,1.5385,1.5385,prepaid,0.615,65.449,0.0,0.0,0.0,77.22982,-559.64,"",'133109091501714956103,2026-06-05,11156197545,a3dbcf64-df80-4559-a943-1ab36fdd7ce1,100163987182,Reverse,100101468250,100101468250,11504,1194.28,5.0,1574.0,0.0,1574.0,return_refund,0.0,0.0,0.0,0.0,0.0,0.0,0.0,0.0,NA,0,1424.9999999999998
NFT-/XUTR/DEUTH026156A03QEX,33.71,0.0,0.0,1799.0,708.0,183.797,3.371,0.0,0.0,prepaid,0.674,0.0,0.0,27.0,0.0,31.86,488.298,"",'133089030249897352403,2026-06-05,11152134688,2e5c0779-6a8f-47fd-a80a-9150b58df091,"",Forward,100097405399,1000028796768,11504,674.29,5.0,997.0,0.0,997.0,packet_delivered,0.0,0.0,0.0,0.0,0.0,0.0,0.0,0.0,NA,0,802.0
NFT-/XUTR/DEUTH026156A03QEX,59.67,0.0,0.0,2999.0,1253.0,310.493,5.967,0.0,0.0,prepaid,1.193,0.0,0.0,45.0,0.0,53.1,882.247,"",'133088167296550400203,2026-06-05,11151845609,0f812814-413f-4d03-ad2b-cefab85face1,"",Forward,100097116321,100097116321,11504,1193.33,5.0,1575.0,0.0,1575.0,packet_delivered,0.0,0.0,0.0,0.0,0.0,0.0,0.0,0.0,NA,0,1424.0
NFT-/XUTR/DEUTH026156A03QEX,70.38,0.0,0.0,3299.0,1478.0,366.248,7.038,0.0,0.0,prepaid,1.408,0.0,0.0,45.0,0.0,53.1,1050.206,"",'133097080352067903003,2026-06-05,11153854227,ab8a54e1-5139-42c8-9a08-583ea2f3a08c,"",Forward,100099124937,1000029789286,11504,1407.62,5.0,1650.0,0.0,1650.0,packet_delivered,0.0,0.0,0.0,0.0,0.0,0.0,0.0,0.0,NA,0,1649.0
NFT-/XUTR/DEUTH026156A03QEX,33.57,0.0,0.0,1599.0,705.0,183.018,3.357,0.0,0.0,prepaid,0.671,0.0,0.0,27.0,0.0,31.86,486.094,"",'133099278757590143401,2026-06-05,11154318336,5e84299a-9d01-462b-8dc3-2f5a6e460735,"",Forward,100099589044,100099589044,11504,671.43,5.0,800.0,0.0,800.0,packet_delivered,0.0,0.0,0.0,0.0,0.0,0.0,0.0,0.0,NA,0,799.0
NFT-/XUTR/DEUTH026156A03QEX,19.67,0.0,0.0,1750.0,413.0,19.494,1.967,0.0,0.0,prepaid,0.393,0.0,0.0,15.0,0.0,17.7,373.446,"",'133089732903755202901,2026-06-05,11152357814,bec66417-add6-4acd-a124-2a666277b9dd,"",Forward,100097628525,1000028871408,11504,393.33,5.0,1243.0,0.0,1243.0,packet_delivered,0.0,0.0,0.0,0.0,0.0,0.0,0.0,0.0,NA,0,507.0
NFT-/XUTR/DEUTH026156A03QEX,81.95,0.0,0.0,2899.0,1721.0,426.464,8.195,0.0,0.0,prepaid,1.639,182.0,0.0,0.0,0.0,214.76,-1499.462,"",'133089488612108294303,2026-06-05,11152282308,badad352-b028-4869-9f09-2440bfc9f80a,100163668692,Reverse,100097553019,100097553019,11504,1639.05,5.0,972.0,0.0,972.0,return_refund,0.0,0.0,0.0,0.0,0.0,0.0,0.0,0.0,NA,0,1927.0
NFT-/XUTR/DEUTH026156A03QEX,446.64,0.0,0.0,3299.0,2928.0,691.008,12.407,0.0,0.0,prepaid,2.481,0.0,0.0,61.0,0.0,71.98,2150.124,"",'133116405542665550903,2026-06-05,11157753561,1443c4fb-ef04-40dc-a412-47bfd596ee65,"",Forward,100103024264,1000030860809,11504,2481.36,18.0,165.0,0.0,165.0,packet_delivered,0.0,0.0,0.0,0.0,0.0,0.0,0.0,0.0,NA,0,3134.0
NFT-/XUTR/DEUTH026156A03QEX,593.85,0.0,0.0,4099.0,1919.185,452.928,8.132,0.0,0.0,prepaid,1.626,62.609,0.0,0.0,0.0,73.87862,-1530.378,"",'133109700442962494203,2026-06-05,11156359873,33d942fe-c949-4014-bc1d-d0790be4bbcf,100164356183,Reverse,100101630578,100101630578,11504,3299.15,18.0,0.0,0.0,0.0,return_refund,0.0,0.0,0.0,0.0,0.0,0.0,0.0,0.0,NA,0,4099.0
NFT-/XUTR/DEUTH026156A03QEX,59.67,0.0,0.0,2999.0,1253.0,310.493,5.967,0.0,0.0,prepaid,1.193,0.0,0.0,45.0,0.0,53.1,882.247,"",'133090755768249335801,2026-06-05,11152678774,1c363cf0-4510-484e-9eda-acdd4f7f4db0,"",Forward,100097949484,100097949484,11504,1193.33,5.0,1575.0,0.0,1575.0,packet_delivered,0.0,0.0,0.0,0.0,0.0,0.0,0.0,0.0,NA,0,1424.0
NFT-/XUTR/DEUTH026156A03QEX,34.19,0.0,0.0,2899.0,718.0,33.89,3.419,0.0,0.0,prepaid,0.684,0.0,0.0,27.0,0.0,31.86,648.147,"",'133121596701336385803,2026-06-05,11159747585,7c5f9e29-4b3f-41a1-9067-496c96cb1510,"",Forward,100105018286,100105018286,11504,683.81,5.0,2087.0,0.0,2087.0,packet_delivered,0.0,0.0,0.0,0.0,0.0,0.0,0.0,0.0,NA,0,812.0
NFT-/XUTR/DEUTH026156A03QEX,0.0,31.6,31.6,2999.0,1327.0,328.831,0.0,3.1595,3.1595,prepaid,1.264,106.0,0.0,0.0,0.0,125.08,-1115.666,"",'133106588269534084801,2026-06-05,11155577143,43d5b98b-281b-4a01-9bb7-de57d64d480f,100163927340,Reverse,100100847849,100100847849,11504,1263.8,5.0,1501.0,0.0,1501.0,return_refund,0.0,0.0,0.0,0.0,0.0,0.0,0.0,0.0,NA,0,1497.9999999999998
NFT-/XUTR/DEUTH026156A03QEX,0.0,26.0,26.0,1899.0,1092.0,257.712,0.0,2.6,2.6,prepaid,1.04,0.0,0.0,45.0,0.0,53.1,774.948,"",'133109207364992605503,2026-06-05,11156231676,c9bac7dc-3004-48ac-91c2-46bb64685d8e,"",Forward,100101502381,100101502381,11504,1040,5.0,636.0,0.0,636.0,packet_delivered,0.0,0.0,0.0,0.0,0.0,0.0,0.0,0.0,NA,0,1263.0
NFT-/XUTR/DEUTH026156A03QEX,0.0,35.05,35.05,1999.0,1472.0,347.392,0.0,3.505,3.505,prepaid,1.402,0.0,0.0,45.0,0.0,53.1,1063.096,"",'133117475978185101401,2026-06-05,11158034863,ab4d5d4a-cc35-4e72-85cf-1e53ea0a3427,"",Forward,100103305565,100103305565,11504,1401.9,5.0,356.0,0.0,356.0,packet_delivered,0.0,0.0,0.0,0.0,0.0,0.0,0.0,0.0,NA,0,1643.0
NFT-/XUTR/DEUTH026156A03QEX,23.71,0.0,0.0,1650.0,378.99999999999994,17.889,1.805,0.0,0.0,prepaid,0.361,138.51,0.0,0.0,0.0,163.4418,-522.387,"",'133092549806260370401,2026-06-05,11153332126,4b66077d-4792-424c-9caf-970298d26e5e,11153332126,Reverse,100098602835,100098602835,11504,474.29,5.0,1058.0,119.0,1177.0,exchange,0.0,0.0,0.0,0.0,0.0,0.0,0.0,0.0,NA,0,592.0
NFT-/XUTR/DEUTH026156A03QEX,37.19,0.0,0.0,1750.0,781.0,202.748,3.719,0.0,0.0,prepaid,0.744,182.0,0.0,0.0,0.0,214.76,-788.549,"",'133091813972749339801,2026-06-05,11153101071,cf8a690f-70fb-498d-a1c2-449757033cd6,100164761970,Reverse,100098371780,100098371780,11504,743.81,5.0,875.0,0.0,875.0,return_refund,0.0,0.0,0.0,0.0,0.0,0.0,0.0,0.0,NA,0,875.0
NFT-/XUTR/DEUTH026156A03QEX,40.33,0.0,0.0,2899.0,847.0,219.881,4.033,0.0,0.0,prepaid,0.807,182.0,0.0,0.0,0.0,214.76,-837.039,"",'133089848747077415701,2026-06-05,11152394657,fe4e0368-754f-449f-b16b-6caef89d004e,100163869307,Reverse,100097665367,100097665367,11504,806.67,5.0,1881.0,0.0,1881.0,return_refund,0.0,0.0,0.0,0.0,0.0,0.0,0.0,0.0,NA,0,1018.0
NFT-/XUTR/DEUTH026156A03QEX,25.43,0.0,0.0,1699.0,534.0,37.807,2.543,0.0,0.0,prepaid,0.509,0.0,0.0,27.0,0.0,31.86,461.281,"",'133091596065904987701,2026-06-05,11152998218,5b2d7956-c45e-487f-bd23-732a476bc4db,"",Forward,100098268928,100098268928,11504,508.57,5.0,1071.0,0.0,1071.0,packet_delivered,0.0,0.0,0.0,0.0,0.0,0.0,0.0,0.0,NA,0,628.0
NFT-/XUTR/DEUTH026156A03QEX,77.52,0.0,0.0,1799.0,1526.999,360.372,7.271,0.0,0.0,prepaid,1.454,0.0,0.0,42.208,0.0,49.80544,1108.097,"",'133089144794651993103,2026-06-05,11152171921,2dac9e9e-4492-4a82-a640-ac4bc8c4f0c0,"",Forward,100097442632,100097442632,11504,1550.48,5.0,0.0,101.0,101.0,packet_delivered,0.0,0.0,0.0,0.0,0.0,0.0,0.0,0.0,NA,0,1799.0
NFT-/XUTR/DEUTH026156A03QEX,39.81,0.0,0.0,2799.0,836.0,217.026,3.981,0.0,0.0,prepaid,0.796,0.0,0.0,27.0,0.0,31.86,582.337,"",'133090282913369902801,2026-06-05,11152528862,d92a6da6-d505-4398-b15c-67a55f2e5b01,"",Forward,100097799572,100097799572,11504,796.19,5.0,1792.0,0.0,1792.0,packet_delivered,0.0,0.0,0.0,0.0,0.0,0.0,0.0,0.0,NA,0,1007.0
NFT-/XUTR/DEUTH026156A03QEX,94.91,0.0,0.0,2199.0,1993.0,470.348,9.49,0.0,0.0,prepaid,1.898,0.0,0.0,45.0,0.0,53.1,1458.164,"",'133090189484920724301,2026-06-05,11152500029,60d5259d-b336-4a96-afdb-d9069c72db21,"",Forward,100097770739,100097770739,11504,1898.1,5.0,0.0,0.0,0.0,packet_delivered,0.0,0.0,0.0,0.0,0.0,0.0,0.0,0.0,NA,0,2199.01
NFT-/XUTR/DEUTH026156A03QEX,57.38,0.0,0.0,2899.0,1205.0,298.599,5.738,0.0,0.0,prepaid,1.148,0.0,0.0,45.0,0.0,53.1,846.415,"",'133088448790929486003,2026-06-05,11151941172,685a394c-7545-42f3-a462-7a92c82b8beb,"",Forward,100097211884,100097211884,11504,1147.62,5.0,1523.0,0.0,1523.0,packet_delivered,0.0,0.0,0.0,0.0,0.0,0.0,0.0,0.0,NA,0,1376.0
NFT-/XUTR/DEUTH026156A03QEX,29.05,0.0,0.0,1499.0,610.0,158.356,2.905,0.0,0.0,prepaid,0.581,0.0,0.0,27.0,0.0,31.86,416.298,"",'133092042474619378303,2026-06-05,11153209859,9e6ea7d0-8cda-4e8c-9549-7c2dcd4b7d16,"",Forward,100098480568,100098480568,11504,580.95,5.0,795.0,0.0,795.0,packet_delivered,0.0,0.0,0.0,0.0,0.0,0.0,0.0,0.0,NA,0,704.0
NFT-/XUTR/DEUTH026156A03QEX,51.81,0.0,0.0,1799.0,1088.0,256.768,5.181,0.0,0.0,prepaid,1.036,0.0,0.0,45.0,0.0,53.1,771.915,"",'133089259007392556203,2026-06-05,11152209013,edd78c31-a5b6-44fc-88dd-53fa4d9038c8,"",Forward,100097479724,100097479724,11504,1036.19,5.0,540.0,0.0,540.0,packet_delivered,0.0,0.0,0.0,0.0,0.0,0.0,0.0,0.0,NA,0,1259.0
NFT-/XUTR/DEUTH026156A03QEX,52.57,0.0,0.0,2899.0,1104.0,273.571,5.257,0.0,0.0,prepaid,1.051,0.0,0.0,45.0,0.0,53.1,771.021,"",'133113465046035055001,2026-06-05,11156750094,173bf06a-10a8-42f5-8bd2-a4f2f62c6959,"",Forward,100102020797,100102020797,11504,1051.43,5.0,1624.0,0.0,1624.0,packet_delivered,0.0,0.0,0.0,0.0,0.0,0.0,0.0,0.0,NA,0,1275.0
NFT-/XUTR/DEUTH026156A03QEX,48.48,0.0,0.0,1699.0,1018.0,240.248,4.848,0.0,0.0,prepaid,0.97,0.0,0.0,45.0,0.0,53.1,718.834,"",'133092611024015723701,2026-06-05,11153339834,c02a1ea4-f34d-4936-973c-b5818a03d7d4,"",Forward,100098610543,1000029322301,11504,969.52,5.0,510.0,0.0,510.0,packet_delivered,0.0,0.0,0.0,0.0,0.0,0.0,0.0,0.0,NA,0,1189.0
NFT-/XUTR/DEUTH026156A03QEX,55.14,0.0,0.0,1899.0,1158.0,273.288,5.514,0.0,0.0,prepaid,1.103,0.0,0.0,45.0,0.0,53.1,824.995,"",'133094692253817495101,2026-06-05,11153430460,89ff88c1-f8de-438a-ac91-fa7e68b326aa,"",Forward,100098701169,100098701169,11504,1102.86,5.0,570.0,0.0,570.0,packet_delivered,0.0,0.0,0.0,0.0,0.0,0.0,0.0,0.0,NA,0,1329.0
NFT-/XUTR/DEUTH026156A03QEX,23.67,0.0,0.0,1599.0,497.0,23.458,2.367,0.0,0.0,prepaid,0.473,0.0,0.0,27.0,0.0,31.86,438.842,"",'133091755866263128601,2026-06-05,11153073130,42095de0-5dc8-4100-8246-6813494e9b48,"",Forward,100098343839,100098343839,11504,473.33,5.0,1008.0,0.0,1008.0,packet_delivered,0.0,0.0,0.0,0.0,0.0,0.0,0.0,0.0,NA,0,591.0
NFT-/XUTR/DEUTH026156A03QEX,43.1,0.0,0.0,2499.0,581.41,150.934,2.769,0.0,0.0,prepaid,0.554,0.0,0.0,17.346,0.0,20.46828,406.685,"",'133090617296746573903,2026-06-05,11152633416,a997dedd-0805-4aaf-b34d-a5441595e27d,"",Forward,100097904126,100097904126,11504,861.9,5.0,1500.0,0.0,1500.0,packet_delivered,0.0,0.0,0.0,0.0,0.0,0.0,0.0,0.0,NA,0,999.0
NFT-/XUTR/DEUTH026156A03QEX,31.19,0.0,0.0,1499.0,655.0,170.038,3.119,0.0,0.0,prepaid,0.624,0.0,0.0,27.0,0.0,31.86,449.359,"",'133086843909299997303,2026-06-05,11151448846,584b8662-bdea-4277-b39c-27740c4501f2,"",Forward,100096719561,100096719561,11504,623.81,5.0,750.0,0.0,750.0,packet_delivered,0.0,0.0,0.0,0.0,0.0,0.0,0.0,0.0,NA,0,749.0
NFT-/XUTR/DEUTH026156A03QEX,57.1,0.0,0.0,2999.0,1199.0,297.112,5.71,0.0,0.0,prepaid,1.142,0.0,0.0,45.0,0.0,53.1,841.936,"",'133112506416806132301,2026-06-05,11156558481,8155b7bc-46a6-4bef-9ab7-1051a0dcd075,"",Forward,100101829185,1000030228991,11504,1141.9,5.0,1629.0,0.0,1629.0,packet_delivered,0.0,0.0,0.0,0.0,0.0,0.0,0.0,0.0,NA,0,1370.0
NFT-/XUTR/DEUTH026156A03QEX,59.67,0.0,0.0,2999.0,1253.0,310.493,5.967,0.0,0.0,prepaid,1.193,0.0,0.0,45.0,0.0,53.1,882.247,"",'133089108634962200503,2026-06-05,11152160120,8fc7096c-0f6a-4f6d-a6b4-5efc0273d255,"",Forward,100097430831,100097430831,11504,1193.33,5.0,1575.0,0.0,1575.0,packet_delivered,0.0,0.0,0.0,0.0,0.0,0.0,0.0,0.0,NA,0,1424.0
NFT-/XUTR/DEUTH026156A03QEX,48.48,0.0,0.0,1699.0,1018.0,240.248,4.848,0.0,0.0,prepaid,0.97,182.0,0.0,0.0,0.0,214.76,-986.694,"",'133089972041220719603,2026-06-05,11152433548,4f092342-f7b1-4071-9e16-55908ac3f647,100163938272,Reverse,100097704258,100097704258,11504,969.52,5.0,510.0,0.0,510.0,return_refund,0.0,0.0,0.0,0.0,0.0,0.0,0.0,0.0,NA,0,1189.0
NFT-/XUTR/DEUTH026156A03QEX,26.95,0.0,0.0,1650.0,146.655,38.072,0.698,0.0,0.0,prepaid,0.14,0.0,0.0,6.996,0.0,8.25528,99.49,"",'133090277178210812303,2026-06-05,11152527160,94cad80b-20ab-41e0-951b-180477d642a6,"",Forward,100097797870,100097797870,11504,539.05,5.0,990.0,0.0,990.0,packet_delivered,0.0,0.0,0.0,0.0,0.0,0.0,0.0,0.0,NA,0,660.0
NFT-/XUTR/DEUTH026156A03QEX,59.71,0.0,0.0,2999.0,1254.0,310.741,5.971,0.0,0.0,prepaid,1.194,127.0,0.0,0.0,0.0,149.86,-1085.954,"",'133107566404099889901,2026-06-05,11155800013,b4fcfbb1-0d89-49c9-b1d4-b232ce5e34fa,100164487202,Reverse,100101070719,1000030237773,11504,1194.29,5.0,1574.0,0.0,1574.0,return_refund,0.0,0.0,0.0,0.0,0.0,0.0,0.0,0.0,NA,0,1425.0
NFT-/XUTR/DEUTH026156A03QEX,0.0,35.83,35.83,3299.0,1505.0,372.939,0.0,3.5835,3.5835,prepaid,1.433,0.0,0.0,45.0,0.0,53.1,1070.361,"",'133115071657140989501,2026-06-05,11157439824,2e4510d6-c64e-4b95-8242-2320a43646f5,"",Forward,100102710527,100102710527,11504,1433.34,5.0,1623.0,0.0,1623.0,packet_delivered,0.0,0.0,0.0,0.0,0.0,0.0,0.0,0.0,NA,0,1675.9999999999998
NFT-/XUTR/DEUTH026156A03QEX,63.24,0.0,0.0,2999.0,1328.0,329.078,6.324,0.0,0.0,prepaid,1.265,0.0,0.0,45.0,0.0,53.1,938.233,"",'133088761184601902501,2026-06-05,11152046549,1c22b971-4ce1-4ff2-9031-49bbaaaf68fc,"",Forward,100097317261,100097317261,11504,1264.76,5.0,1500.0,0.0,1500.0,packet_delivered,0.0,0.0,0.0,0.0,0.0,0.0,0.0,0.0,NA,0,1499.0
NFT-/XUTR/DEUTH026156A03QEX,0.0,9.52,9.52,1699.0,400.00000000000006,18.88,0.0,0.9525,0.9525,prepaid,0.381,106.0,0.0,0.0,0.0,125.08,-503.914,"",'133117724204458245301,2026-06-05,11158110119,c84f388a-1b2e-4496-b069-ba945e20a1ee,100163693743,Reverse,100103380821,100103380821,11504,380.96,5.0,1205.0,0.0,1205.0,return_refund,0.0,0.0,0.0,0.0,0.0,0.0,0.0,0.0,NA,0,493.99999999999994
NFT-/XUTR/DEUTH026156A03QEX,118.95,0.0,0.0,3999.0,2498.0,589.528,11.895,0.0,0.0,prepaid,2.379,0.0,0.0,61.0,0.0,71.98,1822.218,"",'133106161847999326903,2026-06-05,11155479202,5a172cf0-aba3-41ed-8fea-feeef9ee9f12,"",Forward,100100749908,100100749908,11504,2379.05,5.0,1295.0,0.0,1295.0,packet_delivered,0.0,0.0,0.0,0.0,0.0,0.0,0.0,0.0,NA,0,2704.0
NFT-/XUTR/DEUTH026156A03QEX,63.24,0.0,0.0,2999.0,1328.0,329.078,6.324,0.0,0.0,prepaid,1.265,0.0,0.0,45.0,0.0,53.1,938.233,"",'133089893639521092503,2026-06-05,11152408873,060aeddc-2143-4259-85da-876b0efaa6f4,"",Forward,100097679583,1000029302958,11504,1264.76,5.0,1500.0,0.0,1500.0,packet_delivered,0.0,0.0,0.0,0.0,0.0,0.0,0.0,0.0,NA,0,1499.0
NFT-/XUTR/DEUTH026156A03QEX,79.95,0.0,0.0,1850.0,1679.0,396.244,7.995,0.0,0.0,prepaid,1.599,0.0,0.0,45.0,0.0,53.1,1220.062,"",'133092573391575851703,2026-06-05,11153335211,9c2537d3-affe-45e6-bc2a-8e9509d0bc8e,"",Forward,100098605920,100098605920,11504,1599.05,5.0,0.0,0.0,0.0,packet_delivered,0.0,0.0,0.0,0.0,0.0,0.0,0.0,0.0,NA,0,1850.0
NFT-/XUTR/DEUTH026156A03QEX,74.1,0.0,0.0,3399.0,1556.0,385.577,7.41,0.0,0.0,prepaid,1.482,0.0,0.0,45.0,0.0,53.1,1108.431,"",'133103934246774036601,2026-06-05,11154952013,174e4d15-8851-4a57-a482-420b90150964,"",Forward,100100222720,100100222720,11504,1481.9,5.0,1672.0,0.0,1672.0,packet_delivered,0.0,0.0,0.0,0.0,0.0,0.0,0.0,0.0,NA,0,1727.0
NFT-/XUTR/DEUTH026156A03QEX,76.52,0.0,0.0,3499.0,1607.0,398.215,7.652,0.0,0.0,prepaid,1.53,0.0,0.0,45.0,0.0,53.1,1146.503,"",'133094350389745039701,2026-06-05,11153412637,4bb5e4e6-82e0-410d-85c4-114d418cc255,"",Forward,100098683346,1000029318202,11504,1530.48,5.0,1721.0,0.0,1721.0,packet_delivered,0.0,0.0,0.0,0.0,0.0,0.0,0.0,0.0,NA,0,1778.0
NFT-/XUTR/DEUTH026156A03QEX,66.43,0.0,0.0,3299.0,1395.0,345.681,6.643,0.0,0.0,prepaid,1.329,0.0,0.0,45.0,0.0,53.1,988.247,"",'133122379034198570801,2026-06-05,11160086541,389872c3-c86e-4b8c-bf29-e02627b6596b,"",Forward,100105357242,100105357242,11504,1328.57,5.0,1733.0,0.0,1733.0,packet_delivered,0.0,0.0,0.0,0.0,0.0,0.0,0.0,0.0,NA,0,1566.0
NFT-/XUTR/DEUTH026156A03QEX,63.29,0.0,0.0,2999.0,1329.0,329.326,6.329,0.0,0.0,prepaid,1.266,0.0,0.0,45.0,0.0,53.1,938.979,"",'133099860016409138401,2026-06-05,11154448041,9995b489-49c9-4d06-83f3-01e6fc17c0bb,"",Forward,100099718749,1000029779022,11504,1265.71,5.0,1499.0,0.0,1499.0,packet_delivered,0.0,0.0,0.0,0.0,0.0,0.0,0.0,0.0,NA,0,1500.0
NFT-/XUTR/DEUTH026156A03QEX,18.81,0.0,0.0,1799.0,395.0,18.644,1.881,0.0,0.0,prepaid,0.376,0.0,0.0,0.0,0.0,0.0,374.099,"",'133096068219436807401,2026-06-05,11153628402,34d7ea14-d142-46a3-8cd2-c21f146959dd,"",Forward,100098899111,100098899111,11504,376.19,5.0,1310.0,0.0,1310.0,packet_delivered,0.0,0.0,0.0,0.0,0.0,0.0,0.0,0.0,NA,0,489.0
NFT-/XUTR/DEUTH026156A03QEX,36.52,0.0,0.0,2499.0,767.0,36.202,3.652,0.0,0.0,prepaid,0.73,127.0,0.0,0.0,0.0,149.86,-876.276,"",'133103564390843576901,2026-06-05,11154900762,b7c09d57-81f1-487f-b149-82475e24605a,100163625879,Reverse,100100171469,100100171469,11504,730.48,5.0,1638.0,0.0,1638.0,return_refund,0.0,0.0,0.0,0.0,0.0,0.0,0.0,0.0,NA,0,861.0
NFT-/XUTR/DEUTH026156A03QEX,72.76,0.0,0.0,1699.0,1528.0,360.608,7.276,0.0,0.0,prepaid,1.455,0.0,0.0,45.0,0.0,53.1,1105.561,"",'133090052391100564603,2026-06-05,11152458135,997d2f52-bb9c-4ef0-ab90-39e18faa5894,"",Forward,100097728845,100097728845,11504,1455.24,5.0,0.0,0.0,0.0,packet_delivered,0.0,0.0,0.0,0.0,0.0,0.0,0.0,0.0,NA,0,1699.0
NFT-/XUTR/DEUTH026156A03QEX,38.38,0.0,0.0,1799.0,806.0,209.238,3.838,0.0,0.0,prepaid,0.768,182.0,0.0,0.0,0.0,214.76,-806.916,"",'133105254184463717101,2026-06-05,11155240426,6246b7b0-17d1-41d6-b684-e793f02a11b7,100163874586,Reverse,100100511133,100100511133,11504,767.62,5.0,899.0,0.0,899.0,return_refund,0.0,0.0,0.0,0.0,0.0,0.0,0.0,0.0,NA,0,900.0
NFT-/XUTR/DEUTH026156A03QEX,55.67,0.0,0.0,2999.0,1169.0,289.678,5.567,0.0,0.0,prepaid,1.113,0.0,0.0,45.0,0.0,53.1,819.542,"",'133095320082354544203,2026-06-05,11153498611,52ea4664-00fd-4938-8998-56d14213e801,"",Forward,100098769320,1000029319704,11504,1113.33,5.0,1659.0,0.0,1659.0,packet_delivered,0.0,0.0,0.0,0.0,0.0,0.0,0.0,0.0,NA,0,1340.0
NFT-/XUTR/DEUTH026156A03QEX,66.43,0.0,0.0,3299.0,1395.0,345.681,6.643,0.0,0.0,prepaid,1.329,106.0,0.0,0.0,0.0,125.08,-1166.427,"",'133122379034198570801,2026-06-05,11160086541,389872c3-c86e-4b8c-bf29-e02627b6596b,100164884240,Reverse,100105357242,100105357242,11504,1328.57,5.0,1733.0,0.0,1733.0,return_refund,0.0,0.0,0.0,0.0,0.0,0.0,0.0,0.0,NA,0,1566.0
NFT-/XUTR/DEUTH026156A03QEX,0.0,9.52,9.52,1699.0,400.0,18.88,0.0,0.9525,0.9525,prepaid,0.381,0.0,0.0,0.0,0.0,0.0,378.834,"",'133117724204458245301,2026-06-05,11158110119,c84f388a-1b2e-4496-b069-ba945e20a1ee,"",Forward,100103380821,100103380821,11504,380.96,5.0,1205.0,0.0,1205.0,packet_delivered,0.0,0.0,0.0,0.0,0.0,0.0,0.0,0.0,NA,0,493.99999999999994
NFT-/XUTR/DEUTH026156A03QEX,29.48,0.0,0.0,1599.0,619.0,160.692,2.948,0.0,0.0,prepaid,0.59,0.0,0.0,27.0,0.0,31.86,422.91,"",'133091580775048209101,2026-06-05,11152991326,055cf635-1baa-4e06-9b00-5c58d0688bf5,"",Forward,100098262035,1000028993462,11504,589.52,5.0,886.0,0.0,886.0,packet_delivered,0.0,0.0,0.0,0.0,0.0,0.0,0.0,0.0,NA,0,713.0
NFT-/XUTR/DEUTH026156A03QEX,426.05,0.0,0.0,2999.0,2793.0,659.148,11.835,0.0,0.0,prepaid,2.367,0.0,0.0,61.0,0.0,71.98,2047.67,"",'133089483509726499203,2026-06-05,11152280688,51e1d188-bf40-4f66-86d7-21899b1d36d8,"",Forward,100097551399,100097551399,11504,2366.95,18.0,0.0,0.0,0.0,packet_delivered,0.0,0.0,0.0,0.0,0.0,0.0,0.0,0.0,NA,0,2999.0
NFT-/XUTR/DEUTH026156A03QEX,27.0,0.0,0.0,1699.0,567.0,147.193,2.7,0.0,0.0,prepaid,0.54,182.0,0.0,0.0,0.0,214.76,-631.327,"",'133089030249897352403,2026-06-05,11152134690,2e5c0779-6a8f-47fd-a80a-9150b58df091,100163828317,Reverse,100097405401,1000028796768,11504,540,5.0,1038.0,0.0,1038.0,return_refund,0.0,0.0,0.0,0.0,0.0,0.0,0.0,0.0,NA,0,661.0
NFT-/XUTR/DEUTH026156A03QEX,85.14,0.0,0.0,2999.0,1788.0,443.066,8.514,0.0,0.0,prepaid,1.703,182.0,0.0,0.0,0.0,214.76,-1549.477,"",'133090036938125250801,2026-06-05,11152453387,9019a79e-f0a0-4a07-9b8a-b654d64317ba,11152453387,Reverse,100097724097,100097724097,11504,1702.86,5.0,1005.0,0.0,1005.0,exchange,0.0,0.0,0.0,0.0,0.0,0.0,0.0,0.0,NA,0,1994.0
NFT-/XUTR/DEUTH026156A03QEX,414.76,0.0,0.0,4399.0,2719.0,641.684,11.521,0.0,0.0,prepaid,2.304,182.0,0.0,0.0,0.0,214.76,-2278.251,"",'133091836813005095003,2026-06-05,11153111661,45285ef7-0059-41ef-8b81-025a3f538eb5,100165034406,Reverse,100098382370,100098382370,11504,2304.24,18.0,1474.0,0.0,1474.0,return_refund,0.0,0.0,0.0,0.0,0.0,0.0,0.0,0.0,NA,0,2925.0
NFT-/XUTR/DEUTH026156A03QEX,68.0,0.0,0.0,1599.0,1428.0,337.008,6.8,0.0,0.0,prepaid,1.36,182.0,0.0,0.0,0.0,214.76,-1297.592,"",'133099108155009944801,2026-06-05,11154282899,3ce8139c-8c11-4b92-b6ba-dcc60d250c51,100164186227,Reverse,100099553607,100099553607,11504,1360,5.0,0.0,0.0,0.0,return_refund,0.0,0.0,0.0,0.0,0.0,0.0,0.0,0.0,NA,0,1599.0
NFT-/XUTR/DEUTH026156A03QEX,85.81,0.0,0.0,4499.0,1802.0,446.536,8.581,0.0,0.0,prepaid,1.716,182.0,0.0,0.0,0.0,214.76,-1559.927,"",'133091675830711988703,2026-06-05,11153034835,1c19768b-8c55-4c59-80a2-546e332ec5a9,100164325470,Reverse,100098305544,100098305544,11504,1716.19,5.0,2491.0,0.0,2491.0,return_refund,0.0,0.0,0.0,0.0,0.0,0.0,0.0,0.0,NA,0,2008.0
NFT-/XUTR/DEUTH026156A03QEX,38.33,0.0,0.0,1799.0,805.0,208.978,3.833,0.0,0.0,prepaid,0.767,0.0,0.0,27.0,0.0,31.86,559.562,"",'133089922873535841703,2026-06-05,11152418191,2f66a322-ba0a-4155-83ac-c60eb94b234a,"",Forward,100097688901,100097688901,11504,766.67,5.0,900.0,0.0,900.0,packet_delivered,0.0,0.0,0.0,0.0,0.0,0.0,0.0,0.0,NA,0,899.0
NFT-/XUTR/DEUTH026156A03QEX,61.95,0.0,0.0,2899.0,1301.0,322.388,6.195,0.0,0.0,prepaid,1.239,182.0,0.0,0.0,0.0,214.76,-1185.938,"",'133092414773416931003,2026-06-05,11153311418,433dc284-dd41-40c5-9dc9-4464ab4ff057,100164097976,Reverse,100098582127,1000029320274,11504,1239.05,5.0,1427.0,0.0,1427.0,return_refund,0.0,0.0,0.0,0.0,0.0,0.0,0.0,0.0,NA,0,1472.0
NFT-/XUTR/DEUTH026156A03QEX,123.48,0.0,0.0,3999.0,2593.0,611.948,12.348,0.0,0.0,prepaid,2.47,127.0,0.0,0.0,0.0,149.86,-2116.094,"",'133091806409516765703,2026-06-05,11153097520,288d4db4-ff76-4414-932b-c71842002e32,100164538042,Reverse,100098368229,100098368229,11504,2469.52,5.0,1200.0,0.0,1200.0,return_refund,0.0,0.0,0.0,0.0,0.0,0.0,0.0,0.0,NA,0,2799.0
NFT-/XUTR/DEUTH026156A03QEX,97.81,0.0,0.0,3399.0,2054.0,484.744,9.781,0.0,0.0,prepaid,1.956,106.0,0.0,0.0,0.0,125.08,-1682.599,"",'133116405542665550903,2026-06-05,11157753563,1443c4fb-ef04-40dc-a412-47bfd596ee65,100163847961,Reverse,100103024266,1000030860809,11504,1956.19,5.0,1139.0,0.0,1139.0,return_refund,0.0,0.0,0.0,0.0,0.0,0.0,0.0,0.0,NA,0,2260.0
NFT-/XUTR/DEUTH026156A03QEX,39.05,0.0,0.0,1799.0,820.0,212.872,3.905,0.0,0.0,prepaid,0.781,182.0,0.0,0.0,0.0,214.76,-817.202,"",'133104620634702545403,2026-06-05,11155084947,ff466725-1e87-4260-8109-91cf04efb611,11155084947,Reverse,100100355654,100100355654,11504,780.95,5.0,885.0,0.0,885.0,exchange,0.0,0.0,0.0,0.0,0.0,0.0,0.0,0.0,NA,0,914.0
NFT-/XUTR/DEUTH026156A03QEX,34.71,0.0,0.0,2999.0,729.0,34.40899999999999,3.471,0.0,0.0,prepaid,0.694,127.0,0.0,0.0,0.0,149.86,-840.286,"",'133112506416806132301,2026-06-05,11156558482,8155b7bc-46a6-4bef-9ab7-1051a0dcd075,100164211852,Reverse,100101829186,1000030228991,11504,694.29,5.0,2176.0,0.0,2176.0,return_refund,0.0,0.0,0.0,0.0,0.0,0.0,0.0,0.0,NA,0,823.0
NFT-/XUTR/DEUTH026156A03QEX,19.05,0.0,0.0,1499.0,400.0,18.88,1.905,0.0,0.0,prepaid,0.381,0.0,0.0,0.0,0.0,0.0,378.834,"",'133091580775048209101,2026-06-05,11152991323,055cf635-1baa-4e06-9b00-5c58d0688bf5,"",Forward,100098262033,1000028993462,11504,380.95,5.0,1005.0,0.0,1005.0,packet_delivered,0.0,0.0,0.0,0.0,0.0,0.0,0.0,0.0,NA,0,494.0
NFT-/XUTR/DEUTH026156A03QEX,30.67,0.0,0.0,1699.0,644.0,167.182,3.067,0.0,0.0,prepaid,0.613,0.0,0.0,27.0,0.0,31.86,441.278,"",'133112366838645606201,2026-06-05,11156538199,4b336a94-d167-4a07-9561-1ce921c9016e,"",Forward,100101808903,100101808903,11504,613.33,5.0,961.0,0.0,961.0,packet_delivered,0.0,0.0,0.0,0.0,0.0,0.0,0.0,0.0,NA,0,738.0
NFT-/XUTR/DEUTH026156A03QEX,34.19,0.0,0.0,2899.0,718.0,33.89,3.419,0.0,0.0,prepaid,0.684,0.0,0.0,27.0,0.0,31.86,648.147,"",'133094350389745039701,2026-06-05,11153412640,4bb5e4e6-82e0-410d-85c4-114d418cc255,"",Forward,100098683349,1000029318202,11504,683.81,5.0,2087.0,0.0,2087.0,packet_delivered,0.0,0.0,0.0,0.0,0.0,0.0,0.0,0.0,NA,0,812.0
NFT-/XUTR/DEUTH026156A03QEX,63.19,0.0,0.0,2999.0,1327.0,328.831,6.319,0.0,0.0,prepaid,1.264,0.0,0.0,45.0,0.0,53.1,937.486,"",'133108954935471698803,2026-06-05,11156156030,627fef9c-b270-4399-a049-1cee3674b26c,"",Forward,100101426735,100101426735,11504,1263.81,5.0,1501.0,0.0,1501.0,packet_delivered,0.0,0.0,0.0,0.0,0.0,0.0,0.0,0.0,NA,0,1498.0
NFT-/XUTR/DEUTH026156A03QEX,59.71,0.0,0.0,2999.0,1254.0,310.741,5.971,0.0,0.0,prepaid,1.194,0.0,0.0,45.0,0.0,53.1,882.994,"",'133107566404099889901,2026-06-05,11155800013,b4fcfbb1-0d89-49c9-b1d4-b232ce5e34fa,"",Forward,100101070719,1000030237773,11504,1194.29,5.0,1574.0,0.0,1574.0,packet_delivered,0.0,0.0,0.0,0.0,0.0,0.0,0.0,0.0,NA,0,1425.0
NFT-/XUTR/DEUTH026156A03QEX,36.0,0.0,0.0,1699.0,756.0,196.258,3.6,0.0,0.0,prepaid,0.72,0.0,0.0,27.0,0.0,31.86,523.562,"",'133116872158788518901,2026-06-05,11157868885,9ce403d3-6bbd-497b-a158-d292189bd48b,"",Forward,100103139588,100103139588,11504,720,5.0,849.0,0.0,849.0,packet_delivered,0.0,0.0,0.0,0.0,0.0,0.0,0.0,0.0,NA,0,850.0
NFT-/XUTR/DEUTH026156A03QEX,44.67,0.0,0.0,2999.0,938.0,243.505,4.467,0.0,0.0,prepaid,0.893,0.0,0.0,27.0,0.0,31.86,657.275,"",'133089893639521092503,2026-06-05,11152408875,060aeddc-2143-4259-85da-876b0efaa6f4,"",Forward,100097679585,1000029302958,11504,893.33,5.0,1890.0,0.0,1890.0,packet_delivered,0.0,0.0,0.0,0.0,0.0,0.0,0.0,0.0,NA,0,1109.0
NFT-/XUTR/DEUTH026156A03QEX,42.43,0.0,0.0,3399.0,891.0,231.304,4.243,0.0,0.0,prepaid,0.849,0.0,0.0,27.0,0.0,31.86,622.744,"",'133090494296751838901,2026-06-05,11152594746,dd9c7d91-da23-4048-9ee0-983480c15667,"",Forward,100097865456,100097865456,11504,848.57,5.0,2414.0,0.0,2414.0,packet_delivered,0.0,0.0,0.0,0.0,0.0,0.0,0.0,0.0,NA,0,985.0
NFT-/XUTR/DEUTH026156A03QEX,94.91,0.0,0.0,2199.0,1993.0000000000002,470.348,9.49,0.0,0.0,prepaid,1.898,182.0,0.0,0.0,0.0,214.76,-1726.024,"",'133090189484920724301,2026-06-05,11152500029,60d5259d-b336-4a96-afdb-d9069c72db21,100164405599,Reverse,100097770739,100097770739,11504,1898.1,5.0,0.0,0.0,0.0,return_refund,0.0,0.0,0.0,0.0,0.0,0.0,0.0,0.0,NA,0,2199.01
NFT-/XUTR/DEUTH026156A03QEX,90.14,0.0,0.0,2999.0,1893.0,469.085,9.014,0.0,0.0,prepaid,1.803,0.0,0.0,45.0,0.0,53.1,1359.998,"",'133089595438856187001,2026-06-05,11152314973,e74f13e4-60d8-49fb-aac1-7091a964e084,"",Forward,100097585684,100097585684,11504,1802.86,5.0,900.0,0.0,900.0,packet_delivered,0.0,0.0,0.0,0.0,0.0,0.0,0.0,0.0,NA,0,2099.0
NFT-/XUTR/DEUTH026156A03QEX,114.0,0.0,0.0,2600.0,2394.0,564.984,11.4,0.0,0.0,prepaid,2.28,0.0,0.0,61.0,0.0,71.98,1743.356,"",'133096184675562964903,2026-06-05,11153653390,69944979-fe63-48b6-b557-cb2ff77d9992,"",Forward,100098924099,100098924099,11504,2280,5.0,0.0,0.0,0.0,packet_delivered,0.0,0.0,0.0,0.0,0.0,0.0,0.0,0.0,NA,0,2600.0
NFT-/XUTR/DEUTH026156A03QEX,100.95,0.0,0.0,3499.0,2120.0,500.31999999999994,10.095,0.0,0.0,prepaid,2.019,182.0,0.0,0.0,0.0,214.76,-1822.326,"",'133099228337944418101,2026-06-05,11154307603,d345531b-435d-435b-9adb-fd000d5697d9,100167427420,Reverse,100099578311,100099578311,11504,2019.05,5.0,1173.0,0.0,1173.0,return_refund,0.0,0.0,0.0,0.0,0.0,0.0,0.0,0.0,NA,0,2326.0
NFT-/XUTR/DEUTH026156A03QEX,20.95,0.0,0.0,1850.0,440.0,20.768,2.095,0.0,0.0,prepaid,0.419,0.0,0.0,17.0,0.0,20.06,396.658,"",'133090492451969437203,2026-06-05,11152594145,b97f8ec8-2d14-4bfa-99ad-e60299ce4d34,"",Forward,100097864855,1000028904477,11504,419.05,5.0,1351.0,0.0,1351.0,packet_delivered,0.0,0.0,0.0,0.0,0.0,0.0,0.0,0.0,NA,0,499.0
NFT-/XUTR/DEUTH026156A03QEX,41.57,0.0,0.0,2199.0,873.0,226.631,4.157,0.0,0.0,prepaid,0.831,182.0,0.0,0.0,0.0,214.76,-856.141,"",'133089983760810597701,2026-06-05,11152437172,677fd433-bc84-4c00-a7b8-e0ad91b4fb98,100164207861,Reverse,100097707882,1000029306749,11504,831.43,5.0,1155.0,0.0,1155.0,return_refund,0.0,0.0,0.0,0.0,0.0,0.0,0.0,0.0,NA,0,1044.0
NFT-/XUTR/DEUTH026156A03QEX,70.38,0.0,0.0,3299.0,1478.0,366.248,7.038,0.0,0.0,prepaid,1.408,0.0,0.0,45.0,0.0,53.1,1050.206,"",'133089185007608261203,2026-06-05,11152185410,9bc0e5a5-f081-49e4-849c-8ec2bd7d32ce,"",Forward,100097456120,1000029307556,11504,1407.62,5.0,1650.0,0.0,1650.0,packet_delivered,0.0,0.0,0.0,0.0,0.0,0.0,0.0,0.0,NA,0,1649.0
NFT-/XUTR/DEUTH026156A03QEX,18.48,0.0,0.0,1599.0,388.0,18.314,1.848,0.0,0.0,prepaid,0.37,0.0,0.0,0.0,0.0,0.0,367.468,"",'133086173742311845001,2026-06-05,11151341717,f57a9055-fdc2-4252-b241-2079cb4a33fe,"",Forward,100096612432,1000028564183,11504,369.52,5.0,1152.0,0.0,1152.0,packet_delivered,0.0,0.0,0.0,0.0,0.0,0.0,0.0,0.0,NA,0,447.0
NFT-/XUTR/DEUTH026156A03QEX,0.0,30.98,30.98,2899.0,1301.0,322.388,0.0,3.0975,3.0975,prepaid,1.239,0.0,0.0,45.0,0.0,53.1,918.078,"",'133117645382976750501,2026-06-05,11158085788,45d02bae-538e-4ef9-9087-153ba5c8384d,"",Forward,100103356490,100103356490,11504,1239.04,5.0,1427.0,0.0,1427.0,packet_delivered,0.0,0.0,0.0,0.0,0.0,0.0,0.0,0.0,NA,0,1472.0
NFT-/XUTR/DEUTH026156A03QEX,61.95,0.0,0.0,2899.0,1301.0,322.388,6.195,0.0,0.0,prepaid,1.239,0.0,0.0,45.0,0.0,53.1,918.078,"",'133092414773416931003,2026-06-05,11153311418,433dc284-dd41-40c5-9dc9-4464ab4ff057,"",Forward,100098582127,1000029320274,11504,1239.05,5.0,1427.0,0.0,1427.0,packet_delivered,0.0,0.0,0.0,0.0,0.0,0.0,0.0,0.0,NA,0,1472.0
NFT-/XUTR/DEUTH026156A03QEX,27.29,0.0,0.0,1850.0,573.0,148.751,2.729,0.0,0.0,prepaid,0.546,182.0,0.0,0.0,0.0,214.76,-635.734,"",'133090863159623872901,2026-06-05,11152714821,1a72161a-5c39-4022-a8b9-e04abcc0fae1,100165014035,Reverse,100097985531,1000028923271,11504,545.71,5.0,1183.0,0.0,1183.0,return_refund,0.0,0.0,0.0,0.0,0.0,0.0,0.0,0.0,NA,0,667.0
NFT-/XUTR/DEUTH026156A03QEX,33.52,0.0,0.0,1699.0,704.0,182.758,3.352,0.0,0.0,prepaid,0.67,0.0,0.0,27.0,0.0,31.86,485.36,"",'133091127093349242801,2026-06-05,11152810499,16051d31-fab7-49e6-b680-d236a46d5b3e,"",Forward,100098081209,100098081209,11504,670.48,5.0,901.0,0.0,901.0,packet_delivered,0.0,0.0,0.0,0.0,0.0,0.0,0.0,0.0,NA,0,798.0
NFT-/XUTR/DEUTH026156A03QEX,52.57,0.0,0.0,2899.0,1104.0,273.571,5.257,0.0,0.0,prepaid,1.051,127.0,0.0,0.0,0.0,149.86,-973.981,"",'133113465046035055001,2026-06-05,11156750094,173bf06a-10a8-42f5-8bd2-a4f2f62c6959,100164184941,Reverse,100102020797,100102020797,11504,1051.43,5.0,1624.0,0.0,1624.0,return_refund,0.0,0.0,0.0,0.0,0.0,0.0,0.0,0.0,NA,0,1275.0
NFT-/XUTR/DEUTH026156A03QEX,403.02,0.0,0.0,2999.0,2642.0,623.512,11.195,0.0,0.0,prepaid,2.239,0.0,0.0,61.0,0.0,71.98,1933.074,"",'133101668202183635301,2026-06-05,11154815484,03a56bde-b8f1-4213-8b88-4e6511584459,"",Forward,100100086191,100100086191,11504,2238.98,18.0,151.0,0.0,151.0,packet_delivered,0.0,0.0,0.0,0.0,0.0,0.0,0.0,0.0,NA,0,2848.0
NFT-/XUTR/DEUTH026156A03QEX,20.14,0.0,0.0,1799.0,423.0,19.966,2.014,0.0,0.0,prepaid,0.403,127.0,0.0,0.0,0.0,149.86,-550.477,"",'133101541957274123301,2026-06-05,11154807761,a957c9f8-3ecf-4b9d-bc5d-5542d722fb48,100164375150,Reverse,100100078468,100100078468,11504,402.86,5.0,1317.0,0.0,1317.0,return_refund,0.0,0.0,0.0,0.0,0.0,0.0,0.0,0.0,NA,0,482.0
NFT-/XUTR/DEUTH026156A03QEX,49.62,0.0,0.0,3099.0,1042.0,258.208,4.962,0.0,0.0,prepaid,0.992,0.0,0.0,45.0,0.0,53.1,724.738,"",'133112506416806132301,2026-06-05,11156558479,8155b7bc-46a6-4bef-9ab7-1051a0dcd075,"",Forward,100101829183,1000030228991,11504,992.38,5.0,1886.0,0.0,1886.0,packet_delivered,0.0,0.0,0.0,0.0,0.0,0.0,0.0,0.0,NA,0,1213.0
NFT-/XUTR/DEUTH026156A03QEX,29.48,0.0,0.0,1599.0,619.0,160.692,2.948,0.0,0.0,prepaid,0.59,182.0,0.0,0.0,0.0,214.76,-669.53,"",'133091580775048209101,2026-06-05,11152991326,055cf635-1baa-4e06-9b00-5c58d0688bf5,11152991326,Reverse,100098262035,1000028993462,11504,589.52,5.0,886.0,0.0,886.0,exchange,0.0,0.0,0.0,0.0,0.0,0.0,0.0,0.0,NA,0,713.0
NFT-/XUTR/DEUTH026156A03QEX,32.71,0.0,0.0,2999.0,687.0,32.426,3.271,0.0,0.0,prepaid,0.654,0.0,0.0,27.0,3.091,35.50738,615.142,"",'133094170476785996403,2026-06-05,11153407346,1030a529-78d0-40d9-b9ca-ebc993be8ff3,"",Forward,100098678055,100098678055,11504,654.29,5.0,2218.0,0.0,2218.0,packet_delivered,0.0,0.0,0.0,0.0,0.0,0.0,0.0,0.0,NA,0,781.0
NFT-/XUTR/DEUTH026156A03QEX,46.71,0.0,0.0,3099.0,981.0,254.66800000000003,4.671,0.0,0.0,prepaid,0.934,182.0,0.0,0.0,0.0,214.76,-935.487,"",'133095320082354544203,2026-06-05,11153498612,52ea4664-00fd-4938-8998-56d14213e801,100163639273,Reverse,100098769321,1000029319704,11504,934.29,5.0,1947.0,0.0,1947.0,return_refund,0.0,0.0,0.0,0.0,0.0,0.0,0.0,0.0,NA,0,1152.0
NFT-/XUTR/DEUTH026156A03QEX,34.71,0.0,0.0,2999.0,729.0,34.40899999999999,3.471,0.0,0.0,prepaid,0.694,0.0,0.0,27.0,0.0,31.86,658.566,"",'133112506416806132301,2026-06-05,11156558482,8155b7bc-46a6-4bef-9ab7-1051a0dcd075,"",Forward,100101829186,1000030228991,11504,694.29,5.0,2176.0,0.0,2176.0,packet_delivered,0.0,0.0,0.0,0.0,0.0,0.0,0.0,0.0,NA,0,823.0
NFT-/XUTR/DEUTH026156A03QEX,19.05,0.0,0.0,1799.0,400.0,18.88,1.905,0.0,0.0,prepaid,0.381,0.0,0.0,0.0,4.04,4.7672,374.067,"",'133108090147402841703,2026-06-05,11155922924,c467a3ea-5559-464c-9be4-30993a269d34,"",Forward,100101193630,100101193630,11504,380.95,5.0,1305.0,0.0,1305.0,packet_delivered,0.0,0.0,0.0,0.0,0.0,0.0,0.0,0.0,NA,0,494.0
NFT-/XUTR/DEUTH026156A03QEX,48.71,0.0,0.0,3399.0,1023.0,253.499,4.871,0.0,0.0,prepaid,0.974,0.0,0.0,45.0,0.0,53.1,710.556,"",'133089355255897861503,2026-06-05,11152239666,f4429ffa-43a9-41ee-ba0a-55a6ab97a3b7,"",Forward,100097510377,100097510377,11504,974.29,5.0,2205.0,0.0,2205.0,packet_delivered,0.0,0.0,0.0,0.0,0.0,0.0,0.0,0.0,NA,0,1194.0
NFT-/XUTR/DEUTH026156A03QEX,36.0,0.0,0.0,2299.0,756.0,196.258,3.6,0.0,0.0,prepaid,0.72,0.0,0.0,27.0,0.0,31.86,523.562,"",'133090068323426520501,2026-06-05,11152463006,24d9c330-9123-44e7-b78c-82bb8f8cb53a,"",Forward,100097733716,100097733716,11504,720,5.0,1449.0,0.0,1449.0,packet_delivered,0.0,0.0,0.0,0.0,0.0,0.0,0.0,0.0,NA,0,850.0
NFT-/XUTR/DEUTH026156A03QEX,63.29,0.0,0.0,2999.0,1329.0,329.326,6.329,0.0,0.0,prepaid,1.266,0.0,0.0,45.0,0.0,53.1,938.979,"",'133105245175663289103,2026-06-05,11155238146,e3d17e6b-7d3a-4193-ba4d-630fd00ede42,"",Forward,100100508853,1000029784459,11504,1265.71,5.0,1499.0,0.0,1499.0,packet_delivered,0.0,0.0,0.0,0.0,0.0,0.0,0.0,0.0,NA,0,1500.0
NFT-/XUTR/DEUTH026156A03QEX,45.95,0.0,0.0,1599.0,965.0,250.514,4.595,0.0,0.0,prepaid,0.919,0.0,0.0,27.0,0.0,31.86,677.112,"",'133115617421578463203,2026-06-05,11157569507,e872b622-6010-4383-9ee2-a54cf4e3a5c6,"",Forward,100102840210,100102840210,11504,919.05,5.0,463.0,0.0,463.0,packet_delivered,0.0,0.0,0.0,0.0,0.0,0.0,0.0,0.0,NA,0,1136.0
NFT-/XUTR/DEUTH026156A03QEX,29.05,0.0,0.0,1499.0,610.0,158.356,2.905,0.0,0.0,prepaid,0.581,182.0,0.0,0.0,0.0,214.76,-662.918,"",'133092042474619378303,2026-06-05,11153209859,9e6ea7d0-8cda-4e8c-9549-7c2dcd4b7d16,100165106138,Reverse,100098480568,100098480568,11504,580.95,5.0,795.0,0.0,795.0,return_refund,0.0,0.0,0.0,0.0,0.0,0.0,0.0,0.0,NA,0,704.0
NFT-/XUTR/DEUTH026156A03QEX,36.0,0.0,0.0,2299.0,756.0,196.258,3.6,0.0,0.0,prepaid,0.72,182.0,0.0,0.0,0.0,214.76,-770.182,"",'133092062737630160901,2026-06-05,11153220540,af930f89-17d5-471e-af3f-f2a8cbc951bc,100163990059,Reverse,100098491249,100098491249,11504,720,5.0,1449.0,0.0,1449.0,return_refund,0.0,0.0,0.0,0.0,0.0,0.0,0.0,0.0,NA,0,850.0
NFT-/XUTR/DEUTH026156A03QEX,64.38,0.0,0.0,2999.0,1352.0,335.026,6.438,0.0,0.0,prepaid,1.288,182.0,0.0,0.0,0.0,214.76,-1224.008,"",'133105245175663289103,2026-06-05,11155238148,e3d17e6b-7d3a-4193-ba4d-630fd00ede42,100164709411,Reverse,100100508855,1000029784459,11504,1287.62,5.0,1476.0,0.0,1476.0,return_refund,0.0,0.0,0.0,0.0,0.0,0.0,0.0,0.0,NA,0,1523.0
NFT-/XUTR/DEUTH026156A03QEX,0.0,29.86,29.86,2999.0,646.24,160.138,0.0,1.5385,1.5385,prepaid,0.615,0.0,0.0,23.19,0.0,27.3642,455.046,"",'133109091501714956103,2026-06-05,11156197545,a3dbcf64-df80-4559-a943-1ab36fdd7ce1,"",Forward,100101468250,100101468250,11504,1194.28,5.0,1574.0,0.0,1574.0,packet_delivered,0.0,0.0,0.0,0.0,0.0,0.0,0.0,0.0,NA,0,1424.9999999999998
NFT-/XUTR/DEUTH026156A03QEX,77.52,0.0,0.0,1799.0,22.919999999999998,5.409,0.109,0.0,0.0,prepaid,0.022,2.562,0.0,0.0,0.0,3.02316,-20.403,"",'133088777039234440503,2026-06-05,11152051600,7411890e-a597-4d1c-8df4-61c9d2439da2,100163679774,Reverse,100097322311,100097322311,11504,1550.48,5.0,0.0,0.0,0.0,return_refund,0.0,0.0,0.0,0.0,0.0,0.0,0.0,0.0,NA,0,1799.0
NFT-/XUTR/DEUTH026156A03QEX,21.62,0.0,0.0,1650.0,454.0,21.429,2.162,0.0,0.0,prepaid,0.432,0.0,0.0,27.0,0.0,31.86,398.117,"",'133086173742311845001,2026-06-05,11151341718,f57a9055-fdc2-4252-b241-2079cb4a33fe,"",Forward,100096612433,1000028564183,11504,432.38,5.0,1102.0,0.0,1102.0,packet_delivered,0.0,0.0,0.0,0.0,0.0,0.0,0.0,0.0,NA,0,548.0
NFT-/XUTR/DEUTH026156A03QEX,100.95,0.0,0.0,3499.0,2120.0,500.31999999999994,10.095,0.0,0.0,prepaid,2.019,0.0,0.0,61.0,0.0,71.98,1535.586,"",'133099228337944418101,2026-06-05,11154307603,d345531b-435d-435b-9adb-fd000d5697d9,"",Forward,100099578311,100099578311,11504,2019.05,5.0,1173.0,0.0,1173.0,packet_delivered,0.0,0.0,0.0,0.0,0.0,0.0,0.0,0.0,NA,0,2326.0
NFT-/XUTR/DEUTH026156A03QEX,58.1,0.0,0.0,2999.0,1220.0,302.316,5.81,0.0,0.0,prepaid,1.162,182.0,0.0,0.0,0.0,214.76,-1125.472,"",'133092414773416931003,2026-06-05,11153311430,433dc284-dd41-40c5-9dc9-4464ab4ff057,11153311430,Reverse,100098582139,1000029320274,11504,1161.9,5.0,1608.0,0.0,1608.0,exchange,0.0,0.0,0.0,0.0,0.0,0.0,0.0,0.0,NA,0,1391.0
NFT-/XUTR/DEUTH026156A03QEX,40.05,0.0,0.0,1990.0,841.0,218.324,4.005,0.0,0.0,prepaid,0.801,0.0,0.0,27.0,0.0,31.86,586.01,"",'133078265290604461301,2026-06-05,11149529000,ddd8da64-68aa-46d2-8bbe-1a613fa87b48,"",Forward,100094799722,100094799722,11504,800.95,5.0,1055.0,0.0,1055.0,packet_delivered,0.0,0.0,0.0,0.0,0.0,0.0,0.0,0.0,NA,0,935.0
NFT-/XUTR/DEUTH026156A03QEX,19.05,0.0,0.0,1499.0,400.0,18.88,1.905,0.0,0.0,prepaid,0.381,182.0,0.0,0.0,0.0,214.76,-593.594,"",'133091580775048209101,2026-06-05,11152991323,055cf635-1baa-4e06-9b00-5c58d0688bf5,11152991323,Reverse,100098262033,1000028993462,11504,380.95,5.0,1005.0,0.0,1005.0,exchange,0.0,0.0,0.0,0.0,0.0,0.0,0.0,0.0,NA,0,494.0
NFT-/XUTR/DEUTH026156A03QEX,19.1,0.0,0.0,1599.0,401.0,18.927,1.91,0.0,0.0,prepaid,0.382,0.0,0.0,15.0,0.0,17.7,362.081,"",'133090492451969437203,2026-06-05,11152594144,b97f8ec8-2d14-4bfa-99ad-e60299ce4d34,"",Forward,100097864854,1000028904477,11504,381.9,5.0,1104.0,0.0,1104.0,packet_delivered,0.0,0.0,0.0,0.0,0.0,0.0,0.0,0.0,NA,0,495.0
NFT-/XUTR/DEUTH026156A03QEX,38.33,0.0,0.0,1799.0,805.0,208.978,3.833,0.0,0.0,prepaid,0.767,0.0,0.0,27.0,0.0,31.86,559.562,"",'133118021397521362901,2026-06-05,11158196396,12c8434f-4f42-4f30-ae96-740de9e19cc8,"",Forward,100103467098,100103467098,11504,766.67,5.0,900.0,0.0,900.0,packet_delivered,0.0,0.0,0.0,0.0,0.0,0.0,0.0,0.0,NA,0,899.0
NFT-/XUTR/DEUTH026156A03QEX,87.05,0.0,0.0,1999.0,1828.0,431.408,8.705,0.0,0.0,prepaid,1.741,0.0,0.0,45.0,0.0,53.1,1333.046,"",'133091201093293023601,2026-06-05,11152837707,0028f23f-a76f-4303-badd-7b4e8615bad3,"",Forward,100098108417,1000029315941,11504,1740.95,5.0,0.0,0.0,0.0,packet_delivered,0.0,0.0,0.0,0.0,0.0,0.0,0.0,0.0,NA,0,1999.0
NFT-/XUTR/DEUTH026156A03QEX,32.71,0.0,0.0,2999.0,687.0,32.426,3.271,0.0,0.0,prepaid,0.654,182.0,0.0,0.0,0.0,214.76,-865.409,"",'133096581044518430203,2026-06-05,11153744025,c6ea49d6-0889-43a1-a141-1763eca518cb,11153744025,Reverse,100099014733,100099014733,11504,654.29,5.0,2218.0,0.0,2218.0,exchange,0.0,0.0,0.0,0.0,0.0,0.0,0.0,0.0,NA,0,781.0
NFT-/XUTR/DEUTH026156A03QEX,58.43,0.0,0.0,2799.0,1227.0,304.051,5.843,0.0,0.0,prepaid,1.169,0.0,0.0,45.0,0.0,53.1,862.837,"",'133092414773416931003,2026-06-05,11153311417,433dc284-dd41-40c5-9dc9-4464ab4ff057,"",Forward,100098582126,1000029320274,11504,1168.57,5.0,1401.0,0.0,1401.0,packet_delivered,0.0,0.0,0.0,0.0,0.0,0.0,0.0,0.0,NA,0,1398.0
NFT-/XUTR/DEUTH026156A03QEX,0.0,235.91,235.91,3299.0,3093.0,729.948,0.0,6.553,6.553,prepaid,2.621,106.0,0.0,0.0,0.0,125.08,-2472.405,"",'133117801451783483401,2026-06-05,11158133499,d2b663e5-02b9-459a-9132-ad4cbad81d43,100163810748,Reverse,100103404201,100103404201,11504,2621.18,18.0,0.0,0.0,0.0,return_refund,0.0,0.0,0.0,0.0,0.0,0.0,0.0,0.0,NA,0,3298.9999999999995
NFT-/XUTR/DEUTH026156A03QEX,90.14,0.0,0.0,2999.0,1893.0,469.085,9.014,0.0,0.0,prepaid,1.803,0.0,0.0,45.0,0.0,53.1,1359.998,"",'133089591753640915701,2026-06-05,11152313886,5766b4e0-35d2-4b4b-b4a5-217b78f6abb2,"",Forward,100097584597,100097584597,11504,1802.86,5.0,900.0,0.0,900.0,packet_delivered,0.0,0.0,0.0,0.0,0.0,0.0,0.0,0.0,NA,0,2099.0
NFT-/XUTR/DEUTH026156A03QEX,34.19,0.0,0.0,2899.0,718.0,33.89,3.419,0.0,0.0,prepaid,0.684,182.0,0.0,0.0,0.0,214.76,-894.767,"",'133094350389745039701,2026-06-05,11153412640,4bb5e4e6-82e0-410d-85c4-114d418cc255,100163815340,Reverse,100098683349,1000029318202,11504,683.81,5.0,2087.0,0.0,2087.0,return_refund,0.0,0.0,0.0,0.0,0.0,0.0,0.0,0.0,NA,0,812.0
NFT-/XUTR/DEUTH026156A03QEX,43.05,0.0,0.0,1999.0,904.0,234.678,4.305,0.0,0.0,prepaid,0.861,0.0,0.0,27.0,0.0,31.86,632.296,"",'133092191686103838003,2026-06-05,11153266481,b4785274-78f8-4ac0-adac-64bf7ad9422a,"",Forward,100098537190,100098537190,11504,860.95,5.0,1001.0,0.0,1001.0,packet_delivered,0.0,0.0,0.0,0.0,0.0,0.0,0.0,0.0,NA,0,998.0
NFT-/XUTR/DEUTH026156A03QEX,39.81,0.0,0.0,2799.0,836.0,217.026,3.981,0.0,0.0,prepaid,0.796,182.0,0.0,0.0,0.0,214.76,-828.957,"",'133074827157410946401,2026-06-05,11149159524,0cf45dad-aa4a-4b6f-84c6-26596f19f540,100166202889,Reverse,100094430247,100094430247,11504,796.19,5.0,1792.0,0.0,1792.0,return_refund,0.0,0.0,0.0,0.0,0.0,0.0,0.0,0.0,NA,0,1007.0
NFT-/XUTR/DEUTH026156A03QEX,0.0,33.21,33.21,3299.0,1395.0,345.681,0.0,3.3215,3.3215,prepaid,1.329,106.0,0.0,0.0,0.0,125.08,-1166.427,"",'133121185425814381303,2026-06-05,11159672473,dbd243aa-9fc6-4bc0-be19-47406b8e95b6,100164463633,Reverse,100104943175,100104943175,11504,1328.58,5.0,1733.0,0.0,1733.0,return_refund,0.0,0.0,0.0,0.0,0.0,0.0,0.0,0.0,NA,0,1566.0
NFT-/XUTR/DEUTH026156A03QEX,60.71,0.0,0.0,2999.0,1231.0,305.042,5.862,0.0,0.0,prepaid,1.172,0.0,0.0,43.447,0.0,51.26746,867.657,"",'133102929092541300401,2026-06-05,11154854437,530e8766-203e-4179-8dbe-4883e7a98649,"",Forward,100100125144,100100125144,11504,1214.29,5.0,1553.0,44.0,1597.0,packet_delivered,0.0,0.0,0.0,0.0,0.0,0.0,0.0,0.0,NA,0,1446.0
NFT-/XUTR/DEUTH026156A03QEX,90.14,0.0,0.0,2999.0,1893.0,469.085,9.014,0.0,0.0,prepaid,1.803,0.0,0.0,45.0,0.0,53.1,1359.998,"",'133094350389745039701,2026-06-05,11153412636,4bb5e4e6-82e0-410d-85c4-114d418cc255,"",Forward,100098683345,1000029318202,11504,1802.86,5.0,900.0,0.0,900.0,packet_delivered,0.0,0.0,0.0,0.0,0.0,0.0,0.0,0.0,NA,0,2099.0
NFT-/XUTR/DEUTH026156A03QEX,59.71,0.0,0.0,2999.0,1254.0,310.741,5.971,0.0,0.0,prepaid,1.194,106.0,0.0,0.0,0.0,125.08,-1061.174,"",'133122527277839446003,2026-06-05,11160125884,5301c8aa-ae07-45bb-8652-ea01a6daea9a,100164089178,Reverse,100105396585,100105396585,11504,1194.29,5.0,1574.0,0.0,1574.0,return_refund,0.0,0.0,0.0,0.0,0.0,0.0,0.0,0.0,NA,0,1425.0
NFT-/XUTR/DEUTH026156A03QEX,91.81,0.0,0.0,2999.0,1928.0,477.758,9.181,0.0,0.0,prepaid,1.836,0.0,0.0,45.0,0.0,53.1,1386.125,"",'133099860016409138401,2026-06-05,11154448043,9995b489-49c9-4d06-83f3-01e6fc17c0bb,"",Forward,100099718751,1000029779022,11504,1836.19,5.0,865.0,0.0,865.0,packet_delivered,0.0,0.0,0.0,0.0,0.0,0.0,0.0,0.0,NA,0,2134.0
NFT-/XUTR/DEUTH026156A03QEX,0.0,31.6,31.6,2999.0,1327.0,328.831,0.0,3.1595,3.1595,prepaid,1.264,0.0,0.0,45.0,0.0,53.1,937.486,"",'133106588269534084801,2026-06-05,11155577143,43d5b98b-281b-4a01-9bb7-de57d64d480f,"",Forward,100100847849,100100847849,11504,1263.8,5.0,1501.0,0.0,1501.0,packet_delivered,0.0,0.0,0.0,0.0,0.0,0.0,0.0,0.0,NA,0,1497.9999999999998
NFT-/XUTR/DEUTH026156A03QEX,0.0,19.45,19.45,2099.0,817.0,212.093,0.0,1.945,1.945,prepaid,0.778,0.0,0.0,27.0,0.0,31.86,568.379,"",'133117607176627735203,2026-06-05,11158074208,7f8bb29c-a69e-4491-8c5c-abffb2a22dc3,"",Forward,100103344910,1000030844660,11504,778.1,5.0,1188.0,0.0,1188.0,packet_delivered,0.0,0.0,0.0,0.0,0.0,0.0,0.0,0.0,NA,0,911.0000000000001
NFT-/XUTR/DEUTH026156A03QEX,85.81,0.0,0.0,4499.0,1802.0,446.536,8.581,0.0,0.0,prepaid,1.716,0.0,0.0,45.0,0.0,53.1,1292.067,"",'133091675830711988703,2026-06-05,11153034835,1c19768b-8c55-4c59-80a2-546e332ec5a9,"",Forward,100098305544,100098305544,11504,1716.19,5.0,2491.0,0.0,2491.0,packet_delivered,0.0,0.0,0.0,0.0,0.0,0.0,0.0,0.0,NA,0,2008.0
NFT-/XUTR/DEUTH026156A03QEX,17.48,0.0,0.0,1599.0,367.0,17.322,1.748,0.0,0.0,prepaid,0.35,0.0,0.0,0.0,0.0,0.0,347.58,"",'133096339039339635803,2026-06-05,11153687284,3a01cd03-3324-4f5d-bfbf-ec162bc43de1,"",Forward,100098957993,1000029273650,11504,349.52,5.0,1173.0,0.0,1173.0,packet_delivered,0.0,0.0,0.0,0.0,0.0,0.0,0.0,0.0,NA,0,426.0
NFT-/XUTR/DEUTH026156A03QEX,38.38,0.0,0.0,1799.0,806.0,209.238,3.838,0.0,0.0,prepaid,0.768,0.0,0.0,27.0,0.0,31.86,560.296,"",'133105254184463717101,2026-06-05,11155240426,6246b7b0-17d1-41d6-b684-e793f02a11b7,"",Forward,100100511133,100100511133,11504,767.62,5.0,899.0,0.0,899.0,packet_delivered,0.0,0.0,0.0,0.0,0.0,0.0,0.0,0.0,NA,0,900.0
NFT-/XUTR/DEUTH026156A03QEX,0.0,57.0,57.0,2600.0,2394.0,564.984,0.0,5.7,5.7,prepaid,2.28,0.0,0.0,61.0,0.0,71.98,1743.356,"",'133118275281709538701,2026-06-05,11158257613,a1df7e83-0095-4050-bdf1-0a398132677e,"",Forward,100103528315,100103528315,11504,2280,5.0,0.0,0.0,0.0,packet_delivered,0.0,0.0,0.0,0.0,0.0,0.0,0.0,0.0,NA,0,2600.0
NFT-/XUTR/DEUTH026156A03QEX,51.95,0.0,0.0,1899.0,1091.0,257.476,5.195,0.0,0.0,prepaid,1.039,0.0,0.0,45.0,0.0,53.1,774.19,"",'133090616368141111103,2026-06-05,11152633181,08ba8ecc-7572-4079-b4fc-199c69c52b2c,"",Forward,100097903890,100097903890,11504,1039.05,5.0,637.0,0.0,637.0,packet_delivered,0.0,0.0,0.0,0.0,0.0,0.0,0.0,0.0,NA,0,1262.0
NFT-/XUTR/DEUTH026156A03QEX,58.43,0.0,0.0,2899.0,1227.0,304.051,5.843,0.0,0.0,prepaid,1.169,0.0,0.0,45.0,0.0,53.1,862.837,"",'133094562243647517203,2026-06-05,11153422396,88cad17a-f7c9-40d3-9ace-e6f18f6bc1a9,"",Forward,100098693105,100098693105,11504,1168.57,5.0,1501.0,0.0,1501.0,packet_delivered,0.0,0.0,0.0,0.0,0.0,0.0,0.0,0.0,NA,0,1398.0
NFT-/XUTR/DEUTH026156A03QEX,68.0,0.0,0.0,1599.0,1428.0,337.008,6.8,0.0,0.0,prepaid,1.36,0.0,0.0,45.0,0.0,53.1,1029.732,"",'133099108155009944801,2026-06-05,11154282899,3ce8139c-8c11-4b92-b6ba-dcc60d250c51,"",Forward,100099553607,100099553607,11504,1360,5.0,0.0,0.0,0.0,packet_delivered,0.0,0.0,0.0,0.0,0.0,0.0,0.0,0.0,NA,0,1599.0
NFT-/XUTR/DEUTH026156A03QEX,19.05,0.0,0.0,1599.0,400.0,18.88,1.905,0.0,0.0,prepaid,0.381,0.0,0.0,0.0,0.0,0.0,378.834,"",'133095696980252335103,2026-06-05,11153558411,0e17a37e-fe73-4820-ace8-00b90ad5260f,"",Forward,100098829120,1000029209056,11504,380.95,5.0,1105.0,0.0,1105.0,packet_delivered,0.0,0.0,0.0,0.0,0.0,0.0,0.0,0.0,NA,0,494.0
NFT-/XUTR/DEUTH026156A03QEX,532.83,0.0,0.0,3699.0,3493.0,824.348,14.801,0.0,0.0,prepaid,2.96,106.0,0.0,0.0,0.0,125.08,-2775.971,"",'133114866872901325601,2026-06-05,11157391147,12ef887b-b4a9-4998-8165-ae22eefcb4a7,100163807753,Reverse,100102661850,1000030843493,11504,2960.17,18.0,0.0,0.0,0.0,return_refund,0.0,0.0,0.0,0.0,0.0,0.0,0.0,0.0,NA,0,3699.0
