NEFT_Ref,igst_amount,cgst_amount,sgst_amount,MRP,customer_paid_amt,Commission,IGST_TCS,CGST_TCS,SGST_TCS,Payment_Type,TDS,Shipping_Fee,pick_and_pack_fee,fixed_fee,Payment_Gateway_Fee,Logistics_Commission,Settled_Amount,NOD_Comment,Store_Order_id,Payment_Date,order_line_id,seller_order_id,return_id,Order_Type,order_release_id,Packet_Id,Seller_Id,taxable_amount,Tax_Rate,seller_discount,platform_discount,total_discount,comments,fwdAdditionalCharges,rvsAdditionalCharges,techEnablement,airLogistics,royaltyCharges,royaltyPercent,marketingCharges,marketingPercent,marketingContribution,commission_discount,sale_Total_Customer_Paid
NFT-/XUTR/DEUTH026124A0H7YX,35.95,0.0,0.0,1699.0,755.0,195.998,3.595,0.0,0.0,postpaid,0.719,0.0,0.0,27.0,0.0,31.86,522.828,"",'132757551176388334303,2026-05-04,11084732359,9a4c0974-fc3e-4822-affe-78a28cf90309,"",Forward,100030003416,1000008419315,11504,719.05,5.0,850.0,0.0,850.0,packet_delivered,0.0,0.0,0.0,0.0,0.0,0.0,0.0,0.0,NA,0,849.0
NFT-/XUTR/DEUTH026124A0H7YX,75.19,0.0,0.0,1750.0,1579.0,372.644,7.519,0.0,0.0,postpaid,1.504,0.0,0.0,45.0,0.0,53.1,1144.233,"",'132826966887529233703,2026-05-04,11100254394,74e2ce60-c605-402d-b4e6-f02b9db34d35,"",Forward,100045525427,100045525427,11504,1503.81,5.0,0.0,0.0,0.0,packet_delivered,0.0,0.0,0.0,0.0,0.0,0.0,0.0,0.0,NA,0,1750.0
NFT-/XUTR/DEUTH026124A0H7YX,34.29,0.0,0.0,2200.0,361.005,17.039,1.719,0.0,0.0,postpaid,0.344,0.0,0.0,13.538,0.0,15.97484,325.928,"",'132827540067173315103,2026-05-04,11100336863,7f50d90b-a36c-4119-b1c5-2cfea340ef63,"",Forward,100045607896,100045607896,11504,685.71,5.0,1386.0,0.0,1386.0,packet_delivered,0.0,0.0,0.0,0.0,0.0,0.0,0.0,0.0,NA,0,814.01
NFT-/XUTR/DEUTH026124A0H7YX,71.86,0.0,0.0,4499.0,1509.0,373.93,7.186,0.0,0.0,postpaid,1.437,0.0,0.0,45.0,0.0,53.1,1073.347,"",'132801192110888141303,2026-05-04,11094711677,4d5955d9-3b7f-46ed-b629-7d35c8899dd6,"",Forward,100039982719,100039982719,11504,1437.14,5.0,2760.0,0.0,2760.0,packet_delivered,0.0,0.0,0.0,0.0,0.0,0.0,0.0,0.0,NA,0,1739.0
NFT-/XUTR/DEUTH026124A0H7YX,33.52,0.0,0.0,1699.0,704.0,182.758,3.352,0.0,0.0,postpaid,0.67,127.0,0.0,0.0,0.0,149.86,-667.08,"",'132810207917359397403,2026-05-04,11096733464,5805ca66-1c22-4ae7-b7ce-eab18d001077,11096733464,Reverse,100042004505,100042004505,11504,670.48,5.0,901.0,0.0,901.0,exchange,0.0,0.0,0.0,0.0,0.0,0.0,0.0,0.0,NA,0,798.0
NFT-/XUTR/DEUTH026124A0H7YX,43.24,0.0,0.0,2699.0,908.0,235.717,4.324,0.0,0.0,postpaid,0.865,182.0,0.0,0.0,0.0,214.76,-881.854,"",'132810065018048669003,2026-05-04,11096710133,5b7fdcca-4052-4a34-84f6-6ec4e670ac2a,100156243578,Reverse,100041981174,100041981174,11504,864.76,5.0,1620.0,0.0,1620.0,return_refund,0.0,0.0,0.0,0.0,0.0,0.0,0.0,0.0,NA,0,1079.0
NFT-/XUTR/DEUTH026124A0H7YX,63.24,0.0,0.0,2999.0,168.449,41.742,0.802,0.0,0.0,postpaid,0.16,0.0,0.0,5.708,0.0,6.73544,119.01,"",'132806926422568577501,2026-05-04,11096401273,7e2a3efc-8771-4001-8b61-af1d6708979a,"",Forward,100041672314,100041672314,11504,1264.76,5.0,1500.0,0.0,1500.0,packet_delivered,0.0,0.0,0.0,0.0,0.0,0.0,0.0,0.0,NA,0,1498.99
NFT-/XUTR/DEUTH026124A0H7YX,60.86,0.0,0.0,2899.0,1278.0,316.688,6.086,0.0,0.0,postpaid,1.217,0.0,0.0,45.0,0.0,53.1,900.909,"",'132788597629741241403,2026-05-04,11092011113,fbcdc197-f759-4244-9cb4-5f564294c4d3,"",Forward,100037282158,100037282158,11504,1217.14,5.0,1450.0,0.0,1450.0,packet_delivered,0.0,0.0,0.0,0.0,0.0,0.0,0.0,0.0,NA,0,1449.0
NFT-/XUTR/DEUTH026124A0H7YX,37.19,0.0,0.0,1750.0,781.0,202.748,3.719,0.0,0.0,postpaid,0.744,167.0,0.0,0.0,0.0,197.06,-770.849,"",'132774339067872542003,2026-05-04,11088556603,8469de55-3124-4450-8c67-21454d028b19,100154828337,Reverse,100033827656,100033827656,11504,743.81,5.0,875.0,0.0,875.0,return_refund,0.0,0.0,0.0,0.0,0.0,0.0,0.0,0.0,NA,0,875.0
NFT-/XUTR/DEUTH026124A0H7YX,38.33,0.0,0.0,1799.0,657.52,170.692,3.131,0.0,0.0,postpaid,0.626,0.0,0.0,22.053,0.0,26.02254,457.048,"",'132810299564990453003,2026-05-04,11096750018,2043b4a3-5300-46e0-854e-9380834e51b0,"",Forward,100042021059,1000012045410,11504,766.67,5.0,900.0,0.0,900.0,packet_delivered,0.0,0.0,0.0,0.0,0.0,0.0,0.0,0.0,NA,0,899.0
NFT-/XUTR/DEUTH026124A0H7YX,34.67,0.0,0.0,1750.0,728.0,188.989,3.467,0.0,0.0,postpaid,0.693,167.0,0.0,0.0,0.0,197.06,-731.911,"",'132789113932418739603,2026-05-04,11092200498,e78cdbd9-83b9-4305-9795-f805b736c9cb,100153286264,Reverse,100037471543,100037471543,11504,693.33,5.0,928.0,0.0,928.0,return_refund,0.0,0.0,0.0,0.0,0.0,0.0,0.0,0.0,NA,0,822.0
NFT-/XUTR/DEUTH026124A0H7YX,55.81,0.0,0.0,2899.0,1172.0,290.422,5.581,0.0,0.0,postpaid,1.116,0.0,0.0,45.0,0.0,53.1,821.781,"",'132762633146948106703,2026-05-04,11086053455,2ff9c135-6426-49db-845d-b46f6ac1bf24,"",Forward,100031324509,100031324509,11504,1116.19,5.0,1556.0,0.0,1556.0,packet_delivered,0.0,0.0,0.0,0.0,0.0,0.0,0.0,0.0,NA,0,1343.0
NFT-/XUTR/DEUTH026124A0H7YX,54.48,0.0,0.0,2799.0,1144.0,283.483,5.448,0.0,0.0,postpaid,1.09,0.0,0.0,45.0,0.0,53.1,800.879,"",'132811299944140831401,2026-05-04,11096981583,cf90ef74-9422-466d-abb9-a268b3ffd756,"",Forward,100042252623,1000012188543,11504,1089.52,5.0,1484.0,0.0,1484.0,packet_delivered,0.0,0.0,0.0,0.0,0.0,0.0,0.0,0.0,NA,0,1315.0
NFT-/XUTR/DEUTH026124A0H7YX,18.48,0.0,0.0,1599.0,377.3,17.809000000000005,1.797,0.0,0.0,postpaid,0.359,0.0,0.0,0.0,0.0,0.0,357.335,"",'132815853445746654101,2026-05-04,11098249199,1098f191-e71b-421d-9ecd-17ff64ccce8e,"",Forward,100043520235,100043520235,11504,369.52,5.0,1152.0,0.0,1152.0,packet_delivered,0.0,0.0,0.0,0.0,0.0,0.0,0.0,0.0,NA,0,447.0
NFT-/XUTR/DEUTH026124A0H7YX,37.19,0.0,0.0,1750.0,781.0,202.748,3.719,0.0,0.0,postpaid,0.744,0.0,0.0,27.0,0.0,31.86,541.929,"",'132802181482749297401,2026-05-04,11094911036,061fce30-861c-47b8-9a7c-7f9ed11341f8,"",Forward,100040182078,1000011513723,11504,743.81,5.0,875.0,0.0,875.0,packet_delivered,0.0,0.0,0.0,0.0,0.0,0.0,0.0,0.0,NA,0,875.0
NFT-/XUTR/DEUTH026124A0H7YX,115.19,0.0,0.0,2625.0,2419.0,570.884,11.519,0.0,0.0,postpaid,2.304,0.0,0.0,61.0,0.0,71.98,1762.313,"",'132780426014012457401,2026-05-04,11090092204,c9e68240-a18a-439f-8214-8cb24590f7ea,"",Forward,100035363255,1000010360705,11504,2303.81,5.0,0.0,0.0,0.0,packet_delivered,0.0,0.0,0.0,0.0,0.0,0.0,0.0,0.0,NA,0,2625.0
NFT-/XUTR/DEUTH026124A0H7YX,46.91,0.0,0.0,2999.0,984.9999999999999,255.70600000000002,4.69,0.0,0.0,postpaid,0.938,127.0,0.0,0.0,0.0,149.86,-873.526,"",'132836603420054885201,2026-05-04,11102200095,926d8d50-038b-4238-a1ab-48e3aa4bfd77,100153909120,Reverse,100047471122,100047471122,11504,938.1,5.0,1843.0,0.0,1843.0,return_refund,0.0,0.0,0.0,0.0,0.0,0.0,0.0,0.0,NA,0,1156.01
NFT-/XUTR/DEUTH026124A0H7YX,53.48,0.0,0.0,3499.0,100.0,24.78,0.476,0.0,0.0,postpaid,0.095,0.0,0.0,4.007,0.0,4.72826,69.921,"",'132804618445609955203,2026-05-04,11095624760,4e8df301-051e-4ce8-8110-5a472ecfb620,"",Forward,100040895801,100040895801,11504,1069.52,5.0,2205.0,100.0,2305.0,packet_delivered,0.0,0.0,0.0,0.0,0.0,0.0,0.0,0.0,NA,0,1294.0
NFT-/XUTR/DEUTH026124A0H7YX,72.76,0.0,0.0,3399.0,1528.0,378.638,7.276,0.0,0.0,postpaid,1.455,0.0,0.0,45.0,0.0,53.1,1087.531,"",'132811987624942462703,2026-05-04,11097164737,9b6110aa-b638-4d8c-8fa5-0d08d9fea685,"",Forward,100042435777,100042435777,11504,1455.24,5.0,1700.0,0.0,1700.0,packet_delivered,0.0,0.0,0.0,0.0,0.0,0.0,0.0,0.0,NA,0,1699.0
NFT-/XUTR/DEUTH026124A0H7YX,33.52,0.0,0.0,1699.0,514.64,133.601,2.451,0.0,0.0,postpaid,0.49,92.84,0.0,0.0,0.0,109.5512,-487.649,"",'132801603147519854501,2026-05-04,11094774580,7617efcf-2d94-4513-8a67-584845bba81e,100152923665,Reverse,100040045622,1000011461397,11504,670.48,5.0,901.0,0.0,901.0,return_refund,0.0,0.0,0.0,0.0,0.0,0.0,0.0,0.0,NA,0,798.0
NFT-/XUTR/DEUTH026124A0H7YX,82.24,0.0,0.0,1899.0,1727.0,407.572,8.224,0.0,0.0,postpaid,1.645,0.0,0.0,45.0,0.0,53.1,1256.459,"",'132812956674508569801,2026-05-04,11097416188,7b9cae1f-0594-4073-81a4-82b745c2389b,"",Forward,100042687228,100042687228,11504,1644.76,5.0,1.0,0.0,1.0,packet_delivered,0.0,0.0,0.0,0.0,0.0,0.0,0.0,0.0,NA,0,1898.0
NFT-/XUTR/DEUTH026124A0H7YX,41.38,0.0,0.0,1899.0,869.0,225.592,4.138,0.0,0.0,postpaid,0.828,0.0,0.0,27.0,0.0,31.86,606.582,"",'132836664870906104503,2026-05-04,11102214905,2fabc0b5-c54f-4570-af9c-0411ea401276,"",Forward,100047485932,100047485932,11504,827.62,5.0,936.0,0.0,936.0,packet_delivered,0.0,0.0,0.0,0.0,0.0,0.0,0.0,0.0,NA,0,963.0
NFT-/XUTR/DEUTH026124A0H7YX,60.86,0.0,0.0,2899.0,1278.0,316.688,6.086,0.0,0.0,postpaid,1.217,167.0,0.0,0.0,0.0,197.06,-1151.069,"",'132785547552117660501,2026-05-04,11091004122,bf97bfab-0386-46bd-8ffd-1de2020bd892,100152791217,Reverse,100036275169,100036275169,11504,1217.14,5.0,1450.0,0.0,1450.0,return_refund,0.0,0.0,0.0,0.0,0.0,0.0,0.0,0.0,NA,0,1449.0
NFT-/XUTR/DEUTH026124A0H7YX,63.24,0.0,0.0,2999.0,1328.0,329.078,6.324,0.0,0.0,postpaid,1.265,182.0,0.0,0.0,0.0,214.76,-1206.093,"",'132812425414643025801,2026-05-04,11097275994,7097a1e5-645c-4446-842e-770e30cc6537,100154003798,Reverse,100042547034,100042547034,11504,1264.76,5.0,1500.0,0.0,1500.0,return_refund,0.0,0.0,0.0,0.0,0.0,0.0,0.0,0.0,NA,0,1499.0
NFT-/XUTR/DEUTH026124A0H7YX,19.05,0.0,0.0,1499.0,400.0,18.88,1.905,0.0,0.0,postpaid,0.381,182.0,0.0,0.0,0.0,214.76,-593.594,"",'132790262144121144603,2026-05-04,11092651658,753deb59-d490-488b-b950-aa41e09e0349,100152305415,Reverse,100037922703,100037922703,11504,380.95,5.0,1005.0,0.0,1005.0,return_refund,0.0,0.0,0.0,0.0,0.0,0.0,0.0,0.0,NA,0,494.0
NFT-/XUTR/DEUTH026124A0H7YX,63.24,0.0,0.0,2999.0,1195.111,296.149,5.691,0.0,0.0,postpaid,1.138,163.788,0.0,0.0,0.0,193.26984,-1085.403,"",'132795617794114515001,2026-05-04,11093628936,70a804d1-74d9-44fe-bfc4-3cf46a241301,100154856603,Reverse,100038899980,100038899980,11504,1264.76,5.0,1500.0,0.0,1500.0,return_refund,0.0,0.0,0.0,0.0,0.0,0.0,0.0,0.0,NA,0,1498.99
NFT-/XUTR/DEUTH026124A0H7YX,87.05,0.0,0.0,1999.0,1800.84,424.998,8.575,0.0,0.0,postpaid,1.715,0.0,0.0,44.331,0.0,52.31058,1313.241,"",'132790265347420437801,2026-05-04,11092652411,3d594556-32bd-406c-b9e2-90a8c34a1f83,"",Forward,100037923456,100037923456,11504,1740.95,5.0,0.0,0.0,0.0,packet_delivered,0.0,0.0,0.0,0.0,0.0,0.0,0.0,0.0,NA,0,1999.01
NFT-/XUTR/DEUTH026124A0H7YX,19.1,0.0,0.0,1599.0,397.16,18.746000000000002,1.891,0.0,0.0,postpaid,0.378,0.0,0.0,14.856,0.0,17.53008,358.615,"",'132816462843899979803,2026-05-04,11098334204,bd13f9ce-9867-4c30-a025-9dfc00a67c5b,"",Forward,100043605240,1000012521431,11504,381.9,5.0,1104.0,0.0,1104.0,packet_delivered,0.0,0.0,0.0,0.0,0.0,0.0,0.0,0.0,NA,0,495.0
NFT-/XUTR/DEUTH026124A0H7YX,28.95,0.0,0.0,1899.0,608.0,157.837,2.895,0.0,0.0,postpaid,0.579,0.0,0.0,27.0,0.0,31.86,414.829,"",'132805305654927743903,2026-05-04,11095816814,b311769f-ffa0-4409-a271-7784acaaac87,"",Forward,100041087855,100041087855,11504,579.05,5.0,1197.0,0.0,1197.0,packet_delivered,0.0,0.0,0.0,0.0,0.0,0.0,0.0,0.0,NA,0,702.0
NFT-/XUTR/DEUTH026124A0H7YX,0.0,12.71,12.71,1699.0,528.27,137.139,0.0,1.258,1.258,postpaid,0.503,0.0,0.0,26.71,0.0,31.5178,356.594,"",'132811273752824012601,2026-05-04,11096974629,afa588c0-ad48-400c-821e-6f6145e3c9ce,"",Forward,100042245669,100042245669,11504,508.58,5.0,1071.0,0.0,1071.0,packet_delivered,0.0,0.0,0.0,0.0,0.0,0.0,0.0,0.0,NA,0,628.0
NFT-/XUTR/DEUTH026124A0H7YX,113.48,0.0,0.0,3699.0,2383.0,562.388,11.348,0.0,0.0,postpaid,2.27,0.0,0.0,61.0,0.0,71.98,1735.014,"",'132823561090945719601,2026-05-04,11099748092,9957f267-8652-4da8-9914-ee30e1007b72,"",Forward,100045019126,100045019126,11504,2269.52,5.0,1110.0,0.0,1110.0,packet_delivered,0.0,0.0,0.0,0.0,0.0,0.0,0.0,0.0,NA,0,2589.0
NFT-/XUTR/DEUTH026124A0H7YX,33.57,0.0,0.0,1599.0,705.0,183.018,3.357,0.0,0.0,postpaid,0.671,0.0,0.0,27.0,0.0,31.86,486.094,"",'132800653049519129501,2026-05-04,11094669410,d81776b4-bc91-46ae-a98f-21e2bddd51d8,"",Forward,100039940452,1000011451133,11504,671.43,5.0,800.0,0.0,800.0,packet_delivered,0.0,0.0,0.0,0.0,0.0,0.0,0.0,0.0,NA,0,799.0
NFT-/XUTR/DEUTH026124A0H7YX,48.48,0.0,0.0,1699.0,1018.0,240.248,4.848,0.0,0.0,postpaid,0.97,0.0,0.0,45.0,0.0,53.1,718.834,"",'132807076309364884803,2026-05-04,11096449833,5b0b7eed-3591-4d6a-93f7-119964dab76c,"",Forward,100041720874,1000012162805,11504,969.52,5.0,510.0,0.0,510.0,packet_delivered,0.0,0.0,0.0,0.0,0.0,0.0,0.0,0.0,NA,0,1189.0
NFT-/XUTR/DEUTH026124A0H7YX,75.19,0.0,0.0,1750.0,1154.287,272.412,5.497,0.0,0.0,postpaid,1.099,0.0,0.0,32.896,0.0,38.81728,836.462,"",'132801603147519854501,2026-05-04,11094774582,7617efcf-2d94-4513-8a67-584845bba81e,"",Forward,100040045624,1000011461397,11504,1503.81,5.0,0.0,0.0,0.0,packet_delivered,0.0,0.0,0.0,0.0,0.0,0.0,0.0,0.0,NA,0,1750.01
NFT-/XUTR/DEUTH026124A0H7YX,6.41,0.0,0.0,399.0,220.0,33.748,1.068,0.0,0.0,postpaid,0.214,0.0,0.0,27.0,0.0,31.86,153.11,"",'132759483382120251303,2026-05-04,11085156877,66df72c9-f115-4a00-a6e5-684b411cfb9d,"",Forward,100030427933,100030427933,11504,213.59,3.0,120.0,0.0,120.0,packet_delivered,0.0,0.0,0.0,0.0,0.0,0.0,0.0,0.0,NA,0,279.0
NFT-/XUTR/DEUTH026124A0H7YX,72.76,0.0,0.0,1699.0,1528.0,360.608,7.276,0.0,0.0,postpaid,1.455,0.0,0.0,45.0,0.0,53.1,1105.561,"",'132757551176388334303,2026-05-04,11084732360,9a4c0974-fc3e-4822-affe-78a28cf90309,"",Forward,100030003417,1000008419315,11504,1455.24,5.0,0.0,0.0,0.0,packet_delivered,0.0,0.0,0.0,0.0,0.0,0.0,0.0,0.0,NA,0,1699.0
NFT-/XUTR/DEUTH026124A0H7YX,24.05,0.0,0.0,1499.0,199.994,51.918,0.952,0.0,0.0,postpaid,0.19,0.0,0.0,10.693,0.0,12.61774,134.316,"",'132812665834549342301,2026-05-04,11097341316,d5917b2b-61f2-483b-b8c2-d80b9d85f7f7,"",Forward,100042612356,100042612356,11504,480.95,5.0,900.0,0.0,900.0,packet_delivered,0.0,0.0,0.0,0.0,0.0,0.0,0.0,0.0,NA,0,599.01
NFT-/XUTR/DEUTH026124A0H7YX,87.05,0.0,0.0,1999.0,1828.0,431.408,8.705,0.0,0.0,postpaid,1.741,167.0,0.0,0.0,0.0,197.06,-1583.206,"",'132777467103576566601,2026-05-04,11089214944,270767ee-828e-4176-a7a5-56581bfe5181,11089214944,Reverse,100034485996,100034485996,11504,1740.95,5.0,0.0,0.0,0.0,exchange,0.0,0.0,0.0,0.0,0.0,0.0,0.0,0.0,NA,0,1999.0
NFT-/XUTR/DEUTH026124A0H7YX,44.67,0.0,0.0,2999.0,884.74,229.679,4.213,0.0,0.0,postpaid,0.843,0.0,0.0,25.467,0.0,30.05106,619.954,"",'132805615814401742603,2026-05-04,11095914467,d5a65f8e-3db9-4da3-a1c9-020bb7d1372e,"",Forward,100041185508,100041185508,11504,893.33,5.0,1890.0,0.0,1890.0,packet_delivered,0.0,0.0,0.0,0.0,0.0,0.0,0.0,0.0,NA,0,1109.0
NFT-/XUTR/DEUTH026124A0H7YX,33.57,0.0,0.0,1599.0,705.0,183.018,3.357,0.0,0.0,postpaid,0.671,127.0,0.0,0.0,0.0,149.86,-667.814,"",'132828501346480641003,2026-05-04,11100565810,9bc2a213-61bb-43ed-9b58-71275a26a867,100153523432,Reverse,100045836843,1000013240924,11504,671.43,5.0,800.0,0.0,800.0,return_refund,0.0,0.0,0.0,0.0,0.0,0.0,0.0,0.0,NA,0,799.0
NFT-/XUTR/DEUTH026124A0H7YX,56.1,0.0,0.0,2999.0,1178.0,291.908,5.61,0.0,0.0,postpaid,1.122,0.0,0.0,45.0,0.0,53.1,826.26,"",'132811383365774344901,2026-05-04,11097003079,cc4e91d3-ce97-4ec2-932c-b1e0037c5456,"",Forward,100042274119,100042274119,11504,1121.9,5.0,1650.0,0.0,1650.0,packet_delivered,0.0,0.0,0.0,0.0,0.0,0.0,0.0,0.0,NA,0,1349.0
NFT-/XUTR/DEUTH026124A0H7YX,33.57,0.0,0.0,1599.0,495.85,128.723,2.361,0.0,0.0,postpaid,0.472,0.0,0.0,18.99,0.0,22.4082,341.886,"",'132811166126291629503,2026-05-04,11096946657,af3d9a92-f4cc-4442-be47-9a067a418c91,"",Forward,100042217697,100042217697,11504,671.43,5.0,800.0,0.0,800.0,packet_delivered,0.0,0.0,0.0,0.0,0.0,0.0,0.0,0.0,NA,0,799.0
NFT-/XUTR/DEUTH026124A0H7YX,75.14,0.0,0.0,3499.0,1578.0,391.028,7.514,0.0,0.0,postpaid,1.503,167.0,0.0,0.0,0.0,197.06,-1375.015,"",'132769016224857474801,2026-05-04,11087355804,e3b7cf7f-6850-498d-89b5-853c9cc263ca,11087355804,Reverse,100032626857,100032626857,11504,1502.86,5.0,1750.0,0.0,1750.0,exchange,0.0,0.0,0.0,0.0,0.0,0.0,0.0,0.0,NA,0,1749.0
NFT-/XUTR/DEUTH026124A0H7YX,37.19,0.0,0.0,1750.0,781.0,202.748,3.719,0.0,0.0,postpaid,0.744,167.0,0.0,0.0,0.0,197.06,-770.849,"",'132779387481387968701,2026-05-04,11089776901,e2843691-baee-4ba1-afa3-0f961430bfc6,100155599189,Reverse,100035047952,100035047952,11504,743.81,5.0,875.0,0.0,875.0,return_refund,0.0,0.0,0.0,0.0,0.0,0.0,0.0,0.0,NA,0,875.0
NFT-/XUTR/DEUTH026124A0H7YX,63.24,0.0,0.0,2999.0,852.27,211.193,4.058,0.0,0.0,postpaid,0.812,0.0,0.0,28.88,0.0,34.0784,602.129,"",'132832536695357345401,2026-05-04,11101649978,d280b1bb-8042-4d60-8e52-56ac3c16c728,"",Forward,100046921005,100046921005,11504,1264.76,5.0,1500.0,0.0,1500.0,packet_delivered,0.0,0.0,0.0,0.0,0.0,0.0,0.0,0.0,NA,0,1498.98
NFT-/XUTR/DEUTH026124A0H7YX,41.19,0.0,0.0,2999.0,865.0,224.554,4.119,0.0,0.0,postpaid,0.824,182.0,0.0,0.0,0.0,214.76,-850.263,"",'132797958345194463801,2026-05-04,11094312906,a9d04c92-eda0-41f9-9078-d359c9180848,100152725493,Reverse,100039583948,100039583948,11504,823.81,5.0,2040.0,0.0,2040.0,return_refund,0.0,0.0,0.0,0.0,0.0,0.0,0.0,0.0,NA,0,959.0
NFT-/XUTR/DEUTH026124A0H7YX,27.19,0.0,0.0,1799.0,478.40000000000003,124.193,2.278,0.0,0.0,postpaid,0.456,139.917,0.0,0.0,0.0,165.10206,-516.575,"",'132772172092920344003,2026-05-04,11088262895,7aaf989a-2548-4e54-8340-a9af21d0d2b9,100152733288,Reverse,100033533948,1000009485718,11504,543.81,5.0,1134.0,0.0,1134.0,return_refund,0.0,0.0,0.0,0.0,0.0,0.0,0.0,0.0,NA,0,665.0
NFT-/XUTR/DEUTH026124A0H7YX,43.05,0.0,0.0,2699.0,904.0,234.678,4.305,0.0,0.0,postpaid,0.861,0.0,0.0,27.0,0.0,31.86,632.296,"",'132789147080236543203,2026-05-04,11092214050,8cb479b0-23f7-4ad5-b7e2-8db58c052d9a,"",Forward,100037485095,1000011559032,11504,860.95,5.0,1701.0,0.0,1701.0,packet_delivered,0.0,0.0,0.0,0.0,0.0,0.0,0.0,0.0,NA,0,998.0
NFT-/XUTR/DEUTH026124A0H7YX,37.19,0.0,0.0,1750.0,781.0,202.748,3.719,0.0,0.0,postpaid,0.744,0.0,0.0,27.0,0.0,31.86,541.929,"",'132802181482749297401,2026-05-04,11094911038,061fce30-861c-47b8-9a7c-7f9ed11341f8,"",Forward,100040182080,1000011513723,11504,743.81,5.0,875.0,0.0,875.0,packet_delivered,0.0,0.0,0.0,0.0,0.0,0.0,0.0,0.0,NA,0,875.0
NFT-/XUTR/DEUTH026124A0H7YX,100.14,0.0,0.0,3299.0,2103.0,496.308,10.014,0.0,0.0,postpaid,2.003,0.0,0.0,61.0,0.0,71.98,1522.695,"",'132821987045159825003,2026-05-04,11099284165,9b784168-0af3-4949-8f3a-55b31c919380,"",Forward,100044555199,1000013201094,11504,2002.86,5.0,990.0,0.0,990.0,packet_delivered,0.0,0.0,0.0,0.0,0.0,0.0,0.0,0.0,NA,0,2309.0
NFT-/XUTR/DEUTH026124A0H7YX,58.48,0.0,0.0,1999.0,771.734,182.129,3.675,0.0,0.0,postpaid,0.735,0.0,0.0,28.28,0.0,33.3704,551.825,"",'132806840620084044803,2026-05-04,11096364909,d4ae4f87-2a9d-42c9-b613-a066e229819f,"",Forward,100041635950,100041635950,11504,1169.52,5.0,600.0,0.0,600.0,packet_delivered,0.0,0.0,0.0,0.0,0.0,0.0,0.0,0.0,NA,0,1398.98
NFT-/XUTR/DEUTH026124A0H7YX,51.71,0.0,0.0,3399.0,1086.0,269.111,5.171,0.0,0.0,postpaid,1.034,182.0,0.0,0.0,0.0,214.76,-1025.444,"",'132806566711559434601,2026-05-04,11096248109,7b3c8658-a6bc-4291-808c-5a6f6aa726bf,100153263876,Reverse,100041519150,100041519150,11504,1034.29,5.0,2142.0,0.0,2142.0,return_refund,0.0,0.0,0.0,0.0,0.0,0.0,0.0,0.0,NA,0,1257.0
NFT-/XUTR/DEUTH026124A0H7YX,69.05,0.0,0.0,3499.0,1450.0,376.42,6.905,0.0,0.0,postpaid,1.381,0.0,0.0,45.0,0.0,53.1,1012.194,"",'132761923468081065103,2026-05-04,11085842221,43fd0644-d1e9-463e-8bc0-463b888dca2b,"",Forward,100031113275,100031113275,11504,1380.95,5.0,1855.0,0.0,1855.0,packet_delivered,0.0,0.0,0.0,0.0,0.0,0.0,0.0,0.0,NA,0,1644.0
NFT-/XUTR/DEUTH026124A0H7YX,103.48,0.0,0.0,3399.0,2173.0,487.187,10.348,0.0,0.0,postpaid,2.07,0.0,0.0,61.0,0.0,71.98,1601.415,"",'132819712002280705701,2026-05-04,11098685952,4f65516c-e098-4b7c-8088-650ef52987e0,"",Forward,100043956987,100043956987,11504,2069.52,5.0,1020.0,0.0,1020.0,packet_delivered,0.0,0.0,0.0,0.0,0.0,0.0,0.0,0.0,NA,0,2379.0
NFT-/XUTR/DEUTH026124A0H7YX,0.0,37.57,37.57,3499.0,1578.0,391.028,0.0,3.757,3.757,postpaid,1.503,0.0,0.0,45.0,0.0,53.1,1124.855,"",'132822510625532340601,2026-05-04,11099428664,fa367dc9-5d74-4986-9b26-d1cf3701c4f2,"",Forward,100044699698,100044699698,11504,1502.86,5.0,1750.0,0.0,1750.0,packet_delivered,0.0,0.0,0.0,0.0,0.0,0.0,0.0,0.0,NA,0,1748.9999999999998
NFT-/XUTR/DEUTH026124A0H7YX,19.1,0.0,0.0,1599.0,363.731,17.168,1.732,0.0,0.0,postpaid,0.346,0.0,0.0,13.606,0.0,16.05508,328.43,"",'132802750385861004801,2026-05-04,11095082014,8eae4f36-0b4e-4224-8b0c-f3da13abc4ae,"",Forward,100040353056,100040353056,11504,381.9,5.0,1104.0,0.0,1104.0,packet_delivered,0.0,0.0,0.0,0.0,0.0,0.0,0.0,0.0,NA,0,494.99
NFT-/XUTR/DEUTH026124A0H7YX,0.0,31.62,31.62,2999.0,1328.0,329.078,0.0,3.162,3.162,postpaid,1.265,0.0,0.0,45.0,0.0,53.1,938.233,"",'132827338169096848503,2026-05-04,11100302569,0332f249-dea1-46fe-bea0-e0c0f8c7b149,"",Forward,100045573602,100045573602,11504,1264.76,5.0,1500.0,0.0,1500.0,packet_delivered,0.0,0.0,0.0,0.0,0.0,0.0,0.0,0.0,NA,0,1498.9999999999998
NFT-/XUTR/DEUTH026124A0H7YX,91.81,0.0,0.0,2999.0,1928.0,477.758,9.181,0.0,0.0,postpaid,1.836,0.0,0.0,45.0,0.0,53.1,1386.125,"",'132836560231226541301,2026-05-04,11102189462,5ea7b225-6ae5-4e50-bfdc-ae52ba88f681,"",Forward,100047460489,100047460489,11504,1836.19,5.0,865.0,0.0,865.0,packet_delivered,0.0,0.0,0.0,0.0,0.0,0.0,0.0,0.0,NA,0,2134.0
NFT-/XUTR/DEUTH026124A0H7YX,91.81,0.0,0.0,2999.0,1928.0,477.758,9.181,0.0,0.0,postpaid,1.836,127.0,0.0,0.0,0.0,149.86,-1589.085,"",'132836560231226541301,2026-05-04,11102189462,5ea7b225-6ae5-4e50-bfdc-ae52ba88f681,11102189462,Reverse,100047460489,100047460489,11504,1836.19,5.0,865.0,0.0,865.0,exchange,0.0,0.0,0.0,0.0,0.0,0.0,0.0,0.0,NA,0,2134.0
NFT-/XUTR/DEUTH026124A0H7YX,63.24,0.0,0.0,2999.0,1328.0,329.078,6.324,0.0,0.0,postpaid,1.265,0.0,0.0,45.0,0.0,53.1,938.233,"",'132793797967307910101,2026-05-04,11093105081,2343f761-3243-4f98-8df1-652ea89b627c,"",Forward,100038376125,100038376125,11504,1264.76,5.0,1500.0,0.0,1500.0,packet_delivered,0.0,0.0,0.0,0.0,0.0,0.0,0.0,0.0,NA,0,1499.0
NFT-/XUTR/DEUTH026124A0H7YX,0.0,27.57,27.57,1899.0,1158.0,273.288,0.0,2.757,2.757,postpaid,1.103,0.0,0.0,45.0,0.0,53.1,824.995,"",'132803306091793225703,2026-05-04,11095256740,f0ecf97e-e48c-4eb5-9361-7bf1c367544e,"",Forward,100040527782,1000011614274,11504,1102.86,5.0,570.0,0.0,570.0,packet_delivered,0.0,0.0,0.0,0.0,0.0,0.0,0.0,0.0,NA,0,1328.9999999999998
NFT-/XUTR/DEUTH026124A0H7YX,39.81,0.0,0.0,2799.0,836.0,217.026,3.981,0.0,0.0,postpaid,0.796,182.0,0.0,0.0,0.0,214.76,-828.957,"",'132803960127184551303,2026-05-04,11095442971,2428f3d7-2631-4779-9a4d-7825d2f814de,100152696917,Reverse,100040714012,100040714012,11504,796.19,5.0,1792.0,0.0,1792.0,return_refund,0.0,0.0,0.0,0.0,0.0,0.0,0.0,0.0,NA,0,1007.0
NFT-/XUTR/DEUTH026124A0H7YX,36.0,0.0,0.0,2299.0,756.0,35.683,3.6,0.0,0.0,postpaid,0.72,0.0,0.0,27.0,0.0,31.86,684.137,"",'132780826350504904003,2026-05-04,11090233144,a2b7861a-1fea-4da8-bf99-77b8eb19054f,"",Forward,100035504195,100035504195,11504,720,5.0,1449.0,0.0,1449.0,packet_delivered,0.0,0.0,0.0,0.0,0.0,0.0,0.0,0.0,NA,0,850.0
NFT-/XUTR/DEUTH026124A0H7YX,19.1,0.0,0.0,1599.0,401.0,18.927,1.91,0.0,0.0,postpaid,0.382,0.0,0.0,15.0,0.0,17.7,362.081,"",'132798610054922607201,2026-05-04,11094534053,abd24892-c7d8-4f8b-89fb-dca21c9e03a2,"",Forward,100039805095,100039805095,11504,381.9,5.0,1104.0,0.0,1104.0,packet_delivered,0.0,0.0,0.0,0.0,0.0,0.0,0.0,0.0,NA,0,495.0
NFT-/XUTR/DEUTH026124A0H7YX,28.1,0.0,0.0,1850.0,590.0,153.164,2.81,0.0,0.0,postpaid,0.562,0.0,0.0,27.0,0.0,31.86,401.604,"",'132784238860185740403,2026-05-04,11090640956,d59bd6ba-27c3-47a4-bbf0-c9a4095f6a22,"",Forward,100035912007,1000010242858,11504,561.9,5.0,1166.0,0.0,1166.0,packet_delivered,0.0,0.0,0.0,0.0,0.0,0.0,0.0,0.0,NA,0,684.0
NFT-/XUTR/DEUTH026124A0H7YX,47.52,0.0,0.0,2599.0,998.0,259.081,4.752,0.0,0.0,postpaid,0.95,0.0,0.0,27.0,0.0,31.86,701.357,"",'132820075413773384701,2026-05-04,11098786992,e5e49a6c-50ca-4fe3-872f-911256110cc5,"",Forward,100044058027,100044058027,11504,950.48,5.0,1430.0,0.0,1430.0,packet_delivered,0.0,0.0,0.0,0.0,0.0,0.0,0.0,0.0,NA,0,1168.99
NFT-/XUTR/DEUTH026124A0H7YX,24.57,0.0,0.0,1650.0,490.06,127.22000000000001,2.334,0.0,0.0,postpaid,0.467,0.0,0.0,25.643,0.0,30.25874,329.78,"",'132780892275393335803,2026-05-04,11090256388,32aba984-3009-4302-958b-04d625c864ac,"",Forward,100035527439,1000010378654,11504,491.43,5.0,1040.0,0.0,1040.0,packet_delivered,0.0,0.0,0.0,0.0,0.0,0.0,0.0,0.0,NA,0,610.0
NFT-/XUTR/DEUTH026124A0H7YX,63.24,0.0,0.0,2999.0,1328.0,329.078,6.324,0.0,0.0,postpaid,1.265,0.0,0.0,45.0,0.0,53.1,938.233,"",'132780113057622749503,2026-05-04,11089991927,154cdc61-5d11-41e2-a098-47085c1db3c1,"",Forward,100035262977,100035262977,11504,1264.76,5.0,1500.0,0.0,1500.0,packet_delivered,0.0,0.0,0.0,0.0,0.0,0.0,0.0,0.0,NA,0,1499.0
NFT-/XUTR/DEUTH026124A0H7YX,72.76,0.0,0.0,1699.0,1528.0,360.608,7.276,0.0,0.0,postpaid,1.455,167.0,0.0,0.0,0.0,197.06,-1355.721,"",'132768532428122996803,2026-05-04,11087220757,f277b3c0-8b02-450a-93b2-9f172bedf398,100152517280,Reverse,100032491810,1000009789891,11504,1455.24,5.0,0.0,0.0,0.0,return_refund,0.0,0.0,0.0,0.0,0.0,0.0,0.0,0.0,NA,0,1699.0
NFT-/XUTR/DEUTH026124A0H7YX,28.1,0.0,0.0,1850.0,590.0,153.164,2.81,0.0,0.0,postpaid,0.562,0.0,0.0,27.0,0.0,31.86,401.604,"",'132811958211256010803,2026-05-04,11097157190,2b0660bd-1053-4140-9a08-4761a030bffe,"",Forward,100042428230,100042428230,11504,561.9,5.0,1166.0,0.0,1166.0,packet_delivered,0.0,0.0,0.0,0.0,0.0,0.0,0.0,0.0,NA,0,684.0
NFT-/XUTR/DEUTH026124A0H7YX,56.81,0.0,0.0,1950.0,1193.0,281.548,5.681,0.0,0.0,postpaid,1.136,0.0,0.0,45.0,0.0,53.1,851.535,"",'132841186070744015503,2026-05-04,11103496139,ffb9ebe1-ddb8-44e3-ae0a-40409e3d23f9,"",Forward,100048767148,100048767148,11504,1136.19,5.0,586.0,0.0,586.0,packet_delivered,0.0,0.0,0.0,0.0,0.0,0.0,0.0,0.0,NA,0,1364.0
NFT-/XUTR/DEUTH026124A0H7YX,56.86,0.0,0.0,1950.0,1194.0,281.784,5.686,0.0,0.0,postpaid,1.137,0.0,0.0,45.0,0.0,53.1,852.293,"",'132771772205913520401,2026-05-04,11088126195,476f98e1-1378-4da5-a5dc-4b084d2a7cfb,"",Forward,100033397248,100033397248,11504,1137.14,5.0,585.0,0.0,585.0,packet_delivered,0.0,0.0,0.0,0.0,0.0,0.0,0.0,0.0,NA,0,1365.0
NFT-/XUTR/DEUTH026124A0H7YX,100.14,0.0,0.0,3299.0,2103.0,496.308,10.014,0.0,0.0,postpaid,2.003,0.0,0.0,61.0,0.0,71.98,1522.695,"",'132786706591341601103,2026-05-04,11091396201,81a85e74-f25e-4606-93ec-c81dc2521c6f,"",Forward,100036667246,100036667246,11504,2002.86,5.0,990.0,0.0,990.0,packet_delivered,0.0,0.0,0.0,0.0,0.0,0.0,0.0,0.0,NA,0,2309.0
NFT-/XUTR/DEUTH026124A0H7YX,35.76,0.0,0.0,1799.0,125.0,32.45,0.595,0.0,0.0,postpaid,0.119,0.0,0.0,4.494,0.0,5.30292,86.533,"",'132803110919442371901,2026-05-04,11095196074,ca678a4c-15db-45e6-bbf0-8a0b5aac6b24,"",Forward,100040467116,1000011598255,11504,715.24,5.0,954.0,125.0,1079.0,packet_delivered,0.0,0.0,0.0,0.0,0.0,0.0,0.0,0.0,NA,0,845.0
NFT-/XUTR/DEUTH026124A0H7YX,58.95,0.0,0.0,2999.0,1231.48,305.161,5.864,0.0,0.0,postpaid,1.173,181.041,0.0,0.0,0.0,213.62838,-1132.91,"",'132819924065226041301,2026-05-04,11098745420,777b57ba-74eb-4b6f-a37e-acc52ce35ec3,100153324251,Reverse,100044016455,100044016455,11504,1179.05,5.0,1590.0,0.0,1590.0,return_refund,0.0,0.0,0.0,0.0,0.0,0.0,0.0,0.0,NA,0,1408.99
NFT-/XUTR/DEUTH026124A0H7YX,70.38,0.0,0.0,3299.0,1478.0,366.248,7.038,0.0,0.0,postpaid,1.408,106.0,0.0,0.0,0.0,125.08,-1228.386,"",'132795229648447785903,2026-05-04,11093517419,fb020197-3b2a-401e-b17f-6b7114149788,11093517419,Reverse,100038788463,100038788463,11504,1407.62,5.0,1650.0,0.0,1650.0,exchange,0.0,0.0,0.0,0.0,0.0,0.0,0.0,0.0,NA,0,1649.0
NFT-/XUTR/DEUTH026124A0H7YX,85.14,0.0,0.0,2799.0,1788.0,443.066,8.514,0.0,0.0,postpaid,1.703,0.0,0.0,45.0,0.0,53.1,1281.617,"",'132824049361430158101,2026-05-04,11099950112,cbe3987e-721f-4f73-85cb-8c775092fff0,"",Forward,100045221145,100045221145,11504,1702.86,5.0,840.0,0.0,840.0,packet_delivered,0.0,0.0,0.0,0.0,0.0,0.0,0.0,0.0,NA,0,1959.0
NFT-/XUTR/DEUTH026124A0H7YX,18.19,0.0,0.0,1699.0,378.34,17.858,1.802,0.0,0.0,postpaid,0.36,0.0,0.0,0.0,0.0,0.0,358.32,"",'132816462843899979803,2026-05-04,11098334202,bd13f9ce-9867-4c30-a025-9dfc00a67c5b,"",Forward,100043605238,1000012521431,11504,363.81,5.0,1258.0,0.0,1258.0,packet_delivered,0.0,0.0,0.0,0.0,0.0,0.0,0.0,0.0,NA,0,441.0
NFT-/XUTR/DEUTH026124A0H7YX,23.0,0.0,0.0,1650.0,483.0,22.798,2.3,0.0,0.0,postpaid,0.46,127.0,0.0,0.0,0.0,149.86,-607.302,"",'132822562068974877101,2026-05-04,11099444046,2306e427-8952-405c-ad11-302f8c36a31c,100153339954,Reverse,100044715080,1000012883276,11504,460,5.0,1073.0,0.0,1073.0,return_refund,0.0,0.0,0.0,0.0,0.0,0.0,0.0,0.0,NA,0,577.0
NFT-/XUTR/DEUTH026124A0H7YX,39.81,0.0,0.0,2799.0,836.0,217.026,3.981,0.0,0.0,postpaid,0.796,182.0,0.0,0.0,0.0,214.76,-828.957,"",'132807613531435956501,2026-05-04,11096561977,b0fce802-ed1a-4db6-97b7-df6c391b40be,100153442858,Reverse,100041833018,1000012166046,11504,796.19,5.0,1792.0,0.0,1792.0,return_refund,0.0,0.0,0.0,0.0,0.0,0.0,0.0,0.0,NA,0,1007.0
NFT-/XUTR/DEUTH026124A0H7YX,38.33,0.0,0.0,1799.0,805.0,208.978,3.833,0.0,0.0,postpaid,0.767,0.0,0.0,27.0,0.0,31.86,559.562,"",'132806211522773982201,2026-05-04,11096112320,08f3b783-6af9-4199-a76d-a366c0997b18,"",Forward,100041383361,100041383361,11504,766.67,5.0,900.0,0.0,900.0,packet_delivered,0.0,0.0,0.0,0.0,0.0,0.0,0.0,0.0,NA,0,899.0
NFT-/XUTR/DEUTH026124A0H7YX,42.62,0.0,0.0,2999.0,895.0,42.244,4.262,0.0,0.0,postpaid,0.852,0.0,0.0,38.0,0.0,44.84,802.802,"",'132796440922123051003,2026-05-04,11093856340,38268b40-c5f4-4291-809d-e7d0e436c935,"",Forward,100039127382,100039127382,11504,852.38,5.0,2010.0,0.0,2010.0,packet_delivered,0.0,0.0,0.0,0.0,0.0,0.0,0.0,0.0,NA,0,989.0
NFT-/XUTR/DEUTH026124A0H7YX,23.67,0.0,0.0,1599.0,497.0,23.458,2.367,0.0,0.0,postpaid,0.473,0.0,0.0,19.0,0.0,22.42,448.282,"",'132797508470148710703,2026-05-04,11094156916,fa4027fa-9084-4045-a455-a9f5312560f4,"",Forward,100039427958,100039427958,11504,473.33,5.0,1008.0,0.0,1008.0,packet_delivered,0.0,0.0,0.0,0.0,0.0,0.0,0.0,0.0,NA,0,591.0
NFT-/XUTR/DEUTH026124A0H7YX,19.67,0.0,0.0,1750.0,412.99999999999994,19.494,1.967,0.0,0.0,postpaid,0.393,167.0,0.0,0.0,0.0,197.06,-588.206,"",'132784652483133196203,2026-05-04,11090728183,c4ec9af7-b40c-4294-b2fa-47f715625b99,100152454675,Reverse,100035999231,100035999231,11504,393.33,5.0,1243.0,0.0,1243.0,return_refund,0.0,0.0,0.0,0.0,0.0,0.0,0.0,0.0,NA,0,507.0
NFT-/XUTR/DEUTH026124A0H7YX,27.62,0.0,0.0,1499.0,580.0,150.568,2.762,0.0,0.0,postpaid,0.552,167.0,0.0,0.0,0.0,197.06,-623.178,"",'132779048731697774101,2026-05-04,11089682256,16b632ac-0830-4001-b4d0-f6248fcf468d,100152390198,Reverse,100034953307,100034953307,11504,552.38,5.0,825.0,0.0,825.0,return_refund,0.0,0.0,0.0,0.0,0.0,0.0,0.0,0.0,NA,0,674.0
NFT-/XUTR/DEUTH026124A0H7YX,19.05,0.0,0.0,1499.0,323.072,15.248999999999999,1.538,0.0,0.0,postpaid,0.308,0.0,0.0,0.0,0.0,0.0,305.977,"",'132776292426165479801,2026-05-04,11088838748,b9dc7292-085f-4fa3-a32b-7c9ea13029c5,"",Forward,100034109800,100034109800,11504,380.95,5.0,1005.0,0.0,1005.0,packet_delivered,0.0,0.0,0.0,0.0,0.0,0.0,0.0,0.0,NA,0,493.99
NFT-/XUTR/DEUTH026124A0H7YX,0.0,5.68,5.68,449.0,390.0,59.826,0.0,0.9465,0.9465,postpaid,0.379,0.0,0.0,27.0,0.0,31.86,296.042,"",'132784913349963623101,2026-05-04,11090796716,a5da9628-cf60-42fb-b28d-59ab18c897ed,"",Forward,100036067763,100036067763,11504,378.64,3.0,0.0,0.0,0.0,packet_delivered,0.0,0.0,0.0,0.0,0.0,0.0,0.0,0.0,NA,0,449.0
NFT-/XUTR/DEUTH026124A0H7YX,70.38,0.0,0.0,3299.0,1316.6609999999998,326.269,6.27,0.0,0.0,postpaid,1.254,148.77,0.0,0.0,0.0,175.5486,-1158.417,"",'132772844015116677801,2026-05-04,11088459526,6259988f-491e-445a-9e7c-cf4e76890090,11088459526,Reverse,100033730579,100033730579,11504,1407.62,5.0,1650.0,0.0,1650.0,exchange,0.0,0.0,0.0,0.0,0.0,0.0,0.0,0.0,NA,0,1648.99
NFT-/XUTR/DEUTH026124A0H7YX,18.95,0.0,0.0,1699.0,398.0,18.786,1.895,0.0,0.0,postpaid,0.379,127.0,0.0,0.0,0.0,149.86,-526.8,"",'132827549010485074801,2026-05-04,11100338523,a1d17c7f-3a79-453d-9bf5-e9debba66a06,100153730575,Reverse,100045609556,100045609556,11504,379.05,5.0,1207.0,0.0,1207.0,return_refund,0.0,0.0,0.0,0.0,0.0,0.0,0.0,0.0,NA,0,492.0
NFT-/XUTR/DEUTH026124A0H7YX,63.24,0.0,0.0,2999.0,954.9360000000001,236.633,4.547,0.0,0.0,postpaid,0.909,130.872,0.0,0.0,0.0,154.42896,-867.276,"",'132804817623609676401,2026-05-04,11095678378,c15b3eb1-8c94-4c70-a9eb-ddbf3b5e4e0b,11095678378,Reverse,100040949419,100040949419,11504,1264.76,5.0,1500.0,0.0,1500.0,exchange,0.0,0.0,0.0,0.0,0.0,0.0,0.0,0.0,NA,0,1498.98
NFT-/XUTR/DEUTH026124A0H7YX,24.57,0.0,0.0,1650.0,516.0,133.954,2.457,0.0,0.0,postpaid,0.491,167.0,0.0,0.0,0.0,197.06,-576.158,"",'132787228337337257503,2026-05-04,11091564528,5f7e7ea0-a4af-48d2-b5b7-e5942575caaa,100152927325,Reverse,100036835573,100036835573,11504,491.43,5.0,1040.0,0.0,1040.0,return_refund,0.0,0.0,0.0,0.0,0.0,0.0,0.0,0.0,NA,0,610.0
NFT-/XUTR/DEUTH026124A0H7YX,42.62,0.0,0.0,3299.0,895.0,232.342,4.262,0.0,0.0,postpaid,0.852,0.0,0.0,27.0,0.0,31.86,625.684,"",'132832034830735951301,2026-05-04,11101495166,d2afc1b7-9b9b-425c-bb0b-8fb9fa8d0745,"",Forward,100046766193,100046766193,11504,852.38,5.0,2310.0,0.0,2310.0,packet_delivered,0.0,0.0,0.0,0.0,0.0,0.0,0.0,0.0,NA,0,989.0
NFT-/XUTR/DEUTH026124A0H7YX,87.05,0.0,0.0,1999.0,1149.7,271.329,5.475,0.0,0.0,postpaid,1.095,0.0,0.0,28.302,0.0,33.39636,838.405,"",'132812692804234969001,2026-05-04,11097348560,b4a4de52-82e3-4639-b8ec-7fa173828969,"",Forward,100042619600,100042619600,11504,1740.95,5.0,0.0,0.0,0.0,packet_delivered,0.0,0.0,0.0,0.0,0.0,0.0,0.0,0.0,NA,0,1999.0
NFT-/XUTR/DEUTH026124A0H7YX,19.05,0.0,0.0,1499.0,323.072,15.248999999999999,1.538,0.0,0.0,postpaid,0.308,90.46,0.0,0.0,0.0,106.7428,-412.72,"",'132776292426165479801,2026-05-04,11088838748,b9dc7292-085f-4fa3-a32b-7c9ea13029c5,11088838748,Reverse,100034109800,100034109800,11504,380.95,5.0,1005.0,0.0,1005.0,exchange,0.0,0.0,0.0,0.0,0.0,0.0,0.0,0.0,NA,0,493.99
NFT-/XUTR/DEUTH026124A0H7YX,123.48,0.0,0.0,3999.0,2593.0,611.948,12.348,0.0,0.0,postpaid,2.47,106.0,0.0,0.0,0.0,125.08,-2091.314,"",'132830825942210723203,2026-05-04,11101176705,d80a07f4-a727-4078-83a0-b2ad9e386ba5,100153269344,Reverse,100046447732,100046447732,11504,2469.52,5.0,1200.0,0.0,1200.0,return_refund,0.0,0.0,0.0,0.0,0.0,0.0,0.0,0.0,NA,0,2799.0
NFT-/XUTR/DEUTH026124A0H7YX,40.05,0.0,0.0,1990.0,841.0,218.324,4.005,0.0,0.0,postpaid,0.801,0.0,0.0,27.0,0.0,31.86,586.01,"",'132768532428122996803,2026-05-04,11087220759,f277b3c0-8b02-450a-93b2-9f172bedf398,"",Forward,100032491812,1000009789891,11504,800.95,5.0,1055.0,0.0,1055.0,packet_delivered,0.0,0.0,0.0,0.0,0.0,0.0,0.0,0.0,NA,0,935.0
NFT-/XUTR/DEUTH026124A0H7YX,72.76,0.0,0.0,1699.0,1528.0,360.608,7.276,0.0,0.0,postpaid,1.455,0.0,0.0,45.0,0.0,53.1,1105.561,"",'132811577004720553601,2026-05-04,11097055417,1161c022-cd2a-474d-8da5-76b38734d17c,"",Forward,100042326457,100042326457,11504,1455.24,5.0,0.0,0.0,0.0,packet_delivered,0.0,0.0,0.0,0.0,0.0,0.0,0.0,0.0,NA,0,1699.0
NFT-/XUTR/DEUTH026124A0H7YX,33.52,0.0,0.0,1699.0,704.0,182.758,3.352,0.0,0.0,postpaid,0.67,0.0,0.0,27.0,0.0,31.86,485.36,"",'132815382889450287601,2026-05-04,11098097368,841e37d7-2a39-4258-beda-08bf96ed1414,"",Forward,100043368404,1000012451496,11504,670.48,5.0,901.0,0.0,901.0,packet_delivered,0.0,0.0,0.0,0.0,0.0,0.0,0.0,0.0,NA,0,798.0
NFT-/XUTR/DEUTH026124A0H7YX,38.0,0.0,0.0,1899.0,798.0,207.161,3.8,0.0,0.0,postpaid,0.76,167.0,0.0,0.0,0.0,197.06,-783.339,"",'132768234922316784201,2026-05-04,11087131902,cf7f7d93-0488-45a8-a362-b51c508b5751,100152056361,Reverse,100032402955,100032402955,11504,760,5.0,1007.0,0.0,1007.0,return_refund,0.0,0.0,0.0,0.0,0.0,0.0,0.0,0.0,NA,0,892.0
NFT-/XUTR/DEUTH026124A0H7YX,106.81,0.0,0.0,3499.0,2243.0,529.348,10.681,0.0,0.0,postpaid,2.136,0.0,0.0,61.0,0.0,71.98,1628.855,"",'132785656162301488401,2026-05-04,11091042125,75e0f60c-2688-4307-b822-d7fc7719a1e6,"",Forward,100036313172,100036313172,11504,2136.19,5.0,1050.0,0.0,1050.0,packet_delivered,0.0,0.0,0.0,0.0,0.0,0.0,0.0,0.0,NA,0,2449.0
NFT-/XUTR/DEUTH026124A0H7YX,35.95,0.0,0.0,1699.0,345.195,89.612,1.644,0.0,0.0,postpaid,0.329,0.0,0.0,12.345,0.0,14.5671,239.043,"",'132812183570459138801,2026-05-04,11097215134,8bd254dd-9670-4b47-9b66-ec977128d40c,"",Forward,100042486174,1000012667732,11504,719.05,5.0,850.0,0.0,850.0,packet_delivered,0.0,0.0,0.0,0.0,0.0,0.0,0.0,0.0,NA,0,849.01
NFT-/XUTR/DEUTH026124A0H7YX,72.76,0.0,0.0,1699.0,1528.0,360.608,7.276,0.0,0.0,postpaid,1.455,0.0,0.0,45.0,0.0,53.1,1105.561,"",'132768532428122996803,2026-05-04,11087220757,f277b3c0-8b02-450a-93b2-9f172bedf398,"",Forward,100032491810,1000009789891,11504,1455.24,5.0,0.0,0.0,0.0,packet_delivered,0.0,0.0,0.0,0.0,0.0,0.0,0.0,0.0,NA,0,1699.0
NFT-/XUTR/DEUTH026124A0H7YX,113.95,0.0,0.0,2599.0,2393.0,564.748,11.395,0.0,0.0,postpaid,2.279,182.0,0.0,0.0,0.0,214.76,-2029.338,"",'132803382518345490201,2026-05-04,11095279438,55263de1-5595-4e71-b90d-726700ec5c10,100153770629,Reverse,100040550480,100040550480,11504,2279.05,5.0,0.0,0.0,0.0,return_refund,0.0,0.0,0.0,0.0,0.0,0.0,0.0,0.0,NA,0,2599.0
NFT-/XUTR/DEUTH026124A0H7YX,40.52,0.0,0.0,2100.0,851.0,220.92,4.052,0.0,0.0,postpaid,0.81,0.0,0.0,27.0,0.0,31.86,593.358,"",'132831853346366276401,2026-05-04,11101444730,c9e43a47-3634-4641-bcaa-611ecc64065b,"",Forward,100046715757,100046715757,11504,810.48,5.0,1155.0,0.0,1155.0,packet_delivered,0.0,0.0,0.0,0.0,0.0,0.0,0.0,0.0,NA,0,945.0
NFT-/XUTR/DEUTH026124A0H7YX,55.14,0.0,0.0,1899.0,1158.0,273.288,5.514,0.0,0.0,postpaid,1.103,0.0,0.0,45.0,0.0,53.1,824.995,"",'132777195135920784301,2026-05-04,11089130803,353f944a-94ae-4170-bb0d-de331e9977eb,"",Forward,100034401855,100034401855,11504,1102.86,5.0,570.0,0.0,570.0,packet_delivered,0.0,0.0,0.0,0.0,0.0,0.0,0.0,0.0,NA,0,1329.0
NFT-/XUTR/DEUTH026124A0H7YX,70.38,0.0,0.0,3299.0,1478.0,366.248,7.038,0.0,0.0,postpaid,1.408,0.0,0.0,45.0,0.0,53.1,1050.206,"",'132807204589687605803,2026-05-04,11096485165,fd878c52-a4c4-48c6-82e8-5d22037c415a,"",Forward,100041756206,100041756206,11504,1407.62,5.0,1650.0,0.0,1650.0,packet_delivered,0.0,0.0,0.0,0.0,0.0,0.0,0.0,0.0,NA,0,1649.0
NFT-/XUTR/DEUTH026124A0H7YX,18.48,0.0,0.0,1599.0,166.27,7.848,0.792,0.0,0.0,postpaid,0.158,0.0,0.0,0.0,0.0,0.0,157.472,"",'132827280327909726101,2026-05-04,11100294105,bf547b01-7019-4280-a8ae-d5671473b3d2,"",Forward,100045565138,100045565138,11504,369.52,5.0,1152.0,0.0,1152.0,packet_delivered,0.0,0.0,0.0,0.0,0.0,0.0,0.0,0.0,NA,0,447.0
NFT-/XUTR/DEUTH026124A0H7YX,0.0,14.5,14.5,1850.0,609.0,158.096,0.0,1.45,1.45,postpaid,0.58,106.0,0.0,0.0,0.0,125.08,-572.504,"",'132803306091793225703,2026-05-04,11095256742,f0ecf97e-e48c-4eb5-9361-7bf1c367544e,100152997067,Reverse,100040527784,1000011614274,11504,580,5.0,1147.0,0.0,1147.0,return_refund,0.0,0.0,0.0,0.0,0.0,0.0,0.0,0.0,NA,0,703.0
NFT-/XUTR/DEUTH026124A0H7YX,33.57,0.0,0.0,1599.0,705.0,183.018,3.357,0.0,0.0,postpaid,0.671,182.0,0.0,0.0,0.0,214.76,-732.714,"",'132803622240544249303,2026-05-04,11095348689,f2014a33-6647-49c4-a803-9154d41d6f68,100153602691,Reverse,100040619731,100040619731,11504,671.43,5.0,800.0,0.0,800.0,return_refund,0.0,0.0,0.0,0.0,0.0,0.0,0.0,0.0,NA,0,799.0
NFT-/XUTR/DEUTH026124A0H7YX,34.81,0.0,0.0,1650.0,645.38,167.541,3.073,0.0,0.0,postpaid,0.615,0.0,0.0,23.838,0.0,28.12884,446.022,"",'132789632289675661401,2026-05-04,11092426555,a5c75948-9a85-43da-b0dc-f9ce27ce09c9,"",Forward,100037697600,100037697600,11504,696.19,5.0,825.0,0.0,825.0,packet_delivered,0.0,0.0,0.0,0.0,0.0,0.0,0.0,0.0,NA,0,825.0
NFT-/XUTR/DEUTH026124A0H7YX,42.62,0.0,0.0,2999.0,895.0,232.342,4.262,0.0,0.0,postpaid,0.852,106.0,0.0,0.0,0.0,125.08,-782.624,"",'132811299944140831401,2026-05-04,11096981588,cf90ef74-9422-466d-abb9-a268b3ffd756,100155230413,Reverse,100042252628,1000012188543,11504,852.38,5.0,2010.0,0.0,2010.0,return_refund,0.0,0.0,0.0,0.0,0.0,0.0,0.0,0.0,NA,0,989.0
NFT-/XUTR/DEUTH026124A0H7YX,72.76,0.0,0.0,3399.0,1528.0,378.638,7.276,0.0,0.0,postpaid,1.455,0.0,0.0,45.0,0.0,53.1,1087.531,"",'132821987045159825003,2026-05-04,11099284167,9b784168-0af3-4949-8f3a-55b31c919380,"",Forward,100044555201,1000013201094,11504,1455.24,5.0,1700.0,0.0,1700.0,packet_delivered,0.0,0.0,0.0,0.0,0.0,0.0,0.0,0.0,NA,0,1699.0
NFT-/XUTR/DEUTH026124A0H7YX,63.24,0.0,0.0,2999.0,1328.0,329.078,6.324,0.0,0.0,postpaid,1.265,0.0,0.0,45.0,0.0,53.1,938.233,"",'132832102478273297403,2026-05-04,11101515149,d763171d-9561-48a8-b927-8aa2ebe02824,"",Forward,100046786176,100046786176,11504,1264.76,5.0,1500.0,0.0,1500.0,packet_delivered,0.0,0.0,0.0,0.0,0.0,0.0,0.0,0.0,NA,0,1499.0
NFT-/XUTR/DEUTH026124A0H7YX,34.05,0.0,0.0,1799.0,464.16,120.496,2.21,0.0,0.0,postpaid,0.442,0.0,0.0,17.528,0.0,20.68304,320.329,"",'132785983500102600603,2026-05-04,11091155123,37c98b7d-a46f-420f-9748-4bde25b6a970,"",Forward,100036426168,100036426168,11504,680.95,5.0,990.0,0.0,990.0,packet_delivered,0.0,0.0,0.0,0.0,0.0,0.0,0.0,0.0,NA,0,809.0
NFT-/XUTR/DEUTH026124A0H7YX,72.76,0.0,0.0,1699.0,1528.0,360.608,7.276,0.0,0.0,postpaid,1.455,0.0,0.0,45.0,0.0,53.1,1105.561,"",'132786003175794722703,2026-05-04,11091161655,b3e139ef-513f-49fa-9c42-6d63d4e8a2d3,"",Forward,100036432700,100036432700,11504,1455.24,5.0,0.0,0.0,0.0,packet_delivered,0.0,0.0,0.0,0.0,0.0,0.0,0.0,0.0,NA,0,1699.0
NFT-/XUTR/DEUTH026124A0H7YX,53.52,0.0,0.0,1850.0,1124.0,265.264,5.352,0.0,0.0,postpaid,1.07,127.0,0.0,0.0,0.0,149.86,-1002.174,"",'132811848276045203601,2026-05-04,11097128999,1cd4a62d-b0ca-4811-b8b7-a07098937bd5,100157192267,Reverse,100042400039,100042400039,11504,1070.48,5.0,555.0,0.0,555.0,return_refund,0.0,0.0,0.0,0.0,0.0,0.0,0.0,0.0,NA,0,1295.0
NFT-/XUTR/DEUTH026124A0H7YX,44.67,0.0,0.0,2999.0,938.0,243.505,4.467,0.0,0.0,postpaid,0.893,0.0,0.0,27.0,0.0,31.86,657.275,"",'132781324623955017503,2026-05-04,11090391810,2a0bb477-836d-4117-ba78-5d391401a485,"",Forward,100035662861,100035662861,11504,893.33,5.0,1890.0,0.0,1890.0,packet_delivered,0.0,0.0,0.0,0.0,0.0,0.0,0.0,0.0,NA,0,1109.0
NFT-/XUTR/DEUTH026124A0H7YX,49.95,0.0,0.0,3299.0,1049.0,259.942,4.995,0.0,0.0,postpaid,0.999,0.0,0.0,45.0,0.0,53.1,729.964,"",'132792169963478093201,2026-05-04,11092775678,372c4ea5-497b-47d4-8df1-41c9df4e6dda,"",Forward,100038046723,100038046723,11504,999.05,5.0,2079.0,250.0,2329.0,packet_delivered,0.0,0.0,0.0,0.0,0.0,0.0,0.0,0.0,NA,0,1220.0
NFT-/XUTR/DEUTH026124A0H7YX,27.19,0.0,0.0,1799.0,571.0,148.232,2.719,0.0,0.0,postpaid,0.544,0.0,0.0,27.0,0.0,31.86,387.645,"",'132805525327786734201,2026-05-04,11095885788,5aa12218-e895-4879-a4be-8de4907a1bcf,"",Forward,100041156829,1000011787878,11504,543.81,5.0,1134.0,0.0,1134.0,packet_delivered,0.0,0.0,0.0,0.0,0.0,0.0,0.0,0.0,NA,0,665.0
NFT-/XUTR/DEUTH026124A0H7YX,106.81,0.0,0.0,3499.0,2243.0,529.348,10.681,0.0,0.0,postpaid,2.136,0.0,0.0,61.0,0.0,71.98,1628.855,"",'132824360353615741601,2026-05-04,11100056502,07e2605e-1e9e-4be9-a46b-51d5a2b8a644,"",Forward,100045327535,100045327535,11504,2136.19,5.0,1050.0,0.0,1050.0,packet_delivered,0.0,0.0,0.0,0.0,0.0,0.0,0.0,0.0,NA,0,2449.0
NFT-/XUTR/DEUTH026124A0H7YX,20.76,0.0,0.0,1599.0,436.0,20.579,2.076,0.0,0.0,postpaid,0.415,0.0,0.0,19.0,0.0,22.42,390.51,"",'132789829266524405401,2026-05-04,11092508606,0eb8d378-9e97-4846-822a-b19f4d479179,"",Forward,100037779651,100037779651,11504,415.24,5.0,1104.0,0.0,1104.0,packet_delivered,0.0,0.0,0.0,0.0,0.0,0.0,0.0,0.0,NA,0,495.0
NFT-/XUTR/DEUTH026124A0H7YX,88.52,0.0,0.0,2950.0,1859.0,460.66,8.852,0.0,0.0,postpaid,1.77,0.0,0.0,45.0,0.0,53.1,1334.618,"",'132801325086836231101,2026-05-04,11094728989,7e214925-a7e7-47d5-ac8c-9d91ee1d633f,"",Forward,100040000031,100040000031,11504,1770.48,5.0,885.0,0.0,885.0,packet_delivered,0.0,0.0,0.0,0.0,0.0,0.0,0.0,0.0,NA,0,2065.0
NFT-/XUTR/DEUTH026124A0H7YX,43.1,0.0,0.0,1999.0,905.0,234.938,4.31,0.0,0.0,postpaid,0.862,0.0,0.0,27.0,0.0,31.86,633.03,"",'132781255627170535801,2026-05-04,11090373482,d673fc74-02c1-4310-9747-3ae49399e3f0,"",Forward,100035644533,1000010985727,11504,861.9,5.0,1000.0,0.0,1000.0,packet_delivered,0.0,0.0,0.0,0.0,0.0,0.0,0.0,0.0,NA,0,999.0
NFT-/XUTR/DEUTH026124A0H7YX,56.1,0.0,0.0,2699.0,773.553,191.687,3.684,0.0,0.0,postpaid,0.737,0.0,0.0,29.55,0.0,34.869,542.576,"",'132797607739037290701,2026-05-04,11094189816,63e517a2-e4a0-43f0-b6d1-9bebd8e911e7,"",Forward,100039460858,1000011570295,11504,1121.9,5.0,1350.0,0.0,1350.0,packet_delivered,0.0,0.0,0.0,0.0,0.0,0.0,0.0,0.0,NA,0,1348.99
NFT-/XUTR/DEUTH026124A0H7YX,38.33,0.0,0.0,1799.0,805.0,208.978,3.833,0.0,0.0,postpaid,0.767,0.0,0.0,27.0,0.0,31.86,559.562,"",'132815382889450287601,2026-05-04,11098097367,841e37d7-2a39-4258-beda-08bf96ed1414,"",Forward,100043368403,1000012451496,11504,766.67,5.0,900.0,0.0,900.0,packet_delivered,0.0,0.0,0.0,0.0,0.0,0.0,0.0,0.0,NA,0,899.0
NFT-/XUTR/DEUTH026124A0H7YX,44.67,0.0,0.0,2999.0,938.0,243.505,4.467,0.0,0.0,postpaid,0.893,0.0,0.0,27.0,0.0,31.86,657.275,"",'132799362285635881101,2026-05-04,11094630038,8cfb43cd-a7fb-42bd-9f6a-33b12fc7d4ab,"",Forward,100039901080,100039901080,11504,893.33,5.0,1890.0,0.0,1890.0,packet_delivered,0.0,0.0,0.0,0.0,0.0,0.0,0.0,0.0,NA,0,1109.0
NFT-/XUTR/DEUTH026124A0H7YX,56.71,0.0,0.0,2899.0,1191.0,295.13,5.671,0.0,0.0,postpaid,1.134,0.0,0.0,45.0,0.0,53.1,835.965,"",'132789147080236543203,2026-05-04,11092214045,8cb479b0-23f7-4ad5-b7e2-8db58c052d9a,"",Forward,100037485090,1000011559032,11504,1134.29,5.0,1537.0,0.0,1537.0,packet_delivered,0.0,0.0,0.0,0.0,0.0,0.0,0.0,0.0,NA,0,1362.0
NFT-/XUTR/DEUTH026124A0H7YX,70.1,0.0,0.0,1999.0,1472.0,347.392,7.01,0.0,0.0,postpaid,1.402,0.0,0.0,45.0,0.0,53.1,1063.096,"",'132804277273400097003,2026-05-04,11095531369,7e4b4daf-154c-412e-ad20-070c0368f377,"",Forward,100040802410,1000012144069,11504,1401.9,5.0,356.0,0.0,356.0,packet_delivered,0.0,0.0,0.0,0.0,0.0,0.0,0.0,0.0,NA,0,1643.0
NFT-/XUTR/DEUTH026124A0H7YX,99.67,0.0,0.0,2299.0,2093.0,493.948,9.967,0.0,0.0,postpaid,1.993,127.0,0.0,0.0,0.0,149.86,-1736.952,"",'132790703889777344503,2026-05-04,11092712481,67d15c50-3103-45e9-8395-dcc6e729f8a0,100151974066,Reverse,100037983526,100037983526,11504,1993.33,5.0,0.0,0.0,0.0,return_refund,0.0,0.0,0.0,0.0,0.0,0.0,0.0,0.0,NA,0,2299.0
NFT-/XUTR/DEUTH026124A0H7YX,0.0,28.36,28.36,2899.0,1191.0,295.13,0.0,2.8355,2.8355,postpaid,1.134,0.0,0.0,45.0,0.0,53.1,835.965,"",'132814918996476741601,2026-05-04,11097924475,7988d01a-a9ab-484b-b79c-5d1f91e34ee7,"",Forward,100043195511,100043195511,11504,1134.28,5.0,1537.0,0.0,1537.0,packet_delivered,0.0,0.0,0.0,0.0,0.0,0.0,0.0,0.0,NA,0,1361.9999999999998
NFT-/XUTR/DEUTH026124A0H7YX,0.0,14.48,14.48,1899.0,608.0,157.837,0.0,1.4475,1.4475,postpaid,0.579,0.0,0.0,27.0,0.0,31.86,414.829,"",'132812580256439841701,2026-05-04,11097318365,cba30295-ba41-4e8a-8c79-b0f55ae046a4,"",Forward,100042589405,1000012267071,11504,579.04,5.0,1197.0,0.0,1197.0,packet_delivered,0.0,0.0,0.0,0.0,0.0,0.0,0.0,0.0,NA,0,702.0
NFT-/XUTR/DEUTH026124A0H7YX,42.62,0.0,0.0,3299.0,895.0,232.342,4.262,0.0,0.0,postpaid,0.852,0.0,0.0,27.0,0.0,31.86,625.684,"",'132819741879457876303,2026-05-04,11098694243,a43ab7f7-a7d0-4f99-8c41-ac2746acdca7,"",Forward,100043965278,100043965278,11504,852.38,5.0,2310.0,0.0,2310.0,packet_delivered,0.0,0.0,0.0,0.0,0.0,0.0,0.0,0.0,NA,0,989.0
NFT-/XUTR/DEUTH026124A0H7YX,72.76,0.0,0.0,3399.0,1168.74,289.614,5.565,0.0,0.0,postpaid,1.113,0.0,0.0,34.42,0.0,40.6156,831.832,"",'132830141018997216803,2026-05-04,11101007358,f0773922-5ef0-484c-a535-dc0880bcad75,"",Forward,100046278390,1000013761361,11504,1455.24,5.0,1700.0,0.0,1700.0,packet_delivered,0.0,0.0,0.0,0.0,0.0,0.0,0.0,0.0,NA,0,1699.0
NFT-/XUTR/DEUTH026124A0H7YX,40.71,0.0,0.0,1899.0,855.0,211.869,4.071,0.0,0.0,postpaid,0.814,0.0,0.0,27.0,0.0,31.86,606.386,"",'132824240783033190301,2026-05-04,11100022058,476e97c4-6df9-45c9-8e1f-0708b7eee3f6,"",Forward,100045293091,100045293091,11504,814.29,5.0,950.0,0.0,950.0,packet_delivered,0.0,0.0,0.0,0.0,0.0,0.0,0.0,0.0,NA,0,949.0
NFT-/XUTR/DEUTH026124A0H7YX,63.24,0.0,0.0,2999.0,158.78,39.346,0.756,0.0,0.0,postpaid,0.151,0.0,0.0,5.38,0.0,6.3484,112.179,"",'132776369537483633801,2026-05-04,11088860987,dc082d55-5ab2-4099-9de9-c5fbeda4dcb4,"",Forward,100034132039,100034132039,11504,1264.76,5.0,1500.0,0.0,1500.0,packet_delivered,0.0,0.0,0.0,0.0,0.0,0.0,0.0,0.0,NA,0,1499.0
NFT-/XUTR/DEUTH026124A0H7YX,25.43,0.0,0.0,1699.0,534.0,138.626,2.543,0.0,0.0,postpaid,0.509,106.0,0.0,0.0,0.0,125.08,-517.402,"",'132806027633669147503,2026-05-04,11096049362,e2a04856-e2e8-40ae-92f8-8fcc5958bb8a,100152223119,Reverse,100041320403,1000012143516,11504,508.57,5.0,1071.0,0.0,1071.0,return_refund,0.0,0.0,0.0,0.0,0.0,0.0,0.0,0.0,NA,0,628.0
NFT-/XUTR/DEUTH026124A0H7YX,42.62,0.0,0.0,2999.0,895.0,232.342,4.262,0.0,0.0,postpaid,0.852,0.0,0.0,27.0,0.0,31.86,625.684,"",'132781255627170535801,2026-05-04,11090373481,d673fc74-02c1-4310-9747-3ae49399e3f0,"",Forward,100035644532,1000010985727,11504,852.38,5.0,2010.0,0.0,2010.0,packet_delivered,0.0,0.0,0.0,0.0,0.0,0.0,0.0,0.0,NA,0,989.0
NFT-/XUTR/DEUTH026124A0H7YX,39.52,0.0,0.0,2499.0,830.0,215.468,3.952,0.0,0.0,postpaid,0.79,0.0,0.0,27.0,0.0,31.86,577.93,"",'132806188419991449103,2026-05-04,11096104116,14437e23-4445-4bf3-90c8-5839390d1abc,"",Forward,100041375157,100041375157,11504,790.48,5.0,1575.0,0.0,1575.0,packet_delivered,0.0,0.0,0.0,0.0,0.0,0.0,0.0,0.0,NA,0,924.0
NFT-/XUTR/DEUTH026124A0H7YX,63.24,0.0,0.0,2999.0,1275.99,316.19,6.076,0.0,0.0,postpaid,1.215,0.0,0.0,43.238,0.0,51.02084,901.488,"",'132815687639247376703,2026-05-04,11098208732,cea91a0e-0289-4ce7-b76d-57b3e9d49ec8,"",Forward,100043479767,100043479767,11504,1264.76,5.0,1500.0,0.0,1500.0,packet_delivered,0.0,0.0,0.0,0.0,0.0,0.0,0.0,0.0,NA,0,1499.0
NFT-/XUTR/DEUTH026124A0H7YX,37.19,0.0,0.0,1750.0,781.0,202.748,3.719,0.0,0.0,postpaid,0.744,0.0,0.0,27.0,0.0,31.86,541.929,"",'132779387481387968701,2026-05-04,11089776901,e2843691-baee-4ba1-afa3-0f961430bfc6,"",Forward,100035047952,100035047952,11504,743.81,5.0,875.0,0.0,875.0,packet_delivered,0.0,0.0,0.0,0.0,0.0,0.0,0.0,0.0,NA,0,875.0
NFT-/XUTR/DEUTH026124A0H7YX,63.24,0.0,0.0,2999.0,852.27,211.193,4.058,0.0,0.0,postpaid,0.812,68.028,0.0,0.0,0.0,80.27304,-716.48,"",'132832536695357345401,2026-05-04,11101649978,d280b1bb-8042-4d60-8e52-56ac3c16c728,100154450971,Reverse,100046921005,100046921005,11504,1264.76,5.0,1500.0,0.0,1500.0,return_refund,0.0,0.0,0.0,0.0,0.0,0.0,0.0,0.0,NA,0,1498.98
NFT-/XUTR/DEUTH026124A0H7YX,35.95,0.0,0.0,1699.0,754.15,195.777,3.591,0.0,0.0,postpaid,0.718,0.0,0.0,26.97,0.0,31.8246,522.239,"",'132832600314837012801,2026-05-04,11101670639,3f6a4444-3f95-43f8-8ab0-50212cc4b7c2,"",Forward,100046941666,100046941666,11504,719.05,5.0,850.0,0.0,850.0,packet_delivered,0.0,0.0,0.0,0.0,0.0,0.0,0.0,0.0,NA,0,848.99
NFT-/XUTR/DEUTH026124A0H7YX,35.95,0.0,0.0,1699.0,568.432,147.565,2.707,0.0,0.0,postpaid,0.541,0.0,0.0,20.328,0.0,23.98704,393.632,"",'132802936150250957703,2026-05-04,11095140633,31ef21b5-d3ec-4a64-bc42-318cabc3e295,"",Forward,100040411675,100040411675,11504,719.05,5.0,850.0,0.0,850.0,packet_delivered,0.0,0.0,0.0,0.0,0.0,0.0,0.0,0.0,NA,0,848.99
NFT-/XUTR/DEUTH026124A0H7YX,60.86,0.0,0.0,2899.0,1278.0,316.688,6.086,0.0,0.0,postpaid,1.217,167.0,0.0,0.0,0.0,197.06,-1151.069,"",'132788597629741241403,2026-05-04,11092011113,fbcdc197-f759-4244-9cb4-5f564294c4d3,100152857451,Reverse,100037282158,100037282158,11504,1217.14,5.0,1450.0,0.0,1450.0,return_refund,0.0,0.0,0.0,0.0,0.0,0.0,0.0,0.0,NA,0,1449.0
NFT-/XUTR/DEUTH026124A0H7YX,72.76,0.0,0.0,3399.0,1528.0,378.638,7.276,0.0,0.0,postpaid,1.455,127.0,0.0,0.0,0.0,149.86,-1290.491,"",'132821987045159825003,2026-05-04,11099284167,9b784168-0af3-4949-8f3a-55b31c919380,100153303896,Reverse,100044555201,1000013201094,11504,1455.24,5.0,1700.0,0.0,1700.0,return_refund,0.0,0.0,0.0,0.0,0.0,0.0,0.0,0.0,NA,0,1699.0
NFT-/XUTR/DEUTH026124A0H7YX,100.14,0.0,0.0,3299.0,2103.0,496.308,10.014,0.0,0.0,postpaid,2.003,0.0,0.0,61.0,0.0,71.98,1522.695,"",'132795123999664937903,2026-05-04,11093487503,396a9ccd-2bf3-4a54-9b43-1a86bc3c74f0,"",Forward,100038758547,100038758547,11504,2002.86,5.0,990.0,0.0,990.0,packet_delivered,0.0,0.0,0.0,0.0,0.0,0.0,0.0,0.0,NA,0,2309.0
NFT-/XUTR/DEUTH026124A0H7YX,42.91,0.0,0.0,2899.0,901.0,233.9,4.29,0.0,0.0,postpaid,0.858,0.0,0.0,27.0,0.0,31.86,630.092,"",'132779789284328233301,2026-05-04,11089895173,cde062b9-579b-4de9-a0a4-c8f6feae6efb,"",Forward,100035166224,100035166224,11504,858.1,5.0,1827.0,0.0,1827.0,packet_delivered,0.0,0.0,0.0,0.0,0.0,0.0,0.0,0.0,NA,0,1072.01
NFT-/XUTR/DEUTH026124A0H7YX,66.43,0.0,0.0,3299.0,220.428,54.622,1.05,0.0,0.0,postpaid,0.21,0.0,0.0,7.111,0.0,8.39098,156.155,"",'132832630022377664603,2026-05-04,11101680033,77dd05b5-1a7b-4764-9b90-f3da6b204f7b,"",Forward,100046951060,100046951060,11504,1328.57,5.0,1733.0,0.0,1733.0,packet_delivered,0.0,0.0,0.0,0.0,0.0,0.0,0.0,0.0,NA,0,1565.99
NFT-/XUTR/DEUTH026124A0H7YX,19.67,0.0,0.0,1750.0,413.0,19.494,1.967,0.0,0.0,postpaid,0.393,127.0,0.0,0.0,0.0,149.86,-541.006,"",'132798242430114952603,2026-05-04,11094418165,64ef6f39-b710-40c9-af88-5255f119bf76,100152298577,Reverse,100039689207,100039689207,11504,393.33,5.0,1243.0,0.0,1243.0,return_refund,0.0,0.0,0.0,0.0,0.0,0.0,0.0,0.0,NA,0,507.0
NFT-/XUTR/DEUTH026124A0H7YX,37.19,0.0,0.0,1750.0,781.0,202.748,3.719,0.0,0.0,postpaid,0.744,0.0,0.0,27.0,0.0,31.86,541.929,"",'132768532428122996803,2026-05-04,11087220758,f277b3c0-8b02-450a-93b2-9f172bedf398,"",Forward,100032491811,1000009789891,11504,743.81,5.0,875.0,0.0,875.0,packet_delivered,0.0,0.0,0.0,0.0,0.0,0.0,0.0,0.0,NA,0,875.0
NFT-/XUTR/DEUTH026124A0H7YX,58.95,0.0,0.0,2999.0,1238.0,306.776,5.895,0.0,0.0,postpaid,1.179,0.0,0.0,45.0,0.0,53.1,871.05,"",'132828527262811614503,2026-05-04,11100573232,5716f1ee-9718-41cb-9dc2-871ec6f3fe3c,"",Forward,100045844265,1000013242704,11504,1179.05,5.0,1590.0,0.0,1590.0,packet_delivered,0.0,0.0,0.0,0.0,0.0,0.0,0.0,0.0,NA,0,1409.0
NFT-/XUTR/DEUTH026124A0H7YX,448.93,0.0,0.0,4499.0,2943.0,694.548,12.47,0.0,0.0,postpaid,2.494,167.0,0.0,0.0,0.0,197.06,-2430.548,"",'132789441691211242503,2026-05-04,11092341601,42edea2b-1016-4219-85b9-10a60e7d82fc,100152766792,Reverse,100037612646,100037612646,11504,2494.07,18.0,1350.0,0.0,1350.0,return_refund,0.0,0.0,0.0,0.0,0.0,0.0,0.0,0.0,NA,0,3149.0
NFT-/XUTR/DEUTH026124A0H7YX,,,,,,,,,,,,,,,,,-1593.0,M27KAIN069183290426,,2026-05-04 00:00:00,,,,NOD,"",,11504,,,,,,,,,,,,,,,,,
NFT-/XUTR/DEUTH026124A0H7YX,90.14,0.0,0.0,2999.0,1893.0,469.085,9.014,0.0,0.0,postpaid,1.803,0.0,0.0,45.0,0.0,53.1,1359.998,"",'132794192939889132701,2026-05-04,11093218214,ef7be181-42b1-403b-9081-73eae2fd9ffb,"",Forward,100038489258,100038489258,11504,1802.86,5.0,900.0,300.0,1200.0,packet_delivered,0.0,0.0,0.0,0.0,0.0,0.0,0.0,0.0,NA,0,2099.0
NFT-/XUTR/DEUTH026124A0H7YX,48.48,0.0,0.0,1699.0,97.0,22.892,0.462,0.0,0.0,postpaid,0.092,0.0,0.0,4.288,0.0,5.05984,68.494,"",'132821546824190093503,2026-05-04,11099166543,f1249731-26fe-4d4a-ac0d-fe3a37a1fae6,"",Forward,100044437576,100044437576,11504,969.52,5.0,510.0,97.0,607.0,packet_delivered,0.0,0.0,0.0,0.0,0.0,0.0,0.0,0.0,NA,0,1189.0
NFT-/XUTR/DEUTH026124A0H7YX,58.95,0.0,0.0,2999.0,1130.689,280.185,5.384,0.0,0.0,postpaid,1.077,0.0,0.0,41.099,0.0,48.49682,795.546,"",'132823245830202737903,2026-05-04,11099641333,35b85432-4baa-4bf1-b02d-98a5b0cd642f,"",Forward,100044912367,100044912367,11504,1179.05,5.0,1590.0,0.0,1590.0,packet_delivered,0.0,0.0,0.0,0.0,0.0,0.0,0.0,0.0,NA,0,1409.01
NFT-/XUTR/DEUTH026124A0H7YX,18.0,0.0,0.0,1750.0,373.3,17.62,1.778,0.0,0.0,postpaid,0.356,0.0,0.0,0.0,0.0,0.0,353.546,"",'132767548061794291703,2026-05-04,11086935295,c43bfa03-7ce3-4207-9683-387192cc5195,"",Forward,100032206348,1000009097394,11504,360,5.0,1313.0,0.0,1313.0,packet_delivered,0.0,0.0,0.0,0.0,0.0,0.0,0.0,0.0,NA,0,437.0
NFT-/XUTR/DEUTH026124A0H7YX,106.81,0.0,0.0,3499.0,2243.0,529.348,10.681,0.0,0.0,postpaid,2.136,106.0,0.0,0.0,0.0,125.08,-1825.915,"",'132824360353615741601,2026-05-04,11100056502,07e2605e-1e9e-4be9-a46b-51d5a2b8a644,100152747622,Reverse,100045327535,100045327535,11504,2136.19,5.0,1050.0,0.0,1050.0,return_refund,0.0,0.0,0.0,0.0,0.0,0.0,0.0,0.0,NA,0,2449.0
NFT-/XUTR/DEUTH026124A0H7YX,64.67,0.0,0.0,3399.0,1358.0,336.512,6.467,0.0,0.0,postpaid,1.293,0.0,0.0,45.0,0.0,53.1,960.628,"",'132814404181201273101,2026-05-04,11097778068,1850ec6d-1827-472d-9137-9abd6af640d2,"",Forward,100043049104,100043049104,11504,1293.33,5.0,1870.0,0.0,1870.0,packet_delivered,0.0,0.0,0.0,0.0,0.0,0.0,0.0,0.0,NA,0,1529.0
NFT-/XUTR/DEUTH026124A0H7YX,78.48,0.0,0.0,2599.0,1648.0,388.928,7.848,0.0,0.0,postpaid,1.57,167.0,0.0,0.0,0.0,197.06,-1446.714,"",'132786505742188171903,2026-05-04,11091329259,22beb784-b031-425f-876f-7e104c097a32,11091329259,Reverse,100036600304,100036600304,11504,1569.52,5.0,780.0,0.0,780.0,exchange,0.0,0.0,0.0,0.0,0.0,0.0,0.0,0.0,NA,0,1818.99
NFT-/XUTR/DEUTH026124A0H7YX,23.67,0.0,0.0,1599.0,497.0,23.458,2.367,0.0,0.0,postpaid,0.473,0.0,0.0,27.0,0.0,31.86,438.842,"",'132794339242380329903,2026-05-04,11093261466,f9a750fe-47f9-4a64-82bc-ed20d6fe6116,"",Forward,100038532510,100038532510,11504,473.33,5.0,1008.0,0.0,1008.0,packet_delivered,0.0,0.0,0.0,0.0,0.0,0.0,0.0,0.0,NA,0,591.0
NFT-/XUTR/DEUTH026124A0H7YX,39.52,0.0,0.0,2499.0,830.0,215.468,3.952,0.0,0.0,postpaid,0.79,0.0,0.0,27.0,0.0,31.86,577.93,"",'132794319506517613501,2026-05-04,11093255583,c83bbf50-d475-45cc-ba21-29444fb0b6ec,"",Forward,100038526627,100038526627,11504,790.48,5.0,1575.0,0.0,1575.0,packet_delivered,0.0,0.0,0.0,0.0,0.0,0.0,0.0,0.0,NA,0,924.0
NFT-/XUTR/DEUTH026124A0H7YX,56.86,0.0,0.0,1950.0,1194.0,281.784,5.686,0.0,0.0,postpaid,1.137,0.0,0.0,45.0,0.0,53.1,852.293,"",'132822956841646053301,2026-05-04,11099559519,43e02d04-5353-4f7f-898d-090a6fa7008a,"",Forward,100044830553,100044830553,11504,1137.14,5.0,585.0,0.0,585.0,packet_delivered,0.0,0.0,0.0,0.0,0.0,0.0,0.0,0.0,NA,0,1365.0
NFT-/XUTR/DEUTH026124A0H7YX,0.0,37.57,37.57,3499.0,1578.0,391.028,0.0,3.757,3.757,postpaid,1.503,106.0,0.0,0.0,0.0,125.08,-1303.035,"",'132822510625532340601,2026-05-04,11099428664,fa367dc9-5d74-4986-9b26-d1cf3701c4f2,100152883837,Reverse,100044699698,100044699698,11504,1502.86,5.0,1750.0,0.0,1750.0,return_refund,0.0,0.0,0.0,0.0,0.0,0.0,0.0,0.0,NA,0,1748.9999999999998
NFT-/XUTR/DEUTH026124A0H7YX,0.0,28.43,28.43,1950.0,1194.0,281.784,0.0,2.843,2.843,postpaid,1.137,0.0,0.0,45.0,0.0,53.1,852.293,"",'132812580256439841701,2026-05-04,11097318370,cba30295-ba41-4e8a-8c79-b0f55ae046a4,"",Forward,100042589410,1000012267071,11504,1137.14,5.0,585.0,0.0,585.0,packet_delivered,0.0,0.0,0.0,0.0,0.0,0.0,0.0,0.0,NA,0,1365.0000000000002
NFT-/XUTR/DEUTH026124A0H7YX,42.91,0.0,0.0,2899.0,877.25,227.734,4.177,0.0,0.0,postpaid,0.835,0.0,0.0,26.288,0.0,31.01984,613.484,"",'132781075075329537503,2026-05-04,11090319031,9a07a982-de34-47f7-bf18-1b90e817c0a8,"",Forward,100035590082,1000010370933,11504,858.1,5.0,1827.0,0.0,1827.0,packet_delivered,0.0,0.0,0.0,0.0,0.0,0.0,0.0,0.0,NA,0,1072.02
NFT-/XUTR/DEUTH026124A0H7YX,48.95,0.0,0.0,2999.0,1028.0,254.73799999999994,4.895,0.0,0.0,postpaid,0.979,0.0,0.0,45.0,0.0,53.1,714.288,"",'132767765029426121703,2026-05-04,11086994719,a4a4ae2e-da41-4824-a1fd-da29a325e858,"",Forward,100032265772,100032265772,11504,979.05,5.0,1800.0,0.0,1800.0,packet_delivered,0.0,0.0,0.0,0.0,0.0,0.0,0.0,0.0,NA,0,1199.0
NFT-/XUTR/DEUTH026124A0H7YX,32.43,0.0,0.0,1650.0,384.44399999999996,99.802,1.831,0.0,0.0,postpaid,0.366,102.744,0.0,0.0,0.0,121.23792,-403.683,"",'132804423622628842101,2026-05-04,11095571212,1bb73fec-871b-4973-87a1-3350c965116b,100153177950,Reverse,100040842253,100040842253,11504,648.57,5.0,875.0,0.0,875.0,return_refund,0.0,0.0,0.0,0.0,0.0,0.0,0.0,0.0,NA,0,774.99
NFT-/XUTR/DEUTH026124A0H7YX,19.1,0.0,0.0,1599.0,401.0,18.927,1.91,0.0,0.0,postpaid,0.382,0.0,0.0,15.0,0.0,17.7,362.081,"",'132806445466664404101,2026-05-04,11096198197,7f11d0b8-2cfc-4ae0-8fc6-56eed155fc51,"",Forward,100041469238,100041469238,11504,381.9,5.0,1104.0,0.0,1104.0,packet_delivered,0.0,0.0,0.0,0.0,0.0,0.0,0.0,0.0,NA,0,495.0
NFT-/XUTR/DEUTH026124A0H7YX,87.05,0.0,0.0,1999.0,1828.0,431.408,8.705,0.0,0.0,postpaid,1.741,0.0,0.0,45.0,0.0,53.1,1333.046,"",'132777467103576566601,2026-05-04,11089214944,270767ee-828e-4176-a7a5-56581bfe5181,"",Forward,100034485996,100034485996,11504,1740.95,5.0,0.0,0.0,0.0,packet_delivered,0.0,0.0,0.0,0.0,0.0,0.0,0.0,0.0,NA,0,1999.0
NFT-/XUTR/DEUTH026124A0H7YX,39.52,0.0,0.0,2499.0,830.0,215.468,3.952,0.0,0.0,postpaid,0.79,182.0,0.0,0.0,0.0,214.76,-824.55,"",'132806325609587110203,2026-05-04,11096152120,39c2c9ee-adb2-4bb4-a909-5eee1eaf4739,100156649383,Reverse,100041423161,100041423161,11504,790.48,5.0,1575.0,0.0,1575.0,return_refund,0.0,0.0,0.0,0.0,0.0,0.0,0.0,0.0,NA,0,924.0
NFT-/XUTR/DEUTH026124A0H7YX,58.95,0.0,0.0,2999.0,1231.48,305.161,5.864,0.0,0.0,postpaid,1.173,0.0,0.0,44.763,0.0,52.82034,866.462,"",'132819924065226041301,2026-05-04,11098745420,777b57ba-74eb-4b6f-a37e-acc52ce35ec3,"",Forward,100044016455,100044016455,11504,1179.05,5.0,1590.0,0.0,1590.0,packet_delivered,0.0,0.0,0.0,0.0,0.0,0.0,0.0,0.0,NA,0,1408.99
NFT-/XUTR/DEUTH026124A0H7YX,24.57,0.0,0.0,1650.0,516.0,133.954,2.457,0.0,0.0,postpaid,0.491,112.0,0.0,0.0,0.0,132.16,-511.258,"",'132788962458026952101,2026-05-04,11092141564,99050da6-aaa6-46fd-a6ef-906d59714286,100152339515,Reverse,100037412609,100037412609,11504,491.43,5.0,1040.0,0.0,1040.0,return_refund,0.0,0.0,0.0,0.0,0.0,0.0,0.0,0.0,NA,0,610.0
NFT-/XUTR/DEUTH026124A0H7YX,33.52,0.0,0.0,3399.0,704.0,33.229,3.352,0.0,0.0,postpaid,0.67,0.0,0.0,27.0,0.0,31.86,634.889,"",'132777458225830068001,2026-05-04,11089212197,10db26b5-3445-4d87-ba53-a380aba42fb6,"",Forward,100034483249,100034483249,11504,670.48,5.0,2601.0,240.0,2841.0,packet_delivered,0.0,0.0,0.0,0.0,0.0,0.0,0.0,0.0,NA,0,798.0
NFT-/XUTR/DEUTH026124A0H7YX,68.48,0.0,0.0,2299.0,1174.54,277.191,5.593,0.0,0.0,postpaid,1.119,148.655,0.0,0.0,0.0,175.4129,-1066.05,"",'132810299564990453003,2026-05-04,11096750017,2043b4a3-5300-46e0-854e-9380834e51b0,11096750017,Reverse,100042021058,1000012045410,11504,1369.52,5.0,690.0,0.0,690.0,exchange,0.0,0.0,0.0,0.0,0.0,0.0,0.0,0.0,NA,0,1609.0
NFT-/XUTR/DEUTH026124A0H7YX,25.95,0.0,0.0,1599.0,545.0,141.482,2.595,0.0,0.0,postpaid,0.519,0.0,0.0,27.0,0.0,31.86,368.544,"",'132778310791099975401,2026-05-04,11089468931,356d60f4-650c-4177-8749-7e8f40a427e5,"",Forward,100034739983,100034739983,11504,519.05,5.0,960.0,0.0,960.0,packet_delivered,0.0,0.0,0.0,0.0,0.0,0.0,0.0,0.0,NA,0,639.0
NFT-/XUTR/DEUTH026124A0H7YX,18.95,0.0,0.0,1699.0,398.0,18.786,1.895,0.0,0.0,postpaid,0.379,0.0,0.0,0.0,0.0,0.0,376.94,"",'132771777325348961501,2026-05-04,11088127974,317a813f-25f6-4e83-9a25-1794039f2d7b,"",Forward,100033399027,100033399027,11504,379.05,5.0,1207.0,0.0,1207.0,packet_delivered,0.0,0.0,0.0,0.0,0.0,0.0,0.0,0.0,NA,0,492.0
NFT-/XUTR/DEUTH026124A0H7YX,32.57,0.0,0.0,2999.0,684.0,32.285,3.257,0.0,0.0,postpaid,0.651,0.0,0.0,27.0,0.0,31.86,615.947,"",'132836715685873794503,2026-05-04,11102227414,543cf395-f8c2-4b3a-8002-02e5d8cf9542,"",Forward,100047498441,100047498441,11504,651.43,5.0,2221.0,0.0,2221.0,packet_delivered,0.0,0.0,0.0,0.0,0.0,0.0,0.0,0.0,NA,0,778.0
NFT-/XUTR/DEUTH026124A0H7YX,487.07,0.0,0.0,3399.0,3193.0,753.548,13.53,0.0,0.0,postpaid,2.706,127.0,0.0,0.0,0.0,149.86,-2573.076,"",'132804451473263620901,2026-05-04,11095578791,f4433b89-3e27-4966-8e57-2b88aac2b741,100153098038,Reverse,100040849832,100040849832,11504,2705.93,18.0,0.0,0.0,0.0,return_refund,0.0,0.0,0.0,0.0,0.0,0.0,0.0,0.0,NA,0,3399.0
NFT-/XUTR/DEUTH026124A0H7YX,70.38,0.0,0.0,3299.0,1478.0,366.248,7.038,0.0,0.0,postpaid,1.408,106.0,0.0,0.0,0.0,125.08,-1228.386,"",'132823319024967711201,2026-05-04,11099663795,63bb06d5-8d6e-4bb8-af9f-91d65a4b97a9,100152796610,Reverse,100044934829,100044934829,11504,1407.62,5.0,1650.0,0.0,1650.0,return_refund,0.0,0.0,0.0,0.0,0.0,0.0,0.0,0.0,NA,0,1649.0
NFT-/XUTR/DEUTH026124A0H7YX,487.07,0.0,0.0,3399.0,3193.0,753.548,13.53,0.0,0.0,postpaid,2.706,0.0,0.0,61.0,0.0,71.98,2351.236,"",'132804451473263620901,2026-05-04,11095578791,f4433b89-3e27-4966-8e57-2b88aac2b741,"",Forward,100040849832,100040849832,11504,2705.93,18.0,0.0,0.0,0.0,packet_delivered,0.0,0.0,0.0,0.0,0.0,0.0,0.0,0.0,NA,0,3399.0
NFT-/XUTR/DEUTH026124A0H7YX,18.95,0.0,0.0,1699.0,398.0,18.786,1.895,0.0,0.0,postpaid,0.379,0.0,0.0,0.0,0.0,0.0,376.94,"",'132810075100979859301,2026-05-04,11096711638,f3288f98-3f74-4603-b539-4817540f901d,"",Forward,100041982679,100041982679,11504,379.05,5.0,1207.0,0.0,1207.0,packet_delivered,0.0,0.0,0.0,0.0,0.0,0.0,0.0,0.0,NA,0,492.0
NFT-/XUTR/DEUTH026124A0H7YX,19.1,0.0,0.0,1599.0,401.0,18.927,1.91,0.0,0.0,postpaid,0.382,0.0,0.0,15.0,0.0,17.7,362.081,"",'132778674706654885903,2026-05-04,11089572974,a5412ffd-3da4-449b-aac3-306a778d86fb,"",Forward,100034844025,1000009941597,11504,381.9,5.0,1104.0,109.0,1213.0,packet_delivered,0.0,0.0,0.0,0.0,0.0,0.0,0.0,0.0,NA,0,495.0
NFT-/XUTR/DEUTH026124A0H7YX,103.48,0.0,0.0,3399.0,122.501,28.91,0.583,0.0,0.0,postpaid,0.117,0.0,0.0,3.439,0.0,4.05802,88.833,"",'132818418287809214903,2026-05-04,11098425172,373ccca8-0918-4e38-a8cd-cf358d8c8dd0,"",Forward,100043696208,100043696208,11504,2069.52,5.0,1020.0,0.0,1020.0,packet_delivered,0.0,0.0,0.0,0.0,0.0,0.0,0.0,0.0,NA,0,2379.01
NFT-/XUTR/DEUTH026124A0H7YX,63.24,0.0,0.0,2999.0,1328.0,329.078,6.324,0.0,0.0,postpaid,1.265,167.0,0.0,0.0,0.0,197.06,-1188.393,"",'132772732538009928701,2026-05-04,11088436915,d11289d4-05fa-4c78-95e8-86229410f9b6,11088436915,Reverse,100033707968,100033707968,11504,1264.76,5.0,1500.0,0.0,1500.0,exchange,0.0,0.0,0.0,0.0,0.0,0.0,0.0,0.0,NA,0,1499.0
NFT-/XUTR/DEUTH026124A0H7YX,33.52,0.0,0.0,1699.0,704.0,182.758,3.352,0.0,0.0,postpaid,0.67,0.0,0.0,27.0,0.0,31.86,485.36,"",'132828790768828646003,2026-05-04,11100652549,092f8f75-7e01-499e-b3d1-a9ebec2c99ad,"",Forward,100045923582,100045923582,11504,670.48,5.0,901.0,0.0,901.0,packet_delivered,0.0,0.0,0.0,0.0,0.0,0.0,0.0,0.0,NA,0,798.0
NFT-/XUTR/DEUTH026124A0H7YX,70.38,0.0,0.0,3299.0,1208.02,299.347,5.752,0.0,0.0,postpaid,1.15,0.0,0.0,36.78,0.0,43.4004,858.371,"",'132812986884252139701,2026-05-04,11097423999,c171cd25-e062-4849-b48d-611a5c4680a8,"",Forward,100042695039,100042695039,11504,1407.62,5.0,1650.0,0.0,1650.0,packet_delivered,0.0,0.0,0.0,0.0,0.0,0.0,0.0,0.0,NA,0,1649.0
NFT-/XUTR/DEUTH026124A0H7YX,35.95,0.0,0.0,1699.0,755.0,195.998,3.595,0.0,0.0,postpaid,0.719,182.0,0.0,0.0,0.0,214.76,-769.448,"",'132804762340265519801,2026-05-04,11095663683,99fac0c1-d2b5-4c2e-8111-4bc45d341bea,100153840532,Reverse,100040934724,1000011760412,11504,719.05,5.0,850.0,0.0,850.0,return_refund,0.0,0.0,0.0,0.0,0.0,0.0,0.0,0.0,NA,0,849.0
NFT-/XUTR/DEUTH026124A0H7YX,106.81,0.0,0.0,3499.0,1651.427,389.737,7.864,0.0,0.0,postpaid,1.573,0.0,0.0,44.912,0.0,52.99616,1199.257,"",'132792399125936873601,2026-05-04,11092796458,06ab2c4b-7039-4171-bbc8-8ec97235d5b3,"",Forward,100038067503,100038067503,11504,2136.19,5.0,1050.0,0.0,1050.0,packet_delivered,0.0,0.0,0.0,0.0,0.0,0.0,0.0,0.0,NA,0,2449.01
NFT-/XUTR/DEUTH026124A0H7YX,72.76,0.0,0.0,3399.0,1528.0,378.638,7.276,0.0,0.0,postpaid,1.455,127.0,0.0,0.0,0.0,149.86,-1290.491,"",'132811987624942462703,2026-05-04,11097164737,9b6110aa-b638-4d8c-8fa5-0d08d9fea685,11097164737,Reverse,100042435777,100042435777,11504,1455.24,5.0,1700.0,0.0,1700.0,exchange,0.0,0.0,0.0,0.0,0.0,0.0,0.0,0.0,NA,0,1699.0
NFT-/XUTR/DEUTH026124A0H7YX,18.95,0.0,0.0,1699.0,398.0,18.786,1.895,0.0,0.0,postpaid,0.379,0.0,0.0,0.0,0.0,0.0,376.94,"",'132760777044126676303,2026-05-04,11085533236,1ddafe7a-4e78-44b3-8a22-970a7bc7adae,"",Forward,100030804292,100030804292,11504,379.05,5.0,1207.0,0.0,1207.0,packet_delivered,0.0,0.0,0.0,0.0,0.0,0.0,0.0,0.0,NA,0,492.0
NFT-/XUTR/DEUTH026124A0H7YX,40.71,0.0,0.0,1899.0,855.0,221.958,4.071,0.0,0.0,postpaid,0.814,0.0,0.0,27.0,0.0,31.86,596.297,"",'132824145327335684601,2026-05-04,11099986075,fcb1b067-05f7-47a1-a44e-4ee5a20a7ed6,"",Forward,100045257108,100045257108,11504,814.29,5.0,950.0,0.0,950.0,packet_delivered,0.0,0.0,0.0,0.0,0.0,0.0,0.0,0.0,NA,0,949.0
NFT-/XUTR/DEUTH026124A0H7YX,66.43,0.0,0.0,3299.0,220.428,54.622,1.05,0.0,0.0,postpaid,0.21,16.749,0.0,0.0,0.0,19.76382,-184.31,"",'132832630022377664603,2026-05-04,11101680033,77dd05b5-1a7b-4764-9b90-f3da6b204f7b,100153214275,Reverse,100046951060,100046951060,11504,1328.57,5.0,1733.0,0.0,1733.0,return_refund,0.0,0.0,0.0,0.0,0.0,0.0,0.0,0.0,NA,0,1565.99
NFT-/XUTR/DEUTH026124A0H7YX,60.86,0.0,0.0,2899.0,1060.44,262.777,5.05,0.0,0.0,postpaid,1.01,0.0,0.0,37.339,0.0,44.06002,747.543,"",'132824538199816126201,2026-05-04,11100102002,896ad7fa-6d74-4459-a506-05f472b07314,"",Forward,100045373035,100045373035,11504,1217.14,5.0,1450.0,0.0,1450.0,packet_delivered,0.0,0.0,0.0,0.0,0.0,0.0,0.0,0.0,NA,0,1449.0
NFT-/XUTR/DEUTH026124A0H7YX,42.62,0.0,0.0,2999.0,895.0,232.342,4.262,0.0,0.0,postpaid,0.852,106.0,0.0,0.0,0.0,125.08,-782.624,"",'132828502080922160603,2026-05-04,11100566032,6c9134cf-040a-467e-a79e-7b63dacadb58,100153666120,Reverse,100045837065,100045837065,11504,852.38,5.0,2010.0,0.0,2010.0,return_refund,0.0,0.0,0.0,0.0,0.0,0.0,0.0,0.0,NA,0,989.0
NFT-/XUTR/DEUTH026124A0H7YX,28.81,0.0,0.0,1999.0,605.0,42.834,2.881,0.0,0.0,postpaid,0.576,0.0,0.0,27.0,0.0,31.86,526.849,"",'132806027633669147503,2026-05-04,11096049359,e2a04856-e2e8-40ae-92f8-8fcc5958bb8a,"",Forward,100041320400,1000012143516,11504,576.19,5.0,1300.0,0.0,1300.0,packet_delivered,0.0,0.0,0.0,0.0,0.0,0.0,0.0,0.0,NA,0,699.0
NFT-/XUTR/DEUTH026124A0H7YX,63.24,0.0,0.0,2999.0,724.905,179.632,3.452,0.0,0.0,postpaid,0.69,91.159,0.0,0.0,0.0,107.56762,-648.699,"",'132776938446756160401,2026-05-04,11089044774,ffb2d6e8-903e-4640-b8ad-2998cf82c23b,11089044774,Reverse,100034315826,100034315826,11504,1264.76,5.0,1500.0,0.0,1500.0,exchange,0.0,0.0,0.0,0.0,0.0,0.0,0.0,0.0,NA,0,1499.01
NFT-/XUTR/DEUTH026124A0H7YX,63.24,0.0,0.0,2999.0,901.51,223.394,4.293,0.0,0.0,postpaid,0.859,0.0,0.0,30.548,0.0,36.04664,636.917,"",'132768727006528123003,2026-05-04,11087275401,e1814763-93e4-4e05-b05c-d325b728893d,"",Forward,100032546454,100032546454,11504,1264.76,5.0,1500.0,0.0,1500.0,packet_delivered,0.0,0.0,0.0,0.0,0.0,0.0,0.0,0.0,NA,0,1499.0
NFT-/XUTR/DEUTH026124A0H7YX,72.76,0.0,0.0,3399.0,1528.0,378.638,7.276,0.0,0.0,postpaid,1.455,0.0,0.0,45.0,0.0,53.1,1087.531,"",'132780573125869183901,2026-05-04,11090143657,668e1a08-4bec-49a6-a05f-b26e4de21895,"",Forward,100035414708,100035414708,11504,1455.24,5.0,1700.0,0.0,1700.0,packet_delivered,0.0,0.0,0.0,0.0,0.0,0.0,0.0,0.0,NA,0,1699.0
NFT-/XUTR/DEUTH026124A0H7YX,37.19,0.0,0.0,1750.0,781.0,202.748,3.719,0.0,0.0,postpaid,0.744,106.0,0.0,0.0,0.0,125.08,-698.869,"",'132822251283807979001,2026-05-04,11099354722,85998889-aea4-4be5-bfc7-c6be68b35a67,11099354722,Reverse,100044625756,100044625756,11504,743.81,5.0,875.0,0.0,875.0,exchange,0.0,0.0,0.0,0.0,0.0,0.0,0.0,0.0,NA,0,875.0
NFT-/XUTR/DEUTH026124A0H7YX,39.81,0.0,0.0,2099.0,836.0,207.161,3.981,0.0,0.0,postpaid,0.796,0.0,0.0,27.0,0.0,31.86,592.202,"",'132785050809678644501,2026-05-04,11090837492,80e81ac0-e5bd-4e07-8fdf-6431eb77e684,"",Forward,100036108539,100036108539,11504,796.19,5.0,1092.0,0.0,1092.0,packet_delivered,0.0,0.0,0.0,0.0,0.0,0.0,0.0,0.0,NA,0,1007.0
NFT-/XUTR/DEUTH026124A0H7YX,78.48,0.0,0.0,2599.0,1582.32,373.427,7.535,0.0,0.0,postpaid,1.507,0.0,0.0,43.207,0.0,50.98426,1148.867,"",'132840985043358709003,2026-05-04,11103431660,52add3e4-408a-41f1-b780-8e994d523792,"",Forward,100048702669,100048702669,11504,1569.52,5.0,780.0,0.0,780.0,packet_delivered,0.0,0.0,0.0,0.0,0.0,0.0,0.0,0.0,NA,0,1819.01
NFT-/XUTR/DEUTH026124A0H7YX,35.76,0.0,0.0,1799.0,751.0,194.96,3.576,0.0,0.0,postpaid,0.715,0.0,0.0,27.0,0.0,31.86,519.889,"",'132807076309364884803,2026-05-04,11096449834,5b0b7eed-3591-4d6a-93f7-119964dab76c,"",Forward,100041720875,1000012162805,11504,715.24,5.0,954.0,0.0,954.0,packet_delivered,0.0,0.0,0.0,0.0,0.0,0.0,0.0,0.0,NA,0,845.0
NFT-/XUTR/DEUTH026124A0H7YX,90.14,0.0,0.0,2999.0,1442.828,357.533,6.871,0.0,0.0,postpaid,1.374,0.0,0.0,34.299,0.0,40.47282,1036.577,"",'132803797510916791001,2026-05-04,11095397692,bd01d622-352a-4765-b09a-f7cd0a18af3d,"",Forward,100040668734,100040668734,11504,1802.86,5.0,900.0,0.0,900.0,packet_delivered,0.0,0.0,0.0,0.0,0.0,0.0,0.0,0.0,NA,0,2099.01
NFT-/XUTR/DEUTH026124A0H7YX,33.57,0.0,0.0,1599.0,705.0,183.018,3.357,0.0,0.0,postpaid,0.671,0.0,0.0,27.0,0.0,31.86,486.094,"",'132828501346480641003,2026-05-04,11100565810,9bc2a213-61bb-43ed-9b58-71275a26a867,"",Forward,100045836843,1000013240924,11504,671.43,5.0,800.0,0.0,800.0,packet_delivered,0.0,0.0,0.0,0.0,0.0,0.0,0.0,0.0,NA,0,799.0
NFT-/XUTR/DEUTH026124A0H7YX,43.1,0.0,0.0,2499.0,904.9999999999999,234.938,4.31,0.0,0.0,postpaid,0.862,127.0,0.0,0.0,0.0,149.86,-814.75,"",'132814368437007404701,2026-05-04,11097768660,4c25b555-783c-4e94-b83b-9c9794112036,100153008890,Reverse,100043039696,100043039696,11504,861.9,5.0,1500.0,0.0,1500.0,return_refund,0.0,0.0,0.0,0.0,0.0,0.0,0.0,0.0,NA,0,999.0
NFT-/XUTR/DEUTH026124A0H7YX,23.67,0.0,0.0,1599.0,497.0,23.458,2.367,0.0,0.0,postpaid,0.473,0.0,0.0,19.0,0.0,22.42,448.282,"",'132801565762214423703,2026-05-04,11094767975,61a0184a-98af-4cf4-931c-0241cf9d73e9,"",Forward,100040039017,100040039017,11504,473.33,5.0,1008.0,0.0,1008.0,packet_delivered,0.0,0.0,0.0,0.0,0.0,0.0,0.0,0.0,NA,0,591.0
NFT-/XUTR/DEUTH026124A0H7YX,65.67,0.0,0.0,3299.0,1379.0,341.716,6.567,0.0,0.0,postpaid,1.313,0.0,0.0,45.0,0.0,53.1,976.304,"",'132779986310132041701,2026-05-04,11089954231,c9707af5-95bb-4d26-9719-af1be64e8682,"",Forward,100035225282,100035225282,11504,1313.33,5.0,1749.0,0.0,1749.0,packet_delivered,0.0,0.0,0.0,0.0,0.0,0.0,0.0,0.0,NA,0,1550.0
NFT-/XUTR/DEUTH026124A0H7YX,97.81,0.0,0.0,3399.0,2054.0,460.507,9.781,0.0,0.0,postpaid,1.956,0.0,0.0,61.0,0.0,71.98,1509.776,"",'132830959535689447603,2026-05-04,11101208238,4dab813c-6470-4edd-b8ea-ca8dda3a2c42,"",Forward,100046479266,100046479266,11504,1956.19,5.0,1139.0,0.0,1139.0,packet_delivered,0.0,0.0,0.0,0.0,0.0,0.0,0.0,0.0,NA,0,2260.0
NFT-/XUTR/DEUTH026124A0H7YX,103.48,0.0,0.0,3399.0,2173.0,512.828,10.348,0.0,0.0,postpaid,2.07,127.0,0.0,0.0,0.0,149.86,-1797.614,"",'132815669352465515403,2026-05-04,11098203646,2790060c-e306-48dc-9ebc-8ee50a55cfa8,100154021803,Reverse,100043474682,100043474682,11504,2069.52,5.0,1020.0,0.0,1020.0,return_refund,0.0,0.0,0.0,0.0,0.0,0.0,0.0,0.0,NA,0,2379.0
NFT-/XUTR/DEUTH026124A0H7YX,70.38,0.0,0.0,3299.0,1478.0,366.248,7.038,0.0,0.0,postpaid,1.408,0.0,0.0,45.0,0.0,53.1,1050.206,"",'132786079976897526901,2026-05-04,11091188045,55e7bd58-490c-4551-b22d-5e3e6500504f,"",Forward,100036459090,100036459090,11504,1407.62,5.0,1650.0,0.0,1650.0,packet_delivered,0.0,0.0,0.0,0.0,0.0,0.0,0.0,0.0,NA,0,1649.0
NFT-/XUTR/DEUTH026124A0H7YX,19.1,0.0,0.0,1650.0,396.01,18.692,1.886,0.0,0.0,postpaid,0.377,0.0,0.0,14.813,0.0,17.47934,357.576,"",'132767548061794291703,2026-05-04,11086935296,c43bfa03-7ce3-4207-9683-387192cc5195,"",Forward,100032206349,1000009097394,11504,381.9,5.0,1155.0,0.0,1155.0,packet_delivered,0.0,0.0,0.0,0.0,0.0,0.0,0.0,0.0,NA,0,495.0
NFT-/XUTR/DEUTH026124A0H7YX,0.0,16.29,16.29,2699.0,222.57,10.505,0.0,0.53,0.53,postpaid,0.212,34.492,0.0,0.0,0.0,40.70056,-251.494,"",'132837281932136890603,2026-05-04,11102398194,b1acb06e-dced-4541-bb2f-78ea7241110c,100153673555,Reverse,100047669221,1000013758429,11504,651.42,5.0,1921.0,0.0,1921.0,return_refund,0.0,0.0,0.0,0.0,0.0,0.0,0.0,0.0,NA,0,777.9999999999999
NFT-/XUTR/DEUTH026124A0H7YX,19.1,0.0,0.0,1650.0,401.0,18.927,1.91,0.0,0.0,postpaid,0.382,0.0,0.0,15.0,0.0,17.7,362.081,"",'132817010626633610903,2026-05-04,11098360683,ddb10419-110d-4fe4-ac6d-48db196a1db2,"",Forward,100043631719,100043631719,11504,381.9,5.0,1155.0,0.0,1155.0,packet_delivered,0.0,0.0,0.0,0.0,0.0,0.0,0.0,0.0,NA,0,495.0
NFT-/XUTR/DEUTH026124A0H7YX,19.67,0.0,0.0,1750.0,413.0,19.494,1.967,0.0,0.0,postpaid,0.393,0.0,0.0,15.0,0.0,17.7,373.446,"",'132784652483133196203,2026-05-04,11090728183,c4ec9af7-b40c-4294-b2fa-47f715625b99,"",Forward,100035999231,100035999231,11504,393.33,5.0,1243.0,0.0,1243.0,packet_delivered,0.0,0.0,0.0,0.0,0.0,0.0,0.0,0.0,NA,0,507.0
NFT-/XUTR/DEUTH026124A0H7YX,38.33,0.0,0.0,1799.0,657.52,170.692,3.131,0.0,0.0,postpaid,0.626,148.657,0.0,0.0,0.0,175.41526,-658.486,"",'132810299564990453003,2026-05-04,11096750018,2043b4a3-5300-46e0-854e-9380834e51b0,100153062329,Reverse,100042021059,1000012045410,11504,766.67,5.0,900.0,0.0,900.0,return_refund,0.0,0.0,0.0,0.0,0.0,0.0,0.0,0.0,NA,0,899.0
NFT-/XUTR/DEUTH026124A0H7YX,60.86,0.0,0.0,2899.0,1278.0,316.688,6.086,0.0,0.0,postpaid,1.217,0.0,0.0,45.0,0.0,53.1,900.909,"",'132777260482058099903,2026-05-04,11089151697,1cd1b872-50ee-4d3e-92ae-f7e436372e0d,"",Forward,100034422749,100034422749,11504,1217.14,5.0,1450.0,0.0,1450.0,packet_delivered,0.0,0.0,0.0,0.0,0.0,0.0,0.0,0.0,NA,0,1449.0
NFT-/XUTR/DEUTH026124A0H7YX,87.05,0.0,0.0,3999.0,1828.0,474.549,8.705,0.0,0.0,postpaid,1.741,182.0,0.0,0.0,0.0,214.76,-1557.765,"",'132792623690202929301,2026-05-04,11092825571,b6f91304-5e78-494f-851e-9f6e790bad5d,100155094171,Reverse,100038096616,100038096616,11504,1740.95,5.0,2000.0,0.0,2000.0,return_refund,0.0,0.0,0.0,0.0,0.0,0.0,0.0,0.0,NA,0,1999.0
NFT-/XUTR/DEUTH026124A0H7YX,44.67,0.0,0.0,2999.0,938.0,243.505,4.467,0.0,0.0,postpaid,0.893,0.0,0.0,27.0,0.0,31.86,657.275,"",'132819755913100692303,2026-05-04,11098698248,d9a747ef-7f5d-432d-8d34-0006c8b59aeb,"",Forward,100043969282,100043969282,11504,893.33,5.0,1890.0,0.0,1890.0,packet_delivered,0.0,0.0,0.0,0.0,0.0,0.0,0.0,0.0,NA,0,1109.0
NFT-/XUTR/DEUTH026124A0H7YX,70.38,0.0,0.0,3299.0,1478.0,366.248,7.038,0.0,0.0,postpaid,1.408,127.0,0.0,0.0,0.0,149.86,-1253.166,"",'132828501346480641003,2026-05-04,11100565812,9bc2a213-61bb-43ed-9b58-71275a26a867,100153522685,Reverse,100045836845,1000013240924,11504,1407.62,5.0,1650.0,0.0,1650.0,return_refund,0.0,0.0,0.0,0.0,0.0,0.0,0.0,0.0,NA,0,1649.0
NFT-/XUTR/DEUTH026124A0H7YX,37.19,0.0,0.0,1750.0,781.0,202.748,3.719,0.0,0.0,postpaid,0.744,0.0,0.0,27.0,0.0,31.86,541.929,"",'132786236349879587001,2026-05-04,11091239955,07e1f4d6-93b3-478a-b1fa-6fd52bb033d3,"",Forward,100036511001,100036511001,11504,743.81,5.0,875.0,0.0,875.0,packet_delivered,0.0,0.0,0.0,0.0,0.0,0.0,0.0,0.0,NA,0,875.0
NFT-/XUTR/DEUTH026124A0H7YX,23.67,0.0,0.0,1599.0,492.0,23.222,2.343,0.0,0.0,postpaid,0.469,125.722,0.0,0.0,0.0,148.35196,-614.318,"",'132806617431797380101,2026-05-04,11096268104,231ad488-4b37-46fb-8c58-f9256a0c0f67,100153555298,Reverse,100041539145,100041539145,11504,473.33,5.0,1008.0,0.0,1008.0,return_refund,0.0,0.0,0.0,0.0,0.0,0.0,0.0,0.0,NA,0,591.0
NFT-/XUTR/DEUTH026124A0H7YX,63.24,0.0,0.0,2999.0,1275.99,316.19,6.076,0.0,0.0,postpaid,1.215,0.0,0.0,43.238,0.0,51.02084,901.488,"",'132815687641184159001,2026-05-04,11098208731,3db0ca96-eed5-4637-80c3-32626470982e,"",Forward,100043479768,100043479768,11504,1264.76,5.0,1500.0,0.0,1500.0,packet_delivered,0.0,0.0,0.0,0.0,0.0,0.0,0.0,0.0,NA,0,1499.0
NFT-/XUTR/DEUTH026124A0H7YX,72.76,0.0,0.0,3399.0,1168.74,289.614,5.565,0.0,0.0,postpaid,1.113,81.077,0.0,0.0,0.0,95.67086,-968.119,"",'132830141018997216803,2026-05-04,11101007358,f0773922-5ef0-484c-a535-dc0880bcad75,100153236517,Reverse,100046278390,1000013761361,11504,1455.24,5.0,1700.0,0.0,1700.0,return_refund,0.0,0.0,0.0,0.0,0.0,0.0,0.0,0.0,NA,0,1699.0
NFT-/XUTR/DEUTH026124A0H7YX,87.0,0.0,0.0,1999.0,1827.0,431.172,8.7,0.0,0.0,postpaid,1.74,0.0,0.0,45.0,0.0,53.1,1332.288,"",'132796804652481860103,2026-05-04,11093952770,e2aac45a-a62b-4b25-9562-45837537b535,"",Forward,100039223812,100039223812,11504,1740,5.0,1.0,0.0,1.0,packet_delivered,0.0,0.0,0.0,0.0,0.0,0.0,0.0,0.0,NA,0,1998.0
NFT-/XUTR/DEUTH026124A0H7YX,45.52,0.0,0.0,2399.0,956.0,248.178,4.552,0.0,0.0,postpaid,0.91,0.0,0.0,27.0,0.0,31.86,670.5,"",'132803718742007632503,2026-05-04,11095375742,357d36fd-336b-4e11-97b6-72eeefaac89b,"",Forward,100040646784,1000012139457,11504,910.48,5.0,1272.0,0.0,1272.0,packet_delivered,0.0,0.0,0.0,0.0,0.0,0.0,0.0,0.0,NA,0,1127.0
NFT-/XUTR/DEUTH026124A0H7YX,60.86,0.0,0.0,2899.0,1278.0,316.688,6.086,0.0,0.0,postpaid,1.217,0.0,0.0,45.0,0.0,53.1,900.909,"",'132781284137540968003,2026-05-04,11090381352,aef97740-aa32-40b7-a2cc-8dc673f55587,"",Forward,100035652404,100035652404,11504,1217.14,5.0,1450.0,0.0,1450.0,packet_delivered,0.0,0.0,0.0,0.0,0.0,0.0,0.0,0.0,NA,0,1449.0
NFT-/XUTR/DEUTH026124A0H7YX,103.48,0.0,0.0,3399.0,2173.0,512.828,10.348,0.0,0.0,postpaid,2.07,127.0,0.0,0.0,0.0,149.86,-1797.614,"",'132824240889303580701,2026-05-04,11100022089,69d22ddc-16e9-4da2-aed5-4a8235ef94ed,11100022089,Reverse,100045293122,100045293122,11504,2069.52,5.0,1020.0,0.0,1020.0,exchange,0.0,0.0,0.0,0.0,0.0,0.0,0.0,0.0,NA,0,2379.0
NFT-/XUTR/DEUTH026124A0H7YX,426.05,0.0,0.0,2999.0,2793.0,659.148,11.835,0.0,0.0,postpaid,2.367,182.0,0.0,0.0,0.0,214.76,-2334.41,"",'132803863795031397701,2026-05-04,11095416152,96fdc6ac-52dd-433b-a62d-62a6bac07204,100153252637,Reverse,100040687193,1000012168806,11504,2366.95,18.0,0.0,0.0,0.0,return_refund,0.0,0.0,0.0,0.0,0.0,0.0,0.0,0.0,NA,0,2999.0
NFT-/XUTR/DEUTH026124A0H7YX,24.57,0.0,0.0,1650.0,512.07,132.933,2.438,0.0,0.0,postpaid,0.488,0.0,0.0,26.794,0.0,31.61692,344.594,"",'132819829386237284301,2026-05-04,11098718258,a959b89c-89f5-427b-a5b3-8a0d78a557bc,"",Forward,100043989293,1000012679730,11504,491.43,5.0,1040.0,0.0,1040.0,packet_delivered,0.0,0.0,0.0,0.0,0.0,0.0,0.0,0.0,NA,0,610.0
NFT-/XUTR/DEUTH026124A0H7YX,37.19,0.0,0.0,1750.0,781.0,202.748,3.719,0.0,0.0,postpaid,0.744,127.0,0.0,0.0,0.0,149.86,-723.649,"",'132814714703424003403,2026-05-04,11097861684,0cb3a93f-add9-4499-9c27-02b5fa461883,100152706547,Reverse,100043132720,100043132720,11504,743.81,5.0,875.0,0.0,875.0,return_refund,0.0,0.0,0.0,0.0,0.0,0.0,0.0,0.0,NA,0,875.0
NFT-/XUTR/DEUTH026124A0H7YX,18.95,0.0,0.0,1699.0,398.0,18.786,1.895,0.0,0.0,postpaid,0.379,0.0,0.0,0.0,0.0,0.0,376.94,"",'132811397079362485001,2026-05-04,11097006601,66b9b7dc-b4e6-471b-abae-8a717c287575,"",Forward,100042277641,100042277641,11504,379.05,5.0,1207.0,0.0,1207.0,packet_delivered,0.0,0.0,0.0,0.0,0.0,0.0,0.0,0.0,NA,0,492.0
NFT-/XUTR/DEUTH026124A0H7YX,63.24,0.0,0.0,2999.0,1328.0,329.078,6.324,0.0,0.0,postpaid,1.265,182.0,0.0,0.0,0.0,214.76,-1206.093,"",'132803863795031397701,2026-05-04,11095416153,96fdc6ac-52dd-433b-a62d-62a6bac07204,100153252464,Reverse,100040687194,1000012168806,11504,1264.76,5.0,1500.0,0.0,1500.0,return_refund,0.0,0.0,0.0,0.0,0.0,0.0,0.0,0.0,NA,0,1499.0
NFT-/XUTR/DEUTH026124A0H7YX,21.91,0.0,0.0,1499.0,385.4,18.191,1.835,0.0,0.0,postpaid,0.367,0.0,0.0,22.621,0.0,26.69278,338.314,"",'132772172092920344003,2026-05-04,11088262894,7aaf989a-2548-4e54-8340-a9af21d0d2b9,"",Forward,100033533947,1000009485718,11504,438.1,5.0,945.0,0.0,945.0,packet_delivered,0.0,0.0,0.0,0.0,0.0,0.0,0.0,0.0,NA,0,554.01
NFT-/XUTR/DEUTH026124A0H7YX,21.91,0.0,0.0,1499.0,456.76,21.559,2.175,0.0,0.0,postpaid,0.435,0.0,0.0,26.81,0.0,31.6358,400.955,"",'132814743696199474003,2026-05-04,11097870011,d66d1a0a-6fd4-4593-881b-4d05cd52e8ae,"",Forward,100043141047,100043141047,11504,438.1,5.0,945.0,0.0,945.0,packet_delivered,0.0,0.0,0.0,0.0,0.0,0.0,0.0,0.0,NA,0,554.01
NFT-/XUTR/DEUTH026124A0H7YX,30.71,0.0,0.0,1999.0,645.0,30.443999999999996,3.071,0.0,0.0,postpaid,0.614,182.0,0.0,0.0,0.0,214.76,-825.631,"",'132819986000247473501,2026-05-04,11098762127,27f1d0c7-1a37-4ce5-bb53-2ea4cabf87e4,100153425652,Reverse,100044033162,100044033162,11504,614.29,5.0,1260.0,0.0,1260.0,return_refund,0.0,0.0,0.0,0.0,0.0,0.0,0.0,0.0,NA,0,739.0
NFT-/XUTR/DEUTH026124A0H7YX,60.86,0.0,0.0,2899.0,1060.44,262.777,5.05,0.0,0.0,postpaid,1.01,151.017,0.0,0.0,0.0,178.20006,-969.803,"",'132824538199816126201,2026-05-04,11100102002,896ad7fa-6d74-4459-a506-05f472b07314,100154567465,Reverse,100045373035,100045373035,11504,1217.14,5.0,1450.0,0.0,1450.0,return_refund,0.0,0.0,0.0,0.0,0.0,0.0,0.0,0.0,NA,0,1449.0
NFT-/XUTR/DEUTH026124A0H7YX,44.67,0.0,0.0,2999.0,890.84,231.262,4.242,0.0,0.0,postpaid,0.848,0.0,0.0,25.643,0.0,30.25874,624.229,"",'132780892275393335803,2026-05-04,11090256387,32aba984-3009-4302-958b-04d625c864ac,"",Forward,100035527438,1000010378654,11504,893.33,5.0,1890.0,0.0,1890.0,packet_delivered,0.0,0.0,0.0,0.0,0.0,0.0,0.0,0.0,NA,0,1109.0
NFT-/XUTR/DEUTH026124A0H7YX,72.76,0.0,0.0,3399.0,1528.0,378.638,7.276,0.0,0.0,postpaid,1.455,182.0,0.0,0.0,0.0,214.76,-1355.391,"",'132814893149893139401,2026-05-04,11097915957,277127dd-dfb2-44d0-ad8a-18e919136c37,11097915957,Reverse,100043186993,100043186993,11504,1455.24,5.0,1700.0,0.0,1700.0,exchange,0.0,0.0,0.0,0.0,0.0,0.0,0.0,0.0,NA,0,1699.0
NFT-/XUTR/DEUTH026124A0H7YX,41.38,0.0,0.0,1899.0,800.1600000000001,207.722,3.81,0.0,0.0,postpaid,0.762,97.603,0.0,0.0,0.0,115.17154,-703.038,"",'132840924568206535103,2026-05-04,11103412792,472ae837-7e79-4b47-8d21-fc28be8075e7,100153642014,Reverse,100048683801,100048683801,11504,827.62,5.0,936.0,0.0,936.0,return_refund,0.0,0.0,0.0,0.0,0.0,0.0,0.0,0.0,NA,0,963.0
NFT-/XUTR/DEUTH026124A0H7YX,70.38,0.0,0.0,3299.0,1478.0,366.248,7.038,0.0,0.0,postpaid,1.408,0.0,0.0,45.0,0.0,53.1,1050.206,"",'132828527262811614503,2026-05-04,11100573228,5716f1ee-9718-41cb-9dc2-871ec6f3fe3c,"",Forward,100045844261,1000013242704,11504,1407.62,5.0,1650.0,0.0,1650.0,packet_delivered,0.0,0.0,0.0,0.0,0.0,0.0,0.0,0.0,NA,0,1649.0
NFT-/XUTR/DEUTH026124A0H7YX,18.1,0.0,0.0,1999.0,380.0,40.356,1.81,0.0,0.0,postpaid,0.362,0.0,0.0,27.0,0.0,31.86,305.612,"",'132797279762955420101,2026-05-04,11094086036,2478cf9a-a1e2-4071-87ba-86cc34c47845,"",Forward,100039357078,100039357078,11504,361.9,5.0,1560.0,0.0,1560.0,packet_delivered,0.0,0.0,0.0,0.0,0.0,0.0,0.0,0.0,NA,0,439.0
NFT-/XUTR/DEUTH026124A0H7YX,596.13,0.0,0.0,6299.0,3908.0,922.288,16.559,0.0,0.0,postpaid,3.312,0.0,0.0,61.0,0.0,71.98,2893.861,"",'132784958179676013803,2026-05-04,11090809792,024d41c9-e5ce-4d57-bc71-f0e6919615cc,"",Forward,100036080838,100036080838,11504,3311.86,18.0,2079.0,0.0,2079.0,packet_delivered,0.0,0.0,0.0,0.0,0.0,0.0,0.0,0.0,NA,0,4219.99
NFT-/XUTR/DEUTH026124A0H7YX,30.71,0.0,0.0,1999.0,133.482,34.652,0.636,0.0,0.0,postpaid,0.127,0.0,0.0,5.588,0.0,6.59384,91.473,"",'132816155439605669201,2026-05-04,11098302740,d7adc322-d5af-4075-a388-7a2f1002d536,"",Forward,100043573776,100043573776,11504,614.29,5.0,1260.0,0.0,1260.0,packet_delivered,0.0,0.0,0.0,0.0,0.0,0.0,0.0,0.0,NA,0,738.99
NFT-/XUTR/DEUTH026124A0H7YX,82.24,0.0,0.0,1899.0,959.15,226.359,4.567,0.0,0.0,postpaid,0.913,0.0,0.0,24.992,0.0,29.49056,697.82,"",'132797988440028531701,2026-05-04,11094323915,d933fc7f-6acd-4f21-828c-d98cb6820a5c,"",Forward,100039594957,1000011296218,11504,1644.76,5.0,1.0,0.0,1.0,packet_delivered,0.0,0.0,0.0,0.0,0.0,0.0,0.0,0.0,NA,0,1898.0
NFT-/XUTR/DEUTH026124A0H7YX,43.05,0.0,0.0,2699.0,904.0,234.678,4.305,0.0,0.0,postpaid,0.861,0.0,0.0,27.0,0.0,31.86,632.296,"",'132807653412750355601,2026-05-04,11096566091,20b036a4-78dc-47e6-9b74-0e29f5377893,"",Forward,100041837132,1000012146127,11504,860.95,5.0,1701.0,0.0,1701.0,packet_delivered,0.0,0.0,0.0,0.0,0.0,0.0,0.0,0.0,NA,0,998.0
NFT-/XUTR/DEUTH026124A0H7YX,18.38,0.0,0.0,1650.0,386.0,18.219,1.838,0.0,0.0,postpaid,0.368,0.0,0.0,0.0,0.0,0.0,365.575,"",'132820087635479804603,2026-05-04,11098790477,879e4d8b-630f-4b7e-ab3a-368d48385ceb,"",Forward,100044061512,100044061512,11504,367.62,5.0,1205.0,0.0,1205.0,packet_delivered,0.0,0.0,0.0,0.0,0.0,0.0,0.0,0.0,NA,0,445.0
NFT-/XUTR/DEUTH026124A0H7YX,90.14,0.0,0.0,2999.0,1893.0000000000002,469.085,9.014,0.0,0.0,postpaid,1.803,182.0,0.0,0.0,0.0,214.76,-1627.858,"",'132795773010320738403,2026-05-04,11093672498,bfaa7588-7d92-414b-8ee8-e685dd36af74,11093672498,Reverse,100038943542,100038943542,11504,1802.86,5.0,900.0,0.0,900.0,exchange,0.0,0.0,0.0,0.0,0.0,0.0,0.0,0.0,NA,0,2099.0
NFT-/XUTR/DEUTH026124A0H7YX,0.0,14.5,14.5,1850.0,609.0,158.096,0.0,1.45,1.45,postpaid,0.58,0.0,0.0,27.0,0.0,31.86,415.564,"",'132803306091793225703,2026-05-04,11095256742,f0ecf97e-e48c-4eb5-9361-7bf1c367544e,"",Forward,100040527784,1000011614274,11504,580,5.0,1147.0,0.0,1147.0,packet_delivered,0.0,0.0,0.0,0.0,0.0,0.0,0.0,0.0,NA,0,703.0
NFT-/XUTR/DEUTH026124A0H7YX,23.67,0.0,0.0,1599.0,488.39,23.052,2.326,0.0,0.0,postpaid,0.465,0.0,0.0,26.532,0.0,31.30776,431.239,"",'132797805780241484801,2026-05-04,11094258228,69fcf537-f164-4938-ac51-beb167aa828e,"",Forward,100039529270,1000012164264,11504,473.33,5.0,1008.0,0.0,1008.0,packet_delivered,0.0,0.0,0.0,0.0,0.0,0.0,0.0,0.0,NA,0,591.0
NFT-/XUTR/DEUTH026124A0H7YX,24.05,0.0,0.0,1499.0,199.99400000000003,51.918,0.952,0.0,0.0,postpaid,0.19,72.077,0.0,0.0,0.0,85.05086,-231.985,"",'132812665834549342301,2026-05-04,11097341316,d5917b2b-61f2-483b-b8c2-d80b9d85f7f7,100153415445,Reverse,100042612356,100042612356,11504,480.95,5.0,900.0,0.0,900.0,return_refund,0.0,0.0,0.0,0.0,0.0,0.0,0.0,0.0,NA,0,599.01
NFT-/XUTR/DEUTH026124A0H7YX,471.81,0.0,0.0,3299.0,3093.0,729.948,13.106,0.0,0.0,postpaid,2.621,0.0,0.0,61.0,0.0,71.98,2275.345,"",'132803863795031397701,2026-05-04,11095416151,96fdc6ac-52dd-433b-a62d-62a6bac07204,"",Forward,100040687192,1000012168806,11504,2621.19,18.0,0.0,0.0,0.0,packet_delivered,0.0,0.0,0.0,0.0,0.0,0.0,0.0,0.0,NA,0,3299.0
NFT-/XUTR/DEUTH026124A0H7YX,53.57,0.0,0.0,1950.0,1125.0,265.5,5.357,0.0,0.0,postpaid,1.071,0.0,0.0,45.0,0.0,53.1,799.972,"",'132831902830361627801,2026-05-04,11101458295,2f7d98e9-00bf-43c4-a0aa-67247fe682d0,"",Forward,100046729322,1000013463809,11504,1071.43,5.0,654.0,0.0,654.0,packet_delivered,0.0,0.0,0.0,0.0,0.0,0.0,0.0,0.0,NA,0,1296.0
NFT-/XUTR/DEUTH026124A0H7YX,38.0,0.0,0.0,1899.0,798.0,207.161,3.8,0.0,0.0,postpaid,0.76,0.0,0.0,27.0,0.0,31.86,554.419,"",'132805748758706625303,2026-05-04,11095958137,f365fd1e-7cba-43db-9b18-20e9bb2d146a,"",Forward,100041229178,100041229178,11504,760,5.0,1007.0,0.0,1007.0,packet_delivered,0.0,0.0,0.0,0.0,0.0,0.0,0.0,0.0,NA,0,892.0
NFT-/XUTR/DEUTH026124A0H7YX,37.19,0.0,0.0,1750.0,781.0,202.748,3.719,0.0,0.0,postpaid,0.744,167.0,0.0,0.0,0.0,197.06,-770.849,"",'132768532428122996803,2026-05-04,11087220758,f277b3c0-8b02-450a-93b2-9f172bedf398,100152517402,Reverse,100032491811,1000009789891,11504,743.81,5.0,875.0,0.0,875.0,return_refund,0.0,0.0,0.0,0.0,0.0,0.0,0.0,0.0,NA,0,875.0
NFT-/XUTR/DEUTH026124A0H7YX,35.95,0.0,0.0,1699.0,755.0,195.998,3.595,0.0,0.0,postpaid,0.719,127.0,0.0,0.0,0.0,149.86,-704.548,"",'132829679071190336101,2026-05-04,11100887590,f1372d7b-6d6b-461c-a9a8-ea430b4d89c1,100155132830,Reverse,100046158623,100046158623,11504,719.05,5.0,850.0,0.0,850.0,return_refund,0.0,0.0,0.0,0.0,0.0,0.0,0.0,0.0,NA,0,849.0
NFT-/XUTR/DEUTH026124A0H7YX,40.38,0.0,0.0,2299.0,532.92,138.346,2.538,0.0,0.0,postpaid,0.508,0.0,0.0,16.968,0.0,20.02224,371.506,"",'132832883364314237303,2026-05-04,11101762628,7437f0ac-f8dc-4a7d-a3ec-7bae82a68dc9,"",Forward,100047033654,100047033654,11504,807.62,5.0,1357.0,0.0,1357.0,packet_delivered,0.0,0.0,0.0,0.0,0.0,0.0,0.0,0.0,NA,0,941.98
NFT-/XUTR/DEUTH026124A0H7YX,18.95,0.0,0.0,1699.0,73.0,3.446,0.348,0.0,0.0,postpaid,0.07,33.382,0.0,0.0,0.0,39.39076,-108.527,"",'132803110919442371901,2026-05-04,11095196075,ca678a4c-15db-45e6-bbf0-8a0b5aac6b24,100155497312,Reverse,100040467117,1000011598255,11504,379.05,5.0,1207.0,73.0,1280.0,return_refund,0.0,0.0,0.0,0.0,0.0,0.0,0.0,0.0,NA,0,492.0
NFT-/XUTR/DEUTH026124A0H7YX,40.76,0.0,0.0,1899.0,856.0,222.218,4.076,0.0,0.0,postpaid,0.815,0.0,0.0,27.0,0.0,31.86,597.031,"",'132841866740742229301,2026-05-04,11103698770,858d5a38-07b3-4891-9dfa-6ae72d03c825,"",Forward,100048969779,100048969779,11504,815.24,5.0,949.0,0.0,949.0,packet_delivered,0.0,0.0,0.0,0.0,0.0,0.0,0.0,0.0,NA,0,950.0
NFT-/XUTR/DEUTH026124A0H7YX,63.24,0.0,0.0,2999.0,1328.0,329.078,6.324,0.0,0.0,postpaid,1.265,182.0,0.0,0.0,0.0,214.76,-1206.093,"",'132814773945445537903,2026-05-04,11097879110,86b1228e-c98c-45f9-81f2-ae239eebdf0e,11097879110,Reverse,100043150146,100043150146,11504,1264.76,5.0,1500.0,0.0,1500.0,exchange,0.0,0.0,0.0,0.0,0.0,0.0,0.0,0.0,NA,0,1499.0
NFT-/XUTR/DEUTH026124A0H7YX,56.1,0.0,0.0,2999.0,1178.0,291.908,5.61,0.0,0.0,postpaid,1.122,0.0,0.0,45.0,0.0,53.1,826.26,"",'132789014949893400203,2026-05-04,11092161314,877e0f1d-250c-440a-8f82-24118c06a083,"",Forward,100037432359,100037432359,11504,1121.9,5.0,1650.0,0.0,1650.0,packet_delivered,0.0,0.0,0.0,0.0,0.0,0.0,0.0,0.0,NA,0,1349.0
NFT-/XUTR/DEUTH026124A0H7YX,0.0,24.43,24.43,1799.0,1026.0,242.136,0.0,2.443,2.443,postpaid,0.977,0.0,0.0,45.0,0.0,53.1,724.901,"",'132834982284090272203,2026-05-04,11101987316,51fec3b8-d0bc-4794-afad-b98bb9627569,"",Forward,100047258343,100047258343,11504,977.14,5.0,602.0,0.0,602.0,packet_delivered,0.0,0.0,0.0,0.0,0.0,0.0,0.0,0.0,NA,0,1197.0
NFT-/XUTR/DEUTH026124A0H7YX,90.14,0.0,0.0,2999.0,1749.499,433.526,8.331,0.0,0.0,postpaid,1.666,0.0,0.0,41.589,0.0,49.07502,1256.901,"",'132810401577114189503,2026-05-04,11096769288,50b9a94a-5d1c-4849-ba5f-1cf02e57018c,"",Forward,100042040329,100042040329,11504,1802.86,5.0,900.0,0.0,900.0,packet_delivered,0.0,0.0,0.0,0.0,0.0,0.0,0.0,0.0,NA,0,2099.01
NFT-/XUTR/DEUTH026124A0H7YX,47.52,0.0,0.0,2599.0,998.0,259.081,4.752,0.0,0.0,postpaid,0.95,182.0,0.0,0.0,0.0,214.76,-947.977,"",'132820075413773384701,2026-05-04,11098786992,e5e49a6c-50ca-4fe3-872f-911256110cc5,11098786992,Reverse,100044058027,100044058027,11504,950.48,5.0,1430.0,0.0,1430.0,exchange,0.0,0.0,0.0,0.0,0.0,0.0,0.0,0.0,NA,0,1168.99
NFT-/XUTR/DEUTH026124A0H7YX,33.57,0.0,0.0,1599.0,705.0,183.018,3.357,0.0,0.0,postpaid,0.671,0.0,0.0,27.0,0.0,31.86,486.094,"",'132793827404668632703,2026-05-04,11093113038,d7c926fd-e1fa-4a57-a85d-687d84ceec91,"",Forward,100038384082,1000011567706,11504,671.43,5.0,800.0,0.0,800.0,packet_delivered,0.0,0.0,0.0,0.0,0.0,0.0,0.0,0.0,NA,0,799.0
NFT-/XUTR/DEUTH026124A0H7YX,19.1,0.0,0.0,1599.0,401.0,18.927,1.91,0.0,0.0,postpaid,0.382,0.0,0.0,15.0,0.0,17.7,362.081,"",'132829532199685841601,2026-05-04,11100850043,7c931575-6872-40c8-a22c-e0e39f0a7a43,"",Forward,100046121076,1000013297540,11504,381.9,5.0,1104.0,0.0,1104.0,packet_delivered,0.0,0.0,0.0,0.0,0.0,0.0,0.0,0.0,NA,0,495.0
NFT-/XUTR/DEUTH026124A0H7YX,37.14,0.0,0.0,2499.0,780.0,36.816,3.714,0.0,0.0,postpaid,0.743,0.0,0.0,27.0,0.0,31.86,706.867,"",'132803718742007632503,2026-05-04,11095375739,357d36fd-336b-4e11-97b6-72eeefaac89b,"",Forward,100040646781,1000012139457,11504,742.86,5.0,1625.0,0.0,1625.0,packet_delivered,0.0,0.0,0.0,0.0,0.0,0.0,0.0,0.0,NA,0,874.0
NFT-/XUTR/DEUTH026124A0H7YX,63.24,0.0,0.0,2999.0,1328.0,329.078,6.324,0.0,0.0,postpaid,1.265,0.0,0.0,45.0,0.0,53.1,938.233,"",'132797476419121548603,2026-05-04,11094146522,08bc9e72-0589-4e79-a9cb-4aa84decd45d,"",Forward,100039417564,100039417564,11504,1264.76,5.0,1500.0,0.0,1500.0,packet_delivered,0.0,0.0,0.0,0.0,0.0,0.0,0.0,0.0,NA,0,1499.0
NFT-/XUTR/DEUTH026124A0H7YX,0.0,20.36,20.36,2499.0,74.87,19.436,0.0,0.1785,0.1785,postpaid,0.071,0.0,0.0,2.364,0.0,2.78952,52.216,"",'132802324942793407603,2026-05-04,11094952473,1dceecd2-d1a7-4382-9571-9ce411095f31,"",Forward,100040223515,100040223515,11504,814.28,5.0,1550.0,0.0,1550.0,packet_delivered,0.0,0.0,0.0,0.0,0.0,0.0,0.0,0.0,NA,0,949.0
NFT-/XUTR/DEUTH026124A0H7YX,43.86,0.0,0.0,1999.0,921.0,239.092,4.386,0.0,0.0,postpaid,0.877,0.0,0.0,27.0,0.0,31.86,644.785,"",'132839221500774903701,2026-05-04,11102965840,8cf014c7-9689-484c-8b0e-07b5feee9430,"",Forward,100048236850,100048236850,11504,877.14,5.0,907.0,0.0,907.0,packet_delivered,0.0,0.0,0.0,0.0,0.0,0.0,0.0,0.0,NA,0,1092.0
NFT-/XUTR/DEUTH026124A0H7YX,63.24,0.0,0.0,2999.0,724.905,179.632,3.452,0.0,0.0,postpaid,0.69,0.0,0.0,24.564,0.0,28.98552,512.145,"",'132776938446756160401,2026-05-04,11089044774,ffb2d6e8-903e-4640-b8ad-2998cf82c23b,"",Forward,100034315826,100034315826,11504,1264.76,5.0,1500.0,0.0,1500.0,packet_delivered,0.0,0.0,0.0,0.0,0.0,0.0,0.0,0.0,NA,0,1499.01
NFT-/XUTR/DEUTH026124A0H7YX,35.95,0.0,0.0,1699.0,755.0,195.998,3.595,0.0,0.0,postpaid,0.719,0.0,0.0,27.0,0.0,31.86,522.828,"",'132800653049519129501,2026-05-04,11094669409,d81776b4-bc91-46ae-a98f-21e2bddd51d8,"",Forward,100039940451,1000011451133,11504,719.05,5.0,850.0,0.0,850.0,packet_delivered,0.0,0.0,0.0,0.0,0.0,0.0,0.0,0.0,NA,0,849.0
NFT-/XUTR/DEUTH026124A0H7YX,23.0,0.0,0.0,1650.0,482.99999999999994,22.798,2.3,0.0,0.0,postpaid,0.46,167.0,0.0,0.0,0.0,197.06,-654.502,"",'132764516335074084903,2026-05-04,11086620638,978f8dd1-b055-4a6c-ac1b-605ce4787a0f,100154684324,Reverse,100031891692,1000008949715,11504,460,5.0,1073.0,0.0,1073.0,return_refund,0.0,0.0,0.0,0.0,0.0,0.0,0.0,0.0,NA,0,577.0
NFT-/XUTR/DEUTH026124A0H7YX,113.48,0.0,0.0,3699.0,2383.0,562.388,11.348,0.0,0.0,postpaid,2.27,127.0,0.0,0.0,0.0,149.86,-1956.854,"",'132823561090945719601,2026-05-04,11099748092,9957f267-8652-4da8-9914-ee30e1007b72,100153337632,Reverse,100045019126,100045019126,11504,2269.52,5.0,1110.0,0.0,1110.0,return_refund,0.0,0.0,0.0,0.0,0.0,0.0,0.0,0.0,NA,0,2589.0
NFT-/XUTR/DEUTH026124A0H7YX,18.38,0.0,0.0,1650.0,386.0,18.219,1.838,0.0,0.0,postpaid,0.368,0.0,0.0,0.0,0.0,0.0,365.575,"",'132780768662726679803,2026-05-04,11090213473,69219f9b-3f4a-4091-b17a-9a746349eac1,"",Forward,100035484524,1000010368393,11504,367.62,5.0,1205.0,0.0,1205.0,packet_delivered,0.0,0.0,0.0,0.0,0.0,0.0,0.0,0.0,NA,0,445.0
NFT-/XUTR/DEUTH026124A0H7YX,40.29,0.0,0.0,2750.0,206.0,53.478,0.981,0.0,0.0,postpaid,0.196,0.0,0.0,6.574,0.0,7.75732,143.588,"",'132781687864354765503,2026-05-04,11090463285,7d2c4964-63ca-4e0c-8345-c0346ebf374e,"",Forward,100035734336,100035734336,11504,805.71,5.0,1733.0,206.0,1939.0,packet_delivered,0.0,0.0,0.0,0.0,0.0,0.0,0.0,0.0,NA,0,1017.0
NFT-/XUTR/DEUTH026124A0H7YX,51.71,0.0,0.0,3399.0,1086.0,269.111,5.171,0.0,0.0,postpaid,1.034,0.0,0.0,45.0,0.0,53.1,757.584,"",'132806566711559434601,2026-05-04,11096248109,7b3c8658-a6bc-4291-808c-5a6f6aa726bf,"",Forward,100041519150,100041519150,11504,1034.29,5.0,2142.0,0.0,2142.0,packet_delivered,0.0,0.0,0.0,0.0,0.0,0.0,0.0,0.0,NA,0,1257.0
NFT-/XUTR/DEUTH026124A0H7YX,56.86,0.0,0.0,1950.0,1194.0,281.784,5.686,0.0,0.0,postpaid,1.137,0.0,0.0,45.0,0.0,53.1,852.293,"",'132812432628447619101,2026-05-04,11097277940,bd21b76d-0cf0-4984-91bb-93c72c10448d,"",Forward,100042548980,100042548980,11504,1137.14,5.0,585.0,0.0,585.0,packet_delivered,0.0,0.0,0.0,0.0,0.0,0.0,0.0,0.0,NA,0,1365.0
NFT-/XUTR/DEUTH026124A0H7YX,42.71,0.0,0.0,3099.0,486.425,126.27599999999998,2.316,0.0,0.0,postpaid,0.463,0.0,0.0,14.642,0.0,17.27756,340.092,"",'132768818033393741003,2026-05-04,11087300732,3f187e4b-f643-47bf-829a-aaf7aff88010,"",Forward,100032571785,100032571785,11504,854.29,5.0,2108.0,0.0,2108.0,packet_delivered,0.0,0.0,0.0,0.0,0.0,0.0,0.0,0.0,NA,0,991.01
NFT-/XUTR/DEUTH026124A0H7YX,35.95,0.0,0.0,1699.0,376.49,97.737,1.793,0.0,0.0,postpaid,0.359,90.756,0.0,0.0,0.0,107.09208,-383.693,"",'132806701459874377901,2026-05-04,11096304731,4e72a9d1-f3b6-4850-8cc7-6d66df4b8912,100154510570,Reverse,100041575772,100041575772,11504,719.05,5.0,850.0,0.0,850.0,return_refund,0.0,0.0,0.0,0.0,0.0,0.0,0.0,0.0,NA,0,848.98
NFT-/XUTR/DEUTH026124A0H7YX,37.19,0.0,0.0,1750.0,781.0,202.748,3.719,0.0,0.0,postpaid,0.744,127.0,0.0,0.0,0.0,149.86,-723.649,"",'132828501346480641003,2026-05-04,11100565811,9bc2a213-61bb-43ed-9b58-71275a26a867,11100565811,Reverse,100045836844,1000013240924,11504,743.81,5.0,875.0,0.0,875.0,exchange,0.0,0.0,0.0,0.0,0.0,0.0,0.0,0.0,NA,0,875.0
NFT-/XUTR/DEUTH026124A0H7YX,71.81,0.0,0.0,2399.0,1508.0,355.888,7.181,0.0,0.0,postpaid,1.436,0.0,0.0,45.0,0.0,53.1,1090.395,"",'132818544998313828703,2026-05-04,11098440967,34c3e6d7-8f48-4778-94d7-1a1cfb98944b,"",Forward,100043712003,100043712003,11504,1436.19,5.0,720.0,0.0,720.0,packet_delivered,0.0,0.0,0.0,0.0,0.0,0.0,0.0,0.0,NA,0,1679.0
NFT-/XUTR/DEUTH026124A0H7YX,51.33,0.0,0.0,2499.0,1078.0,267.128,5.133,0.0,0.0,postpaid,1.027,112.0,0.0,0.0,0.0,132.16,-936.872,"",'132788694838529203203,2026-05-04,11092043933,f60349da-829a-4335-8ff8-cfa6725ed634,100152195303,Reverse,100037314978,100037314978,11504,1026.67,5.0,1250.0,0.0,1250.0,return_refund,0.0,0.0,0.0,0.0,0.0,0.0,0.0,0.0,NA,0,1249.0
NFT-/XUTR/DEUTH026124A0H7YX,19.1,0.0,0.0,1650.0,401.0,18.927,1.91,0.0,0.0,postpaid,0.382,0.0,0.0,15.0,0.0,17.7,362.081,"",'132806235218689092203,2026-05-04,11096120136,2f764863-b2a4-4d40-9f29-359b7c9e5a2b,"",Forward,100041391177,1000011848231,11504,381.9,5.0,1155.0,0.0,1155.0,packet_delivered,0.0,0.0,0.0,0.0,0.0,0.0,0.0,0.0,NA,0,495.0
NFT-/XUTR/DEUTH026124A0H7YX,47.29,0.0,0.0,3499.0,992.9999999999999,257.783,4.729,0.0,0.0,postpaid,0.946,106.0,0.0,0.0,0.0,125.08,-854.622,"",'132805374841739945401,2026-05-04,11095838082,15375f66-fba7-4543-9c0e-f6e0e80f6e2d,11095838082,Reverse,100041109123,100041109123,11504,945.71,5.0,2335.0,0.0,2335.0,exchange,0.0,0.0,0.0,0.0,0.0,0.0,0.0,0.0,NA,0,1164.0
NFT-/XUTR/DEUTH026124A0H7YX,0.0,18.0,18.0,2299.0,756.0,35.683,0.0,1.8,1.8,postpaid,0.72,0.0,0.0,27.0,0.0,31.86,684.137,"",'132822651753587358903,2026-05-04,11099469898,602ce140-d89e-411d-af29-e8a03bb5d08c,"",Forward,100044740931,100044740931,11504,720,5.0,1449.0,0.0,1449.0,packet_delivered,0.0,0.0,0.0,0.0,0.0,0.0,0.0,0.0,NA,0,850.0
NFT-/XUTR/DEUTH026124A0H7YX,54.48,0.0,0.0,2799.0,1144.0,283.483,5.448,0.0,0.0,postpaid,1.09,167.0,0.0,0.0,0.0,197.06,-1051.039,"",'132787779770836138401,2026-05-04,11091740574,a847ef3f-a04e-454c-8be2-7f9010d4f87a,100156649605,Reverse,100037011619,100037011619,11504,1089.52,5.0,1484.0,0.0,1484.0,return_refund,0.0,0.0,0.0,0.0,0.0,0.0,0.0,0.0,NA,0,1315.0
NFT-/XUTR/DEUTH026124A0H7YX,56.1,0.0,0.0,2699.0,1178.0,291.908,5.61,0.0,0.0,postpaid,1.122,127.0,0.0,0.0,0.0,149.86,-1029.22,"",'132828527262811614503,2026-05-04,11100573231,5716f1ee-9718-41cb-9dc2-871ec6f3fe3c,100154034442,Reverse,100045844264,1000013242704,11504,1121.9,5.0,1350.0,0.0,1350.0,return_refund,0.0,0.0,0.0,0.0,0.0,0.0,0.0,0.0,NA,0,1349.0
NFT-/XUTR/DEUTH026124A0H7YX,18.57,0.0,0.0,1799.0,390.0,18.408,1.857,0.0,0.0,postpaid,0.371,0.0,0.0,0.0,0.0,0.0,369.364,"",'132795144638099663201,2026-05-04,11093493183,852aba74-91dc-4bcb-b9e4-9ebf448409ee,"",Forward,100038764227,1000012122923,11504,371.43,5.0,1350.0,0.0,1350.0,packet_delivered,0.0,0.0,0.0,0.0,0.0,0.0,0.0,0.0,NA,0,449.0
NFT-/XUTR/DEUTH026124A0H7YX,31.19,0.0,0.0,1499.0,430.12,111.659,2.048,0.0,0.0,postpaid,0.41,0.0,0.0,17.73,0.0,20.9214,295.082,"",'132827448160536091001,2026-05-04,11100321250,10adad10-455d-40ac-88e5-fbe0530e11a6,"",Forward,100045592283,100045592283,11504,623.81,5.0,750.0,0.0,750.0,packet_delivered,0.0,0.0,0.0,0.0,0.0,0.0,0.0,0.0,NA,0,749.0
NFT-/XUTR/DEUTH026124A0H7YX,75.14,0.0,0.0,3499.0,1578.0,391.028,7.514,0.0,0.0,postpaid,1.503,0.0,0.0,45.0,0.0,53.1,1124.855,"",'132807144463052076401,2026-05-04,11096469453,c5fce827-5a1d-45ab-8941-2584cb2dba82,"",Forward,100041740494,100041740494,11504,1502.86,5.0,1750.0,0.0,1750.0,packet_delivered,0.0,0.0,0.0,0.0,0.0,0.0,0.0,0.0,NA,0,1749.0
NFT-/XUTR/DEUTH026124A0H7YX,0.0,28.43,28.43,1950.0,1194.0,281.784,0.0,2.843,2.843,postpaid,1.137,106.0,0.0,0.0,0.0,125.08,-1030.473,"",'132812580256439841701,2026-05-04,11097318370,cba30295-ba41-4e8a-8c79-b0f55ae046a4,100152370556,Reverse,100042589410,1000012267071,11504,1137.14,5.0,585.0,0.0,585.0,return_refund,0.0,0.0,0.0,0.0,0.0,0.0,0.0,0.0,NA,0,1365.0000000000002
NFT-/XUTR/DEUTH026124A0H7YX,40.71,0.0,0.0,1899.0,855.0,161.424,4.071,0.0,0.0,postpaid,0.814,182.0,0.0,0.0,0.0,214.76,-903.451,"",'132798425112806851103,2026-05-04,11094481243,7a7193eb-74a6-4f9c-89ba-bedb5fa1d88d,100152770734,Reverse,100039752285,100039752285,11504,814.29,5.0,950.0,0.0,950.0,return_refund,0.0,0.0,0.0,0.0,0.0,0.0,0.0,0.0,NA,0,949.0
NFT-/XUTR/DEUTH026124A0H7YX,44.67,0.0,0.0,2999.0,938.0000000000001,243.505,4.467,0.0,0.0,postpaid,0.893,112.0,0.0,0.0,0.0,132.16,-821.295,"",'132744617427242946503,2026-05-04,11081901290,423359f4-53bd-4f75-835b-02c4edf713f4,11081901290,Reverse,100027172357,100027172357,11504,893.33,5.0,1890.0,0.0,1890.0,exchange,0.0,0.0,0.0,0.0,0.0,0.0,0.0,0.0,NA,0,1109.0
NFT-/XUTR/DEUTH026124A0H7YX,31.19,0.0,0.0,1499.0,430.12,111.659,2.048,0.0,0.0,postpaid,0.41,0.0,0.0,17.73,0.0,20.9214,295.082,"",'132797607739037290701,2026-05-04,11094189817,63e517a2-e4a0-43f0-b6d1-9bebd8e911e7,"",Forward,100039460859,1000011570295,11504,623.81,5.0,750.0,0.0,750.0,packet_delivered,0.0,0.0,0.0,0.0,0.0,0.0,0.0,0.0,NA,0,749.0
NFT-/XUTR/DEUTH026124A0H7YX,63.24,0.0,0.0,2999.0,1328.0,329.078,6.324,0.0,0.0,postpaid,1.265,0.0,0.0,45.0,0.0,53.1,938.233,"",'132772732538009928701,2026-05-04,11088436915,d11289d4-05fa-4c78-95e8-86229410f9b6,"",Forward,100033707968,100033707968,11504,1264.76,5.0,1500.0,0.0,1500.0,packet_delivered,0.0,0.0,0.0,0.0,0.0,0.0,0.0,0.0,NA,0,1499.0
NFT-/XUTR/DEUTH026124A0H7YX,40.24,0.0,0.0,1999.0,845.0,219.362,4.024,0.0,0.0,postpaid,0.805,167.0,0.0,0.0,0.0,197.06,-817.869,"",'132781103424649624003,2026-05-04,11090328430,5e4d12bd-222b-4eed-98e9-1a1caa3c85e1,100152099873,Reverse,100035599481,100035599481,11504,804.76,5.0,1060.0,0.0,1060.0,return_refund,0.0,0.0,0.0,0.0,0.0,0.0,0.0,0.0,NA,0,939.0
NFT-/XUTR/DEUTH026124A0H7YX,70.38,0.0,0.0,3299.0,1478.0,366.248,7.038,0.0,0.0,postpaid,1.408,0.0,0.0,45.0,0.0,53.1,1050.206,"",'132795229648447785903,2026-05-04,11093517419,fb020197-3b2a-401e-b17f-6b7114149788,"",Forward,100038788463,100038788463,11504,1407.62,5.0,1650.0,0.0,1650.0,packet_delivered,0.0,0.0,0.0,0.0,0.0,0.0,0.0,0.0,NA,0,1649.0
NFT-/XUTR/DEUTH026124A0H7YX,43.24,0.0,0.0,2399.0,908.0,235.717,4.324,0.0,0.0,postpaid,0.865,0.0,0.0,27.0,0.0,31.86,635.234,"",'132797553271214450603,2026-05-04,11094171983,aefab65f-5525-4adc-babd-016c63548d7a,"",Forward,100039443025,1000012130016,11504,864.76,5.0,1320.0,0.0,1320.0,packet_delivered,0.0,0.0,0.0,0.0,0.0,0.0,0.0,0.0,NA,0,1079.0
NFT-/XUTR/DEUTH026124A0H7YX,106.81,0.0,0.0,3499.0,1651.4270000000001,389.737,7.864,0.0,0.0,postpaid,1.573,133.999,0.0,0.0,0.0,158.11882,-1410.372,"",'132792399125936873601,2026-05-04,11092796458,06ab2c4b-7039-4171-bbc8-8ec97235d5b3,100155525489,Reverse,100038067503,100038067503,11504,2136.19,5.0,1050.0,0.0,1050.0,return_refund,0.0,0.0,0.0,0.0,0.0,0.0,0.0,0.0,NA,0,2449.01
NFT-/XUTR/DEUTH026124A0H7YX,0.0,33.95,33.95,3399.0,1426.0,353.363,0.0,3.395,3.395,postpaid,1.358,0.0,0.0,45.0,0.0,53.1,1011.389,"",'132827332609730628403,2026-05-04,11100301734,709c0e4a-83b7-4c16-9cfa-b7fb365da6fd,"",Forward,100045572767,100045572767,11504,1358.1,5.0,1802.0,0.0,1802.0,packet_delivered,0.0,0.0,0.0,0.0,0.0,0.0,0.0,0.0,NA,0,1597.0
NFT-/XUTR/DEUTH026124A0H7YX,70.38,0.0,0.0,3299.0,1316.661,326.269,6.27,0.0,0.0,postpaid,1.254,0.0,0.0,40.088,0.0,47.30384,935.564,"",'132772844015116677801,2026-05-04,11088459526,6259988f-491e-445a-9e7c-cf4e76890090,"",Forward,100033730579,100033730579,11504,1407.62,5.0,1650.0,0.0,1650.0,packet_delivered,0.0,0.0,0.0,0.0,0.0,0.0,0.0,0.0,NA,0,1648.99
NFT-/XUTR/DEUTH026124A0H7YX,51.81,0.0,0.0,1799.0,1063.9,251.07999999999998,5.066,0.0,0.0,postpaid,1.013,0.0,0.0,44.003,0.0,51.92354,754.817,"",'132790258908238687303,2026-05-04,11092650938,259825ff-d6d3-447f-85c7-d0233eba785e,"",Forward,100037921983,100037921983,11504,1036.19,5.0,540.0,0.0,540.0,packet_delivered,0.0,0.0,0.0,0.0,0.0,0.0,0.0,0.0,NA,0,1259.0
NFT-/XUTR/DEUTH026124A0H7YX,63.24,0.0,0.0,2999.0,1328.0,329.078,6.324,0.0,0.0,postpaid,1.265,0.0,0.0,45.0,0.0,53.1,938.233,"",'132806662052737462203,2026-05-04,11096287476,f6f1234b-b78f-47cc-a3cd-a18e82a2b847,"",Forward,100041558518,100041558518,11504,1264.76,5.0,1500.0,0.0,1500.0,packet_delivered,0.0,0.0,0.0,0.0,0.0,0.0,0.0,0.0,NA,0,1499.0
NFT-/XUTR/DEUTH026124A0H7YX,100.14,0.0,0.0,3299.0,2103.0,496.308,10.014,0.0,0.0,postpaid,2.003,106.0,0.0,0.0,0.0,125.08,-1719.755,"",'132815260785201993301,2026-05-04,11098048999,e9a34df2-cd14-478f-b377-4bced86cc3b4,100153018417,Reverse,100043320035,100043320035,11504,2002.86,5.0,990.0,0.0,990.0,return_refund,0.0,0.0,0.0,0.0,0.0,0.0,0.0,0.0,NA,0,2309.0
NFT-/XUTR/DEUTH026124A0H7YX,448.93,0.0,0.0,4499.0,2943.0,694.548,12.47,0.0,0.0,postpaid,2.494,0.0,0.0,61.0,0.0,71.98,2161.508,"",'132803967430197517901,2026-05-04,11095445070,8474f664-8243-4ad5-80dd-c07bded7c1b7,"",Forward,100040716111,100040716111,11504,2494.07,18.0,1350.0,0.0,1350.0,packet_delivered,0.0,0.0,0.0,0.0,0.0,0.0,0.0,0.0,NA,0,3149.0
NFT-/XUTR/DEUTH026124A0H7YX,33.52,0.0,0.0,1699.0,704.0,182.758,3.352,0.0,0.0,postpaid,0.67,0.0,0.0,27.0,0.0,31.86,485.36,"",'132810207917359397403,2026-05-04,11096733464,5805ca66-1c22-4ae7-b7ce-eab18d001077,"",Forward,100042004505,100042004505,11504,670.48,5.0,901.0,0.0,901.0,packet_delivered,0.0,0.0,0.0,0.0,0.0,0.0,0.0,0.0,NA,0,798.0
NFT-/XUTR/DEUTH026124A0H7YX,42.62,0.0,0.0,2999.0,895.0,232.342,4.262,0.0,0.0,postpaid,0.852,0.0,0.0,27.0,0.0,31.86,625.684,"",'132819231124331097101,2026-05-04,11098567978,3f035ea8-3b40-406e-a39f-71d37e11b618,"",Forward,100043839013,100043839013,11504,852.38,5.0,2010.0,0.0,2010.0,packet_delivered,0.0,0.0,0.0,0.0,0.0,0.0,0.0,0.0,NA,0,988.98
NFT-/XUTR/DEUTH026124A0H7YX,35.95,0.0,0.0,1699.0,755.0,195.998,3.595,0.0,0.0,postpaid,0.719,0.0,0.0,27.0,0.0,31.86,522.828,"",'132829679071190336101,2026-05-04,11100887590,f1372d7b-6d6b-461c-a9a8-ea430b4d89c1,"",Forward,100046158623,100046158623,11504,719.05,5.0,850.0,0.0,850.0,packet_delivered,0.0,0.0,0.0,0.0,0.0,0.0,0.0,0.0,NA,0,849.0
NFT-/XUTR/DEUTH026124A0H7YX,30.71,0.0,0.0,1999.0,645.0,30.443999999999996,3.071,0.0,0.0,postpaid,0.614,0.0,0.0,27.0,0.0,31.86,579.011,"",'132819986000247473501,2026-05-04,11098762127,27f1d0c7-1a37-4ce5-bb53-2ea4cabf87e4,"",Forward,100044033162,100044033162,11504,614.29,5.0,1260.0,0.0,1260.0,packet_delivered,0.0,0.0,0.0,0.0,0.0,0.0,0.0,0.0,NA,0,739.0
NFT-/XUTR/DEUTH026124A0H7YX,64.67,0.0,0.0,3399.0,1358.0,336.512,6.467,0.0,0.0,postpaid,1.293,106.0,0.0,0.0,0.0,125.08,-1138.808,"",'132814404181201273101,2026-05-04,11097778068,1850ec6d-1827-472d-9137-9abd6af640d2,100155539081,Reverse,100043049104,100043049104,11504,1293.33,5.0,1870.0,0.0,1870.0,return_refund,0.0,0.0,0.0,0.0,0.0,0.0,0.0,0.0,NA,0,1529.0
NFT-/XUTR/DEUTH026124A0H7YX,58.95,0.0,0.0,2999.0,912.7669999999998,226.184,4.347,0.0,0.0,postpaid,0.869,134.187,0.0,0.0,0.0,158.34066,-839.708,"",'132819847342055055601,2026-05-04,11098723325,81a3e5f7-5e5e-405a-adf1-87c9ddda39ab,100153492861,Reverse,100043994360,100043994360,11504,1179.05,5.0,1590.0,0.0,1590.0,return_refund,0.0,0.0,0.0,0.0,0.0,0.0,0.0,0.0,NA,0,1409.01
NFT-/XUTR/DEUTH026124A0H7YX,79.33,0.0,0.0,2625.0,1666.0,412.835,7.933,0.0,0.0,postpaid,1.587,0.0,0.0,45.0,0.0,53.1,1190.545,"",'132804238620222460503,2026-05-04,11095520610,5f1ac1d5-89a9-4a7c-838f-31042b99de21,"",Forward,100040791651,100040791651,11504,1586.67,5.0,788.0,0.0,788.0,packet_delivered,0.0,0.0,0.0,0.0,0.0,0.0,0.0,0.0,NA,0,1837.0
NFT-/XUTR/DEUTH026124A0H7YX,20.05,0.0,0.0,1599.0,135.67,6.404,0.646,0.0,0.0,postpaid,0.129,0.0,0.0,4.834,0.0,5.70412,122.787,"",'132744943006680389703,2026-05-04,11081995158,5ec81a8f-f08a-416c-a070-561f7350d9cf,"",Forward,100027266225,100027266225,11504,400.95,5.0,1084.0,0.0,1084.0,packet_delivered,0.0,0.0,0.0,0.0,0.0,0.0,0.0,0.0,NA,0,515.0
NFT-/XUTR/DEUTH026124A0H7YX,35.95,0.0,0.0,1699.0,376.49,97.737,1.793,0.0,0.0,postpaid,0.359,0.0,0.0,13.464,0.0,15.88752,260.713,"",'132806701459874377901,2026-05-04,11096304731,4e72a9d1-f3b6-4850-8cc7-6d66df4b8912,"",Forward,100041575772,100041575772,11504,719.05,5.0,850.0,0.0,850.0,packet_delivered,0.0,0.0,0.0,0.0,0.0,0.0,0.0,0.0,NA,0,848.98
NFT-/XUTR/DEUTH026124A0H7YX,19.05,0.0,0.0,1499.0,400.00000000000006,18.88,1.905,0.0,0.0,postpaid,0.381,106.0,0.0,0.0,0.0,125.08,-503.914,"",'132829532199685841601,2026-05-04,11100850042,7c931575-6872-40c8-a22c-e0e39f0a7a43,100153386551,Reverse,100046121075,1000013297540,11504,380.95,5.0,1005.0,0.0,1005.0,return_refund,0.0,0.0,0.0,0.0,0.0,0.0,0.0,0.0,NA,0,494.0
NFT-/XUTR/DEUTH026124A0H7YX,38.33,0.0,0.0,1799.0,369.49,95.92,1.759,0.0,0.0,postpaid,0.352,0.0,0.0,12.393,0.0,14.62374,256.835,"",'132794754639113615103,2026-05-04,11093380940,6b5b7018-699d-455a-bbfd-873740658c8e,"",Forward,100038651984,1000011045029,11504,766.67,5.0,900.0,0.0,900.0,packet_delivered,0.0,0.0,0.0,0.0,0.0,0.0,0.0,0.0,NA,0,899.0
NFT-/XUTR/DEUTH026124A0H7YX,69.05,0.0,0.0,3499.0,1450.0,376.42,6.905,0.0,0.0,postpaid,1.381,259.0,0.0,0.0,0.0,305.62,-1370.914,"",'132761923468081065103,2026-05-04,11085842221,43fd0644-d1e9-463e-8bc0-463b888dca2b,100152248102,Reverse,100031113275,100031113275,11504,1380.95,5.0,1855.0,0.0,1855.0,return_refund,0.0,0.0,0.0,0.0,0.0,0.0,0.0,0.0,NA,0,1644.0
NFT-/XUTR/DEUTH026124A0H7YX,100.14,0.0,0.0,3299.0,2103.0,496.308,10.014,0.0,0.0,postpaid,2.003,0.0,0.0,61.0,0.0,71.98,1522.695,"",'132815260785201993301,2026-05-04,11098048999,e9a34df2-cd14-478f-b377-4bced86cc3b4,"",Forward,100043320035,100043320035,11504,2002.86,5.0,990.0,0.0,990.0,packet_delivered,0.0,0.0,0.0,0.0,0.0,0.0,0.0,0.0,NA,0,2309.0
NFT-/XUTR/DEUTH026124A0H7YX,19.1,0.0,0.0,1650.0,401.00000000000006,18.927,1.91,0.0,0.0,postpaid,0.382,106.0,0.0,0.0,0.0,125.08,-504.861,"",'132806235218689092203,2026-05-04,11096120136,2f764863-b2a4-4d40-9f29-359b7c9e5a2b,11096120136,Reverse,100041391177,1000011848231,11504,381.9,5.0,1155.0,0.0,1155.0,exchange,0.0,0.0,0.0,0.0,0.0,0.0,0.0,0.0,NA,0,495.0
NFT-/XUTR/DEUTH026124A0H7YX,34.67,0.0,0.0,1750.0,728.0,188.989,3.467,0.0,0.0,postpaid,0.693,0.0,0.0,27.0,0.0,31.86,502.991,"",'132789113932418739603,2026-05-04,11092200498,e78cdbd9-83b9-4305-9795-f805b736c9cb,"",Forward,100037471543,100037471543,11504,693.33,5.0,928.0,0.0,928.0,packet_delivered,0.0,0.0,0.0,0.0,0.0,0.0,0.0,0.0,NA,0,822.0
NFT-/XUTR/DEUTH026124A0H7YX,123.48,0.0,0.0,3999.0,2538.0600000000004,598.982,12.086,0.0,0.0,postpaid,2.417,178.144,0.0,0.0,0.0,210.20992,-2134.785,"",'132799178161425720301,2026-05-04,11094618550,9a0007c1-dcec-46e5-b9b5-1adb54ea4dc4,100153384105,Reverse,100039889592,100039889592,11504,2469.52,5.0,1200.0,0.0,1200.0,return_refund,0.0,0.0,0.0,0.0,0.0,0.0,0.0,0.0,NA,0,2799.0
NFT-/XUTR/DEUTH026124A0H7YX,63.24,0.0,0.0,2999.0,1275.99,316.19,6.076,0.0,0.0,postpaid,1.215,174.872,0.0,0.0,0.0,206.34896,-1158.858,"",'132815687641184159001,2026-05-04,11098208731,3db0ca96-eed5-4637-80c3-32626470982e,100153498861,Reverse,100043479768,100043479768,11504,1264.76,5.0,1500.0,0.0,1500.0,return_refund,0.0,0.0,0.0,0.0,0.0,0.0,0.0,0.0,NA,0,1499.0
NFT-/XUTR/DEUTH026124A0H7YX,63.24,0.0,0.0,2999.0,954.936,236.633,4.547,0.0,0.0,postpaid,0.909,0.0,0.0,32.359,0.0,38.18362,674.663,"",'132804817623609676401,2026-05-04,11095678378,c15b3eb1-8c94-4c70-a9eb-ddbf3b5e4e0b,"",Forward,100040949419,100040949419,11504,1264.76,5.0,1500.0,0.0,1500.0,packet_delivered,0.0,0.0,0.0,0.0,0.0,0.0,0.0,0.0,NA,0,1498.98
NFT-/XUTR/DEUTH026124A0H7YX,35.95,0.0,0.0,1699.0,664.47,172.496,3.164,0.0,0.0,postpaid,0.633,0.0,0.0,23.763,0.0,28.04034,460.137,"",'132804644024769457701,2026-05-04,11095631551,4675cf1d-1c4e-4291-bf20-b4c5a7388a37,"",Forward,100040902592,100040902592,11504,719.05,5.0,850.0,0.0,850.0,packet_delivered,0.0,0.0,0.0,0.0,0.0,0.0,0.0,0.0,NA,0,849.0
NFT-/XUTR/DEUTH026124A0H7YX,43.48,0.0,0.0,3099.0,913.0,237.015,4.348,0.0,0.0,postpaid,0.87,0.0,0.0,27.0,0.0,31.86,638.907,"",'132776046063141966701,2026-05-04,11088772571,b2e54819-d341-492d-8c5c-c9de93395e18,"",Forward,100034043623,100034043623,11504,869.52,5.0,2015.0,0.0,2015.0,packet_delivered,0.0,0.0,0.0,0.0,0.0,0.0,0.0,0.0,NA,0,1084.0
NFT-/XUTR/DEUTH026124A0H7YX,19.67,0.0,0.0,1750.0,413.0,19.494,1.967,0.0,0.0,postpaid,0.393,0.0,0.0,15.0,0.0,17.7,373.446,"",'132798242430114952603,2026-05-04,11094418165,64ef6f39-b710-40c9-af88-5255f119bf76,"",Forward,100039689207,100039689207,11504,393.33,5.0,1243.0,0.0,1243.0,packet_delivered,0.0,0.0,0.0,0.0,0.0,0.0,0.0,0.0,NA,0,507.0
NFT-/XUTR/DEUTH026124A0H7YX,36.19,0.0,0.0,1899.0,694.02,180.168,3.305,0.0,0.0,postpaid,0.661,0.0,0.0,24.656,0.0,29.09408,480.792,"",'132767551410727660603,2026-05-04,11086936106,2a3f0345-a45b-4d84-b860-11cafbe490b0,"",Forward,100032207159,100032207159,11504,723.81,5.0,1045.0,0.0,1045.0,packet_delivered,0.0,0.0,0.0,0.0,0.0,0.0,0.0,0.0,NA,0,854.0
NFT-/XUTR/DEUTH026124A0H7YX,18.95,0.0,0.0,1699.0,398.0,18.786,1.895,0.0,0.0,postpaid,0.379,0.0,0.0,0.0,0.0,0.0,376.94,"",'132785924324598462603,2026-05-04,11091135483,6a76b0e4-4cd6-485e-9098-3d607bd5d86b,"",Forward,100036406529,100036406529,11504,379.05,5.0,1207.0,0.0,1207.0,packet_delivered,0.0,0.0,0.0,0.0,0.0,0.0,0.0,0.0,NA,0,492.0
NFT-/XUTR/DEUTH026124A0H7YX,66.43,0.0,0.0,3299.0,1395.0,345.681,6.643,0.0,0.0,postpaid,1.329,0.0,0.0,45.0,0.0,53.1,988.247,"",'132831365283081221303,2026-05-04,11101312877,64893bef-b8aa-4dff-a797-1be4686e4131,"",Forward,100046583904,100046583904,11504,1328.57,5.0,1733.0,0.0,1733.0,packet_delivered,0.0,0.0,0.0,0.0,0.0,0.0,0.0,0.0,NA,0,1566.0
NFT-/XUTR/DEUTH026124A0H7YX,44.67,0.0,0.0,2999.0,938.0,243.505,4.467,0.0,0.0,postpaid,0.893,182.0,0.0,0.0,0.0,214.76,-903.895,"",'132819755913100692303,2026-05-04,11098698248,d9a747ef-7f5d-432d-8d34-0006c8b59aeb,11098698248,Reverse,100043969282,100043969282,11504,893.33,5.0,1890.0,0.0,1890.0,exchange,0.0,0.0,0.0,0.0,0.0,0.0,0.0,0.0,NA,0,1109.0
NFT-/XUTR/DEUTH026124A0H7YX,53.48,0.0,0.0,3499.0,1123.0,278.279,5.348,0.0,0.0,postpaid,1.07,0.0,0.0,45.0,0.0,53.1,785.203,"",'132779549858673901403,2026-05-04,11089823227,dcd9e6d5-c27e-451d-8789-f8ac41621968,"",Forward,100035094277,100035094277,11504,1069.52,5.0,2205.0,0.0,2205.0,packet_delivered,0.0,0.0,0.0,0.0,0.0,0.0,0.0,0.0,NA,0,1294.0
NFT-/XUTR/DEUTH026124A0H7YX,78.48,0.0,0.0,2599.0,1648.0,388.928,7.848,0.0,0.0,postpaid,1.57,0.0,0.0,45.0,0.0,53.1,1196.554,"",'132786505742188171903,2026-05-04,11091329259,22beb784-b031-425f-876f-7e104c097a32,"",Forward,100036600304,100036600304,11504,1569.52,5.0,780.0,0.0,780.0,packet_delivered,0.0,0.0,0.0,0.0,0.0,0.0,0.0,0.0,NA,0,1818.99
NFT-/XUTR/DEUTH026124A0H7YX,75.14,0.0,0.0,3499.0,1578.0,391.028,7.514,0.0,0.0,postpaid,1.503,127.0,0.0,0.0,0.0,149.86,-1327.815,"",'132810901621272248301,2026-05-04,11096879328,3754f1d6-45bd-4787-b82d-26dac45cb6ed,100153736743,Reverse,100042150369,100042150369,11504,1502.86,5.0,1750.0,0.0,1750.0,return_refund,0.0,0.0,0.0,0.0,0.0,0.0,0.0,0.0,NA,0,1749.0
NFT-/XUTR/DEUTH026124A0H7YX,82.29,0.0,0.0,1899.0,793.14,187.181,3.777,0.0,0.0,postpaid,0.755,0.0,0.0,20.655,0.0,24.3729,577.054,"",'132794754639113615103,2026-05-04,11093380938,6b5b7018-699d-455a-bbfd-873740658c8e,"",Forward,100038651982,1000011045029,11504,1645.71,5.0,0.0,0.0,0.0,packet_delivered,0.0,0.0,0.0,0.0,0.0,0.0,0.0,0.0,NA,0,1899.0
NFT-/XUTR/DEUTH026124A0H7YX,19.05,0.0,0.0,1499.0,400.0,18.88,1.905,0.0,0.0,postpaid,0.381,0.0,0.0,0.0,0.0,0.0,378.834,"",'132802621506949443603,2026-05-04,11095041840,22693846-f52a-4ec5-a290-0debd4a09c1b,"",Forward,100040312882,100040312882,11504,380.95,5.0,1005.0,0.0,1005.0,packet_delivered,0.0,0.0,0.0,0.0,0.0,0.0,0.0,0.0,NA,0,494.0
NFT-/XUTR/DEUTH026124A0H7YX,55.14,0.0,0.0,1899.0,1158.0,273.288,5.514,0.0,0.0,postpaid,1.103,0.0,0.0,45.0,0.0,53.1,824.995,"",'132771996109721875303,2026-05-04,11088202328,d87c4e73-85c2-40f3-8c14-734f4feae6a3,"",Forward,100033473381,100033473381,11504,1102.86,5.0,570.0,0.0,570.0,packet_delivered,0.0,0.0,0.0,0.0,0.0,0.0,0.0,0.0,NA,0,1329.0
NFT-/XUTR/DEUTH026124A0H7YX,19.05,0.0,0.0,1499.0,400.0,18.88,1.905,0.0,0.0,postpaid,0.381,0.0,0.0,0.0,0.0,0.0,378.834,"",'132790262144121144603,2026-05-04,11092651658,753deb59-d490-488b-b950-aa41e09e0349,"",Forward,100037922703,100037922703,11504,380.95,5.0,1005.0,0.0,1005.0,packet_delivered,0.0,0.0,0.0,0.0,0.0,0.0,0.0,0.0,NA,0,494.0
NFT-/XUTR/DEUTH026124A0H7YX,44.67,0.0,0.0,2999.0,884.74,229.679,4.213,0.0,0.0,postpaid,0.843,119.789,0.0,0.0,0.0,141.35102,-791.356,"",'132805615814401742603,2026-05-04,11095914467,d5a65f8e-3db9-4da3-a1c9-020bb7d1372e,11095914467,Reverse,100041185508,100041185508,11504,893.33,5.0,1890.0,0.0,1890.0,exchange,0.0,0.0,0.0,0.0,0.0,0.0,0.0,0.0,NA,0,1109.0
NFT-/XUTR/DEUTH026124A0H7YX,42.62,0.0,0.0,2999.0,871.41,226.218,4.15,0.0,0.0,postpaid,0.83,0.0,0.0,26.288,0.0,31.01984,609.192,"",'132781075075329537503,2026-05-04,11090319029,9a07a982-de34-47f7-bf18-1b90e817c0a8,"",Forward,100035590080,1000010370933,11504,852.38,5.0,2010.0,0.0,2010.0,packet_delivered,0.0,0.0,0.0,0.0,0.0,0.0,0.0,0.0,NA,0,989.0
NFT-/XUTR/DEUTH026124A0H7YX,23.0,0.0,0.0,1650.0,483.0,22.798,2.3,0.0,0.0,postpaid,0.46,0.0,0.0,27.0,0.0,31.86,425.582,"",'132822562068974877101,2026-05-04,11099444046,2306e427-8952-405c-ad11-302f8c36a31c,"",Forward,100044715080,1000012883276,11504,460,5.0,1073.0,0.0,1073.0,packet_delivered,0.0,0.0,0.0,0.0,0.0,0.0,0.0,0.0,NA,0,577.0
NFT-/XUTR/DEUTH026124A0H7YX,19.1,0.0,0.0,1599.0,401.0,18.927,1.91,0.0,0.0,postpaid,0.382,0.0,0.0,15.0,0.0,17.7,362.081,"",'132794590046354907701,2026-05-04,11093333279,d9be2e4f-5063-4db8-8ce0-fce5844fe829,"",Forward,100038604323,100038604323,11504,381.9,5.0,1104.0,0.0,1104.0,packet_delivered,0.0,0.0,0.0,0.0,0.0,0.0,0.0,0.0,NA,0,495.0
NFT-/XUTR/DEUTH026124A0H7YX,34.67,0.0,0.0,1750.0,75.439,19.584,0.359,0.0,0.0,postpaid,0.072,18.86,0.0,0.0,0.0,22.2548,-77.679,"",'132793740801612219903,2026-05-04,11093088996,f5351bd4-a746-4dc5-bfe3-1eae00077388,11093088996,Reverse,100038360040,100038360040,11504,693.33,5.0,928.0,0.0,928.0,exchange,0.0,0.0,0.0,0.0,0.0,0.0,0.0,0.0,NA,0,821.99
NFT-/XUTR/DEUTH026124A0H7YX,35.95,0.0,0.0,1699.0,664.47,172.496,3.164,0.0,0.0,postpaid,0.633,111.772,0.0,0.0,0.0,131.89096,-620.068,"",'132804644024769457701,2026-05-04,11095631551,4675cf1d-1c4e-4291-bf20-b4c5a7388a37,100152544766,Reverse,100040902592,100040902592,11504,719.05,5.0,850.0,0.0,850.0,return_refund,0.0,0.0,0.0,0.0,0.0,0.0,0.0,0.0,NA,0,849.0
NFT-/XUTR/DEUTH026124A0H7YX,39.81,0.0,0.0,2799.0,836.0,217.026,3.981,0.0,0.0,postpaid,0.796,0.0,0.0,27.0,0.0,31.86,582.337,"",'132807613531435956501,2026-05-04,11096561977,b0fce802-ed1a-4db6-97b7-df6c391b40be,"",Forward,100041833018,1000012166046,11504,796.19,5.0,1792.0,0.0,1792.0,packet_delivered,0.0,0.0,0.0,0.0,0.0,0.0,0.0,0.0,NA,0,1007.0
NFT-/XUTR/DEUTH026124A0H7YX,63.24,0.0,0.0,2999.0,1328.0,329.078,6.324,0.0,0.0,postpaid,1.265,0.0,0.0,45.0,0.0,53.1,938.233,"",'132805395471165154703,2026-05-04,11095844737,b1b1b21a-a7c2-4311-961d-967c3a7ceb85,"",Forward,100041115778,100041115778,11504,1264.76,5.0,1500.0,0.0,1500.0,packet_delivered,0.0,0.0,0.0,0.0,0.0,0.0,0.0,0.0,NA,0,1499.0
NFT-/XUTR/DEUTH026124A0H7YX,60.86,0.0,0.0,2899.0,1278.0,316.688,6.086,0.0,0.0,postpaid,1.217,182.0,0.0,0.0,0.0,214.76,-1168.769,"",'132789833080644745303,2026-05-04,11092510128,181ac275-aac2-4227-af07-d8986a542013,100153019267,Reverse,100037781173,100037781173,11504,1217.14,5.0,1450.0,0.0,1450.0,return_refund,0.0,0.0,0.0,0.0,0.0,0.0,0.0,0.0,NA,0,1449.0
NFT-/XUTR/DEUTH026124A0H7YX,18.95,0.0,0.0,1699.0,398.0,18.786,1.895,0.0,0.0,postpaid,0.379,0.0,0.0,0.0,0.0,0.0,376.94,"",'132793558806281813503,2026-05-04,11093038715,01bea5e5-01dc-41dc-8b4d-d15ec26c46b0,"",Forward,100038309759,100038309759,11504,379.05,5.0,1207.0,0.0,1207.0,packet_delivered,0.0,0.0,0.0,0.0,0.0,0.0,0.0,0.0,NA,0,492.0
NFT-/XUTR/DEUTH026124A0H7YX,426.05,0.0,0.0,2999.0,2793.0,659.148,11.835,0.0,0.0,postpaid,2.367,0.0,0.0,61.0,0.0,71.98,2047.67,"",'132803863795031397701,2026-05-04,11095416152,96fdc6ac-52dd-433b-a62d-62a6bac07204,"",Forward,100040687193,1000012168806,11504,2366.95,18.0,0.0,0.0,0.0,packet_delivered,0.0,0.0,0.0,0.0,0.0,0.0,0.0,0.0,NA,0,2999.0
NFT-/XUTR/DEUTH026124A0H7YX,18.38,0.0,0.0,1650.0,385.99999999999994,18.219,1.838,0.0,0.0,postpaid,0.368,167.0,0.0,0.0,0.0,197.06,-562.635,"",'132780768662726679803,2026-05-04,11090213473,69219f9b-3f4a-4091-b17a-9a746349eac1,100151930233,Reverse,100035484524,1000010368393,11504,367.62,5.0,1205.0,0.0,1205.0,return_refund,0.0,0.0,0.0,0.0,0.0,0.0,0.0,0.0,NA,0,445.0
NFT-/XUTR/DEUTH026124A0H7YX,51.81,0.0,0.0,1799.0,1088.0,256.768,5.181,0.0,0.0,postpaid,1.036,0.0,0.0,45.0,0.0,53.1,771.915,"",'132794744601373230701,2026-05-04,11093377880,c08ee2dd-c24c-4c68-87f0-5a309896d4ef,"",Forward,100038648925,1000011044987,11504,1036.19,5.0,540.0,0.0,540.0,packet_delivered,0.0,0.0,0.0,0.0,0.0,0.0,0.0,0.0,NA,0,1259.0
NFT-/XUTR/DEUTH026124A0H7YX,31.19,0.0,0.0,1499.0,655.0,170.038,3.119,0.0,0.0,postpaid,0.624,0.0,0.0,27.0,0.0,31.86,449.359,"",'132806098341209804703,2026-05-04,11096072922,e0687b82-4b69-4c4b-be93-f7810de6aeca,"",Forward,100041343963,100041343963,11504,623.81,5.0,750.0,0.0,750.0,packet_delivered,0.0,0.0,0.0,0.0,0.0,0.0,0.0,0.0,NA,0,749.0
NFT-/XUTR/DEUTH026124A0H7YX,42.62,0.0,0.0,3299.0,895.0,232.342,4.262,0.0,0.0,postpaid,0.852,106.0,0.0,0.0,0.0,125.08,-782.624,"",'132819741879457876303,2026-05-04,11098694243,a43ab7f7-a7d0-4f99-8c41-ac2746acdca7,100152430044,Reverse,100043965278,100043965278,11504,852.38,5.0,2310.0,0.0,2310.0,return_refund,0.0,0.0,0.0,0.0,0.0,0.0,0.0,0.0,NA,0,989.0
NFT-/XUTR/DEUTH026124A0H7YX,38.33,0.0,0.0,1799.0,805.0,208.978,3.833,0.0,0.0,postpaid,0.767,0.0,0.0,27.0,0.0,31.86,559.562,"",'132830355212661623803,2026-05-04,11101061048,382821e4-39e7-4175-8cde-d37c53f16c29,"",Forward,100046332079,1000013378324,11504,766.67,5.0,900.0,0.0,900.0,packet_delivered,0.0,0.0,0.0,0.0,0.0,0.0,0.0,0.0,NA,0,899.0
NFT-/XUTR/DEUTH026124A0H7YX,45.52,0.0,0.0,2399.0,956.0,248.178,4.552,0.0,0.0,postpaid,0.91,182.0,0.0,0.0,0.0,214.76,-917.12,"",'132803718742007632503,2026-05-04,11095375742,357d36fd-336b-4e11-97b6-72eeefaac89b,100152960386,Reverse,100040646784,1000012139457,11504,910.48,5.0,1272.0,0.0,1272.0,return_refund,0.0,0.0,0.0,0.0,0.0,0.0,0.0,0.0,NA,0,1127.0
NFT-/XUTR/DEUTH026124A0H7YX,37.19,0.0,0.0,1750.0,781.0,202.748,3.719,0.0,0.0,postpaid,0.744,0.0,0.0,27.0,0.0,31.86,541.929,"",'132778674706654885903,2026-05-04,11089572972,a5412ffd-3da4-449b-aac3-306a778d86fb,"",Forward,100034844023,1000009941597,11504,743.81,5.0,875.0,192.0,1067.0,packet_delivered,0.0,0.0,0.0,0.0,0.0,0.0,0.0,0.0,NA,0,875.0
NFT-/XUTR/DEUTH026124A0H7YX,75.14,0.0,0.0,3499.0,1578.0,391.028,7.514,0.0,0.0,postpaid,1.503,0.0,0.0,45.0,0.0,53.1,1124.855,"",'132810901621272248301,2026-05-04,11096879328,3754f1d6-45bd-4787-b82d-26dac45cb6ed,"",Forward,100042150369,100042150369,11504,1502.86,5.0,1750.0,0.0,1750.0,packet_delivered,0.0,0.0,0.0,0.0,0.0,0.0,0.0,0.0,NA,0,1749.0
NFT-/XUTR/DEUTH026124A0H7YX,41.38,0.0,0.0,1899.0,800.16,207.722,3.81,0.0,0.0,postpaid,0.762,0.0,0.0,24.861,0.0,29.33598,558.53,"",'132840924568206535103,2026-05-04,11103412792,472ae837-7e79-4b47-8d21-fc28be8075e7,"",Forward,100048683801,100048683801,11504,827.62,5.0,936.0,0.0,936.0,packet_delivered,0.0,0.0,0.0,0.0,0.0,0.0,0.0,0.0,NA,0,963.0
NFT-/XUTR/DEUTH026124A0H7YX,471.81,0.0,0.0,3299.0,3093.0,729.948,13.106,0.0,0.0,postpaid,2.621,182.0,0.0,0.0,0.0,214.76,-2562.085,"",'132803863795031397701,2026-05-04,11095416151,96fdc6ac-52dd-433b-a62d-62a6bac07204,100153252732,Reverse,100040687192,1000012168806,11504,2621.19,18.0,0.0,0.0,0.0,return_refund,0.0,0.0,0.0,0.0,0.0,0.0,0.0,0.0,NA,0,3299.0
NFT-/XUTR/DEUTH026124A0H7YX,40.48,0.0,0.0,2099.0,850.0,220.66,4.048,0.0,0.0,postpaid,0.81,0.0,0.0,27.0,0.0,31.86,592.622,"",'132798171537682708301,2026-05-04,11094391542,d848d144-a7b7-483e-b3c2-e7fdcd09e0c5,"",Forward,100039662584,100039662584,11504,809.52,5.0,1155.0,0.0,1155.0,packet_delivered,0.0,0.0,0.0,0.0,0.0,0.0,0.0,0.0,NA,0,943.99
NFT-/XUTR/DEUTH026124A0H7YX,68.48,0.0,0.0,2299.0,1174.54,277.191,5.593,0.0,0.0,postpaid,1.119,0.0,0.0,36.755,0.0,43.3709,847.266,"",'132810299564990453003,2026-05-04,11096750017,2043b4a3-5300-46e0-854e-9380834e51b0,"",Forward,100042021058,1000012045410,11504,1369.52,5.0,690.0,0.0,690.0,packet_delivered,0.0,0.0,0.0,0.0,0.0,0.0,0.0,0.0,NA,0,1609.0
NFT-/XUTR/DEUTH026124A0H7YX,56.86,0.0,0.0,1950.0,1194.0,281.784,5.686,0.0,0.0,postpaid,1.137,0.0,0.0,45.0,0.0,53.1,852.293,"",'132812847820091129701,2026-05-04,11097388529,b19551ef-b8f6-4f69-9e31-5856ec8472ab,"",Forward,100042659569,100042659569,11504,1137.14,5.0,585.0,0.0,585.0,packet_delivered,0.0,0.0,0.0,0.0,0.0,0.0,0.0,0.0,NA,0,1365.0
NFT-/XUTR/DEUTH026124A0H7YX,6.41,0.0,0.0,399.0,220.00000000000003,33.748,1.068,0.0,0.0,postpaid,0.214,112.0,0.0,0.0,0.0,132.16,-317.13,"",'132759483382120251303,2026-05-04,11085156877,66df72c9-f115-4a00-a6e5-684b411cfb9d,100151960410,Reverse,100030427933,100030427933,11504,213.59,3.0,120.0,0.0,120.0,return_refund,0.0,0.0,0.0,0.0,0.0,0.0,0.0,0.0,NA,0,279.0
NFT-/XUTR/DEUTH026124A0H7YX,55.14,0.0,0.0,1899.0,1158.0,273.288,5.514,0.0,0.0,postpaid,1.103,0.0,0.0,45.0,0.0,53.1,824.995,"",'132780853507396889101,2026-05-04,11090242641,ac667c4a-01cd-4dae-ad9f-002fd5d167b6,"",Forward,100035513692,100035513692,11504,1102.86,5.0,570.0,0.0,570.0,packet_delivered,0.0,0.0,0.0,0.0,0.0,0.0,0.0,0.0,NA,0,1329.0
NFT-/XUTR/DEUTH026124A0H7YX,19.67,0.0,0.0,1750.0,412.99999999999994,19.494,1.967,0.0,0.0,postpaid,0.393,167.0,0.0,0.0,0.0,197.06,-588.206,"",'132770244055757151403,2026-05-04,11087689098,1d082041-2c16-4291-9e9c-b3df58cdf70b,11087689098,Reverse,100032960151,100032960151,11504,393.33,5.0,1243.0,0.0,1243.0,exchange,0.0,0.0,0.0,0.0,0.0,0.0,0.0,0.0,NA,0,507.0
NFT-/XUTR/DEUTH026124A0H7YX,40.52,0.0,0.0,2100.0,851.0,220.92,4.052,0.0,0.0,postpaid,0.81,127.0,0.0,0.0,0.0,149.86,-775.078,"",'132831853346366276401,2026-05-04,11101444730,c9e43a47-3634-4641-bcaa-611ecc64065b,11101444730,Reverse,100046715757,100046715757,11504,810.48,5.0,1155.0,0.0,1155.0,exchange,0.0,0.0,0.0,0.0,0.0,0.0,0.0,0.0,NA,0,945.0
NFT-/XUTR/DEUTH026124A0H7YX,87.05,0.0,0.0,1999.0,1780.32,420.156,8.478,0.0,0.0,postpaid,1.696,0.0,0.0,43.826,0.0,51.71468,1298.275,"",'132778263750296188503,2026-05-04,11089455526,8f2604f1-ffe8-4b33-a2d0-7424051fc3f1,"",Forward,100034726578,100034726578,11504,1740.95,5.0,0.0,0.0,0.0,packet_delivered,0.0,0.0,0.0,0.0,0.0,0.0,0.0,0.0,NA,0,1999.0
NFT-/XUTR/DEUTH026124A0H7YX,39.81,0.0,0.0,2799.0,836.0,217.026,3.981,0.0,0.0,postpaid,0.796,0.0,0.0,27.0,0.0,31.86,582.337,"",'132803960127184551303,2026-05-04,11095442971,2428f3d7-2631-4779-9a4d-7825d2f814de,"",Forward,100040714012,100040714012,11504,796.19,5.0,1792.0,0.0,1792.0,packet_delivered,0.0,0.0,0.0,0.0,0.0,0.0,0.0,0.0,NA,0,1007.0
NFT-/XUTR/DEUTH026124A0H7YX,54.48,0.0,0.0,2799.0,1144.0,283.483,5.448,0.0,0.0,postpaid,1.09,106.0,0.0,0.0,0.0,125.08,-979.059,"",'132811299944140831401,2026-05-04,11096981583,cf90ef74-9422-466d-abb9-a268b3ffd756,100153259489,Reverse,100042252623,1000012188543,11504,1089.52,5.0,1484.0,0.0,1484.0,return_refund,0.0,0.0,0.0,0.0,0.0,0.0,0.0,0.0,NA,0,1315.0
NFT-/XUTR/DEUTH026124A0H7YX,34.05,0.0,0.0,1799.0,715.0,185.614,3.405,0.0,0.0,postpaid,0.681,0.0,0.0,27.0,0.0,31.86,493.44,"",'132785780671507229401,2026-05-04,11091086448,ab2f2169-fb50-4985-a69d-7acb3c31cefa,"",Forward,100036357495,100036357495,11504,680.95,5.0,990.0,0.0,990.0,packet_delivered,0.0,0.0,0.0,0.0,0.0,0.0,0.0,0.0,NA,0,809.0
NFT-/XUTR/DEUTH026124A0H7YX,106.81,0.0,0.0,3499.0,2243.0,529.348,10.681,0.0,0.0,postpaid,2.136,167.0,0.0,0.0,0.0,197.06,-1897.895,"",'132785656162301488401,2026-05-04,11091042125,75e0f60c-2688-4307-b822-d7fc7719a1e6,100153654310,Reverse,100036313172,100036313172,11504,2136.19,5.0,1050.0,0.0,1050.0,return_refund,0.0,0.0,0.0,0.0,0.0,0.0,0.0,0.0,NA,0,2449.0
NFT-/XUTR/DEUTH026124A0H7YX,38.33,0.0,0.0,1799.0,805.0,208.978,3.833,0.0,0.0,postpaid,0.767,106.0,0.0,0.0,0.0,125.08,-716.502,"",'132830355212661623803,2026-05-04,11101061048,382821e4-39e7-4175-8cde-d37c53f16c29,100153240456,Reverse,100046332079,1000013378324,11504,766.67,5.0,900.0,0.0,900.0,return_refund,0.0,0.0,0.0,0.0,0.0,0.0,0.0,0.0,NA,0,899.0
NFT-/XUTR/DEUTH026124A0H7YX,42.71,0.0,0.0,3099.0,486.42499999999995,126.27599999999998,2.316,0.0,0.0,postpaid,0.463,90.561,0.0,0.0,0.0,106.86198,-464.232,"",'132768818033393741003,2026-05-04,11087300732,3f187e4b-f643-47bf-829a-aaf7aff88010,11087300732,Reverse,100032571785,100032571785,11504,854.29,5.0,2108.0,0.0,2108.0,exchange,0.0,0.0,0.0,0.0,0.0,0.0,0.0,0.0,NA,0,991.01
NFT-/XUTR/DEUTH026124A0H7YX,55.14,0.0,0.0,1899.0,1158.0,273.288,5.514,0.0,0.0,postpaid,1.103,167.0,0.0,0.0,0.0,197.06,-1075.155,"",'132777195135920784301,2026-05-04,11089130803,353f944a-94ae-4170-bb0d-de331e9977eb,100152239093,Reverse,100034401855,100034401855,11504,1102.86,5.0,570.0,0.0,570.0,return_refund,0.0,0.0,0.0,0.0,0.0,0.0,0.0,0.0,NA,0,1329.0
NFT-/XUTR/DEUTH026124A0H7YX,21.91,0.0,0.0,1499.0,452.03,21.336,2.153,0.0,0.0,postpaid,0.431,0.0,0.0,26.532,0.0,31.30776,396.802,"",'132797805780241484801,2026-05-04,11094258226,69fcf537-f164-4938-ac51-beb167aa828e,"",Forward,100039529268,1000012164264,11504,438.1,5.0,945.0,0.0,945.0,packet_delivered,0.0,0.0,0.0,0.0,0.0,0.0,0.0,0.0,NA,0,554.01
NFT-/XUTR/DEUTH026124A0H7YX,49.95,0.0,0.0,3299.0,1049.0,259.942,4.995,0.0,0.0,postpaid,0.999,127.0,0.0,0.0,0.0,149.86,-932.924,"",'132792169963478093201,2026-05-04,11092775678,372c4ea5-497b-47d4-8df1-41c9df4e6dda,100155955983,Reverse,100038046723,100038046723,11504,999.05,5.0,2079.0,250.0,2329.0,return_refund,0.0,0.0,0.0,0.0,0.0,0.0,0.0,0.0,NA,0,1220.0
NFT-/XUTR/DEUTH026124A0H7YX,38.33,0.0,0.0,1799.0,369.49,95.92,1.759,0.0,0.0,postpaid,0.352,48.653,0.0,0.0,0.0,57.41054,-328.87,"",'132794754639113615103,2026-05-04,11093380940,6b5b7018-699d-455a-bbfd-873740658c8e,100152607547,Reverse,100038651984,1000011045029,11504,766.67,5.0,900.0,0.0,900.0,return_refund,0.0,0.0,0.0,0.0,0.0,0.0,0.0,0.0,NA,0,899.0
NFT-/XUTR/DEUTH026124A0H7YX,24.57,0.0,0.0,1650.0,512.07,132.933,2.438,0.0,0.0,postpaid,0.488,180.614,0.0,0.0,0.0,213.12452,-589.336,"",'132819829386237284301,2026-05-04,11098718258,a959b89c-89f5-427b-a5b3-8a0d78a557bc,100153160632,Reverse,100043989293,1000012679730,11504,491.43,5.0,1040.0,0.0,1040.0,return_refund,0.0,0.0,0.0,0.0,0.0,0.0,0.0,0.0,NA,0,610.0
NFT-/XUTR/DEUTH026124A0H7YX,72.76,0.0,0.0,3399.0,1528.0,378.638,7.276,0.0,0.0,postpaid,1.455,0.0,0.0,45.0,0.0,53.1,1087.531,"",'132814893149893139401,2026-05-04,11097915957,277127dd-dfb2-44d0-ad8a-18e919136c37,"",Forward,100043186993,100043186993,11504,1455.24,5.0,1700.0,0.0,1700.0,packet_delivered,0.0,0.0,0.0,0.0,0.0,0.0,0.0,0.0,NA,0,1699.0
NFT-/XUTR/DEUTH026124A0H7YX,42.62,0.0,0.0,2999.0,895.0,232.342,4.262,0.0,0.0,postpaid,0.852,0.0,0.0,27.0,0.0,31.86,625.684,"",'132811299944140831401,2026-05-04,11096981588,cf90ef74-9422-466d-abb9-a268b3ffd756,"",Forward,100042252628,1000012188543,11504,852.38,5.0,2010.0,0.0,2010.0,packet_delivered,0.0,0.0,0.0,0.0,0.0,0.0,0.0,0.0,NA,0,989.0
NFT-/XUTR/DEUTH026124A0H7YX,35.76,0.0,0.0,1799.0,549.0,142.52,2.614,0.0,0.0,postpaid,0.523,0.0,0.0,19.738,0.0,23.29084,380.052,"",'132801603147519854501,2026-05-04,11094774576,7617efcf-2d94-4513-8a67-584845bba81e,"",Forward,100040045618,1000011461397,11504,715.24,5.0,954.0,0.0,954.0,packet_delivered,0.0,0.0,0.0,0.0,0.0,0.0,0.0,0.0,NA,0,845.0
NFT-/XUTR/DEUTH026124A0H7YX,51.81,0.0,0.0,1799.0,664.49,156.82,3.164,0.0,0.0,postpaid,0.633,77.564,0.0,0.0,0.0,91.52552,-595.399,"",'132802012920768259603,2026-05-04,11094864694,a12b793f-8e20-4557-be5f-e65fa31548b8,100152221129,Reverse,100040135736,100040135736,11504,1036.19,5.0,540.0,0.0,540.0,return_refund,0.0,0.0,0.0,0.0,0.0,0.0,0.0,0.0,NA,0,1259.0
NFT-/XUTR/DEUTH026124A0H7YX,43.24,0.0,0.0,2699.0,908.0,235.717,4.324,0.0,0.0,postpaid,0.865,0.0,0.0,27.0,0.0,31.86,635.234,"",'132810065018048669003,2026-05-04,11096710133,5b7fdcca-4052-4a34-84f6-6ec4e670ac2a,"",Forward,100041981174,100041981174,11504,864.76,5.0,1620.0,0.0,1620.0,packet_delivered,0.0,0.0,0.0,0.0,0.0,0.0,0.0,0.0,NA,0,1079.0
NFT-/XUTR/DEUTH026124A0H7YX,39.81,0.0,0.0,2799.0,836.0,217.026,3.981,0.0,0.0,postpaid,0.796,0.0,0.0,27.0,0.0,31.86,582.337,"",'132807613531435956501,2026-05-04,11096561979,b0fce802-ed1a-4db6-97b7-df6c391b40be,"",Forward,100041833020,1000012166046,11504,796.19,5.0,1792.0,0.0,1792.0,packet_delivered,0.0,0.0,0.0,0.0,0.0,0.0,0.0,0.0,NA,0,1007.0
NFT-/XUTR/DEUTH026124A0H7YX,81.33,0.0,0.0,3999.0,1439.01,356.587,6.852,0.0,0.0,postpaid,1.37,0.0,0.0,37.913,0.0,44.73734,1029.464,"",'132787665760760123301,2026-05-04,11091703729,43727d4f-2556-4a8d-87c3-3c98cd878755,"",Forward,100036974774,100036974774,11504,1626.67,5.0,2120.0,0.0,2120.0,packet_delivered,0.0,0.0,0.0,0.0,0.0,0.0,0.0,0.0,NA,0,1879.0
NFT-/XUTR/DEUTH026124A0H7YX,24.57,0.0,0.0,1650.0,516.0,133.954,2.457,0.0,0.0,postpaid,0.491,0.0,0.0,27.0,0.0,31.86,347.238,"",'132788962458026952101,2026-05-04,11092141564,99050da6-aaa6-46fd-a6ef-906d59714286,"",Forward,100037412609,100037412609,11504,491.43,5.0,1040.0,0.0,1040.0,packet_delivered,0.0,0.0,0.0,0.0,0.0,0.0,0.0,0.0,NA,0,610.0
NFT-/XUTR/DEUTH026124A0H7YX,24.57,0.0,0.0,1650.0,190.70999999999998,49.508,0.908,0.0,0.0,postpaid,0.182,46.938,0.0,0.0,0.0,55.38684,-195.499,"",'132821615858469716303,2026-05-04,11099185493,c678e887-2b8c-498c-bf80-abbc0b45c123,100153104114,Reverse,100044456527,100044456527,11504,491.43,5.0,1040.0,0.0,1040.0,return_refund,0.0,0.0,0.0,0.0,0.0,0.0,0.0,0.0,NA,0,610.0
NFT-/XUTR/DEUTH026124A0H7YX,40.38,0.0,0.0,2299.0,532.92,138.346,2.538,0.0,0.0,postpaid,0.508,79.812,0.0,0.0,0.0,94.17816,-485.706,"",'132832883364314237303,2026-05-04,11101762628,7437f0ac-f8dc-4a7d-a3ec-7bae82a68dc9,11101762628,Reverse,100047033654,100047033654,11504,807.62,5.0,1357.0,0.0,1357.0,exchange,0.0,0.0,0.0,0.0,0.0,0.0,0.0,0.0,NA,0,941.98
NFT-/XUTR/DEUTH026124A0H7YX,60.86,0.0,0.0,2899.0,1278.0,316.688,6.086,0.0,0.0,postpaid,1.217,0.0,0.0,45.0,0.0,53.1,900.909,"",'132789833080644745303,2026-05-04,11092510128,181ac275-aac2-4227-af07-d8986a542013,"",Forward,100037781173,100037781173,11504,1217.14,5.0,1450.0,0.0,1450.0,packet_delivered,0.0,0.0,0.0,0.0,0.0,0.0,0.0,0.0,NA,0,1449.0
NFT-/XUTR/DEUTH026124A0H7YX,40.48,0.0,0.0,2099.0,850.0,220.66,4.048,0.0,0.0,postpaid,0.81,0.0,0.0,27.0,0.0,31.86,592.622,"",'132780768662726679803,2026-05-04,11090213474,69219f9b-3f4a-4091-b17a-9a746349eac1,"",Forward,100035484525,1000010368393,11504,809.52,5.0,1155.0,0.0,1155.0,packet_delivered,0.0,0.0,0.0,0.0,0.0,0.0,0.0,0.0,NA,0,944.0
NFT-/XUTR/DEUTH026124A0H7YX,38.33,0.0,0.0,1799.0,805.0,208.978,3.833,0.0,0.0,postpaid,0.767,0.0,0.0,27.0,0.0,31.86,559.562,"",'132804578758054937701,2026-05-04,11095613818,91336ea6-fa5f-4c7e-8983-5d66aec2fa46,"",Forward,100040884859,1000011741934,11504,766.67,5.0,900.0,0.0,900.0,packet_delivered,0.0,0.0,0.0,0.0,0.0,0.0,0.0,0.0,NA,0,899.0
NFT-/XUTR/DEUTH026124A0H7YX,104.43,0.0,0.0,2399.0,2155.42,483.245,10.264,0.0,0.0,postpaid,2.053,0.0,0.0,59.955,0.0,70.7469,1589.111,"",'132832488617490799803,2026-05-04,11101634539,885c3520-5d48-46df-bc6e-1f8cf79b7d56,"",Forward,100046905566,100046905566,11504,2088.57,5.0,0.0,0.0,0.0,packet_delivered,0.0,0.0,0.0,0.0,0.0,0.0,0.0,0.0,NA,0,2399.01
NFT-/XUTR/DEUTH026124A0H7YX,44.67,0.0,0.0,2999.0,938.0,243.505,4.467,0.0,0.0,postpaid,0.893,0.0,0.0,27.0,0.0,31.86,657.275,"",'132818859490227967703,2026-05-04,11098492545,7c121dbb-f19d-4ff0-be9b-c07449f773d0,"",Forward,100043763581,100043763581,11504,893.33,5.0,1890.0,0.0,1890.0,packet_delivered,0.0,0.0,0.0,0.0,0.0,0.0,0.0,0.0,NA,0,1109.0
NFT-/XUTR/DEUTH026124A0H7YX,103.48,0.0,0.0,3399.0,2173.0,512.828,10.348,0.0,0.0,postpaid,2.07,0.0,0.0,61.0,0.0,71.98,1575.774,"",'132824240889303580701,2026-05-04,11100022089,69d22ddc-16e9-4da2-aed5-4a8235ef94ed,"",Forward,100045293122,100045293122,11504,2069.52,5.0,1020.0,0.0,1020.0,packet_delivered,0.0,0.0,0.0,0.0,0.0,0.0,0.0,0.0,NA,0,2379.0
NFT-/XUTR/DEUTH026124A0H7YX,31.19,0.0,0.0,1499.0,655.0,170.038,3.119,0.0,0.0,postpaid,0.624,182.0,0.0,0.0,0.0,214.76,-695.979,"",'132807492686519330203,2026-05-04,11096544716,dbb43830-f454-4a87-83f0-2349c1548a34,11096544716,Reverse,100041815757,100041815757,11504,623.81,5.0,750.0,0.0,750.0,exchange,0.0,0.0,0.0,0.0,0.0,0.0,0.0,0.0,NA,0,749.0
NFT-/XUTR/DEUTH026124A0H7YX,18.95,0.0,0.0,1699.0,73.0,3.446,0.348,0.0,0.0,postpaid,0.07,0.0,0.0,0.0,0.0,0.0,69.136,"",'132803110919442371901,2026-05-04,11095196075,ca678a4c-15db-45e6-bbf0-8a0b5aac6b24,"",Forward,100040467117,1000011598255,11504,379.05,5.0,1207.0,73.0,1280.0,packet_delivered,0.0,0.0,0.0,0.0,0.0,0.0,0.0,0.0,NA,0,492.0
NFT-/XUTR/DEUTH026124A0H7YX,86.81,0.0,0.0,2899.0,1823.0,451.739,8.681,0.0,0.0,postpaid,1.736,182.0,0.0,0.0,0.0,214.76,-1575.604,"",'132806836717935854401,2026-05-04,11096363180,000710da-3a3d-4ed6-810f-8dbad6be0873,100154940503,Reverse,100041634221,100041634221,11504,1736.19,5.0,870.0,0.0,870.0,return_refund,0.0,0.0,0.0,0.0,0.0,0.0,0.0,0.0,NA,0,2029.0
NFT-/XUTR/DEUTH026124A0H7YX,75.14,0.0,0.0,3499.0,1578.0,391.028,7.514,0.0,0.0,postpaid,1.503,182.0,0.0,0.0,0.0,214.76,-1392.715,"",'132807144463052076401,2026-05-04,11096469453,c5fce827-5a1d-45ab-8941-2584cb2dba82,100153591123,Reverse,100041740494,100041740494,11504,1502.86,5.0,1750.0,0.0,1750.0,return_refund,0.0,0.0,0.0,0.0,0.0,0.0,0.0,0.0,NA,0,1749.0
NFT-/XUTR/DEUTH026124A0H7YX,47.29,0.0,0.0,3499.0,993.0,257.783,4.729,0.0,0.0,postpaid,0.946,0.0,0.0,27.0,0.0,31.86,697.682,"",'132805374841739945401,2026-05-04,11095838082,15375f66-fba7-4543-9c0e-f6e0e80f6e2d,"",Forward,100041109123,100041109123,11504,945.71,5.0,2335.0,0.0,2335.0,packet_delivered,0.0,0.0,0.0,0.0,0.0,0.0,0.0,0.0,NA,0,1164.0
NFT-/XUTR/DEUTH026124A0H7YX,32.1,0.0,0.0,1799.0,674.0,174.97,3.21,0.0,0.0,postpaid,0.642,0.0,0.0,27.0,0.0,31.86,463.318,"",'132831902830361627801,2026-05-04,11101458293,2f7d98e9-00bf-43c4-a0aa-67247fe682d0,"",Forward,100046729320,1000013463809,11504,641.9,5.0,1031.0,0.0,1031.0,packet_delivered,0.0,0.0,0.0,0.0,0.0,0.0,0.0,0.0,NA,0,768.0
NFT-/XUTR/DEUTH026124A0H7YX,35.95,0.0,0.0,1699.0,754.1500000000001,195.777,3.591,0.0,0.0,postpaid,0.718,126.857,0.0,0.0,0.0,149.69126,-703.755,"",'132832600314837012801,2026-05-04,11101670639,3f6a4444-3f95-43f8-8ab0-50212cc4b7c2,11101670639,Reverse,100046941666,100046941666,11504,719.05,5.0,850.0,0.0,850.0,exchange,0.0,0.0,0.0,0.0,0.0,0.0,0.0,0.0,NA,0,848.99
NFT-/XUTR/DEUTH026124A0H7YX,41.81,0.0,0.0,2999.0,878.0,227.929,4.181,0.0,0.0,postpaid,0.836,0.0,0.0,27.0,0.0,31.86,613.194,"",'132808854145281598703,2026-05-04,11096618207,2ea82760-8660-4655-9966-5351d71c5aeb,"",Forward,100041889248,100041889248,11504,836.19,5.0,1950.0,210.0,2160.0,packet_delivered,0.0,0.0,0.0,0.0,0.0,0.0,0.0,0.0,NA,0,1049.0
NFT-/XUTR/DEUTH026124A0H7YX,19.05,0.0,0.0,1499.0,400.0,18.88,1.905,0.0,0.0,postpaid,0.381,127.0,0.0,0.0,0.0,149.86,-528.694,"",'132802621506949443603,2026-05-04,11095041840,22693846-f52a-4ec5-a290-0debd4a09c1b,11095041840,Reverse,100040312882,100040312882,11504,380.95,5.0,1005.0,0.0,1005.0,exchange,0.0,0.0,0.0,0.0,0.0,0.0,0.0,0.0,NA,0,494.0
NFT-/XUTR/DEUTH026124A0H7YX,35.95,0.0,0.0,1699.0,156.308,40.577,0.744,0.0,0.0,postpaid,0.149,0.0,0.0,5.59,0.0,6.5962,108.242,"",'132824471082504066901,2026-05-04,11100085617,5478d2da-956b-4eea-be67-98aa57d810c6,"",Forward,100045356650,100045356650,11504,719.05,5.0,850.0,0.0,850.0,packet_delivered,0.0,0.0,0.0,0.0,0.0,0.0,0.0,0.0,NA,0,848.99
NFT-/XUTR/DEUTH026124A0H7YX,33.52,0.0,0.0,1699.0,704.0,182.758,3.352,0.0,0.0,postpaid,0.67,0.0,0.0,27.0,0.0,31.86,485.36,"",'132772826152833128501,2026-05-04,11088456251,99b2d356-dcdd-4649-b283-fa3a7b966e17,"",Forward,100033727304,100033727304,11504,670.48,5.0,901.0,0.0,901.0,packet_delivered,0.0,0.0,0.0,0.0,0.0,0.0,0.0,0.0,NA,0,798.0
NFT-/XUTR/DEUTH026124A0H7YX,19.1,0.0,0.0,1599.0,400.99999999999994,18.927,1.91,0.0,0.0,postpaid,0.382,167.0,0.0,0.0,0.0,197.06,-576.841,"",'132788912191641096701,2026-05-04,11092121839,f0358d67-881a-4944-a3f2-88ed943909b0,100153791122,Reverse,100037392884,100037392884,11504,381.9,5.0,1104.0,0.0,1104.0,return_refund,0.0,0.0,0.0,0.0,0.0,0.0,0.0,0.0,NA,0,495.0
NFT-/XUTR/DEUTH026124A0H7YX,60.71,0.0,0.0,2999.0,1275.0,315.945,6.071,0.0,0.0,postpaid,1.214,0.0,0.0,45.0,0.0,53.1,898.67,"",'132837081102196691903,2026-05-04,11102332904,612efa32-93e7-4502-878f-2420301fc2de,"",Forward,100047603931,100047603931,11504,1214.29,5.0,1553.0,0.0,1553.0,packet_delivered,0.0,0.0,0.0,0.0,0.0,0.0,0.0,0.0,NA,0,1446.0
NFT-/XUTR/DEUTH026124A0H7YX,82.24,0.0,0.0,1899.0,959.15,226.359,4.567,0.0,0.0,postpaid,0.913,0.0,0.0,24.992,0.0,29.49056,697.82,"",'132797988440028531701,2026-05-04,11094323909,d933fc7f-6acd-4f21-828c-d98cb6820a5c,"",Forward,100039594951,1000011296218,11504,1644.76,5.0,1.0,0.0,1.0,packet_delivered,0.0,0.0,0.0,0.0,0.0,0.0,0.0,0.0,NA,0,1898.0
NFT-/XUTR/DEUTH026124A0H7YX,63.24,0.0,0.0,2999.0,1001.2,248.097,4.768,0.0,0.0,postpaid,0.954,0.0,0.0,33.926,0.0,40.03268,707.348,"",'132818961852571647103,2026-05-04,11098513063,3ab90981-c67a-48fb-bfda-22600c42527f,"",Forward,100043784099,100043784099,11504,1264.76,5.0,1500.0,0.0,1500.0,packet_delivered,0.0,0.0,0.0,0.0,0.0,0.0,0.0,0.0,NA,0,1499.0
NFT-/XUTR/DEUTH026124A0H7YX,40.71,0.0,0.0,1899.0,855.0,221.958,4.071,0.0,0.0,postpaid,0.814,0.0,0.0,27.0,0.0,31.86,596.297,"",'132781954864060860903,2026-05-04,11090492502,50b33a88-9a2b-46c1-8f97-ced05936742b,"",Forward,100035763553,100035763553,11504,814.29,5.0,950.0,0.0,950.0,packet_delivered,0.0,0.0,0.0,0.0,0.0,0.0,0.0,0.0,NA,0,949.0
NFT-/XUTR/DEUTH026124A0H7YX,30.71,0.0,0.0,1999.0,645.0,30.443999999999996,3.071,0.0,0.0,postpaid,0.614,0.0,0.0,27.0,0.0,31.86,579.011,"",'132806987793522563603,2026-05-04,11096424058,03354ac2-c096-491a-b937-dad4534ce6d9,"",Forward,100041695099,100041695099,11504,614.29,5.0,1260.0,0.0,1260.0,packet_delivered,0.0,0.0,0.0,0.0,0.0,0.0,0.0,0.0,NA,0,739.0
NFT-/XUTR/DEUTH026124A0H7YX,0.0,30.43,30.43,2899.0,1278.0,316.688,0.0,3.043,3.043,postpaid,1.217,106.0,0.0,0.0,0.0,125.08,-1079.089,"",'132810038861003074303,2026-05-04,11096705893,009e8d5d-9621-41eb-b294-4aff9b86b807,100153160105,Reverse,100041976934,100041976934,11504,1217.14,5.0,1450.0,0.0,1450.0,return_refund,0.0,0.0,0.0,0.0,0.0,0.0,0.0,0.0,NA,0,1449.0000000000002
NFT-/XUTR/DEUTH026124A0H7YX,32.57,0.0,0.0,2999.0,684.0,32.285,3.257,0.0,0.0,postpaid,0.651,106.0,0.0,0.0,0.0,125.08,-772.887,"",'132836715685873794503,2026-05-04,11102227414,543cf395-f8c2-4b3a-8002-02e5d8cf9542,100155407135,Reverse,100047498441,100047498441,11504,651.43,5.0,2221.0,0.0,2221.0,return_refund,0.0,0.0,0.0,0.0,0.0,0.0,0.0,0.0,NA,0,778.0
NFT-/XUTR/DEUTH026124A0H7YX,63.24,0.0,0.0,2999.0,1328.0,329.078,6.324,0.0,0.0,postpaid,1.265,0.0,0.0,45.0,0.0,53.1,938.233,"",'132780426014012457401,2026-05-04,11090092205,c9e68240-a18a-439f-8214-8cb24590f7ea,"",Forward,100035363256,1000010360705,11504,1264.76,5.0,1500.0,0.0,1500.0,packet_delivered,0.0,0.0,0.0,0.0,0.0,0.0,0.0,0.0,NA,0,1499.0
NFT-/XUTR/DEUTH026124A0H7YX,24.57,0.0,0.0,1650.0,190.71,49.508,0.908,0.0,0.0,postpaid,0.182,0.0,0.0,9.979,0.0,11.77522,128.337,"",'132821615858469716303,2026-05-04,11099185493,c678e887-2b8c-498c-bf80-abbc0b45c123,"",Forward,100044456527,100044456527,11504,491.43,5.0,1040.0,0.0,1040.0,packet_delivered,0.0,0.0,0.0,0.0,0.0,0.0,0.0,0.0,NA,0,610.0
NFT-/XUTR/DEUTH026124A0H7YX,19.05,0.0,0.0,1499.0,397.87,18.779,1.895,0.0,0.0,postpaid,0.379,0.0,0.0,0.0,0.0,0.0,376.817,"",'132777706544374153901,2026-05-04,11089287896,fe01c67b-8c8d-4e4d-a049-79380cf3e274,"",Forward,100034558948,100034558948,11504,380.95,5.0,1005.0,0.0,1005.0,packet_delivered,0.0,0.0,0.0,0.0,0.0,0.0,0.0,0.0,NA,0,494.01
NFT-/XUTR/DEUTH026124A0H7YX,86.81,0.0,0.0,2899.0,1823.0,451.739,8.681,0.0,0.0,postpaid,1.736,0.0,0.0,45.0,0.0,53.1,1307.744,"",'132806836717935854401,2026-05-04,11096363180,000710da-3a3d-4ed6-810f-8dbad6be0873,"",Forward,100041634221,100041634221,11504,1736.19,5.0,870.0,0.0,870.0,packet_delivered,0.0,0.0,0.0,0.0,0.0,0.0,0.0,0.0,NA,0,2029.0
NFT-/XUTR/DEUTH026124A0H7YX,23.67,0.0,0.0,1599.0,497.00000000000006,23.458,2.367,0.0,0.0,postpaid,0.473,106.0,0.0,0.0,0.0,125.08,-595.782,"",'132829532199685841601,2026-05-04,11100850046,7c931575-6872-40c8-a22c-e0e39f0a7a43,100153390291,Reverse,100046121079,1000013297540,11504,473.33,5.0,1008.0,0.0,1008.0,return_refund,0.0,0.0,0.0,0.0,0.0,0.0,0.0,0.0,NA,0,591.0
NFT-/XUTR/DEUTH026124A0H7YX,38.33,0.0,0.0,1799.0,805.0,208.978,3.833,0.0,0.0,postpaid,0.767,0.0,0.0,27.0,0.0,31.86,559.562,"",'132822562068974877101,2026-05-04,11099444041,2306e427-8952-405c-ad11-302f8c36a31c,"",Forward,100044715075,1000012883276,11504,766.67,5.0,900.0,0.0,900.0,packet_delivered,0.0,0.0,0.0,0.0,0.0,0.0,0.0,0.0,NA,0,899.0
NFT-/XUTR/DEUTH026124A0H7YX,90.14,0.0,0.0,2999.0,1893.0,469.085,9.014,0.0,0.0,postpaid,1.803,0.0,0.0,45.0,0.0,53.1,1359.998,"",'132813814896814005503,2026-05-04,11097627995,a12e5974-4dad-4d44-b751-96b66c46d69d,"",Forward,100042899031,100042899031,11504,1802.86,5.0,900.0,0.0,900.0,packet_delivered,0.0,0.0,0.0,0.0,0.0,0.0,0.0,0.0,NA,0,2099.0
NFT-/XUTR/DEUTH026124A0H7YX,35.95,0.0,0.0,1699.0,755.0,195.998,3.595,0.0,0.0,postpaid,0.719,0.0,0.0,27.0,0.0,31.86,522.828,"",'132784462291058300801,2026-05-04,11090685266,4869950d-366f-49fa-b7f0-22b937655123,"",Forward,100035956317,100035956317,11504,719.05,5.0,850.0,0.0,850.0,packet_delivered,0.0,0.0,0.0,0.0,0.0,0.0,0.0,0.0,NA,0,849.0
NFT-/XUTR/DEUTH026124A0H7YX,58.48,0.0,0.0,1999.0,771.7339999999999,182.129,3.675,0.0,0.0,postpaid,0.735,79.813,0.0,0.0,0.0,94.17934,-679.374,"",'132806840620084044803,2026-05-04,11096364909,d4ae4f87-2a9d-42c9-b613-a066e229819f,11096364909,Reverse,100041635950,100041635950,11504,1169.52,5.0,600.0,0.0,600.0,exchange,0.0,0.0,0.0,0.0,0.0,0.0,0.0,0.0,NA,0,1398.98
NFT-/XUTR/DEUTH026124A0H7YX,40.71,0.0,0.0,1899.0,855.0,221.958,4.071,0.0,0.0,postpaid,0.814,106.0,0.0,0.0,0.0,125.08,-753.237,"",'132824145327335684601,2026-05-04,11099986075,fcb1b067-05f7-47a1-a44e-4ee5a20a7ed6,11099986075,Reverse,100045257108,100045257108,11504,814.29,5.0,950.0,0.0,950.0,exchange,0.0,0.0,0.0,0.0,0.0,0.0,0.0,0.0,NA,0,949.0
NFT-/XUTR/DEUTH026124A0H7YX,25.43,0.0,0.0,1699.0,534.0,37.807,2.543,0.0,0.0,postpaid,0.509,0.0,0.0,27.0,0.0,31.86,461.281,"",'132820706582542425903,2026-05-04,11098937757,b8ce0431-3c99-498b-831f-02c4665932fa,"",Forward,100044208792,100044208792,11504,508.57,5.0,1071.0,0.0,1071.0,packet_delivered,0.0,0.0,0.0,0.0,0.0,0.0,0.0,0.0,NA,0,627.99
NFT-/XUTR/DEUTH026124A0H7YX,39.57,0.0,0.0,1850.0,831.0,215.728,3.957,0.0,0.0,postpaid,0.791,0.0,0.0,27.0,0.0,31.86,578.664,"",'132810764218567872203,2026-05-04,11096846960,16c30836-d0cb-4bd0-b5e5-cb22a3031ad2,"",Forward,100042118001,100042118001,11504,791.43,5.0,925.0,0.0,925.0,packet_delivered,0.0,0.0,0.0,0.0,0.0,0.0,0.0,0.0,NA,0,925.0
NFT-/XUTR/DEUTH026124A0H7YX,43.05,0.0,0.0,2699.0,903.9999999999999,234.678,4.305,0.0,0.0,postpaid,0.861,127.0,0.0,0.0,0.0,149.86,-814.016,"",'132796497067837839703,2026-05-04,11093870714,f7603580-af88-4a6d-aba0-ecb9966b5471,100153734371,Reverse,100039141756,100039141756,11504,860.95,5.0,1701.0,0.0,1701.0,return_refund,0.0,0.0,0.0,0.0,0.0,0.0,0.0,0.0,NA,0,997.99
NFT-/XUTR/DEUTH026124A0H7YX,82.24,0.0,0.0,1899.0,959.1500000000001,226.359,4.567,0.0,0.0,postpaid,0.913,70.534,0.0,0.0,0.0,83.23012,-810.541,"",'132797988440028531701,2026-05-04,11094323909,d933fc7f-6acd-4f21-828c-d98cb6820a5c,11094323909,Reverse,100039594951,1000011296218,11504,1644.76,5.0,1.0,0.0,1.0,exchange,0.0,0.0,0.0,0.0,0.0,0.0,0.0,0.0,NA,0,1898.0
NFT-/XUTR/DEUTH026124A0H7YX,37.19,0.0,0.0,1750.0,781.0,202.748,3.719,0.0,0.0,postpaid,0.744,0.0,0.0,27.0,0.0,31.86,541.929,"",'132814714703424003403,2026-05-04,11097861684,0cb3a93f-add9-4499-9c27-02b5fa461883,"",Forward,100043132720,100043132720,11504,743.81,5.0,875.0,0.0,875.0,packet_delivered,0.0,0.0,0.0,0.0,0.0,0.0,0.0,0.0,NA,0,875.0
NFT-/XUTR/DEUTH026124A0H7YX,58.95,0.0,0.0,2999.0,1130.6889999999999,280.185,5.384,0.0,0.0,postpaid,1.077,96.812,0.0,0.0,0.0,114.23816,-958.281,"",'132823245830202737903,2026-05-04,11099641333,35b85432-4baa-4bf1-b02d-98a5b0cd642f,11099641333,Reverse,100044912367,100044912367,11504,1179.05,5.0,1590.0,0.0,1590.0,exchange,0.0,0.0,0.0,0.0,0.0,0.0,0.0,0.0,NA,0,1409.01
NFT-/XUTR/DEUTH026124A0H7YX,40.24,0.0,0.0,1999.0,845.0,219.362,4.024,0.0,0.0,postpaid,0.805,0.0,0.0,27.0,0.0,31.86,588.949,"",'132781103424649624003,2026-05-04,11090328430,5e4d12bd-222b-4eed-98e9-1a1caa3c85e1,"",Forward,100035599481,100035599481,11504,804.76,5.0,1060.0,0.0,1060.0,packet_delivered,0.0,0.0,0.0,0.0,0.0,0.0,0.0,0.0,NA,0,939.0
NFT-/XUTR/DEUTH026124A0H7YX,53.52,0.0,0.0,1850.0,1124.0,265.264,5.352,0.0,0.0,postpaid,1.07,0.0,0.0,45.0,0.0,53.1,799.214,"",'132802181482749297401,2026-05-04,11094911041,061fce30-861c-47b8-9a7c-7f9ed11341f8,"",Forward,100040182083,1000011513723,11504,1070.48,5.0,555.0,0.0,555.0,packet_delivered,0.0,0.0,0.0,0.0,0.0,0.0,0.0,0.0,NA,0,1295.0
NFT-/XUTR/DEUTH026124A0H7YX,37.19,0.0,0.0,1750.0,781.0,202.748,3.719,0.0,0.0,postpaid,0.744,0.0,0.0,27.0,0.0,31.86,541.929,"",'132828501346480641003,2026-05-04,11100565811,9bc2a213-61bb-43ed-9b58-71275a26a867,"",Forward,100045836844,1000013240924,11504,743.81,5.0,875.0,0.0,875.0,packet_delivered,0.0,0.0,0.0,0.0,0.0,0.0,0.0,0.0,NA,0,875.0
NFT-/XUTR/DEUTH026124A0H7YX,38.0,0.0,0.0,1899.0,798.0,207.161,3.8,0.0,0.0,postpaid,0.76,0.0,0.0,27.0,0.0,31.86,554.419,"",'132715688983234543203,2026-05-04,11074976588,f86ff963-96bc-45c1-ad68-61be572cea83,"",Forward,100020247725,100020247725,11504,760,5.0,1007.0,0.0,1007.0,packet_delivered,0.0,0.0,0.0,0.0,0.0,0.0,0.0,0.0,NA,0,892.0
NFT-/XUTR/DEUTH026124A0H7YX,81.19,0.0,0.0,1899.0,1560.85,184.18,7.433,0.0,0.0,postpaid,1.487,0.0,0.0,41.195,0.0,48.6101,1319.14,"",'132778943612647845901,2026-05-04,11089652682,f1f34a5e-b8e4-4cf4-872c-62921210a842,"",Forward,100034923733,100034923733,11504,1623.81,5.0,0.0,0.0,0.0,packet_delivered,0.0,0.0,0.0,0.0,0.0,0.0,0.0,0.0,NA,0,1899.0
NFT-/XUTR/DEUTH026124A0H7YX,42.52,0.0,0.0,2599.0,726.61,188.628,3.46,0.0,0.0,postpaid,0.692,0.0,0.0,21.969,0.0,25.92342,507.907,"",'132790163521484805103,2026-05-04,11092627502,67f60fa7-bb06-4aef-8541-0adf4ba060ae,"",Forward,100037898547,100037898547,11504,850.48,5.0,1612.0,0.0,1612.0,packet_delivered,0.0,0.0,0.0,0.0,0.0,0.0,0.0,0.0,NA,0,987.0
NFT-/XUTR/DEUTH026124A0H7YX,51.81,0.0,0.0,1799.0,664.49,156.82,3.164,0.0,0.0,postpaid,0.633,0.0,0.0,27.483,0.0,32.42994,471.443,"",'132802012920768259603,2026-05-04,11094864694,a12b793f-8e20-4557-be5f-e65fa31548b8,"",Forward,100040135736,100040135736,11504,1036.19,5.0,540.0,0.0,540.0,packet_delivered,0.0,0.0,0.0,0.0,0.0,0.0,0.0,0.0,NA,0,1259.0
NFT-/XUTR/DEUTH026124A0H7YX,55.14,0.0,0.0,1899.0,1158.0,273.288,5.514,0.0,0.0,postpaid,1.103,0.0,0.0,45.0,0.0,53.1,824.995,"",'132819171396754960403,2026-05-04,11098555523,6fa112e1-7a76-4b50-9f31-c778f1573503,"",Forward,100043826558,100043826558,11504,1102.86,5.0,570.0,0.0,570.0,packet_delivered,0.0,0.0,0.0,0.0,0.0,0.0,0.0,0.0,NA,0,1329.0
NFT-/XUTR/DEUTH026124A0H7YX,27.62,0.0,0.0,1499.0,580.0,150.568,2.762,0.0,0.0,postpaid,0.552,0.0,0.0,27.0,0.0,31.86,394.258,"",'132819852769918450101,2026-05-04,11098724985,bf694096-dbe9-4cd8-bdac-4f6635d0c8d3,"",Forward,100043996021,100043996021,11504,552.38,5.0,825.0,0.0,825.0,packet_delivered,0.0,0.0,0.0,0.0,0.0,0.0,0.0,0.0,NA,0,674.0
NFT-/XUTR/DEUTH026124A0H7YX,0.0,16.29,16.29,2699.0,222.57,10.505,0.0,0.53,0.53,postpaid,0.212,0.0,0.0,8.786,0.0,10.36748,200.426,"",'132837281932136890603,2026-05-04,11102398194,b1acb06e-dced-4541-bb2f-78ea7241110c,"",Forward,100047669221,1000013758429,11504,651.42,5.0,1921.0,0.0,1921.0,packet_delivered,0.0,0.0,0.0,0.0,0.0,0.0,0.0,0.0,NA,0,777.9999999999999
NFT-/XUTR/DEUTH026124A0H7YX,19.1,0.0,0.0,1599.0,394.05000000000007,18.599,1.876,0.0,0.0,postpaid,0.375,178.846,0.0,0.0,0.0,211.03828,-584.238,"",'132797805780241484801,2026-05-04,11094258224,69fcf537-f164-4938-ac51-beb167aa828e,100153461106,Reverse,100039529266,1000012164264,11504,381.9,5.0,1104.0,0.0,1104.0,return_refund,0.0,0.0,0.0,0.0,0.0,0.0,0.0,0.0,NA,0,495.0
NFT-/XUTR/DEUTH026124A0H7YX,51.71,0.0,0.0,3399.0,48.71,12.07,0.232,0.0,0.0,postpaid,0.046,5.696,0.0,0.0,0.0,6.72128,-43.083,"",'132793156733546787403,2026-05-04,11092930905,bfb951f3-56f2-443c-a466-3d892028ede8,100153588363,Reverse,100038201949,100038201949,11504,1034.29,5.0,2142.0,0.0,2142.0,return_refund,0.0,0.0,0.0,0.0,0.0,0.0,0.0,0.0,NA,0,1257.0
NFT-/XUTR/DEUTH026124A0H7YX,19.05,0.0,0.0,1499.0,400.0,18.88,1.905,0.0,0.0,postpaid,0.381,0.0,0.0,0.0,0.0,0.0,378.834,"",'132779783029077670401,2026-05-04,11089893358,d7bf77af-f39c-4efb-b8fd-222111ad726a,"",Forward,100035164409,100035164409,11504,380.95,5.0,1005.0,0.0,1005.0,packet_delivered,0.0,0.0,0.0,0.0,0.0,0.0,0.0,0.0,NA,0,494.0
NFT-/XUTR/DEUTH026124A0H7YX,38.33,0.0,0.0,1799.0,805.0,208.978,3.833,0.0,0.0,postpaid,0.767,0.0,0.0,27.0,0.0,31.86,559.562,"",'132764516335074084903,2026-05-04,11086620636,978f8dd1-b055-4a6c-ac1b-605ce4787a0f,"",Forward,100031891690,1000008949715,11504,766.67,5.0,900.0,0.0,900.0,packet_delivered,0.0,0.0,0.0,0.0,0.0,0.0,0.0,0.0,NA,0,899.0
NFT-/XUTR/DEUTH026124A0H7YX,90.14,0.0,0.0,2999.0,1893.0,469.085,9.014,0.0,0.0,postpaid,1.803,0.0,0.0,45.0,0.0,53.1,1359.998,"",'132795773010320738403,2026-05-04,11093672498,bfaa7588-7d92-414b-8ee8-e685dd36af74,"",Forward,100038943542,100038943542,11504,1802.86,5.0,900.0,0.0,900.0,packet_delivered,0.0,0.0,0.0,0.0,0.0,0.0,0.0,0.0,NA,0,2099.0
NFT-/XUTR/DEUTH026124A0H7YX,55.14,0.0,0.0,1899.0,1158.0,273.288,5.514,0.0,0.0,postpaid,1.103,0.0,0.0,45.0,0.0,53.1,824.995,"",'132832632735425086001,2026-05-04,11101680949,5c14c75d-9979-4330-949b-54ac2481629c,"",Forward,100046951976,100046951976,11504,1102.86,5.0,570.0,0.0,570.0,packet_delivered,0.0,0.0,0.0,0.0,0.0,0.0,0.0,0.0,NA,0,1329.0
NFT-/XUTR/DEUTH026124A0H7YX,39.57,0.0,0.0,1850.0,831.0,215.728,3.957,0.0,0.0,postpaid,0.791,182.0,0.0,0.0,0.0,214.76,-825.284,"",'132810764218567872203,2026-05-04,11096846960,16c30836-d0cb-4bd0-b5e5-cb22a3031ad2,100152980788,Reverse,100042118001,100042118001,11504,791.43,5.0,925.0,0.0,925.0,return_refund,0.0,0.0,0.0,0.0,0.0,0.0,0.0,0.0,NA,0,925.0
NFT-/XUTR/DEUTH026124A0H7YX,31.19,0.0,0.0,1499.0,655.0,170.038,3.119,0.0,0.0,postpaid,0.624,0.0,0.0,27.0,0.0,31.86,449.359,"",'132807492686519330203,2026-05-04,11096544716,dbb43830-f454-4a87-83f0-2349c1548a34,"",Forward,100041815757,100041815757,11504,623.81,5.0,750.0,0.0,750.0,packet_delivered,0.0,0.0,0.0,0.0,0.0,0.0,0.0,0.0,NA,0,749.0
NFT-/XUTR/DEUTH026124A0H7YX,42.91,0.0,0.0,2899.0,900.9999999999999,233.9,4.29,0.0,0.0,postpaid,0.858,106.0,0.0,0.0,0.0,125.08,-787.032,"",'132810325087205969703,2026-05-04,11096754572,36280b97-08e0-4400-9736-cdc930c390d6,100152118877,Reverse,100042025613,100042025613,11504,858.1,5.0,1827.0,0.0,1827.0,return_refund,0.0,0.0,0.0,0.0,0.0,0.0,0.0,0.0,NA,0,1072.01
NFT-/XUTR/DEUTH026124A0H7YX,56.1,0.0,0.0,2699.0,1178.0,291.908,5.61,0.0,0.0,postpaid,1.122,0.0,0.0,45.0,0.0,53.1,826.26,"",'132828527262811614503,2026-05-04,11100573231,5716f1ee-9718-41cb-9dc2-871ec6f3fe3c,"",Forward,100045844264,1000013242704,11504,1121.9,5.0,1350.0,0.0,1350.0,packet_delivered,0.0,0.0,0.0,0.0,0.0,0.0,0.0,0.0,NA,0,1349.0
NFT-/XUTR/DEUTH026124A0H7YX,51.81,0.0,0.0,1799.0,1088.0,256.768,5.181,0.0,0.0,postpaid,1.036,0.0,0.0,45.0,0.0,53.1,771.915,"",'132794744601373230701,2026-05-04,11093377883,c08ee2dd-c24c-4c68-87f0-5a309896d4ef,"",Forward,100038648927,1000011044987,11504,1036.19,5.0,540.0,0.0,540.0,packet_delivered,0.0,0.0,0.0,0.0,0.0,0.0,0.0,0.0,NA,0,1259.0
NFT-/XUTR/DEUTH026124A0H7YX,40.29,0.0,0.0,2750.0,206.0,53.478,0.981,0.0,0.0,postpaid,0.196,40.664,0.0,0.0,0.0,47.98352,-199.329,"",'132781687864354765503,2026-05-04,11090463285,7d2c4964-63ca-4e0c-8345-c0346ebf374e,100152376901,Reverse,100035734336,100035734336,11504,805.71,5.0,1733.0,206.0,1939.0,return_refund,0.0,0.0,0.0,0.0,0.0,0.0,0.0,0.0,NA,0,1017.0
NFT-/XUTR/DEUTH026124A0H7YX,63.24,0.0,0.0,2999.0,1328.0,329.078,6.324,0.0,0.0,postpaid,1.265,0.0,0.0,45.0,0.0,53.1,938.233,"",'132797439649067679201,2026-05-04,11094134765,5f4594c7-58a7-44df-8340-7161819e124e,"",Forward,100039405807,100039405807,11504,1264.76,5.0,1500.0,0.0,1500.0,packet_delivered,0.0,0.0,0.0,0.0,0.0,0.0,0.0,0.0,NA,0,1499.0
NFT-/XUTR/DEUTH026124A0H7YX,87.05,0.0,0.0,1999.0,1149.7,271.329,5.475,0.0,0.0,postpaid,1.095,79.875,0.0,0.0,0.0,94.2525,-966.054,"",'132812692804234969001,2026-05-04,11097348560,b4a4de52-82e3-4639-b8ec-7fa173828969,100153249588,Reverse,100042619600,100042619600,11504,1740.95,5.0,0.0,0.0,0.0,return_refund,0.0,0.0,0.0,0.0,0.0,0.0,0.0,0.0,NA,0,1999.0
NFT-/XUTR/DEUTH026124A0H7YX,63.24,0.0,0.0,2999.0,158.78,39.346,0.756,0.0,0.0,postpaid,0.151,19.967,0.0,0.0,0.0,23.56106,-142.088,"",'132776369537483633801,2026-05-04,11088860987,dc082d55-5ab2-4099-9de9-c5fbeda4dcb4,11088860987,Reverse,100034132039,100034132039,11504,1264.76,5.0,1500.0,0.0,1500.0,exchange,0.0,0.0,0.0,0.0,0.0,0.0,0.0,0.0,NA,0,1499.0
NFT-/XUTR/DEUTH026124A0H7YX,75.14,0.0,0.0,3499.0,1578.0,391.028,7.514,0.0,0.0,postpaid,1.503,0.0,0.0,45.0,0.0,53.1,1124.855,"",'132769016224857474801,2026-05-04,11087355804,e3b7cf7f-6850-498d-89b5-853c9cc263ca,"",Forward,100032626857,100032626857,11504,1502.86,5.0,1750.0,0.0,1750.0,packet_delivered,0.0,0.0,0.0,0.0,0.0,0.0,0.0,0.0,NA,0,1749.0
NFT-/XUTR/DEUTH026124A0H7YX,19.05,0.0,0.0,1499.0,396.17,18.699,1.887,0.0,0.0,postpaid,0.377,0.0,0.0,0.0,0.0,0.0,375.207,"",'132816462843899979803,2026-05-04,11098334203,bd13f9ce-9867-4c30-a025-9dfc00a67c5b,"",Forward,100043605239,1000012521431,11504,380.95,5.0,1005.0,0.0,1005.0,packet_delivered,0.0,0.0,0.0,0.0,0.0,0.0,0.0,0.0,NA,0,494.0
NFT-/XUTR/DEUTH026124A0H7YX,18.95,0.0,0.0,1699.0,398.0,18.786,1.895,0.0,0.0,postpaid,0.379,0.0,0.0,0.0,0.0,0.0,376.94,"",'132822562068974877101,2026-05-04,11099444044,2306e427-8952-405c-ad11-302f8c36a31c,"",Forward,100044715078,1000012883276,11504,379.05,5.0,1207.0,0.0,1207.0,packet_delivered,0.0,0.0,0.0,0.0,0.0,0.0,0.0,0.0,NA,0,492.0
NFT-/XUTR/DEUTH026124A0H7YX,39.52,0.0,0.0,2499.0,830.0,215.468,3.952,0.0,0.0,postpaid,0.79,0.0,0.0,27.0,0.0,31.86,577.93,"",'132806325609587110203,2026-05-04,11096152120,39c2c9ee-adb2-4bb4-a909-5eee1eaf4739,"",Forward,100041423161,100041423161,11504,790.48,5.0,1575.0,0.0,1575.0,packet_delivered,0.0,0.0,0.0,0.0,0.0,0.0,0.0,0.0,NA,0,924.0
NFT-/XUTR/DEUTH026124A0H7YX,36.0,0.0,0.0,2299.0,756.0,35.683,3.6,0.0,0.0,postpaid,0.72,0.0,0.0,27.0,0.0,31.86,684.137,"",'132795144638099663201,2026-05-04,11093493185,852aba74-91dc-4bcb-b9e4-9ebf448409ee,"",Forward,100038764229,1000012122923,11504,720,5.0,1449.0,0.0,1449.0,packet_delivered,0.0,0.0,0.0,0.0,0.0,0.0,0.0,0.0,NA,0,850.0
NFT-/XUTR/DEUTH026124A0H7YX,40.71,0.0,0.0,1899.0,855.0,161.424,4.071,0.0,0.0,postpaid,0.814,0.0,0.0,27.0,0.0,31.86,656.831,"",'132798425112806851103,2026-05-04,11094481243,7a7193eb-74a6-4f9c-89ba-bedb5fa1d88d,"",Forward,100039752285,100039752285,11504,814.29,5.0,950.0,0.0,950.0,packet_delivered,0.0,0.0,0.0,0.0,0.0,0.0,0.0,0.0,NA,0,949.0
NFT-/XUTR/DEUTH026124A0H7YX,19.48,0.0,0.0,1799.0,402.13,18.981,1.915,0.0,0.0,postpaid,0.383,0.0,0.0,18.681,0.0,22.04358,358.807,"",'132805829718819441501,2026-05-04,11095985176,dbc371c9-55e8-415b-93c0-bb93a93c5cec,"",Forward,100041256217,100041256217,11504,389.52,5.0,1296.0,0.0,1296.0,packet_delivered,0.0,0.0,0.0,0.0,0.0,0.0,0.0,0.0,NA,0,503.0
NFT-/XUTR/DEUTH026124A0H7YX,44.67,0.0,0.0,2999.0,938.0,243.505,4.467,0.0,0.0,postpaid,0.893,0.0,0.0,27.0,0.0,31.86,657.275,"",'132814103528718041201,2026-05-04,11097700841,94186c47-7033-4de5-896e-2c541ced1af1,"",Forward,100042971877,100042971877,11504,893.33,5.0,1890.0,0.0,1890.0,packet_delivered,0.0,0.0,0.0,0.0,0.0,0.0,0.0,0.0,NA,0,1109.0
NFT-/XUTR/DEUTH026124A0H7YX,72.76,0.0,0.0,3399.0,1032.24,231.428,4.915,0.0,0.0,postpaid,0.983,0.0,0.0,30.4,0.0,35.872,759.042,"",'132792398742368693203,2026-05-04,11092796407,5da2d7db-277a-4d00-981f-6c890641458f,"",Forward,100038067452,100038067452,11504,1455.24,5.0,1700.0,0.0,1700.0,packet_delivered,0.0,0.0,0.0,0.0,0.0,0.0,0.0,0.0,NA,0,1699.0
NFT-/XUTR/DEUTH026124A0H7YX,60.86,0.0,0.0,2899.0,1278.0,316.688,6.086,0.0,0.0,postpaid,1.217,0.0,0.0,45.0,0.0,53.1,900.909,"",'132787812265550072001,2026-05-04,11091751600,c897806a-5688-44dd-83f2-3d0f0b41f92f,"",Forward,100037022645,100037022645,11504,1217.14,5.0,1450.0,0.0,1450.0,packet_delivered,0.0,0.0,0.0,0.0,0.0,0.0,0.0,0.0,NA,0,1448.99
NFT-/XUTR/DEUTH026124A0H7YX,27.62,0.0,0.0,1499.0,580.0,150.568,2.762,0.0,0.0,postpaid,0.552,0.0,0.0,27.0,0.0,31.86,394.258,"",'132779048731697774101,2026-05-04,11089682256,16b632ac-0830-4001-b4d0-f6248fcf468d,"",Forward,100034953307,100034953307,11504,552.38,5.0,825.0,0.0,825.0,packet_delivered,0.0,0.0,0.0,0.0,0.0,0.0,0.0,0.0,NA,0,674.0
NFT-/XUTR/DEUTH026124A0H7YX,0.0,22.33,22.33,2999.0,938.0,243.505,0.0,2.2335,2.2335,postpaid,0.893,0.0,0.0,27.0,0.0,31.86,657.275,"",'132805868744337735001,2026-05-04,11095998143,4dc76aa0-0800-4241-aeed-bc83752cd2dd,"",Forward,100041269184,100041269184,11504,893.34,5.0,1890.0,0.0,1890.0,packet_delivered,0.0,0.0,0.0,0.0,0.0,0.0,0.0,0.0,NA,0,1109.0
NFT-/XUTR/DEUTH026124A0H7YX,19.48,0.0,0.0,1799.0,408.24,19.269,1.944,0.0,0.0,postpaid,0.389,0.0,0.0,18.965,0.0,22.3787,364.259,"",'132823959613331734201,2026-05-04,11099917260,732a7117-19f7-4b58-9cb6-57f9436838e7,"",Forward,100045188293,100045188293,11504,389.52,5.0,1296.0,0.0,1296.0,packet_delivered,0.0,0.0,0.0,0.0,0.0,0.0,0.0,0.0,NA,0,503.01
NFT-/XUTR/DEUTH026124A0H7YX,53.48,0.0,0.0,3499.0,1123.0,278.279,5.348,0.0,0.0,postpaid,1.07,127.0,0.0,0.0,0.0,149.86,-988.163,"",'132794272311168208503,2026-05-04,11093241718,8eaf1fce-eff4-4a04-b245-fe312a2530b7,100152764188,Reverse,100038512762,100038512762,11504,1069.52,5.0,2205.0,0.0,2205.0,return_refund,0.0,0.0,0.0,0.0,0.0,0.0,0.0,0.0,NA,0,1294.0
NFT-/XUTR/DEUTH026124A0H7YX,4.4,0.0,0.0,299.0,151.0,23.163,0.733,0.0,0.0,postpaid,0.147,0.0,0.0,27.0,0.0,31.86,95.097,"",'132780607817977086803,2026-05-04,11090155828,3a5d6a84-f9dc-44e8-ab26-c69ab7169cf4,"",Forward,100035426879,100035426879,11504,146.6,3.0,89.0,0.0,89.0,packet_delivered,0.0,0.0,0.0,0.0,0.0,0.0,0.0,0.0,NA,0,210.0
NFT-/XUTR/DEUTH026124A0H7YX,33.52,0.0,0.0,1699.0,514.64,133.601,2.451,0.0,0.0,postpaid,0.49,0.0,0.0,19.738,0.0,23.29084,354.807,"",'132801603147519854501,2026-05-04,11094774580,7617efcf-2d94-4513-8a67-584845bba81e,"",Forward,100040045622,1000011461397,11504,670.48,5.0,901.0,0.0,901.0,packet_delivered,0.0,0.0,0.0,0.0,0.0,0.0,0.0,0.0,NA,0,798.0
NFT-/XUTR/DEUTH026124A0H7YX,48.48,0.0,0.0,1699.0,850.78,200.784,4.051,0.0,0.0,postpaid,0.81,0.0,0.0,37.608,0.0,44.37744,600.758,"",'132801957340883994101,2026-05-04,11094851106,7fed625d-62cb-4273-9bea-bfc538fa8da4,"",Forward,100040122148,100040122148,11504,969.52,5.0,510.0,0.0,510.0,packet_delivered,0.0,0.0,0.0,0.0,0.0,0.0,0.0,0.0,NA,0,1189.0
NFT-/XUTR/DEUTH026124A0H7YX,18.19,0.0,0.0,1699.0,382.0,18.03,1.819,0.0,0.0,postpaid,0.364,0.0,0.0,0.0,0.0,0.0,361.787,"",'132814174642638620001,2026-05-04,11097718340,edd54ead-5da9-4fc8-b2f0-4436f7edbaeb,"",Forward,100042989376,100042989376,11504,363.81,5.0,1258.0,0.0,1258.0,packet_delivered,0.0,0.0,0.0,0.0,0.0,0.0,0.0,0.0,NA,0,441.0
NFT-/XUTR/DEUTH026124A0H7YX,19.0,0.0,0.0,1899.0,399.0,18.833,1.9,0.0,0.0,postpaid,0.38,0.0,0.0,0.0,0.0,0.0,377.887,"",'132829532199685841601,2026-05-04,11100850044,7c931575-6872-40c8-a22c-e0e39f0a7a43,"",Forward,100046121077,1000013297540,11504,380,5.0,1406.0,0.0,1406.0,packet_delivered,0.0,0.0,0.0,0.0,0.0,0.0,0.0,0.0,NA,0,493.0
NFT-/XUTR/DEUTH026124A0H7YX,106.81,0.0,0.0,3499.0,2119.049,500.09600000000006,10.091,0.0,0.0,postpaid,2.018,0.0,0.0,57.629,0.0,68.00222,1538.842,"",'132819109386406444103,2026-05-04,11098542414,bbc1fac7-6b8f-42f3-b8a9-4f6a7ddeab68,"",Forward,100043813449,100043813449,11504,2136.19,5.0,1050.0,0.0,1050.0,packet_delivered,0.0,0.0,0.0,0.0,0.0,0.0,0.0,0.0,NA,0,2449.01
NFT-/XUTR/DEUTH026124A0H7YX,0.0,30.43,30.43,2899.0,1278.0,316.688,0.0,3.043,3.043,postpaid,1.217,0.0,0.0,45.0,0.0,53.1,900.909,"",'132810038861003074303,2026-05-04,11096705893,009e8d5d-9621-41eb-b294-4aff9b86b807,"",Forward,100041976934,100041976934,11504,1217.14,5.0,1450.0,0.0,1450.0,packet_delivered,0.0,0.0,0.0,0.0,0.0,0.0,0.0,0.0,NA,0,1449.0000000000002
NFT-/XUTR/DEUTH026124A0H7YX,27.19,0.0,0.0,1799.0,571.0,148.232,2.719,0.0,0.0,postpaid,0.544,0.0,0.0,27.0,0.0,31.86,387.645,"",'132771026309375599301,2026-05-04,11087900196,52e138df-5aa1-4a75-9149-f56ccc1ba347,"",Forward,100033171249,100033171249,11504,543.81,5.0,1134.0,0.0,1134.0,packet_delivered,0.0,0.0,0.0,0.0,0.0,0.0,0.0,0.0,NA,0,665.0
NFT-/XUTR/DEUTH026124A0H7YX,38.0,0.0,0.0,1899.0,798.0,207.161,3.8,0.0,0.0,postpaid,0.76,182.0,0.0,0.0,0.0,214.76,-801.039,"",'132805748758706625303,2026-05-04,11095958137,f365fd1e-7cba-43db-9b18-20e9bb2d146a,100153796574,Reverse,100041229178,100041229178,11504,760,5.0,1007.0,0.0,1007.0,return_refund,0.0,0.0,0.0,0.0,0.0,0.0,0.0,0.0,NA,0,892.0
NFT-/XUTR/DEUTH026124A0H7YX,35.95,0.0,0.0,1699.0,755.0,195.998,3.595,0.0,0.0,postpaid,0.719,0.0,0.0,27.0,0.0,31.86,522.828,"",'132804762340265519801,2026-05-04,11095663678,99fac0c1-d2b5-4c2e-8111-4bc45d341bea,"",Forward,100040934719,1000011760412,11504,719.05,5.0,850.0,0.0,850.0,packet_delivered,0.0,0.0,0.0,0.0,0.0,0.0,0.0,0.0,NA,0,849.0
NFT-/XUTR/DEUTH026124A0H7YX,79.91,0.0,0.0,3699.0,639.51,143.378,3.045,0.0,0.0,postpaid,0.609,0.0,0.0,17.15,0.0,20.237,472.241,"",'132811052797083159101,2026-05-04,11096918045,4fd71c27-462f-4c71-9017-875c620e2240,"",Forward,100042189085,100042189085,11504,1598.1,5.0,1850.0,0.0,1850.0,packet_delivered,0.0,0.0,0.0,0.0,0.0,0.0,0.0,0.0,NA,0,1849.01
NFT-/XUTR/DEUTH026124A0H7YX,42.62,0.0,0.0,3299.0,895.0000000000001,232.342,4.262,0.0,0.0,postpaid,0.852,112.0,0.0,0.0,0.0,132.16,-789.704,"",'132766630959651752001,2026-05-04,11086740414,7092b8dd-43c9-4a9f-8deb-c8942db2a906,100153686842,Reverse,100032011468,100032011468,11504,852.38,5.0,2310.0,0.0,2310.0,return_refund,0.0,0.0,0.0,0.0,0.0,0.0,0.0,0.0,NA,0,989.0
NFT-/XUTR/DEUTH026124A0H7YX,35.76,0.0,0.0,1799.0,751.0,194.96,3.576,0.0,0.0,postpaid,0.715,0.0,0.0,27.0,0.0,31.86,519.889,"",'132744444598240342903,2026-05-04,11081853306,cdb6c4eb-e3ff-4966-ab0a-66c6ec34a5f7,"",Forward,100027124374,100027124374,11504,715.24,5.0,954.0,0.0,954.0,packet_delivered,0.0,0.0,0.0,0.0,0.0,0.0,0.0,0.0,NA,0,845.0
NFT-/XUTR/DEUTH026124A0H7YX,19.05,0.0,0.0,1499.0,400.0,18.88,1.905,0.0,0.0,postpaid,0.381,0.0,0.0,0.0,0.0,0.0,378.834,"",'132781588521487855603,2026-05-04,11090447819,969e8792-2d96-4f11-b108-9747b252f301,"",Forward,100035718870,100035718870,11504,380.95,5.0,1005.0,0.0,1005.0,packet_delivered,0.0,0.0,0.0,0.0,0.0,0.0,0.0,0.0,NA,0,494.0
NFT-/XUTR/DEUTH026124A0H7YX,19.67,0.0,0.0,1750.0,413.0,19.494,1.967,0.0,0.0,postpaid,0.393,0.0,0.0,15.0,0.0,17.7,373.446,"",'132795280102809685101,2026-05-04,11093532148,932a7ea9-ee0e-4df6-851d-8464cf6dbb3c,"",Forward,100038803192,100038803192,11504,393.33,5.0,1243.0,0.0,1243.0,packet_delivered,0.0,0.0,0.0,0.0,0.0,0.0,0.0,0.0,NA,0,507.0
NFT-/XUTR/DEUTH026124A0H7YX,65.67,0.0,0.0,3299.0,1379.0,341.716,6.567,0.0,0.0,postpaid,1.313,167.0,0.0,0.0,0.0,197.06,-1226.464,"",'132779986310132041701,2026-05-04,11089954231,c9707af5-95bb-4d26-9719-af1be64e8682,11089954231,Reverse,100035225282,100035225282,11504,1313.33,5.0,1749.0,0.0,1749.0,exchange,0.0,0.0,0.0,0.0,0.0,0.0,0.0,0.0,NA,0,1550.0
NFT-/XUTR/DEUTH026124A0H7YX,0.0,43.52,43.52,3999.0,1828.0,474.549,0.0,4.3525,4.3525,postpaid,1.741,0.0,0.0,45.0,0.0,53.1,1289.905,"",'132798507418883800403,2026-05-04,11094506166,9ab228b4-ffaf-491f-ac52-f0f08cdeff3b,"",Forward,100039777208,100039777208,11504,1740.96,5.0,2000.0,0.0,2000.0,packet_delivered,0.0,0.0,0.0,0.0,0.0,0.0,0.0,0.0,NA,0,1999.0
NFT-/XUTR/DEUTH026124A0H7YX,40.81,0.0,0.0,3399.0,857.0,222.477,4.081,0.0,0.0,postpaid,0.816,167.0,0.0,0.0,0.0,197.06,-826.686,"",'132781255627170535801,2026-05-04,11090373480,d673fc74-02c1-4310-9747-3ae49399e3f0,100153082671,Reverse,100035644531,1000010985727,11504,816.19,5.0,2448.0,0.0,2448.0,return_refund,0.0,0.0,0.0,0.0,0.0,0.0,0.0,0.0,NA,0,951.0
NFT-/XUTR/DEUTH026124A0H7YX,79.91,0.0,0.0,3699.0,207.74,46.575,0.989,0.0,0.0,postpaid,0.198,0.0,0.0,5.571,0.0,6.57378,153.404,"",'132780801057124095603,2026-05-04,11090224262,292b4389-9301-4261-96b2-049fe5a96f3b,"",Forward,100035495313,100035495313,11504,1598.1,5.0,1850.0,0.0,1850.0,packet_delivered,0.0,0.0,0.0,0.0,0.0,0.0,0.0,0.0,NA,0,1849.01
NFT-/XUTR/DEUTH026124A0H7YX,54.48,0.0,0.0,2799.0,1144.0,283.483,5.448,0.0,0.0,postpaid,1.09,0.0,0.0,45.0,0.0,53.1,800.879,"",'132787779770836138401,2026-05-04,11091740574,a847ef3f-a04e-454c-8be2-7f9010d4f87a,"",Forward,100037011619,100037011619,11504,1089.52,5.0,1484.0,0.0,1484.0,packet_delivered,0.0,0.0,0.0,0.0,0.0,0.0,0.0,0.0,NA,0,1315.0
NFT-/XUTR/DEUTH026124A0H7YX,70.38,0.0,0.0,3299.0,1478.0,366.248,7.038,0.0,0.0,postpaid,1.408,127.0,0.0,0.0,0.0,149.86,-1253.166,"",'132828527262811614503,2026-05-04,11100573228,5716f1ee-9718-41cb-9dc2-871ec6f3fe3c,100154034661,Reverse,100045844261,1000013242704,11504,1407.62,5.0,1650.0,0.0,1650.0,return_refund,0.0,0.0,0.0,0.0,0.0,0.0,0.0,0.0,NA,0,1649.0
NFT-/XUTR/DEUTH026124A0H7YX,23.0,0.0,0.0,1650.0,83.30799999999999,3.931999999999999,0.397,0.0,0.0,postpaid,0.079,18.283,0.0,0.0,0.0,21.57394,-100.474,"",'132794898023268988401,2026-05-04,11093421681,33935e9a-ca28-4887-a57b-757f989a86ee,11093421681,Reverse,100038692725,100038692725,11504,460,5.0,1073.0,0.0,1073.0,exchange,0.0,0.0,0.0,0.0,0.0,0.0,0.0,0.0,NA,0,576.98
NFT-/XUTR/DEUTH026124A0H7YX,51.33,0.0,0.0,2499.0,1078.0,267.128,5.133,0.0,0.0,postpaid,1.027,0.0,0.0,45.0,0.0,53.1,751.612,"",'132788694838529203203,2026-05-04,11092043933,f60349da-829a-4335-8ff8-cfa6725ed634,"",Forward,100037314978,100037314978,11504,1026.67,5.0,1250.0,0.0,1250.0,packet_delivered,0.0,0.0,0.0,0.0,0.0,0.0,0.0,0.0,NA,0,1249.0
NFT-/XUTR/DEUTH026124A0H7YX,48.48,0.0,0.0,1699.0,1010.24,238.417,4.811,0.0,0.0,postpaid,0.962,0.0,0.0,44.657,0.0,52.69526,713.355,"",'132819829386237284301,2026-05-04,11098718259,a959b89c-89f5-427b-a5b3-8a0d78a557bc,"",Forward,100043989294,1000012679730,11504,969.52,5.0,510.0,0.0,510.0,packet_delivered,0.0,0.0,0.0,0.0,0.0,0.0,0.0,0.0,NA,0,1189.0
NFT-/XUTR/DEUTH026124A0H7YX,103.48,0.0,0.0,3399.0,2173.0,512.828,10.348,0.0,0.0,postpaid,2.07,0.0,0.0,61.0,0.0,71.98,1575.774,"",'132754228347862589201,2026-05-04,11084160676,067d41bf-3dc5-43f3-9a9e-9be310066b7c,"",Forward,100029431734,100029431734,11504,2069.52,5.0,1020.0,0.0,1020.0,packet_delivered,0.0,0.0,0.0,0.0,0.0,0.0,0.0,0.0,NA,0,2379.0
NFT-/XUTR/DEUTH026124A0H7YX,100.14,0.0,0.0,3299.0,2103.0,496.308,10.014,0.0,0.0,postpaid,2.003,0.0,0.0,61.0,0.0,71.98,1522.695,"",'132803860902434063303,2026-05-04,11095415277,5322cb09-c213-4be0-a9df-eebaea660d0c,"",Forward,100040686318,100040686318,11504,2002.86,5.0,990.0,0.0,990.0,packet_delivered,0.0,0.0,0.0,0.0,0.0,0.0,0.0,0.0,NA,0,2309.0
NFT-/XUTR/DEUTH026124A0H7YX,65.67,0.0,0.0,3299.0,1379.0,341.716,6.567,0.0,0.0,postpaid,1.313,0.0,0.0,45.0,0.0,53.1,976.304,"",'132819817072742671703,2026-05-04,11098714843,058b6fd0-45c1-45c2-9330-fa2f9baed736,"",Forward,100043985878,100043985878,11504,1313.33,5.0,1749.0,0.0,1749.0,packet_delivered,0.0,0.0,0.0,0.0,0.0,0.0,0.0,0.0,NA,0,1550.0
NFT-/XUTR/DEUTH026124A0H7YX,46.91,0.0,0.0,2999.0,985.0,255.70600000000002,4.69,0.0,0.0,postpaid,0.938,0.0,0.0,27.0,0.0,31.86,691.806,"",'132836603420054885201,2026-05-04,11102200095,926d8d50-038b-4238-a1ab-48e3aa4bfd77,"",Forward,100047471122,100047471122,11504,938.1,5.0,1843.0,0.0,1843.0,packet_delivered,0.0,0.0,0.0,0.0,0.0,0.0,0.0,0.0,NA,0,1156.01
NFT-/XUTR/DEUTH026124A0H7YX,0.0,14.48,14.48,1899.0,608.0,157.837,0.0,1.4475,1.4475,postpaid,0.579,106.0,0.0,0.0,0.0,125.08,-571.769,"",'132812580256439841701,2026-05-04,11097318365,cba30295-ba41-4e8a-8c79-b0f55ae046a4,100152370996,Reverse,100042589405,1000012267071,11504,579.04,5.0,1197.0,0.0,1197.0,return_refund,0.0,0.0,0.0,0.0,0.0,0.0,0.0,0.0,NA,0,702.0
NFT-/XUTR/DEUTH026124A0H7YX,55.48,0.0,0.0,3499.0,1165.0,288.687,5.548,0.0,0.0,postpaid,1.11,127.0,0.0,0.0,0.0,149.86,-1019.515,"",'132832900588665639001,2026-05-04,11101769584,78a303e4-8e9d-4893-becd-f2f88f568c64,100154188371,Reverse,100047040611,100047040611,11504,1109.52,5.0,2163.0,0.0,2163.0,return_refund,0.0,0.0,0.0,0.0,0.0,0.0,0.0,0.0,NA,0,1336.0
NFT-/XUTR/DEUTH026124A0H7YX,75.19,0.0,0.0,1750.0,1154.2869999999998,272.412,5.497,0.0,0.0,postpaid,1.099,92.84,0.0,0.0,0.0,109.5512,-984.83,"",'132801603147519854501,2026-05-04,11094774582,7617efcf-2d94-4513-8a67-584845bba81e,100152922700,Reverse,100040045624,1000011461397,11504,1503.81,5.0,0.0,0.0,0.0,return_refund,0.0,0.0,0.0,0.0,0.0,0.0,0.0,0.0,NA,0,1750.01
NFT-/XUTR/DEUTH026124A0H7YX,90.86,0.0,0.0,4499.0,420.324,104.156,2.002,0.0,0.0,postpaid,0.4,0.0,0.0,9.913,0.0,11.69734,302.069,"",'132806484888419176801,2026-05-04,11096214100,727df008-ba75-4a90-a835-433475ff4032,"",Forward,100041485141,100041485141,11504,1817.14,5.0,2385.0,0.0,2385.0,packet_delivered,0.0,0.0,0.0,0.0,0.0,0.0,0.0,0.0,NA,0,2114.02
NFT-/XUTR/DEUTH026124A0H7YX,53.52,0.0,0.0,1850.0,1124.0,265.264,5.352,0.0,0.0,postpaid,1.07,0.0,0.0,45.0,0.0,53.1,799.214,"",'132811848276045203601,2026-05-04,11097128999,1cd4a62d-b0ca-4811-b8b7-a07098937bd5,"",Forward,100042400039,100042400039,11504,1070.48,5.0,555.0,0.0,555.0,packet_delivered,0.0,0.0,0.0,0.0,0.0,0.0,0.0,0.0,NA,0,1295.0
NFT-/XUTR/DEUTH026124A0H7YX,19.0,0.0,0.0,1899.0,399.00000000000006,18.833,1.9,0.0,0.0,postpaid,0.38,106.0,0.0,0.0,0.0,125.08,-502.967,"",'132829532199685841601,2026-05-04,11100850044,7c931575-6872-40c8-a22c-e0e39f0a7a43,100153387672,Reverse,100046121077,1000013297540,11504,380,5.0,1406.0,0.0,1406.0,return_refund,0.0,0.0,0.0,0.0,0.0,0.0,0.0,0.0,NA,0,493.0
NFT-/XUTR/DEUTH026124A0H7YX,40.81,0.0,0.0,3399.0,857.0,222.477,4.081,0.0,0.0,postpaid,0.816,0.0,0.0,27.0,0.0,31.86,597.766,"",'132781255627170535801,2026-05-04,11090373480,d673fc74-02c1-4310-9747-3ae49399e3f0,"",Forward,100035644531,1000010985727,11504,816.19,5.0,2448.0,0.0,2448.0,packet_delivered,0.0,0.0,0.0,0.0,0.0,0.0,0.0,0.0,NA,0,951.0
NFT-/XUTR/DEUTH026124A0H7YX,21.91,0.0,0.0,1499.0,456.76,21.559,2.175,0.0,0.0,postpaid,0.435,180.718,0.0,0.0,0.0,213.24724,-645.838,"",'132814743696199474003,2026-05-04,11097870011,d66d1a0a-6fd4-4593-881b-4d05cd52e8ae,11097870011,Reverse,100043141047,100043141047,11504,438.1,5.0,945.0,0.0,945.0,exchange,0.0,0.0,0.0,0.0,0.0,0.0,0.0,0.0,NA,0,554.01
NFT-/XUTR/DEUTH026124A0H7YX,60.86,0.0,0.0,2899.0,1278.0,316.688,6.086,0.0,0.0,postpaid,1.217,0.0,0.0,45.0,0.0,53.1,900.909,"",'132789016612051158101,2026-05-04,11092162046,2c0bbb2f-c833-42ec-9304-0d1b9b20204b,"",Forward,100037433091,100037433091,11504,1217.14,5.0,1450.0,0.0,1450.0,packet_delivered,0.0,0.0,0.0,0.0,0.0,0.0,0.0,0.0,NA,0,1449.0
NFT-/XUTR/DEUTH026124A0H7YX,72.76,0.0,0.0,3399.0,1528.0,378.638,7.276,0.0,0.0,postpaid,1.455,0.0,0.0,45.0,0.0,53.1,1087.531,"",'132811138616509789201,2026-05-04,11096939591,d17218cb-d105-4cde-865d-234ba6755f30,"",Forward,100042210631,100042210631,11504,1455.24,5.0,1700.0,0.0,1700.0,packet_delivered,0.0,0.0,0.0,0.0,0.0,0.0,0.0,0.0,NA,0,1699.0
NFT-/XUTR/DEUTH026124A0H7YX,35.95,0.0,0.0,1699.0,755.0,195.998,3.595,0.0,0.0,postpaid,0.719,0.0,0.0,27.0,0.0,31.86,522.828,"",'132804578758054937701,2026-05-04,11095613816,91336ea6-fa5f-4c7e-8983-5d66aec2fa46,"",Forward,100040884858,1000011741934,11504,719.05,5.0,850.0,0.0,850.0,packet_delivered,0.0,0.0,0.0,0.0,0.0,0.0,0.0,0.0,NA,0,849.0
NFT-/XUTR/DEUTH026124A0H7YX,42.62,0.0,0.0,2999.0,300.0,77.88,1.429,0.0,0.0,postpaid,0.286,0.0,0.0,9.05,0.0,10.679,209.726,"",'132778350088485853003,2026-05-04,11089479945,1f886875-fc59-4eb3-86d4-082497789ae6,"",Forward,100034750997,100034750997,11504,852.38,5.0,2010.0,300.0,2310.0,packet_delivered,0.0,0.0,0.0,0.0,0.0,0.0,0.0,0.0,NA,0,989.0
NFT-/XUTR/DEUTH026124A0H7YX,0.0,28.36,28.36,2899.0,1191.0,295.13,0.0,2.8355,2.8355,postpaid,1.134,106.0,0.0,0.0,0.0,125.08,-1014.145,"",'132814918996476741601,2026-05-04,11097924475,7988d01a-a9ab-484b-b79c-5d1f91e34ee7,100152349894,Reverse,100043195511,100043195511,11504,1134.28,5.0,1537.0,0.0,1537.0,return_refund,0.0,0.0,0.0,0.0,0.0,0.0,0.0,0.0,NA,0,1361.9999999999998
NFT-/XUTR/DEUTH026124A0H7YX,42.91,0.0,0.0,2899.0,901.0,233.9,4.29,0.0,0.0,postpaid,0.858,0.0,0.0,27.0,0.0,31.86,630.092,"",'132810325087205969703,2026-05-04,11096754572,36280b97-08e0-4400-9736-cdc930c390d6,"",Forward,100042025613,100042025613,11504,858.1,5.0,1827.0,0.0,1827.0,packet_delivered,0.0,0.0,0.0,0.0,0.0,0.0,0.0,0.0,NA,0,1072.01
NFT-/XUTR/DEUTH026124A0H7YX,51.81,0.0,0.0,1799.0,1088.0,256.768,5.181,0.0,0.0,postpaid,1.036,112.0,0.0,0.0,0.0,132.16,-957.175,"",'132788676350828385301,2026-05-04,11092037566,c0c8b401-46f0-4382-b972-af43c87e76ca,100152000668,Reverse,100037308611,100037308611,11504,1036.19,5.0,540.0,0.0,540.0,return_refund,0.0,0.0,0.0,0.0,0.0,0.0,0.0,0.0,NA,0,1259.0
NFT-/XUTR/DEUTH026124A0H7YX,19.1,0.0,0.0,1599.0,401.0,18.927,1.91,0.0,0.0,postpaid,0.382,0.0,0.0,15.0,0.0,17.7,362.081,"",'132815134342794974303,2026-05-04,11098000311,3fdecf1c-19ca-4ef2-af6f-1c198b02f851,"",Forward,100043271347,100043271347,11504,381.9,5.0,1104.0,0.0,1104.0,packet_delivered,0.0,0.0,0.0,0.0,0.0,0.0,0.0,0.0,NA,0,495.0
NFT-/XUTR/DEUTH026124A0H7YX,27.19,0.0,0.0,1799.0,478.4,124.193,2.278,0.0,0.0,postpaid,0.456,0.0,0.0,22.621,0.0,26.69278,324.78,"",'132772172092920344003,2026-05-04,11088262895,7aaf989a-2548-4e54-8340-a9af21d0d2b9,"",Forward,100033533948,1000009485718,11504,543.81,5.0,1134.0,0.0,1134.0,packet_delivered,0.0,0.0,0.0,0.0,0.0,0.0,0.0,0.0,NA,0,665.0
NFT-/XUTR/DEUTH026124A0H7YX,70.38,0.0,0.0,3299.0,1478.0,366.248,7.038,0.0,0.0,postpaid,1.408,0.0,0.0,45.0,0.0,53.1,1050.206,"",'132807653412750355601,2026-05-04,11096566090,20b036a4-78dc-47e6-9b74-0e29f5377893,"",Forward,100041837131,1000012146127,11504,1407.62,5.0,1650.0,0.0,1650.0,packet_delivered,0.0,0.0,0.0,0.0,0.0,0.0,0.0,0.0,NA,0,1649.0
NFT-/XUTR/DEUTH026124A0H7YX,426.05,0.0,0.0,2999.0,344.931,81.403,1.462,0.0,0.0,postpaid,0.292,0.0,0.0,7.533,0.0,8.88894,252.885,"",'132829861424289055003,2026-05-04,11100935450,3ab08fc1-06be-4386-a27f-0485d36e9e6c,"",Forward,100046206483,100046206483,11504,2366.95,18.0,0.0,0.0,0.0,packet_delivered,0.0,0.0,0.0,0.0,0.0,0.0,0.0,0.0,NA,0,2999.01
NFT-/XUTR/DEUTH026124A0H7YX,35.33,0.0,0.0,2499.0,742.0,35.022,3.533,0.0,0.0,postpaid,0.707,0.0,0.0,27.0,0.0,31.86,670.878,"",'132833500326845223901,2026-05-04,11101908187,39f287bd-1ad7-464c-bb83-c1454f1ebf48,"",Forward,100047179214,100047179214,11504,706.67,5.0,1663.0,0.0,1663.0,packet_delivered,0.0,0.0,0.0,0.0,0.0,0.0,0.0,0.0,NA,0,836.0
NFT-/XUTR/DEUTH026124A0H7YX,48.48,0.0,0.0,1699.0,97.0,22.892,0.462,0.0,0.0,postpaid,0.092,17.342,0.0,0.0,0.0,20.46356,-94.018,"",'132821546824190093503,2026-05-04,11099166543,f1249731-26fe-4d4a-ac0d-fe3a37a1fae6,100155263631,Reverse,100044437576,100044437576,11504,969.52,5.0,510.0,97.0,607.0,return_refund,0.0,0.0,0.0,0.0,0.0,0.0,0.0,0.0,NA,0,1189.0
NFT-/XUTR/DEUTH026124A0H7YX,19.67,0.0,0.0,1750.0,413.0,19.494,1.967,0.0,0.0,postpaid,0.393,0.0,0.0,15.0,0.0,17.7,373.446,"",'132770244055757151403,2026-05-04,11087689098,1d082041-2c16-4291-9e9c-b3df58cdf70b,"",Forward,100032960151,100032960151,11504,393.33,5.0,1243.0,0.0,1243.0,packet_delivered,0.0,0.0,0.0,0.0,0.0,0.0,0.0,0.0,NA,0,507.0
NFT-/XUTR/DEUTH026124A0H7YX,43.05,0.0,0.0,2699.0,904.0,234.678,4.305,0.0,0.0,postpaid,0.861,0.0,0.0,27.0,0.0,31.86,632.296,"",'132796497067837839703,2026-05-04,11093870714,f7603580-af88-4a6d-aba0-ecb9966b5471,"",Forward,100039141756,100039141756,11504,860.95,5.0,1701.0,0.0,1701.0,packet_delivered,0.0,0.0,0.0,0.0,0.0,0.0,0.0,0.0,NA,0,997.99
NFT-/XUTR/DEUTH026124A0H7YX,43.1,0.0,0.0,1999.0,905.0,234.938,4.31,0.0,0.0,postpaid,0.862,167.0,0.0,0.0,0.0,197.06,-861.95,"",'132781255627170535801,2026-05-04,11090373482,d673fc74-02c1-4310-9747-3ae49399e3f0,100153082019,Reverse,100035644533,1000010985727,11504,861.9,5.0,1000.0,0.0,1000.0,return_refund,0.0,0.0,0.0,0.0,0.0,0.0,0.0,0.0,NA,0,999.0
NFT-/XUTR/DEUTH026124A0H7YX,63.24,0.0,0.0,2999.0,1328.0,329.078,6.324,0.0,0.0,postpaid,1.265,0.0,0.0,45.0,0.0,53.1,938.233,"",'132760648778427096801,2026-05-04,11085496813,1fd52a8c-f3de-457b-8b31-d59b9166550a,"",Forward,100030767869,100030767869,11504,1264.76,5.0,1500.0,0.0,1500.0,packet_delivered,0.0,0.0,0.0,0.0,0.0,0.0,0.0,0.0,NA,0,1499.0
NFT-/XUTR/DEUTH026124A0H7YX,39.52,0.0,0.0,2499.0,830.0,215.468,3.952,0.0,0.0,postpaid,0.79,182.0,0.0,0.0,0.0,214.76,-824.55,"",'132794319506517613501,2026-05-04,11093255583,c83bbf50-d475-45cc-ba21-29444fb0b6ec,100152717168,Reverse,100038526627,100038526627,11504,790.48,5.0,1575.0,0.0,1575.0,return_refund,0.0,0.0,0.0,0.0,0.0,0.0,0.0,0.0,NA,0,924.0
NFT-/XUTR/DEUTH026124A0H7YX,123.48,0.0,0.0,3999.0,2593.0,611.948,12.348,0.0,0.0,postpaid,2.47,0.0,0.0,61.0,0.0,71.98,1894.254,"",'132830825942210723203,2026-05-04,11101176705,d80a07f4-a727-4078-83a0-b2ad9e386ba5,"",Forward,100046447732,100046447732,11504,2469.52,5.0,1200.0,0.0,1200.0,packet_delivered,0.0,0.0,0.0,0.0,0.0,0.0,0.0,0.0,NA,0,2799.0
NFT-/XUTR/DEUTH026124A0H7YX,42.57,0.0,0.0,2299.0,894.0,232.082,4.257,0.0,0.0,postpaid,0.851,182.0,0.0,0.0,0.0,214.76,-871.57,"",'132814109249913386303,2026-05-04,11097702322,20e07142-8419-4cc2-a366-26df4932e8c4,100153389723,Reverse,100042973358,100042973358,11504,851.43,5.0,1311.0,0.0,1311.0,return_refund,0.0,0.0,0.0,0.0,0.0,0.0,0.0,0.0,NA,0,988.0
NFT-/XUTR/DEUTH026124A0H7YX,29.0,0.0,0.0,1850.0,609.0,158.096,2.9,0.0,0.0,postpaid,0.58,0.0,0.0,27.0,0.0,31.86,415.564,"",'132803099173095906201,2026-05-04,11095192484,a57f63d9-bbf0-49fd-98ac-ea360882ea69,"",Forward,100040463526,100040463526,11504,580,5.0,1147.0,0.0,1147.0,packet_delivered,0.0,0.0,0.0,0.0,0.0,0.0,0.0,0.0,NA,0,703.0
NFT-/XUTR/DEUTH026124A0H7YX,35.95,0.0,0.0,1699.0,755.0,195.998,3.595,0.0,0.0,postpaid,0.719,0.0,0.0,27.0,0.0,31.86,522.828,"",'132830355212661623803,2026-05-04,11101061049,382821e4-39e7-4175-8cde-d37c53f16c29,"",Forward,100046332080,1000013378324,11504,719.05,5.0,850.0,0.0,850.0,packet_delivered,0.0,0.0,0.0,0.0,0.0,0.0,0.0,0.0,NA,0,849.0
NFT-/XUTR/DEUTH026124A0H7YX,0.0,17.64,17.64,3299.0,241.113,11.381,0.0,0.574,0.574,postpaid,0.23,0.0,0.0,8.786,0.0,10.36748,217.987,"",'132837281932136890603,2026-05-04,11102398196,b1acb06e-dced-4541-bb2f-78ea7241110c,"",Forward,100047669223,1000013758429,11504,705.72,5.0,2464.0,0.0,2464.0,packet_delivered,0.0,0.0,0.0,0.0,0.0,0.0,0.0,0.0,NA,0,835.01
NFT-/XUTR/DEUTH026124A0H7YX,28.81,0.0,0.0,1999.0,605.0,42.834,2.881,0.0,0.0,postpaid,0.576,106.0,0.0,0.0,0.0,125.08,-683.789,"",'132806027633669147503,2026-05-04,11096049359,e2a04856-e2e8-40ae-92f8-8fcc5958bb8a,100154769736,Reverse,100041320400,1000012143516,11504,576.19,5.0,1300.0,0.0,1300.0,return_refund,0.0,0.0,0.0,0.0,0.0,0.0,0.0,0.0,NA,0,699.0
NFT-/XUTR/DEUTH026124A0H7YX,63.24,0.0,0.0,2999.0,1328.0,329.078,6.324,0.0,0.0,postpaid,1.265,167.0,0.0,0.0,0.0,197.06,-1188.393,"",'132780426014012457401,2026-05-04,11090092205,c9e68240-a18a-439f-8214-8cb24590f7ea,100152005572,Reverse,100035363256,1000010360705,11504,1264.76,5.0,1500.0,0.0,1500.0,return_refund,0.0,0.0,0.0,0.0,0.0,0.0,0.0,0.0,NA,0,1499.0
NFT-/XUTR/DEUTH026124A0H7YX,19.1,0.0,0.0,1599.0,397.15999999999997,18.746000000000002,1.891,0.0,0.0,postpaid,0.378,125.784,0.0,0.0,0.0,148.42512,-524.57,"",'132816462843899979803,2026-05-04,11098334204,bd13f9ce-9867-4c30-a025-9dfc00a67c5b,100154304842,Reverse,100043605240,1000012521431,11504,381.9,5.0,1104.0,0.0,1104.0,return_refund,0.0,0.0,0.0,0.0,0.0,0.0,0.0,0.0,NA,0,495.0
NFT-/XUTR/DEUTH026124A0H7YX,23.0,0.0,0.0,1650.0,483.0,22.798,2.3,0.0,0.0,postpaid,0.46,0.0,0.0,27.0,0.0,31.86,425.582,"",'132764516335074084903,2026-05-04,11086620638,978f8dd1-b055-4a6c-ac1b-605ce4787a0f,"",Forward,100031891692,1000008949715,11504,460,5.0,1073.0,0.0,1073.0,packet_delivered,0.0,0.0,0.0,0.0,0.0,0.0,0.0,0.0,NA,0,577.0
NFT-/XUTR/DEUTH026124A0H7YX,58.95,0.0,0.0,2999.0,912.767,226.184,4.347,0.0,0.0,postpaid,0.869,0.0,0.0,33.178,0.0,39.15004,642.217,"",'132819847342055055601,2026-05-04,11098723325,81a3e5f7-5e5e-405a-adf1-87c9ddda39ab,"",Forward,100043994360,100043994360,11504,1179.05,5.0,1590.0,0.0,1590.0,packet_delivered,0.0,0.0,0.0,0.0,0.0,0.0,0.0,0.0,NA,0,1409.01
NFT-/XUTR/DEUTH026124A0H7YX,37.19,0.0,0.0,1750.0,781.0,202.748,3.719,0.0,0.0,postpaid,0.744,0.0,0.0,27.0,0.0,31.86,541.929,"",'132838794941613226003,2026-05-04,11102845629,e3f5de9d-a68a-4367-9b47-d41335ce0e4e,"",Forward,100048116645,100048116645,11504,743.81,5.0,875.0,0.0,875.0,packet_delivered,0.0,0.0,0.0,0.0,0.0,0.0,0.0,0.0,NA,0,875.0
NFT-/XUTR/DEUTH026124A0H7YX,32.57,0.0,0.0,2999.0,684.0,32.285,3.257,0.0,0.0,postpaid,0.651,0.0,0.0,27.0,0.0,31.86,615.947,"",'132841562855449364201,2026-05-04,11103615566,b4e6717d-5e17-4a96-b9ec-55afbf339a0d,"",Forward,100048886575,100048886575,11504,651.43,5.0,2221.0,0.0,2221.0,packet_delivered,0.0,0.0,0.0,0.0,0.0,0.0,0.0,0.0,NA,0,778.0
NFT-/XUTR/DEUTH026124A0H7YX,0.0,20.36,20.36,1899.0,428.225,111.167,0.0,1.0195,1.0195,postpaid,0.408,0.0,0.0,13.523,0.0,15.95714,298.654,"",'132821280044113832901,2026-05-04,11099095835,66d74f4e-7cee-4823-b218-9360cfb10326,"",Forward,100044366870,100044366870,11504,814.28,5.0,950.0,0.0,950.0,packet_delivered,0.0,0.0,0.0,0.0,0.0,0.0,0.0,0.0,NA,0,948.99
NFT-/XUTR/DEUTH026124A0H7YX,27.19,0.0,0.0,1799.0,508.01,131.879,2.419,0.0,0.0,postpaid,0.484,0.0,0.0,24.021,0.0,28.34478,344.883,"",'132778717895016687703,2026-05-04,11089585612,73eca495-3678-4904-b6bf-2728e89412a8,"",Forward,100034856663,100034856663,11504,543.81,5.0,1134.0,0.0,1134.0,packet_delivered,0.0,0.0,0.0,0.0,0.0,0.0,0.0,0.0,NA,0,665.0
NFT-/XUTR/DEUTH026124A0H7YX,60.86,0.0,0.0,2899.0,1278.0,316.688,6.086,0.0,0.0,postpaid,1.217,167.0,0.0,0.0,0.0,197.06,-1151.069,"",'132781284137540968003,2026-05-04,11090381352,aef97740-aa32-40b7-a2cc-8dc673f55587,100153211072,Reverse,100035652404,100035652404,11504,1217.14,5.0,1450.0,0.0,1450.0,return_refund,0.0,0.0,0.0,0.0,0.0,0.0,0.0,0.0,NA,0,1449.0
NFT-/XUTR/DEUTH026124A0H7YX,81.33,0.0,0.0,3999.0,1306.42,323.731,6.221,0.0,0.0,postpaid,1.244,81.078,0.0,0.0,0.0,95.67204,-1070.896,"",'132830141018997216803,2026-05-04,11101007359,f0773922-5ef0-484c-a535-dc0880bcad75,100154912822,Reverse,100046278391,1000013761361,11504,1626.67,5.0,2120.0,0.0,2120.0,return_refund,0.0,0.0,0.0,0.0,0.0,0.0,0.0,0.0,NA,0,1879.0
NFT-/XUTR/DEUTH026124A0H7YX,60.86,0.0,0.0,2899.0,1278.0,316.688,6.086,0.0,0.0,postpaid,1.217,0.0,0.0,45.0,0.0,53.1,900.909,"",'132801895339298940601,2026-05-04,11094836347,94c027d8-1809-4577-aeb1-b1dae42daf86,"",Forward,100040107389,100040107389,11504,1217.14,5.0,1450.0,0.0,1450.0,packet_delivered,0.0,0.0,0.0,0.0,0.0,0.0,0.0,0.0,NA,0,1449.0
NFT-/XUTR/DEUTH026124A0H7YX,34.05,0.0,0.0,1799.0,715.0,185.614,3.405,0.0,0.0,postpaid,0.681,0.0,0.0,27.0,0.0,31.86,493.44,"",'132812225181963409403,2026-05-04,11097225085,36785664-43b1-43ab-a0fa-eb49d3a34c81,"",Forward,100042496125,100042496125,11504,680.95,5.0,990.0,0.0,990.0,packet_delivered,0.0,0.0,0.0,0.0,0.0,0.0,0.0,0.0,NA,0,809.0
NFT-/XUTR/DEUTH026124A0H7YX,21.91,0.0,0.0,1499.0,444.081,20.961000000000002,2.115,0.0,0.0,postpaid,0.423,161.221,0.0,0.0,0.0,190.24078,-610.823,"",'132778155088185862003,2026-05-04,11089424735,88e94b82-75f2-4a2c-b0e2-5d41572197bd,100152682855,Reverse,100034695787,100034695787,11504,438.1,5.0,945.0,0.0,945.0,return_refund,0.0,0.0,0.0,0.0,0.0,0.0,0.0,0.0,NA,0,553.99
NFT-/XUTR/DEUTH026124A0H7YX,44.67,0.0,0.0,2999.0,938.0,243.505,4.467,0.0,0.0,postpaid,0.893,182.0,0.0,0.0,0.0,214.76,-903.895,"",'132818859490227967703,2026-05-04,11098492545,7c121dbb-f19d-4ff0-be9b-c07449f773d0,100153834617,Reverse,100043763581,100043763581,11504,893.33,5.0,1890.0,0.0,1890.0,return_refund,0.0,0.0,0.0,0.0,0.0,0.0,0.0,0.0,NA,0,1109.0
NFT-/XUTR/DEUTH026124A0H7YX,78.48,0.0,0.0,2599.0,1582.3200000000002,373.427,7.535,0.0,0.0,postpaid,1.507,101.775,0.0,0.0,0.0,120.0945,-1319.945,"",'132840985043358709003,2026-05-04,11103431660,52add3e4-408a-41f1-b780-8e994d523792,100154235003,Reverse,100048702669,100048702669,11504,1569.52,5.0,780.0,0.0,780.0,return_refund,0.0,0.0,0.0,0.0,0.0,0.0,0.0,0.0,NA,0,1819.01
NFT-/XUTR/DEUTH026124A0H7YX,27.62,0.0,0.0,1499.0,580.0,150.568,2.762,0.0,0.0,postpaid,0.552,127.0,0.0,0.0,0.0,149.86,-575.978,"",'132819852769918450101,2026-05-04,11098724985,bf694096-dbe9-4cd8-bdac-4f6635d0c8d3,100153597271,Reverse,100043996021,100043996021,11504,552.38,5.0,825.0,0.0,825.0,return_refund,0.0,0.0,0.0,0.0,0.0,0.0,0.0,0.0,NA,0,674.0
NFT-/XUTR/DEUTH026124A0H7YX,0.0,17.64,17.64,3299.0,241.11300000000003,11.381,0.0,0.574,0.574,postpaid,0.23,34.491,0.0,0.0,0.0,40.69938,-269.053,"",'132837281932136890603,2026-05-04,11102398196,b1acb06e-dced-4541-bb2f-78ea7241110c,100154230635,Reverse,100047669223,1000013758429,11504,705.72,5.0,2464.0,0.0,2464.0,return_refund,0.0,0.0,0.0,0.0,0.0,0.0,0.0,0.0,NA,0,835.01
NFT-/XUTR/DEUTH026124A0H7YX,35.95,0.0,0.0,1699.0,755.0,195.998,3.595,0.0,0.0,postpaid,0.719,0.0,0.0,27.0,0.0,31.86,522.828,"",'132810700697787960501,2026-05-04,11096832567,fd76e65e-e1fc-4faa-8584-6bf4898e39f2,"",Forward,100042103608,100042103608,11504,719.05,5.0,850.0,0.0,850.0,packet_delivered,0.0,0.0,0.0,0.0,0.0,0.0,0.0,0.0,NA,0,849.0
NFT-/XUTR/DEUTH026124A0H7YX,81.33,0.0,0.0,3999.0,1306.42,323.731,6.221,0.0,0.0,postpaid,1.244,0.0,0.0,34.42,0.0,40.6156,934.608,"",'132830141018997216803,2026-05-04,11101007359,f0773922-5ef0-484c-a535-dc0880bcad75,"",Forward,100046278391,1000013761361,11504,1626.67,5.0,2120.0,0.0,2120.0,packet_delivered,0.0,0.0,0.0,0.0,0.0,0.0,0.0,0.0,NA,0,1879.0
NFT-/XUTR/DEUTH026124A0H7YX,32.43,0.0,0.0,1650.0,384.444,99.802,1.831,0.0,0.0,postpaid,0.366,0.0,0.0,15.242,0.0,17.98556,264.459,"",'132804423622628842101,2026-05-04,11095571212,1bb73fec-871b-4973-87a1-3350c965116b,"",Forward,100040842253,100040842253,11504,648.57,5.0,875.0,0.0,875.0,packet_delivered,0.0,0.0,0.0,0.0,0.0,0.0,0.0,0.0,NA,0,774.99
NFT-/XUTR/DEUTH026124A0H7YX,23.67,0.0,0.0,1599.0,492.0,23.222,2.343,0.0,0.0,postpaid,0.469,0.0,0.0,26.728,0.0,31.53904,434.427,"",'132806617431797380101,2026-05-04,11096268104,231ad488-4b37-46fb-8c58-f9256a0c0f67,"",Forward,100041539145,100041539145,11504,473.33,5.0,1008.0,0.0,1008.0,packet_delivered,0.0,0.0,0.0,0.0,0.0,0.0,0.0,0.0,NA,0,591.0
NFT-/XUTR/DEUTH026124A0H7YX,35.95,0.0,0.0,1699.0,755.0,195.998,3.595,0.0,0.0,postpaid,0.719,0.0,0.0,27.0,0.0,31.86,522.828,"",'132804762340265519801,2026-05-04,11095663683,99fac0c1-d2b5-4c2e-8111-4bc45d341bea,"",Forward,100040934724,1000011760412,11504,719.05,5.0,850.0,0.0,850.0,packet_delivered,0.0,0.0,0.0,0.0,0.0,0.0,0.0,0.0,NA,0,849.0
NFT-/XUTR/DEUTH026124A0H7YX,56.1,0.0,0.0,2999.0,1178.0,291.908,5.61,0.0,0.0,postpaid,1.122,0.0,0.0,45.0,0.0,53.1,826.26,"",'132820150698815636301,2026-05-04,11098808680,b73e6086-a3e2-403a-a499-deee1f3e8b8c,"",Forward,100044079715,100044079715,11504,1121.9,5.0,1650.0,0.0,1650.0,packet_delivered,0.0,0.0,0.0,0.0,0.0,0.0,0.0,0.0,NA,0,1349.0
NFT-/XUTR/DEUTH026124A0H7YX,70.38,0.0,0.0,3299.0,1478.0,366.248,7.038,0.0,0.0,postpaid,1.408,0.0,0.0,45.0,0.0,53.1,1050.206,"",'132823319024967711201,2026-05-04,11099663795,63bb06d5-8d6e-4bb8-af9f-91d65a4b97a9,"",Forward,100044934829,100044934829,11504,1407.62,5.0,1650.0,0.0,1650.0,packet_delivered,0.0,0.0,0.0,0.0,0.0,0.0,0.0,0.0,NA,0,1649.0
NFT-/XUTR/DEUTH026124A0H7YX,0.0,11.83,11.83,1599.0,384.448,18.146,0.0,0.9155,0.9155,postpaid,0.366,0.0,0.0,20.885,0.0,24.6443,339.461,"",'132811340604481617403,2026-05-04,11096991969,14647c89-96e4-4455-a4a8-d4eb82db8d5e,"",Forward,100042263009,100042263009,11504,473.34,5.0,1008.0,0.0,1008.0,packet_delivered,0.0,0.0,0.0,0.0,0.0,0.0,0.0,0.0,NA,0,590.9799999999999
NFT-/XUTR/DEUTH026124A0H7YX,48.95,0.0,0.0,2399.0,1028.0,242.608,4.895,0.0,0.0,postpaid,0.979,0.0,0.0,45.0,0.0,53.1,726.418,"",'132797553271214450603,2026-05-04,11094171985,aefab65f-5525-4adc-babd-016c63548d7a,"",Forward,100039443027,1000012130016,11504,979.05,5.0,1200.0,0.0,1200.0,packet_delivered,0.0,0.0,0.0,0.0,0.0,0.0,0.0,0.0,NA,0,1199.0
NFT-/XUTR/DEUTH026124A0H7YX,63.24,0.0,0.0,2999.0,1328.0,329.078,6.324,0.0,0.0,postpaid,1.265,127.0,0.0,0.0,0.0,149.86,-1141.193,"",'132810710049140163303,2026-05-04,11096834666,522bb260-cb41-4543-a0ea-a03b9cddec18,100152396326,Reverse,100042105707,100042105707,11504,1264.76,5.0,1500.0,0.0,1500.0,return_refund,0.0,0.0,0.0,0.0,0.0,0.0,0.0,0.0,NA,0,1499.0
NFT-/XUTR/DEUTH026124A0H7YX,90.14,0.0,0.0,2999.0,949.955,235.399,4.524,0.0,0.0,postpaid,0.905,0.0,0.0,22.582,0.0,26.64676,682.48,"",'132815539633793921503,2026-05-04,11098158100,344d5d48-bd6d-4853-ac46-e9472f567085,"",Forward,100043429136,100043429136,11504,1802.86,5.0,900.0,0.0,900.0,packet_delivered,0.0,0.0,0.0,0.0,0.0,0.0,0.0,0.0,NA,0,2099.01
NFT-/XUTR/DEUTH026124A0H7YX,60.86,0.0,0.0,2899.0,1278.0,316.688,6.086,0.0,0.0,postpaid,1.217,182.0,0.0,0.0,0.0,214.76,-1168.769,"",'132793827404668632703,2026-05-04,11093113043,d7c926fd-e1fa-4a57-a85d-687d84ceec91,100153378536,Reverse,100038384087,1000011567706,11504,1217.14,5.0,1450.0,0.0,1450.0,return_refund,0.0,0.0,0.0,0.0,0.0,0.0,0.0,0.0,NA,0,1449.0
NFT-/XUTR/DEUTH026124A0H7YX,33.52,0.0,0.0,3399.0,704.0,33.229,3.352,0.0,0.0,postpaid,0.67,167.0,0.0,0.0,0.0,197.06,-863.809,"",'132777458225830068001,2026-05-04,11089212197,10db26b5-3445-4d87-ba53-a380aba42fb6,100152445812,Reverse,100034483249,100034483249,11504,670.48,5.0,2601.0,240.0,2841.0,return_refund,0.0,0.0,0.0,0.0,0.0,0.0,0.0,0.0,NA,0,798.0
NFT-/XUTR/DEUTH026124A0H7YX,426.05,0.0,0.0,2999.0,344.931,81.403,1.462,0.0,0.0,postpaid,0.292,13.091,0.0,0.0,0.0,15.44738,-277.221,"",'132829861424289055003,2026-05-04,11100935450,3ab08fc1-06be-4386-a27f-0485d36e9e6c,11100935450,Reverse,100046206483,100046206483,11504,2366.95,18.0,0.0,0.0,0.0,exchange,0.0,0.0,0.0,0.0,0.0,0.0,0.0,0.0,NA,0,2999.01
NFT-/XUTR/DEUTH026124A0H7YX,42.62,0.0,0.0,2999.0,895.0,232.342,4.262,0.0,0.0,postpaid,0.852,0.0,0.0,27.0,0.0,31.86,625.684,"",'132828502080922160603,2026-05-04,11100566032,6c9134cf-040a-467e-a79e-7b63dacadb58,"",Forward,100045837065,100045837065,11504,852.38,5.0,2010.0,0.0,2010.0,packet_delivered,0.0,0.0,0.0,0.0,0.0,0.0,0.0,0.0,NA,0,989.0
NFT-/XUTR/DEUTH026124A0H7YX,0.0,22.33,22.33,2999.0,938.0,243.505,0.0,2.2335,2.2335,postpaid,0.893,0.0,0.0,27.0,0.0,31.86,657.275,"",'132828888664662589203,2026-05-04,11100681080,ac2aa87b-3095-4dbe-af53-bf16c701c718,"",Forward,100045952113,100045952113,11504,893.34,5.0,1890.0,0.0,1890.0,packet_delivered,0.0,0.0,0.0,0.0,0.0,0.0,0.0,0.0,NA,0,1109.0
NFT-/XUTR/DEUTH026124A0H7YX,100.14,0.0,0.0,3299.0,2103.0,496.308,10.014,0.0,0.0,postpaid,2.003,0.0,0.0,61.0,0.0,71.98,1522.695,"",'132819907532213831403,2026-05-04,11098740627,b0fd1e1a-6da1-4378-bc0f-85119ff33564,"",Forward,100044011662,100044011662,11504,2002.86,5.0,990.0,0.0,990.0,packet_delivered,0.0,0.0,0.0,0.0,0.0,0.0,0.0,0.0,NA,0,2309.0
NFT-/XUTR/DEUTH026124A0H7YX,37.19,0.0,0.0,1750.0,781.0,147.453,3.719,0.0,0.0,postpaid,0.744,0.0,0.0,27.0,0.0,31.86,597.224,"",'132763593258322856501,2026-05-04,11086390102,bc51c2fe-bba8-4279-bbc4-37e2ac37228d,"",Forward,100031661156,100031661156,11504,743.81,5.0,875.0,0.0,875.0,packet_delivered,0.0,0.0,0.0,0.0,0.0,0.0,0.0,0.0,NA,0,875.0
NFT-/XUTR/DEUTH026124A0H7YX,60.86,0.0,0.0,2899.0,1278.0,316.688,6.086,0.0,0.0,postpaid,1.217,0.0,0.0,45.0,0.0,53.1,900.909,"",'132785547552117660501,2026-05-04,11091004122,bf97bfab-0386-46bd-8ffd-1de2020bd892,"",Forward,100036275169,100036275169,11504,1217.14,5.0,1450.0,0.0,1450.0,packet_delivered,0.0,0.0,0.0,0.0,0.0,0.0,0.0,0.0,NA,0,1449.0
NFT-/XUTR/DEUTH026124A0H7YX,21.91,0.0,0.0,1499.0,444.081,20.961000000000002,2.115,0.0,0.0,postpaid,0.423,0.0,0.0,26.066,0.0,30.75788,389.824,"",'132778155088185862003,2026-05-04,11089424735,88e94b82-75f2-4a2c-b0e2-5d41572197bd,"",Forward,100034695787,100034695787,11504,438.1,5.0,945.0,0.0,945.0,packet_delivered,0.0,0.0,0.0,0.0,0.0,0.0,0.0,0.0,NA,0,553.99
NFT-/XUTR/DEUTH026124A0H7YX,75.19,0.0,0.0,1750.0,1579.0,372.644,7.519,0.0,0.0,postpaid,1.504,127.0,0.0,0.0,0.0,149.86,-1347.193,"",'132826966887529233703,2026-05-04,11100254394,74e2ce60-c605-402d-b4e6-f02b9db34d35,100153218179,Reverse,100045525427,100045525427,11504,1503.81,5.0,0.0,0.0,0.0,return_refund,0.0,0.0,0.0,0.0,0.0,0.0,0.0,0.0,NA,0,1750.0
NFT-/XUTR/DEUTH026124A0H7YX,51.81,0.0,0.0,1799.0,1088.0,256.768,5.181,0.0,0.0,postpaid,1.036,0.0,0.0,45.0,0.0,53.1,771.915,"",'132788676350828385301,2026-05-04,11092037566,c0c8b401-46f0-4382-b972-af43c87e76ca,"",Forward,100037308611,100037308611,11504,1036.19,5.0,540.0,0.0,540.0,packet_delivered,0.0,0.0,0.0,0.0,0.0,0.0,0.0,0.0,NA,0,1259.0
NFT-/XUTR/DEUTH026124A0H7YX,37.19,0.0,0.0,1750.0,781.0,202.748,3.719,0.0,0.0,postpaid,0.744,0.0,0.0,27.0,0.0,31.86,541.929,"",'132822251283807979001,2026-05-04,11099354722,85998889-aea4-4be5-bfc7-c6be68b35a67,"",Forward,100044625756,100044625756,11504,743.81,5.0,875.0,0.0,875.0,packet_delivered,0.0,0.0,0.0,0.0,0.0,0.0,0.0,0.0,NA,0,875.0
NFT-/XUTR/DEUTH026124A0H7YX,44.67,0.0,0.0,2999.0,938.0,243.505,4.467,0.0,0.0,postpaid,0.893,0.0,0.0,27.0,0.0,31.86,657.275,"",'132795245172220493001,2026-05-04,11093522217,ed5f32f0-3e7b-40d1-a67a-0eb686299af0,"",Forward,100038793261,100038793261,11504,893.33,5.0,1890.0,0.0,1890.0,packet_delivered,0.0,0.0,0.0,0.0,0.0,0.0,0.0,0.0,NA,0,1109.0
NFT-/XUTR/DEUTH026124A0H7YX,63.24,0.0,0.0,2999.0,1328.0,329.078,6.324,0.0,0.0,postpaid,1.265,0.0,0.0,45.0,0.0,53.1,938.233,"",'132814773945445537903,2026-05-04,11097879110,86b1228e-c98c-45f9-81f2-ae239eebdf0e,"",Forward,100043150146,100043150146,11504,1264.76,5.0,1500.0,0.0,1500.0,packet_delivered,0.0,0.0,0.0,0.0,0.0,0.0,0.0,0.0,NA,0,1499.0
NFT-/XUTR/DEUTH026124A0H7YX,24.57,0.0,0.0,1650.0,490.05999999999995,127.22000000000001,2.334,0.0,0.0,postpaid,0.467,158.605,0.0,0.0,0.0,187.1539,-547.193,"",'132780892275393335803,2026-05-04,11090256388,32aba984-3009-4302-958b-04d625c864ac,100153051003,Reverse,100035527439,1000010378654,11504,491.43,5.0,1040.0,0.0,1040.0,return_refund,0.0,0.0,0.0,0.0,0.0,0.0,0.0,0.0,NA,0,610.0
NFT-/XUTR/DEUTH026124A0H7YX,19.48,0.0,0.0,1799.0,408.24,19.269,1.944,0.0,0.0,postpaid,0.389,181.662,0.0,0.0,0.0,214.36116,-600.999,"",'132823959613331734201,2026-05-04,11099917260,732a7117-19f7-4b58-9cb6-57f9436838e7,11099917260,Reverse,100045188293,100045188293,11504,389.52,5.0,1296.0,0.0,1296.0,exchange,0.0,0.0,0.0,0.0,0.0,0.0,0.0,0.0,NA,0,503.01
NFT-/XUTR/DEUTH026124A0H7YX,37.19,0.0,0.0,1750.0,781.0,202.748,3.719,0.0,0.0,postpaid,0.744,0.0,0.0,27.0,0.0,31.86,541.929,"",'132774339067872542003,2026-05-04,11088556603,8469de55-3124-4450-8c67-21454d028b19,"",Forward,100033827656,100033827656,11504,743.81,5.0,875.0,0.0,875.0,packet_delivered,0.0,0.0,0.0,0.0,0.0,0.0,0.0,0.0,NA,0,875.0
NFT-/XUTR/DEUTH026124A0H7YX,53.48,0.0,0.0,3499.0,1123.0,278.279,5.348,0.0,0.0,postpaid,1.07,0.0,0.0,45.0,0.0,53.1,785.203,"",'132794272311168208503,2026-05-04,11093241718,8eaf1fce-eff4-4a04-b245-fe312a2530b7,"",Forward,100038512762,100038512762,11504,1069.52,5.0,2205.0,0.0,2205.0,packet_delivered,0.0,0.0,0.0,0.0,0.0,0.0,0.0,0.0,NA,0,1294.0
NFT-/XUTR/DEUTH026124A0H7YX,63.24,0.0,0.0,2999.0,1328.0,329.078,6.324,0.0,0.0,postpaid,1.265,0.0,0.0,45.0,0.0,53.1,938.233,"",'132810710049140163303,2026-05-04,11096834666,522bb260-cb41-4543-a0ea-a03b9cddec18,"",Forward,100042105707,100042105707,11504,1264.76,5.0,1500.0,0.0,1500.0,packet_delivered,0.0,0.0,0.0,0.0,0.0,0.0,0.0,0.0,NA,0,1499.0
NFT-/XUTR/DEUTH026124A0H7YX,19.05,0.0,0.0,1499.0,396.16999999999996,18.699,1.887,0.0,0.0,postpaid,0.377,125.784,0.0,0.0,0.0,148.42512,-523.632,"",'132816462843899979803,2026-05-04,11098334203,bd13f9ce-9867-4c30-a025-9dfc00a67c5b,100154027229,Reverse,100043605239,1000012521431,11504,380.95,5.0,1005.0,0.0,1005.0,return_refund,0.0,0.0,0.0,0.0,0.0,0.0,0.0,0.0,NA,0,494.0
NFT-/XUTR/DEUTH026124A0H7YX,63.24,0.0,0.0,2999.0,1328.0,329.078,6.324,0.0,0.0,postpaid,1.265,0.0,0.0,45.0,0.0,53.1,938.233,"",'132763254621946340901,2026-05-04,11086265760,a7cd3b95-d3b0-4e27-a7e1-435605a1f9ac,"",Forward,100031536814,100031536814,11504,1264.76,5.0,1500.0,0.0,1500.0,packet_delivered,0.0,0.0,0.0,0.0,0.0,0.0,0.0,0.0,NA,0,1499.0
NFT-/XUTR/DEUTH026124A0H7YX,56.86,0.0,0.0,1950.0,1194.0,281.784,5.686,0.0,0.0,postpaid,1.137,106.0,0.0,0.0,0.0,125.08,-1030.473,"",'132812432628447619101,2026-05-04,11097277940,bd21b76d-0cf0-4984-91bb-93c72c10448d,100152398514,Reverse,100042548980,100042548980,11504,1137.14,5.0,585.0,0.0,585.0,return_refund,0.0,0.0,0.0,0.0,0.0,0.0,0.0,0.0,NA,0,1365.0
NFT-/XUTR/DEUTH026124A0H7YX,63.24,0.0,0.0,2999.0,1328.0,329.078,6.324,0.0,0.0,postpaid,1.265,0.0,0.0,45.0,0.0,53.1,938.233,"",'132824144374599770101,2026-05-04,11099985727,2f94829f-86b6-482b-a3ca-c5d9ded7245c,"",Forward,100045256760,100045256760,11504,1264.76,5.0,1500.0,0.0,1500.0,packet_delivered,0.0,0.0,0.0,0.0,0.0,0.0,0.0,0.0,NA,0,1499.0
NFT-/XUTR/DEUTH026124A0H7YX,19.1,0.0,0.0,1599.0,394.05,18.599,1.876,0.0,0.0,postpaid,0.375,0.0,0.0,14.74,0.0,17.3932,355.807,"",'132797805780241484801,2026-05-04,11094258224,69fcf537-f164-4938-ac51-beb167aa828e,"",Forward,100039529266,1000012164264,11504,381.9,5.0,1104.0,0.0,1104.0,packet_delivered,0.0,0.0,0.0,0.0,0.0,0.0,0.0,0.0,NA,0,495.0
NFT-/XUTR/DEUTH026124A0H7YX,21.91,0.0,0.0,1499.0,460.0,21.712,2.19,0.0,0.0,postpaid,0.438,0.0,0.0,27.0,0.0,31.86,403.8,"",'132806235218689092203,2026-05-04,11096120138,2f764863-b2a4-4d40-9f29-359b7c9e5a2b,"",Forward,100041391179,1000011848231,11504,438.1,5.0,945.0,0.0,945.0,packet_delivered,0.0,0.0,0.0,0.0,0.0,0.0,0.0,0.0,NA,0,554.01
NFT-/XUTR/DEUTH026124A0H7YX,103.48,0.0,0.0,3399.0,2173.0,512.828,10.348,0.0,0.0,postpaid,2.07,0.0,0.0,61.0,0.0,71.98,1575.774,"",'132820366242291541401,2026-05-04,11098838395,e5700ca5-a477-4c44-a776-dfc83ea31a23,"",Forward,100044109430,100044109430,11504,2069.52,5.0,1020.0,0.0,1020.0,packet_delivered,0.0,0.0,0.0,0.0,0.0,0.0,0.0,0.0,NA,0,2379.0
NFT-/XUTR/DEUTH026124A0H7YX,33.1,0.0,0.0,3450.0,695.0,32.804,3.31,0.0,0.0,postpaid,0.662,0.0,0.0,27.0,0.0,31.86,626.364,"",'132839966994377125301,2026-05-04,11103153951,f6b77d31-066e-4c51-ba1b-07a3fc01360a,"",Forward,100048424960,100048424960,11504,661.9,5.0,2661.0,0.0,2661.0,packet_delivered,0.0,0.0,0.0,0.0,0.0,0.0,0.0,0.0,NA,0,789.0
NFT-/XUTR/DEUTH026124A0H7YX,115.19,0.0,0.0,2625.0,2419.0,570.884,11.519,0.0,0.0,postpaid,2.304,167.0,0.0,0.0,0.0,197.06,-2031.353,"",'132780426014012457401,2026-05-04,11090092204,c9e68240-a18a-439f-8214-8cb24590f7ea,11090092204,Reverse,100035363255,1000010360705,11504,2303.81,5.0,0.0,0.0,0.0,exchange,0.0,0.0,0.0,0.0,0.0,0.0,0.0,0.0,NA,0,2625.0
NFT-/XUTR/DEUTH026124A0H7YX,21.91,0.0,0.0,1499.0,452.0300000000001,21.336,2.153,0.0,0.0,postpaid,0.431,178.847,0.0,0.0,0.0,211.03946,-639.149,"",'132797805780241484801,2026-05-04,11094258226,69fcf537-f164-4938-ac51-beb167aa828e,100153460962,Reverse,100039529268,1000012164264,11504,438.1,5.0,945.0,0.0,945.0,return_refund,0.0,0.0,0.0,0.0,0.0,0.0,0.0,0.0,NA,0,554.01
NFT-/XUTR/DEUTH026124A0H7YX,63.24,0.0,0.0,2999.0,1328.0,329.078,6.324,0.0,0.0,postpaid,1.265,0.0,0.0,45.0,0.0,53.1,938.233,"",'132810328854380061003,2026-05-04,11096755229,09787e73-04ad-4f4f-871f-ae743edb0cd2,"",Forward,100042026270,100042026270,11504,1264.76,5.0,1500.0,0.0,1500.0,packet_delivered,0.0,0.0,0.0,0.0,0.0,0.0,0.0,0.0,NA,0,1499.0
NFT-/XUTR/DEUTH026124A0H7YX,90.14,0.0,0.0,2999.0,949.955,235.399,4.524,0.0,0.0,postpaid,0.905,91.332,0.0,0.0,0.0,107.77176,-816.899,"",'132815539633793921503,2026-05-04,11098158100,344d5d48-bd6d-4853-ac46-e9472f567085,100153919900,Reverse,100043429136,100043429136,11504,1802.86,5.0,900.0,0.0,900.0,return_refund,0.0,0.0,0.0,0.0,0.0,0.0,0.0,0.0,NA,0,2099.01
NFT-/XUTR/DEUTH026124A0H7YX,19.05,0.0,0.0,1499.0,400.0,18.88,1.905,0.0,0.0,postpaid,0.381,0.0,0.0,0.0,0.0,0.0,378.834,"",'132829532199685841601,2026-05-04,11100850042,7c931575-6872-40c8-a22c-e0e39f0a7a43,"",Forward,100046121075,1000013297540,11504,380.95,5.0,1005.0,0.0,1005.0,packet_delivered,0.0,0.0,0.0,0.0,0.0,0.0,0.0,0.0,NA,0,494.0
NFT-/XUTR/DEUTH026124A0H7YX,43.1,0.0,0.0,2499.0,905.0,234.938,4.31,0.0,0.0,postpaid,0.862,0.0,0.0,27.0,0.0,31.86,633.03,"",'132789866983819077903,2026-05-04,11092523638,c0adb533-df99-4623-b762-60a79955474f,"",Forward,100037794683,100037794683,11504,861.9,5.0,1500.0,0.0,1500.0,packet_delivered,0.0,0.0,0.0,0.0,0.0,0.0,0.0,0.0,NA,0,999.0
NFT-/XUTR/DEUTH026124A0H7YX,39.81,0.0,0.0,2799.0,836.0,217.026,3.981,0.0,0.0,postpaid,0.796,0.0,0.0,27.0,0.0,31.86,582.337,"",'132810656306170702201,2026-05-04,11096822896,a59b90e3-bb4f-43bc-aa4d-a746562b32e0,"",Forward,100042093937,100042093937,11504,796.19,5.0,1792.0,0.0,1792.0,packet_delivered,0.0,0.0,0.0,0.0,0.0,0.0,0.0,0.0,NA,0,1007.0
NFT-/XUTR/DEUTH026124A0H7YX,123.48,0.0,0.0,3999.0,2538.06,598.982,12.086,0.0,0.0,postpaid,2.417,0.0,0.0,59.708,0.0,70.45544,1854.12,"",'132799178161425720301,2026-05-04,11094618550,9a0007c1-dcec-46e5-b9b5-1adb54ea4dc4,"",Forward,100039889592,100039889592,11504,2469.52,5.0,1200.0,0.0,1200.0,packet_delivered,0.0,0.0,0.0,0.0,0.0,0.0,0.0,0.0,NA,0,2799.0
NFT-/XUTR/DEUTH026124A0H7YX,29.0,0.0,0.0,1850.0,609.0,158.096,2.9,0.0,0.0,postpaid,0.58,182.0,0.0,0.0,0.0,214.76,-662.184,"",'132803099173095906201,2026-05-04,11095192484,a57f63d9-bbf0-49fd-98ac-ea360882ea69,100153469491,Reverse,100040463526,100040463526,11504,580,5.0,1147.0,0.0,1147.0,return_refund,0.0,0.0,0.0,0.0,0.0,0.0,0.0,0.0,NA,0,703.0
NFT-/XUTR/DEUTH026124A0H7YX,18.48,0.0,0.0,1599.0,377.3,17.809000000000005,1.797,0.0,0.0,postpaid,0.359,123.498,0.0,0.0,0.0,145.72764,-503.063,"",'132815853445746654101,2026-05-04,11098249199,1098f191-e71b-421d-9ecd-17ff64ccce8e,100152842719,Reverse,100043520235,100043520235,11504,369.52,5.0,1152.0,0.0,1152.0,return_refund,0.0,0.0,0.0,0.0,0.0,0.0,0.0,0.0,NA,0,447.0
NFT-/XUTR/DEUTH026124A0H7YX,63.24,0.0,0.0,2999.0,1328.0,329.078,6.324,0.0,0.0,postpaid,1.265,0.0,0.0,45.0,0.0,53.1,938.233,"",'132803108212043849401,2026-05-04,11095195222,02b7902b-ce63-4264-ac8f-80aa74c201db,"",Forward,100040466264,100040466264,11504,1264.76,5.0,1500.0,0.0,1500.0,packet_delivered,0.0,0.0,0.0,0.0,0.0,0.0,0.0,0.0,NA,0,1499.0
NFT-/XUTR/DEUTH026124A0H7YX,38.33,0.0,0.0,1799.0,805.0,208.978,3.833,0.0,0.0,postpaid,0.767,0.0,0.0,27.0,0.0,31.86,559.562,"",'132805497899906454901,2026-05-04,11095876842,e62e864f-d77f-402a-8f7c-975f51e0345c,"",Forward,100041147883,100041147883,11504,766.67,5.0,900.0,0.0,900.0,packet_delivered,0.0,0.0,0.0,0.0,0.0,0.0,0.0,0.0,NA,0,899.0
NFT-/XUTR/DEUTH026124A0H7YX,63.24,0.0,0.0,2999.0,1328.0,329.078,6.324,0.0,0.0,postpaid,1.265,0.0,0.0,45.0,0.0,53.1,938.233,"",'132812425414643025801,2026-05-04,11097275994,7097a1e5-645c-4446-842e-770e30cc6537,"",Forward,100042547034,100042547034,11504,1264.76,5.0,1500.0,0.0,1500.0,packet_delivered,0.0,0.0,0.0,0.0,0.0,0.0,0.0,0.0,NA,0,1499.0
NFT-/XUTR/DEUTH026124A0H7YX,33.57,0.0,0.0,1599.0,705.0,183.018,3.357,0.0,0.0,postpaid,0.671,0.0,0.0,27.0,0.0,31.86,486.094,"",'132803622240544249303,2026-05-04,11095348689,f2014a33-6647-49c4-a803-9154d41d6f68,"",Forward,100040619731,100040619731,11504,671.43,5.0,800.0,0.0,800.0,packet_delivered,0.0,0.0,0.0,0.0,0.0,0.0,0.0,0.0,NA,0,799.0
NFT-/XUTR/DEUTH026124A0H7YX,41.19,0.0,0.0,2999.0,865.0,224.554,4.119,0.0,0.0,postpaid,0.824,0.0,0.0,27.0,0.0,31.86,603.643,"",'132797958345194463801,2026-05-04,11094312906,a9d04c92-eda0-41f9-9078-d359c9180848,"",Forward,100039583948,100039583948,11504,823.81,5.0,2040.0,0.0,2040.0,packet_delivered,0.0,0.0,0.0,0.0,0.0,0.0,0.0,0.0,NA,0,959.0
NFT-/XUTR/DEUTH026124A0H7YX,90.14,0.0,0.0,2999.0,1893.0,469.085,9.014,0.0,0.0,postpaid,1.803,0.0,0.0,45.0,0.0,53.1,1359.998,"",'132786324776340636103,2026-05-04,11091269058,7223c3df-cd56-407d-b536-f160dd71af44,"",Forward,100036540103,100036540103,11504,1802.86,5.0,900.0,0.0,900.0,packet_delivered,0.0,0.0,0.0,0.0,0.0,0.0,0.0,0.0,NA,0,2099.0
NFT-/XUTR/DEUTH026124A0H7YX,36.0,0.0,0.0,2299.0,742.67,35.054,3.537,0.0,0.0,postpaid,0.707,0.0,0.0,26.524,0.0,31.29832,672.074,"",'132805762622613375101,2026-05-04,11095962777,cd88c32e-4c2b-4eee-97ba-80ec0dfc39d0,"",Forward,100041233818,100041233818,11504,720,5.0,1449.0,0.0,1449.0,packet_delivered,0.0,0.0,0.0,0.0,0.0,0.0,0.0,0.0,NA,0,850.01
NFT-/XUTR/DEUTH026124A0H7YX,19.1,0.0,0.0,1650.0,401.0,18.927,1.91,0.0,0.0,postpaid,0.382,0.0,0.0,15.0,0.0,17.7,362.081,"",'132811323700962649303,2026-05-04,11096987718,00b143a6-1ce6-4658-954c-8e1ba5e44d53,"",Forward,100042258758,100042258758,11504,381.9,5.0,1155.0,0.0,1155.0,packet_delivered,0.0,0.0,0.0,0.0,0.0,0.0,0.0,0.0,NA,0,495.0
NFT-/XUTR/DEUTH026124A0H7YX,19.1,0.0,0.0,1599.0,363.731,17.168,1.732,0.0,0.0,postpaid,0.346,115.197,0.0,0.0,0.0,135.93246,-480.417,"",'132802750385861004801,2026-05-04,11095082014,8eae4f36-0b4e-4224-8b0c-f3da13abc4ae,11095082014,Reverse,100040353056,100040353056,11504,381.9,5.0,1104.0,0.0,1104.0,exchange,0.0,0.0,0.0,0.0,0.0,0.0,0.0,0.0,NA,0,494.99
NFT-/XUTR/DEUTH026124A0H7YX,60.86,0.0,0.0,2899.0,1278.0,316.688,6.086,0.0,0.0,postpaid,1.217,0.0,0.0,45.0,0.0,53.1,900.909,"",'132793827404668632703,2026-05-04,11093113043,d7c926fd-e1fa-4a57-a85d-687d84ceec91,"",Forward,100038384087,1000011567706,11504,1217.14,5.0,1450.0,0.0,1450.0,packet_delivered,0.0,0.0,0.0,0.0,0.0,0.0,0.0,0.0,NA,0,1449.0
NFT-/XUTR/DEUTH026124A0H7YX,42.62,0.0,0.0,2999.0,895.0,232.342,4.262,0.0,0.0,postpaid,0.852,0.0,0.0,27.0,0.0,31.86,625.684,"",'132825024125393294801,2026-05-04,11100171097,3aa654a3-9316-4bb1-a37f-5fca3dd7882b,"",Forward,100045442130,100045442130,11504,852.38,5.0,2010.0,0.0,2010.0,packet_delivered,0.0,0.0,0.0,0.0,0.0,0.0,0.0,0.0,NA,0,989.0
NFT-/XUTR/DEUTH026124A0H7YX,28.71,0.0,0.0,1650.0,603.0,42.692,2.871,0.0,0.0,postpaid,0.574,0.0,0.0,27.0,0.0,31.86,525.003,"",'132804762627579157003,2026-05-04,11095663744,398a99f2-16b8-4867-934c-c18e2b1e6a7a,"",Forward,100040934785,100040934785,11504,574.29,5.0,953.0,0.0,953.0,packet_delivered,0.0,0.0,0.0,0.0,0.0,0.0,0.0,0.0,NA,0,697.0
NFT-/XUTR/DEUTH026124A0H7YX,32.43,0.0,0.0,1650.0,681.0,176.788,3.243,0.0,0.0,postpaid,0.649,0.0,0.0,27.0,0.0,31.86,468.46,"",'132785356547656348803,2026-05-04,11090938613,549c2e26-69c0-4a20-8f85-0d7a30b1e082,"",Forward,100036209660,100036209660,11504,648.57,5.0,875.0,0.0,875.0,packet_delivered,0.0,0.0,0.0,0.0,0.0,0.0,0.0,0.0,NA,0,775.0
NFT-/XUTR/DEUTH026124A0H7YX,99.67,0.0,0.0,2299.0,2093.0,493.948,9.967,0.0,0.0,postpaid,1.993,0.0,0.0,61.0,0.0,71.98,1515.112,"",'132790703889777344503,2026-05-04,11092712481,67d15c50-3103-45e9-8395-dcc6e729f8a0,"",Forward,100037983526,100037983526,11504,1993.33,5.0,0.0,0.0,0.0,packet_delivered,0.0,0.0,0.0,0.0,0.0,0.0,0.0,0.0,NA,0,2299.0
NFT-/XUTR/DEUTH026124A0H7YX,38.81,0.0,0.0,2599.0,372.625,96.733,1.774,0.0,0.0,postpaid,0.355,0.0,0.0,12.345,0.0,14.5671,259.196,"",'132812183570459138801,2026-05-04,11097215139,8bd254dd-9670-4b47-9b66-ec977128d40c,"",Forward,100042486179,1000012667732,11504,776.19,5.0,1690.0,0.0,1690.0,packet_delivered,0.0,0.0,0.0,0.0,0.0,0.0,0.0,0.0,NA,0,909.01
NFT-/XUTR/DEUTH026124A0H7YX,34.67,0.0,0.0,1750.0,75.439,19.584,0.359,0.0,0.0,postpaid,0.072,0.0,0.0,2.798,0.0,3.30164,52.122,"",'132793740801612219903,2026-05-04,11093088996,f5351bd4-a746-4dc5-bfe3-1eae00077388,"",Forward,100038360040,100038360040,11504,693.33,5.0,928.0,0.0,928.0,packet_delivered,0.0,0.0,0.0,0.0,0.0,0.0,0.0,0.0,NA,0,821.99
NFT-/XUTR/DEUTH026124A0H7YX,19.1,0.0,0.0,1599.0,401.0,18.927,1.91,0.0,0.0,postpaid,0.382,0.0,0.0,15.0,0.0,17.7,362.081,"",'132788912191641096701,2026-05-04,11092121839,f0358d67-881a-4944-a3f2-88ed943909b0,"",Forward,100037392884,100037392884,11504,381.9,5.0,1104.0,0.0,1104.0,packet_delivered,0.0,0.0,0.0,0.0,0.0,0.0,0.0,0.0,NA,0,495.0
NFT-/XUTR/DEUTH026124A0H7YX,103.48,0.0,0.0,3399.0,2173.0,512.828,10.348,0.0,0.0,postpaid,2.07,0.0,0.0,61.0,0.0,71.98,1575.774,"",'132815669352465515403,2026-05-04,11098203646,2790060c-e306-48dc-9ebc-8ee50a55cfa8,"",Forward,100043474682,100043474682,11504,2069.52,5.0,1020.0,0.0,1020.0,packet_delivered,0.0,0.0,0.0,0.0,0.0,0.0,0.0,0.0,NA,0,2379.0
NFT-/XUTR/DEUTH026124A0H7YX,35.95,0.0,0.0,1699.0,755.0,195.998,3.595,0.0,0.0,postpaid,0.719,0.0,0.0,27.0,0.0,31.86,522.828,"",'132796634931743240303,2026-05-04,11093907119,5387f811-6b8a-4ec2-90ca-7bf58dd54095,"",Forward,100039178161,100039178161,11504,719.05,5.0,850.0,0.0,850.0,packet_delivered,0.0,0.0,0.0,0.0,0.0,0.0,0.0,0.0,NA,0,849.0
NFT-/XUTR/DEUTH026124A0H7YX,56.71,0.0,0.0,2899.0,1191.0,295.13,5.671,0.0,0.0,postpaid,1.134,0.0,0.0,45.0,0.0,53.1,835.965,"",'132804277273400097003,2026-05-04,11095531371,7e4b4daf-154c-412e-ad20-070c0368f377,"",Forward,100040802412,1000012144069,11504,1134.29,5.0,1537.0,0.0,1537.0,packet_delivered,0.0,0.0,0.0,0.0,0.0,0.0,0.0,0.0,NA,0,1362.0
NFT-/XUTR/DEUTH026124A0H7YX,70.38,0.0,0.0,3299.0,1478.0,366.248,7.038,0.0,0.0,postpaid,1.408,0.0,0.0,45.0,0.0,53.1,1050.206,"",'132828501346480641003,2026-05-04,11100565812,9bc2a213-61bb-43ed-9b58-71275a26a867,"",Forward,100045836845,1000013240924,11504,1407.62,5.0,1650.0,0.0,1650.0,packet_delivered,0.0,0.0,0.0,0.0,0.0,0.0,0.0,0.0,NA,0,1649.0
NFT-/XUTR/DEUTH026124A0H7YX,23.67,0.0,0.0,1599.0,497.0,23.458,2.367,0.0,0.0,postpaid,0.473,0.0,0.0,27.0,0.0,31.86,438.842,"",'132829532199685841601,2026-05-04,11100850046,7c931575-6872-40c8-a22c-e0e39f0a7a43,"",Forward,100046121079,1000013297540,11504,473.33,5.0,1008.0,0.0,1008.0,packet_delivered,0.0,0.0,0.0,0.0,0.0,0.0,0.0,0.0,NA,0,591.0
NFT-/XUTR/DEUTH026124A0H7YX,0.0,35.19,35.19,3299.0,1478.0,366.248,0.0,3.519,3.519,postpaid,1.408,106.0,0.0,0.0,0.0,125.08,-1228.386,"",'132817897339844101401,2026-05-04,11098385454,29ab3775-4095-4e09-8eb9-2f4e60c60d57,100154438154,Reverse,100043656490,100043656490,11504,1407.62,5.0,1650.0,0.0,1650.0,return_refund,0.0,0.0,0.0,0.0,0.0,0.0,0.0,0.0,NA,0,1649.0
NFT-/XUTR/DEUTH026124A0H7YX,39.81,0.0,0.0,2799.0,836.0,217.026,3.981,0.0,0.0,postpaid,0.796,182.0,0.0,0.0,0.0,214.76,-828.957,"",'132807613531435956501,2026-05-04,11096561979,b0fce802-ed1a-4db6-97b7-df6c391b40be,100153442604,Reverse,100041833020,1000012166046,11504,796.19,5.0,1792.0,0.0,1792.0,return_refund,0.0,0.0,0.0,0.0,0.0,0.0,0.0,0.0,NA,0,1007.0
NFT-/XUTR/DEUTH026124A0H7YX,42.62,0.0,0.0,2999.0,895.0,232.342,4.262,0.0,0.0,postpaid,0.852,0.0,0.0,27.0,0.0,31.86,625.684,"",'132772691558113589001,2026-05-04,11088427143,a366ee7e-77c3-4938-bb56-b17cf327d1c4,"",Forward,100033698196,100033698196,11504,852.38,5.0,2010.0,0.0,2010.0,packet_delivered,0.0,0.0,0.0,0.0,0.0,0.0,0.0,0.0,NA,0,989.0
NFT-/XUTR/DEUTH026124A0H7YX,81.19,0.0,0.0,1899.0,1677.16,197.905,7.986,0.0,0.0,postpaid,1.597,0.0,0.0,44.265,0.0,52.2327,1417.439,"",'132789793570458362603,2026-05-04,11092493148,cba15c70-3c9d-4862-9199-f8182619a92b,"",Forward,100037764193,100037764193,11504,1623.81,5.0,0.0,0.0,0.0,packet_delivered,0.0,0.0,0.0,0.0,0.0,0.0,0.0,0.0,NA,0,1899.01
NFT-/XUTR/DEUTH026124A0H7YX,44.67,0.0,0.0,2999.0,938.0,243.505,4.467,0.0,0.0,postpaid,0.893,0.0,0.0,27.0,0.0,31.86,657.275,"",'132769798069242304403,2026-05-04,11087570721,f126532e-140b-43df-a508-13d1c3d4561f,"",Forward,100032841774,100032841774,11504,893.33,5.0,1890.0,0.0,1890.0,packet_delivered,0.0,0.0,0.0,0.0,0.0,0.0,0.0,0.0,NA,0,1109.0
NFT-/XUTR/DEUTH026124A0H7YX,63.24,0.0,0.0,2999.0,1328.0,329.078,6.324,0.0,0.0,postpaid,1.265,0.0,0.0,45.0,0.0,53.1,938.233,"",'132793120151144741903,2026-05-04,11092921881,3b2e1366-70f5-4044-b1fa-a9700c7b24f3,"",Forward,100038192925,100038192925,11504,1264.76,5.0,1500.0,0.0,1500.0,packet_delivered,0.0,0.0,0.0,0.0,0.0,0.0,0.0,0.0,NA,0,1499.0
NFT-/XUTR/DEUTH026124A0H7YX,43.1,0.0,0.0,2499.0,905.0,234.938,4.31,0.0,0.0,postpaid,0.862,0.0,0.0,27.0,0.0,31.86,633.03,"",'132814368437007404701,2026-05-04,11097768660,4c25b555-783c-4e94-b83b-9c9794112036,"",Forward,100043039696,100043039696,11504,861.9,5.0,1500.0,0.0,1500.0,packet_delivered,0.0,0.0,0.0,0.0,0.0,0.0,0.0,0.0,NA,0,999.0
NFT-/XUTR/DEUTH026124A0H7YX,63.24,0.0,0.0,2999.0,1195.111,296.149,5.691,0.0,0.0,postpaid,1.138,0.0,0.0,40.497,0.0,47.78646,844.347,"",'132795617794114515001,2026-05-04,11093628936,70a804d1-74d9-44fe-bfc4-3cf46a241301,"",Forward,100038899980,100038899980,11504,1264.76,5.0,1500.0,0.0,1500.0,packet_delivered,0.0,0.0,0.0,0.0,0.0,0.0,0.0,0.0,NA,0,1498.99
NFT-/XUTR/DEUTH026124A0H7YX,99.67,0.0,0.0,2299.0,2093.0,469.251,9.967,0.0,0.0,postpaid,1.993,0.0,0.0,61.0,0.0,71.98,1539.809,"",'132807920924204568903,2026-05-04,11096587273,086fc372-a88a-47a1-a603-61f04ec104df,"",Forward,100041858314,100041858314,11504,1993.33,5.0,0.0,0.0,0.0,packet_delivered,0.0,0.0,0.0,0.0,0.0,0.0,0.0,0.0,NA,0,2299.0
NFT-/XUTR/DEUTH026124A0H7YX,55.48,0.0,0.0,3499.0,1165.0,288.687,5.548,0.0,0.0,postpaid,1.11,0.0,0.0,45.0,0.0,53.1,816.555,"",'132832900588665639001,2026-05-04,11101769584,78a303e4-8e9d-4893-becd-f2f88f568c64,"",Forward,100047040611,100047040611,11504,1109.52,5.0,2163.0,0.0,2163.0,packet_delivered,0.0,0.0,0.0,0.0,0.0,0.0,0.0,0.0,NA,0,1336.0
NFT-/XUTR/DEUTH026124A0H7YX,51.81,0.0,0.0,1799.0,930.079,219.499,4.429,0.0,0.0,postpaid,0.886,0.0,0.0,38.468,0.0,45.39224,659.873,"",'132794071768883797103,2026-05-04,11093182666,5bf36b04-5678-4c12-a12f-b38a2145a209,"",Forward,100038453710,100038453710,11504,1036.19,5.0,540.0,0.0,540.0,packet_delivered,0.0,0.0,0.0,0.0,0.0,0.0,0.0,0.0,NA,0,1259.01
NFT-/XUTR/DEUTH026124A0H7YX,25.43,0.0,0.0,1699.0,534.0,138.626,2.543,0.0,0.0,postpaid,0.509,0.0,0.0,27.0,0.0,31.86,360.462,"",'132806027633669147503,2026-05-04,11096049362,e2a04856-e2e8-40ae-92f8-8fcc5958bb8a,"",Forward,100041320403,1000012143516,11504,508.57,5.0,1071.0,0.0,1071.0,packet_delivered,0.0,0.0,0.0,0.0,0.0,0.0,0.0,0.0,NA,0,628.0
NFT-/XUTR/DEUTH026124A0H7YX,19.05,0.0,0.0,1499.0,400.0,18.88,1.905,0.0,0.0,postpaid,0.381,0.0,0.0,0.0,0.0,0.0,378.834,"",'132784238860185740403,2026-05-04,11090640957,d59bd6ba-27c3-47a4-bbf0-c9a4095f6a22,"",Forward,100035912008,1000010242858,11504,380.95,5.0,1005.0,0.0,1005.0,packet_delivered,0.0,0.0,0.0,0.0,0.0,0.0,0.0,0.0,NA,0,494.0
NFT-/XUTR/DEUTH026124A0H7YX,63.24,0.0,0.0,2999.0,1328.0,329.078,6.324,0.0,0.0,postpaid,1.265,0.0,0.0,45.0,0.0,53.1,938.233,"",'132803863795031397701,2026-05-04,11095416153,96fdc6ac-52dd-433b-a62d-62a6bac07204,"",Forward,100040687194,1000012168806,11504,1264.76,5.0,1500.0,0.0,1500.0,packet_delivered,0.0,0.0,0.0,0.0,0.0,0.0,0.0,0.0,NA,0,1499.0
NFT-/XUTR/DEUTH026124A0H7YX,42.57,0.0,0.0,2299.0,894.0,232.082,4.257,0.0,0.0,postpaid,0.851,0.0,0.0,27.0,0.0,31.86,624.95,"",'132814109249913386303,2026-05-04,11097702322,20e07142-8419-4cc2-a366-26df4932e8c4,"",Forward,100042973358,100042973358,11504,851.43,5.0,1311.0,0.0,1311.0,packet_delivered,0.0,0.0,0.0,0.0,0.0,0.0,0.0,0.0,NA,0,988.0
NFT-/XUTR/DEUTH026124A0H7YX,70.38,0.0,0.0,3299.0,1208.0200000000002,299.347,5.752,0.0,0.0,postpaid,1.15,103.801,0.0,0.0,0.0,122.48518,-1024.256,"",'132812986884252139701,2026-05-04,11097423999,c171cd25-e062-4849-b48d-611a5c4680a8,100154988911,Reverse,100042695039,100042695039,11504,1407.62,5.0,1650.0,0.0,1650.0,return_refund,0.0,0.0,0.0,0.0,0.0,0.0,0.0,0.0,NA,0,1649.0
NFT-/XUTR/DEUTH026124A0H7YX,448.93,0.0,0.0,4499.0,2943.0,694.548,12.47,0.0,0.0,postpaid,2.494,0.0,0.0,61.0,0.0,71.98,2161.508,"",'132789441691211242503,2026-05-04,11092341601,42edea2b-1016-4219-85b9-10a60e7d82fc,"",Forward,100037612646,100037612646,11504,2494.07,18.0,1350.0,0.0,1350.0,packet_delivered,0.0,0.0,0.0,0.0,0.0,0.0,0.0,0.0,NA,0,3149.0
NFT-/XUTR/DEUTH026124A0H7YX,87.05,0.0,0.0,3999.0,1828.0,474.549,8.705,0.0,0.0,postpaid,1.741,0.0,0.0,45.0,0.0,53.1,1289.905,"",'132792623690202929301,2026-05-04,11092825571,b6f91304-5e78-494f-851e-9f6e790bad5d,"",Forward,100038096616,100038096616,11504,1740.95,5.0,2000.0,0.0,2000.0,packet_delivered,0.0,0.0,0.0,0.0,0.0,0.0,0.0,0.0,NA,0,1999.0
NFT-/XUTR/DEUTH026124A0H7YX,38.0,0.0,0.0,1899.0,798.0,207.161,3.8,0.0,0.0,postpaid,0.76,0.0,0.0,27.0,0.0,31.86,554.419,"",'132768234922316784201,2026-05-04,11087131902,cf7f7d93-0488-45a8-a362-b51c508b5751,"",Forward,100032402955,100032402955,11504,760,5.0,1007.0,0.0,1007.0,packet_delivered,0.0,0.0,0.0,0.0,0.0,0.0,0.0,0.0,NA,0,892.0
NFT-/XUTR/DEUTH026124A0H7YX,113.95,0.0,0.0,2599.0,2393.0,564.748,11.395,0.0,0.0,postpaid,2.279,0.0,0.0,61.0,0.0,71.98,1742.598,"",'132803382518345490201,2026-05-04,11095279438,55263de1-5595-4e71-b90d-726700ec5c10,"",Forward,100040550480,100040550480,11504,2279.05,5.0,0.0,0.0,0.0,packet_delivered,0.0,0.0,0.0,0.0,0.0,0.0,0.0,0.0,NA,0,2599.0
NFT-/XUTR/DEUTH026124A0H7YX,42.62,0.0,0.0,3299.0,895.0,232.342,4.262,0.0,0.0,postpaid,0.852,0.0,0.0,27.0,0.0,31.86,625.684,"",'132766630959651752001,2026-05-04,11086740414,7092b8dd-43c9-4a9f-8deb-c8942db2a906,"",Forward,100032011468,100032011468,11504,852.38,5.0,2310.0,0.0,2310.0,packet_delivered,0.0,0.0,0.0,0.0,0.0,0.0,0.0,0.0,NA,0,989.0
NFT-/XUTR/DEUTH026124A0H7YX,24.57,0.0,0.0,1650.0,516.0,133.954,2.457,0.0,0.0,postpaid,0.491,0.0,0.0,27.0,0.0,31.86,347.238,"",'132787228337337257503,2026-05-04,11091564528,5f7e7ea0-a4af-48d2-b5b7-e5942575caaa,"",Forward,100036835573,100036835573,11504,491.43,5.0,1040.0,0.0,1040.0,packet_delivered,0.0,0.0,0.0,0.0,0.0,0.0,0.0,0.0,NA,0,610.0
NFT-/XUTR/DEUTH026124A0H7YX,56.1,0.0,0.0,2699.0,773.553,191.687,3.684,0.0,0.0,postpaid,0.737,69.607,0.0,0.0,0.0,82.13626,-659.581,"",'132797607739037290701,2026-05-04,11094189816,63e517a2-e4a0-43f0-b6d1-9bebd8e911e7,100152235796,Reverse,100039460858,1000011570295,11504,1121.9,5.0,1350.0,0.0,1350.0,return_refund,0.0,0.0,0.0,0.0,0.0,0.0,0.0,0.0,NA,0,1348.99
NFT-/XUTR/DEUTH026124A0H7YX,44.19,0.0,0.0,2199.0,928.0,240.909,4.419,0.0,0.0,postpaid,0.884,0.0,0.0,27.0,0.0,31.86,649.928,"",'132770161473361401303,2026-05-04,11087667349,2f227474-e96b-4b9c-bca3-83a31c25601c,"",Forward,100032938402,100032938402,11504,883.81,5.0,1100.0,0.0,1100.0,packet_delivered,0.0,0.0,0.0,0.0,0.0,0.0,0.0,0.0,NA,0,1099.0
NFT-/XUTR/DEUTH026124A0H7YX,103.48,0.0,0.0,3399.0,122.501,28.91,0.583,0.0,0.0,postpaid,0.117,7.159,0.0,0.0,0.0,8.44762,-101.339,"",'132818418287809214903,2026-05-04,11098425172,373ccca8-0918-4e38-a8cd-cf358d8c8dd0,100153672535,Reverse,100043696208,100043696208,11504,2069.52,5.0,1020.0,0.0,1020.0,return_refund,0.0,0.0,0.0,0.0,0.0,0.0,0.0,0.0,NA,0,2379.01
NFT-/XUTR/DEUTH026124A0H7YX,18.95,0.0,0.0,1699.0,398.0,18.786,1.895,0.0,0.0,postpaid,0.379,0.0,0.0,0.0,0.0,0.0,376.94,"",'132827549010485074801,2026-05-04,11100338523,a1d17c7f-3a79-453d-9bf5-e9debba66a06,"",Forward,100045609556,100045609556,11504,379.05,5.0,1207.0,0.0,1207.0,packet_delivered,0.0,0.0,0.0,0.0,0.0,0.0,0.0,0.0,NA,0,492.0
NFT-/XUTR/DEUTH026124A0H7YX,82.24,0.0,0.0,1899.0,959.1500000000001,226.359,4.567,0.0,0.0,postpaid,0.913,70.534,0.0,0.0,0.0,83.23012,-810.541,"",'132797988440028531701,2026-05-04,11094323915,d933fc7f-6acd-4f21-828c-d98cb6820a5c,100153332311,Reverse,100039594957,1000011296218,11504,1644.76,5.0,1.0,0.0,1.0,return_refund,0.0,0.0,0.0,0.0,0.0,0.0,0.0,0.0,NA,0,1898.0
NFT-/XUTR/DEUTH026124A0H7YX,42.62,0.0,0.0,2999.0,895.0,42.244,4.262,0.0,0.0,postpaid,0.852,182.0,0.0,0.0,0.0,214.76,-1062.402,"",'132796440922123051003,2026-05-04,11093856340,38268b40-c5f4-4291-809d-e7d0e436c935,100153289456,Reverse,100039127382,100039127382,11504,852.38,5.0,2010.0,0.0,2010.0,return_refund,0.0,0.0,0.0,0.0,0.0,0.0,0.0,0.0,NA,0,989.0
NFT-/XUTR/DEUTH026124A0H7YX,40.24,0.0,0.0,1999.0,845.0,219.362,4.024,0.0,0.0,postpaid,0.805,0.0,0.0,27.0,0.0,31.86,588.949,"",'132802655071857695501,2026-05-04,11095051972,4d3f1def-8052-445b-b213-024ee1c1291d,"",Forward,100040323014,100040323014,11504,804.76,5.0,1060.0,0.0,1060.0,packet_delivered,0.0,0.0,0.0,0.0,0.0,0.0,0.0,0.0,NA,0,939.0
NFT-/XUTR/DEUTH026124A0H7YX,19.1,0.0,0.0,1599.0,401.00000000000006,18.927,1.91,0.0,0.0,postpaid,0.382,106.0,0.0,0.0,0.0,125.08,-504.861,"",'132829532199685841601,2026-05-04,11100850043,7c931575-6872-40c8-a22c-e0e39f0a7a43,11100850043,Reverse,100046121076,1000013297540,11504,381.9,5.0,1104.0,0.0,1104.0,exchange,0.0,0.0,0.0,0.0,0.0,0.0,0.0,0.0,NA,0,495.0
NFT-/XUTR/DEUTH026124A0H7YX,51.71,0.0,0.0,3399.0,48.71,12.07,0.232,0.0,0.0,postpaid,0.046,0.0,0.0,2.018,0.0,2.38124,33.981,"",'132793156733546787403,2026-05-04,11092930905,bfb951f3-56f2-443c-a466-3d892028ede8,"",Forward,100038201949,100038201949,11504,1034.29,5.0,2142.0,0.0,2142.0,packet_delivered,0.0,0.0,0.0,0.0,0.0,0.0,0.0,0.0,NA,0,1257.0
NFT-/XUTR/DEUTH026124A0H7YX,0.0,35.19,35.19,3299.0,1478.0,366.248,0.0,3.519,3.519,postpaid,1.408,0.0,0.0,45.0,0.0,53.1,1050.206,"",'132817897339844101401,2026-05-04,11098385454,29ab3775-4095-4e09-8eb9-2f4e60c60d57,"",Forward,100043656490,100043656490,11504,1407.62,5.0,1650.0,0.0,1650.0,packet_delivered,0.0,0.0,0.0,0.0,0.0,0.0,0.0,0.0,NA,0,1649.0
NFT-/XUTR/DEUTH026124A0H7YX,104.43,0.0,0.0,2399.0,2155.42,483.245,10.264,0.0,0.0,postpaid,2.053,104.184,0.0,0.0,0.0,122.93712,-1782.795,"",'132832488617490799803,2026-05-04,11101634539,885c3520-5d48-46df-bc6e-1f8cf79b7d56,11101634539,Reverse,100046905566,100046905566,11504,2088.57,5.0,0.0,0.0,0.0,exchange,0.0,0.0,0.0,0.0,0.0,0.0,0.0,0.0,NA,0,2399.01
NFT-/XUTR/DEUTH026124A0H7YX,43.57,0.0,0.0,2999.0,915.0,64.782,4.357,0.0,0.0,postpaid,0.871,0.0,0.0,27.0,0.0,31.86,813.13,"",'132819530461451459603,2026-05-04,11098636391,94b6144f-5387-4881-ba03-6273a575d7d9,"",Forward,100043907426,100043907426,11504,871.43,5.0,1890.0,218.0,2108.0,packet_delivered,0.0,0.0,0.0,0.0,0.0,0.0,0.0,0.0,NA,0,1109.0
NFT-/XUTR/DEUTH026124A0H7YX,75.14,0.0,0.0,3499.0,1578.0,391.028,7.514,0.0,0.0,postpaid,1.503,0.0,0.0,45.0,0.0,53.1,1124.855,"",'132802023866029385001,2026-05-04,11094867539,95ba869f-1986-4130-97b4-9e384eddae84,"",Forward,100040138581,100040138581,11504,1502.86,5.0,1750.0,0.0,1750.0,packet_delivered,0.0,0.0,0.0,0.0,0.0,0.0,0.0,0.0,NA,0,1749.0
NFT-/XUTR/DEUTH026124A0H7YX,19.1,0.0,0.0,1650.0,401.0,18.927,1.91,0.0,0.0,postpaid,0.382,0.0,0.0,15.0,0.0,17.7,362.081,"",'132805525327786734201,2026-05-04,11095885784,5aa12218-e895-4879-a4be-8de4907a1bcf,"",Forward,100041156825,1000011787878,11504,381.9,5.0,1155.0,0.0,1155.0,packet_delivered,0.0,0.0,0.0,0.0,0.0,0.0,0.0,0.0,NA,0,495.0
NFT-/XUTR/DEUTH026124A0H7YX,103.48,0.0,0.0,3399.0,2173.0,512.828,10.348,0.0,0.0,postpaid,2.07,167.0,0.0,0.0,0.0,197.06,-1844.814,"",'132754228347862589201,2026-05-04,11084160676,067d41bf-3dc5-43f3-9a9e-9be310066b7c,100152116420,Reverse,100029431734,100029431734,11504,2069.52,5.0,1020.0,0.0,1020.0,return_refund,0.0,0.0,0.0,0.0,0.0,0.0,0.0,0.0,NA,0,2379.0
NFT-/XUTR/DEUTH026124A0H7YX,31.19,0.0,0.0,1499.0,430.12,111.659,2.048,0.0,0.0,postpaid,0.41,69.607,0.0,0.0,0.0,82.13626,-398.139,"",'132797607739037290701,2026-05-04,11094189817,63e517a2-e4a0-43f0-b6d1-9bebd8e911e7,11094189817,Reverse,100039460859,1000011570295,11504,623.81,5.0,750.0,0.0,750.0,exchange,0.0,0.0,0.0,0.0,0.0,0.0,0.0,0.0,NA,0,749.0
