NEFT_Ref,igst_amount,cgst_amount,sgst_amount,MRP,customer_paid_amt,Commission,IGST_TCS,CGST_TCS,SGST_TCS,Payment_Type,TDS,Shipping_Fee,pick_and_pack_fee,fixed_fee,Payment_Gateway_Fee,Logistics_Commission,Settled_Amount,NOD_Comment,Store_Order_id,Payment_Date,order_line_id,seller_order_id,return_id,Order_Type,order_release_id,Packet_Id,Seller_Id,taxable_amount,Tax_Rate,seller_discount,platform_discount,total_discount,comments,fwdAdditionalCharges,rvsAdditionalCharges,techEnablement,airLogistics,royaltyCharges,royaltyPercent,marketingCharges,marketingPercent,marketingContribution,commission_discount,sale_Total_Customer_Paid
NFT-/XUTR/DEUTH026159A1XG7X,34.52,0.0,0.0,2999.0,725.0,34.22,3.452,0.0,0.0,postpaid,0.69,0.0,0.0,27.0,3.045,35.4531,651.185,"",'133118204008250169901,2026-06-08,11158242339,e3da1a00-367e-4ee2-aa42-9a0001902932,"",Forward,100103513041,1000030855054,11504,690.48,5.0,2180.0,0.0,2180.0,packet_delivered,0.0,0.0,0.0,0.0,0.0,0.0,0.0,0.0,NA,0,819.0
NFT-/XUTR/DEUTH026159A1XG7X,46.1,0.0,0.0,2399.0,968.0,251.29300000000003,4.61,0.0,0.0,postpaid,0.922,0.0,0.0,27.0,0.0,31.86,679.315,"",'133080293904582967601,2026-06-08,11150110203,b30e28ad-11c0-4311-b7f2-9fd20cb3ad66,"",Forward,100095380921,100095380921,11504,921.9,5.0,1260.0,0.0,1260.0,packet_delivered,0.0,0.0,0.0,0.0,0.0,0.0,0.0,0.0,NA,0,1139.0
NFT-/XUTR/DEUTH026159A1XG7X,59.71,0.0,0.0,2999.0,1254.0,310.741,5.971,0.0,0.0,postpaid,1.194,0.0,0.0,45.0,0.0,53.1,882.994,"",'133096199208888850001,2026-06-08,11153656556,d3adfb1e-31ea-44aa-a86d-2f4e61ea8d74,"",Forward,100098927265,1000029324931,11504,1194.29,5.0,1574.0,0.0,1574.0,packet_delivered,0.0,0.0,0.0,0.0,0.0,0.0,0.0,0.0,NA,0,1425.0
NFT-/XUTR/DEUTH026159A1XG7X,50.43,0.0,0.0,1850.0,995.8299999999999,235.016,4.742,0.0,0.0,postpaid,0.948,171.144,0.0,0.0,0.0,201.94992,-957.074,"",'133109107128274468703,2026-06-08,11156202128,9358f8fa-0057-4a83-ad8f-da0013021a77,11156202128,Reverse,100101472833,100101472833,11504,1008.57,5.0,620.0,0.0,620.0,exchange,0.0,0.0,0.0,0.0,0.0,0.0,0.0,0.0,NA,0,1230.0
NFT-/XUTR/DEUTH026159A1XG7X,23.43,0.0,0.0,1799.0,492.0,23.222,2.343,0.0,0.0,postpaid,0.469,0.0,0.0,19.0,0.0,22.42,443.546,"",'133092277186325051401,2026-06-08,11153285961,f6a40459-90b9-4811-a9a3-d7135098459f,"",Forward,100098556670,100098556670,11504,468.57,5.0,1213.0,0.0,1213.0,packet_delivered,0.0,0.0,0.0,0.0,0.0,0.0,0.0,0.0,NA,0,586.0
NFT-/XUTR/DEUTH026159A1XG7X,94.62,0.0,0.0,3299.0,1987.0,492.379,9.462,0.0,0.0,postpaid,1.892,0.0,0.0,45.0,0.0,53.1,1430.167,"",'133109592795142776703,2026-06-08,11156337952,16a1ed71-e8f8-4d29-89c0-d54af04f1326,"",Forward,100101608657,100101608657,11504,1892.38,5.0,1106.0,0.0,1106.0,packet_delivered,0.0,0.0,0.0,0.0,0.0,0.0,0.0,0.0,NA,0,2193.0
NFT-/XUTR/DEUTH026159A1XG7X,33.67,0.0,0.0,2599.0,707.0,33.37,3.367,0.0,0.0,postpaid,0.673,182.0,0.0,0.0,0.0,214.76,-884.35,"",'133118204008250169901,2026-06-08,11158242338,e3da1a00-367e-4ee2-aa42-9a0001902932,100164475114,Reverse,100103513040,1000030855054,11504,673.33,5.0,1798.0,0.0,1798.0,return_refund,0.0,0.0,0.0,0.0,0.0,0.0,0.0,0.0,NA,0,801.0
NFT-/XUTR/DEUTH026159A1XG7X,31.29,0.0,0.0,2499.0,657.0,31.009999999999998,3.129,0.0,0.0,postpaid,0.626,0.0,0.0,27.0,0.0,31.86,590.375,"",'133118161878992002703,2026-06-08,11158232867,a860979c-322d-4f3f-88dd-6e09a8e7b212,"",Forward,100103503569,1000030852820,11504,625.71,5.0,1748.0,0.0,1748.0,packet_delivered,0.0,0.0,0.0,0.0,0.0,0.0,0.0,0.0,NA,0,751.0
NFT-/XUTR/DEUTH026159A1XG7X,41.38,0.0,0.0,1899.0,869.0,225.592,4.138,0.0,0.0,postpaid,0.828,0.0,0.0,27.0,0.0,31.86,606.582,"",'133099268933202262401,2026-06-08,11154316183,82f13506-74ba-4eac-9f93-3481e3e8b7d9,"",Forward,100099586891,100099586891,11504,827.62,5.0,936.0,0.0,936.0,packet_delivered,0.0,0.0,0.0,0.0,0.0,0.0,0.0,0.0,NA,0,963.0
NFT-/XUTR/DEUTH026159A1XG7X,51.81,0.0,0.0,2799.0,1088.0,269.606,5.181,0.0,0.0,postpaid,1.036,0.0,0.0,45.0,0.0,53.1,759.077,"",'133088509859067902501,2026-06-08,11151962163,52d8699a-4560-4bd8-a55c-db54bdcfc18c,"",Forward,100097232875,100097232875,11504,1036.19,5.0,1540.0,0.0,1540.0,packet_delivered,0.0,0.0,0.0,0.0,0.0,0.0,0.0,0.0,NA,0,1259.0
NFT-/XUTR/DEUTH026159A1XG7X,45.62,0.0,0.0,1699.0,958.0,248.697,4.562,0.0,0.0,postpaid,0.912,0.0,0.0,27.0,0.0,31.86,671.969,"",'133101397929873399403,2026-06-08,11154796665,24ac1824-c732-4158-a258-6dbea3cf87ad,"",Forward,100100067372,100100067372,11504,912.38,5.0,570.0,0.0,570.0,packet_delivered,0.0,0.0,0.0,0.0,0.0,0.0,0.0,0.0,NA,0,1129.0
NFT-/XUTR/DEUTH026159A1XG7X,20.29,0.0,0.0,1650.0,423.68000000000006,19.998,2.018,0.0,0.0,postpaid,0.404,105.423,0.0,0.0,0.0,124.39914,-525.659,"",'133140018763404678801,2026-06-08,11166170853,aa72274c-dc91-4619-a8c8-7fd65bb05472,100164590583,Reverse,100111441548,100111441548,11504,405.71,5.0,1130.0,0.0,1130.0,return_refund,0.0,0.0,0.0,0.0,0.0,0.0,0.0,0.0,NA,0,520.0
NFT-/XUTR/DEUTH026159A1XG7X,0.0,59.48,59.48,3999.0,2498.0,589.528,0.0,5.9475,5.9475,postpaid,2.379,0.0,0.0,61.0,0.0,71.98,1822.218,"",'133142060664628040401,2026-06-08,11166681555,49463886-dce7-4b64-863c-0381d8775a95,"",Forward,100111952250,100111952250,11504,2379.04,5.0,1295.0,0.0,1295.0,packet_delivered,0.0,0.0,0.0,0.0,0.0,0.0,0.0,0.0,NA,0,2704.0
NFT-/XUTR/DEUTH026159A1XG7X,49.29,0.0,0.0,3399.0,1035.0,256.473,4.929,0.0,0.0,postpaid,0.986,127.0,0.0,0.0,0.0,149.86,-922.472,"",'133106133097705242001,2026-06-08,11155471522,421cc56a-b974-42be-9059-56cca8e7d56b,100167844362,Reverse,100100742228,100100742228,11504,985.71,5.0,2193.0,0.0,2193.0,return_refund,0.0,0.0,0.0,0.0,0.0,0.0,0.0,0.0,NA,0,1206.0
NFT-/XUTR/DEUTH026159A1XG7X,37.14,0.0,0.0,1750.0,780.0,202.488,3.714,0.0,0.0,postpaid,0.743,0.0,0.0,27.0,0.0,31.86,541.195,"",'133109805401661808103,2026-06-08,11156377832,01b500f2-dab2-453d-8bcf-783346648caf,"",Forward,100101648537,100101648537,11504,742.86,5.0,876.0,0.0,876.0,packet_delivered,0.0,0.0,0.0,0.0,0.0,0.0,0.0,0.0,NA,0,874.0
NFT-/XUTR/DEUTH026159A1XG7X,38.1,0.0,0.0,2299.0,120.0,31.152,0.571,0.0,0.0,postpaid,0.114,0.0,0.0,4.05,0.0,4.779,83.384,"",'133121438737240534003,2026-06-08,11159716804,0ba621a9-7658-4c27-9f0b-ace5df52dc9f,"",Forward,100104987505,1000030856548,11504,761.9,5.0,1405.0,120.0,1525.0,packet_delivered,0.0,0.0,0.0,0.0,0.0,0.0,0.0,0.0,NA,0,894.0
NFT-/XUTR/DEUTH026159A1XG7X,62.1,0.0,0.0,2250.0,1304.0,307.744,6.21,0.0,0.0,postpaid,1.242,0.0,0.0,45.0,0.0,53.1,935.704,"",'133105826469378121603,2026-06-08,11155390071,2d087842-1b6b-489b-a044-1235c6dc479b,"",Forward,100100660777,1000029814889,11504,1241.9,5.0,775.0,0.0,775.0,packet_delivered,0.0,0.0,0.0,0.0,0.0,0.0,0.0,0.0,NA,0,1475.0
NFT-/XUTR/DEUTH026159A1XG7X,37.14,0.0,0.0,1750.0,780.0,202.488,3.714,0.0,0.0,postpaid,0.743,0.0,0.0,27.0,0.0,31.86,541.195,"",'133099293202481109501,2026-06-08,11154321491,b1650c65-0917-4f27-aeb7-678aa084dce9,"",Forward,100099592199,100099592199,11504,742.86,5.0,876.0,0.0,876.0,packet_delivered,0.0,0.0,0.0,0.0,0.0,0.0,0.0,0.0,NA,0,874.0
NFT-/XUTR/DEUTH026159A1XG7X,20.14,0.0,0.0,1799.0,312.073,14.73,1.486,0.0,0.0,postpaid,0.297,0.0,0.0,14.017,0.0,16.54006,279.02,"",'133123671061082836201,2026-06-08,11160419208,93b15ad4-5849-46de-ae23-cdeac61f3323,"",Forward,100105689909,100105689909,11504,402.86,5.0,1317.0,0.0,1317.0,packet_delivered,0.0,0.0,0.0,0.0,0.0,0.0,0.0,0.0,NA,0,482.0
NFT-/XUTR/DEUTH026159A1XG7X,38.38,0.0,0.0,1799.0,806.0,209.238,3.838,0.0,0.0,postpaid,0.768,0.0,0.0,27.0,0.0,31.86,560.296,"",'133110322105830876901,2026-06-08,11156429524,5db13798-6952-4092-8c7f-90db07da8699,"",Forward,100101700229,100101700229,11504,767.62,5.0,899.0,0.0,899.0,packet_delivered,0.0,0.0,0.0,0.0,0.0,0.0,0.0,0.0,NA,0,900.0
NFT-/XUTR/DEUTH026159A1XG7X,9.9,0.0,0.0,399.0,340.0,52.156,1.65,0.0,0.0,postpaid,0.33,0.0,0.0,27.0,0.0,31.86,254.004,"",'133117120202406778001,2026-06-08,11157933980,c49436e4-0b12-4b2a-8494-27c7efe8ff96,"",Forward,100103204682,100103204682,11504,330.1,3.0,0.0,0.0,0.0,packet_delivered,0.0,0.0,0.0,0.0,0.0,0.0,0.0,0.0,NA,0,399.0
NFT-/XUTR/DEUTH026159A1XG7X,56.14,0.0,0.0,2699.0,790.8,195.96,3.766,0.0,0.0,postpaid,0.753,0.0,0.0,30.183,0.0,35.61594,554.705,"",'133123008694817255303,2026-06-08,11160246595,f5b77abb-b6a0-41cb-8379-63e9ed9043b9,"",Forward,100105517296,100105517296,11504,1122.86,5.0,1349.0,0.0,1349.0,packet_delivered,0.0,0.0,0.0,0.0,0.0,0.0,0.0,0.0,NA,0,1350.0
NFT-/XUTR/DEUTH026159A1XG7X,20.43,0.0,0.0,1850.0,429.0,20.249,2.043,0.0,0.0,postpaid,0.409,0.0,0.0,15.0,0.0,17.7,388.599,"",'133105436031961090801,2026-06-08,11155289790,45014d05-5940-4929-a520-7bfe710f8744,"",Forward,100100560497,1000029787389,11504,408.57,5.0,1327.0,105.0,1432.0,packet_delivered,0.0,0.0,0.0,0.0,0.0,0.0,0.0,0.0,NA,0,523.0
NFT-/XUTR/DEUTH026159A1XG7X,19.05,0.0,0.0,1650.0,400.0,18.88,1.905,0.0,0.0,postpaid,0.381,0.0,0.0,0.0,0.0,0.0,378.834,"",'133108313452280638601,2026-06-08,11155978202,d38e45a4-4362-4b35-8745-a78d1f189eb6,"",Forward,100101248908,100101248908,11504,380.95,5.0,1156.0,0.0,1156.0,packet_delivered,0.0,0.0,0.0,0.0,0.0,0.0,0.0,0.0,NA,0,494.0
NFT-/XUTR/DEUTH026159A1XG7X,43.05,0.0,0.0,1999.0,904.0,234.678,4.305,0.0,0.0,postpaid,0.861,0.0,0.0,27.0,0.0,31.86,632.296,"",'133130158613778973201,2026-06-08,11162029902,fdef04ba-894f-45fd-bbf0-7187617c8853,"",Forward,100107300600,100107300600,11504,860.95,5.0,1001.0,0.0,1001.0,packet_delivered,0.0,0.0,0.0,0.0,0.0,0.0,0.0,0.0,NA,0,998.0
NFT-/XUTR/DEUTH026159A1XG7X,55.48,0.0,0.0,3499.0,913.958,226.479,4.352,0.0,0.0,postpaid,0.87,83.158,0.0,0.0,0.0,98.12644,-780.383,"",'133125952014304089403,2026-06-08,11160966756,f3170879-545e-4d56-bafb-d2f3e79516bb,100164092562,Reverse,100106237456,100106237456,11504,1109.52,5.0,2163.0,0.0,2163.0,return_refund,0.0,0.0,0.0,0.0,0.0,0.0,0.0,0.0,NA,0,1336.0
NFT-/XUTR/DEUTH026159A1XG7X,20.33,0.0,0.0,1799.0,427.0,20.154,2.033,0.0,0.0,postpaid,0.407,0.0,0.0,19.0,3.672,26.75296,377.653,"",'133148268434442843203,2026-06-08,11167667525,f9a182e2-0273-4bb3-8e36-0372cec47633,"",Forward,100112938219,100112938219,11504,406.67,5.0,1313.0,0.0,1313.0,packet_delivered,0.0,0.0,0.0,0.0,0.0,0.0,0.0,0.0,NA,0,486.0
NFT-/XUTR/DEUTH026159A1XG7X,34.19,0.0,0.0,2899.0,33.0,1.558,0.157,0.0,0.0,postpaid,0.031,8.365,0.0,0.0,0.0,9.8707,-41.125,"",'133105546870985136001,2026-06-08,11155318538,00d275c8-5418-4afc-a689-e994fef917bd,100165813836,Reverse,100100589245,1000030227890,11504,683.81,5.0,2087.0,33.0,2120.0,return_refund,0.0,0.0,0.0,0.0,0.0,0.0,0.0,0.0,NA,0,812.0
NFT-/XUTR/DEUTH026159A1XG7X,19.05,0.0,0.0,1699.0,400.0,18.88,1.905,0.0,0.0,postpaid,0.381,127.0,0.0,0.0,0.0,149.86,-528.694,"",'133122406207380826101,2026-06-08,11160093819,3ebaeffe-a1b8-49cf-92e3-def2880d933f,11160093819,Reverse,100105364520,100105364520,11504,380.95,5.0,1205.0,0.0,1205.0,exchange,0.0,0.0,0.0,0.0,0.0,0.0,0.0,0.0,NA,0,494.0
NFT-/XUTR/DEUTH026159A1XG7X,18.95,0.0,0.0,1699.0,398.0,18.786,1.895,0.0,0.0,postpaid,0.379,0.0,0.0,0.0,0.0,0.0,376.94,"",'133129893629448752301,2026-06-08,11161786375,dda731c2-2db9-4912-9d96-e6acdf0e07dd,"",Forward,100107057074,100107057074,11504,379.05,5.0,1207.0,0.0,1207.0,packet_delivered,0.0,0.0,0.0,0.0,0.0,0.0,0.0,0.0,NA,0,492.0
NFT-/XUTR/DEUTH026159A1XG7X,39.81,0.0,0.0,2799.0,836.0,217.026,3.981,0.0,0.0,postpaid,0.796,182.0,0.0,0.0,0.0,214.76,-828.957,"",'133086558251216027203,2026-06-08,11151394857,3a1cc6c5-f5e1-45ce-9984-a9bfe9d3778c,100167695437,Reverse,100096665572,100096665572,11504,796.19,5.0,1792.0,0.0,1792.0,return_refund,0.0,0.0,0.0,0.0,0.0,0.0,0.0,0.0,NA,0,1007.0
NFT-/XUTR/DEUTH026159A1XG7X,19.05,0.0,0.0,1699.0,400.0,18.88,1.905,0.0,0.0,postpaid,0.381,0.0,0.0,0.0,0.0,0.0,378.834,"",'133117167865371611303,2026-06-08,11157946887,a3e6c150-6eed-4086-bc31-80355f861239,"",Forward,100103217589,1000030450642,11504,380.95,5.0,1205.0,0.0,1205.0,packet_delivered,0.0,0.0,0.0,0.0,0.0,0.0,0.0,0.0,NA,0,494.0
NFT-/XUTR/DEUTH026159A1XG7X,0.0,27.38,27.38,2999.0,1150.0,284.97,0.0,2.738,2.738,postpaid,1.095,0.0,0.0,45.0,0.0,53.1,805.359,"",'133133256432637478701,2026-06-08,11163379352,0d13ea7c-ab9c-4bf4-901a-fabac22164b5,"",Forward,100108650048,1000032001268,11504,1095.24,5.0,1678.0,0.0,1678.0,packet_delivered,0.0,0.0,0.0,0.0,0.0,0.0,0.0,0.0,NA,0,1321.0000000000002
NFT-/XUTR/DEUTH026159A1XG7X,114.95,0.0,0.0,2620.0,2414.0,569.704,11.495,0.0,0.0,postpaid,2.299,0.0,0.0,61.0,0.0,71.98,1758.522,"",'133100259553898711903,2026-06-08,11154552762,2ad13832-381e-4729-9112-f145027f9376,"",Forward,100099823470,100099823470,11504,2299.05,5.0,0.0,0.0,0.0,packet_delivered,0.0,0.0,0.0,0.0,0.0,0.0,0.0,0.0,NA,0,2620.0
NFT-/XUTR/DEUTH026159A1XG7X,68.05,0.0,0.0,3199.0,1429.0,354.106,6.805,0.0,0.0,postpaid,1.361,0.0,0.0,45.0,0.0,53.1,1013.628,"",'133118485445736540103,2026-06-08,11158293353,d2822ecc-65cf-400f-afb6-7c094be0b350,"",Forward,100103564055,100103564055,11504,1360.95,5.0,1599.0,0.0,1599.0,packet_delivered,0.0,0.0,0.0,0.0,0.0,0.0,0.0,0.0,NA,0,1600.0
NFT-/XUTR/DEUTH026159A1XG7X,35.52,0.0,0.0,2799.0,746.0,35.211,3.552,0.0,0.0,postpaid,0.71,0.0,0.0,27.0,0.0,31.86,674.667,"",'133130112910379991801,2026-06-08,11162021769,e9810f37-8613-4d2a-829b-6ab7b1fa0e1c,"",Forward,100107292467,1000031413247,11504,710.48,5.0,1959.0,0.0,1959.0,packet_delivered,0.0,0.0,0.0,0.0,0.0,0.0,0.0,0.0,NA,0,840.0
NFT-/XUTR/DEUTH026159A1XG7X,22.81,0.0,0.0,1599.0,479.0,22.609,2.281,0.0,0.0,postpaid,0.456,0.0,0.0,27.0,0.0,31.86,421.794,"",'133133840644680725301,2026-06-08,11163505938,ed056592-c1b8-47bc-8d5d-7ae54eed137f,"",Forward,100108776633,100108776633,11504,456.19,5.0,1026.0,0.0,1026.0,packet_delivered,0.0,0.0,0.0,0.0,0.0,0.0,0.0,0.0,NA,0,573.0
NFT-/XUTR/DEUTH026159A1XG7X,49.29,0.0,0.0,3399.0,1035.0,256.473,4.929,0.0,0.0,postpaid,0.986,0.0,0.0,45.0,7.348,61.77064,710.841,"",'133106133097705242001,2026-06-08,11155471522,421cc56a-b974-42be-9059-56cca8e7d56b,"",Forward,100100742228,100100742228,11504,985.71,5.0,2193.0,0.0,2193.0,packet_delivered,0.0,0.0,0.0,0.0,0.0,0.0,0.0,0.0,NA,0,1206.0
NFT-/XUTR/DEUTH026159A1XG7X,49.81,0.0,0.0,2999.0,622.33,154.213,2.963,0.0,0.0,postpaid,0.593,0.0,0.0,26.773,0.0,31.59214,432.969,"",'133123304837920938301,2026-06-08,11160323667,c05a43b4-4716-4944-8195-8f3656927b6f,"",Forward,100105594368,100105594368,11504,996.19,5.0,1782.0,0.0,1782.0,packet_delivered,0.0,0.0,0.0,0.0,0.0,0.0,0.0,0.0,NA,0,1217.0
NFT-/XUTR/DEUTH026159A1XG7X,426.05,0.0,0.0,2999.0,2793.0,659.148,11.835,0.0,0.0,postpaid,2.367,0.0,0.0,61.0,0.0,71.98,2047.67,"",'133111749484413556601,2026-06-08,11156477354,67cac49d-cc3d-4e03-8d0b-5eecdebbf024,"",Forward,100101748059,100101748059,11504,2366.95,18.0,0.0,0.0,0.0,packet_delivered,0.0,0.0,0.0,0.0,0.0,0.0,0.0,0.0,NA,0,2999.0
NFT-/XUTR/DEUTH026159A1XG7X,0.0,39.38,39.38,1999.0,1654.0,390.344,0.0,3.938,3.938,postpaid,1.575,0.0,0.0,45.0,0.0,53.1,1201.105,"",'133147511686435746703,2026-06-08,11167486366,66439c91-2147-4c37-b022-c5fb07a6ba8d,"",Forward,100112757060,100112757060,11504,1575.24,5.0,174.0,0.0,174.0,packet_delivered,0.0,0.0,0.0,0.0,0.0,0.0,0.0,0.0,NA,0,1825.0000000000002
NFT-/XUTR/DEUTH026159A1XG7X,87.0,0.0,0.0,1999.0,1827.0,431.172,8.7,0.0,0.0,postpaid,1.74,0.0,0.0,45.0,0.0,53.1,1332.288,"",'133091218667454967501,2026-06-08,11152844092,3f02aa66-6886-41ca-9814-f979afe52a30,"",Forward,100098114802,100098114802,11504,1740,5.0,1.0,0.0,1.0,packet_delivered,0.0,0.0,0.0,0.0,0.0,0.0,0.0,0.0,NA,0,1998.0
NFT-/XUTR/DEUTH026159A1XG7X,35.24,0.0,0.0,2299.0,699.181,33.001,3.329,0.0,0.0,postpaid,0.666,0.0,0.0,25.511,0.0,30.10298,632.082,"",'133127230579973159201,2026-06-08,11161270852,d21364dc-3775-4d80-ad7b-2e5ee9d07ebd,"",Forward,100106541551,100106541551,11504,704.76,5.0,1465.0,0.0,1465.0,packet_delivered,0.0,0.0,0.0,0.0,0.0,0.0,0.0,0.0,NA,0,834.0
NFT-/XUTR/DEUTH026159A1XG7X,19.05,0.0,0.0,1599.0,400.0,18.88,1.905,0.0,0.0,postpaid,0.381,0.0,0.0,0.0,0.0,0.0,378.834,"",'133099282310868541403,2026-06-08,11154319069,413d0517-5344-4492-ba90-6764c09187ab,"",Forward,100099589777,100099589777,11504,380.95,5.0,1105.0,0.0,1105.0,packet_delivered,0.0,0.0,0.0,0.0,0.0,0.0,0.0,0.0,NA,0,494.0
NFT-/XUTR/DEUTH026159A1XG7X,32.95,0.0,0.0,3450.0,692.0,32.662,3.295,0.0,0.0,postpaid,0.659,0.0,0.0,27.0,0.0,31.86,623.524,"",'133139819135433120903,2026-06-08,11166115706,c651a88e-088f-4735-929e-8ba94e1fcbfc,"",Forward,100111386401,100111386401,11504,659.05,5.0,2664.0,0.0,2664.0,packet_delivered,0.0,0.0,0.0,0.0,0.0,0.0,0.0,0.0,NA,0,786.0
NFT-/XUTR/DEUTH026159A1XG7X,20.29,0.0,0.0,1750.0,426.0,20.107,2.029,0.0,0.0,postpaid,0.406,0.0,0.0,15.0,0.0,17.7,385.758,"",'133101420796792053701,2026-06-08,11154798580,8faca992-db23-481e-87f3-0fef392c31b5,"",Forward,100100069287,100100069287,11504,405.71,5.0,1230.0,0.0,1230.0,packet_delivered,0.0,0.0,0.0,0.0,0.0,0.0,0.0,0.0,NA,0,520.0
NFT-/XUTR/DEUTH026159A1XG7X,34.33,0.0,0.0,2999.0,177.7,8.387,0.846,0.0,0.0,postpaid,0.169,0.0,0.0,6.655,0.0,7.8529,160.445,"",'133133334279010154403,2026-06-08,11163396453,102e4b3d-bcc9-48c7-bf76-899b53da70da,"",Forward,100108667149,100108667149,11504,686.67,5.0,2184.0,0.0,2184.0,packet_delivered,0.0,0.0,0.0,0.0,0.0,0.0,0.0,0.0,NA,0,815.0
NFT-/XUTR/DEUTH026159A1XG7X,0.0,16.55,16.55,2999.0,695.0,32.804,0.0,1.655,1.655,postpaid,0.662,0.0,0.0,27.0,0.0,31.86,626.364,"",'133133256432637478701,2026-06-08,11163379353,0d13ea7c-ab9c-4bf4-901a-fabac22164b5,"",Forward,100108650049,1000032001268,11504,661.9,5.0,2210.0,0.0,2210.0,packet_delivered,0.0,0.0,0.0,0.0,0.0,0.0,0.0,0.0,NA,0,788.9999999999999
NFT-/XUTR/DEUTH026159A1XG7X,34.33,0.0,0.0,2999.0,721.0,34.031,3.433,0.0,0.0,postpaid,0.687,127.0,0.0,0.0,0.0,149.86,-832.709,"",'133118145235027417503,2026-06-08,11158228992,43f86205-e063-4dc6-b1ed-8488403e30ed,100164050171,Reverse,100103499694,1000030846130,11504,686.67,5.0,2184.0,0.0,2184.0,return_refund,0.0,0.0,0.0,0.0,0.0,0.0,0.0,0.0,NA,0,815.0
NFT-/XUTR/DEUTH026159A1XG7X,38.38,0.0,0.0,1799.0,200.0,51.92,0.952,0.0,0.0,postpaid,0.19,0.0,0.0,6.7,0.0,7.906,139.032,"",'133107827253778803103,2026-06-08,11155859272,c3aba93b-8484-4033-b265-068d1908a536,"",Forward,100101129978,100101129978,11504,767.62,5.0,899.0,200.0,1099.0,packet_delivered,0.0,0.0,0.0,0.0,0.0,0.0,0.0,0.0,NA,0,900.0
NFT-/XUTR/DEUTH026159A1XG7X,35.05,0.0,0.0,1750.0,43.0,11.163,0.205,0.0,0.0,postpaid,0.041,0.0,0.0,1.577,0.0,1.86086,29.73,"",'133108017007499252103,2026-06-08,11155904382,9f10216f-0e2a-49e9-85e9-e1bde9250569,"",Forward,100101175088,1000029943831,11504,700.95,5.0,920.0,43.0,963.0,packet_delivered,0.0,0.0,0.0,0.0,0.0,0.0,0.0,0.0,NA,0,830.0
NFT-/XUTR/DEUTH026159A1XG7X,403.17,0.0,0.0,2999.0,2643.0,623.748,11.199,0.0,0.0,postpaid,2.24,106.0,0.0,0.0,0.0,125.08,-2130.893,"",'133132102418089557201,2026-06-08,11163114114,4d29da38-ae01-4d1f-9733-c201bda5d56f,11163114114,Reverse,100108384810,100108384810,11504,2239.83,18.0,150.0,0.0,150.0,exchange,0.0,0.0,0.0,0.0,0.0,0.0,0.0,0.0,NA,0,2849.0
NFT-/XUTR/DEUTH026159A1XG7X,59.71,0.0,0.0,2999.0,872.427,216.187,4.154,0.0,0.0,postpaid,0.831,0.0,0.0,31.307,0.0,36.94226,614.313,"",'133097410076461798801,2026-06-08,11153926729,606f9082-ab5a-4adc-a20d-3f49b6e6aa8d,"",Forward,100099197438,100099197438,11504,1194.29,5.0,1574.0,0.0,1574.0,packet_delivered,0.0,0.0,0.0,0.0,0.0,0.0,0.0,0.0,NA,0,1425.0
NFT-/XUTR/DEUTH026159A1XG7X,48.1,0.0,0.0,1750.0,1010.0,238.36,4.81,0.0,0.0,postpaid,0.962,0.0,0.0,45.0,0.0,53.1,712.768,"",'133118073781085582001,2026-06-08,11158210869,e36d64bc-c479-426a-a693-67ee5a4d92da,"",Forward,100103481571,1000030504174,11504,961.9,5.0,569.0,0.0,569.0,packet_delivered,0.0,0.0,0.0,0.0,0.0,0.0,0.0,0.0,NA,0,1181.0
NFT-/XUTR/DEUTH026159A1XG7X,39.81,0.0,0.0,2799.0,836.0,217.026,3.981,0.0,0.0,postpaid,0.796,0.0,0.0,27.0,0.0,31.86,582.337,"",'133086558251216027203,2026-06-08,11151394857,3a1cc6c5-f5e1-45ce-9984-a9bfe9d3778c,"",Forward,100096665572,100096665572,11504,796.19,5.0,1792.0,0.0,1792.0,packet_delivered,0.0,0.0,0.0,0.0,0.0,0.0,0.0,0.0,NA,0,1007.0
NFT-/XUTR/DEUTH026159A1XG7X,34.67,0.0,0.0,1799.0,728.0,188.989,3.467,0.0,0.0,postpaid,0.693,182.0,0.0,0.0,0.0,214.76,-749.611,"",'133096105179754809003,2026-06-08,11153636214,1ea65718-27d9-4429-b122-c614ec04d22b,11153636214,Reverse,100098906923,100098906923,11504,693.33,5.0,977.0,0.0,977.0,exchange,0.0,0.0,0.0,0.0,0.0,0.0,0.0,0.0,NA,0,822.0
NFT-/XUTR/DEUTH026159A1XG7X,57.38,0.0,0.0,2899.0,1205.0,298.599,5.738,0.0,0.0,postpaid,1.148,127.0,0.0,0.0,0.0,149.86,-1049.375,"",'133124134950858087503,2026-06-08,11160532468,a666f786-0018-4525-8d7a-a0f8e34c0abf,100166011044,Reverse,100105803169,100105803169,11504,1147.62,5.0,1523.0,0.0,1523.0,return_refund,0.0,0.0,0.0,0.0,0.0,0.0,0.0,0.0,NA,0,1376.0
NFT-/XUTR/DEUTH026159A1XG7X,53.43,0.0,0.0,2899.0,1122.0,278.032,5.343,0.0,0.0,postpaid,1.069,182.0,0.0,0.0,0.0,214.76,-1052.316,"",'133091759059982839601,2026-06-08,11153074749,18e896e7-9ebc-457c-a115-6ec6c4c39745,100164151837,Reverse,100098345458,100098345458,11504,1068.57,5.0,1606.0,0.0,1606.0,return_refund,0.0,0.0,0.0,0.0,0.0,0.0,0.0,0.0,NA,0,1293.0
NFT-/XUTR/DEUTH026159A1XG7X,34.33,0.0,0.0,2999.0,177.7,8.387,0.846,0.0,0.0,postpaid,0.169,26.125,0.0,0.0,0.0,30.8275,-199.125,"",'133133334279010154403,2026-06-08,11163396453,102e4b3d-bcc9-48c7-bf76-899b53da70da,100164418438,Reverse,100108667149,100108667149,11504,686.67,5.0,2184.0,0.0,2184.0,return_refund,0.0,0.0,0.0,0.0,0.0,0.0,0.0,0.0,NA,0,815.0
NFT-/XUTR/DEUTH026159A1XG7X,38.81,0.0,0.0,2599.0,815.0,211.574,3.881,0.0,0.0,postpaid,0.776,0.0,0.0,27.0,0.0,31.86,566.909,"",'133085652994384547801,2026-06-08,11151308339,7afb3123-b25e-4269-a571-6d5a01714313,"",Forward,100096579054,100096579054,11504,776.19,5.0,1690.0,0.0,1690.0,packet_delivered,0.0,0.0,0.0,0.0,0.0,0.0,0.0,0.0,NA,0,909.0
NFT-/XUTR/DEUTH026159A1XG7X,41.38,0.0,0.0,1899.0,869.0,225.592,4.138,0.0,0.0,postpaid,0.828,0.0,0.0,27.0,0.0,31.86,606.582,"",'133117854571783663601,2026-06-08,11158149613,ad600b92-a114-420f-822d-6296a71f074f,"",Forward,100103420315,100103420315,11504,827.62,5.0,936.0,0.0,936.0,packet_delivered,0.0,0.0,0.0,0.0,0.0,0.0,0.0,0.0,NA,0,963.0
NFT-/XUTR/DEUTH026159A1XG7X,0.0,53.41,53.41,3499.0,2243.0,529.348,0.0,5.3405,5.3405,postpaid,2.136,0.0,0.0,61.0,0.0,71.98,1628.855,"",'133143750817897169401,2026-06-08,11167100186,49053075-d7bc-4e92-b7f3-8df416514062,"",Forward,100112370880,100112370880,11504,2136.2,5.0,1050.0,0.0,1050.0,packet_delivered,0.0,0.0,0.0,0.0,0.0,0.0,0.0,0.0,NA,0,2449.0199999999995
NFT-/XUTR/DEUTH026159A1XG7X,25.48,0.0,0.0,1699.0,535.0,37.878,2.548,0.0,0.0,postpaid,0.51,0.0,0.0,27.0,0.0,31.86,462.204,"",'133112267407432408903,2026-06-08,11156524893,2bc3b475-8086-42f6-9dfb-92a81d814572,"",Forward,100101795597,100101795597,11504,509.52,5.0,1070.0,0.0,1070.0,packet_delivered,0.0,0.0,0.0,0.0,0.0,0.0,0.0,0.0,NA,0,629.0
NFT-/XUTR/DEUTH026159A1XG7X,47.05,0.0,0.0,2499.0,988.0,256.485,4.705,0.0,0.0,postpaid,0.941,0.0,0.0,27.0,0.0,31.86,694.009,"",'133117441214528085901,2026-06-08,11158024318,92584d77-c77c-4d07-9f97-576ea961a5ac,"",Forward,100103295020,100103295020,11504,940.95,5.0,1340.0,0.0,1340.0,packet_delivered,0.0,0.0,0.0,0.0,0.0,0.0,0.0,0.0,NA,0,1159.0
NFT-/XUTR/DEUTH026159A1XG7X,83.76,0.0,0.0,3999.0,1759.0,435.88,8.376,0.0,0.0,postpaid,1.675,0.0,0.0,45.0,0.0,53.1,1259.969,"",'133135354080368614201,2026-06-08,11163866640,54bcd20e-e92e-4d12-9828-de1406e24ccd,"",Forward,100109137335,1000032019546,11504,1675.24,5.0,2034.0,0.0,2034.0,packet_delivered,0.0,0.0,0.0,0.0,0.0,0.0,0.0,0.0,NA,0,1965.0
NFT-/XUTR/DEUTH026159A1XG7X,19.05,0.0,0.0,1499.0,400.0,18.88,1.905,0.0,0.0,postpaid,0.381,182.0,0.0,0.0,0.0,214.76,-593.594,"",'133130067171953588003,2026-06-08,11162013720,365e4b89-2a86-4aaa-82a7-0bd577e5c988,100165036331,Reverse,100107284418,100107284418,11504,380.95,5.0,1005.0,0.0,1005.0,return_refund,0.0,0.0,0.0,0.0,0.0,0.0,0.0,0.0,NA,0,494.0
NFT-/XUTR/DEUTH026159A1XG7X,29.33,0.0,0.0,1499.0,616.0,159.914,2.933,0.0,0.0,postpaid,0.587,0.0,0.0,27.0,0.0,31.86,420.706,"",'133118073781085582001,2026-06-08,11158210871,e36d64bc-c479-426a-a693-67ee5a4d92da,"",Forward,100103481573,1000030504174,11504,586.67,5.0,789.0,0.0,789.0,packet_delivered,0.0,0.0,0.0,0.0,0.0,0.0,0.0,0.0,NA,0,710.0
NFT-/XUTR/DEUTH026159A1XG7X,53.67,0.0,0.0,3399.0,1127.0,279.271,5.367,0.0,0.0,postpaid,1.073,0.0,0.0,45.0,0.0,53.1,788.189,"",'133100790590693808901,2026-06-08,11154691044,b0bc871d-c0af-4446-8477-6e500cc4693f,"",Forward,100099961751,100099961751,11504,1073.33,5.0,2101.0,0.0,2101.0,packet_delivered,0.0,0.0,0.0,0.0,0.0,0.0,0.0,0.0,NA,0,1298.0
NFT-/XUTR/DEUTH026159A1XG7X,20.29,0.0,0.0,1699.0,426.0,20.107,2.029,0.0,0.0,postpaid,0.406,0.0,0.0,15.0,0.0,17.7,385.758,"",'133117167865371611303,2026-06-08,11157946883,a3e6c150-6eed-4086-bc31-80355f861239,"",Forward,100103217585,1000030450642,11504,405.71,5.0,1179.0,0.0,1179.0,packet_delivered,0.0,0.0,0.0,0.0,0.0,0.0,0.0,0.0,NA,0,520.0
NFT-/XUTR/DEUTH026159A1XG7X,39.86,0.0,0.0,3450.0,837.0,217.285,3.986,0.0,0.0,postpaid,0.797,0.0,0.0,27.0,0.0,31.86,583.072,"",'133105467665650549801,2026-06-08,11155297592,2d3bf8cb-6421-4794-b3d7-82710b499269,"",Forward,100100568299,100100568299,11504,797.14,5.0,2519.0,0.0,2519.0,packet_delivered,0.0,0.0,0.0,0.0,0.0,0.0,0.0,0.0,NA,0,931.0
NFT-/XUTR/DEUTH026159A1XG7X,52.57,0.0,0.0,2899.0,36.0,8.921,0.171,0.0,0.0,postpaid,0.034,0.0,0.0,1.467,0.0,1.73106,25.143,"",'133096970619956532901,2026-06-08,11153832055,2816790b-6d6b-473b-a7d9-95246d807026,"",Forward,100099102765,1000029793129,11504,1051.43,5.0,1624.0,36.0,1660.0,packet_delivered,0.0,0.0,0.0,0.0,0.0,0.0,0.0,0.0,NA,0,1275.0
NFT-/XUTR/DEUTH026159A1XG7X,43.1,0.0,0.0,1999.0,905.0,234.938,4.31,0.0,0.0,postpaid,0.862,182.0,0.0,0.0,0.0,214.76,-879.65,"",'133091709759903515503,2026-06-08,11153051196,c4e86e77-290c-47f3-9bc6-301f5d5adf49,100164124378,Reverse,100098321905,100098321905,11504,861.9,5.0,1000.0,0.0,1000.0,return_refund,0.0,0.0,0.0,0.0,0.0,0.0,0.0,0.0,NA,0,999.0
NFT-/XUTR/DEUTH026159A1XG7X,0.0,25.19,25.19,3499.0,1058.0,262.172,0.0,2.519,2.519,postpaid,1.008,0.0,0.0,45.0,0.0,53.1,736.682,"",'133115140870323490503,2026-06-08,11157455502,4a2750af-717e-4490-9958-67f9df5cab64,"",Forward,100102726205,100102726205,11504,1007.62,5.0,2270.0,0.0,2270.0,packet_delivered,0.0,0.0,0.0,0.0,0.0,0.0,0.0,0.0,NA,0,1229.0
NFT-/XUTR/DEUTH026159A1XG7X,83.76,0.0,0.0,3999.0,1759.0,435.88,8.376,0.0,0.0,postpaid,1.675,0.0,0.0,45.0,0.0,53.1,1259.969,"",'133127052310470068801,2026-06-08,11161248173,4e4c8a9a-a88c-446a-99a3-f402b250c7c1,"",Forward,100106518872,100106518872,11504,1675.24,5.0,2034.0,179.0,2213.0,packet_delivered,0.0,0.0,0.0,0.0,0.0,0.0,0.0,0.0,NA,0,1965.0
NFT-/XUTR/DEUTH026159A1XG7X,35.29,0.0,0.0,2599.0,741.0,34.97500000000001,3.529,0.0,0.0,postpaid,0.706,106.0,0.0,0.0,0.0,125.08,-826.87,"",'133126490238865542503,2026-06-08,11161118824,152233b2-ecd6-4297-aa5d-9b353b5fb2e3,100164414165,Reverse,100106389523,100106389523,11504,705.71,5.0,1764.0,0.0,1764.0,return_refund,0.0,0.0,0.0,0.0,0.0,0.0,0.0,0.0,NA,0,835.0
NFT-/XUTR/DEUTH026159A1XG7X,31.71,0.0,0.0,1499.0,514.908,133.67,2.452,0.0,0.0,postpaid,0.49,0.0,0.0,20.875,0.0,24.6325,353.664,"",'133121580742314771303,2026-06-08,11159744255,47680ab3-9202-4def-ad94-a2f7e2c28d2e,"",Forward,100105014956,100105014956,11504,634.29,5.0,739.0,0.0,739.0,packet_delivered,0.0,0.0,0.0,0.0,0.0,0.0,0.0,0.0,NA,0,760.0
NFT-/XUTR/DEUTH026159A1XG7X,33.57,0.0,0.0,1899.0,476.48,22.490000000000002,2.269,0.0,0.0,postpaid,0.454,0.0,0.0,18.248,3.669,25.86206,425.405,"",'133107365761864393401,2026-06-08,11155753938,1263d742-2a32-4d80-8ee8-04e3024f389b,"",Forward,100101024644,100101024644,11504,671.43,5.0,1100.0,0.0,1100.0,packet_delivered,0.0,0.0,0.0,0.0,0.0,0.0,0.0,0.0,NA,0,799.0
NFT-/XUTR/DEUTH026159A1XG7X,34.67,0.0,0.0,1799.0,728.0,188.989,3.467,0.0,0.0,postpaid,0.693,0.0,0.0,27.0,0.0,31.86,502.991,"",'133098890363404747201,2026-06-08,11154238619,556ff147-5dc5-4426-bc1d-59105103cfb2,"",Forward,100099509327,100099509327,11504,693.33,5.0,977.0,0.0,977.0,packet_delivered,0.0,0.0,0.0,0.0,0.0,0.0,0.0,0.0,NA,0,822.0
NFT-/XUTR/DEUTH026159A1XG7X,34.33,0.0,0.0,2999.0,708.61,33.446,3.374,0.0,0.0,postpaid,0.675,178.873,0.0,0.0,0.0,211.07014,-882.185,"",'133113883948279286303,2026-06-08,11156907070,6be6bcb0-2eb8-4aff-925e-5b816a30d825,100164790410,Reverse,100102177773,100102177773,11504,686.67,5.0,2184.0,0.0,2184.0,return_refund,0.0,0.0,0.0,0.0,0.0,0.0,0.0,0.0,NA,0,815.0
NFT-/XUTR/DEUTH026159A1XG7X,59.71,0.0,0.0,2999.0,167.57,41.524,0.798,0.0,0.0,postpaid,0.16,0.0,0.0,6.013,0.0,7.09534,117.993,"",'133133220343861451103,2026-06-08,11163371767,8d132a75-c21f-42a2-b694-49b421ec1291,"",Forward,100108642463,100108642463,11504,1194.29,5.0,1574.0,0.0,1574.0,packet_delivered,0.0,0.0,0.0,0.0,0.0,0.0,0.0,0.0,NA,0,1425.0
NFT-/XUTR/DEUTH026159A1XG7X,32.91,0.0,0.0,1699.0,691.0,179.384,3.29,0.0,0.0,postpaid,0.658,0.0,0.0,27.0,0.0,31.86,475.808,"",'133105436031961090801,2026-06-08,11155289791,45014d05-5940-4929-a520-7bfe710f8744,"",Forward,100100560498,1000029787389,11504,658.1,5.0,914.0,157.0,1071.0,packet_delivered,0.0,0.0,0.0,0.0,0.0,0.0,0.0,0.0,NA,0,785.01
NFT-/XUTR/DEUTH026159A1XG7X,77.52,0.0,0.0,1799.0,1628.0,384.208,7.752,0.0,0.0,postpaid,1.55,127.0,0.0,0.0,0.0,149.86,-1384.35,"",'133123505308904451603,2026-06-08,11160375506,35c8b278-d0b4-4300-a7fb-29cce023c533,100168337262,Reverse,100105646207,100105646207,11504,1550.48,5.0,0.0,0.0,0.0,return_refund,0.0,0.0,0.0,0.0,0.0,0.0,0.0,0.0,NA,0,1799.0
NFT-/XUTR/DEUTH026159A1XG7X,24.57,0.0,0.0,1650.0,516.0,133.954,2.457,0.0,0.0,postpaid,0.491,182.0,0.0,0.0,0.0,214.76,-593.858,"",'132919195877067475403,2026-06-08,11118047770,c055c17d-44cf-45ff-bd14-71a9a98a9150,11118047770,Reverse,100063318633,100063318633,11504,491.43,5.0,1040.0,0.0,1040.0,exchange,0.0,0.0,0.0,0.0,0.0,0.0,0.0,0.0,NA,0,610.0
NFT-/XUTR/DEUTH026159A1XG7X,100.95,0.0,0.0,3499.0,2120.0,500.31999999999994,10.095,0.0,0.0,postpaid,2.019,0.0,0.0,61.0,0.0,71.98,1535.586,"",'133092618213298867803,2026-06-08,11153340808,343ca31d-f9d0-490e-ad09-73eabc3c018e,"",Forward,100098611517,100098611517,11504,2019.05,5.0,1173.0,0.0,1173.0,packet_delivered,0.0,0.0,0.0,0.0,0.0,0.0,0.0,0.0,NA,0,2326.0
NFT-/XUTR/DEUTH026159A1XG7X,85.14,0.0,0.0,2999.0,1746.76,432.847,8.318,0.0,0.0,postpaid,1.664,0.0,0.0,43.962,0.0,51.87516,1252.056,"",'133104236607240762703,2026-06-08,11155004162,c19ffd73-ffe3-4b92-96ca-7e12da7c8fe4,"",Forward,100100274869,1000029795702,11504,1702.86,5.0,1005.0,0.0,1005.0,packet_delivered,0.0,0.0,0.0,0.0,0.0,0.0,0.0,0.0,NA,0,1994.0
NFT-/XUTR/DEUTH026159A1XG7X,49.86,0.0,0.0,2999.0,1047.0,259.447,4.986,0.0,0.0,postpaid,0.997,0.0,0.0,45.0,0.0,53.1,728.47,"",'133140793428835651601,2026-06-08,11166371433,54084246-075a-4a2c-bf0d-22a3616dc397,"",Forward,100111642128,100111642128,11504,997.14,5.0,1781.0,200.0,1981.0,packet_delivered,0.0,0.0,0.0,0.0,0.0,0.0,0.0,0.0,NA,0,1218.0
NFT-/XUTR/DEUTH026159A1XG7X,90.14,0.0,0.0,2999.0,1893.0,469.085,9.014,0.0,0.0,postpaid,1.803,106.0,0.0,0.0,0.0,125.08,-1538.178,"",'133125271066167176503,2026-06-08,11160793704,a9bdf931-a7a7-4881-906a-13b46482ca79,100164068337,Reverse,100106064405,100106064405,11504,1802.86,5.0,900.0,200.0,1100.0,return_refund,0.0,0.0,0.0,0.0,0.0,0.0,0.0,0.0,NA,0,2099.0
NFT-/XUTR/DEUTH026159A1XG7X,66.43,0.0,0.0,3299.0,1395.0,345.681,6.643,0.0,0.0,postpaid,1.329,0.0,0.0,45.0,0.0,53.1,988.247,"",'133109037311541160703,2026-06-08,11156180594,afc86464-615c-4bc3-9e25-263815fc10f3,"",Forward,100101451299,100101451299,11504,1328.57,5.0,1733.0,0.0,1733.0,packet_delivered,0.0,0.0,0.0,0.0,0.0,0.0,0.0,0.0,NA,0,1566.0
NFT-/XUTR/DEUTH026159A1XG7X,79.1,0.0,0.0,1999.0,200.0,47.2,0.952,0.0,0.0,postpaid,0.19,0.0,0.0,5.418,0.0,6.39324,145.265,"",'133122986374415800601,2026-06-08,11160240660,337165cd-930d-416a-b07b-d47040375515,"",Forward,100105511361,100105511361,11504,1581.9,5.0,167.0,200.0,367.0,packet_delivered,0.0,0.0,0.0,0.0,0.0,0.0,0.0,0.0,NA,0,1832.0
NFT-/XUTR/DEUTH026159A1XG7X,32.57,0.0,0.0,2499.0,31.0,1.463,0.148,0.0,0.0,postpaid,0.03,0.0,0.0,1.224,0.0,1.44432,27.915,"",'133105546870985136001,2026-06-08,11155318534,00d275c8-5418-4afc-a689-e994fef917bd,"",Forward,100100589241,1000030227890,11504,651.43,5.0,1721.0,31.0,1752.0,packet_delivered,0.0,0.0,0.0,0.0,0.0,0.0,0.0,0.0,NA,0,778.0
NFT-/XUTR/DEUTH026159A1XG7X,63.29,0.0,0.0,2999.0,1024.41,253.849,4.878,0.0,0.0,postpaid,0.976,0.0,0.0,34.687,0.0,40.93066,723.776,"",'133133958082764711803,2026-06-08,11163531994,241d9fee-68ed-4317-9857-28e5d3ac3bc9,"",Forward,100108802689,100108802689,11504,1265.71,5.0,1499.0,0.0,1499.0,packet_delivered,0.0,0.0,0.0,0.0,0.0,0.0,0.0,0.0,NA,0,1500.0
NFT-/XUTR/DEUTH026159A1XG7X,53.52,0.0,0.0,1850.0,1078.59,254.547,5.136,0.0,0.0,postpaid,1.027,0.0,0.0,43.182,0.0,50.95476,766.925,"",'133112339141827792701,2026-06-08,11156534274,c0820c17-24d1-4d37-8068-f0baf45a606f,"",Forward,100101804978,100101804978,11504,1070.48,5.0,555.0,0.0,555.0,packet_delivered,0.0,0.0,0.0,0.0,0.0,0.0,0.0,0.0,NA,0,1295.0
NFT-/XUTR/DEUTH026159A1XG7X,77.52,0.0,0.0,1799.0,1628.0,384.208,7.752,0.0,0.0,postpaid,1.55,0.0,0.0,45.0,0.0,53.1,1181.39,"",'133123505308904451603,2026-06-08,11160375506,35c8b278-d0b4-4300-a7fb-29cce023c533,"",Forward,100105646207,100105646207,11504,1550.48,5.0,0.0,0.0,0.0,packet_delivered,0.0,0.0,0.0,0.0,0.0,0.0,0.0,0.0,NA,0,1799.0
NFT-/XUTR/DEUTH026159A1XG7X,103.48,0.0,0.0,3399.0,1571.187,370.8,7.482,0.0,0.0,postpaid,1.496,91.827,0.0,0.0,0.0,108.35586,-1299.765,"",'133123753514114174501,2026-06-08,11160440222,9f20f3fb-bbc5-4890-beba-8eadecde2ae6,100165281224,Reverse,100105710923,100105710923,11504,2069.52,5.0,1020.0,0.0,1020.0,return_refund,0.0,0.0,0.0,0.0,0.0,0.0,0.0,0.0,NA,0,2379.0
NFT-/XUTR/DEUTH026159A1XG7X,58.95,0.0,0.0,2999.0,137.0,33.948,0.652,0.0,0.0,postpaid,0.13,0.0,0.0,4.98,0.0,5.8764,96.394,"",'133098394120912451601,2026-06-08,11154135724,b2920ba7-5b54-4b53-a86e-648af31468eb,"",Forward,100099406433,100099406433,11504,1179.05,5.0,1590.0,137.0,1727.0,packet_delivered,0.0,0.0,0.0,0.0,0.0,0.0,0.0,0.0,NA,0,1409.0
NFT-/XUTR/DEUTH026159A1XG7X,34.52,0.0,0.0,2899.0,725.0,34.22,3.452,0.0,0.0,postpaid,0.69,106.0,0.0,0.0,0.0,125.08,-811.718,"",'133141515631893593301,2026-06-08,11166549546,1c445dde-4583-4765-b190-9f5cec12bc1e,100168201110,Reverse,100111820241,100111820241,11504,690.48,5.0,2080.0,0.0,2080.0,return_refund,0.0,0.0,0.0,0.0,0.0,0.0,0.0,0.0,NA,0,819.0
NFT-/XUTR/DEUTH026159A1XG7X,78.76,0.0,0.0,1999.0,1654.0,390.344,7.876,0.0,0.0,postpaid,1.575,182.0,0.0,0.0,0.0,214.76,-1468.965,"",'133122188763258148001,2026-06-08,11160023056,cf7015b9-8dad-40b8-9c21-b4736775e8b8,100164577606,Reverse,100105293757,100105293757,11504,1575.24,5.0,174.0,0.0,174.0,return_refund,0.0,0.0,0.0,0.0,0.0,0.0,0.0,0.0,NA,0,1825.0
NFT-/XUTR/DEUTH026159A1XG7X,0.0,27.38,27.38,2999.0,1150.0,284.97,0.0,2.738,2.738,postpaid,1.095,106.0,0.0,0.0,0.0,125.08,-983.539,"",'133133256432637478701,2026-06-08,11163379352,0d13ea7c-ab9c-4bf4-901a-fabac22164b5,100167354965,Reverse,100108650048,1000032001268,11504,1095.24,5.0,1678.0,0.0,1678.0,return_refund,0.0,0.0,0.0,0.0,0.0,0.0,0.0,0.0,NA,0,1321.0000000000002
NFT-/XUTR/DEUTH026159A1XG7X,49.81,0.0,0.0,2999.0,1046.0,259.199,4.981,0.0,0.0,postpaid,0.996,0.0,0.0,45.0,0.0,53.1,727.724,"",'133107438817406889901,2026-06-08,11155770280,d6c02f58-945e-4863-98e5-632587be4ee6,"",Forward,100101040986,100101040986,11504,996.19,5.0,1782.0,0.0,1782.0,packet_delivered,0.0,0.0,0.0,0.0,0.0,0.0,0.0,0.0,NA,0,1217.0
NFT-/XUTR/DEUTH026159A1XG7X,34.29,0.0,0.0,2199.0,720.0,33.984,3.429,0.0,0.0,postpaid,0.686,182.0,0.0,0.0,0.0,214.76,-896.661,"",'133126155671737212903,2026-06-08,11161024115,cca16e9f-50e6-4527-8103-ae1a4c733ddc,100164747111,Reverse,100106294814,100106294814,11504,685.71,5.0,1385.0,0.0,1385.0,return_refund,0.0,0.0,0.0,0.0,0.0,0.0,0.0,0.0,NA,0,814.0
NFT-/XUTR/DEUTH026159A1XG7X,426.05,0.0,0.0,2999.0,2793.0,659.148,11.835,0.0,0.0,postpaid,2.367,182.0,0.0,0.0,0.0,214.76,-2334.41,"",'133111749484413556601,2026-06-08,11156477354,67cac49d-cc3d-4e03-8d0b-5eecdebbf024,100164629581,Reverse,100101748059,100101748059,11504,2366.95,18.0,0.0,0.0,0.0,return_refund,0.0,0.0,0.0,0.0,0.0,0.0,0.0,0.0,NA,0,2999.0
NFT-/XUTR/DEUTH026159A1XG7X,9.9,0.0,0.0,399.0,340.0,52.156,1.65,0.0,0.0,postpaid,0.33,182.0,0.0,0.0,0.0,214.76,-500.624,"",'133117120202406778001,2026-06-08,11157933980,c49436e4-0b12-4b2a-8494-27c7efe8ff96,100164713540,Reverse,100103204682,100103204682,11504,330.1,3.0,0.0,0.0,0.0,return_refund,0.0,0.0,0.0,0.0,0.0,0.0,0.0,0.0,NA,0,399.0
NFT-/XUTR/DEUTH026159A1XG7X,0.0,20.36,20.36,1999.0,855.0,221.958,0.0,2.0355,2.0355,postpaid,0.814,0.0,0.0,27.0,0.0,31.86,596.297,"",'133143469675137791001,2026-06-08,11167023113,8976ea55-5c79-4e10-b6a3-b87188a413c7,"",Forward,100112293807,100112293807,11504,814.28,5.0,1050.0,0.0,1050.0,packet_delivered,0.0,0.0,0.0,0.0,0.0,0.0,0.0,0.0,NA,0,949.0
NFT-/XUTR/DEUTH026159A1XG7X,426.05,0.0,0.0,2999.0,2793.0,659.148,11.835,0.0,0.0,postpaid,2.367,127.0,0.0,0.0,0.0,149.86,-2269.51,"",'133115572375058632403,2026-06-08,11157558116,561f09e1-853e-4c05-bc23-0800947c3c70,100165130208,Reverse,100102828819,100102828819,11504,2366.95,18.0,0.0,0.0,0.0,return_refund,0.0,0.0,0.0,0.0,0.0,0.0,0.0,0.0,NA,0,2999.0
NFT-/XUTR/DEUTH026159A1XG7X,46.91,0.0,0.0,2999.0,985.0,255.70600000000002,4.69,0.0,0.0,postpaid,0.938,182.0,0.0,0.0,0.0,214.76,-938.426,"",'133097304707958826401,2026-06-08,11153903807,1ff9297e-3e42-4166-8b24-e2c59b0e4a5d,100164146590,Reverse,100099174516,1000029790407,11504,938.1,5.0,1843.0,0.0,1843.0,return_refund,0.0,0.0,0.0,0.0,0.0,0.0,0.0,0.0,NA,0,1156.01
NFT-/XUTR/DEUTH026159A1XG7X,63.29,0.0,0.0,2999.0,53.0,13.134,0.252,0.0,0.0,postpaid,0.05,7.258,0.0,0.0,0.0,8.56444,-48.128,"",'133092142087863031301,2026-06-08,11153253659,46ecced1-ea23-4e1b-84ab-ebd1e4ef44e7,100164468553,Reverse,100098524368,100098524368,11504,1265.71,5.0,1499.0,53.0,1552.0,return_refund,0.0,0.0,0.0,0.0,0.0,0.0,0.0,0.0,NA,0,1500.0
NFT-/XUTR/DEUTH026159A1XG7X,35.67,0.0,0.0,2599.0,749.0,35.353,3.567,0.0,0.0,postpaid,0.713,182.0,0.0,0.0,0.0,214.76,-924.127,"",'133111487078886727401,2026-06-08,11156465756,d50263e2-4d0a-446e-8ffe-46deeff1165e,100164809253,Reverse,100101736461,100101736461,11504,713.33,5.0,1756.0,0.0,1756.0,return_refund,0.0,0.0,0.0,0.0,0.0,0.0,0.0,0.0,NA,0,843.0
NFT-/XUTR/DEUTH026159A1XG7X,26.24,0.0,0.0,1750.0,551.0,39.011,2.624,0.0,0.0,postpaid,0.525,0.0,0.0,27.0,0.0,31.86,476.98,"",'133106965977305132203,2026-06-08,11155663254,fd84f556-d397-45fb-89f6-0b97e56a1cec,"",Forward,100100933960,100100933960,11504,524.76,5.0,1105.0,0.0,1105.0,packet_delivered,0.0,0.0,0.0,0.0,0.0,0.0,0.0,0.0,NA,0,645.0
NFT-/XUTR/DEUTH026159A1XG7X,39.05,0.0,0.0,1899.0,47.0,12.201,0.224,0.0,0.0,postpaid,0.045,0.0,0.0,1.548,0.0,1.82664,32.703,"",'133108017007499252103,2026-06-08,11155904384,9f10216f-0e2a-49e9-85e9-e1bde9250569,"",Forward,100101175090,1000029943831,11504,780.95,5.0,985.0,47.0,1032.0,packet_delivered,0.0,0.0,0.0,0.0,0.0,0.0,0.0,0.0,NA,0,914.0
NFT-/XUTR/DEUTH026159A1XG7X,109.19,0.0,0.0,2499.0,2293.0,514.091,10.919,0.0,0.0,postpaid,2.184,182.0,0.0,0.0,0.0,214.76,-1980.566,"",'133088723244923472701,2026-06-08,11152034003,c09cdf24-33c0-4d2f-a459-bc2db77e8845,100168265313,Reverse,100097304715,100097304715,11504,2183.81,5.0,0.0,0.0,0.0,return_refund,0.0,0.0,0.0,0.0,0.0,0.0,0.0,0.0,NA,0,2499.0
NFT-/XUTR/DEUTH026159A1XG7X,0.0,12.38,12.38,2099.0,286.96999999999997,13.544999999999998,0.0,0.6835,0.6835,postpaid,0.273,58.498,0.0,0.0,0.0,69.02764,-340.813,"",'133124367827931310403,2026-06-08,11160586864,d6158356-719e-4c6d-b574-9860a80182af,11160586864,Reverse,100105857565,100105857565,11504,495.24,5.0,1485.0,0.0,1485.0,exchange,0.0,0.0,0.0,0.0,0.0,0.0,0.0,0.0,NA,0,614.0
NFT-/XUTR/DEUTH026159A1XG7X,0.0,53.41,53.41,3499.0,2243.0,529.348,0.0,5.3405,5.3405,postpaid,2.136,106.0,0.0,0.0,0.0,125.08,-1825.915,"",'133143750817897169401,2026-06-08,11167100186,49053075-d7bc-4e92-b7f3-8df416514062,100164737862,Reverse,100112370880,100112370880,11504,2136.2,5.0,1050.0,0.0,1050.0,return_refund,0.0,0.0,0.0,0.0,0.0,0.0,0.0,0.0,NA,0,2449.0199999999995
NFT-/XUTR/DEUTH026159A1XG7X,37.1,0.0,0.0,2499.0,779.0,73.538,3.71,0.0,0.0,postpaid,0.742,0.0,0.0,27.0,0.0,31.86,669.15,"",'133114032488323371203,2026-06-08,11156945231,a965469c-03cb-4af1-95dc-3c39dbfaa8ba,"",Forward,100102215934,100102215934,11504,741.9,5.0,1626.0,0.0,1626.0,packet_delivered,0.0,0.0,0.0,0.0,0.0,0.0,0.0,0.0,NA,0,873.0
NFT-/XUTR/DEUTH026159A1XG7X,27.43,0.0,0.0,1799.0,576.0,40.781,2.743,0.0,0.0,postpaid,0.549,0.0,0.0,27.0,0.0,31.86,500.067,"",'133113464036076231203,2026-06-08,11156749854,16f4d0d2-391e-4675-a3c4-ffec0aa069cd,"",Forward,100102020557,1000030231058,11504,548.57,5.0,1129.0,0.0,1129.0,packet_delivered,0.0,0.0,0.0,0.0,0.0,0.0,0.0,0.0,NA,0,670.0
NFT-/XUTR/DEUTH026159A1XG7X,103.48,0.0,0.0,3399.0,2173.0,512.828,10.348,0.0,0.0,postpaid,2.07,0.0,0.0,61.0,0.0,71.98,1575.774,"",'133081253727058857003,2026-06-08,11150382786,fc42edbd-e9c3-46cc-984d-684b71eaea5e,"",Forward,100095653504,100095653504,11504,2069.52,5.0,1020.0,0.0,1020.0,packet_delivered,0.0,0.0,0.0,0.0,0.0,0.0,0.0,0.0,NA,0,2379.0
NFT-/XUTR/DEUTH026159A1XG7X,31.71,0.0,0.0,1499.0,666.0,172.894,3.171,0.0,0.0,postpaid,0.634,0.0,0.0,27.0,0.0,31.86,457.441,"",'133127493006657555901,2026-06-08,11161292346,b991830b-661f-4d15-b6a0-32fa1ee76d85,"",Forward,100106563045,100106563045,11504,634.29,5.0,739.0,0.0,739.0,packet_delivered,0.0,0.0,0.0,0.0,0.0,0.0,0.0,0.0,NA,0,760.0
NFT-/XUTR/DEUTH026159A1XG7X,63.19,0.0,0.0,2999.0,1327.0,328.831,6.319,0.0,0.0,postpaid,1.264,106.0,0.0,0.0,0.0,125.08,-1115.666,"",'133126767568612397603,2026-06-08,11161191452,4ec70b3b-d682-44a0-8048-1a906e261b62,100165078844,Reverse,100106462151,100106462151,11504,1263.81,5.0,1501.0,300.0,1801.0,return_refund,0.0,0.0,0.0,0.0,0.0,0.0,0.0,0.0,NA,0,1498.0
NFT-/XUTR/DEUTH026159A1XG7X,43.1,0.0,0.0,1999.0,905.0,234.938,4.31,0.0,0.0,postpaid,0.862,0.0,0.0,27.0,0.0,31.86,633.03,"",'133090685643965889403,2026-06-08,11152655282,a23e8cd9-8f2d-4063-b7c5-03268572098a,"",Forward,100097925992,100097925992,11504,861.9,5.0,1000.0,0.0,1000.0,packet_delivered,0.0,0.0,0.0,0.0,0.0,0.0,0.0,0.0,NA,0,999.0
NFT-/XUTR/DEUTH026159A1XG7X,0.0,17.64,17.64,2699.0,741.0,34.97500000000001,0.0,1.7645,1.7645,postpaid,0.706,0.0,0.0,27.0,0.0,31.86,669.93,"",'133131317055629562401,2026-06-08,11162636965,9e76e609-63d8-412c-854f-161a87ea02ee,"",Forward,100107907661,100107907661,11504,705.72,5.0,1864.0,0.0,1864.0,packet_delivered,0.0,0.0,0.0,0.0,0.0,0.0,0.0,0.0,NA,0,835.0
NFT-/XUTR/DEUTH026159A1XG7X,35.14,0.0,0.0,1799.0,546.72,141.929,2.603,0.0,0.0,postpaid,0.521,0.0,0.0,20.002,0.0,23.60236,378.065,"",'133133315534130746303,2026-06-08,11163392173,acda477b-3a97-47ab-91a8-f9176e3fc742,"",Forward,100108662869,100108662869,11504,702.86,5.0,967.0,0.0,967.0,packet_delivered,0.0,0.0,0.0,0.0,0.0,0.0,0.0,0.0,NA,0,832.0
NFT-/XUTR/DEUTH026159A1XG7X,68.0,0.0,0.0,1599.0,1428.0,219.055,6.8,0.0,0.0,postpaid,1.36,0.0,0.0,45.0,0.0,53.1,1147.685,"",'133108951067006642701,2026-06-08,11156154958,97e37022-8653-44e3-95b2-722ca298bf66,"",Forward,100101425663,100101425663,11504,1360,5.0,0.0,0.0,0.0,packet_delivered,0.0,0.0,0.0,0.0,0.0,0.0,0.0,0.0,NA,0,1599.0
NFT-/XUTR/DEUTH026159A1XG7X,22.86,0.0,0.0,1599.0,480.0,22.656,2.286,0.0,0.0,postpaid,0.457,0.0,0.0,19.0,0.0,22.42,432.181,"",'133130098232364276303,2026-06-08,11162019240,3314e78a-83b9-42c0-af0d-0fd37a7ea1f3,"",Forward,100107289938,100107289938,11504,457.14,5.0,1025.0,0.0,1025.0,packet_delivered,0.0,0.0,0.0,0.0,0.0,0.0,0.0,0.0,NA,0,574.0
NFT-/XUTR/DEUTH026159A1XG7X,487.07,0.0,0.0,3399.0,89.0,21.004,0.377,0.0,0.0,postpaid,0.075,5.073,0.0,0.0,0.0,5.98614,-73.53,"",'133096970619956532901,2026-06-08,11153832049,2816790b-6d6b-473b-a7d9-95246d807026,11153832049,Reverse,100099102758,1000029793129,11504,2705.93,18.0,0.0,89.0,89.0,exchange,0.0,0.0,0.0,0.0,0.0,0.0,0.0,0.0,NA,0,3399.0
NFT-/XUTR/DEUTH026159A1XG7X,94.62,0.0,0.0,3299.0,1987.0000000000002,492.379,9.462,0.0,0.0,postpaid,1.892,182.0,0.0,0.0,0.0,214.76,-1698.027,"",'133109592795142776703,2026-06-08,11156337952,16a1ed71-e8f8-4d29-89c0-d54af04f1326,100164715132,Reverse,100101608657,100101608657,11504,1892.38,5.0,1106.0,0.0,1106.0,return_refund,0.0,0.0,0.0,0.0,0.0,0.0,0.0,0.0,NA,0,2193.0
NFT-/XUTR/DEUTH026159A1XG7X,72.76,0.0,0.0,1699.0,1528.0,360.608,7.276,0.0,0.0,postpaid,1.455,0.0,0.0,45.0,0.0,53.1,1105.561,"",'133118073781085582001,2026-06-08,11158210870,e36d64bc-c479-426a-a693-67ee5a4d92da,"",Forward,100103481572,1000030504174,11504,1455.24,5.0,0.0,0.0,0.0,packet_delivered,0.0,0.0,0.0,0.0,0.0,0.0,0.0,0.0,NA,0,1699.0
NFT-/XUTR/DEUTH026159A1XG7X,43.1,0.0,0.0,1999.0,905.0,234.938,4.31,0.0,0.0,postpaid,0.862,0.0,0.0,27.0,0.0,31.86,633.03,"",'133091709759903515503,2026-06-08,11153051196,c4e86e77-290c-47f3-9bc6-301f5d5adf49,"",Forward,100098321905,100098321905,11504,861.9,5.0,1000.0,0.0,1000.0,packet_delivered,0.0,0.0,0.0,0.0,0.0,0.0,0.0,0.0,NA,0,999.0
NFT-/XUTR/DEUTH026159A1XG7X,56.95,0.0,0.0,3399.0,1196.0,296.369,5.695,0.0,0.0,postpaid,1.139,0.0,0.0,45.0,0.0,53.1,839.697,"",'133137466274467813801,2026-06-08,11165733557,efe00dc2-27b3-4063-8d7a-892f5c7904cd,"",Forward,100111004252,100111004252,11504,1139.05,5.0,2032.0,0.0,2032.0,packet_delivered,0.0,0.0,0.0,0.0,0.0,0.0,0.0,0.0,NA,0,1367.0
NFT-/XUTR/DEUTH026159A1XG7X,57.38,0.0,0.0,2899.0,1205.0,298.599,5.738,0.0,0.0,postpaid,1.148,182.0,0.0,0.0,0.0,214.76,-1114.275,"",'133079372266058356701,2026-06-08,11149830888,8109c559-3535-4b29-a249-8552cc1267ae,100168166642,Reverse,100095101606,100095101606,11504,1147.62,5.0,1523.0,0.0,1523.0,return_refund,0.0,0.0,0.0,0.0,0.0,0.0,0.0,0.0,NA,0,1376.0
NFT-/XUTR/DEUTH026159A1XG7X,19.05,0.0,0.0,1699.0,400.0,18.88,1.905,0.0,0.0,postpaid,0.381,0.0,0.0,0.0,0.0,0.0,378.834,"",'133139059434856096001,2026-06-08,11165927148,be39bca5-3d5a-4225-98c8-d7dfcf437e91,"",Forward,100111197843,100111197843,11504,380.95,5.0,1205.0,0.0,1205.0,packet_delivered,0.0,0.0,0.0,0.0,0.0,0.0,0.0,0.0,NA,0,494.0
NFT-/XUTR/DEUTH026159A1XG7X,17.62,0.0,0.0,1799.0,369.22,17.427,1.758,0.0,0.0,postpaid,0.352,181.616,0.0,0.0,0.0,214.30688,-563.99,"",'133117143194906522003,2026-06-08,11157940228,03a4ea46-01be-45df-8d14-75fe78f7658b,100164622523,Reverse,100103210930,1000030450611,11504,352.38,5.0,1335.0,0.0,1335.0,return_refund,0.0,0.0,0.0,0.0,0.0,0.0,0.0,0.0,NA,0,464.0
NFT-/XUTR/DEUTH026159A1XG7X,0.0,9.52,9.52,1699.0,35.0,1.652,0.0,0.0835,0.0835,postpaid,0.033,11.112,0.0,0.0,0.0,13.11216,-46.26,"",'133100310429010295601,2026-06-08,11154566179,82817c4b-708d-4b44-b293-577cf9630344,100164028948,Reverse,100099836887,100099836887,11504,380.96,5.0,1205.0,35.0,1240.0,return_refund,0.0,0.0,0.0,0.0,0.0,0.0,0.0,0.0,NA,0,493.99999999999994
NFT-/XUTR/DEUTH026159A1XG7X,35.29,0.0,0.0,2599.0,741.0,34.97500000000001,3.529,0.0,0.0,postpaid,0.706,0.0,0.0,27.0,0.0,31.86,669.93,"",'133126490238865542503,2026-06-08,11161118824,152233b2-ecd6-4297-aa5d-9b353b5fb2e3,"",Forward,100106389523,100106389523,11504,705.71,5.0,1764.0,0.0,1764.0,packet_delivered,0.0,0.0,0.0,0.0,0.0,0.0,0.0,0.0,NA,0,835.0
NFT-/XUTR/DEUTH026159A1XG7X,44.71,0.0,0.0,1799.0,125.69899999999998,32.631,0.599,0.0,0.0,postpaid,0.12,14.19,0.0,0.0,0.0,16.7442,-109.093,"",'133122306250019206403,2026-06-08,11160066371,980792e7-d15d-48be-a90e-6338c3230dee,100164814758,Reverse,100105337072,100105337072,11504,894.29,5.0,689.0,0.0,689.0,return_refund,0.0,0.0,0.0,0.0,0.0,0.0,0.0,0.0,NA,0,1110.0
NFT-/XUTR/DEUTH026159A1XG7X,85.14,0.0,0.0,2999.0,331.9,82.245,1.58,0.0,0.0,postpaid,0.316,0.0,0.0,8.353,0.0,9.85654,237.902,"",'133148443727588829901,2026-06-08,11167717648,93caa285-975d-4285-b7f2-af83f140261a,"",Forward,100112988342,100112988342,11504,1702.86,5.0,1005.0,0.0,1005.0,packet_delivered,0.0,0.0,0.0,0.0,0.0,0.0,0.0,0.0,NA,0,1994.0
NFT-/XUTR/DEUTH026159A1XG7X,52.57,0.0,0.0,2899.0,36.0,8.921,0.171,0.0,0.0,postpaid,0.034,5.935,0.0,0.0,0.0,7.0033,-33.877,"",'133096970619956532901,2026-06-08,11153832055,2816790b-6d6b-473b-a7d9-95246d807026,100165715169,Reverse,100099102765,1000029793129,11504,1051.43,5.0,1624.0,36.0,1660.0,return_refund,0.0,0.0,0.0,0.0,0.0,0.0,0.0,0.0,NA,0,1275.0
NFT-/XUTR/DEUTH026159A1XG7X,41.38,0.0,0.0,1899.0,869.0,225.592,4.138,0.0,0.0,postpaid,0.828,182.0,0.0,0.0,0.0,214.76,-853.202,"",'133099268933202262401,2026-06-08,11154316183,82f13506-74ba-4eac-9f93-3481e3e8b7d9,11154316183,Reverse,100099586891,100099586891,11504,827.62,5.0,936.0,0.0,936.0,exchange,0.0,0.0,0.0,0.0,0.0,0.0,0.0,0.0,NA,0,963.0
NFT-/XUTR/DEUTH026159A1XG7X,32.48,0.0,0.0,1699.0,682.0,177.047,3.248,0.0,0.0,postpaid,0.65,0.0,0.0,27.0,0.0,31.86,469.195,"",'133113464036076231203,2026-06-08,11156749850,16f4d0d2-391e-4675-a3c4-ffec0aa069cd,"",Forward,100102020553,1000030231058,11504,649.52,5.0,923.0,0.0,923.0,packet_delivered,0.0,0.0,0.0,0.0,0.0,0.0,0.0,0.0,NA,0,776.0
NFT-/XUTR/DEUTH026159A1XG7X,69.95,0.0,0.0,3399.0,1469.0,364.018,6.995,0.0,0.0,postpaid,1.399,0.0,0.0,45.0,0.0,53.1,1043.488,"",'133123890519180609401,2026-06-08,11160473845,9383feef-00e8-4efe-8b9c-52f648f59c50,"",Forward,100105744546,100105744546,11504,1399.05,5.0,1759.0,0.0,1759.0,packet_delivered,0.0,0.0,0.0,0.0,0.0,0.0,0.0,0.0,NA,0,1640.0
NFT-/XUTR/DEUTH026159A1XG7X,28.67,0.0,0.0,1699.0,602.0,156.279,2.867,0.0,0.0,postpaid,0.573,0.0,0.0,27.0,0.0,31.86,410.421,"",'133130059706807884601,2026-06-08,11162012445,d686d99b-21b0-4e3a-8ede-c93bc3ae0e88,"",Forward,100107283143,100107283143,11504,573.33,5.0,1003.0,0.0,1003.0,packet_delivered,0.0,0.0,0.0,0.0,0.0,0.0,0.0,0.0,NA,0,696.0
NFT-/XUTR/DEUTH026159A1XG7X,46.1,0.0,0.0,2399.0,968.0,251.29300000000003,4.61,0.0,0.0,postpaid,0.922,182.0,0.0,0.0,0.0,214.76,-925.935,"",'133080293904582967601,2026-06-08,11150110203,b30e28ad-11c0-4311-b7f2-9fd20cb3ad66,11150110203,Reverse,100095380921,100095380921,11504,921.9,5.0,1260.0,0.0,1260.0,exchange,0.0,0.0,0.0,0.0,0.0,0.0,0.0,0.0,NA,0,1139.0
NFT-/XUTR/DEUTH026159A1XG7X,32.91,0.0,0.0,1699.0,691.0,179.384,3.29,0.0,0.0,postpaid,0.658,0.0,0.0,27.0,0.0,31.86,475.808,"",'133144695316539211901,2026-06-08,11167284276,77b28bf1-982f-4320-8ee6-dd723dfffa31,"",Forward,100112554970,100112554970,11504,658.1,5.0,914.0,79.0,993.0,packet_delivered,0.0,0.0,0.0,0.0,0.0,0.0,0.0,0.0,NA,0,785.01
NFT-/XUTR/DEUTH026159A1XG7X,24.57,0.0,0.0,1650.0,516.0,133.954,2.457,0.0,0.0,postpaid,0.491,0.0,0.0,27.0,0.0,31.86,347.238,"",'133130078641649477801,2026-06-08,11162015684,859e216a-84a6-4f24-b0ed-7dd75315cef0,"",Forward,100107286382,100107286382,11504,491.43,5.0,1040.0,0.0,1040.0,packet_delivered,0.0,0.0,0.0,0.0,0.0,0.0,0.0,0.0,NA,0,610.0
NFT-/XUTR/DEUTH026159A1XG7X,46.91,0.0,0.0,2999.0,985.0,255.70600000000002,4.69,0.0,0.0,postpaid,0.938,0.0,0.0,27.0,0.0,31.86,691.806,"",'133097304707958826401,2026-06-08,11153903807,1ff9297e-3e42-4166-8b24-e2c59b0e4a5d,"",Forward,100099174516,1000029790407,11504,938.1,5.0,1843.0,0.0,1843.0,packet_delivered,0.0,0.0,0.0,0.0,0.0,0.0,0.0,0.0,NA,0,1156.01
NFT-/XUTR/DEUTH026159A1XG7X,17.62,0.0,0.0,1799.0,369.22,17.427,1.758,0.0,0.0,postpaid,0.352,0.0,0.0,0.0,0.0,0.0,349.683,"",'133117143194906522003,2026-06-08,11157940228,03a4ea46-01be-45df-8d14-75fe78f7658b,"",Forward,100103210930,1000030450611,11504,352.38,5.0,1335.0,0.0,1335.0,packet_delivered,0.0,0.0,0.0,0.0,0.0,0.0,0.0,0.0,NA,0,464.0
NFT-/XUTR/DEUTH026159A1XG7X,63.19,0.0,0.0,2999.0,1327.0,328.831,6.319,0.0,0.0,postpaid,1.264,182.0,0.0,0.0,0.0,214.76,-1205.346,"",'133098341441129061401,2026-06-08,11154125150,4d3aca64-23dc-4e84-9c62-743958d16d43,100164064776,Reverse,100099395859,100099395859,11504,1263.81,5.0,1501.0,0.0,1501.0,return_refund,0.0,0.0,0.0,0.0,0.0,0.0,0.0,0.0,NA,0,1498.0
NFT-/XUTR/DEUTH026159A1XG7X,28.71,0.0,0.0,1999.0,603.0,28.462,2.871,0.0,0.0,postpaid,0.574,182.0,0.0,0.0,0.0,214.76,-785.853,"",'133097304707958826401,2026-06-08,11153903810,1ff9297e-3e42-4166-8b24-e2c59b0e4a5d,100164147069,Reverse,100099174519,1000029790407,11504,574.29,5.0,1302.0,0.0,1302.0,return_refund,0.0,0.0,0.0,0.0,0.0,0.0,0.0,0.0,NA,0,697.0
NFT-/XUTR/DEUTH026159A1XG7X,59.71,0.0,0.0,2999.0,167.57,41.524,0.798,0.0,0.0,postpaid,0.16,14.165,0.0,0.0,0.0,16.7147,-141.803,"",'133133220343861451103,2026-06-08,11163371767,8d132a75-c21f-42a2-b694-49b421ec1291,100164372129,Reverse,100108642463,100108642463,11504,1194.29,5.0,1574.0,0.0,1574.0,return_refund,0.0,0.0,0.0,0.0,0.0,0.0,0.0,0.0,NA,0,1425.0
NFT-/XUTR/DEUTH026159A1XG7X,42.62,0.0,0.0,2999.0,895.0,232.342,4.262,0.0,0.0,postpaid,0.852,0.0,0.0,27.0,0.0,31.86,625.684,"",'133073022107074454403,2026-06-08,11148618257,09d605c0-7780-4d14-8d8e-4b321895092d,"",Forward,100093888983,100093888983,11504,852.38,5.0,2010.0,0.0,2010.0,packet_delivered,0.0,0.0,0.0,0.0,0.0,0.0,0.0,0.0,NA,0,989.0
NFT-/XUTR/DEUTH026159A1XG7X,79.1,0.0,0.0,1999.0,1661.0,391.996,7.91,0.0,0.0,postpaid,1.582,0.0,0.0,45.0,0.0,53.1,1206.412,"",'133097629077903507801,2026-06-08,11153974768,e5354fb1-bbb9-449b-a473-a5b4c83bf6bb,"",Forward,100099245477,1000029795417,11504,1581.9,5.0,167.0,0.0,167.0,packet_delivered,0.0,0.0,0.0,0.0,0.0,0.0,0.0,0.0,NA,0,1832.0
NFT-/XUTR/DEUTH026159A1XG7X,48.76,0.0,0.0,2799.0,252.0,62.446,1.2,0.0,0.0,postpaid,0.24,0.0,0.0,11.074,0.0,13.06732,175.047,"",'133106714222004540703,2026-06-08,11155605345,48552e9e-945a-4710-8462-d39a6c7cd08c,"",Forward,100100876051,100100876051,11504,975.24,5.0,1604.0,252.0,1856.0,packet_delivered,0.0,0.0,0.0,0.0,0.0,0.0,0.0,0.0,NA,0,1195.0
NFT-/XUTR/DEUTH026159A1XG7X,32.91,0.0,0.0,1699.0,691.0,179.384,3.29,0.0,0.0,postpaid,0.658,0.0,0.0,27.0,0.0,31.86,475.808,"",'133113464036076231203,2026-06-08,11156749852,16f4d0d2-391e-4675-a3c4-ffec0aa069cd,"",Forward,100102020555,1000030231058,11504,658.1,5.0,914.0,0.0,914.0,packet_delivered,0.0,0.0,0.0,0.0,0.0,0.0,0.0,0.0,NA,0,785.01
NFT-/XUTR/DEUTH026159A1XG7X,59.62,0.0,0.0,2999.0,1252.0,310.246,5.962,0.0,0.0,postpaid,1.192,0.0,0.0,45.0,0.0,53.1,881.5,"",'133135354080368614201,2026-06-08,11163866641,54bcd20e-e92e-4d12-9828-de1406e24ccd,"",Forward,100109137336,1000032019546,11504,1192.38,5.0,1576.0,0.0,1576.0,packet_delivered,0.0,0.0,0.0,0.0,0.0,0.0,0.0,0.0,NA,0,1423.0
NFT-/XUTR/DEUTH026159A1XG7X,35.67,0.0,0.0,2999.0,749.0,35.353,3.567,0.0,0.0,postpaid,0.713,106.0,0.0,0.0,0.0,125.08,-834.447,"",'133134748248356245501,2026-06-08,11163716111,56775b1e-6fed-415f-a2af-1f96e9e04cdf,11163716111,Reverse,100108986806,1000032007343,11504,713.33,5.0,2156.0,0.0,2156.0,exchange,0.0,0.0,0.0,0.0,0.0,0.0,0.0,0.0,NA,0,843.0
NFT-/XUTR/DEUTH026159A1XG7X,32.62,0.0,0.0,1999.0,685.0,32.332,3.262,0.0,0.0,postpaid,0.652,0.0,0.0,27.0,0.0,31.86,616.894,"",'133130112910379991801,2026-06-08,11162021766,e9810f37-8613-4d2a-829b-6ab7b1fa0e1c,"",Forward,100107292464,1000031413247,11504,652.38,5.0,1220.0,0.0,1220.0,packet_delivered,0.0,0.0,0.0,0.0,0.0,0.0,0.0,0.0,NA,0,779.0
NFT-/XUTR/DEUTH026159A1XG7X,33.52,0.0,0.0,2499.0,614.53,29.006,2.926,0.0,0.0,postpaid,0.585,0.0,0.0,23.569,5.039,33.75744,548.256,"",'133134180658251366903,2026-06-08,11163581698,b7925429-f98e-4516-a937-8210ecba7093,"",Forward,100108852393,100108852393,11504,670.48,5.0,1701.0,0.0,1701.0,packet_delivered,0.0,0.0,0.0,0.0,0.0,0.0,0.0,0.0,NA,0,798.0
NFT-/XUTR/DEUTH026159A1XG7X,85.14,0.0,0.0,2999.0,1788.0,443.066,8.514,0.0,0.0,postpaid,1.703,182.0,0.0,0.0,0.0,214.76,-1549.477,"",'133091266244381052203,2026-06-08,11152861648,1f339d8d-52d7-4e51-98df-8d02e8369922,100169237691,Reverse,100098132358,100098132358,11504,1702.86,5.0,1005.0,0.0,1005.0,return_refund,0.0,0.0,0.0,0.0,0.0,0.0,0.0,0.0,NA,0,1994.0
NFT-/XUTR/DEUTH026159A1XG7X,0.0,32.64,32.64,3499.0,1165.43,288.793,0.0,2.775,2.775,postpaid,1.11,107.957,0.0,0.0,0.0,127.38926,-997.366,"",'133122187093046441901,2026-06-08,11160022602,4208870e-21d1-4821-b3e5-58437556d96e,11160022602,Reverse,100105293303,100105293303,11504,1305.72,5.0,1957.0,0.0,1957.0,exchange,0.0,0.0,0.0,0.0,0.0,0.0,0.0,0.0,NA,0,1542.0000000000002
NFT-/XUTR/DEUTH026159A1XG7X,24.57,0.0,0.0,1650.0,516.0,36.533,2.457,0.0,0.0,postpaid,0.491,182.0,0.0,0.0,0.0,214.76,-691.279,"",'133056691655012083703,2026-06-08,11145347818,4955c3e1-28d5-48b8-b827-753f2066e829,11145347818,Reverse,100090618551,100090618551,11504,491.43,5.0,1040.0,0.0,1040.0,exchange,0.0,0.0,0.0,0.0,0.0,0.0,0.0,0.0,NA,0,610.0
NFT-/XUTR/DEUTH026159A1XG7X,102.86,0.0,0.0,3499.0,1055.155,249.017,5.025,0.0,0.0,postpaid,1.005,0.0,0.0,29.798,0.0,35.16164,764.946,"",'133139633196321448703,2026-06-08,11166065912,0c3d023b-a920-4221-ab98-7a7cc3840c81,"",Forward,100111336607,100111336607,11504,2057.14,5.0,1133.0,0.0,1133.0,packet_delivered,0.0,0.0,0.0,0.0,0.0,0.0,0.0,0.0,NA,0,2366.0
NFT-/XUTR/DEUTH026159A1XG7X,35.67,0.0,0.0,2999.0,709.669,33.496,3.379,0.0,0.0,postpaid,0.676,172.443,0.0,0.0,0.0,203.48274,-875.601,"",'133097674832180734003,2026-06-08,11153985596,4fb8277a-24b6-4380-8489-4e0e12e13466,100164675673,Reverse,100099256305,100099256305,11504,713.33,5.0,2156.0,0.0,2156.0,return_refund,0.0,0.0,0.0,0.0,0.0,0.0,0.0,0.0,NA,0,843.0
NFT-/XUTR/DEUTH026159A1XG7X,30.67,0.0,0.0,1699.0,26.0,6.75,0.124,0.0,0.0,postpaid,0.025,0.0,0.0,1.09,0.0,1.2862,17.815,"",'133100941464297753501,2026-06-08,11154727944,19d35977-172b-4d17-b767-d7672cc53f6e,"",Forward,100099998651,100099998651,11504,613.33,5.0,961.0,26.0,987.0,packet_delivered,0.0,0.0,0.0,0.0,0.0,0.0,0.0,0.0,NA,0,738.0
NFT-/XUTR/DEUTH026159A1XG7X,31.19,0.0,0.0,2299.0,655.0,30.916000000000007,3.119,0.0,0.0,postpaid,0.624,0.0,0.0,27.0,8.58,41.9844,578.357,"",'133114258521583456101,2026-06-08,11157081827,f6563e4d-0214-4ce9-9b0e-9a4418780fab,"",Forward,100102352530,100102352530,11504,623.81,5.0,1550.0,0.0,1550.0,packet_delivered,0.0,0.0,0.0,0.0,0.0,0.0,0.0,0.0,NA,0,749.0
NFT-/XUTR/DEUTH026159A1XG7X,35.29,0.0,0.0,2599.0,741.0,34.97500000000001,3.529,0.0,0.0,postpaid,0.706,0.0,0.0,27.0,0.0,31.86,669.93,"",'133143085642899564503,2026-06-08,11166924390,4d99fdbb-2cd2-4385-ae41-4beb2a4faf8a,"",Forward,100112195084,100112195084,11504,705.71,5.0,1764.0,0.0,1764.0,packet_delivered,0.0,0.0,0.0,0.0,0.0,0.0,0.0,0.0,NA,0,835.0
NFT-/XUTR/DEUTH026159A1XG7X,43.05,0.0,0.0,1999.0,904.0,234.678,4.305,0.0,0.0,postpaid,0.861,0.0,0.0,27.0,0.0,31.86,632.296,"",'133127903137043129601,2026-06-08,11161310190,422328ba-d3c0-48ad-8f6d-e303bc2d26db,"",Forward,100106580889,100106580889,11504,860.95,5.0,1001.0,0.0,1001.0,packet_delivered,0.0,0.0,0.0,0.0,0.0,0.0,0.0,0.0,NA,0,998.0
NFT-/XUTR/DEUTH026159A1XG7X,35.29,0.0,0.0,2799.0,741.0,34.97500000000001,3.529,0.0,0.0,postpaid,0.706,182.0,0.0,0.0,0.0,214.76,-916.55,"",'133092099556770806403,2026-06-08,11153240716,aae57b1b-1b24-4cee-b245-582236bb3462,100164667256,Reverse,100098511425,100098511425,11504,705.71,5.0,1964.0,92.0,2056.0,return_refund,0.0,0.0,0.0,0.0,0.0,0.0,0.0,0.0,NA,0,835.0
NFT-/XUTR/DEUTH026159A1XG7X,0.0,9.52,9.52,1499.0,387.04,18.268,0.0,0.9215,0.9215,postpaid,0.369,102.566,0.0,0.0,0.0,121.02788,-487.588,"",'133140170368479445803,2026-06-08,11166211409,f8139930-8427-4edc-92c8-c9400ca25c1d,100164696442,Reverse,100111482104,100111482104,11504,380.96,5.0,1005.0,0.0,1005.0,return_refund,0.0,0.0,0.0,0.0,0.0,0.0,0.0,0.0,NA,0,493.99999999999994
NFT-/XUTR/DEUTH026159A1XG7X,75.19,0.0,0.0,1750.0,1579.0,372.644,7.519,0.0,0.0,postpaid,1.504,0.0,0.0,45.0,0.0,53.1,1144.233,"",'133133701846634810703,2026-06-08,11163475603,ec678a0d-035d-4706-b363-8507bd50e45c,"",Forward,100108746298,100108746298,11504,1503.81,5.0,0.0,200.0,200.0,packet_delivered,0.0,0.0,0.0,0.0,0.0,0.0,0.0,0.0,NA,0,1750.0
NFT-/XUTR/DEUTH026159A1XG7X,36.95,0.0,0.0,2499.0,776.0,36.627,3.695,0.0,0.0,postpaid,0.739,0.0,0.0,27.0,6.906,40.00908,694.93,"",'133098490541454193501,2026-06-08,11154156277,b0c71a9f-f78b-4d28-ac9d-01983c7c359a,"",Forward,100099426986,100099426986,11504,739.05,5.0,1629.0,0.0,1629.0,packet_delivered,0.0,0.0,0.0,0.0,0.0,0.0,0.0,0.0,NA,0,870.0
NFT-/XUTR/DEUTH026159A1XG7X,33.52,0.0,0.0,2499.0,614.53,29.006,2.926,0.0,0.0,postpaid,0.585,92.529,0.0,0.0,0.0,109.18422,-691.197,"",'133134180658251366903,2026-06-08,11163581698,b7925429-f98e-4516-a937-8210ecba7093,11163581698,Reverse,100108852393,100108852393,11504,670.48,5.0,1701.0,0.0,1701.0,exchange,0.0,0.0,0.0,0.0,0.0,0.0,0.0,0.0,NA,0,798.0
NFT-/XUTR/DEUTH026159A1XG7X,55.14,0.0,0.0,1999.0,70.0,16.52,0.333,0.0,0.0,postpaid,0.067,0.0,0.0,2.72,0.0,3.2096,49.87,"",'133097742817877527701,2026-06-08,11154000788,1d326d9c-81ea-44fc-8c4a-dc69d6578506,"",Forward,100099271497,100099271497,11504,1102.86,5.0,670.0,70.0,740.0,packet_delivered,0.0,0.0,0.0,0.0,0.0,0.0,0.0,0.0,NA,0,1329.0
NFT-/XUTR/DEUTH026159A1XG7X,63.19,0.0,0.0,2999.0,1327.0,328.831,6.319,0.0,0.0,postpaid,1.264,0.0,0.0,45.0,0.0,53.1,937.486,"",'133103306681742281403,2026-06-08,11154875667,5796bfe6-13c4-4e40-966e-3fac7bb81297,"",Forward,100100146374,100100146374,11504,1263.81,5.0,1501.0,0.0,1501.0,packet_delivered,0.0,0.0,0.0,0.0,0.0,0.0,0.0,0.0,NA,0,1498.0
NFT-/XUTR/DEUTH026159A1XG7X,0.0,9.52,9.52,1699.0,35.0,1.652,0.0,0.0835,0.0835,postpaid,0.033,0.0,0.0,0.0,0.0,0.0,33.148,"",'133100310429010295601,2026-06-08,11154566179,82817c4b-708d-4b44-b293-577cf9630344,"",Forward,100099836887,100099836887,11504,380.96,5.0,1205.0,35.0,1240.0,packet_delivered,0.0,0.0,0.0,0.0,0.0,0.0,0.0,0.0,NA,0,493.99999999999994
NFT-/XUTR/DEUTH026159A1XG7X,53.52,0.0,0.0,1950.0,1120.52,264.443,5.336,0.0,0.0,postpaid,1.067,0.0,0.0,44.861,0.0,52.93598,796.738,"",'133108564764677713901,2026-06-08,11156043510,94436563-52e5-4251-a292-701f98ee6c84,"",Forward,100101314215,100101314215,11504,1070.48,5.0,655.0,0.0,655.0,packet_delivered,0.0,0.0,0.0,0.0,0.0,0.0,0.0,0.0,NA,0,1295.0
NFT-/XUTR/DEUTH026159A1XG7X,31.29,0.0,0.0,1599.0,657.0,170.557,3.129,0.0,0.0,postpaid,0.626,0.0,0.0,27.0,0.0,31.86,450.828,"",'133130108036693422001,2026-06-08,11162020890,4859ea1d-10e2-48a2-9098-39da9839da19,"",Forward,100107291588,100107291588,11504,625.71,5.0,848.0,0.0,848.0,packet_delivered,0.0,0.0,0.0,0.0,0.0,0.0,0.0,0.0,NA,0,751.0
NFT-/XUTR/DEUTH026159A1XG7X,487.07,0.0,0.0,3399.0,89.0,21.004,0.377,0.0,0.0,postpaid,0.075,0.0,0.0,1.7,0.0,2.006,65.538,"",'133096970619956532901,2026-06-08,11153832049,2816790b-6d6b-473b-a7d9-95246d807026,"",Forward,100099102758,1000029793129,11504,2705.93,18.0,0.0,89.0,89.0,packet_delivered,0.0,0.0,0.0,0.0,0.0,0.0,0.0,0.0,NA,0,3399.0
NFT-/XUTR/DEUTH026159A1XG7X,31.19,0.0,0.0,2299.0,655.0,30.916000000000007,3.119,0.0,0.0,postpaid,0.624,127.0,0.0,0.0,0.0,149.86,-770.201,"",'133114258521583456101,2026-06-08,11157081827,f6563e4d-0214-4ce9-9b0e-9a4418780fab,100164221079,Reverse,100102352530,100102352530,11504,623.81,5.0,1550.0,0.0,1550.0,return_refund,0.0,0.0,0.0,0.0,0.0,0.0,0.0,0.0,NA,0,749.0
NFT-/XUTR/DEUTH026159A1XG7X,57.38,0.0,0.0,2899.0,1205.0,298.599,5.738,0.0,0.0,postpaid,1.148,0.0,0.0,45.0,0.0,53.1,846.415,"",'133117231320120878101,2026-06-08,11157964294,2d303bfe-2c9f-4cbb-9dde-ed9c164ed71c,"",Forward,100103234996,100103234996,11504,1147.62,5.0,1523.0,0.0,1523.0,packet_delivered,0.0,0.0,0.0,0.0,0.0,0.0,0.0,0.0,NA,0,1376.0
NFT-/XUTR/DEUTH026159A1XG7X,54.48,0.0,0.0,2799.0,1051.519,260.566,5.007,0.0,0.0,postpaid,1.001,167.287,0.0,0.0,0.0,197.39866,-982.344,"",'133062235517693729903,2026-06-08,11146260586,9b2479cb-6a9a-45cc-bb9d-74e964ec6b05,11146260586,Reverse,100091531316,100091531316,11504,1089.52,5.0,1484.0,0.0,1484.0,exchange,0.0,0.0,0.0,0.0,0.0,0.0,0.0,0.0,NA,0,1315.0
NFT-/XUTR/DEUTH026159A1XG7X,32.57,0.0,0.0,2499.0,31.0,1.463,0.148,0.0,0.0,postpaid,0.03,8.249,0.0,0.0,0.0,9.73382,-39.093,"",'133105546870985136001,2026-06-08,11155318534,00d275c8-5418-4afc-a689-e994fef917bd,100165813400,Reverse,100100589241,1000030227890,11504,651.43,5.0,1721.0,31.0,1752.0,return_refund,0.0,0.0,0.0,0.0,0.0,0.0,0.0,0.0,NA,0,778.0
NFT-/XUTR/DEUTH026159A1XG7X,31.29,0.0,0.0,2499.0,657.0,31.009999999999998,3.129,0.0,0.0,postpaid,0.626,127.0,0.0,0.0,0.0,149.86,-772.095,"",'133118161878992002703,2026-06-08,11158232867,a860979c-322d-4f3f-88dd-6e09a8e7b212,100164608821,Reverse,100103503569,1000030852820,11504,625.71,5.0,1748.0,0.0,1748.0,return_refund,0.0,0.0,0.0,0.0,0.0,0.0,0.0,0.0,NA,0,751.0
NFT-/XUTR/DEUTH026159A1XG7X,64.38,0.0,0.0,2999.0,842.846,208.857,4.014,0.0,0.0,postpaid,0.803,113.46,0.0,0.0,0.0,133.8828,-763.055,"",'133105641574339266603,2026-06-08,11155342698,89315075-5f96-42c9-8d5f-953ce86db6b9,100164534832,Reverse,100100613405,100100613405,11504,1287.62,5.0,1476.0,0.0,1476.0,return_refund,0.0,0.0,0.0,0.0,0.0,0.0,0.0,0.0,NA,0,1523.0
NFT-/XUTR/DEUTH026159A1XG7X,0.0,32.64,32.64,3499.0,1371.0,339.734,0.0,3.2645,3.2645,postpaid,1.306,0.0,0.0,45.0,0.0,53.1,970.331,"",'133132273515378486701,2026-06-08,11163156043,005ae7d6-c1e7-4ed3-905a-48902aeb7aed,"",Forward,100108426739,100108426739,11504,1305.72,5.0,1957.0,0.0,1957.0,packet_delivered,0.0,0.0,0.0,0.0,0.0,0.0,0.0,0.0,NA,0,1542.0000000000002
NFT-/XUTR/DEUTH026159A1XG7X,25.33,0.0,0.0,1999.0,503.951,23.786,2.4,0.0,0.0,postpaid,0.48,0.0,0.0,2.842,6.703,11.2631,466.022,"",'133108200400916943201,2026-06-08,11155949817,f843f683-f0d7-459c-b066-466cf5d0c12d,"",Forward,100101220523,100101220523,11504,506.67,5.0,1373.0,0.0,1373.0,packet_delivered,0.0,0.0,0.0,0.0,0.0,0.0,0.0,0.0,NA,0,626.0
NFT-/XUTR/DEUTH026159A1XG7X,35.14,0.0,0.0,1799.0,165.0,42.834,0.786,0.0,0.0,postpaid,0.157,0.0,0.0,6.037,0.0,7.12366,114.099,"",'133112895188571756003,2026-06-08,11156626342,504bca48-6672-4046-94f8-818f7362b0bf,"",Forward,100101897045,100101897045,11504,702.86,5.0,967.0,165.0,1132.0,packet_delivered,0.0,0.0,0.0,0.0,0.0,0.0,0.0,0.0,NA,0,832.0
NFT-/XUTR/DEUTH026159A1XG7X,114.0,0.0,0.0,2600.0,2394.0,564.984,11.4,0.0,0.0,postpaid,2.28,0.0,0.0,61.0,0.0,71.98,1743.356,"",'133126283694735309603,2026-06-08,11161060849,926b7721-6528-42b8-9b14-ecf5a99d0fdc,"",Forward,100106331548,100106331548,11504,2280,5.0,0.0,0.0,0.0,packet_delivered,0.0,0.0,0.0,0.0,0.0,0.0,0.0,0.0,NA,0,2600.0
NFT-/XUTR/DEUTH026159A1XG7X,20.05,0.0,0.0,1599.0,421.0,19.871,2.005,0.0,0.0,postpaid,0.401,0.0,0.0,15.0,0.0,17.7,381.023,"",'133100408892009236701,2026-06-08,11154593227,31b3fb3b-7139-4d2b-b9b1-6d7cf8c72e5f,"",Forward,100099863934,100099863934,11504,400.95,5.0,1084.0,0.0,1084.0,packet_delivered,0.0,0.0,0.0,0.0,0.0,0.0,0.0,0.0,NA,0,515.0
NFT-/XUTR/DEUTH026159A1XG7X,59.71,0.0,0.0,2999.0,1254.0,310.741,5.971,0.0,0.0,postpaid,1.194,0.0,0.0,45.0,0.0,53.1,882.994,"",'133118161878992002703,2026-06-08,11158232873,a860979c-322d-4f3f-88dd-6e09a8e7b212,"",Forward,100103503575,1000030852820,11504,1194.29,5.0,1574.0,0.0,1574.0,packet_delivered,0.0,0.0,0.0,0.0,0.0,0.0,0.0,0.0,NA,0,1425.0
NFT-/XUTR/DEUTH026159A1XG7X,55.48,0.0,0.0,3499.0,913.958,226.479,4.352,0.0,0.0,postpaid,0.87,0.0,0.0,35.303,0.0,41.65754,640.599,"",'133125952014304089403,2026-06-08,11160966756,f3170879-545e-4d56-bafb-d2f3e79516bb,"",Forward,100106237456,100106237456,11504,1109.52,5.0,2163.0,0.0,2163.0,packet_delivered,0.0,0.0,0.0,0.0,0.0,0.0,0.0,0.0,NA,0,1336.0
NFT-/XUTR/DEUTH026159A1XG7X,35.67,0.0,0.0,2599.0,749.0,35.353,3.567,0.0,0.0,postpaid,0.713,0.0,0.0,27.0,6.292,39.28456,670.082,"",'133111487078886727401,2026-06-08,11156465756,d50263e2-4d0a-446e-8ffe-46deeff1165e,"",Forward,100101736461,100101736461,11504,713.33,5.0,1756.0,0.0,1756.0,packet_delivered,0.0,0.0,0.0,0.0,0.0,0.0,0.0,0.0,NA,0,843.0
NFT-/XUTR/DEUTH026159A1XG7X,34.67,0.0,0.0,1799.0,704.08,182.779,3.353,0.0,0.0,postpaid,0.671,0.0,0.0,26.113,0.0,30.81334,486.464,"",'133122975347542614901,2026-06-08,11160237930,525215e0-9571-4789-8141-0f16cf62e56d,"",Forward,100105508631,100105508631,11504,693.33,5.0,977.0,0.0,977.0,packet_delivered,0.0,0.0,0.0,0.0,0.0,0.0,0.0,0.0,NA,0,822.0
NFT-/XUTR/DEUTH026159A1XG7X,34.33,0.0,0.0,2999.0,721.0,34.031,3.433,0.0,0.0,postpaid,0.687,0.0,0.0,27.0,0.0,31.86,650.989,"",'133118145235027417503,2026-06-08,11158228992,43f86205-e063-4dc6-b1ed-8488403e30ed,"",Forward,100103499694,1000030846130,11504,686.67,5.0,2184.0,0.0,2184.0,packet_delivered,0.0,0.0,0.0,0.0,0.0,0.0,0.0,0.0,NA,0,815.0
NFT-/XUTR/DEUTH026159A1XG7X,32.57,0.0,0.0,2899.0,684.0,32.285,3.257,0.0,0.0,postpaid,0.651,0.0,0.0,27.0,0.0,31.86,615.947,"",'133109610706098738903,2026-06-08,11156342193,9efa22db-1f90-4aca-9f2a-13964a3e8213,"",Forward,100101612898,100101612898,11504,651.43,5.0,2121.0,0.0,2121.0,packet_delivered,0.0,0.0,0.0,0.0,0.0,0.0,0.0,0.0,NA,0,778.0
NFT-/XUTR/DEUTH026159A1XG7X,35.29,0.0,0.0,2499.0,741.0,34.97500000000001,3.529,0.0,0.0,postpaid,0.706,0.0,0.0,27.0,0.0,31.86,669.93,"",'133140389400443813303,2026-06-08,11166268020,86b2c5f6-d089-42f1-b7c9-891ef2af7cf6,"",Forward,100111538715,100111538715,11504,705.71,5.0,1664.0,0.0,1664.0,packet_delivered,0.0,0.0,0.0,0.0,0.0,0.0,0.0,0.0,NA,0,835.0
NFT-/XUTR/DEUTH026159A1XG7X,55.14,0.0,0.0,1999.0,70.0,16.52,0.333,0.0,0.0,postpaid,0.067,11.002,0.0,0.0,0.0,12.98236,-66.062,"",'133097742817877527701,2026-06-08,11154000788,1d326d9c-81ea-44fc-8c4a-dc69d6578506,11154000788,Reverse,100099271497,100099271497,11504,1102.86,5.0,670.0,70.0,740.0,exchange,0.0,0.0,0.0,0.0,0.0,0.0,0.0,0.0,NA,0,1329.0
NFT-/XUTR/DEUTH026159A1XG7X,50.38,0.0,0.0,3499.0,200.0,49.56,0.952,0.0,0.0,postpaid,0.19,34.405,0.0,0.0,0.0,40.5979,-189.896,"",'133064223622035205901,2026-06-08,11146763717,4f243a90-3dc2-40c7-a484-2c4e27dd5ad5,100164610197,Reverse,100092034446,100092034446,11504,1007.62,5.0,2270.0,200.0,2470.0,return_refund,0.0,0.0,0.0,0.0,0.0,0.0,0.0,0.0,NA,0,1229.0
NFT-/XUTR/DEUTH026159A1XG7X,45.62,0.0,0.0,1699.0,958.0,248.697,4.562,0.0,0.0,postpaid,0.912,0.0,0.0,27.0,0.0,31.86,671.969,"",'133123271311781888501,2026-06-08,11160314936,06369288-de01-4cf2-8bae-40c037cf70eb,"",Forward,100105585637,100105585637,11504,912.38,5.0,570.0,0.0,570.0,packet_delivered,0.0,0.0,0.0,0.0,0.0,0.0,0.0,0.0,NA,0,1129.0
NFT-/XUTR/DEUTH026159A1XG7X,66.43,0.0,0.0,3299.0,1395.0,345.681,6.643,0.0,0.0,postpaid,1.329,0.0,0.0,45.0,0.0,53.1,988.247,"",'133126890805940475101,2026-06-08,11161219565,26518c11-a206-4d45-94ad-1e5a23bef0db,"",Forward,100106490264,100106490264,11504,1328.57,5.0,1733.0,0.0,1733.0,packet_delivered,0.0,0.0,0.0,0.0,0.0,0.0,0.0,0.0,NA,0,1566.0
NFT-/XUTR/DEUTH026159A1XG7X,20.14,0.0,0.0,1799.0,312.073,14.73,1.486,0.0,0.0,postpaid,0.297,93.696,0.0,0.0,0.0,110.56128,-406.121,"",'133123671061082836201,2026-06-08,11160419208,93b15ad4-5849-46de-ae23-cdeac61f3323,11160419208,Reverse,100105689909,100105689909,11504,402.86,5.0,1317.0,0.0,1317.0,exchange,0.0,0.0,0.0,0.0,0.0,0.0,0.0,0.0,NA,0,482.0
NFT-/XUTR/DEUTH026159A1XG7X,68.67,0.0,0.0,3399.0,1442.0,357.328,6.867,0.0,0.0,postpaid,1.373,0.0,0.0,45.0,0.0,53.1,1023.332,"",'133105699375212645801,2026-06-08,11155357224,36fdc462-f0d0-48a0-a37d-b89cb3781e08,"",Forward,100100627930,100100627930,11504,1373.33,5.0,1786.0,0.0,1786.0,packet_delivered,0.0,0.0,0.0,0.0,0.0,0.0,0.0,0.0,NA,0,1613.0
NFT-/XUTR/DEUTH026159A1XG7X,26.86,0.0,0.0,1699.0,26.940000000000005,1.9069999999999998,0.128,0.0,0.0,postpaid,0.026,5.063,0.0,0.0,0.0,5.97434,-30.853,"",'133143853258710856303,2026-06-08,11167127832,47a510ac-a9be-4906-b822-429b501bf81c,11167127832,Reverse,100112398526,100112398526,11504,537.14,5.0,1041.0,0.0,1041.0,exchange,0.0,0.0,0.0,0.0,0.0,0.0,0.0,0.0,NA,0,658.0
NFT-/XUTR/DEUTH026159A1XG7X,64.38,0.0,0.0,2999.0,842.846,208.857,4.014,0.0,0.0,postpaid,0.803,0.0,0.0,28.053,0.0,33.10254,596.069,"",'133105641574339266603,2026-06-08,11155342698,89315075-5f96-42c9-8d5f-953ce86db6b9,"",Forward,100100613405,100100613405,11504,1287.62,5.0,1476.0,0.0,1476.0,packet_delivered,0.0,0.0,0.0,0.0,0.0,0.0,0.0,0.0,NA,0,1523.0
NFT-/XUTR/DEUTH026159A1XG7X,19.05,0.0,0.0,1399.0,400.0,18.88,1.905,0.0,0.0,postpaid,0.381,0.0,0.0,0.0,0.0,0.0,378.834,"",'133123216166097705703,2026-06-08,11160300592,9f5980e9-ed11-4d81-9511-4fc5fd024057,"",Forward,100105571293,100105571293,11504,380.95,5.0,905.0,0.0,905.0,packet_delivered,0.0,0.0,0.0,0.0,0.0,0.0,0.0,0.0,NA,0,494.0
NFT-/XUTR/DEUTH026159A1XG7X,33.1,0.0,0.0,2599.0,695.0,32.804,3.31,0.0,0.0,postpaid,0.662,0.0,0.0,27.0,5.838,38.74884,619.475,"",'133132392015493186603,2026-06-08,11163184539,852ed2c9-ef20-4dc1-bfe1-77d34b348231,"",Forward,100108455235,100108455235,11504,661.9,5.0,1810.0,0.0,1810.0,packet_delivered,0.0,0.0,0.0,0.0,0.0,0.0,0.0,0.0,NA,0,789.0
NFT-/XUTR/DEUTH026159A1XG7X,35.29,0.0,0.0,2799.0,102.0,4.814,0.486,0.0,0.0,postpaid,0.097,0.0,0.0,3.717,0.0,4.38606,92.217,"",'133109079693463005501,2026-06-08,11156194029,53f46973-688a-4e81-a6b1-3236c2404de4,"",Forward,100101464734,100101464734,11504,705.71,5.0,1964.0,102.0,2066.0,packet_delivered,0.0,0.0,0.0,0.0,0.0,0.0,0.0,0.0,NA,0,835.0
NFT-/XUTR/DEUTH026159A1XG7X,34.29,0.0,0.0,2199.0,720.0,33.984,3.429,0.0,0.0,postpaid,0.686,0.0,0.0,27.0,0.0,31.86,650.041,"",'133126155671737212903,2026-06-08,11161024115,cca16e9f-50e6-4527-8103-ae1a4c733ddc,"",Forward,100106294814,100106294814,11504,685.71,5.0,1385.0,0.0,1385.0,packet_delivered,0.0,0.0,0.0,0.0,0.0,0.0,0.0,0.0,NA,0,814.0
NFT-/XUTR/DEUTH026159A1XG7X,59.71,0.0,0.0,2999.0,1251.99,310.243,5.962,0.0,0.0,postpaid,1.192,0.0,0.0,44.928,0.0,53.01504,881.578,"",'133123300370055910601,2026-06-08,11160322551,80a1130d-d9d6-4c1e-8e97-183bb51d78bd,"",Forward,100105593252,100105593252,11504,1194.29,5.0,1574.0,67.0,1641.0,packet_delivered,0.0,0.0,0.0,0.0,0.0,0.0,0.0,0.0,NA,0,1425.0
NFT-/XUTR/DEUTH026159A1XG7X,48.48,0.0,0.0,1699.0,1018.0,240.248,4.848,0.0,0.0,postpaid,0.97,0.0,0.0,45.0,0.0,53.1,718.834,"",'133116778766456751401,2026-06-08,11157845254,9986eb65-f3b9-4384-83ed-da7904de4c63,"",Forward,100103115957,100103115957,11504,969.52,5.0,510.0,0.0,510.0,packet_delivered,0.0,0.0,0.0,0.0,0.0,0.0,0.0,0.0,NA,0,1189.0
NFT-/XUTR/DEUTH026159A1XG7X,32.43,0.0,0.0,1650.0,681.0,176.788,3.243,0.0,0.0,postpaid,0.649,0.0,0.0,27.0,0.0,31.86,468.46,"",'133129891341317195603,2026-06-08,11161784231,ab0ba165-d531-4921-b57d-6c5d649f84ec,"",Forward,100107054930,100107054930,11504,648.57,5.0,875.0,0.0,875.0,packet_delivered,0.0,0.0,0.0,0.0,0.0,0.0,0.0,0.0,NA,0,775.0
NFT-/XUTR/DEUTH026159A1XG7X,35.14,0.0,0.0,1799.0,546.72,141.929,2.603,0.0,0.0,postpaid,0.521,94.083,0.0,0.0,0.0,111.01794,-512.685,"",'133133315534130746303,2026-06-08,11163392173,acda477b-3a97-47ab-91a8-f9176e3fc742,100168320247,Reverse,100108662869,100108662869,11504,702.86,5.0,967.0,0.0,967.0,return_refund,0.0,0.0,0.0,0.0,0.0,0.0,0.0,0.0,NA,0,832.0
NFT-/XUTR/DEUTH026159A1XG7X,35.05,0.0,0.0,1750.0,734.45,190.663,3.497,0.0,0.0,postpaid,0.699,0.0,0.0,26.943,0.0,31.79274,507.798,"",'133117143194906522003,2026-06-08,11157940226,03a4ea46-01be-45df-8d14-75fe78f7658b,"",Forward,100103210928,1000030450611,11504,700.95,5.0,920.0,0.0,920.0,packet_delivered,0.0,0.0,0.0,0.0,0.0,0.0,0.0,0.0,NA,0,830.0
NFT-/XUTR/DEUTH026159A1XG7X,59.71,0.0,0.0,2999.0,1033.18,256.022,4.92,0.0,0.0,postpaid,0.984,0.0,0.0,37.076,0.0,43.74968,727.504,"",'133116358840784719801,2026-06-08,11157742868,8bfe0c67-842b-4411-8cea-fa5a0ad12850,"",Forward,100103013571,100103013571,11504,1194.29,5.0,1574.0,0.0,1574.0,packet_delivered,0.0,0.0,0.0,0.0,0.0,0.0,0.0,0.0,NA,0,1425.0
NFT-/XUTR/DEUTH026159A1XG7X,0.0,9.52,9.52,1499.0,387.04,18.268,0.0,0.9215,0.9215,postpaid,0.369,0.0,0.0,0.0,0.0,0.0,366.56,"",'133140170368479445803,2026-06-08,11166211409,f8139930-8427-4edc-92c8-c9400ca25c1d,"",Forward,100111482104,100111482104,11504,380.96,5.0,1005.0,0.0,1005.0,packet_delivered,0.0,0.0,0.0,0.0,0.0,0.0,0.0,0.0,NA,0,493.99999999999994
NFT-/XUTR/DEUTH026159A1XG7X,23.43,0.0,0.0,1799.0,492.0,23.222,2.343,0.0,0.0,postpaid,0.469,0.0,0.0,19.0,0.0,22.42,443.546,"",'133108885567133410303,2026-06-08,11156135179,80b9afda-bb97-449f-8805-27e9cdc520b6,"",Forward,100101405884,100101405884,11504,468.57,5.0,1213.0,0.0,1213.0,packet_delivered,0.0,0.0,0.0,0.0,0.0,0.0,0.0,0.0,NA,0,586.0
NFT-/XUTR/DEUTH026159A1XG7X,18.81,0.0,0.0,1799.0,395.0,18.644,1.881,0.0,0.0,postpaid,0.376,0.0,0.0,0.0,0.0,0.0,374.099,"",'133126903178680883703,2026-06-08,11161221963,35ca6ca5-72ad-49b6-8f9d-46f2f1faaf1d,"",Forward,100106492662,100106492662,11504,376.19,5.0,1310.0,0.0,1310.0,packet_delivered,0.0,0.0,0.0,0.0,0.0,0.0,0.0,0.0,NA,0,489.0
NFT-/XUTR/DEUTH026159A1XG7X,56.14,0.0,0.0,1899.0,1179.0,278.244,5.614,0.0,0.0,postpaid,1.123,182.0,0.0,0.0,0.0,214.76,-1108.779,"",'133098848942775997701,2026-06-08,11154230126,c30cf6be-132e-4dd7-a7e2-50a763765059,11154230126,Reverse,100099500834,100099500834,11504,1122.86,5.0,549.0,0.0,549.0,exchange,0.0,0.0,0.0,0.0,0.0,0.0,0.0,0.0,NA,0,1350.0
NFT-/XUTR/DEUTH026159A1XG7X,33.95,0.0,0.0,1699.0,713.0,185.095,3.395,0.0,0.0,postpaid,0.679,0.0,0.0,27.0,0.0,31.86,491.971,"",'133096199208888850001,2026-06-08,11153656558,d3adfb1e-31ea-44aa-a86d-2f4e61ea8d74,"",Forward,100098927267,1000029324931,11504,679.05,5.0,892.0,0.0,892.0,packet_delivered,0.0,0.0,0.0,0.0,0.0,0.0,0.0,0.0,NA,0,807.0
NFT-/XUTR/DEUTH026159A1XG7X,426.05,0.0,0.0,2999.0,2793.0,659.148,11.835,0.0,0.0,postpaid,2.367,0.0,0.0,61.0,0.0,71.98,2047.67,"",'133125419205818063203,2026-06-08,11160829869,8033a9d9-a10e-4813-a3bd-10e50adf5e4f,"",Forward,100106100569,100106100569,11504,2366.95,18.0,0.0,0.0,0.0,packet_delivered,0.0,0.0,0.0,0.0,0.0,0.0,0.0,0.0,NA,0,2999.0
NFT-/XUTR/DEUTH026159A1XG7X,63.29,0.0,0.0,2999.0,53.0,13.134,0.252,0.0,0.0,postpaid,0.05,0.0,0.0,1.795,0.0,2.1181,37.446,"",'133092142087863031301,2026-06-08,11153253659,46ecced1-ea23-4e1b-84ab-ebd1e4ef44e7,"",Forward,100098524368,100098524368,11504,1265.71,5.0,1499.0,53.0,1552.0,packet_delivered,0.0,0.0,0.0,0.0,0.0,0.0,0.0,0.0,NA,0,1500.0
NFT-/XUTR/DEUTH026159A1XG7X,18.38,0.0,0.0,1650.0,386.0,18.219,1.838,0.0,0.0,postpaid,0.368,0.0,0.0,0.0,0.0,0.0,365.575,"",'133089791243635387003,2026-06-08,11152376651,f59a22dc-452b-40d3-8c40-ec0ff3e75cca,"",Forward,100097647361,100097647361,11504,367.62,5.0,1205.0,0.0,1205.0,packet_delivered,0.0,0.0,0.0,0.0,0.0,0.0,0.0,0.0,NA,0,445.0
NFT-/XUTR/DEUTH026159A1XG7X,36.57,0.0,0.0,1699.0,768.0,199.373,3.657,0.0,0.0,postpaid,0.731,0.0,0.0,27.0,0.0,31.86,532.379,"",'133131808307065178001,2026-06-08,11163043293,b69d7cc7-21b8-4af4-a074-818dde27cbbf,"",Forward,100108313989,100108313989,11504,731.43,5.0,837.0,0.0,837.0,packet_delivered,0.0,0.0,0.0,0.0,0.0,0.0,0.0,0.0,NA,0,862.0
NFT-/XUTR/DEUTH026159A1XG7X,35.05,0.0,0.0,2599.0,99.78,4.71,0.475,0.0,0.0,postpaid,0.095,24.674,0.0,0.0,0.0,29.11532,-123.615,"",'133112884677861418403,2026-06-08,11156624244,b7137edc-46a7-47e2-8c5f-e3feecd3979a,100165441178,Reverse,100101894947,100101894947,11504,700.95,5.0,1769.0,0.0,1769.0,return_refund,0.0,0.0,0.0,0.0,0.0,0.0,0.0,0.0,NA,0,830.0
NFT-/XUTR/DEUTH026159A1XG7X,53.43,0.0,0.0,2899.0,1122.0,278.032,5.343,0.0,0.0,postpaid,1.069,0.0,0.0,45.0,0.0,53.1,784.456,"",'133091759059982839601,2026-06-08,11153074749,18e896e7-9ebc-457c-a115-6ec6c4c39745,"",Forward,100098345458,100098345458,11504,1068.57,5.0,1606.0,0.0,1606.0,packet_delivered,0.0,0.0,0.0,0.0,0.0,0.0,0.0,0.0,NA,0,1293.0
NFT-/XUTR/DEUTH026159A1XG7X,34.19,0.0,0.0,2899.0,33.0,1.558,0.157,0.0,0.0,postpaid,0.031,0.0,0.0,1.241,0.0,1.46438,29.79,"",'133105546870985136001,2026-06-08,11155318538,00d275c8-5418-4afc-a689-e994fef917bd,"",Forward,100100589245,1000030227890,11504,683.81,5.0,2087.0,33.0,2120.0,packet_delivered,0.0,0.0,0.0,0.0,0.0,0.0,0.0,0.0,NA,0,812.0
NFT-/XUTR/DEUTH026159A1XG7X,63.19,0.0,0.0,2999.0,1327.0,328.831,6.319,0.0,0.0,postpaid,1.264,0.0,0.0,45.0,0.0,53.1,937.486,"",'133126767568612397603,2026-06-08,11161191452,4ec70b3b-d682-44a0-8048-1a906e261b62,"",Forward,100106462151,100106462151,11504,1263.81,5.0,1501.0,300.0,1801.0,packet_delivered,0.0,0.0,0.0,0.0,0.0,0.0,0.0,0.0,NA,0,1498.0
NFT-/XUTR/DEUTH026159A1XG7X,85.14,0.0,0.0,2999.0,331.9,82.245,1.58,0.0,0.0,postpaid,0.316,19.676,0.0,0.0,0.0,23.21768,-270.977,"",'133148443727588829901,2026-06-08,11167717648,93caa285-975d-4285-b7f2-af83f140261a,11167717648,Reverse,100112988342,100112988342,11504,1702.86,5.0,1005.0,0.0,1005.0,exchange,0.0,0.0,0.0,0.0,0.0,0.0,0.0,0.0,NA,0,1994.0
NFT-/XUTR/DEUTH026159A1XG7X,69.95,0.0,0.0,3399.0,1469.0,364.018,6.995,0.0,0.0,postpaid,1.399,106.0,0.0,0.0,0.0,125.08,-1221.668,"",'133123890519180609401,2026-06-08,11160473845,9383feef-00e8-4efe-8b9c-52f648f59c50,11160473845,Reverse,100105744546,100105744546,11504,1399.05,5.0,1759.0,0.0,1759.0,exchange,0.0,0.0,0.0,0.0,0.0,0.0,0.0,0.0,NA,0,1640.0
NFT-/XUTR/DEUTH026159A1XG7X,103.48,0.0,0.0,3399.0,2173.0,512.828,10.348,0.0,0.0,postpaid,2.07,182.0,0.0,0.0,0.0,214.76,-1862.514,"",'133081253727058857003,2026-06-08,11150382786,fc42edbd-e9c3-46cc-984d-684b71eaea5e,100164564101,Reverse,100095653504,100095653504,11504,2069.52,5.0,1020.0,0.0,1020.0,return_refund,0.0,0.0,0.0,0.0,0.0,0.0,0.0,0.0,NA,0,2379.0
NFT-/XUTR/DEUTH026159A1XG7X,63.24,0.0,0.0,2999.0,1328.0,329.078,6.324,0.0,0.0,postpaid,1.265,106.0,0.0,0.0,0.0,125.08,-1116.413,"",'133131752466539815603,2026-06-08,11163029925,0942db5e-2f8a-47f6-8da3-b92a23c97ad4,100164284381,Reverse,100108300621,100108300621,11504,1264.76,5.0,1500.0,0.0,1500.0,return_refund,0.0,0.0,0.0,0.0,0.0,0.0,0.0,0.0,NA,0,1499.0
NFT-/XUTR/DEUTH026159A1XG7X,24.57,0.0,0.0,1650.0,516.0,133.954,2.457,0.0,0.0,postpaid,0.491,0.0,0.0,27.0,0.0,31.86,347.238,"",'133089991609287870201,2026-06-08,11152439642,5b84a45f-669f-4b8a-b013-b7791e3b7ee7,"",Forward,100097710352,1000028887461,11504,491.43,5.0,1040.0,0.0,1040.0,packet_delivered,0.0,0.0,0.0,0.0,0.0,0.0,0.0,0.0,NA,0,610.0
NFT-/XUTR/DEUTH026159A1XG7X,35.05,0.0,0.0,1750.0,43.0,11.163,0.205,0.0,0.0,postpaid,0.041,10.633,0.0,0.0,0.0,12.54694,-44.138,"",'133108017007499252103,2026-06-08,11155904382,9f10216f-0e2a-49e9-85e9-e1bde9250569,100164270290,Reverse,100101175088,1000029943831,11504,700.95,5.0,920.0,43.0,963.0,return_refund,0.0,0.0,0.0,0.0,0.0,0.0,0.0,0.0,NA,0,830.0
NFT-/XUTR/DEUTH026159A1XG7X,58.43,0.0,0.0,2899.0,1140.391,282.589,5.43,0.0,0.0,postpaid,1.086,169.153,0.0,0.0,0.0,199.60054,-1050.887,"",'133099502539338781003,2026-06-08,11154367148,e145089e-033f-4c2f-a07d-deedc933d408,100165081537,Reverse,100099637856,100099637856,11504,1168.57,5.0,1501.0,0.0,1501.0,return_refund,0.0,0.0,0.0,0.0,0.0,0.0,0.0,0.0,NA,0,1398.0
NFT-/XUTR/DEUTH026159A1XG7X,26.86,0.0,0.0,1699.0,26.94,1.9069999999999998,0.128,0.0,0.0,postpaid,0.026,0.0,0.0,1.29,0.237,1.80186,23.077,"",'133143853258710856303,2026-06-08,11167127832,47a510ac-a9be-4906-b822-429b501bf81c,"",Forward,100112398526,100112398526,11504,537.14,5.0,1041.0,0.0,1041.0,packet_delivered,0.0,0.0,0.0,0.0,0.0,0.0,0.0,0.0,NA,0,658.0
NFT-/XUTR/DEUTH026159A1XG7X,18.95,0.0,0.0,1699.0,398.0,18.786,1.895,0.0,0.0,postpaid,0.379,182.0,0.0,0.0,0.0,214.76,-591.7,"",'133129893629448752301,2026-06-08,11161786375,dda731c2-2db9-4912-9d96-e6acdf0e07dd,100165122454,Reverse,100107057074,100107057074,11504,379.05,5.0,1207.0,0.0,1207.0,return_refund,0.0,0.0,0.0,0.0,0.0,0.0,0.0,0.0,NA,0,492.0
NFT-/XUTR/DEUTH026159A1XG7X,18.81,0.0,0.0,1799.0,395.0,18.644,1.881,0.0,0.0,postpaid,0.376,127.0,0.0,0.0,0.0,149.86,-523.959,"",'133126903178680883703,2026-06-08,11161221963,35ca6ca5-72ad-49b6-8f9d-46f2f1faaf1d,100164584824,Reverse,100106492662,100106492662,11504,376.19,5.0,1310.0,0.0,1310.0,return_refund,0.0,0.0,0.0,0.0,0.0,0.0,0.0,0.0,NA,0,489.0
NFT-/XUTR/DEUTH026159A1XG7X,50.43,0.0,0.0,1850.0,995.83,235.016,4.742,0.0,0.0,postpaid,0.948,0.0,0.0,42.316,0.0,49.93288,705.191,"",'133109107128274468703,2026-06-08,11156202128,9358f8fa-0057-4a83-ad8f-da0013021a77,"",Forward,100101472833,100101472833,11504,1008.57,5.0,620.0,0.0,620.0,packet_delivered,0.0,0.0,0.0,0.0,0.0,0.0,0.0,0.0,NA,0,1230.0
NFT-/XUTR/DEUTH026159A1XG7X,0.0,32.64,32.64,3499.0,1165.43,288.793,0.0,2.775,2.775,postpaid,1.11,0.0,0.0,38.253,0.0,45.13854,824.838,"",'133122187093046441901,2026-06-08,11160022602,4208870e-21d1-4821-b3e5-58437556d96e,"",Forward,100105293303,100105293303,11504,1305.72,5.0,1957.0,0.0,1957.0,packet_delivered,0.0,0.0,0.0,0.0,0.0,0.0,0.0,0.0,NA,0,1542.0000000000002
NFT-/XUTR/DEUTH026159A1XG7X,56.14,0.0,0.0,1899.0,1179.0,278.244,5.614,0.0,0.0,postpaid,1.123,0.0,0.0,45.0,0.0,53.1,840.919,"",'133098848942775997701,2026-06-08,11154230126,c30cf6be-132e-4dd7-a7e2-50a763765059,"",Forward,100099500834,100099500834,11504,1122.86,5.0,549.0,0.0,549.0,packet_delivered,0.0,0.0,0.0,0.0,0.0,0.0,0.0,0.0,NA,0,1350.0
NFT-/XUTR/DEUTH026159A1XG7X,43.1,0.0,0.0,2499.0,323.59000000000003,84.004,1.541,0.0,0.0,postpaid,0.308,65.076,0.0,0.0,0.0,76.78968,-314.527,"",'133090617296746573903,2026-06-08,11152633416,a997dedd-0805-4aaf-b34d-a5441595e27d,100168953364,Reverse,100097904126,100097904126,11504,861.9,5.0,1500.0,0.0,1500.0,return_refund,0.0,0.0,0.0,0.0,0.0,0.0,0.0,0.0,NA,0,999.0
NFT-/XUTR/DEUTH026159A1XG7X,83.76,0.0,0.0,3999.0,1759.0,435.88,8.376,0.0,0.0,postpaid,1.675,106.0,0.0,0.0,0.0,125.08,-1438.149,"",'133135354080368614201,2026-06-08,11163866640,54bcd20e-e92e-4d12-9828-de1406e24ccd,100166728682,Reverse,100109137335,1000032019546,11504,1675.24,5.0,2034.0,0.0,2034.0,return_refund,0.0,0.0,0.0,0.0,0.0,0.0,0.0,0.0,NA,0,1965.0
NFT-/XUTR/DEUTH026159A1XG7X,34.71,0.0,0.0,2999.0,729.0,34.40899999999999,3.471,0.0,0.0,postpaid,0.694,0.0,0.0,27.0,0.0,31.86,658.566,"",'133113764196938972501,2026-06-08,11156825950,2faace94-7db7-42b4-99c5-9833d4ddfe78,"",Forward,100102096653,100102096653,11504,694.29,5.0,2176.0,0.0,2176.0,packet_delivered,0.0,0.0,0.0,0.0,0.0,0.0,0.0,0.0,NA,0,823.0
NFT-/XUTR/DEUTH026159A1XG7X,103.48,0.0,0.0,3399.0,1571.187,370.8,7.482,0.0,0.0,postpaid,1.496,0.0,0.0,44.106,0.0,52.04508,1139.364,"",'133123753514114174501,2026-06-08,11160440222,9f20f3fb-bbc5-4890-beba-8eadecde2ae6,"",Forward,100105710923,100105710923,11504,2069.52,5.0,1020.0,0.0,1020.0,packet_delivered,0.0,0.0,0.0,0.0,0.0,0.0,0.0,0.0,NA,0,2379.0
NFT-/XUTR/DEUTH026159A1XG7X,57.38,0.0,0.0,2899.0,1205.0,298.599,5.738,0.0,0.0,postpaid,1.148,0.0,0.0,45.0,0.0,53.1,846.415,"",'133124134950858087503,2026-06-08,11160532468,a666f786-0018-4525-8d7a-a0f8e34c0abf,"",Forward,100105803169,100105803169,11504,1147.62,5.0,1523.0,0.0,1523.0,packet_delivered,0.0,0.0,0.0,0.0,0.0,0.0,0.0,0.0,NA,0,1376.0
NFT-/XUTR/DEUTH026159A1XG7X,34.33,0.0,0.0,2999.0,708.61,33.446,3.374,0.0,0.0,postpaid,0.675,0.0,0.0,26.536,0.0,31.31248,639.803,"",'133113883948279286303,2026-06-08,11156907070,6be6bcb0-2eb8-4aff-925e-5b816a30d825,"",Forward,100102177773,100102177773,11504,686.67,5.0,2184.0,0.0,2184.0,packet_delivered,0.0,0.0,0.0,0.0,0.0,0.0,0.0,0.0,NA,0,815.0
NFT-/XUTR/DEUTH026159A1XG7X,31.19,0.0,0.0,2299.0,101.0,4.767,0.481,0.0,0.0,postpaid,0.096,0.0,0.0,4.163,1.323,6.47348,89.183,"",'133121438737240534003,2026-06-08,11159716807,0ba621a9-7658-4c27-9f0b-ace5df52dc9f,"",Forward,100104987508,1000030856548,11504,623.81,5.0,1550.0,101.0,1651.0,packet_delivered,0.0,0.0,0.0,0.0,0.0,0.0,0.0,0.0,NA,0,749.0
NFT-/XUTR/DEUTH026159A1XG7X,70.0,0.0,0.0,3399.0,1470.0,329.574,7.0,0.0,0.0,postpaid,1.4,0.0,0.0,45.0,0.0,53.1,1078.926,"",'133108416990013424701,2026-06-08,11156004218,7d8757a0-7bc6-461a-af49-ad0c9eca8a00,"",Forward,100101274923,100101274923,11504,1400,5.0,1758.0,0.0,1758.0,packet_delivered,0.0,0.0,0.0,0.0,0.0,0.0,0.0,0.0,NA,0,1641.0
NFT-/XUTR/DEUTH026159A1XG7X,35.29,0.0,0.0,2799.0,741.0,34.97500000000001,3.529,0.0,0.0,postpaid,0.706,0.0,0.0,27.0,0.0,31.86,669.93,"",'133092099556770806403,2026-06-08,11153240716,aae57b1b-1b24-4cee-b245-582236bb3462,"",Forward,100098511425,100098511425,11504,705.71,5.0,1964.0,92.0,2056.0,packet_delivered,0.0,0.0,0.0,0.0,0.0,0.0,0.0,0.0,NA,0,835.0
NFT-/XUTR/DEUTH026159A1XG7X,35.05,0.0,0.0,2599.0,99.78,4.71,0.475,0.0,0.0,postpaid,0.095,0.0,0.0,3.66,0.808,5.27224,89.228,"",'133112884677861418403,2026-06-08,11156624244,b7137edc-46a7-47e2-8c5f-e3feecd3979a,"",Forward,100101894947,100101894947,11504,700.95,5.0,1769.0,0.0,1769.0,packet_delivered,0.0,0.0,0.0,0.0,0.0,0.0,0.0,0.0,NA,0,830.0
NFT-/XUTR/DEUTH026159A1XG7X,77.52,0.0,0.0,1799.0,1628.0,384.208,7.752,0.0,0.0,postpaid,1.55,0.0,0.0,45.0,0.0,53.1,1181.39,"",'133105826469378121603,2026-06-08,11155390072,2d087842-1b6b-489b-a044-1235c6dc479b,"",Forward,100100660778,1000029814889,11504,1550.48,5.0,0.0,0.0,0.0,packet_delivered,0.0,0.0,0.0,0.0,0.0,0.0,0.0,0.0,NA,0,1799.0
NFT-/XUTR/DEUTH026159A1XG7X,48.76,0.0,0.0,1799.0,1024.0,241.664,4.876,0.0,0.0,postpaid,0.975,0.0,0.0,45.0,0.0,53.1,723.385,"",'133118453106006312003,2026-06-08,11158288439,90b978c3-c619-49f4-91b4-9267fc7f9626,"",Forward,100103559141,100103559141,11504,975.24,5.0,604.0,0.0,604.0,packet_delivered,0.0,0.0,0.0,0.0,0.0,0.0,0.0,0.0,NA,0,1195.0
NFT-/XUTR/DEUTH026159A1XG7X,34.19,0.0,0.0,2899.0,33.0,1.558,0.157,0.0,0.0,postpaid,0.031,0.0,0.0,1.241,0.0,1.46438,29.79,"",'133105546870985136001,2026-06-08,11155318531,00d275c8-5418-4afc-a689-e994fef917bd,"",Forward,100100589238,1000030227890,11504,683.81,5.0,2087.0,33.0,2120.0,packet_delivered,0.0,0.0,0.0,0.0,0.0,0.0,0.0,0.0,NA,0,812.0
NFT-/XUTR/DEUTH026159A1XG7X,22.48,0.0,0.0,1499.0,472.0,22.278,2.248,0.0,0.0,postpaid,0.45,0.0,0.0,27.0,0.0,31.86,415.164,"",'133141813857889600901,2026-06-08,11166622324,1a0e8205-a045-41cb-b296-fe867f179bd7,"",Forward,100111893019,100111893019,11504,449.52,5.0,933.0,0.0,933.0,packet_delivered,0.0,0.0,0.0,0.0,0.0,0.0,0.0,0.0,NA,0,566.0
NFT-/XUTR/DEUTH026159A1XG7X,31.05,0.0,0.0,2299.0,644.37,30.413999999999994,3.068,0.0,0.0,postpaid,0.614,0.0,0.0,26.684,5.348,37.79776,572.476,"",'133096855930637798003,2026-06-08,11153806631,7bc02861-68a5-4ed8-b2c3-ea378f5b5007,"",Forward,100099077340,100099077340,11504,620.95,5.0,1553.0,0.0,1553.0,packet_delivered,0.0,0.0,0.0,0.0,0.0,0.0,0.0,0.0,NA,0,746.0
NFT-/XUTR/DEUTH026159A1XG7X,20.29,0.0,0.0,1750.0,426.0,20.107,2.029,0.0,0.0,postpaid,0.406,182.0,0.0,0.0,0.0,214.76,-618.218,"",'133101420796792053701,2026-06-08,11154798580,8faca992-db23-481e-87f3-0fef392c31b5,11154798580,Reverse,100100069287,100100069287,11504,405.71,5.0,1230.0,0.0,1230.0,exchange,0.0,0.0,0.0,0.0,0.0,0.0,0.0,0.0,NA,0,520.0
NFT-/XUTR/DEUTH026159A1XG7X,32.05,0.0,0.0,2499.0,31.0,1.463,0.148,0.0,0.0,postpaid,0.03,0.0,0.0,1.244,0.0,1.46792,27.891,"",'133105546870985136001,2026-06-08,11155318533,00d275c8-5418-4afc-a689-e994fef917bd,"",Forward,100100589240,1000030227890,11504,640.95,5.0,1732.0,31.0,1763.0,packet_delivered,0.0,0.0,0.0,0.0,0.0,0.0,0.0,0.0,NA,0,767.0
NFT-/XUTR/DEUTH026159A1XG7X,18.48,0.0,0.0,1599.0,388.0,18.314,1.848,0.0,0.0,postpaid,0.37,0.0,0.0,0.0,0.0,0.0,367.468,"",'133089991609287870201,2026-06-08,11152439640,5b84a45f-669f-4b8a-b013-b7791e3b7ee7,"",Forward,100097710350,1000028887461,11504,369.52,5.0,1152.0,0.0,1152.0,packet_delivered,0.0,0.0,0.0,0.0,0.0,0.0,0.0,0.0,NA,0,447.0
NFT-/XUTR/DEUTH026159A1XG7X,59.71,0.0,0.0,2999.0,1254.0,310.741,5.971,0.0,0.0,postpaid,1.194,0.0,0.0,45.0,0.0,53.1,882.994,"",'133114827611058770603,2026-06-08,11157381461,adaba056-75b5-4f7c-ac06-bdca75f26c80,"",Forward,100102652164,100102652164,11504,1194.29,5.0,1574.0,0.0,1574.0,packet_delivered,0.0,0.0,0.0,0.0,0.0,0.0,0.0,0.0,NA,0,1425.0
NFT-/XUTR/DEUTH026159A1XG7X,56.95,0.0,0.0,3399.0,1196.0,296.369,5.695,0.0,0.0,postpaid,1.139,106.0,0.0,0.0,0.0,125.08,-1017.877,"",'133137466274467813801,2026-06-08,11165733557,efe00dc2-27b3-4063-8d7a-892f5c7904cd,100164386041,Reverse,100111004252,100111004252,11504,1139.05,5.0,2032.0,0.0,2032.0,return_refund,0.0,0.0,0.0,0.0,0.0,0.0,0.0,0.0,NA,0,1367.0
NFT-/XUTR/DEUTH026159A1XG7X,32.91,0.0,0.0,1999.0,26.0,1.2269999999999999,0.124,0.0,0.0,postpaid,0.025,0.0,0.0,1.016,0.0,1.19888,23.425,"",'133126449964527944903,2026-06-08,11161108153,c24a7a77-ea79-4b31-a7b9-ce6cd9de5806,"",Forward,100106378852,100106378852,11504,658.1,5.0,1214.0,26.0,1240.0,packet_delivered,0.0,0.0,0.0,0.0,0.0,0.0,0.0,0.0,NA,0,785.01
NFT-/XUTR/DEUTH026159A1XG7X,31.05,0.0,0.0,2299.0,644.3699999999999,30.413999999999994,3.068,0.0,0.0,postpaid,0.614,179.87,0.0,0.0,0.0,212.2466,-822.521,"",'133096855930637798003,2026-06-08,11153806631,7bc02861-68a5-4ed8-b2c3-ea378f5b5007,11153806631,Reverse,100099077340,100099077340,11504,620.95,5.0,1553.0,0.0,1553.0,exchange,0.0,0.0,0.0,0.0,0.0,0.0,0.0,0.0,NA,0,746.0
NFT-/XUTR/DEUTH026159A1XG7X,19.05,0.0,0.0,1699.0,400.0,18.88,1.905,0.0,0.0,postpaid,0.381,182.0,0.0,0.0,0.0,214.76,-593.594,"",'133117167865371611303,2026-06-08,11157946887,a3e6c150-6eed-4086-bc31-80355f861239,11157946887,Reverse,100103217589,1000030450642,11504,380.95,5.0,1205.0,0.0,1205.0,exchange,0.0,0.0,0.0,0.0,0.0,0.0,0.0,0.0,NA,0,494.0
NFT-/XUTR/DEUTH026159A1XG7X,0.0,16.55,16.55,2999.0,695.0,32.804,0.0,1.655,1.655,postpaid,0.662,106.0,0.0,0.0,0.0,125.08,-783.304,"",'133133256432637478701,2026-06-08,11163379353,0d13ea7c-ab9c-4bf4-901a-fabac22164b5,100166453607,Reverse,100108650049,1000032001268,11504,661.9,5.0,2210.0,0.0,2210.0,return_refund,0.0,0.0,0.0,0.0,0.0,0.0,0.0,0.0,NA,0,788.9999999999999
NFT-/XUTR/DEUTH026159A1XG7X,25.29,0.0,0.0,1699.0,531.0,37.595,2.529,0.0,0.0,postpaid,0.506,0.0,0.0,27.0,4.673,37.37414,452.996,"",'133115856553551443601,2026-06-08,11157626051,273d202b-e973-4ed9-8402-7faadd30a6c9,"",Forward,100102896754,1000030851121,11504,505.71,5.0,1074.0,0.0,1074.0,packet_delivered,0.0,0.0,0.0,0.0,0.0,0.0,0.0,0.0,NA,0,625.0
NFT-/XUTR/DEUTH026159A1XG7X,63.19,0.0,0.0,2999.0,1327.0,328.831,6.319,0.0,0.0,postpaid,1.264,0.0,0.0,45.0,0.0,53.1,937.486,"",'133139001844837744603,2026-06-08,11165914499,c17ebb54-2cb7-4ac2-8647-276a5428e9a6,"",Forward,100111185194,100111185194,11504,1263.81,5.0,1501.0,0.0,1501.0,packet_delivered,0.0,0.0,0.0,0.0,0.0,0.0,0.0,0.0,NA,0,1498.0
NFT-/XUTR/DEUTH026159A1XG7X,19.67,0.0,0.0,1750.0,413.0,19.494,1.967,0.0,0.0,postpaid,0.393,182.0,0.0,0.0,0.0,214.76,-605.906,"",'133129895573277891303,2026-06-08,11161788499,938c2243-222b-4842-921f-3d40a68d82e9,100165036575,Reverse,100107059198,100107059198,11504,393.33,5.0,1243.0,0.0,1243.0,return_refund,0.0,0.0,0.0,0.0,0.0,0.0,0.0,0.0,NA,0,507.0
NFT-/XUTR/DEUTH026159A1XG7X,59.71,0.0,0.0,2999.0,1254.0,310.741,5.971,0.0,0.0,postpaid,1.194,0.0,0.0,45.0,0.0,53.1,882.994,"",'133123144140952177903,2026-06-08,11160281327,fed68597-b22d-4c1f-9a94-8e59cf5ba795,"",Forward,100105552028,100105552028,11504,1194.29,5.0,1574.0,0.0,1574.0,packet_delivered,0.0,0.0,0.0,0.0,0.0,0.0,0.0,0.0,NA,0,1425.0
NFT-/XUTR/DEUTH026159A1XG7X,18.29,0.0,0.0,1750.0,384.0,18.125,1.829,0.0,0.0,postpaid,0.366,0.0,0.0,0.0,6.682,7.88476,355.795,"",'133108681931957603403,2026-06-08,11156075262,adb93875-5b34-4ec9-a944-b0cd87ea963f,"",Forward,100101345967,100101345967,11504,365.71,5.0,1307.0,0.0,1307.0,packet_delivered,0.0,0.0,0.0,0.0,0.0,0.0,0.0,0.0,NA,0,443.0
NFT-/XUTR/DEUTH026159A1XG7X,72.29,0.0,0.0,3499.0,1482.99,367.485,7.062,0.0,0.0,postpaid,1.412,0.0,0.0,43.962,0.0,51.87516,1055.156,"",'133104236607240762703,2026-06-08,11155004160,c19ffd73-ffe3-4b92-96ca-7e12da7c8fe4,"",Forward,100100274867,1000029795702,11504,1445.71,5.0,1810.0,0.0,1810.0,packet_delivered,0.0,0.0,0.0,0.0,0.0,0.0,0.0,0.0,NA,0,1689.0
NFT-/XUTR/DEUTH026159A1XG7X,35.67,0.0,0.0,2999.0,709.669,33.496,3.379,0.0,0.0,postpaid,0.676,0.0,0.0,25.582,5.961,37.22074,634.897,"",'133097674832180734003,2026-06-08,11153985596,4fb8277a-24b6-4380-8489-4e0e12e13466,"",Forward,100099256305,100099256305,11504,713.33,5.0,2156.0,0.0,2156.0,packet_delivered,0.0,0.0,0.0,0.0,0.0,0.0,0.0,0.0,NA,0,843.0
NFT-/XUTR/DEUTH026159A1XG7X,0.0,32.64,32.64,3499.0,1345.31,333.368,0.0,3.203,3.203,postpaid,1.281,0.0,0.0,44.157,0.0,52.10526,952.15,"",'133139452229855651601,2026-06-08,11166019019,5ba9ca55-9e7b-43ab-9bcd-76387413ae80,"",Forward,100111289714,100111289714,11504,1305.72,5.0,1957.0,0.0,1957.0,packet_delivered,0.0,0.0,0.0,0.0,0.0,0.0,0.0,0.0,NA,0,1542.0000000000002
NFT-/XUTR/DEUTH026159A1XG7X,34.52,0.0,0.0,2999.0,639.909,30.204,3.047,0.0,0.0,postpaid,0.609,0.0,0.0,23.831,2.688,31.29242,574.757,"",'133139807780679102803,2026-06-08,11166112518,4c29d966-e7d9-49f3-9137-dd063681a6ce,"",Forward,100111383213,100111383213,11504,690.48,5.0,2180.0,0.0,2180.0,packet_delivered,0.0,0.0,0.0,0.0,0.0,0.0,0.0,0.0,NA,0,819.0
NFT-/XUTR/DEUTH026159A1XG7X,63.29,0.0,0.0,2999.0,1300.05,322.152,6.191,0.0,0.0,postpaid,1.238,103.691,0.0,0.0,0.0,122.35538,-1092.824,"",'133094555408642381303,2026-06-08,11153421939,3cc1e910-4dd5-41b4-8304-4ffcba6d6751,100167634792,Reverse,100098692648,100098692648,11504,1265.71,5.0,1499.0,0.0,1499.0,return_refund,0.0,0.0,0.0,0.0,0.0,0.0,0.0,0.0,NA,0,1500.0
NFT-/XUTR/DEUTH026159A1XG7X,82.24,0.0,0.0,1999.0,1727.0,407.572,8.224,0.0,0.0,postpaid,1.645,0.0,0.0,45.0,0.0,53.1,1256.459,"",'133117422206308151203,2026-06-08,11158018881,f2bfa908-3410-4a0f-a33f-30d42af52a3d,"",Forward,100103289583,1000030843948,11504,1644.76,5.0,101.0,0.0,101.0,packet_delivered,0.0,0.0,0.0,0.0,0.0,0.0,0.0,0.0,NA,0,1898.0
NFT-/XUTR/DEUTH026159A1XG7X,30.67,0.0,0.0,1699.0,644.0,167.182,3.067,0.0,0.0,postpaid,0.613,0.0,0.0,27.0,0.0,31.86,441.278,"",'133096949759227023503,2026-06-08,11153827646,0038f112-0cd1-4adb-9782-c211ef767f54,"",Forward,100099098355,100099098355,11504,613.33,5.0,961.0,0.0,961.0,packet_delivered,0.0,0.0,0.0,0.0,0.0,0.0,0.0,0.0,NA,0,738.0
NFT-/XUTR/DEUTH026159A1XG7X,114.95,0.0,0.0,2620.0,2414.0,569.704,11.495,0.0,0.0,postpaid,2.299,182.0,0.0,0.0,0.0,214.76,-2045.262,"",'133100259553898711903,2026-06-08,11154552762,2ad13832-381e-4729-9112-f145027f9376,100165218416,Reverse,100099823470,100099823470,11504,2299.05,5.0,0.0,0.0,0.0,return_refund,0.0,0.0,0.0,0.0,0.0,0.0,0.0,0.0,NA,0,2620.0
NFT-/XUTR/DEUTH026159A1XG7X,78.76,0.0,0.0,1999.0,1654.0,390.344,7.876,0.0,0.0,postpaid,1.575,0.0,0.0,45.0,0.0,53.1,1201.105,"",'133122188763258148001,2026-06-08,11160023056,cf7015b9-8dad-40b8-9c21-b4736775e8b8,"",Forward,100105293757,100105293757,11504,1575.24,5.0,174.0,0.0,174.0,packet_delivered,0.0,0.0,0.0,0.0,0.0,0.0,0.0,0.0,NA,0,1825.0
NFT-/XUTR/DEUTH026159A1XG7X,31.19,0.0,0.0,2299.0,101.0,4.767,0.481,0.0,0.0,postpaid,0.096,28.064,0.0,0.0,0.0,33.11552,-128.772,"",'133121438737240534003,2026-06-08,11159716807,0ba621a9-7658-4c27-9f0b-ace5df52dc9f,100164821530,Reverse,100104987508,1000030856548,11504,623.81,5.0,1550.0,101.0,1651.0,return_refund,0.0,0.0,0.0,0.0,0.0,0.0,0.0,0.0,NA,0,749.0
NFT-/XUTR/DEUTH026159A1XG7X,35.29,0.0,0.0,1999.0,741.0,34.97500000000001,3.529,0.0,0.0,postpaid,0.706,0.0,0.0,27.0,0.0,31.86,669.93,"",'133136254655387722501,2026-06-08,11164568421,0296be37-30ca-463e-83af-6ea0cf1d785d,"",Forward,100109839116,100109839116,11504,705.71,5.0,1164.0,0.0,1164.0,packet_delivered,0.0,0.0,0.0,0.0,0.0,0.0,0.0,0.0,NA,0,835.0
NFT-/XUTR/DEUTH026159A1XG7X,42.62,0.0,0.0,2999.0,714.368,185.45,3.402,0.0,0.0,postpaid,0.68,0.0,0.0,21.551,0.0,25.43018,499.406,"",'133091778347600834501,2026-06-08,11153083841,00535e19-4af3-41b5-93ba-84aec2929b93,"",Forward,100098354550,100098354550,11504,852.38,5.0,2010.0,0.0,2010.0,packet_delivered,0.0,0.0,0.0,0.0,0.0,0.0,0.0,0.0,NA,0,989.0
NFT-/XUTR/DEUTH026159A1XG7X,35.29,0.0,0.0,2799.0,102.00000000000001,4.814,0.486,0.0,0.0,postpaid,0.097,25.053,0.0,0.0,0.0,29.56254,-126.166,"",'133109079693463005501,2026-06-08,11156194029,53f46973-688a-4e81-a6b1-3236c2404de4,100165980266,Reverse,100101464734,100101464734,11504,705.71,5.0,1964.0,102.0,2066.0,return_refund,0.0,0.0,0.0,0.0,0.0,0.0,0.0,0.0,NA,0,835.0
NFT-/XUTR/DEUTH026159A1XG7X,83.76,0.0,0.0,3999.0,1759.0,435.88,8.376,0.0,0.0,postpaid,1.675,127.0,0.0,0.0,0.0,149.86,-1462.929,"",'133127052310470068801,2026-06-08,11161248173,4e4c8a9a-a88c-446a-99a3-f402b250c7c1,100164319635,Reverse,100106518872,100106518872,11504,1675.24,5.0,2034.0,179.0,2213.0,return_refund,0.0,0.0,0.0,0.0,0.0,0.0,0.0,0.0,NA,0,1965.0
NFT-/XUTR/DEUTH026159A1XG7X,19.05,0.0,0.0,1599.0,400.0,18.88,1.905,0.0,0.0,postpaid,0.381,127.0,0.0,0.0,0.0,149.86,-528.694,"",'133118145235027417503,2026-06-08,11158228991,43f86205-e063-4dc6-b1ed-8488403e30ed,100164050401,Reverse,100103499693,1000030846130,11504,380.95,5.0,1105.0,0.0,1105.0,return_refund,0.0,0.0,0.0,0.0,0.0,0.0,0.0,0.0,NA,0,494.0
NFT-/XUTR/DEUTH026159A1XG7X,50.38,0.0,0.0,3499.0,200.0,49.56,0.952,0.0,0.0,postpaid,0.19,0.0,0.0,8.507,0.0,10.03826,139.26,"",'133064223622035205901,2026-06-08,11146763717,4f243a90-3dc2-40c7-a484-2c4e27dd5ad5,"",Forward,100092034446,100092034446,11504,1007.62,5.0,2270.0,200.0,2470.0,packet_delivered,0.0,0.0,0.0,0.0,0.0,0.0,0.0,0.0,NA,0,1229.0
NFT-/XUTR/DEUTH026159A1XG7X,34.67,0.0,0.0,1799.0,728.0,188.989,3.467,0.0,0.0,postpaid,0.693,0.0,0.0,27.0,0.0,31.86,502.991,"",'133096105179754809003,2026-06-08,11153636214,1ea65718-27d9-4429-b122-c614ec04d22b,"",Forward,100098906923,100098906923,11504,693.33,5.0,977.0,0.0,977.0,packet_delivered,0.0,0.0,0.0,0.0,0.0,0.0,0.0,0.0,NA,0,822.0
NFT-/XUTR/DEUTH026159A1XG7X,34.52,0.0,0.0,2899.0,725.0,34.22,3.452,0.0,0.0,postpaid,0.69,0.0,0.0,27.0,6.307,39.30226,647.336,"",'133141515631893593301,2026-06-08,11166549546,1c445dde-4583-4765-b190-9f5cec12bc1e,"",Forward,100111820241,100111820241,11504,690.48,5.0,2080.0,0.0,2080.0,packet_delivered,0.0,0.0,0.0,0.0,0.0,0.0,0.0,0.0,NA,0,819.0
NFT-/XUTR/DEUTH026159A1XG7X,35.67,0.0,0.0,2999.0,749.0,35.353,3.567,0.0,0.0,postpaid,0.713,0.0,0.0,27.0,6.292,39.28456,670.082,"",'133134748248356245501,2026-06-08,11163716111,56775b1e-6fed-415f-a2af-1f96e9e04cdf,"",Forward,100108986806,1000032007343,11504,713.33,5.0,2156.0,0.0,2156.0,packet_delivered,0.0,0.0,0.0,0.0,0.0,0.0,0.0,0.0,NA,0,843.0
NFT-/XUTR/DEUTH026159A1XG7X,39.05,0.0,0.0,1899.0,47.0,12.201,0.224,0.0,0.0,postpaid,0.045,10.432,0.0,0.0,0.0,12.30976,-46.84,"",'133108017007499252103,2026-06-08,11155904384,9f10216f-0e2a-49e9-85e9-e1bde9250569,100164270047,Reverse,100101175090,1000029943831,11504,780.95,5.0,985.0,47.0,1032.0,return_refund,0.0,0.0,0.0,0.0,0.0,0.0,0.0,0.0,NA,0,914.0
NFT-/XUTR/DEUTH026159A1XG7X,59.71,0.0,0.0,2999.0,393.027,97.392,1.872,0.0,0.0,postpaid,0.374,0.0,0.0,14.104,0.0,16.64272,276.746,"",'133111289000807931001,2026-06-08,11156460064,e31805dd-ae20-4126-b74a-5fc235ee564b,"",Forward,100101730769,100101730769,11504,1194.29,5.0,1574.0,0.0,1574.0,packet_delivered,0.0,0.0,0.0,0.0,0.0,0.0,0.0,0.0,NA,0,1425.0
NFT-/XUTR/DEUTH026159A1XG7X,53.67,0.0,0.0,3399.0,1127.0,279.271,5.367,0.0,0.0,postpaid,1.073,0.0,0.0,45.0,0.0,53.1,788.189,"",'133122371347219323303,2026-06-08,11160084232,b230e2d2-f8dc-4748-9e37-8320dc494dd7,"",Forward,100105354933,100105354933,11504,1073.33,5.0,2101.0,0.0,2101.0,packet_delivered,0.0,0.0,0.0,0.0,0.0,0.0,0.0,0.0,NA,0,1298.0
NFT-/XUTR/DEUTH026159A1XG7X,53.67,0.0,0.0,3399.0,1127.0,279.271,5.367,0.0,0.0,postpaid,1.073,182.0,0.0,0.0,0.0,214.76,-1056.049,"",'133100790590693808901,2026-06-08,11154691044,b0bc871d-c0af-4446-8477-6e500cc4693f,100164379504,Reverse,100099961751,100099961751,11504,1073.33,5.0,2101.0,0.0,2101.0,return_refund,0.0,0.0,0.0,0.0,0.0,0.0,0.0,0.0,NA,0,1298.0
NFT-/XUTR/DEUTH026159A1XG7X,53.57,0.0,0.0,1950.0,1125.0,265.5,5.357,0.0,0.0,postpaid,1.071,0.0,0.0,45.0,0.0,53.1,799.972,"",'133079760026976160103,2026-06-08,11149953844,a7d8c5a6-c3aa-4959-b953-ff6ce1b007d8,"",Forward,100095224562,100095224562,11504,1071.43,5.0,654.0,0.0,654.0,packet_delivered,0.0,0.0,0.0,0.0,0.0,0.0,0.0,0.0,NA,0,1296.0
NFT-/XUTR/DEUTH026159A1XG7X,18.29,0.0,0.0,1750.0,384.0,18.125,1.829,0.0,0.0,postpaid,0.366,182.0,0.0,0.0,0.0,214.76,-578.44,"",'133108681931957603403,2026-06-08,11156075262,adb93875-5b34-4ec9-a944-b0cd87ea963f,100163948595,Reverse,100101345967,100101345967,11504,365.71,5.0,1307.0,0.0,1307.0,return_refund,0.0,0.0,0.0,0.0,0.0,0.0,0.0,0.0,NA,0,443.0
NFT-/XUTR/DEUTH026159A1XG7X,79.1,0.0,0.0,1999.0,1661.0,391.996,7.91,0.0,0.0,postpaid,1.582,0.0,0.0,45.0,0.0,53.1,1206.412,"",'133117422206308151203,2026-06-08,11158018856,f2bfa908-3410-4a0f-a33f-30d42af52a3d,"",Forward,100103289558,1000030843948,11504,1581.9,5.0,167.0,0.0,167.0,packet_delivered,0.0,0.0,0.0,0.0,0.0,0.0,0.0,0.0,NA,0,1832.0
NFT-/XUTR/DEUTH026159A1XG7X,38.33,0.0,0.0,1799.0,805.0,208.978,3.833,0.0,0.0,postpaid,0.767,0.0,0.0,27.0,0.0,31.86,559.562,"",'133091792417044387301,2026-06-08,11153090881,f9443fb6-d0ea-45f1-9070-8ac5321bf373,"",Forward,100098361590,100098361590,11504,766.67,5.0,900.0,0.0,900.0,packet_delivered,0.0,0.0,0.0,0.0,0.0,0.0,0.0,0.0,NA,0,899.0
NFT-/XUTR/DEUTH026159A1XG7X,44.71,0.0,0.0,1799.0,125.699,32.631,0.599,0.0,0.0,postpaid,0.12,0.0,0.0,3.614,0.0,4.26452,88.084,"",'133122306250019206403,2026-06-08,11160066371,980792e7-d15d-48be-a90e-6338c3230dee,"",Forward,100105337072,100105337072,11504,894.29,5.0,689.0,0.0,689.0,packet_delivered,0.0,0.0,0.0,0.0,0.0,0.0,0.0,0.0,NA,0,1110.0
NFT-/XUTR/DEUTH026159A1XG7X,19.67,0.0,0.0,1750.0,413.0,19.494,1.967,0.0,0.0,postpaid,0.393,0.0,0.0,15.0,0.0,17.7,373.446,"",'133129895573277891303,2026-06-08,11161788499,938c2243-222b-4842-921f-3d40a68d82e9,"",Forward,100107059198,100107059198,11504,393.33,5.0,1243.0,0.0,1243.0,packet_delivered,0.0,0.0,0.0,0.0,0.0,0.0,0.0,0.0,NA,0,507.0
NFT-/XUTR/DEUTH026159A1XG7X,32.33,0.0,0.0,2199.0,679.0,32.049,3.233,0.0,0.0,postpaid,0.647,0.0,0.0,27.0,0.0,31.86,611.211,"",'133097629077903507801,2026-06-08,11153974771,e5354fb1-bbb9-449b-a473-a5b4c83bf6bb,"",Forward,100099245480,1000029795417,11504,646.67,5.0,1426.0,0.0,1426.0,packet_delivered,0.0,0.0,0.0,0.0,0.0,0.0,0.0,0.0,NA,0,773.0
NFT-/XUTR/DEUTH026159A1XG7X,22.48,0.0,0.0,1499.0,472.00000000000006,22.278,2.248,0.0,0.0,postpaid,0.45,106.0,0.0,0.0,0.0,125.08,-572.104,"",'133141813857889600901,2026-06-08,11166622324,1a0e8205-a045-41cb-b296-fe867f179bd7,100166958109,Reverse,100111893019,100111893019,11504,449.52,5.0,933.0,0.0,933.0,return_refund,0.0,0.0,0.0,0.0,0.0,0.0,0.0,0.0,NA,0,566.0
NFT-/XUTR/DEUTH026159A1XG7X,19.05,0.0,0.0,1699.0,400.0,18.88,1.905,0.0,0.0,postpaid,0.381,0.0,0.0,0.0,0.0,0.0,378.834,"",'133122406207380826101,2026-06-08,11160093819,3ebaeffe-a1b8-49cf-92e3-def2880d933f,"",Forward,100105364520,100105364520,11504,380.95,5.0,1205.0,0.0,1205.0,packet_delivered,0.0,0.0,0.0,0.0,0.0,0.0,0.0,0.0,NA,0,494.0
NFT-/XUTR/DEUTH026159A1XG7X,20.05,0.0,0.0,1599.0,421.0,19.871,2.005,0.0,0.0,postpaid,0.401,182.0,0.0,0.0,0.0,214.76,-613.483,"",'133100408892009236701,2026-06-08,11154593227,31b3fb3b-7139-4d2b-b9b1-6d7cf8c72e5f,100164043843,Reverse,100099863934,100099863934,11504,400.95,5.0,1084.0,0.0,1084.0,return_refund,0.0,0.0,0.0,0.0,0.0,0.0,0.0,0.0,NA,0,515.0
NFT-/XUTR/DEUTH026159A1XG7X,38.91,0.0,0.0,2999.0,817.0,38.562,3.89,0.0,0.0,postpaid,0.778,0.0,0.0,38.0,0.0,44.84,728.93,"",'133101371622018875903,2026-06-08,11154794012,0ebf2e9c-31e4-4b07-b742-da1383130eee,"",Forward,100100064719,100100064719,11504,778.1,5.0,2088.0,0.0,2088.0,packet_delivered,0.0,0.0,0.0,0.0,0.0,0.0,0.0,0.0,NA,0,911.01
NFT-/XUTR/DEUTH026159A1XG7X,70.0,0.0,0.0,3399.0,1470.0,329.574,7,0.0,0.0,postpaid,1.4,127.0,0.0,0.0,0.0,149.86,-1281.886,"",'133108416990013424701,2026-06-08,11156004218,7d8757a0-7bc6-461a-af49-ad0c9eca8a00,100163964134,Reverse,100101274923,100101274923,11504,1400,5.0,1758.0,0.0,1758.0,return_refund,0.0,0.0,0.0,0.0,0.0,0.0,0.0,0.0,NA,0,1641.0
NFT-/XUTR/DEUTH026159A1XG7X,100.95,0.0,0.0,3499.0,2071.1,488.78,9.862,0.0,0.0,postpaid,1.972,0.0,0.0,59.593,0.0,70.31974,1500.166,"",'133104236607240762703,2026-06-08,11155004161,c19ffd73-ffe3-4b92-96ca-7e12da7c8fe4,"",Forward,100100274868,1000029795702,11504,2019.05,5.0,1173.0,0.0,1173.0,packet_delivered,0.0,0.0,0.0,0.0,0.0,0.0,0.0,0.0,NA,0,2326.0
NFT-/XUTR/DEUTH026159A1XG7X,0.0,39.38,39.38,1999.0,1654.0,390.344,0.0,3.938,3.938,postpaid,1.575,106.0,0.0,0.0,0.0,125.08,-1379.285,"",'133147511686435746703,2026-06-08,11167486366,66439c91-2147-4c37-b022-c5fb07a6ba8d,11167486366,Reverse,100112757060,100112757060,11504,1575.24,5.0,174.0,0.0,174.0,exchange,0.0,0.0,0.0,0.0,0.0,0.0,0.0,0.0,NA,0,1825.0000000000002
NFT-/XUTR/DEUTH026159A1XG7X,38.33,0.0,0.0,1799.0,805.0,208.978,3.833,0.0,0.0,postpaid,0.767,182.0,0.0,0.0,0.0,214.76,-806.182,"",'133091792417044387301,2026-06-08,11153090881,f9443fb6-d0ea-45f1-9070-8ac5321bf373,11153090881,Reverse,100098361590,100098361590,11504,766.67,5.0,900.0,0.0,900.0,exchange,0.0,0.0,0.0,0.0,0.0,0.0,0.0,0.0,NA,0,899.0
NFT-/XUTR/DEUTH026159A1XG7X,63.19,0.0,0.0,2999.0,1327.0,328.831,6.319,0.0,0.0,postpaid,1.264,0.0,0.0,45.0,0.0,53.1,937.486,"",'133098341441129061401,2026-06-08,11154125150,4d3aca64-23dc-4e84-9c62-743958d16d43,"",Forward,100099395859,100099395859,11504,1263.81,5.0,1501.0,0.0,1501.0,packet_delivered,0.0,0.0,0.0,0.0,0.0,0.0,0.0,0.0,NA,0,1498.0
NFT-/XUTR/DEUTH026159A1XG7X,108.71,0.0,0.0,2999.0,300.0,70.8,1.429,0.0,0.0,postpaid,0.286,0.0,0.0,8.016,0.0,9.45888,218.026,"",'133114513012869863501,2026-06-08,11157147246,d792abc1-b680-4823-8da8-356f5567786b,"",Forward,100102417949,100102417949,11504,2174.29,5.0,510.0,300.0,810.0,packet_delivered,0.0,0.0,0.0,0.0,0.0,0.0,0.0,0.0,NA,0,2489.0
NFT-/XUTR/DEUTH026159A1XG7X,38.91,0.0,0.0,2999.0,817.0,38.562,3.89,0.0,0.0,postpaid,0.778,182.0,0.0,0.0,0.0,214.76,-988.53,"",'133101371622018875903,2026-06-08,11154794012,0ebf2e9c-31e4-4b07-b742-da1383130eee,11154794012,Reverse,100100064719,100100064719,11504,778.1,5.0,2088.0,0.0,2088.0,exchange,0.0,0.0,0.0,0.0,0.0,0.0,0.0,0.0,NA,0,911.01
NFT-/XUTR/DEUTH026159A1XG7X,97.81,0.0,0.0,3399.0,2054.0,484.744,9.781,0.0,0.0,postpaid,1.956,0.0,0.0,61.0,0.0,71.98,1485.539,"",'133091081675451332403,2026-06-08,11152794114,44042bcf-29e6-4666-8791-302cce6c6001,"",Forward,100098064824,100098064824,11504,1956.19,5.0,1139.0,0.0,1139.0,packet_delivered,0.0,0.0,0.0,0.0,0.0,0.0,0.0,0.0,NA,0,2260.0
NFT-/XUTR/DEUTH026159A1XG7X,426.05,0.0,0.0,2999.0,2793.0,659.148,11.835,0.0,0.0,postpaid,2.367,106.0,0.0,0.0,0.0,125.08,-2244.73,"",'133125419205818063203,2026-06-08,11160829869,8033a9d9-a10e-4813-a3bd-10e50adf5e4f,100164482825,Reverse,100106100569,100106100569,11504,2366.95,18.0,0.0,0.0,0.0,return_refund,0.0,0.0,0.0,0.0,0.0,0.0,0.0,0.0,NA,0,2999.0
NFT-/XUTR/DEUTH026159A1XG7X,0.0,12.38,12.38,2099.0,286.97,13.544999999999998,0.0,0.6835,0.6835,postpaid,0.273,0.0,0.0,3.863,0.0,4.55834,267.227,"",'133124367827931310403,2026-06-08,11160586864,d6158356-719e-4c6d-b574-9860a80182af,"",Forward,100105857565,100105857565,11504,495.24,5.0,1485.0,0.0,1485.0,packet_delivered,0.0,0.0,0.0,0.0,0.0,0.0,0.0,0.0,NA,0,614.0
NFT-/XUTR/DEUTH026159A1XG7X,426.05,0.0,0.0,2999.0,2793.0,659.148,11.835,0.0,0.0,postpaid,2.367,0.0,0.0,61.0,0.0,71.98,2047.67,"",'133115572375058632403,2026-06-08,11157558116,561f09e1-853e-4c05-bc23-0800947c3c70,"",Forward,100102828819,100102828819,11504,2366.95,18.0,0.0,0.0,0.0,packet_delivered,0.0,0.0,0.0,0.0,0.0,0.0,0.0,0.0,NA,0,2999.0
NFT-/XUTR/DEUTH026159A1XG7X,109.19,0.0,0.0,2499.0,2293.0,514.091,10.919,0.0,0.0,postpaid,2.184,0.0,0.0,61.0,0.0,71.98,1693.826,"",'133088723244923472701,2026-06-08,11152034003,c09cdf24-33c0-4d2f-a459-bc2db77e8845,"",Forward,100097304715,100097304715,11504,2183.81,5.0,0.0,0.0,0.0,packet_delivered,0.0,0.0,0.0,0.0,0.0,0.0,0.0,0.0,NA,0,2499.0
NFT-/XUTR/DEUTH026159A1XG7X,19.05,0.0,0.0,1499.0,400.0,18.88,1.905,0.0,0.0,postpaid,0.381,0.0,0.0,0.0,0.0,0.0,378.834,"",'133130067171953588003,2026-06-08,11162013720,365e4b89-2a86-4aaa-82a7-0bd577e5c988,"",Forward,100107284418,100107284418,11504,380.95,5.0,1005.0,0.0,1005.0,packet_delivered,0.0,0.0,0.0,0.0,0.0,0.0,0.0,0.0,NA,0,494.0
NFT-/XUTR/DEUTH026159A1XG7X,90.14,0.0,0.0,2999.0,1893.0,469.085,9.014,0.0,0.0,postpaid,1.803,0.0,0.0,45.0,0.0,53.1,1359.998,"",'133125271066167176503,2026-06-08,11160793704,a9bdf931-a7a7-4881-906a-13b46482ca79,"",Forward,100106064405,100106064405,11504,1802.86,5.0,900.0,200.0,1100.0,packet_delivered,0.0,0.0,0.0,0.0,0.0,0.0,0.0,0.0,NA,0,2099.0
NFT-/XUTR/DEUTH026159A1XG7X,32.57,0.0,0.0,2999.0,684.0,32.285,3.257,0.0,0.0,postpaid,0.651,0.0,0.0,27.0,0.0,31.86,615.947,"",'133114467413296311203,2026-06-08,11157132544,09582e95-2360-40f7-b8ff-87212c3be4f5,"",Forward,100102403247,100102403247,11504,651.43,5.0,2221.0,0.0,2221.0,packet_delivered,0.0,0.0,0.0,0.0,0.0,0.0,0.0,0.0,NA,0,778.0
NFT-/XUTR/DEUTH026159A1XG7X,53.52,0.0,0.0,1950.0,1120.52,264.443,5.336,0.0,0.0,postpaid,1.067,181.437,0.0,0.0,0.0,214.09566,-1063.77,"",'133108564764677713901,2026-06-08,11156043510,94436563-52e5-4251-a292-701f98ee6c84,11156043510,Reverse,100101314215,100101314215,11504,1070.48,5.0,655.0,0.0,655.0,exchange,0.0,0.0,0.0,0.0,0.0,0.0,0.0,0.0,NA,0,1295.0
NFT-/XUTR/DEUTH026159A1XG7X,100.95,0.0,0.0,3499.0,2120.0,500.31999999999994,10.095,0.0,0.0,postpaid,2.019,0.0,0.0,61.0,0.0,71.98,1535.586,"",'133138387128558950901,2026-06-08,11165807691,313bc958-398c-4dfa-a6ee-1c4f85654f1a,"",Forward,100111078386,100111078386,11504,2019.05,5.0,1173.0,0.0,1173.0,packet_delivered,0.0,0.0,0.0,0.0,0.0,0.0,0.0,0.0,NA,0,2326.0
NFT-/XUTR/DEUTH026159A1XG7X,403.17,0.0,0.0,2999.0,2643.0,623.748,11.199,0.0,0.0,postpaid,2.24,0.0,0.0,61.0,0.0,71.98,1933.833,"",'133132102418089557201,2026-06-08,11163114114,4d29da38-ae01-4d1f-9733-c201bda5d56f,"",Forward,100108384810,100108384810,11504,2239.83,18.0,150.0,0.0,150.0,packet_delivered,0.0,0.0,0.0,0.0,0.0,0.0,0.0,0.0,NA,0,2849.0
NFT-/XUTR/DEUTH026159A1XG7X,23.43,0.0,0.0,1799.0,492.0,23.222,2.343,0.0,0.0,postpaid,0.469,182.0,0.0,0.0,0.0,214.76,-680.726,"",'133108885567133410303,2026-06-08,11156135179,80b9afda-bb97-449f-8805-27e9cdc520b6,100164334004,Reverse,100101405884,100101405884,11504,468.57,5.0,1213.0,0.0,1213.0,return_refund,0.0,0.0,0.0,0.0,0.0,0.0,0.0,0.0,NA,0,586.0
NFT-/XUTR/DEUTH026159A1XG7X,23.71,0.0,0.0,1650.0,183.26,8.65,0.873,0.0,0.0,postpaid,0.175,0.0,0.0,9.936,0.0,11.72448,161.838,"",'133103753285789424501,2026-06-08,11154924869,a5e64d54-084a-450a-8a70-b0a987dba5c2,"",Forward,100100195576,100100195576,11504,474.29,5.0,1058.0,0.0,1058.0,packet_delivered,0.0,0.0,0.0,0.0,0.0,0.0,0.0,0.0,NA,0,592.0
NFT-/XUTR/DEUTH026159A1XG7X,57.1,0.0,0.0,2699.0,1199.0,297.112,5.71,0.0,0.0,postpaid,1.142,0.0,0.0,45.0,0.0,53.1,841.936,"",'133124662699066386303,2026-06-08,11160653454,668fe3eb-45a4-4592-abf0-833e449c0918,"",Forward,100105924155,100105924155,11504,1141.9,5.0,1329.0,0.0,1329.0,packet_delivered,0.0,0.0,0.0,0.0,0.0,0.0,0.0,0.0,NA,0,1370.0
NFT-/XUTR/DEUTH026159A1XG7X,53.67,0.0,0.0,3399.0,1127.0,279.271,5.367,0.0,0.0,postpaid,1.073,0.0,0.0,45.0,0.0,53.1,788.189,"",'133134748248356245501,2026-06-08,11163716112,56775b1e-6fed-415f-a2af-1f96e9e04cdf,"",Forward,100108986807,1000032007343,11504,1073.33,5.0,2101.0,0.0,2101.0,packet_delivered,0.0,0.0,0.0,0.0,0.0,0.0,0.0,0.0,NA,0,1298.0
NFT-/XUTR/DEUTH026159A1XG7X,115.19,0.0,0.0,2625.0,2419.0,570.884,11.519,0.0,0.0,postpaid,2.304,0.0,0.0,61.0,0.0,71.98,1762.313,"",'133097659781323837703,2026-06-08,11153982224,0205f7b0-a64d-4300-937e-2fae0c8bd061,"",Forward,100099252933,100099252933,11504,2303.81,5.0,0.0,0.0,0.0,packet_delivered,0.0,0.0,0.0,0.0,0.0,0.0,0.0,0.0,NA,0,2625.0
NFT-/XUTR/DEUTH026159A1XG7X,33.67,0.0,0.0,2599.0,707.0,33.37,3.367,0.0,0.0,postpaid,0.673,0.0,0.0,27.0,0.0,31.86,637.73,"",'133118204008250169901,2026-06-08,11158242338,e3da1a00-367e-4ee2-aa42-9a0001902932,"",Forward,100103513040,1000030855054,11504,673.33,5.0,1798.0,0.0,1798.0,packet_delivered,0.0,0.0,0.0,0.0,0.0,0.0,0.0,0.0,NA,0,801.0
NFT-/XUTR/DEUTH026159A1XG7X,32.91,0.0,0.0,1999.0,26.0,1.2269999999999999,0.124,0.0,0.0,postpaid,0.025,4.779,0.0,0.0,0.0,5.63922,-30.263,"",'133126449964527944903,2026-06-08,11161108153,c24a7a77-ea79-4b31-a7b9-ce6cd9de5806,100166289752,Reverse,100106378852,100106378852,11504,658.1,5.0,1214.0,26.0,1240.0,return_refund,0.0,0.0,0.0,0.0,0.0,0.0,0.0,0.0,NA,0,785.01
NFT-/XUTR/DEUTH026159A1XG7X,58.43,0.0,0.0,2899.0,1140.391,282.589,5.43,0.0,0.0,postpaid,1.086,0.0,0.0,41.824,0.0,49.35232,801.934,"",'133099502539338781003,2026-06-08,11154367148,e145089e-033f-4c2f-a07d-deedc933d408,"",Forward,100099637856,100099637856,11504,1168.57,5.0,1501.0,0.0,1501.0,packet_delivered,0.0,0.0,0.0,0.0,0.0,0.0,0.0,0.0,NA,0,1398.0
NFT-/XUTR/DEUTH026159A1XG7X,59.67,0.0,0.0,2999.0,107.43,26.621,0.512,0.0,0.0,postpaid,0.102,0.0,0.0,3.858,0.0,4.55244,75.643,"",'133100806971371722803,2026-06-08,11154695420,346c6ae9-fb7e-4c1e-8da4-2ed883c81f25,"",Forward,100099966127,100099966127,11504,1193.33,5.0,1575.0,0.0,1575.0,packet_delivered,0.0,0.0,0.0,0.0,0.0,0.0,0.0,0.0,NA,0,1424.0
NFT-/XUTR/DEUTH026159A1XG7X,59.62,0.0,0.0,2999.0,1252.0,310.246,5.962,0.0,0.0,postpaid,1.192,106.0,0.0,0.0,0.0,125.08,-1059.68,"",'133135354080368614201,2026-06-08,11163866641,54bcd20e-e92e-4d12-9828-de1406e24ccd,100166728644,Reverse,100109137336,1000032019546,11504,1192.38,5.0,1576.0,0.0,1576.0,return_refund,0.0,0.0,0.0,0.0,0.0,0.0,0.0,0.0,NA,0,1423.0
NFT-/XUTR/DEUTH026159A1XG7X,28.71,0.0,0.0,1999.0,603.0,28.462,2.871,0.0,0.0,postpaid,0.574,0.0,0.0,27.0,4.764,37.48152,533.611,"",'133097304707958826401,2026-06-08,11153903810,1ff9297e-3e42-4166-8b24-e2c59b0e4a5d,"",Forward,100099174519,1000029790407,11504,574.29,5.0,1302.0,0.0,1302.0,packet_delivered,0.0,0.0,0.0,0.0,0.0,0.0,0.0,0.0,NA,0,697.0
NFT-/XUTR/DEUTH026159A1XG7X,63.24,0.0,0.0,2999.0,1328.0,329.078,6.324,0.0,0.0,postpaid,1.265,0.0,0.0,45.0,0.0,53.1,938.233,"",'133131752466539815603,2026-06-08,11163029925,0942db5e-2f8a-47f6-8da3-b92a23c97ad4,"",Forward,100108300621,100108300621,11504,1264.76,5.0,1500.0,0.0,1500.0,packet_delivered,0.0,0.0,0.0,0.0,0.0,0.0,0.0,0.0,NA,0,1499.0
NFT-/XUTR/DEUTH026159A1XG7X,39.86,0.0,0.0,3450.0,837.0,217.285,3.986,0.0,0.0,postpaid,0.797,182.0,0.0,0.0,0.0,214.76,-829.692,"",'133105467665650549801,2026-06-08,11155297592,2d3bf8cb-6421-4794-b3d7-82710b499269,100164699664,Reverse,100100568299,100100568299,11504,797.14,5.0,2519.0,0.0,2519.0,return_refund,0.0,0.0,0.0,0.0,0.0,0.0,0.0,0.0,NA,0,931.0
NFT-/XUTR/DEUTH026159A1XG7X,0.0,32.64,32.64,3499.0,1165.43,288.793,0.0,2.775,2.775,postpaid,1.11,107.957,0.0,0.0,0.0,127.38926,-997.366,"",'133097045604251801501,2026-06-08,11153847836,245e4820-4b28-467c-a6d3-88e3e4456527,11153847836,Reverse,100099118545,1000029788434,11504,1305.72,5.0,1957.0,0.0,1957.0,exchange,0.0,0.0,0.0,0.0,0.0,0.0,0.0,0.0,NA,0,1542.0000000000002
NFT-/XUTR/DEUTH026159A1XG7X,20.14,0.0,0.0,1499.0,423.0,19.966,2.014,0.0,0.0,postpaid,0.403,0.0,0.0,19.0,0.0,22.42,378.197,"",'133113464036076231203,2026-06-08,11156749855,16f4d0d2-391e-4675-a3c4-ffec0aa069cd,"",Forward,100102020558,1000030231058,11504,402.86,5.0,1017.0,0.0,1017.0,packet_delivered,0.0,0.0,0.0,0.0,0.0,0.0,0.0,0.0,NA,0,482.0
NFT-/XUTR/DEUTH026159A1XG7X,30.62,0.0,0.0,1999.0,643.0,30.35,3.062,0.0,0.0,postpaid,0.612,0.0,0.0,27.0,0.0,31.86,577.116,"",'133114685395550460601,2026-06-08,11157280518,8c4f9e03-9c7a-4864-ac9d-8cb0d89caacd,"",Forward,100102551221,100102551221,11504,612.38,5.0,1262.0,0.0,1262.0,packet_delivered,0.0,0.0,0.0,0.0,0.0,0.0,0.0,0.0,NA,0,737.0
NFT-/XUTR/DEUTH026159A1XG7X,87.0,0.0,0.0,1999.0,1827.0,431.172,8.7,0.0,0.0,postpaid,1.74,182.0,0.0,0.0,0.0,214.76,-1600.148,"",'133091218667454967501,2026-06-08,11152844092,3f02aa66-6886-41ca-9814-f979afe52a30,100164762898,Reverse,100098114802,100098114802,11504,1740,5.0,1.0,0.0,1.0,return_refund,0.0,0.0,0.0,0.0,0.0,0.0,0.0,0.0,NA,0,1998.0
NFT-/XUTR/DEUTH026159A1XG7X,31.71,0.0,0.0,1499.0,514.908,133.67,2.452,0.0,0.0,postpaid,0.49,98.188,0.0,0.0,0.0,115.86184,-494.158,"",'133121580742314771303,2026-06-08,11159744255,47680ab3-9202-4def-ad94-a2f7e2c28d2e,100164507805,Reverse,100105014956,100105014956,11504,634.29,5.0,739.0,0.0,739.0,return_refund,0.0,0.0,0.0,0.0,0.0,0.0,0.0,0.0,NA,0,760.0
NFT-/XUTR/DEUTH026159A1XG7X,20.29,0.0,0.0,1650.0,423.68,19.998,2.018,0.0,0.0,postpaid,0.404,0.0,0.0,14.918,3.601,21.85242,379.408,"",'133140018763404678801,2026-06-08,11166170853,aa72274c-dc91-4619-a8c8-7fd65bb05472,"",Forward,100111441548,100111441548,11504,405.71,5.0,1130.0,0.0,1130.0,packet_delivered,0.0,0.0,0.0,0.0,0.0,0.0,0.0,0.0,NA,0,520.0
NFT-/XUTR/DEUTH026159A1XG7X,100.95,0.0,0.0,3499.0,2120.0,500.31999999999994,10.095,0.0,0.0,postpaid,2.019,182.0,0.0,0.0,0.0,214.76,-1822.326,"",'133092618213298867803,2026-06-08,11153340808,343ca31d-f9d0-490e-ad09-73eabc3c018e,100164079221,Reverse,100098611517,100098611517,11504,2019.05,5.0,1173.0,0.0,1173.0,return_refund,0.0,0.0,0.0,0.0,0.0,0.0,0.0,0.0,NA,0,2326.0
NFT-/XUTR/DEUTH026159A1XG7X,59.71,0.0,0.0,2999.0,872.427,216.187,4.154,0.0,0.0,postpaid,0.831,126.62,0.0,0.0,0.0,149.4116,-800.667,"",'133097410076461798801,2026-06-08,11153926729,606f9082-ab5a-4adc-a20d-3f49b6e6aa8d,100164050526,Reverse,100099197438,100099197438,11504,1194.29,5.0,1574.0,0.0,1574.0,return_refund,0.0,0.0,0.0,0.0,0.0,0.0,0.0,0.0,NA,0,1425.0
NFT-/XUTR/DEUTH026159A1XG7X,79.1,0.0,0.0,1999.0,1661.0,391.996,7.91,0.0,0.0,postpaid,1.582,182.0,0.0,0.0,0.0,214.76,-1474.272,"",'133097629077903507801,2026-06-08,11153974768,e5354fb1-bbb9-449b-a473-a5b4c83bf6bb,100164353535,Reverse,100099245477,1000029795417,11504,1581.9,5.0,167.0,0.0,167.0,return_refund,0.0,0.0,0.0,0.0,0.0,0.0,0.0,0.0,NA,0,1832.0
NFT-/XUTR/DEUTH026159A1XG7X,65.81,0.0,0.0,2299.0,1382.0,326.152,6.581,0.0,0.0,postpaid,1.316,0.0,0.0,45.0,0.0,53.1,994.851,"",'133115856553551443601,2026-06-08,11157626052,273d202b-e973-4ed9-8402-7faadd30a6c9,"",Forward,100102896756,1000030851121,11504,1316.19,5.0,746.0,0.0,746.0,packet_delivered,0.0,0.0,0.0,0.0,0.0,0.0,0.0,0.0,NA,0,1553.0
NFT-/XUTR/DEUTH026159A1XG7X,19.05,0.0,0.0,1599.0,400.0,18.88,1.905,0.0,0.0,postpaid,0.381,0.0,0.0,0.0,0.0,0.0,378.834,"",'133118145235027417503,2026-06-08,11158228991,43f86205-e063-4dc6-b1ed-8488403e30ed,"",Forward,100103499693,1000030846130,11504,380.95,5.0,1105.0,0.0,1105.0,packet_delivered,0.0,0.0,0.0,0.0,0.0,0.0,0.0,0.0,NA,0,494.0
NFT-/XUTR/DEUTH026159A1XG7X,34.52,0.0,0.0,2999.0,639.9090000000001,30.204,3.047,0.0,0.0,postpaid,0.609,112.094,0.0,0.0,0.0,132.27092,-738.32,"",'133139807780679102803,2026-06-08,11166112518,4c29d966-e7d9-49f3-9137-dd063681a6ce,100164700086,Reverse,100111383213,100111383213,11504,690.48,5.0,2180.0,0.0,2180.0,return_refund,0.0,0.0,0.0,0.0,0.0,0.0,0.0,0.0,NA,0,819.0
